filename,y_true,probs
/Users/somesh/Desktop/onehearthealth/ast-heart-quality/data_processed/PhysioNet2022/training_data/46579_AV.wav,1,0.9999999999973305
/Users/somesh/Desktop/onehearthealth/ast-heart-quality/data_processed/PhysioNet2022/training_data/46579_MV.wav,1,0.9999999997729367
/Users/somesh/Desktop/onehearthealth/ast-heart-quality/data_processed/PhysioNet2022/training_data/46579_PV.wav,1,0.9970991593993457
/Users/somesh/Desktop/onehearthealth/ast-heart-quality/data_processed/PhysioNet2022/training_data/46579_TV.wav,1,0.9873112320796664
/Users/somesh/Desktop/onehearthealth/ast-heart-quality/data_processed/PhysioNet2022/training_data/49572_MV.wav,1,0.9999999995235508
/Users/somesh/Desktop/onehearthealth/ast-heart-quality/data_processed/PhysioNet2022/training_data/49572_PV.wav,1,0.9999973946854595
/Users/somesh/Desktop/onehearthealth/ast-heart-quality/data_processed/PhysioNet2022/training_data/49572_TV.wav,1,0.9999999987050908
/Users/somesh/Desktop/onehearthealth/ast-heart-quality/data_processed/PhysioNet2022/training_data/49574_AV.wav,1,0.9999999999965931
/Users/somesh/Desktop/onehearthealth/ast-heart-quality/data_processed/PhysioNet2022/training_data/49574_MV.wav,1,0.9999999998710289
/Users/somesh/Desktop/onehearthealth/ast-heart-quality/data_processed/PhysioNet2022/training_data/49574_PV.wav,1,0.9999998510590677
/Users/somesh/Desktop/onehearthealth/ast-heart-quality/data_processed/PhysioNet2022/training_data/49574_TV.wav,1,0.9999999979954568
/Users/somesh/Desktop/onehearthealth/ast-heart-quality/data_processed/PhysioNet2022/training_data/49585_AV.wav,1,0.9999999997659004
/Users/somesh/Desktop/onehearthealth/ast-heart-quality/data_processed/PhysioNet2022/training_data/49585_MV.wav,1,0.9999950625345416
/Users/somesh/Desktop/onehearthealth/ast-heart-quality/data_processed/PhysioNet2022/training_data/49585_PV.wav,1,0.9999999969171075
/Users/somesh/Desktop/onehearthealth/ast-heart-quality/data_processed/PhysioNet2022/training_data/49585_TV.wav,1,0.9999999998576518
/Users/somesh/Desktop/onehearthealth/ast-heart-quality/data_processed/PhysioNet2022/training_data/49622_AV.wav,1,0.9999995956338792
/Users/somesh/Desktop/onehearthealth/ast-heart-quality/data_processed/PhysioNet2022/training_data/49622_MV.wav,1,0.9999999995916758
/Users/somesh/Desktop/onehearthealth/ast-heart-quality/data_processed/PhysioNet2022/training_data/49638_AV.wav,1,0.9999997826771447
/Users/somesh/Desktop/onehearthealth/ast-heart-quality/data_processed/PhysioNet2022/training_data/49638_MV.wav,1,0.99999999994382
/Users/somesh/Desktop/onehearthealth/ast-heart-quality/data_processed/PhysioNet2022/training_data/49638_PV.wav,1,0.9999999999934573
/Users/somesh/Desktop/onehearthealth/ast-heart-quality/data_processed/PhysioNet2022/training_data/49669_MV.wav,1,0.9999999999989709
/Users/somesh/Desktop/onehearthealth/ast-heart-quality/data_processed/PhysioNet2022/training_data/49669_PV.wav,1,0.9999922737910263
/Users/somesh/Desktop/onehearthealth/ast-heart-quality/data_processed/PhysioNet2022/training_data/49748_AV_1.wav,1,0.999999894099528
/Users/somesh/Desktop/onehearthealth/ast-heart-quality/data_processed/PhysioNet2022/training_data/49748_AV_2.wav,1,0.9999999999078131
/Users/somesh/Desktop/onehearthealth/ast-heart-quality/data_processed/PhysioNet2022/training_data/49748_MV.wav,1,0.9999999994882607
/Users/somesh/Desktop/onehearthealth/ast-heart-quality/data_processed/PhysioNet2022/training_data/49748_PV_1.wav,1,0.9999879139035293
/Users/somesh/Desktop/onehearthealth/ast-heart-quality/data_processed/PhysioNet2022/training_data/49748_PV_2.wav,1,0.9892399543364646
/Users/somesh/Desktop/onehearthealth/ast-heart-quality/data_processed/PhysioNet2022/training_data/49748_TV.wav,1,0.9999999688846443
/Users/somesh/Desktop/onehearthealth/ast-heart-quality/data_processed/PhysioNet2022/training_data/49761_AV.wav,1,0.9999999997723061
/Users/somesh/Desktop/onehearthealth/ast-heart-quality/data_processed/PhysioNet2022/training_data/49761_MV.wav,1,0.999999999997352
/Users/somesh/Desktop/onehearthealth/ast-heart-quality/data_processed/PhysioNet2022/training_data/49808_MV.wav,1,0.999999997283137
/Users/somesh/Desktop/onehearthealth/ast-heart-quality/data_processed/PhysioNet2022/training_data/49808_PV.wav,1,0.9999999723397456
/Users/somesh/Desktop/onehearthealth/ast-heart-quality/data_processed/PhysioNet2022/training_data/49808_TV.wav,1,0.9999999846923583
/Users/somesh/Desktop/onehearthealth/ast-heart-quality/data_processed/PhysioNet2022/training_data/49821_AV.wav,1,0.996670268810739
/Users/somesh/Desktop/onehearthealth/ast-heart-quality/data_processed/PhysioNet2022/training_data/49821_MV.wav,1,0.9999999933159034
/Users/somesh/Desktop/onehearthealth/ast-heart-quality/data_processed/PhysioNet2022/training_data/49821_PV.wav,1,0.9999998539298303
/Users/somesh/Desktop/onehearthealth/ast-heart-quality/data_processed/PhysioNet2022/training_data/49821_TV.wav,1,0.9999999958351993
/Users/somesh/Desktop/onehearthealth/ast-heart-quality/data_processed/PhysioNet2022/training_data/49823_MV.wav,1,0.9999999982900151
/Users/somesh/Desktop/onehearthealth/ast-heart-quality/data_processed/PhysioNet2022/training_data/49823_PV.wav,1,0.9968841696225157
/Users/somesh/Desktop/onehearthealth/ast-heart-quality/data_processed/PhysioNet2022/training_data/49823_TV.wav,1,0.9942586099019535
/Users/somesh/Desktop/onehearthealth/ast-heart-quality/data_processed/PhysioNet2022/training_data/49832_AV.wav,1,0.9999907771694403
/Users/somesh/Desktop/onehearthealth/ast-heart-quality/data_processed/PhysioNet2022/training_data/49832_MV.wav,1,0.9999999999648055
/Users/somesh/Desktop/onehearthealth/ast-heart-quality/data_processed/PhysioNet2022/training_data/49839_AV.wav,1,0.9999999992868892
/Users/somesh/Desktop/onehearthealth/ast-heart-quality/data_processed/PhysioNet2022/training_data/49839_MV.wav,1,0.9999999899747332
/Users/somesh/Desktop/onehearthealth/ast-heart-quality/data_processed/PhysioNet2022/training_data/49839_PV.wav,1,0.9793408403613664
/Users/somesh/Desktop/onehearthealth/ast-heart-quality/data_processed/PhysioNet2022/training_data/49839_TV.wav,1,0.999999999043582
/Users/somesh/Desktop/onehearthealth/ast-heart-quality/data_processed/PhysioNet2022/training_data/49854_AV.wav,1,0.9999998720966212
/Users/somesh/Desktop/onehearthealth/ast-heart-quality/data_processed/PhysioNet2022/training_data/49854_MV.wav,1,0.9999999985365436
/Users/somesh/Desktop/onehearthealth/ast-heart-quality/data_processed/PhysioNet2022/training_data/49854_PV.wav,1,0.9999997430848095
/Users/somesh/Desktop/onehearthealth/ast-heart-quality/data_processed/PhysioNet2022/training_data/49854_TV.wav,1,0.9938761423280309
/Users/somesh/Desktop/onehearthealth/ast-heart-quality/data_processed/PhysioNet2022/training_data/49873_AV.wav,1,0.9999999999998129
/Users/somesh/Desktop/onehearthealth/ast-heart-quality/data_processed/PhysioNet2022/training_data/49873_MV.wav,1,0.9999997234173397
/Users/somesh/Desktop/onehearthealth/ast-heart-quality/data_processed/PhysioNet2022/training_data/49876_AV.wav,1,0.9999999999927801
/Users/somesh/Desktop/onehearthealth/ast-heart-quality/data_processed/PhysioNet2022/training_data/49876_MV.wav,1,0.9999997861307502
/Users/somesh/Desktop/onehearthealth/ast-heart-quality/data_processed/PhysioNet2022/training_data/49876_PV.wav,1,0.9999832900585742
/Users/somesh/Desktop/onehearthealth/ast-heart-quality/data_processed/PhysioNet2022/training_data/49876_TV.wav,1,0.9999997492536611
/Users/somesh/Desktop/onehearthealth/ast-heart-quality/data_processed/PhysioNet2022/training_data/49959_AV.wav,1,0.9999997835569522
/Users/somesh/Desktop/onehearthealth/ast-heart-quality/data_processed/PhysioNet2022/training_data/49959_MV.wav,1,0.9999998924389533
/Users/somesh/Desktop/onehearthealth/ast-heart-quality/data_processed/PhysioNet2022/training_data/49980_AV.wav,1,0.9972330203572446
/Users/somesh/Desktop/onehearthealth/ast-heart-quality/data_processed/PhysioNet2022/training_data/49980_MV.wav,1,0.9999999993773908
/Users/somesh/Desktop/onehearthealth/ast-heart-quality/data_processed/PhysioNet2022/training_data/49980_PV.wav,1,0.9999999998904592
/Users/somesh/Desktop/onehearthealth/ast-heart-quality/data_processed/PhysioNet2022/training_data/49980_TV.wav,1,0.9999999998648486
/Users/somesh/Desktop/onehearthealth/ast-heart-quality/data_processed/PhysioNet2022/training_data/49999_AV.wav,1,0.9999999999824845
/Users/somesh/Desktop/onehearthealth/ast-heart-quality/data_processed/PhysioNet2022/training_data/49999_MV.wav,1,0.9999996736262108
/Users/somesh/Desktop/onehearthealth/ast-heart-quality/data_processed/PhysioNet2022/training_data/49999_PV.wav,1,0.999999623775578
/Users/somesh/Desktop/onehearthealth/ast-heart-quality/data_processed/PhysioNet2022/training_data/49999_TV.wav,1,0.9999945098619635
/Users/somesh/Desktop/onehearthealth/ast-heart-quality/data_processed/PhysioNet2022/training_data/50004_MV.wav,1,0.999992936621184
/Users/somesh/Desktop/onehearthealth/ast-heart-quality/data_processed/PhysioNet2022/training_data/50004_PV.wav,1,0.999999989957879
/Users/somesh/Desktop/onehearthealth/ast-heart-quality/data_processed/PhysioNet2022/training_data/50004_TV.wav,1,0.9999994719217182
/Users/somesh/Desktop/onehearthealth/ast-heart-quality/data_processed/PhysioNet2022/training_data/50005_MV.wav,1,0.9999999999731876
/Users/somesh/Desktop/onehearthealth/ast-heart-quality/data_processed/PhysioNet2022/training_data/50023_AV.wav,1,0.9999999994332571
/Users/somesh/Desktop/onehearthealth/ast-heart-quality/data_processed/PhysioNet2022/training_data/50023_MV.wav,1,0.9999999999999061
/Users/somesh/Desktop/onehearthealth/ast-heart-quality/data_processed/PhysioNet2022/training_data/50023_PV.wav,1,0.9999999986261119
/Users/somesh/Desktop/onehearthealth/ast-heart-quality/data_processed/PhysioNet2022/training_data/50023_TV.wav,1,0.9999999992819403
/Users/somesh/Desktop/onehearthealth/ast-heart-quality/data_processed/PhysioNet2022/training_data/50061_AV.wav,1,0.9999999407592832
/Users/somesh/Desktop/onehearthealth/ast-heart-quality/data_processed/PhysioNet2022/training_data/50061_MV.wav,1,0.9999924685891323
/Users/somesh/Desktop/onehearthealth/ast-heart-quality/data_processed/PhysioNet2022/training_data/50061_PV.wav,1,0.9999999999939214
/Users/somesh/Desktop/onehearthealth/ast-heart-quality/data_processed/PhysioNet2022/training_data/50061_TV.wav,1,0.9999999993131027
/Users/somesh/Desktop/onehearthealth/ast-heart-quality/data_processed/PhysioNet2022/training_data/50066_AV.wav,1,0.9999972931201443
/Users/somesh/Desktop/onehearthealth/ast-heart-quality/data_processed/PhysioNet2022/training_data/50066_MV.wav,1,0.9999999846810138
/Users/somesh/Desktop/onehearthealth/ast-heart-quality/data_processed/PhysioNet2022/training_data/50070_AV.wav,1,0.9999999989385695
/Users/somesh/Desktop/onehearthealth/ast-heart-quality/data_processed/PhysioNet2022/training_data/50070_MV.wav,1,0.9999999662151231
/Users/somesh/Desktop/onehearthealth/ast-heart-quality/data_processed/PhysioNet2022/training_data/50070_PV.wav,1,0.9999989961074048
/Users/somesh/Desktop/onehearthealth/ast-heart-quality/data_processed/PhysioNet2022/training_data/50070_TV.wav,1,0.9999999993815886
/Users/somesh/Desktop/onehearthealth/ast-heart-quality/data_processed/PhysioNet2022/training_data/50074_AV.wav,1,0.9999999994773002
/Users/somesh/Desktop/onehearthealth/ast-heart-quality/data_processed/PhysioNet2022/training_data/50074_MV.wav,1,0.9999999974617485
/Users/somesh/Desktop/onehearthealth/ast-heart-quality/data_processed/PhysioNet2022/training_data/50074_PV.wav,1,0.9999999989343222
/Users/somesh/Desktop/onehearthealth/ast-heart-quality/data_processed/PhysioNet2022/training_data/50074_TV.wav,1,0.999999944333872
/Users/somesh/Desktop/onehearthealth/ast-heart-quality/data_processed/PhysioNet2022/training_data/50105_MV.wav,1,0.9999946505787091
/Users/somesh/Desktop/onehearthealth/ast-heart-quality/data_processed/PhysioNet2022/training_data/50105_PV.wav,1,0.9934431556300689
/Users/somesh/Desktop/onehearthealth/ast-heart-quality/data_processed/PhysioNet2022/training_data/50105_TV.wav,1,0.9999999592722911
/Users/somesh/Desktop/onehearthealth/ast-heart-quality/data_processed/PhysioNet2022/training_data/50118_MV.wav,1,0.9999999999529227
/Users/somesh/Desktop/onehearthealth/ast-heart-quality/data_processed/PhysioNet2022/training_data/50118_PV.wav,1,0.9999999998904472
/Users/somesh/Desktop/onehearthealth/ast-heart-quality/data_processed/PhysioNet2022/training_data/50118_TV.wav,1,0.9999981282439433
/Users/somesh/Desktop/onehearthealth/ast-heart-quality/data_processed/PhysioNet2022/training_data/50122_MV.wav,1,0.9999999967752269
/Users/somesh/Desktop/onehearthealth/ast-heart-quality/data_processed/PhysioNet2022/training_data/50122_PV.wav,1,0.9999999465598681
/Users/somesh/Desktop/onehearthealth/ast-heart-quality/data_processed/PhysioNet2022/training_data/50122_TV.wav,1,0.9999999999647141
/Users/somesh/Desktop/onehearthealth/ast-heart-quality/data_processed/PhysioNet2022/training_data/50129_AV.wav,1,0.9999999728732218
/Users/somesh/Desktop/onehearthealth/ast-heart-quality/data_processed/PhysioNet2022/training_data/50129_MV.wav,1,0.9999999998507145
/Users/somesh/Desktop/onehearthealth/ast-heart-quality/data_processed/PhysioNet2022/training_data/50129_PV.wav,1,0.9958700606526426
/Users/somesh/Desktop/onehearthealth/ast-heart-quality/data_processed/PhysioNet2022/training_data/50129_TV.wav,1,0.999999999462684
/Users/somesh/Desktop/onehearthealth/ast-heart-quality/data_processed/PhysioNet2022/training_data/50161_MV.wav,1,0.999999999883747
/Users/somesh/Desktop/onehearthealth/ast-heart-quality/data_processed/PhysioNet2022/training_data/50161_PV.wav,1,0.9999999998843296
/Users/somesh/Desktop/onehearthealth/ast-heart-quality/data_processed/PhysioNet2022/training_data/50161_TV.wav,1,0.9999999986410604
/Users/somesh/Desktop/onehearthealth/ast-heart-quality/data_processed/PhysioNet2022/training_data/50204_AV.wav,1,0.9999999999993311
/Users/somesh/Desktop/onehearthealth/ast-heart-quality/data_processed/PhysioNet2022/training_data/50204_MV_1.wav,1,0.9999999999842881
/Users/somesh/Desktop/onehearthealth/ast-heart-quality/data_processed/PhysioNet2022/training_data/50204_MV_2.wav,1,0.9999999997380761
/Users/somesh/Desktop/onehearthealth/ast-heart-quality/data_processed/PhysioNet2022/training_data/50206_MV.wav,1,0.9999999935847312
/Users/somesh/Desktop/onehearthealth/ast-heart-quality/data_processed/PhysioNet2022/training_data/50206_PV.wav,1,0.9999999998809913
/Users/somesh/Desktop/onehearthealth/ast-heart-quality/data_processed/PhysioNet2022/training_data/50206_TV.wav,1,0.9999999998465131
/Users/somesh/Desktop/onehearthealth/ast-heart-quality/data_processed/PhysioNet2022/training_data/50219_AV.wav,1,0.9999999697965088
/Users/somesh/Desktop/onehearthealth/ast-heart-quality/data_processed/PhysioNet2022/training_data/50219_MV.wav,1,0.9999999997613506
/Users/somesh/Desktop/onehearthealth/ast-heart-quality/data_processed/PhysioNet2022/training_data/50219_PV.wav,1,0.9999999979436897
/Users/somesh/Desktop/onehearthealth/ast-heart-quality/data_processed/PhysioNet2022/training_data/50220_AV.wav,1,0.9999995654702835
/Users/somesh/Desktop/onehearthealth/ast-heart-quality/data_processed/PhysioNet2022/training_data/50220_MV.wav,1,0.9999999835906186
/Users/somesh/Desktop/onehearthealth/ast-heart-quality/data_processed/PhysioNet2022/training_data/50221_AV.wav,1,0.999999995737762
/Users/somesh/Desktop/onehearthealth/ast-heart-quality/data_processed/PhysioNet2022/training_data/50221_MV.wav,1,0.9999999999961425
/Users/somesh/Desktop/onehearthealth/ast-heart-quality/data_processed/PhysioNet2022/training_data/50228_AV.wav,1,0.999999996415258
/Users/somesh/Desktop/onehearthealth/ast-heart-quality/data_processed/PhysioNet2022/training_data/50228_MV.wav,1,0.9999999999679814
/Users/somesh/Desktop/onehearthealth/ast-heart-quality/data_processed/PhysioNet2022/training_data/50230_AV.wav,1,0.9999999213977432
/Users/somesh/Desktop/onehearthealth/ast-heart-quality/data_processed/PhysioNet2022/training_data/50230_MV.wav,1,0.9999999999993611
/Users/somesh/Desktop/onehearthealth/ast-heart-quality/data_processed/PhysioNet2022/training_data/50230_PV.wav,1,0.9999998489074382
/Users/somesh/Desktop/onehearthealth/ast-heart-quality/data_processed/PhysioNet2022/training_data/50230_TV.wav,1,0.9999999999705909
/Users/somesh/Desktop/onehearthealth/ast-heart-quality/data_processed/PhysioNet2022/training_data/50238_AV.wav,1,0.9999999793205572
/Users/somesh/Desktop/onehearthealth/ast-heart-quality/data_processed/PhysioNet2022/training_data/50238_MV.wav,1,0.1152913507370146
/Users/somesh/Desktop/onehearthealth/ast-heart-quality/data_processed/PhysioNet2022/training_data/50238_PV.wav,1,0.9999996622504981
/Users/somesh/Desktop/onehearthealth/ast-heart-quality/data_processed/PhysioNet2022/training_data/50238_TV.wav,1,0.9999999870135289
/Users/somesh/Desktop/onehearthealth/ast-heart-quality/data_processed/PhysioNet2022/training_data/50260_AV.wav,1,0.9999998969817038
/Users/somesh/Desktop/onehearthealth/ast-heart-quality/data_processed/PhysioNet2022/training_data/50260_MV.wav,1,0.9999999988924733
/Users/somesh/Desktop/onehearthealth/ast-heart-quality/data_processed/PhysioNet2022/training_data/50260_PV.wav,1,0.9999885813759395
/Users/somesh/Desktop/onehearthealth/ast-heart-quality/data_processed/PhysioNet2022/training_data/50260_TV.wav,1,0.9999999999041401
/Users/somesh/Desktop/onehearthealth/ast-heart-quality/data_processed/PhysioNet2022/training_data/50271_AV.wav,1,0.9999999815983333
/Users/somesh/Desktop/onehearthealth/ast-heart-quality/data_processed/PhysioNet2022/training_data/50271_MV.wav,1,0.9999999999605844
/Users/somesh/Desktop/onehearthealth/ast-heart-quality/data_processed/PhysioNet2022/training_data/50271_PV.wav,1,0.999999999592347
/Users/somesh/Desktop/onehearthealth/ast-heart-quality/data_processed/PhysioNet2022/training_data/50271_TV.wav,1,0.9999994115443686
/Users/somesh/Desktop/onehearthealth/ast-heart-quality/data_processed/PhysioNet2022/training_data/50284_AV.wav,1,0.9999999999803088
/Users/somesh/Desktop/onehearthealth/ast-heart-quality/data_processed/PhysioNet2022/training_data/50284_MV.wav,1,0.9999999990884921
/Users/somesh/Desktop/onehearthealth/ast-heart-quality/data_processed/PhysioNet2022/training_data/50284_PV.wav,1,0.9999998920717891
/Users/somesh/Desktop/onehearthealth/ast-heart-quality/data_processed/PhysioNet2022/training_data/50284_TV.wav,1,0.9999999997349531
/Users/somesh/Desktop/onehearthealth/ast-heart-quality/data_processed/PhysioNet2022/training_data/50291_AV.wav,1,0.9944326892041032
/Users/somesh/Desktop/onehearthealth/ast-heart-quality/data_processed/PhysioNet2022/training_data/50291_MV.wav,1,0.999999999741947
/Users/somesh/Desktop/onehearthealth/ast-heart-quality/data_processed/PhysioNet2022/training_data/50291_PV.wav,1,0.9964689705210205
/Users/somesh/Desktop/onehearthealth/ast-heart-quality/data_processed/PhysioNet2022/training_data/50303_AV.wav,1,0.9999999999844117
/Users/somesh/Desktop/onehearthealth/ast-heart-quality/data_processed/PhysioNet2022/training_data/50303_MV.wav,1,0.9999997850051677
/Users/somesh/Desktop/onehearthealth/ast-heart-quality/data_processed/PhysioNet2022/training_data/50303_PV.wav,1,0.9999999927400064
/Users/somesh/Desktop/onehearthealth/ast-heart-quality/data_processed/PhysioNet2022/training_data/50314_AV.wav,1,0.995943490576065
/Users/somesh/Desktop/onehearthealth/ast-heart-quality/data_processed/PhysioNet2022/training_data/50314_MV.wav,1,0.9999999998570651
/Users/somesh/Desktop/onehearthealth/ast-heart-quality/data_processed/PhysioNet2022/training_data/50314_PV.wav,1,0.9999947344628031
/Users/somesh/Desktop/onehearthealth/ast-heart-quality/data_processed/PhysioNet2022/training_data/50314_TV.wav,1,0.9999999990742306
/Users/somesh/Desktop/onehearthealth/ast-heart-quality/data_processed/PhysioNet2022/training_data/50316_AV.wav,1,0.9999998372378258
/Users/somesh/Desktop/onehearthealth/ast-heart-quality/data_processed/PhysioNet2022/training_data/50316_MV.wav,1,0.9999999986955072
/Users/somesh/Desktop/onehearthealth/ast-heart-quality/data_processed/PhysioNet2022/training_data/50317_AV.wav,1,0.9999839294320741
/Users/somesh/Desktop/onehearthealth/ast-heart-quality/data_processed/PhysioNet2022/training_data/50317_PV.wav,1,0.9999999952075233
/Users/somesh/Desktop/onehearthealth/ast-heart-quality/data_processed/PhysioNet2022/training_data/50317_TV.wav,1,0.9999999939425085
/Users/somesh/Desktop/onehearthealth/ast-heart-quality/data_processed/PhysioNet2022/training_data/50323_AV.wav,1,0.9999944661079416
/Users/somesh/Desktop/onehearthealth/ast-heart-quality/data_processed/PhysioNet2022/training_data/50323_MV.wav,1,0.9999990517313176
/Users/somesh/Desktop/onehearthealth/ast-heart-quality/data_processed/PhysioNet2022/training_data/50323_PV.wav,1,0.9999995174449098
/Users/somesh/Desktop/onehearthealth/ast-heart-quality/data_processed/PhysioNet2022/training_data/50323_TV.wav,1,0.9999999998604693
/Users/somesh/Desktop/onehearthealth/ast-heart-quality/data_processed/PhysioNet2022/training_data/50325_AV.wav,1,0.9999999813178265
/Users/somesh/Desktop/onehearthealth/ast-heart-quality/data_processed/PhysioNet2022/training_data/50325_MV.wav,1,0.9999999999596213
/Users/somesh/Desktop/onehearthealth/ast-heart-quality/data_processed/PhysioNet2022/training_data/50325_PV.wav,1,0.9999999998519999
/Users/somesh/Desktop/onehearthealth/ast-heart-quality/data_processed/PhysioNet2022/training_data/50325_TV.wav,1,0.9972839870444521
/Users/somesh/Desktop/onehearthealth/ast-heart-quality/data_processed/PhysioNet2022/training_data/50337_MV.wav,1,0.9999996555660151
/Users/somesh/Desktop/onehearthealth/ast-heart-quality/data_processed/PhysioNet2022/training_data/50337_PV.wav,1,0.9999999997643532
/Users/somesh/Desktop/onehearthealth/ast-heart-quality/data_processed/PhysioNet2022/training_data/50337_TV.wav,1,0.9999990713757497
/Users/somesh/Desktop/onehearthealth/ast-heart-quality/data_processed/PhysioNet2022/training_data/50348_AV_1.wav,1,0.9999999992891491
/Users/somesh/Desktop/onehearthealth/ast-heart-quality/data_processed/PhysioNet2022/training_data/50348_AV_2.wav,1,0.9999972606142238
/Users/somesh/Desktop/onehearthealth/ast-heart-quality/data_processed/PhysioNet2022/training_data/50348_MV.wav,1,0.9999998638063099
/Users/somesh/Desktop/onehearthealth/ast-heart-quality/data_processed/PhysioNet2022/training_data/50348_PV.wav,1,0.9999995962518698
/Users/somesh/Desktop/onehearthealth/ast-heart-quality/data_processed/PhysioNet2022/training_data/50348_TV.wav,1,0.9999999834395072
/Users/somesh/Desktop/onehearthealth/ast-heart-quality/data_processed/PhysioNet2022/training_data/50625_AV.wav,1,0.9937609138518378
/Users/somesh/Desktop/onehearthealth/ast-heart-quality/data_processed/PhysioNet2022/training_data/50625_MV.wav,1,0.9955808129642536
/Users/somesh/Desktop/onehearthealth/ast-heart-quality/data_processed/PhysioNet2022/training_data/50629_AV.wav,1,0.9964491584826155
/Users/somesh/Desktop/onehearthealth/ast-heart-quality/data_processed/PhysioNet2022/training_data/50629_MV.wav,1,0.9999994429538265
/Users/somesh/Desktop/onehearthealth/ast-heart-quality/data_processed/PhysioNet2022/training_data/50640_MV.wav,1,0.9999999995271771
/Users/somesh/Desktop/onehearthealth/ast-heart-quality/data_processed/PhysioNet2022/training_data/50643_AV.wav,1,0.9999999301516455
/Users/somesh/Desktop/onehearthealth/ast-heart-quality/data_processed/PhysioNet2022/training_data/50643_MV.wav,1,0.9999999869511182
/Users/somesh/Desktop/onehearthealth/ast-heart-quality/data_processed/PhysioNet2022/training_data/50644_AV.wav,1,0.9999998334550474
/Users/somesh/Desktop/onehearthealth/ast-heart-quality/data_processed/PhysioNet2022/training_data/50644_MV.wav,1,0.9999999999999112
/Users/somesh/Desktop/onehearthealth/ast-heart-quality/data_processed/PhysioNet2022/training_data/50657_AV.wav,1,0.9999999999948471
/Users/somesh/Desktop/onehearthealth/ast-heart-quality/data_processed/PhysioNet2022/training_data/50657_MV.wav,1,0.999999999965579
/Users/somesh/Desktop/onehearthealth/ast-heart-quality/data_processed/PhysioNet2022/training_data/50657_PV.wav,1,0.9999999998309534
/Users/somesh/Desktop/onehearthealth/ast-heart-quality/data_processed/PhysioNet2022/training_data/50657_TV.wav,1,0.9999999999988672
/Users/somesh/Desktop/onehearthealth/ast-heart-quality/data_processed/PhysioNet2022/training_data/50659_AV.wav,1,0.9999999991081475
/Users/somesh/Desktop/onehearthealth/ast-heart-quality/data_processed/PhysioNet2022/training_data/50659_MV.wav,1,0.9999999999979011
/Users/somesh/Desktop/onehearthealth/ast-heart-quality/data_processed/PhysioNet2022/training_data/50659_PV.wav,1,0.9999999596773864
/Users/somesh/Desktop/onehearthealth/ast-heart-quality/data_processed/PhysioNet2022/training_data/50659_TV.wav,1,0.9999999999992014
/Users/somesh/Desktop/onehearthealth/ast-heart-quality/data_processed/PhysioNet2022/training_data/50664_AV.wav,1,0.9999992732356403
/Users/somesh/Desktop/onehearthealth/ast-heart-quality/data_processed/PhysioNet2022/training_data/50664_PV.wav,1,0.9999999982602056
/Users/somesh/Desktop/onehearthealth/ast-heart-quality/data_processed/PhysioNet2022/training_data/50668_AV.wav,1,0.9964465304979733
/Users/somesh/Desktop/onehearthealth/ast-heart-quality/data_processed/PhysioNet2022/training_data/50668_MV.wav,1,0.9999999999525329
/Users/somesh/Desktop/onehearthealth/ast-heart-quality/data_processed/PhysioNet2022/training_data/50668_PV.wav,1,0.9999999927388376
/Users/somesh/Desktop/onehearthealth/ast-heart-quality/data_processed/PhysioNet2022/training_data/50668_TV.wav,1,0.9999999999973219
/Users/somesh/Desktop/onehearthealth/ast-heart-quality/data_processed/PhysioNet2022/training_data/50669_AV.wav,1,0.9999999773086342
/Users/somesh/Desktop/onehearthealth/ast-heart-quality/data_processed/PhysioNet2022/training_data/50669_MV.wav,1,0.9999993105748415
/Users/somesh/Desktop/onehearthealth/ast-heart-quality/data_processed/PhysioNet2022/training_data/50669_PV.wav,1,0.999999999892824
/Users/somesh/Desktop/onehearthealth/ast-heart-quality/data_processed/PhysioNet2022/training_data/50669_TV.wav,1,0.9999999996229894
/Users/somesh/Desktop/onehearthealth/ast-heart-quality/data_processed/PhysioNet2022/training_data/50671_MV.wav,1,0.9999999885491289
/Users/somesh/Desktop/onehearthealth/ast-heart-quality/data_processed/PhysioNet2022/training_data/50678_MV.wav,1,0.9999999990233273
/Users/somesh/Desktop/onehearthealth/ast-heart-quality/data_processed/PhysioNet2022/training_data/50678_PV.wav,1,0.9999999999161904
/Users/somesh/Desktop/onehearthealth/ast-heart-quality/data_processed/PhysioNet2022/training_data/50678_TV.wav,1,0.9999942140183634
/Users/somesh/Desktop/onehearthealth/ast-heart-quality/data_processed/PhysioNet2022/training_data/50680_AV.wav,1,0.9999999598436083
/Users/somesh/Desktop/onehearthealth/ast-heart-quality/data_processed/PhysioNet2022/training_data/50680_MV.wav,1,0.9999999991470557
/Users/somesh/Desktop/onehearthealth/ast-heart-quality/data_processed/PhysioNet2022/training_data/50680_PV.wav,1,0.9999999992419298
/Users/somesh/Desktop/onehearthealth/ast-heart-quality/data_processed/PhysioNet2022/training_data/50680_TV.wav,1,0.9999999999987627
/Users/somesh/Desktop/onehearthealth/ast-heart-quality/data_processed/PhysioNet2022/training_data/50685_AV.wav,1,0.9999999900284415
/Users/somesh/Desktop/onehearthealth/ast-heart-quality/data_processed/PhysioNet2022/training_data/50685_MV.wav,1,0.9999998083369122
/Users/somesh/Desktop/onehearthealth/ast-heart-quality/data_processed/PhysioNet2022/training_data/50685_TV.wav,1,0.999999999992482
/Users/somesh/Desktop/onehearthealth/ast-heart-quality/data_processed/PhysioNet2022/training_data/50725_AV.wav,1,0.999999929850587
/Users/somesh/Desktop/onehearthealth/ast-heart-quality/data_processed/PhysioNet2022/training_data/50725_MV.wav,1,0.9999999999949758
/Users/somesh/Desktop/onehearthealth/ast-heart-quality/data_processed/PhysioNet2022/training_data/50725_PV.wav,1,0.9999999990336738
/Users/somesh/Desktop/onehearthealth/ast-heart-quality/data_processed/PhysioNet2022/training_data/50725_TV.wav,1,0.9999999484222436
/Users/somesh/Desktop/onehearthealth/ast-heart-quality/data_processed/PhysioNet2022/training_data/50739_AV.wav,1,0.9999999981123873
/Users/somesh/Desktop/onehearthealth/ast-heart-quality/data_processed/PhysioNet2022/training_data/50739_MV.wav,1,0.9999999999203122
/Users/somesh/Desktop/onehearthealth/ast-heart-quality/data_processed/PhysioNet2022/training_data/50744_AV.wav,1,0.9999939972890612
/Users/somesh/Desktop/onehearthealth/ast-heart-quality/data_processed/PhysioNet2022/training_data/50744_MV.wav,1,0.9999999955236288
/Users/somesh/Desktop/onehearthealth/ast-heart-quality/data_processed/PhysioNet2022/training_data/50744_PV.wav,1,0.9999996156655463
/Users/somesh/Desktop/onehearthealth/ast-heart-quality/data_processed/PhysioNet2022/training_data/50744_TV.wav,1,0.9999813238811511
/Users/somesh/Desktop/onehearthealth/ast-heart-quality/data_processed/PhysioNet2022/training_data/50751_AV.wav,1,0.9999998804139337
/Users/somesh/Desktop/onehearthealth/ast-heart-quality/data_processed/PhysioNet2022/training_data/50751_MV.wav,1,0.9999999114136382
/Users/somesh/Desktop/onehearthealth/ast-heart-quality/data_processed/PhysioNet2022/training_data/50751_PV.wav,1,0.9999997414511076
/Users/somesh/Desktop/onehearthealth/ast-heart-quality/data_processed/PhysioNet2022/training_data/50751_TV.wav,1,0.9999999999201458
/Users/somesh/Desktop/onehearthealth/ast-heart-quality/data_processed/PhysioNet2022/training_data/50752_AV.wav,1,0.999993624063969
/Users/somesh/Desktop/onehearthealth/ast-heart-quality/data_processed/PhysioNet2022/training_data/50752_MV.wav,1,0.9999999807426198
/Users/somesh/Desktop/onehearthealth/ast-heart-quality/data_processed/PhysioNet2022/training_data/50752_PV.wav,1,0.9999999999573193
/Users/somesh/Desktop/onehearthealth/ast-heart-quality/data_processed/PhysioNet2022/training_data/50752_TV.wav,1,0.9999999462784354
/Users/somesh/Desktop/onehearthealth/ast-heart-quality/data_processed/PhysioNet2022/training_data/50762_AV.wav,1,0.999999166165315
/Users/somesh/Desktop/onehearthealth/ast-heart-quality/data_processed/PhysioNet2022/training_data/50762_MV.wav,1,0.9999995233685565
/Users/somesh/Desktop/onehearthealth/ast-heart-quality/data_processed/PhysioNet2022/training_data/50762_PV.wav,1,0.9999983097465756
/Users/somesh/Desktop/onehearthealth/ast-heart-quality/data_processed/PhysioNet2022/training_data/50762_TV.wav,1,0.9999999995505774
/Users/somesh/Desktop/onehearthealth/ast-heart-quality/data_processed/PhysioNet2022/training_data/50768_AV.wav,1,0.9999999997479264
/Users/somesh/Desktop/onehearthealth/ast-heart-quality/data_processed/PhysioNet2022/training_data/50770_AV.wav,1,0.9999999685695267
/Users/somesh/Desktop/onehearthealth/ast-heart-quality/data_processed/PhysioNet2022/training_data/50770_MV.wav,1,0.9999996543031434
/Users/somesh/Desktop/onehearthealth/ast-heart-quality/data_processed/PhysioNet2022/training_data/50770_PV.wav,1,0.9999999999831852
/Users/somesh/Desktop/onehearthealth/ast-heart-quality/data_processed/PhysioNet2022/training_data/50770_TV.wav,1,0.9999999701731807
/Users/somesh/Desktop/onehearthealth/ast-heart-quality/data_processed/PhysioNet2022/training_data/50820_AV.wav,1,0.9999837908880059
/Users/somesh/Desktop/onehearthealth/ast-heart-quality/data_processed/PhysioNet2022/training_data/50820_MV.wav,1,0.9999890760438763
/Users/somesh/Desktop/onehearthealth/ast-heart-quality/data_processed/PhysioNet2022/training_data/50820_PV.wav,1,0.9930145128695568
/Users/somesh/Desktop/onehearthealth/ast-heart-quality/data_processed/PhysioNet2022/training_data/50820_TV.wav,1,0.9999992919584735
/Users/somesh/Desktop/onehearthealth/ast-heart-quality/data_processed/PhysioNet2022/training_data/63456_AV.wav,1,0.9934258856876186
/Users/somesh/Desktop/onehearthealth/ast-heart-quality/data_processed/PhysioNet2022/training_data/63456_MV.wav,1,0.9999999983996786
/Users/somesh/Desktop/onehearthealth/ast-heart-quality/data_processed/PhysioNet2022/training_data/63456_PV.wav,1,0.9999872460795125
/Users/somesh/Desktop/onehearthealth/ast-heart-quality/data_processed/PhysioNet2022/training_data/63456_TV.wav,1,0.9999967021825705
/Users/somesh/Desktop/onehearthealth/ast-heart-quality/data_processed/PhysioNet2022/training_data/64256_MV.wav,1,0.9999997022429872
/Users/somesh/Desktop/onehearthealth/ast-heart-quality/data_processed/PhysioNet2022/training_data/64256_PV.wav,1,0.999999287673289
/Users/somesh/Desktop/onehearthealth/ast-heart-quality/data_processed/PhysioNet2022/training_data/64256_TV.wav,1,0.997376659861043
/Users/somesh/Desktop/onehearthealth/ast-heart-quality/data_processed/PhysioNet2022/training_data/64715_MV.wav,1,0.9999971066085279
/Users/somesh/Desktop/onehearthealth/ast-heart-quality/data_processed/PhysioNet2022/training_data/64715_PV.wav,1,0.9999957734845308
/Users/somesh/Desktop/onehearthealth/ast-heart-quality/data_processed/PhysioNet2022/training_data/64715_TV.wav,1,0.9999999999992598
/Users/somesh/Desktop/onehearthealth/ast-heart-quality/data_processed/PhysioNet2022/training_data/68182_AV.wav,1,0.9999998802228802
/Users/somesh/Desktop/onehearthealth/ast-heart-quality/data_processed/PhysioNet2022/training_data/68182_MV.wav,1,0.9999999999993615
/Users/somesh/Desktop/onehearthealth/ast-heart-quality/data_processed/PhysioNet2022/training_data/68182_PV.wav,1,0.9999993288062294
/Users/somesh/Desktop/onehearthealth/ast-heart-quality/data_processed/PhysioNet2022/training_data/68182_TV.wav,1,0.9999998817479213
/Users/somesh/Desktop/onehearthealth/ast-heart-quality/data_processed/PhysioNet2022/training_data/68306_AV.wav,1,0.9610142585910799
/Users/somesh/Desktop/onehearthealth/ast-heart-quality/data_processed/PhysioNet2022/training_data/68306_MV.wav,1,0.9999999971808646
/Users/somesh/Desktop/onehearthealth/ast-heart-quality/data_processed/PhysioNet2022/training_data/68306_PV.wav,1,0.9999998461535891
/Users/somesh/Desktop/onehearthealth/ast-heart-quality/data_processed/PhysioNet2022/training_data/68306_TV.wav,1,0.7717397348940018
/Users/somesh/Desktop/onehearthealth/ast-heart-quality/data_processed/PhysioNet2022/training_data/68327_AV.wav,1,0.9999994804595498
/Users/somesh/Desktop/onehearthealth/ast-heart-quality/data_processed/PhysioNet2022/training_data/68327_MV.wav,1,0.9999999998325122
/Users/somesh/Desktop/onehearthealth/ast-heart-quality/data_processed/PhysioNet2022/training_data/68327_PV.wav,1,0.9999999999990672
/Users/somesh/Desktop/onehearthealth/ast-heart-quality/data_processed/PhysioNet2022/training_data/68327_TV.wav,1,0.9999999999647002
/Users/somesh/Desktop/onehearthealth/ast-heart-quality/data_processed/PhysioNet2022/training_data/68337_AV.wav,1,0.9999999999917697
/Users/somesh/Desktop/onehearthealth/ast-heart-quality/data_processed/PhysioNet2022/training_data/68337_MV.wav,1,0.9999999999969339
/Users/somesh/Desktop/onehearthealth/ast-heart-quality/data_processed/PhysioNet2022/training_data/68337_PV.wav,1,0.9999999999851296
/Users/somesh/Desktop/onehearthealth/ast-heart-quality/data_processed/PhysioNet2022/training_data/68337_TV.wav,1,0.9969471254411448
/Users/somesh/Desktop/onehearthealth/ast-heart-quality/data_processed/PhysioNet2022/training_data/68363_AV.wav,1,0.9999991883039538
/Users/somesh/Desktop/onehearthealth/ast-heart-quality/data_processed/PhysioNet2022/training_data/68363_MV.wav,1,0.9999999431393254
/Users/somesh/Desktop/onehearthealth/ast-heart-quality/data_processed/PhysioNet2022/training_data/68368_AV.wav,1,0.9999999221871629
/Users/somesh/Desktop/onehearthealth/ast-heart-quality/data_processed/PhysioNet2022/training_data/68368_MV.wav,1,0.9999980850679907
/Users/somesh/Desktop/onehearthealth/ast-heart-quality/data_processed/PhysioNet2022/training_data/68368_PV.wav,1,0.9999950340885574
/Users/somesh/Desktop/onehearthealth/ast-heart-quality/data_processed/PhysioNet2022/training_data/68368_TV.wav,1,0.9842217670187693
/Users/somesh/Desktop/onehearthealth/ast-heart-quality/data_processed/PhysioNet2022/training_data/68374_AV.wav,1,0.9999999995027508
/Users/somesh/Desktop/onehearthealth/ast-heart-quality/data_processed/PhysioNet2022/training_data/68374_MV.wav,1,0.9999999997437722
/Users/somesh/Desktop/onehearthealth/ast-heart-quality/data_processed/PhysioNet2022/training_data/68395_PV.wav,1,0.9938483890747426
/Users/somesh/Desktop/onehearthealth/ast-heart-quality/data_processed/PhysioNet2022/training_data/68395_TV.wav,1,0.9999917030026082
/Users/somesh/Desktop/onehearthealth/ast-heart-quality/data_processed/PhysioNet2022/training_data/68407_AV.wav,1,0.9955266299072019
/Users/somesh/Desktop/onehearthealth/ast-heart-quality/data_processed/PhysioNet2022/training_data/68407_MV.wav,1,0.9944774336891807
/Users/somesh/Desktop/onehearthealth/ast-heart-quality/data_processed/PhysioNet2022/training_data/68407_PV.wav,1,0.9999920650662505
/Users/somesh/Desktop/onehearthealth/ast-heart-quality/data_processed/PhysioNet2022/training_data/68407_TV.wav,1,0.9999999999289204
/Users/somesh/Desktop/onehearthealth/ast-heart-quality/data_processed/PhysioNet2022/training_data/68412_AV.wav,1,0.999998149578575
/Users/somesh/Desktop/onehearthealth/ast-heart-quality/data_processed/PhysioNet2022/training_data/68412_MV.wav,1,0.999996434568903
/Users/somesh/Desktop/onehearthealth/ast-heart-quality/data_processed/PhysioNet2022/training_data/68412_PV.wav,1,0.9999999922900792
/Users/somesh/Desktop/onehearthealth/ast-heart-quality/data_processed/PhysioNet2022/training_data/68412_TV.wav,1,0.9999999978345442
/Users/somesh/Desktop/onehearthealth/ast-heart-quality/data_processed/PhysioNet2022/training_data/68435_AV.wav,1,0.999999297048352
/Users/somesh/Desktop/onehearthealth/ast-heart-quality/data_processed/PhysioNet2022/training_data/68435_MV.wav,1,0.9999999998543082
/Users/somesh/Desktop/onehearthealth/ast-heart-quality/data_processed/PhysioNet2022/training_data/68487_AV.wav,1,0.9999999997791428
/Users/somesh/Desktop/onehearthealth/ast-heart-quality/data_processed/PhysioNet2022/training_data/68487_MV.wav,1,0.9999999997057217
/Users/somesh/Desktop/onehearthealth/ast-heart-quality/data_processed/PhysioNet2022/training_data/68487_PV.wav,1,0.9999999997047538
/Users/somesh/Desktop/onehearthealth/ast-heart-quality/data_processed/PhysioNet2022/training_data/68487_TV.wav,1,0.9999999993576023
/Users/somesh/Desktop/onehearthealth/ast-heart-quality/data_processed/PhysioNet2022/training_data/68498_AV.wav,1,0.999999882149683
/Users/somesh/Desktop/onehearthealth/ast-heart-quality/data_processed/PhysioNet2022/training_data/68498_MV.wav,1,0.9999999943287093
/Users/somesh/Desktop/onehearthealth/ast-heart-quality/data_processed/PhysioNet2022/training_data/68498_PV.wav,1,0.9999999992925395
/Users/somesh/Desktop/onehearthealth/ast-heart-quality/data_processed/PhysioNet2022/training_data/68498_TV.wav,1,0.9999986522436387
/Users/somesh/Desktop/onehearthealth/ast-heart-quality/data_processed/PhysioNet2022/training_data/68702_AV.wav,1,0.9999999875636923
/Users/somesh/Desktop/onehearthealth/ast-heart-quality/data_processed/PhysioNet2022/training_data/68702_MV.wav,1,0.9999999040917843
/Users/somesh/Desktop/onehearthealth/ast-heart-quality/data_processed/PhysioNet2022/training_data/68702_PV.wav,1,0.9999999999939246
/Users/somesh/Desktop/onehearthealth/ast-heart-quality/data_processed/PhysioNet2022/training_data/68702_TV.wav,1,0.9999999999990508
/Users/somesh/Desktop/onehearthealth/ast-heart-quality/data_processed/PhysioNet2022/training_data/68738_AV.wav,1,0.9926702643841131
/Users/somesh/Desktop/onehearthealth/ast-heart-quality/data_processed/PhysioNet2022/training_data/68738_MV.wav,1,0.9999999906441935
/Users/somesh/Desktop/onehearthealth/ast-heart-quality/data_processed/PhysioNet2022/training_data/68738_PV.wav,1,0.8992391768849267
/Users/somesh/Desktop/onehearthealth/ast-heart-quality/data_processed/PhysioNet2022/training_data/68738_TV.wav,1,0.9999999296958975
/Users/somesh/Desktop/onehearthealth/ast-heart-quality/data_processed/PhysioNet2022/training_data/68740_AV.wav,1,0.9999999999281083
/Users/somesh/Desktop/onehearthealth/ast-heart-quality/data_processed/PhysioNet2022/training_data/68740_MV.wav,1,0.9999999999754858
/Users/somesh/Desktop/onehearthealth/ast-heart-quality/data_processed/PhysioNet2022/training_data/68740_PV.wav,1,0.9999999992542143
/Users/somesh/Desktop/onehearthealth/ast-heart-quality/data_processed/PhysioNet2022/training_data/68740_TV.wav,1,0.9999999999090723
/Users/somesh/Desktop/onehearthealth/ast-heart-quality/data_processed/PhysioNet2022/training_data/68796_AV.wav,1,0.9999998720263031
/Users/somesh/Desktop/onehearthealth/ast-heart-quality/data_processed/PhysioNet2022/training_data/68796_MV.wav,1,0.9999999556168803
/Users/somesh/Desktop/onehearthealth/ast-heart-quality/data_processed/PhysioNet2022/training_data/68796_PV.wav,1,0.9999940726222636
/Users/somesh/Desktop/onehearthealth/ast-heart-quality/data_processed/PhysioNet2022/training_data/68796_TV.wav,1,0.9999998360795638
/Users/somesh/Desktop/onehearthealth/ast-heart-quality/data_processed/PhysioNet2022/training_data/68886_AV.wav,1,0.8704740232951758
/Users/somesh/Desktop/onehearthealth/ast-heart-quality/data_processed/PhysioNet2022/training_data/68886_MV.wav,1,0.9999999997586977
/Users/somesh/Desktop/onehearthealth/ast-heart-quality/data_processed/PhysioNet2022/training_data/68886_PV.wav,1,0.9962318690004676
/Users/somesh/Desktop/onehearthealth/ast-heart-quality/data_processed/PhysioNet2022/training_data/68886_TV.wav,1,0.9999999422509888
/Users/somesh/Desktop/onehearthealth/ast-heart-quality/data_processed/PhysioNet2022/training_data/68901_AV.wav,1,0.994677611049432
/Users/somesh/Desktop/onehearthealth/ast-heart-quality/data_processed/PhysioNet2022/training_data/68901_MV.wav,1,0.9999999999842887
/Users/somesh/Desktop/onehearthealth/ast-heart-quality/data_processed/PhysioNet2022/training_data/68901_PV.wav,1,0.9999999244214085
/Users/somesh/Desktop/onehearthealth/ast-heart-quality/data_processed/PhysioNet2022/training_data/68901_TV.wav,1,0.9999999996265869
/Users/somesh/Desktop/onehearthealth/ast-heart-quality/data_processed/PhysioNet2022/training_data/68952_AV.wav,1,0.999999975383744
/Users/somesh/Desktop/onehearthealth/ast-heart-quality/data_processed/PhysioNet2022/training_data/68952_MV.wav,1,0.9999999999293412
/Users/somesh/Desktop/onehearthealth/ast-heart-quality/data_processed/PhysioNet2022/training_data/68952_PV.wav,1,0.9999999981946888
/Users/somesh/Desktop/onehearthealth/ast-heart-quality/data_processed/PhysioNet2022/training_data/68952_TV.wav,1,0.999999999902316
/Users/somesh/Desktop/onehearthealth/ast-heart-quality/data_processed/PhysioNet2022/training_data/69060_AV.wav,1,0.9899189374000026
/Users/somesh/Desktop/onehearthealth/ast-heart-quality/data_processed/PhysioNet2022/training_data/69060_MV.wav,1,0.9915152216209654
/Users/somesh/Desktop/onehearthealth/ast-heart-quality/data_processed/PhysioNet2022/training_data/69060_PV.wav,1,0.9999993880669099
/Users/somesh/Desktop/onehearthealth/ast-heart-quality/data_processed/PhysioNet2022/training_data/69060_TV.wav,1,0.9999938711178443
/Users/somesh/Desktop/onehearthealth/ast-heart-quality/data_processed/PhysioNet2022/training_data/69066_AV.wav,1,0.999983999237431
/Users/somesh/Desktop/onehearthealth/ast-heart-quality/data_processed/PhysioNet2022/training_data/69066_MV.wav,1,0.999999999998934
/Users/somesh/Desktop/onehearthealth/ast-heart-quality/data_processed/PhysioNet2022/training_data/69066_PV.wav,1,0.9999952987544279
/Users/somesh/Desktop/onehearthealth/ast-heart-quality/data_processed/PhysioNet2022/training_data/69066_TV.wav,1,0.999999999999611
/Users/somesh/Desktop/onehearthealth/ast-heart-quality/data_processed/PhysioNet2022/training_data/69068_AV.wav,1,0.999999852640286
/Users/somesh/Desktop/onehearthealth/ast-heart-quality/data_processed/PhysioNet2022/training_data/69068_MV.wav,1,0.9999999999849507
/Users/somesh/Desktop/onehearthealth/ast-heart-quality/data_processed/PhysioNet2022/training_data/69068_PV.wav,1,0.9999999998647853
/Users/somesh/Desktop/onehearthealth/ast-heart-quality/data_processed/PhysioNet2022/training_data/69068_TV.wav,1,0.9999993805412604
/Users/somesh/Desktop/onehearthealth/ast-heart-quality/data_processed/PhysioNet2022/training_data/69093_AV.wav,1,0.9999999974249608
/Users/somesh/Desktop/onehearthealth/ast-heart-quality/data_processed/PhysioNet2022/training_data/69093_MV.wav,1,0.9999999998314844
/Users/somesh/Desktop/onehearthealth/ast-heart-quality/data_processed/PhysioNet2022/training_data/69093_PV.wav,1,0.9999999605761121
/Users/somesh/Desktop/onehearthealth/ast-heart-quality/data_processed/PhysioNet2022/training_data/69093_TV.wav,1,0.9999998893433862
/Users/somesh/Desktop/onehearthealth/ast-heart-quality/data_processed/PhysioNet2022/training_data/69112_AV.wav,1,0.99999999996009
/Users/somesh/Desktop/onehearthealth/ast-heart-quality/data_processed/PhysioNet2022/training_data/69112_MV.wav,1,0.9999999982859575
/Users/somesh/Desktop/onehearthealth/ast-heart-quality/data_processed/PhysioNet2022/training_data/69112_PV.wav,1,0.9999999998150177
/Users/somesh/Desktop/onehearthealth/ast-heart-quality/data_processed/PhysioNet2022/training_data/69112_TV.wav,1,0.9999999999808299
/Users/somesh/Desktop/onehearthealth/ast-heart-quality/data_processed/PhysioNet2022/training_data/69125_AV.wav,1,0.9999999977646274
/Users/somesh/Desktop/onehearthealth/ast-heart-quality/data_processed/PhysioNet2022/training_data/69125_MV.wav,1,0.9999999996793928
/Users/somesh/Desktop/onehearthealth/ast-heart-quality/data_processed/PhysioNet2022/training_data/69125_PV.wav,1,0.9999999997937763
/Users/somesh/Desktop/onehearthealth/ast-heart-quality/data_processed/PhysioNet2022/training_data/69125_TV.wav,1,0.9999999999033679
/Users/somesh/Desktop/onehearthealth/ast-heart-quality/data_processed/PhysioNet2022/training_data/69144_AV.wav,1,0.9973944220731947
/Users/somesh/Desktop/onehearthealth/ast-heart-quality/data_processed/PhysioNet2022/training_data/69144_MV.wav,1,0.999999999988932
/Users/somesh/Desktop/onehearthealth/ast-heart-quality/data_processed/PhysioNet2022/training_data/69144_PV.wav,1,0.9999999862963308
/Users/somesh/Desktop/onehearthealth/ast-heart-quality/data_processed/PhysioNet2022/training_data/69144_TV.wav,1,0.9999999997236052
/Users/somesh/Desktop/onehearthealth/ast-heart-quality/data_processed/PhysioNet2022/training_data/69155_MV.wav,1,0.9999881520639609
/Users/somesh/Desktop/onehearthealth/ast-heart-quality/data_processed/PhysioNet2022/training_data/69155_PV.wav,1,0.9999999995523896
/Users/somesh/Desktop/onehearthealth/ast-heart-quality/data_processed/PhysioNet2022/training_data/69155_TV.wav,1,0.9999999999906927
/Users/somesh/Desktop/onehearthealth/ast-heart-quality/data_processed/PhysioNet2022/training_data/69161_AV.wav,1,0.8554142038931604
/Users/somesh/Desktop/onehearthealth/ast-heart-quality/data_processed/PhysioNet2022/training_data/69161_MV.wav,1,0.999999985444763
/Users/somesh/Desktop/onehearthealth/ast-heart-quality/data_processed/PhysioNet2022/training_data/69161_PV.wav,1,0.9999999369394786
/Users/somesh/Desktop/onehearthealth/ast-heart-quality/data_processed/PhysioNet2022/training_data/69161_TV.wav,1,0.9999997633878033
/Users/somesh/Desktop/onehearthealth/ast-heart-quality/data_processed/PhysioNet2022/training_data/73497_AV.wav,1,0.9999987195534288
/Users/somesh/Desktop/onehearthealth/ast-heart-quality/data_processed/PhysioNet2022/training_data/73497_MV.wav,1,0.9999998643794769
/Users/somesh/Desktop/onehearthealth/ast-heart-quality/data_processed/PhysioNet2022/training_data/73497_PV.wav,1,0.9962425041041286
/Users/somesh/Desktop/onehearthealth/ast-heart-quality/data_processed/PhysioNet2022/training_data/73497_TV.wav,1,0.9999999972987266
/Users/somesh/Desktop/onehearthealth/ast-heart-quality/data_processed/PhysioNet2022/training_data/74420_AV.wav,1,0.9102155958182901
/Users/somesh/Desktop/onehearthealth/ast-heart-quality/data_processed/PhysioNet2022/training_data/74420_MV.wav,1,0.9999999983188799
/Users/somesh/Desktop/onehearthealth/ast-heart-quality/data_processed/PhysioNet2022/training_data/75440_AV.wav,1,0.9999995836200115
/Users/somesh/Desktop/onehearthealth/ast-heart-quality/data_processed/PhysioNet2022/training_data/75440_MV.wav,1,0.9999993393174508
/Users/somesh/Desktop/onehearthealth/ast-heart-quality/data_processed/PhysioNet2022/training_data/75440_PV.wav,1,0.9999998756119204
/Users/somesh/Desktop/onehearthealth/ast-heart-quality/data_processed/PhysioNet2022/training_data/75440_TV.wav,1,0.9922601002531508
/Users/somesh/Desktop/onehearthealth/ast-heart-quality/data_processed/PhysioNet2022/training_data/78592_AV.wav,1,0.9999979529954244
/Users/somesh/Desktop/onehearthealth/ast-heart-quality/data_processed/PhysioNet2022/training_data/78592_MV.wav,1,0.9999999999882718
/Users/somesh/Desktop/onehearthealth/ast-heart-quality/data_processed/PhysioNet2022/training_data/78592_PV.wav,1,0.9999999979918464
/Users/somesh/Desktop/onehearthealth/ast-heart-quality/data_processed/PhysioNet2022/training_data/78592_TV.wav,1,0.9999999998591274
/Users/somesh/Desktop/onehearthealth/ast-heart-quality/data_processed/PhysioNet2022/training_data/84688_MV.wav,1,0.9999999998314392
/Users/somesh/Desktop/onehearthealth/ast-heart-quality/data_processed/PhysioNet2022/training_data/84699_AV.wav,1,0.9969077028385932
/Users/somesh/Desktop/onehearthealth/ast-heart-quality/data_processed/PhysioNet2022/training_data/84699_MV.wav,1,0.993637268548155
/Users/somesh/Desktop/onehearthealth/ast-heart-quality/data_processed/PhysioNet2022/training_data/84699_PV.wav,1,0.9999999999965883
/Users/somesh/Desktop/onehearthealth/ast-heart-quality/data_processed/PhysioNet2022/training_data/84699_TV.wav,1,0.999999999999518
/Users/somesh/Desktop/onehearthealth/ast-heart-quality/data_processed/PhysioNet2022/training_data/84709_AV.wav,1,0.9999999988384842
/Users/somesh/Desktop/onehearthealth/ast-heart-quality/data_processed/PhysioNet2022/training_data/84709_MV.wav,1,0.9999999551919204
/Users/somesh/Desktop/onehearthealth/ast-heart-quality/data_processed/PhysioNet2022/training_data/84709_PV.wav,1,0.9999979356857311
/Users/somesh/Desktop/onehearthealth/ast-heart-quality/data_processed/PhysioNet2022/training_data/84709_TV.wav,1,0.9427208494206644
/Users/somesh/Desktop/onehearthealth/ast-heart-quality/data_processed/PhysioNet2022/training_data/84714_AV.wav,1,0.9999999970161542
/Users/somesh/Desktop/onehearthealth/ast-heart-quality/data_processed/PhysioNet2022/training_data/84714_MV.wav,1,0.9999999999738068
/Users/somesh/Desktop/onehearthealth/ast-heart-quality/data_processed/PhysioNet2022/training_data/84714_TV.wav,1,0.9999990992156597
/Users/somesh/Desktop/onehearthealth/ast-heart-quality/data_processed/PhysioNet2022/training_data/84720_AV.wav,1,0.9999983824901777
/Users/somesh/Desktop/onehearthealth/ast-heart-quality/data_processed/PhysioNet2022/training_data/84724_AV.wav,1,0.999987361918098
/Users/somesh/Desktop/onehearthealth/ast-heart-quality/data_processed/PhysioNet2022/training_data/84724_MV.wav,1,0.999999999790863
/Users/somesh/Desktop/onehearthealth/ast-heart-quality/data_processed/PhysioNet2022/training_data/84724_PV.wav,1,0.29652740460349103
/Users/somesh/Desktop/onehearthealth/ast-heart-quality/data_processed/PhysioNet2022/training_data/84724_TV.wav,1,0.9999997636277231
/Users/somesh/Desktop/onehearthealth/ast-heart-quality/data_processed/PhysioNet2022/training_data/84727_AV.wav,1,0.9814527598245842
/Users/somesh/Desktop/onehearthealth/ast-heart-quality/data_processed/PhysioNet2022/training_data/84727_MV.wav,1,0.9999998861209716
/Users/somesh/Desktop/onehearthealth/ast-heart-quality/data_processed/PhysioNet2022/training_data/84727_PV.wav,1,0.9999854332159813
/Users/somesh/Desktop/onehearthealth/ast-heart-quality/data_processed/PhysioNet2022/training_data/84727_TV.wav,1,0.999999999737817
/Users/somesh/Desktop/onehearthealth/ast-heart-quality/data_processed/PhysioNet2022/training_data/84735_AV.wav,1,0.9941644704728514
/Users/somesh/Desktop/onehearthealth/ast-heart-quality/data_processed/PhysioNet2022/training_data/84735_MV.wav,1,0.9999999943917542
/Users/somesh/Desktop/onehearthealth/ast-heart-quality/data_processed/PhysioNet2022/training_data/84735_PV.wav,1,0.9961308910382404
/Users/somesh/Desktop/onehearthealth/ast-heart-quality/data_processed/PhysioNet2022/training_data/84735_TV.wav,1,0.99999995478042
/Users/somesh/Desktop/onehearthealth/ast-heart-quality/data_processed/PhysioNet2022/training_data/84742_AV.wav,1,0.9999993169676953
/Users/somesh/Desktop/onehearthealth/ast-heart-quality/data_processed/PhysioNet2022/training_data/84742_MV.wav,1,0.9999999999935907
/Users/somesh/Desktop/onehearthealth/ast-heart-quality/data_processed/PhysioNet2022/training_data/84742_PV.wav,1,0.9999999993730481
/Users/somesh/Desktop/onehearthealth/ast-heart-quality/data_processed/PhysioNet2022/training_data/84742_TV.wav,1,0.9999999999948261
/Users/somesh/Desktop/onehearthealth/ast-heart-quality/data_processed/PhysioNet2022/training_data/84743_AV.wav,1,0.987850017587789
/Users/somesh/Desktop/onehearthealth/ast-heart-quality/data_processed/PhysioNet2022/training_data/84743_MV.wav,1,0.9999999925488319
/Users/somesh/Desktop/onehearthealth/ast-heart-quality/data_processed/PhysioNet2022/training_data/84743_PV.wav,1,0.9999998121841078
/Users/somesh/Desktop/onehearthealth/ast-heart-quality/data_processed/PhysioNet2022/training_data/84743_TV.wav,1,0.9999911392117143
/Users/somesh/Desktop/onehearthealth/ast-heart-quality/data_processed/PhysioNet2022/training_data/84747_TV.wav,1,0.999999999417592
/Users/somesh/Desktop/onehearthealth/ast-heart-quality/data_processed/PhysioNet2022/training_data/84749_AV.wav,1,0.9999979188574044
/Users/somesh/Desktop/onehearthealth/ast-heart-quality/data_processed/PhysioNet2022/training_data/84749_MV.wav,1,0.9999999452682417
/Users/somesh/Desktop/onehearthealth/ast-heart-quality/data_processed/PhysioNet2022/training_data/84749_PV.wav,1,0.9999999999965697
/Users/somesh/Desktop/onehearthealth/ast-heart-quality/data_processed/PhysioNet2022/training_data/84749_TV.wav,1,0.9953531929571348
/Users/somesh/Desktop/onehearthealth/ast-heart-quality/data_processed/PhysioNet2022/training_data/84750_AV.wav,1,0.9948083259848313
/Users/somesh/Desktop/onehearthealth/ast-heart-quality/data_processed/PhysioNet2022/training_data/84750_MV.wav,1,0.999999999855145
/Users/somesh/Desktop/onehearthealth/ast-heart-quality/data_processed/PhysioNet2022/training_data/84750_PV.wav,1,0.9999999999659933
/Users/somesh/Desktop/onehearthealth/ast-heart-quality/data_processed/PhysioNet2022/training_data/84750_TV.wav,1,0.9999999993620261
/Users/somesh/Desktop/onehearthealth/ast-heart-quality/data_processed/PhysioNet2022/training_data/84758_AV.wav,1,0.9999999829116961
/Users/somesh/Desktop/onehearthealth/ast-heart-quality/data_processed/PhysioNet2022/training_data/84758_MV.wav,1,0.9999999982596588
/Users/somesh/Desktop/onehearthealth/ast-heart-quality/data_processed/PhysioNet2022/training_data/84758_PV.wav,1,0.9999993187470088
/Users/somesh/Desktop/onehearthealth/ast-heart-quality/data_processed/PhysioNet2022/training_data/84758_TV.wav,1,0.999999734533216
/Users/somesh/Desktop/onehearthealth/ast-heart-quality/data_processed/PhysioNet2022/training_data/84785_AV.wav,1,0.9999999979630608
/Users/somesh/Desktop/onehearthealth/ast-heart-quality/data_processed/PhysioNet2022/training_data/84785_MV.wav,1,0.9999999747719331
/Users/somesh/Desktop/onehearthealth/ast-heart-quality/data_processed/PhysioNet2022/training_data/84785_PV.wav,1,0.9881572699225807
/Users/somesh/Desktop/onehearthealth/ast-heart-quality/data_processed/PhysioNet2022/training_data/84785_TV.wav,1,0.9999999097841454
/Users/somesh/Desktop/onehearthealth/ast-heart-quality/data_processed/PhysioNet2022/training_data/84798_AV.wav,1,0.9999999997841084
/Users/somesh/Desktop/onehearthealth/ast-heart-quality/data_processed/PhysioNet2022/training_data/84798_MV.wav,1,0.9999997613296526
/Users/somesh/Desktop/onehearthealth/ast-heart-quality/data_processed/PhysioNet2022/training_data/84798_PV.wav,1,0.9999999999996649
/Users/somesh/Desktop/onehearthealth/ast-heart-quality/data_processed/PhysioNet2022/training_data/84798_TV.wav,1,0.9999999999435919
/Users/somesh/Desktop/onehearthealth/ast-heart-quality/data_processed/PhysioNet2022/training_data/84809_AV.wav,1,0.9999987118458926
/Users/somesh/Desktop/onehearthealth/ast-heart-quality/data_processed/PhysioNet2022/training_data/84809_MV.wav,1,0.9999994427001193
/Users/somesh/Desktop/onehearthealth/ast-heart-quality/data_processed/PhysioNet2022/training_data/84809_PV.wav,1,0.999999993399841
/Users/somesh/Desktop/onehearthealth/ast-heart-quality/data_processed/PhysioNet2022/training_data/84809_TV.wav,1,0.9999999991203472
/Users/somesh/Desktop/onehearthealth/ast-heart-quality/data_processed/PhysioNet2022/training_data/84835_AV.wav,1,0.9999998493956019
/Users/somesh/Desktop/onehearthealth/ast-heart-quality/data_processed/PhysioNet2022/training_data/84835_MV.wav,1,0.9999999971526545
/Users/somesh/Desktop/onehearthealth/ast-heart-quality/data_processed/PhysioNet2022/training_data/84835_PV.wav,1,0.9999961280955364
/Users/somesh/Desktop/onehearthealth/ast-heart-quality/data_processed/PhysioNet2022/training_data/84835_TV.wav,1,0.9999999999508457
/Users/somesh/Desktop/onehearthealth/ast-heart-quality/data_processed/PhysioNet2022/training_data/84837_AV.wav,1,0.9999999945812805
/Users/somesh/Desktop/onehearthealth/ast-heart-quality/data_processed/PhysioNet2022/training_data/84837_PV.wav,1,0.9999994294607814
/Users/somesh/Desktop/onehearthealth/ast-heart-quality/data_processed/PhysioNet2022/training_data/84840_MV.wav,1,0.9999997844702221
/Users/somesh/Desktop/onehearthealth/ast-heart-quality/data_processed/PhysioNet2022/training_data/84840_TV.wav,1,0.9999999618238161
/Users/somesh/Desktop/onehearthealth/ast-heart-quality/data_processed/PhysioNet2022/training_data/84861_AV.wav,1,0.9633193425812326
/Users/somesh/Desktop/onehearthealth/ast-heart-quality/data_processed/PhysioNet2022/training_data/84861_MV.wav,1,0.9999992293370592
/Users/somesh/Desktop/onehearthealth/ast-heart-quality/data_processed/PhysioNet2022/training_data/84861_PV.wav,1,0.9999999988690192
/Users/somesh/Desktop/onehearthealth/ast-heart-quality/data_processed/PhysioNet2022/training_data/84861_TV.wav,1,0.9921540410617042
/Users/somesh/Desktop/onehearthealth/ast-heart-quality/data_processed/PhysioNet2022/training_data/84870_AV.wav,1,0.9963872066641476
/Users/somesh/Desktop/onehearthealth/ast-heart-quality/data_processed/PhysioNet2022/training_data/84870_MV.wav,1,0.9999999914858014
/Users/somesh/Desktop/onehearthealth/ast-heart-quality/data_processed/PhysioNet2022/training_data/84870_PV.wav,1,0.9999999999192335
/Users/somesh/Desktop/onehearthealth/ast-heart-quality/data_processed/PhysioNet2022/training_data/84870_TV.wav,1,0.9999999999802162
/Users/somesh/Desktop/onehearthealth/ast-heart-quality/data_processed/PhysioNet2022/training_data/84877_AV.wav,1,0.9999989972944593
/Users/somesh/Desktop/onehearthealth/ast-heart-quality/data_processed/PhysioNet2022/training_data/84877_MV.wav,1,0.9999999997767073
/Users/somesh/Desktop/onehearthealth/ast-heart-quality/data_processed/PhysioNet2022/training_data/84877_PV.wav,1,0.9999999999958187
/Users/somesh/Desktop/onehearthealth/ast-heart-quality/data_processed/PhysioNet2022/training_data/84877_TV.wav,1,0.9999999994652282
/Users/somesh/Desktop/onehearthealth/ast-heart-quality/data_processed/PhysioNet2022/training_data/84885_AV.wav,1,0.9889747073373858
/Users/somesh/Desktop/onehearthealth/ast-heart-quality/data_processed/PhysioNet2022/training_data/84885_MV.wav,1,0.9999999649687814
/Users/somesh/Desktop/onehearthealth/ast-heart-quality/data_processed/PhysioNet2022/training_data/84890_AV.wav,1,0.9999997315229128
/Users/somesh/Desktop/onehearthealth/ast-heart-quality/data_processed/PhysioNet2022/training_data/84890_MV.wav,1,0.9999999994578798
/Users/somesh/Desktop/onehearthealth/ast-heart-quality/data_processed/PhysioNet2022/training_data/84890_PV.wav,1,0.9999999999901557
/Users/somesh/Desktop/onehearthealth/ast-heart-quality/data_processed/PhysioNet2022/training_data/84890_TV.wav,1,0.9999997966925576
/Users/somesh/Desktop/onehearthealth/ast-heart-quality/data_processed/PhysioNet2022/training_data/84893_AV.wav,1,0.9999999991040142
/Users/somesh/Desktop/onehearthealth/ast-heart-quality/data_processed/PhysioNet2022/training_data/84893_PV.wav,1,0.9999939814024409
/Users/somesh/Desktop/onehearthealth/ast-heart-quality/data_processed/PhysioNet2022/training_data/84894_AV.wav,1,0.9999999980140645
/Users/somesh/Desktop/onehearthealth/ast-heart-quality/data_processed/PhysioNet2022/training_data/84894_MV.wav,1,0.9999999999354532
/Users/somesh/Desktop/onehearthealth/ast-heart-quality/data_processed/PhysioNet2022/training_data/84894_PV.wav,1,0.9999999999534233
/Users/somesh/Desktop/onehearthealth/ast-heart-quality/data_processed/PhysioNet2022/training_data/84894_TV.wav,1,0.9999999999995721
/Users/somesh/Desktop/onehearthealth/ast-heart-quality/data_processed/PhysioNet2022/training_data/84917_AV.wav,1,0.9999984652871634
/Users/somesh/Desktop/onehearthealth/ast-heart-quality/data_processed/PhysioNet2022/training_data/84917_MV.wav,1,0.9999985032598702
/Users/somesh/Desktop/onehearthealth/ast-heart-quality/data_processed/PhysioNet2022/training_data/84917_PV.wav,1,0.9999851445158157
/Users/somesh/Desktop/onehearthealth/ast-heart-quality/data_processed/PhysioNet2022/training_data/84917_TV.wav,1,0.9999999999929868
/Users/somesh/Desktop/onehearthealth/ast-heart-quality/data_processed/PhysioNet2022/training_data/84921_AV.wav,1,0.9959650190432605
/Users/somesh/Desktop/onehearthealth/ast-heart-quality/data_processed/PhysioNet2022/training_data/84921_MV.wav,1,0.9999999990142061
/Users/somesh/Desktop/onehearthealth/ast-heart-quality/data_processed/PhysioNet2022/training_data/84921_PV.wav,1,0.9999999999993425
/Users/somesh/Desktop/onehearthealth/ast-heart-quality/data_processed/PhysioNet2022/training_data/84921_TV.wav,1,0.9999999202823345
/Users/somesh/Desktop/onehearthealth/ast-heart-quality/data_processed/PhysioNet2022/training_data/84930_AV.wav,1,0.9999819908939057
/Users/somesh/Desktop/onehearthealth/ast-heart-quality/data_processed/PhysioNet2022/training_data/84930_MV.wav,1,0.9999999995252542
/Users/somesh/Desktop/onehearthealth/ast-heart-quality/data_processed/PhysioNet2022/training_data/84930_PV.wav,1,0.9999999613014353
/Users/somesh/Desktop/onehearthealth/ast-heart-quality/data_processed/PhysioNet2022/training_data/84930_TV.wav,1,0.9962718594631581
/Users/somesh/Desktop/onehearthealth/ast-heart-quality/data_processed/PhysioNet2022/training_data/84937_AV.wav,1,0.9999999328799134
/Users/somesh/Desktop/onehearthealth/ast-heart-quality/data_processed/PhysioNet2022/training_data/84937_MV.wav,1,0.9999978589700905
/Users/somesh/Desktop/onehearthealth/ast-heart-quality/data_processed/PhysioNet2022/training_data/84937_PV.wav,1,0.9999997578681585
/Users/somesh/Desktop/onehearthealth/ast-heart-quality/data_processed/PhysioNet2022/training_data/84937_TV.wav,1,0.9999998145531587
/Users/somesh/Desktop/onehearthealth/ast-heart-quality/data_processed/PhysioNet2022/training_data/84939_AV.wav,1,0.9999999994232635
/Users/somesh/Desktop/onehearthealth/ast-heart-quality/data_processed/PhysioNet2022/training_data/84939_MV.wav,1,0.9999999983459553
/Users/somesh/Desktop/onehearthealth/ast-heart-quality/data_processed/PhysioNet2022/training_data/84939_PV.wav,1,0.9999971174169086
/Users/somesh/Desktop/onehearthealth/ast-heart-quality/data_processed/PhysioNet2022/training_data/84939_TV.wav,1,0.9914954718414314
/Users/somesh/Desktop/onehearthealth/ast-heart-quality/data_processed/PhysioNet2022/training_data/84945_AV.wav,1,0.9999999517871423
/Users/somesh/Desktop/onehearthealth/ast-heart-quality/data_processed/PhysioNet2022/training_data/84945_MV.wav,1,0.9999999733959041
/Users/somesh/Desktop/onehearthealth/ast-heart-quality/data_processed/PhysioNet2022/training_data/84945_PV.wav,1,0.9999963791978549
/Users/somesh/Desktop/onehearthealth/ast-heart-quality/data_processed/PhysioNet2022/training_data/84945_TV.wav,1,0.9960999025656267
/Users/somesh/Desktop/onehearthealth/ast-heart-quality/data_processed/PhysioNet2022/training_data/84947_AV.wav,1,0.9999999864467134
/Users/somesh/Desktop/onehearthealth/ast-heart-quality/data_processed/PhysioNet2022/training_data/84947_MV.wav,1,0.9999999999916297
/Users/somesh/Desktop/onehearthealth/ast-heart-quality/data_processed/PhysioNet2022/training_data/84947_PV.wav,1,0.9999999999422697
/Users/somesh/Desktop/onehearthealth/ast-heart-quality/data_processed/PhysioNet2022/training_data/84947_TV.wav,1,0.9999999999984731
/Users/somesh/Desktop/onehearthealth/ast-heart-quality/data_processed/PhysioNet2022/training_data/84969_MV.wav,1,0.8120730965480711
/Users/somesh/Desktop/onehearthealth/ast-heart-quality/data_processed/PhysioNet2022/training_data/84984_MV.wav,1,0.9961042365066108
/Users/somesh/Desktop/onehearthealth/ast-heart-quality/data_processed/PhysioNet2022/training_data/84984_PV.wav,1,0.996288562793751
/Users/somesh/Desktop/onehearthealth/ast-heart-quality/data_processed/PhysioNet2022/training_data/84988_AV.wav,1,0.9999999994446187
/Users/somesh/Desktop/onehearthealth/ast-heart-quality/data_processed/PhysioNet2022/training_data/84988_MV.wav,1,0.9999998951215475
/Users/somesh/Desktop/onehearthealth/ast-heart-quality/data_processed/PhysioNet2022/training_data/84988_PV.wav,1,0.9999999908257434
/Users/somesh/Desktop/onehearthealth/ast-heart-quality/data_processed/PhysioNet2022/training_data/84992_AV.wav,1,0.9999998877141277
/Users/somesh/Desktop/onehearthealth/ast-heart-quality/data_processed/PhysioNet2022/training_data/84992_PV.wav,1,0.9449119764010863
/Users/somesh/Desktop/onehearthealth/ast-heart-quality/data_processed/PhysioNet2022/training_data/84992_TV.wav,1,0.9999999999960679
/Users/somesh/Desktop/onehearthealth/ast-heart-quality/data_processed/PhysioNet2022/training_data/84994_AV.wav,1,0.9926120126487964
/Users/somesh/Desktop/onehearthealth/ast-heart-quality/data_processed/PhysioNet2022/training_data/84994_MV.wav,1,0.9999999981273031
/Users/somesh/Desktop/onehearthealth/ast-heart-quality/data_processed/PhysioNet2022/training_data/84994_PV.wav,1,0.9893166091063403
/Users/somesh/Desktop/onehearthealth/ast-heart-quality/data_processed/PhysioNet2022/training_data/84994_TV.wav,1,0.9999999995367183
/Users/somesh/Desktop/onehearthealth/ast-heart-quality/data_processed/PhysioNet2022/training_data/85010_AV.wav,1,0.9999999872768955
/Users/somesh/Desktop/onehearthealth/ast-heart-quality/data_processed/PhysioNet2022/training_data/85010_MV.wav,1,0.9999998946158188
/Users/somesh/Desktop/onehearthealth/ast-heart-quality/data_processed/PhysioNet2022/training_data/85010_PV.wav,1,0.9999986075811689
/Users/somesh/Desktop/onehearthealth/ast-heart-quality/data_processed/PhysioNet2022/training_data/85010_TV.wav,1,0.9999999515475876
/Users/somesh/Desktop/onehearthealth/ast-heart-quality/data_processed/PhysioNet2022/training_data/85033_AV.wav,1,0.9999957536198931
/Users/somesh/Desktop/onehearthealth/ast-heart-quality/data_processed/PhysioNet2022/training_data/85033_MV.wav,1,0.9999999999403598
/Users/somesh/Desktop/onehearthealth/ast-heart-quality/data_processed/PhysioNet2022/training_data/85033_PV.wav,1,0.9999999708025542
/Users/somesh/Desktop/onehearthealth/ast-heart-quality/data_processed/PhysioNet2022/training_data/85033_TV.wav,1,0.9999999170771832
/Users/somesh/Desktop/onehearthealth/ast-heart-quality/data_processed/PhysioNet2022/training_data/85043_MV.wav,1,0.9999999704087531
/Users/somesh/Desktop/onehearthealth/ast-heart-quality/data_processed/PhysioNet2022/training_data/85043_PV.wav,1,0.9999999999999402
/Users/somesh/Desktop/onehearthealth/ast-heart-quality/data_processed/PhysioNet2022/training_data/85043_TV.wav,1,0.9999999999903286
/Users/somesh/Desktop/onehearthealth/ast-heart-quality/data_processed/PhysioNet2022/training_data/85044_AV.wav,1,0.999996217771413
/Users/somesh/Desktop/onehearthealth/ast-heart-quality/data_processed/PhysioNet2022/training_data/85044_PV.wav,1,0.9999999981890472
/Users/somesh/Desktop/onehearthealth/ast-heart-quality/data_processed/PhysioNet2022/training_data/85075_AV.wav,1,0.9999999895705617
/Users/somesh/Desktop/onehearthealth/ast-heart-quality/data_processed/PhysioNet2022/training_data/85075_MV.wav,1,0.9999999993195463
/Users/somesh/Desktop/onehearthealth/ast-heart-quality/data_processed/PhysioNet2022/training_data/85075_PV.wav,1,0.9999990617290474
/Users/somesh/Desktop/onehearthealth/ast-heart-quality/data_processed/PhysioNet2022/training_data/85075_TV.wav,1,0.9999944912268838
/Users/somesh/Desktop/onehearthealth/ast-heart-quality/data_processed/PhysioNet2022/training_data/85076_MV.wav,1,0.9999999992563983
/Users/somesh/Desktop/onehearthealth/ast-heart-quality/data_processed/PhysioNet2022/training_data/85076_PV.wav,1,0.999999974347355
/Users/somesh/Desktop/onehearthealth/ast-heart-quality/data_processed/PhysioNet2022/training_data/85084_AV.wav,1,0.999999893606933
/Users/somesh/Desktop/onehearthealth/ast-heart-quality/data_processed/PhysioNet2022/training_data/85084_PV.wav,1,0.999999994738355
/Users/somesh/Desktop/onehearthealth/ast-heart-quality/data_processed/PhysioNet2022/training_data/85084_TV.wav,1,0.9820145147887293
/Users/somesh/Desktop/onehearthealth/ast-heart-quality/data_processed/PhysioNet2022/training_data/85114_AV.wav,1,0.9999999999990049
/Users/somesh/Desktop/onehearthealth/ast-heart-quality/data_processed/PhysioNet2022/training_data/85114_MV.wav,1,0.9999999999855239
/Users/somesh/Desktop/onehearthealth/ast-heart-quality/data_processed/PhysioNet2022/training_data/85114_PV.wav,1,0.999999999616172
/Users/somesh/Desktop/onehearthealth/ast-heart-quality/data_processed/PhysioNet2022/training_data/85114_TV.wav,1,0.9973875222561525
/Users/somesh/Desktop/onehearthealth/ast-heart-quality/data_processed/PhysioNet2022/training_data/85123_AV.wav,1,0.9999999973622475
/Users/somesh/Desktop/onehearthealth/ast-heart-quality/data_processed/PhysioNet2022/training_data/85123_MV.wav,1,0.9999991772580067
/Users/somesh/Desktop/onehearthealth/ast-heart-quality/data_processed/PhysioNet2022/training_data/85123_PV.wav,1,0.9999999528592256
/Users/somesh/Desktop/onehearthealth/ast-heart-quality/data_processed/PhysioNet2022/training_data/85123_TV.wav,1,0.9999982467916553
/Users/somesh/Desktop/onehearthealth/ast-heart-quality/data_processed/PhysioNet2022/training_data/85124_AV.wav,1,0.8440917203021151
/Users/somesh/Desktop/onehearthealth/ast-heart-quality/data_processed/PhysioNet2022/training_data/85124_MV.wav,1,0.9999999960156434
/Users/somesh/Desktop/onehearthealth/ast-heart-quality/data_processed/PhysioNet2022/training_data/85124_PV.wav,1,0.6031733214172921
/Users/somesh/Desktop/onehearthealth/ast-heart-quality/data_processed/PhysioNet2022/training_data/85124_TV.wav,1,0.9973485841185047
/Users/somesh/Desktop/onehearthealth/ast-heart-quality/data_processed/PhysioNet2022/training_data/85133_AV.wav,1,0.9963384591013327
/Users/somesh/Desktop/onehearthealth/ast-heart-quality/data_processed/PhysioNet2022/training_data/85133_MV.wav,1,0.9809262046428864
/Users/somesh/Desktop/onehearthealth/ast-heart-quality/data_processed/PhysioNet2022/training_data/85133_PV.wav,1,0.9999989914715577
/Users/somesh/Desktop/onehearthealth/ast-heart-quality/data_processed/PhysioNet2022/training_data/85133_TV.wav,1,0.9999984644573197
/Users/somesh/Desktop/onehearthealth/ast-heart-quality/data_processed/PhysioNet2022/training_data/85135_MV.wav,1,0.9999999961781109
/Users/somesh/Desktop/onehearthealth/ast-heart-quality/data_processed/PhysioNet2022/training_data/85135_PV.wav,1,0.9999999999900405
/Users/somesh/Desktop/onehearthealth/ast-heart-quality/data_processed/PhysioNet2022/training_data/85135_TV.wav,1,0.999998854433528
/Users/somesh/Desktop/onehearthealth/ast-heart-quality/data_processed/PhysioNet2022/training_data/85140_AV.wav,1,0.9999999945358594
/Users/somesh/Desktop/onehearthealth/ast-heart-quality/data_processed/PhysioNet2022/training_data/85140_MV.wav,1,0.9999997057181566
/Users/somesh/Desktop/onehearthealth/ast-heart-quality/data_processed/PhysioNet2022/training_data/85140_PV.wav,1,0.9999999593367482
/Users/somesh/Desktop/onehearthealth/ast-heart-quality/data_processed/PhysioNet2022/training_data/85145_MV.wav,1,0.9999999997823352
/Users/somesh/Desktop/onehearthealth/ast-heart-quality/data_processed/PhysioNet2022/training_data/85148_AV.wav,1,0.9999986249271535
/Users/somesh/Desktop/onehearthealth/ast-heart-quality/data_processed/PhysioNet2022/training_data/85148_MV.wav,1,0.9738207359597164
/Users/somesh/Desktop/onehearthealth/ast-heart-quality/data_processed/PhysioNet2022/training_data/85148_PV.wav,1,0.15423101863402006
/Users/somesh/Desktop/onehearthealth/ast-heart-quality/data_processed/PhysioNet2022/training_data/85148_TV.wav,1,0.9999974340735913
/Users/somesh/Desktop/onehearthealth/ast-heart-quality/data_processed/PhysioNet2022/training_data/85155_AV.wav,1,0.9893873294584119
/Users/somesh/Desktop/onehearthealth/ast-heart-quality/data_processed/PhysioNet2022/training_data/85166_AV.wav,1,0.9969475572530642
/Users/somesh/Desktop/onehearthealth/ast-heart-quality/data_processed/PhysioNet2022/training_data/85166_MV.wav,1,0.9999997361857169
/Users/somesh/Desktop/onehearthealth/ast-heart-quality/data_processed/PhysioNet2022/training_data/85166_PV.wav,1,0.9999944384428111
/Users/somesh/Desktop/onehearthealth/ast-heart-quality/data_processed/PhysioNet2022/training_data/85166_TV.wav,1,0.9999999999970193
/Users/somesh/Desktop/onehearthealth/ast-heart-quality/data_processed/PhysioNet2022/training_data/85180_AV.wav,1,0.9999998791324164
/Users/somesh/Desktop/onehearthealth/ast-heart-quality/data_processed/PhysioNet2022/training_data/85180_MV.wav,1,0.9999999999088715
/Users/somesh/Desktop/onehearthealth/ast-heart-quality/data_processed/PhysioNet2022/training_data/85180_PV.wav,1,0.9999999677016691
/Users/somesh/Desktop/onehearthealth/ast-heart-quality/data_processed/PhysioNet2022/training_data/85180_TV.wav,1,0.9999999900592711
/Users/somesh/Desktop/onehearthealth/ast-heart-quality/data_processed/PhysioNet2022/training_data/85181_AV.wav,1,0.9761944830020302
/Users/somesh/Desktop/onehearthealth/ast-heart-quality/data_processed/PhysioNet2022/training_data/85181_PV.wav,1,0.21717440279390818
/Users/somesh/Desktop/onehearthealth/ast-heart-quality/data_processed/PhysioNet2022/training_data/85184_AV.wav,1,0.9999996976499421
/Users/somesh/Desktop/onehearthealth/ast-heart-quality/data_processed/PhysioNet2022/training_data/85184_MV.wav,1,0.9742967389811137
/Users/somesh/Desktop/onehearthealth/ast-heart-quality/data_processed/PhysioNet2022/training_data/85184_PV.wav,1,0.9999999997068214
/Users/somesh/Desktop/onehearthealth/ast-heart-quality/data_processed/PhysioNet2022/training_data/85184_TV.wav,1,0.35265694099280753
/Users/somesh/Desktop/onehearthealth/ast-heart-quality/data_processed/PhysioNet2022/training_data/85192_AV.wav,1,0.9999999491997801
/Users/somesh/Desktop/onehearthealth/ast-heart-quality/data_processed/PhysioNet2022/training_data/85192_MV.wav,1,0.9999999999913954
/Users/somesh/Desktop/onehearthealth/ast-heart-quality/data_processed/PhysioNet2022/training_data/85192_PV.wav,1,0.9999840043196154
/Users/somesh/Desktop/onehearthealth/ast-heart-quality/data_processed/PhysioNet2022/training_data/85192_TV.wav,1,0.9999999998166206
/Users/somesh/Desktop/onehearthealth/ast-heart-quality/data_processed/PhysioNet2022/training_data/85197_AV.wav,1,0.9999999998794602
/Users/somesh/Desktop/onehearthealth/ast-heart-quality/data_processed/PhysioNet2022/training_data/85197_MV.wav,1,0.9999999999993765
/Users/somesh/Desktop/onehearthealth/ast-heart-quality/data_processed/PhysioNet2022/training_data/85197_PV.wav,1,0.9999999999696059
/Users/somesh/Desktop/onehearthealth/ast-heart-quality/data_processed/PhysioNet2022/training_data/85197_TV.wav,1,0.9999999999943494
/Users/somesh/Desktop/onehearthealth/ast-heart-quality/data_processed/PhysioNet2022/training_data/85213_AV.wav,1,0.999997955195825
/Users/somesh/Desktop/onehearthealth/ast-heart-quality/data_processed/PhysioNet2022/training_data/85213_MV.wav,1,0.9999999947001924
/Users/somesh/Desktop/onehearthealth/ast-heart-quality/data_processed/PhysioNet2022/training_data/85213_PV.wav,1,0.9999979274412387
/Users/somesh/Desktop/onehearthealth/ast-heart-quality/data_processed/PhysioNet2022/training_data/85213_TV.wav,1,0.9999985966986173
/Users/somesh/Desktop/onehearthealth/ast-heart-quality/data_processed/PhysioNet2022/training_data/85235_AV.wav,1,0.9999999811458248
/Users/somesh/Desktop/onehearthealth/ast-heart-quality/data_processed/PhysioNet2022/training_data/85235_MV.wav,1,0.9999995684751278
/Users/somesh/Desktop/onehearthealth/ast-heart-quality/data_processed/PhysioNet2022/training_data/85235_PV.wav,1,0.9999999970721988
/Users/somesh/Desktop/onehearthealth/ast-heart-quality/data_processed/PhysioNet2022/training_data/85235_TV.wav,1,0.9999997741734801
/Users/somesh/Desktop/onehearthealth/ast-heart-quality/data_processed/PhysioNet2022/training_data/85242_MV.wav,1,0.9999991746420426
/Users/somesh/Desktop/onehearthealth/ast-heart-quality/data_processed/PhysioNet2022/training_data/85243_AV.wav,1,0.9999990469146237
/Users/somesh/Desktop/onehearthealth/ast-heart-quality/data_processed/PhysioNet2022/training_data/85243_PV.wav,1,0.9999999928726322
/Users/somesh/Desktop/onehearthealth/ast-heart-quality/data_processed/PhysioNet2022/training_data/85245_AV.wav,1,0.9823926249621422
/Users/somesh/Desktop/onehearthealth/ast-heart-quality/data_processed/PhysioNet2022/training_data/85245_PV.wav,1,0.9999988511978145
/Users/somesh/Desktop/onehearthealth/ast-heart-quality/data_processed/PhysioNet2022/training_data/85245_TV.wav,1,0.9999987307370172
/Users/somesh/Desktop/onehearthealth/ast-heart-quality/data_processed/PhysioNet2022/training_data/85249_AV.wav,1,0.9999999810735033
/Users/somesh/Desktop/onehearthealth/ast-heart-quality/data_processed/PhysioNet2022/training_data/85249_MV.wav,1,0.999999999691179
/Users/somesh/Desktop/onehearthealth/ast-heart-quality/data_processed/PhysioNet2022/training_data/85249_PV.wav,1,0.9999999798544004
/Users/somesh/Desktop/onehearthealth/ast-heart-quality/data_processed/PhysioNet2022/training_data/85249_TV.wav,1,0.9999999997429437
/Users/somesh/Desktop/onehearthealth/ast-heart-quality/data_processed/PhysioNet2022/training_data/85261_AV.wav,1,0.9999979724385435
/Users/somesh/Desktop/onehearthealth/ast-heart-quality/data_processed/PhysioNet2022/training_data/85261_MV.wav,1,0.9999999999692594
/Users/somesh/Desktop/onehearthealth/ast-heart-quality/data_processed/PhysioNet2022/training_data/85261_PV.wav,1,0.999992150697272
/Users/somesh/Desktop/onehearthealth/ast-heart-quality/data_processed/PhysioNet2022/training_data/85261_TV.wav,1,0.9999943187221949
/Users/somesh/Desktop/onehearthealth/ast-heart-quality/data_processed/PhysioNet2022/training_data/85262_AV.wav,1,0.9575826794990452
/Users/somesh/Desktop/onehearthealth/ast-heart-quality/data_processed/PhysioNet2022/training_data/85262_MV.wav,1,0.9999999999996892
/Users/somesh/Desktop/onehearthealth/ast-heart-quality/data_processed/PhysioNet2022/training_data/85262_PV.wav,1,0.9999999824598703
/Users/somesh/Desktop/onehearthealth/ast-heart-quality/data_processed/PhysioNet2022/training_data/85262_TV.wav,1,0.9955137195706133
/Users/somesh/Desktop/onehearthealth/ast-heart-quality/data_processed/PhysioNet2022/training_data/85265_AV.wav,1,0.9999992160111034
/Users/somesh/Desktop/onehearthealth/ast-heart-quality/data_processed/PhysioNet2022/training_data/85265_MV.wav,1,0.9999999959482743
/Users/somesh/Desktop/onehearthealth/ast-heart-quality/data_processed/PhysioNet2022/training_data/85265_PV.wav,1,0.9322316080418322
/Users/somesh/Desktop/onehearthealth/ast-heart-quality/data_processed/PhysioNet2022/training_data/85265_TV.wav,1,0.9999959955058634
/Users/somesh/Desktop/onehearthealth/ast-heart-quality/data_processed/PhysioNet2022/training_data/85287_MV.wav,1,0.9999938002370351
/Users/somesh/Desktop/onehearthealth/ast-heart-quality/data_processed/PhysioNet2022/training_data/85287_PV.wav,1,0.9999997230646588
/Users/somesh/Desktop/onehearthealth/ast-heart-quality/data_processed/PhysioNet2022/training_data/85287_TV.wav,1,0.999999995731989
/Users/somesh/Desktop/onehearthealth/ast-heart-quality/data_processed/PhysioNet2022/training_data/85288_AV.wav,1,0.9999983182904358
/Users/somesh/Desktop/onehearthealth/ast-heart-quality/data_processed/PhysioNet2022/training_data/85288_MV.wav,1,0.9999999992580636
/Users/somesh/Desktop/onehearthealth/ast-heart-quality/data_processed/PhysioNet2022/training_data/85288_PV.wav,1,0.9792236433445475
/Users/somesh/Desktop/onehearthealth/ast-heart-quality/data_processed/PhysioNet2022/training_data/85288_TV.wav,1,0.9999999713716454
/Users/somesh/Desktop/onehearthealth/ast-heart-quality/data_processed/PhysioNet2022/training_data/85321_PV.wav,1,0.9999999991244994
/Users/somesh/Desktop/onehearthealth/ast-heart-quality/data_processed/PhysioNet2022/training_data/85321_TV.wav,1,0.9999999733549032
/Users/somesh/Desktop/onehearthealth/ast-heart-quality/data_processed/PhysioNet2022/training_data/85331_AV.wav,1,0.9999999999913998
/Users/somesh/Desktop/onehearthealth/ast-heart-quality/data_processed/PhysioNet2022/training_data/85331_MV.wav,1,0.9999999999860711
/Users/somesh/Desktop/onehearthealth/ast-heart-quality/data_processed/PhysioNet2022/training_data/85331_PV.wav,1,0.9999999999251358
/Users/somesh/Desktop/onehearthealth/ast-heart-quality/data_processed/PhysioNet2022/training_data/85331_TV.wav,1,0.9999999999012507
/Users/somesh/Desktop/onehearthealth/ast-heart-quality/data_processed/PhysioNet2022/training_data/85336_AV.wav,1,0.999999999718452
/Users/somesh/Desktop/onehearthealth/ast-heart-quality/data_processed/PhysioNet2022/training_data/85336_MV.wav,1,0.9999999967863561
/Users/somesh/Desktop/onehearthealth/ast-heart-quality/data_processed/PhysioNet2022/training_data/85338_AV.wav,1,0.9999999999756473
/Users/somesh/Desktop/onehearthealth/ast-heart-quality/data_processed/PhysioNet2022/training_data/85338_MV.wav,1,0.9999999904235545
/Users/somesh/Desktop/onehearthealth/ast-heart-quality/data_processed/PhysioNet2022/training_data/85338_PV.wav,1,0.9679455534091377
/Users/somesh/Desktop/onehearthealth/ast-heart-quality/data_processed/PhysioNet2022/training_data/85338_TV.wav,1,0.9999999949851128
/Users/somesh/Desktop/onehearthealth/ast-heart-quality/data_processed/PhysioNet2022/training_data/85341_AV.wav,1,0.8988571106953923
/Users/somesh/Desktop/onehearthealth/ast-heart-quality/data_processed/PhysioNet2022/training_data/85341_MV.wav,1,0.99999993706065
/Users/somesh/Desktop/onehearthealth/ast-heart-quality/data_processed/PhysioNet2022/training_data/85341_PV.wav,1,0.999999977955033
/Users/somesh/Desktop/onehearthealth/ast-heart-quality/data_processed/PhysioNet2022/training_data/85341_TV.wav,1,0.9999990832642187
/Users/somesh/Desktop/onehearthealth/ast-heart-quality/data_processed/PhysioNet2022/training_data/85343_AV.wav,1,0.8716888130770214
/Users/somesh/Desktop/onehearthealth/ast-heart-quality/data_processed/PhysioNet2022/training_data/85343_MV.wav,1,0.9999999708646483
/Users/somesh/Desktop/onehearthealth/ast-heart-quality/data_processed/PhysioNet2022/training_data/85343_PV.wav,1,0.9999999405516974
/Users/somesh/Desktop/onehearthealth/ast-heart-quality/data_processed/PhysioNet2022/training_data/85343_TV.wav,1,0.9955218197033955
noise,0,0.002845430542460238
noise,0,7.90947411494711e-05
noise,0,0.007493005211047118
noise,0,0.0021142381308231974
noise,0,0.003002573959300537
noise,0,0.005278656949223155
noise,0,0.001295302957550812
noise,0,0.0010328096322054338
noise,0,4.058470800090196e-05
noise,0,7.544596183984443e-05
noise,0,7.602668649798573e-06
noise,0,0.0030611166753517086
noise,0,0.0010025465956163793
noise,0,0.0004129093458018874
noise,0,6.872896102664477e-06
noise,0,0.0038990619053699696
noise,0,0.003944512726674214
noise,0,0.0009023468358804451
noise,0,3.823083829727516e-06
noise,0,0.00016242043978438288
noise,0,0.0018769529051100345
noise,0,1.2200663130540088e-06
noise,0,8.515620764744238e-06
noise,0,8.739281722242895e-05
noise,0,0.00015972804954556225
noise,0,1.3086178196541063e-05
noise,0,1.2271152876106834e-06
noise,0,3.766658711347579e-06
noise,0,0.005425124188930176
noise,0,0.0013212258680867267
noise,0,1.7282011386345187e-05
noise,0,0.39590455949963377
noise,0,0.0016114399313300848
noise,0,3.381951400990959e-05
noise,0,3.064402538034767e-05
noise,0,0.0001772730640296215
noise,0,0.0033544864858146765
noise,0,0.0010760505698656506
noise,0,0.00021428419514573906
noise,0,0.0001473712470350715
noise,0,0.0023723306889954247
noise,0,0.0006383083661813864
noise,0,0.0008883408581765631
noise,0,7.823471108066747e-06
noise,0,0.0001343703335492475
noise,0,8.207067977741504e-06
noise,0,0.00033138011775982217
noise,0,0.002096692427007916
noise,0,0.0003927583789848376
noise,0,3.6617162767634323e-05
noise,0,0.0021481972130396976
noise,0,0.0002671329934739992
noise,0,0.032879774267948976
noise,0,2.7163640621354447e-07
noise,0,0.00011391909654957737
noise,0,3.715964581494902e-05
noise,0,3.649680168242861e-05
noise,0,1.1438099454595077e-05
noise,0,0.00014448749497583942
noise,0,0.0019264255333581546
noise,0,0.003553327595867674
noise,0,0.00011738076523415438
noise,0,0.00019851374935812204
noise,0,0.0014347431837820398
noise,0,3.551871186947796e-05
noise,0,0.0014604184994054397
noise,0,0.0035950773453774423
noise,0,2.1216126013081437e-05
noise,0,7.076715834376437e-05
noise,0,0.010248966319477745
noise,0,0.0003902611754812484
noise,0,0.004506483103577993
noise,0,7.992656551299427e-05
noise,0,0.010183305614578583
noise,0,0.0012116755805362655
noise,0,0.000255396076031999
noise,0,0.0013520915775805365
noise,0,9.309025299036388e-06
noise,0,5.887375380532542e-07
noise,0,1.7205123452046828e-06
noise,0,2.958232623624927e-06
noise,0,0.0001936342421381182
noise,0,0.0011876729378828754
noise,0,1.346273236118377e-05
noise,0,7.703186939430263e-05
noise,0,0.002449760582632462
noise,0,1.0878638168769299e-05
noise,0,0.9999964626937945
noise,0,6.462873253198111e-06
noise,0,0.37749235275701937
noise,0,1.71529416205371e-05
noise,0,5.459328670717804e-05
noise,0,0.0052475977466339896
noise,0,0.0004936964407193629
noise,0,0.00016827967683358036
noise,0,7.37711498749793e-06
noise,0,2.6147263552130754e-07
noise,0,0.0007710744357502238
noise,0,0.0036382188062099034
noise,0,0.0014533795120045207
noise,0,1.4836695127913455e-05
noise,0,0.0011760581273114969
noise,0,0.00018954107243387126
noise,0,0.0015753658583507369
noise,0,3.1238126197067974e-05
noise,0,0.007495845084152344
noise,0,9.888827098831867e-06
noise,0,0.00036299050222035145
noise,0,0.019289037731580975
noise,0,0.0065494175569166205
noise,0,0.023157761852293932
noise,0,0.027241634396136187
noise,0,0.008159869267118864
noise,0,7.363996417016514e-05
noise,0,2.7759901815270948e-05
noise,0,9.597066003361026e-05
noise,0,2.110140277141255e-05
noise,0,1.7052028240666624e-06
noise,0,0.25816069761334026
noise,0,0.8908965547691178
noise,0,4.268577190906087e-06
noise,0,0.16737865409809896
noise,0,0.00010284305501176183
noise,0,0.0011839499888256608
noise,0,1.2262718704177034e-05
noise,0,0.016666106204179784
noise,0,0.0011116518339093482
noise,0,0.02460274864807819
noise,0,0.00023970522373688373
noise,0,9.365728523273591e-06
noise,0,0.001973021488141868
noise,0,0.0001618723880689959
noise,0,6.65786779665956e-07
noise,0,0.00025084208256544296
noise,0,3.4151318095698604e-05
noise,0,2.050982631107057e-05
noise,0,5.147034321613607e-05
noise,0,0.13407858672244893
noise,0,1.904991775624801e-06
noise,0,3.375268895641996e-07
noise,0,1.8683785640216597e-05
noise,0,0.0005140043122910601
noise,0,4.237228315559954e-06
noise,0,0.0001350570261676653
noise,0,0.00021800380270065
noise,0,0.001892562092238866
noise,0,4.933439759622693e-06
noise,0,0.00040951445548024053
noise,0,0.8486736714766681
noise,0,0.0022328262585662065
noise,0,0.0010342065220133338
noise,0,2.3807178459728827e-05
noise,0,0.0028034002581046615
noise,0,0.06958757572915962
noise,0,4.800851988650338e-05
noise,0,2.158672256941037e-05
noise,0,0.00013250945330240698
noise,0,0.0001609266295493934
noise,0,1.19791041855581e-05
noise,0,0.001879518527608876
noise,0,9.961442899649241e-05
noise,0,0.042721179553387376
noise,0,0.002562761043457831
noise,0,0.6323162266651953
noise,0,0.0001422604801258262
noise,0,1.827873106312756e-05
noise,0,2.2778806475057262e-05
noise,0,0.0038437728345285444
noise,0,0.08177000695123704
noise,0,5.2108202518755885e-05
noise,0,0.46092654386494825
noise,0,6.597955872878428e-05
noise,0,5.845503621791147e-05
noise,0,0.7106147873468112
noise,0,1.8154484794839926e-05
noise,0,9.76333460071276e-05
noise,0,0.0006821463496975944
noise,0,0.001689377540268537
noise,0,0.00022193614508109658
noise,0,0.0016545509517533982
noise,0,0.9778537275481726
noise,0,0.005237481951284184
noise,0,2.017202365020353e-05
noise,0,3.308876706947788e-06
noise,0,0.1074692938600688
noise,0,3.123955746587437e-06
noise,0,8.010306551316324e-06
noise,0,0.0008836008979476841
noise,0,1.1403845613972507e-05
noise,0,1.2304834597902733e-05
noise,0,0.3167409385679796
noise,0,0.0014029420717686807
noise,0,9.597066003361026e-05
noise,0,0.004556308702681653
noise,0,0.00863384620163718
noise,0,1.6923947199649556e-05
noise,0,0.0038221930785145384
noise,0,0.00011266581434008378
noise,0,2.3013244710202831e-07
noise,0,1.0250221168907089e-05
noise,0,4.415149558023392e-06
noise,0,0.08237841928846912
noise,0,1.0752010548310934e-06
noise,0,3.591381492756773e-05
noise,0,0.0007888180231667722
noise,0,0.0018361841672043446
noise,0,0.002265634604658298
noise,0,0.5311077501114118
noise,0,1.81528948981972e-05
noise,0,1.265124784963741e-06
noise,0,0.00016930390751997935
noise,0,9.291510858016484e-06
noise,0,3.0207541366959164e-06
noise,0,0.00023441811553674292
noise,0,0.0011454130518586067
noise,0,0.0005312530990927598
noise,0,1.3518091197498976e-07
noise,0,0.005221874857329305
noise,0,0.999996672808948
noise,0,0.00485699358693865
noise,0,9.194256614517463e-05
noise,0,0.0003222513012859348
noise,0,3.7019325611056996e-05
noise,0,0.002464397359809211
noise,0,0.0041501115731784385
noise,0,0.010788329911153529
noise,0,0.00451981017953807
noise,0,6.699232280057482e-06
noise,0,0.006519926344958509
noise,0,1.4142583666180504e-05
noise,0,0.009715125416140724
noise,0,5.322322592506141e-05
noise,0,0.015766647328502484
noise,0,2.8456273584614842e-05
noise,0,0.004593829740480868
noise,0,5.9731589956830276e-05
noise,0,5.5765963286609623e-05
noise,0,0.7783647988695284
noise,0,4.831615233293827e-06
noise,0,2.510142149111372e-05
noise,0,0.00018370024074602912
noise,0,4.520459412804678e-06
noise,0,0.9700248380313157
noise,0,0.0016871218812683259
noise,0,0.017950509881768627
noise,0,2.4873289549095187e-06
noise,0,2.7522141715112303e-05
noise,0,4.8810367302321425e-06
noise,0,4.2241713818021805e-07
noise,0,4.7534763687385434e-05
noise,0,0.5879543765502608
noise,0,2.3637023533261143e-06
noise,0,7.876756704652377e-06
noise,0,2.5431482418958142e-06
noise,0,5.0880348330661936e-05
noise,0,3.3651681835200167e-06
noise,0,0.00015169208687381474
noise,0,0.002941235171722869
noise,0,0.0016440117995855067
noise,0,0.0020383942459855607
noise,0,1.1450861558061708e-05
noise,0,3.862374516185462e-06
noise,0,8.745247249550534e-05
noise,0,2.876379718332869e-06
noise,0,0.0022844191102847486
noise,0,0.0003553771309569098
noise,0,1.8487945322370246e-05
noise,0,4.327902388036947e-06
noise,0,8.520155967163306e-06
noise,0,8.106743595300136e-06
noise,0,0.0005962807552309187
noise,0,0.0010540992825235878
noise,0,0.0007489070756353557
noise,0,0.0022708151667546342
noise,0,6.239973752479675e-05
noise,0,0.004167939180495772
noise,0,0.00010293091192688674
noise,0,7.950189538297387e-05
noise,0,0.014610248005347755
noise,0,0.00010165855894306115
noise,0,0.0005706782793226012
noise,0,0.00033098463085140826
noise,0,0.0007166100959869167
noise,0,0.00013291767802314037
noise,0,7.858908188798777e-05
noise,0,0.00033879271212440765
noise,0,9.833918524433975e-07
noise,0,8.434900351369866e-06
noise,0,0.0025464630555630035
noise,0,6.839194027289228e-06
noise,0,5.7014867029579114e-05
noise,0,0.0004370549362831434
noise,0,2.53412999048198e-06
noise,0,0.03714663138436874
noise,0,8.792760976240577e-05
noise,0,3.532322455220034e-06
noise,0,1.3883851710656101e-05
noise,0,3.5116159106501697e-05
noise,0,0.06140153108756826
noise,0,2.9356813111180852e-05
noise,0,0.015284766637373895
noise,0,0.0018966038859762004
noise,0,6.6230201041959865e-06
noise,0,4.893283010808756e-05
noise,0,0.0007662160285216729
noise,0,0.9603856917895989
noise,0,9.845277203903921e-05
noise,0,3.889919471035508e-05
noise,0,7.424962889747293e-05
noise,0,0.01138965000148796
noise,0,8.693237442786871e-06
noise,0,3.0281629255725326e-06
noise,0,1.372053101416527e-05
noise,0,1.1604141547648715e-05
noise,0,0.02271568265145146
noise,0,0.00031080995845075333
noise,0,0.000216983540614558
noise,0,8.991990827281353e-07
noise,0,4.417452767782884e-06
noise,0,0.0004177830188417099
noise,0,0.0001811790261396254
noise,0,0.034229513387133655
noise,0,1.992938940161949e-05
noise,0,0.0007453589152176529
noise,0,6.640359448638111e-06
noise,0,0.00016942979811165103
noise,0,0.05587912595543386
noise,0,2.2088612171737984e-06
noise,0,0.0039026634758660577
noise,0,0.4378997181306663
noise,0,0.0003764754700808406
noise,0,0.00016613832989655105
noise,0,0.00035277376614991225
noise,0,0.0009165566964960983
noise,0,1.9251316632419054e-05
noise,0,8.820182901357933e-05
noise,0,1.0143442255596164e-05
noise,0,0.0011052902054752758
noise,0,5.430738168823969e-06
noise,0,5.827744091695252e-05
noise,0,0.0007061992478896663
noise,0,0.0001517679887683039
noise,0,8.202985124193326e-06
noise,0,1.0684128330193312e-05
noise,0,0.00025745719804226244
noise,0,1.8520881372359161e-06
noise,0,0.0028381630257917666
noise,0,0.00011473506450025174
noise,0,0.0028066229852540376
noise,0,8.904333654866178e-06
noise,0,4.12421905463619e-06
noise,0,9.828826514067377e-05
noise,0,0.001365475773945436
noise,0,0.26177223864676596
noise,0,0.006456680726836019
noise,0,0.001188248541762791
noise,0,0.00014232448368752524
noise,0,0.0001949080905827742
noise,0,0.009049352618888519
noise,0,7.21548247719652e-06
noise,0,2.8942483666553523e-05
noise,0,0.6934817401549865
noise,0,0.0001556130908659774
noise,0,3.1178948458074346e-05
noise,0,0.00034188012545355095
noise,0,1.543693705797191e-07
noise,0,0.0020191032349205205
noise,0,0.0009514562102179065
noise,0,8.661282496212023e-05
noise,0,1.6750055464211725e-05
noise,0,7.0635152527452036e-06
noise,0,2.440088364113714e-05
noise,0,0.0015462808153943698
noise,0,4.646787767652759e-05
noise,0,6.488071174155242e-05
noise,0,2.5333865019054757e-05
noise,0,0.0001150405186521282
noise,0,2.661417135437842e-05
noise,0,0.0006781079033875349
noise,0,0.6758841014244946
noise,0,7.071206776178052e-05
noise,0,5.7576399852850204e-05
noise,0,0.0009011416943626752
noise,0,1.8394330282997216e-06
noise,0,0.03265015054582216
noise,0,0.0016009677352329492
noise,0,9.339041384605131e-05
noise,0,6.9522145582285e-05
noise,0,1.968675858737993e-06
noise,0,0.0016576986231108383
noise,0,0.02593155394949473
noise,0,0.0041912224036166484
noise,0,4.3170820914597475e-07
noise,0,0.014225570583699122
noise,0,3.120665032352584e-05
noise,0,0.005518482839522537
noise,0,0.0007074818613582707
noise,0,4.668029028407134e-05
noise,0,6.456045487572453e-06
noise,0,0.008548498632161589
noise,0,0.0012119309621087958
noise,0,1.4518675410199998e-05
noise,0,5.7214738478506154e-05
noise,0,0.0005491404926066789
noise,0,4.671006184648536e-06
noise,0,0.9859733212319574
noise,0,1.9079190044153887e-05
noise,0,0.005624104706575369
noise,0,0.0002611998775231109
noise,0,2.0732135314495674e-06
noise,0,7.525886035546259e-05
noise,0,0.29957558380335475
noise,0,0.0003643026913672984
noise,0,0.004777554536041401
noise,0,0.001630593618279091
noise,0,0.006950981646552749
noise,0,0.0005235791984661317
noise,0,1.1103233047718012e-05
noise,0,1.2957917168353353e-05
noise,0,1.6163454458872553e-05
noise,0,0.0001203145679840521
noise,0,1.4610989649000994e-05
noise,0,0.0009665100423696307
noise,0,0.9631059734484277
noise,0,0.0009767261939054306
noise,0,0.00027149378824499216
noise,0,0.0003769012871652944
noise,0,0.00031169747693269906
noise,0,0.005242715552785779
noise,0,1.6685582246513108e-06
noise,0,0.0004534166537561373
noise,0,0.003294735661627395
noise,0,4.885848130646866e-05
noise,0,0.0022661131000565873
noise,0,7.400403917251524e-05
noise,0,4.008303962082309e-05
noise,0,3.654512989029037e-05
noise,0,0.0037426145290893353
noise,0,1.1375005684492475e-06
noise,0,0.9790362597656929
noise,0,0.0011477711303007475
noise,0,0.011442100410826777
noise,0,8.49918022876575e-06
noise,0,0.002615772339126612
noise,0,0.0007359448653457928
noise,0,2.0747488416832382e-05
noise,0,0.0189723295424823
noise,0,0.25984751600837375
noise,0,0.006558618021990431
noise,0,2.5734882213394103e-06
noise,0,7.843857461278674e-05
noise,0,0.014307606708080242
noise,0,0.003278682539030985
noise,0,0.00014108963881324983
noise,0,0.00025392726414880763
noise,0,0.0012308479813010736
noise,0,6.598129295988514e-05
noise,0,0.0007311754929400314
noise,0,0.0002039176798189372
noise,0,0.0010667551607607209
noise,0,0.0008302386929626379
noise,0,0.0022727667773755006
noise,0,4.300681574867756e-05
noise,0,0.0013971255539674502
noise,0,5.3740390986069174e-05
noise,0,0.02381699608507139
noise,0,0.029751675996205186
noise,0,0.01567995196458783
noise,0,2.0066524164505617e-05
noise,0,0.0054895741814884064
noise,0,0.5603899519361507
noise,0,0.00807563233635965
noise,0,0.00015439699580398008
noise,0,0.01031575917118569
noise,0,1.7611184766082233e-05
noise,0,0.0001454172058652865
noise,0,1.7846848295843643e-05
noise,0,0.0029988676752941545
noise,0,1.2998984794702723e-05
noise,0,7.587437504810262e-06
noise,0,2.063368775350442e-06
noise,0,0.00011978150440923198
noise,0,0.0004563405085086661
noise,0,0.012851334087410054
noise,0,3.3689789291431655e-06
noise,0,0.00016767701429299084
noise,0,0.0011477711303007475
noise,0,0.008070814546286874
noise,0,6.858597623335097e-06
noise,0,3.3304082763173276e-06
noise,0,1.7052028240666624e-06
noise,0,0.9829570614346537
noise,0,0.0011165072973516746
noise,0,0.00011043168849247588
noise,0,0.02667875952184179
noise,0,0.009817053974900347
noise,0,1.3650431709825103e-06
noise,0,9.961720058702891e-05
noise,0,0.00010966518595551833
noise,0,0.0006513811964736325
noise,0,0.0030184542878252175
noise,0,6.737930904302362e-06
noise,0,0.001674717955204359
noise,0,0.0019843285115019225
noise,0,0.0014420432843851555
noise,0,0.0019533164459511468
noise,0,4.0871507539854764e-05
noise,0,8.453530295245474e-05
noise,0,2.292789478291735e-05
noise,0,5.0040293587182995e-05
noise,0,1.0669947665887836e-06
noise,0,3.1597990275571217e-06
noise,0,0.00014185131051048695
noise,0,3.9297733851203336e-05
noise,0,3.642497483741248e-05
noise,0,4.2590719216686047e-07
noise,0,0.00019949050188668795
noise,0,6.879162828764121e-07
noise,0,6.689753928176956e-06
noise,0,5.017816691132737e-06
noise,0,0.008302526106468859
noise,0,0.0002382627858114461
noise,0,6.93910144683459e-07
noise,0,0.00020027634746955534
noise,0,0.0003729451965023965
noise,0,4.913466281703307e-06
noise,0,1.7436748693502056e-05
noise,0,2.362777813231699e-07
noise,0,0.000452414580834833
noise,0,0.015985805464244676
noise,0,8.479522389698471e-05
noise,0,0.7937627298385598
noise,0,0.0031993559490378627
noise,0,0.0017573362415769724
noise,0,0.0003906980761664571
noise,0,0.015284610056277861
noise,0,0.00352124249934044
noise,0,0.0002979995963892144
noise,0,0.35338394832592446
noise,0,0.015123135328958603
noise,0,0.0003800526626368567
noise,0,0.0001039709272917493
noise,0,0.002744309773991559
noise,0,4.567090621006779e-06
noise,0,0.0002979418139045152
noise,0,0.9962162159049318
noise,0,2.2364320203382538e-05
noise,0,2.223223017384614e-05
noise,0,0.00010688601076518325
noise,0,0.03617474373588785
noise,0,0.00016137912423322263
noise,0,4.519792425416157e-06
noise,0,1.2275887215040679e-05
noise,0,0.001630593618279091
noise,0,4.39563953306307e-05
noise,0,0.0009596239302438516
noise,0,0.03553901550145438
noise,0,5.1226151358912864e-06
noise,0,2.4577753422151373e-05
noise,0,3.678636465886682e-05
noise,0,8.512080156272473e-06
noise,0,5.228035434449334e-05
noise,0,5.3254334927629935e-06
noise,0,0.0015509388287134544
noise,0,0.00019416071845116396
noise,0,0.0028290667389604643
noise,0,0.00047342654255835343
noise,0,0.011569077441213995
noise,0,6.32097210283911e-05
noise,0,5.990321028024395e-05
noise,0,6.201418098970624e-07
noise,0,2.2930877088166126e-05
noise,0,0.000688062282636519
noise,0,0.00044012002462512763
noise,0,1.7139067943488766e-05
noise,0,5.712108067227806e-05
noise,0,4.356527878910952e-06
noise,0,4.2423034175214615e-06
noise,0,0.00020025629326194582
noise,0,0.00043062781926783374
noise,0,6.841969355781835e-05
noise,0,0.01566564691208006
noise,0,0.0035681738195318807
noise,0,0.00011875786353636298
noise,0,0.002918965826341267
noise,0,0.00020249601836510602
noise,0,1.2230972939053172e-05
noise,0,0.00013231718565474588
noise,0,1.8311608276542366e-06
noise,0,0.022163834076910867
noise,0,0.014991279718769724
noise,0,0.0020911546088617154
noise,0,0.029859631436256227
noise,0,0.0002654436017268396
noise,0,0.0012887612429593753
noise,0,0.35338394832592446
noise,0,6.967866810294765e-07
noise,0,7.431649551655201e-06
noise,0,0.0025950041032940232
noise,0,0.0006132392677017701
noise,0,0.0006085966558774012
noise,0,0.0002648418329344428
noise,0,0.004228527129915343
noise,0,2.148300768804838e-05
noise,0,0.0001656085361155108
noise,0,0.7822507676945426
noise,0,0.014410973991333986
noise,0,2.7961700393054543e-05
noise,0,9.687983613112138e-05
noise,0,0.0014508371993223873
noise,0,0.359940004371264
noise,0,7.196627791404949e-07
noise,0,4.2729739349112326e-05
noise,0,1.6699580601460248e-05
noise,0,0.00025377434950414997
noise,0,1.1846513938267192e-06
noise,0,7.70186835799197e-05
noise,0,5.81162435527741e-07
noise,0,3.799503611958144e-06
noise,0,3.674397801295231e-05
noise,0,0.007091365350145881
noise,0,7.143838991951736e-05
noise,0,2.9991390320038912e-05
noise,0,1.5111516031926406e-05
noise,0,6.709572212696061e-05
noise,0,6.277649446227144e-05
noise,0,0.0014408621935066343
noise,0,2.927780216140359e-07
noise,0,5.307673323613391e-05
noise,0,0.0023568703521987754
