filename,y_true,probs
/Users/somesh/Desktop/onehearthealth/ast-heart-quality/data_processed/PhysioNet2022/training_data/14241_AV.wav,1,0.9999998637876488
/Users/somesh/Desktop/onehearthealth/ast-heart-quality/data_processed/PhysioNet2022/training_data/14241_MV.wav,1,0.9999999841993792
/Users/somesh/Desktop/onehearthealth/ast-heart-quality/data_processed/PhysioNet2022/training_data/14241_PV.wav,1,0.999999999951612
/Users/somesh/Desktop/onehearthealth/ast-heart-quality/data_processed/PhysioNet2022/training_data/14241_TV.wav,1,0.9999989097295872
/Users/somesh/Desktop/onehearthealth/ast-heart-quality/data_processed/PhysioNet2022/training_data/24160_AV.wav,1,0.9999999999988116
/Users/somesh/Desktop/onehearthealth/ast-heart-quality/data_processed/PhysioNet2022/training_data/24160_MV.wav,1,0.9999999999400503
/Users/somesh/Desktop/onehearthealth/ast-heart-quality/data_processed/PhysioNet2022/training_data/24160_PV.wav,1,0.9999999999992099
/Users/somesh/Desktop/onehearthealth/ast-heart-quality/data_processed/PhysioNet2022/training_data/24160_TV.wav,1,0.9999999990678564
/Users/somesh/Desktop/onehearthealth/ast-heart-quality/data_processed/PhysioNet2022/training_data/39403_AV.wav,1,0.9942184840088168
/Users/somesh/Desktop/onehearthealth/ast-heart-quality/data_processed/PhysioNet2022/training_data/39403_MV.wav,1,0.9775251465840946
/Users/somesh/Desktop/onehearthealth/ast-heart-quality/data_processed/PhysioNet2022/training_data/39403_PV.wav,1,0.9999997541238754
/Users/somesh/Desktop/onehearthealth/ast-heart-quality/data_processed/PhysioNet2022/training_data/39403_TV.wav,1,0.9999997519612642
/Users/somesh/Desktop/onehearthealth/ast-heart-quality/data_processed/PhysioNet2022/training_data/39456_MV.wav,1,0.9927012379510577
/Users/somesh/Desktop/onehearthealth/ast-heart-quality/data_processed/PhysioNet2022/training_data/39456_PV.wav,1,0.9999999428587273
/Users/somesh/Desktop/onehearthealth/ast-heart-quality/data_processed/PhysioNet2022/training_data/39456_TV.wav,1,0.999999961895559
/Users/somesh/Desktop/onehearthealth/ast-heart-quality/data_processed/PhysioNet2022/training_data/45843_AV.wav,1,0.9999982824975648
/Users/somesh/Desktop/onehearthealth/ast-heart-quality/data_processed/PhysioNet2022/training_data/45843_MV.wav,1,0.955162787626824
/Users/somesh/Desktop/onehearthealth/ast-heart-quality/data_processed/PhysioNet2022/training_data/45843_PV.wav,1,0.993359622924305
/Users/somesh/Desktop/onehearthealth/ast-heart-quality/data_processed/PhysioNet2022/training_data/45843_TV.wav,1,0.9933333238413323
/Users/somesh/Desktop/onehearthealth/ast-heart-quality/data_processed/PhysioNet2022/training_data/46065_AV.wav,1,0.9999999978522404
/Users/somesh/Desktop/onehearthealth/ast-heart-quality/data_processed/PhysioNet2022/training_data/46065_MV.wav,1,0.9999999896628796
/Users/somesh/Desktop/onehearthealth/ast-heart-quality/data_processed/PhysioNet2022/training_data/46065_PV.wav,1,0.9999972128916806
/Users/somesh/Desktop/onehearthealth/ast-heart-quality/data_processed/PhysioNet2022/training_data/46065_TV.wav,1,0.9999947881053988
/Users/somesh/Desktop/onehearthealth/ast-heart-quality/data_processed/PhysioNet2022/training_data/49561_AV.wav,1,0.9999913175014274
/Users/somesh/Desktop/onehearthealth/ast-heart-quality/data_processed/PhysioNet2022/training_data/49561_MV.wav,1,0.9999991986521557
/Users/somesh/Desktop/onehearthealth/ast-heart-quality/data_processed/PhysioNet2022/training_data/49561_PV.wav,1,0.9999996334057208
/Users/somesh/Desktop/onehearthealth/ast-heart-quality/data_processed/PhysioNet2022/training_data/49561_TV.wav,1,0.9999971551744959
/Users/somesh/Desktop/onehearthealth/ast-heart-quality/data_processed/PhysioNet2022/training_data/49577_AV.wav,1,0.9999980692499076
/Users/somesh/Desktop/onehearthealth/ast-heart-quality/data_processed/PhysioNet2022/training_data/49577_MV.wav,1,0.9999999993509501
/Users/somesh/Desktop/onehearthealth/ast-heart-quality/data_processed/PhysioNet2022/training_data/49577_PV.wav,1,0.9999999994944507
/Users/somesh/Desktop/onehearthealth/ast-heart-quality/data_processed/PhysioNet2022/training_data/49577_TV.wav,1,0.999998557290479
/Users/somesh/Desktop/onehearthealth/ast-heart-quality/data_processed/PhysioNet2022/training_data/49595_AV.wav,1,0.9999810428488995
/Users/somesh/Desktop/onehearthealth/ast-heart-quality/data_processed/PhysioNet2022/training_data/49595_MV.wav,1,0.9999998598570068
/Users/somesh/Desktop/onehearthealth/ast-heart-quality/data_processed/PhysioNet2022/training_data/49598_AV.wav,1,0.9999999995604832
/Users/somesh/Desktop/onehearthealth/ast-heart-quality/data_processed/PhysioNet2022/training_data/49598_MV.wav,1,0.999999999998519
/Users/somesh/Desktop/onehearthealth/ast-heart-quality/data_processed/PhysioNet2022/training_data/49627_AV.wav,1,0.9999904256213117
/Users/somesh/Desktop/onehearthealth/ast-heart-quality/data_processed/PhysioNet2022/training_data/49627_MV.wav,1,0.9966114593640566
/Users/somesh/Desktop/onehearthealth/ast-heart-quality/data_processed/PhysioNet2022/training_data/49627_PV.wav,1,0.9900238704987311
/Users/somesh/Desktop/onehearthealth/ast-heart-quality/data_processed/PhysioNet2022/training_data/49627_TV.wav,1,0.9786317669924703
/Users/somesh/Desktop/onehearthealth/ast-heart-quality/data_processed/PhysioNet2022/training_data/49659_AV.wav,1,0.9999999990755238
/Users/somesh/Desktop/onehearthealth/ast-heart-quality/data_processed/PhysioNet2022/training_data/49659_MV.wav,1,0.9999998396834426
/Users/somesh/Desktop/onehearthealth/ast-heart-quality/data_processed/PhysioNet2022/training_data/49659_PV.wav,1,0.9999999940060066
/Users/somesh/Desktop/onehearthealth/ast-heart-quality/data_processed/PhysioNet2022/training_data/49659_TV.wav,1,0.9999999387112419
/Users/somesh/Desktop/onehearthealth/ast-heart-quality/data_processed/PhysioNet2022/training_data/49687_AV.wav,1,0.9999995935655183
/Users/somesh/Desktop/onehearthealth/ast-heart-quality/data_processed/PhysioNet2022/training_data/49687_MV.wav,1,0.9999999905241816
/Users/somesh/Desktop/onehearthealth/ast-heart-quality/data_processed/PhysioNet2022/training_data/49687_PV.wav,1,0.9999999735833948
/Users/somesh/Desktop/onehearthealth/ast-heart-quality/data_processed/PhysioNet2022/training_data/49687_TV.wav,1,0.9999998094462387
/Users/somesh/Desktop/onehearthealth/ast-heart-quality/data_processed/PhysioNet2022/training_data/49735_MV.wav,1,0.9999993624207544
/Users/somesh/Desktop/onehearthealth/ast-heart-quality/data_processed/PhysioNet2022/training_data/49735_PV.wav,1,0.9999946415086388
/Users/somesh/Desktop/onehearthealth/ast-heart-quality/data_processed/PhysioNet2022/training_data/49735_TV.wav,1,0.9999999992480257
/Users/somesh/Desktop/onehearthealth/ast-heart-quality/data_processed/PhysioNet2022/training_data/49754_AV.wav,1,0.723694410033264
/Users/somesh/Desktop/onehearthealth/ast-heart-quality/data_processed/PhysioNet2022/training_data/49754_MV.wav,1,0.9999996633001274
/Users/somesh/Desktop/onehearthealth/ast-heart-quality/data_processed/PhysioNet2022/training_data/49754_PV.wav,1,0.9723900464892946
/Users/somesh/Desktop/onehearthealth/ast-heart-quality/data_processed/PhysioNet2022/training_data/49754_TV.wav,1,0.9999999985764317
/Users/somesh/Desktop/onehearthealth/ast-heart-quality/data_processed/PhysioNet2022/training_data/49776_AV.wav,1,0.9999999890814874
/Users/somesh/Desktop/onehearthealth/ast-heart-quality/data_processed/PhysioNet2022/training_data/49776_MV.wav,1,0.9999998050615546
/Users/somesh/Desktop/onehearthealth/ast-heart-quality/data_processed/PhysioNet2022/training_data/49838_MV.wav,1,0.9999940873613119
/Users/somesh/Desktop/onehearthealth/ast-heart-quality/data_processed/PhysioNet2022/training_data/49897_AV.wav,1,0.9904770072950011
/Users/somesh/Desktop/onehearthealth/ast-heart-quality/data_processed/PhysioNet2022/training_data/49897_MV.wav,1,0.9999999989477046
/Users/somesh/Desktop/onehearthealth/ast-heart-quality/data_processed/PhysioNet2022/training_data/49897_PV.wav,1,0.9940265395063553
/Users/somesh/Desktop/onehearthealth/ast-heart-quality/data_processed/PhysioNet2022/training_data/49897_TV.wav,1,0.9999986402230517
/Users/somesh/Desktop/onehearthealth/ast-heart-quality/data_processed/PhysioNet2022/training_data/49952_AV.wav,1,0.9999999992042201
/Users/somesh/Desktop/onehearthealth/ast-heart-quality/data_processed/PhysioNet2022/training_data/49952_MV_1.wav,1,0.999999998511321
/Users/somesh/Desktop/onehearthealth/ast-heart-quality/data_processed/PhysioNet2022/training_data/49952_MV_2.wav,1,0.9999997893238117
/Users/somesh/Desktop/onehearthealth/ast-heart-quality/data_processed/PhysioNet2022/training_data/49952_PV.wav,1,0.99999999300426
/Users/somesh/Desktop/onehearthealth/ast-heart-quality/data_processed/PhysioNet2022/training_data/49952_TV.wav,1,0.9999999994290133
/Users/somesh/Desktop/onehearthealth/ast-heart-quality/data_processed/PhysioNet2022/training_data/49960_AV.wav,1,0.9999925932551926
/Users/somesh/Desktop/onehearthealth/ast-heart-quality/data_processed/PhysioNet2022/training_data/49960_MV.wav,1,0.9999994360409256
/Users/somesh/Desktop/onehearthealth/ast-heart-quality/data_processed/PhysioNet2022/training_data/49960_PV.wav,1,0.9766865805595821
/Users/somesh/Desktop/onehearthealth/ast-heart-quality/data_processed/PhysioNet2022/training_data/49960_TV.wav,1,0.9999999995538676
/Users/somesh/Desktop/onehearthealth/ast-heart-quality/data_processed/PhysioNet2022/training_data/49969_MV.wav,1,0.9886812221301869
/Users/somesh/Desktop/onehearthealth/ast-heart-quality/data_processed/PhysioNet2022/training_data/49979_MV.wav,1,0.9999999965524989
/Users/somesh/Desktop/onehearthealth/ast-heart-quality/data_processed/PhysioNet2022/training_data/49986_AV.wav,1,0.9999919660029958
/Users/somesh/Desktop/onehearthealth/ast-heart-quality/data_processed/PhysioNet2022/training_data/49986_MV.wav,1,0.9999966761482441
/Users/somesh/Desktop/onehearthealth/ast-heart-quality/data_processed/PhysioNet2022/training_data/49987_AV.wav,1,0.9999998081553186
/Users/somesh/Desktop/onehearthealth/ast-heart-quality/data_processed/PhysioNet2022/training_data/49987_MV.wav,1,0.9999988592264502
/Users/somesh/Desktop/onehearthealth/ast-heart-quality/data_processed/PhysioNet2022/training_data/49990_AV.wav,1,0.9999999964143604
/Users/somesh/Desktop/onehearthealth/ast-heart-quality/data_processed/PhysioNet2022/training_data/49990_MV.wav,1,0.9999999432471148
/Users/somesh/Desktop/onehearthealth/ast-heart-quality/data_processed/PhysioNet2022/training_data/49990_PV.wav,1,0.9999928566038656
/Users/somesh/Desktop/onehearthealth/ast-heart-quality/data_processed/PhysioNet2022/training_data/49990_TV.wav,1,0.9999999910628357
/Users/somesh/Desktop/onehearthealth/ast-heart-quality/data_processed/PhysioNet2022/training_data/49995_AV.wav,1,0.9999998899338279
/Users/somesh/Desktop/onehearthealth/ast-heart-quality/data_processed/PhysioNet2022/training_data/49995_MV.wav,1,0.9999999964869681
/Users/somesh/Desktop/onehearthealth/ast-heart-quality/data_processed/PhysioNet2022/training_data/49995_PV.wav,1,0.9999998425463084
/Users/somesh/Desktop/onehearthealth/ast-heart-quality/data_processed/PhysioNet2022/training_data/49995_TV.wav,1,0.9999990693592634
/Users/somesh/Desktop/onehearthealth/ast-heart-quality/data_processed/PhysioNet2022/training_data/49998_MV.wav,1,0.9999999998856759
/Users/somesh/Desktop/onehearthealth/ast-heart-quality/data_processed/PhysioNet2022/training_data/49998_PV.wav,1,0.9999999993834393
/Users/somesh/Desktop/onehearthealth/ast-heart-quality/data_processed/PhysioNet2022/training_data/49998_TV.wav,1,0.9999929436978043
/Users/somesh/Desktop/onehearthealth/ast-heart-quality/data_processed/PhysioNet2022/training_data/50026_AV.wav,1,0.9999999886005734
/Users/somesh/Desktop/onehearthealth/ast-heart-quality/data_processed/PhysioNet2022/training_data/50026_MV.wav,1,0.9999999871978426
/Users/somesh/Desktop/onehearthealth/ast-heart-quality/data_processed/PhysioNet2022/training_data/50043_AV.wav,1,0.9927068013878678
/Users/somesh/Desktop/onehearthealth/ast-heart-quality/data_processed/PhysioNet2022/training_data/50043_PV.wav,1,0.9999999616943892
/Users/somesh/Desktop/onehearthealth/ast-heart-quality/data_processed/PhysioNet2022/training_data/50043_TV.wav,1,0.9999999992803216
/Users/somesh/Desktop/onehearthealth/ast-heart-quality/data_processed/PhysioNet2022/training_data/50048_MV.wav,1,0.999999891264923
/Users/somesh/Desktop/onehearthealth/ast-heart-quality/data_processed/PhysioNet2022/training_data/50048_PV.wav,1,0.9999905091839558
/Users/somesh/Desktop/onehearthealth/ast-heart-quality/data_processed/PhysioNet2022/training_data/50048_TV.wav,1,0.9999999120500086
/Users/somesh/Desktop/onehearthealth/ast-heart-quality/data_processed/PhysioNet2022/training_data/50056_AV.wav,1,0.9999828223732294
/Users/somesh/Desktop/onehearthealth/ast-heart-quality/data_processed/PhysioNet2022/training_data/50056_MV.wav,1,0.9999999990984634
/Users/somesh/Desktop/onehearthealth/ast-heart-quality/data_processed/PhysioNet2022/training_data/50056_PV.wav,1,0.9999999998799926
/Users/somesh/Desktop/onehearthealth/ast-heart-quality/data_processed/PhysioNet2022/training_data/50056_TV.wav,1,0.9999995735501204
/Users/somesh/Desktop/onehearthealth/ast-heart-quality/data_processed/PhysioNet2022/training_data/50067_MV.wav,1,0.9999998392775964
/Users/somesh/Desktop/onehearthealth/ast-heart-quality/data_processed/PhysioNet2022/training_data/50067_PV.wav,1,0.9965501980957842
/Users/somesh/Desktop/onehearthealth/ast-heart-quality/data_processed/PhysioNet2022/training_data/50067_TV.wav,1,0.999999999716242
/Users/somesh/Desktop/onehearthealth/ast-heart-quality/data_processed/PhysioNet2022/training_data/50103_AV.wav,1,0.9999817014902527
/Users/somesh/Desktop/onehearthealth/ast-heart-quality/data_processed/PhysioNet2022/training_data/50103_MV.wav,1,0.9999999843335263
/Users/somesh/Desktop/onehearthealth/ast-heart-quality/data_processed/PhysioNet2022/training_data/50103_PV.wav,1,0.9999968261533166
/Users/somesh/Desktop/onehearthealth/ast-heart-quality/data_processed/PhysioNet2022/training_data/50103_TV.wav,1,0.9999998426910954
/Users/somesh/Desktop/onehearthealth/ast-heart-quality/data_processed/PhysioNet2022/training_data/50109_AV.wav,1,0.9999999178079552
/Users/somesh/Desktop/onehearthealth/ast-heart-quality/data_processed/PhysioNet2022/training_data/50109_MV.wav,1,0.9999999992013238
/Users/somesh/Desktop/onehearthealth/ast-heart-quality/data_processed/PhysioNet2022/training_data/50109_PV.wav,1,0.9999999931680021
/Users/somesh/Desktop/onehearthealth/ast-heart-quality/data_processed/PhysioNet2022/training_data/50109_TV.wav,1,0.9999999994702737
/Users/somesh/Desktop/onehearthealth/ast-heart-quality/data_processed/PhysioNet2022/training_data/50111_AV.wav,1,0.9999929227140935
/Users/somesh/Desktop/onehearthealth/ast-heart-quality/data_processed/PhysioNet2022/training_data/50111_MV.wav,1,0.9999999999993974
/Users/somesh/Desktop/onehearthealth/ast-heart-quality/data_processed/PhysioNet2022/training_data/50111_PV.wav,1,0.999999998319825
/Users/somesh/Desktop/onehearthealth/ast-heart-quality/data_processed/PhysioNet2022/training_data/50111_TV.wav,1,0.9999999999959813
/Users/somesh/Desktop/onehearthealth/ast-heart-quality/data_processed/PhysioNet2022/training_data/50113_AV.wav,1,0.9999999993493812
/Users/somesh/Desktop/onehearthealth/ast-heart-quality/data_processed/PhysioNet2022/training_data/50113_MV.wav,1,0.9999999985145464
/Users/somesh/Desktop/onehearthealth/ast-heart-quality/data_processed/PhysioNet2022/training_data/50113_PV.wav,1,0.999999999112258
/Users/somesh/Desktop/onehearthealth/ast-heart-quality/data_processed/PhysioNet2022/training_data/50113_TV.wav,1,0.9999999976497564
/Users/somesh/Desktop/onehearthealth/ast-heart-quality/data_processed/PhysioNet2022/training_data/50119_PV.wav,1,0.9999856232114523
/Users/somesh/Desktop/onehearthealth/ast-heart-quality/data_processed/PhysioNet2022/training_data/50125_MV.wav,1,0.999997464028391
/Users/somesh/Desktop/onehearthealth/ast-heart-quality/data_processed/PhysioNet2022/training_data/50125_PV.wav,1,0.9999972049017403
/Users/somesh/Desktop/onehearthealth/ast-heart-quality/data_processed/PhysioNet2022/training_data/50125_TV.wav,1,0.9452603341850759
/Users/somesh/Desktop/onehearthealth/ast-heart-quality/data_processed/PhysioNet2022/training_data/50152_AV.wav,1,0.9999999978787991
/Users/somesh/Desktop/onehearthealth/ast-heart-quality/data_processed/PhysioNet2022/training_data/50152_MV.wav,1,0.9999990388794561
/Users/somesh/Desktop/onehearthealth/ast-heart-quality/data_processed/PhysioNet2022/training_data/50155_AV.wav,1,0.9999998542491548
/Users/somesh/Desktop/onehearthealth/ast-heart-quality/data_processed/PhysioNet2022/training_data/50155_PV.wav,1,0.9999999997496147
/Users/somesh/Desktop/onehearthealth/ast-heart-quality/data_processed/PhysioNet2022/training_data/50155_TV.wav,1,0.9917715416362973
/Users/somesh/Desktop/onehearthealth/ast-heart-quality/data_processed/PhysioNet2022/training_data/50160_MV.wav,1,0.9999959761216172
/Users/somesh/Desktop/onehearthealth/ast-heart-quality/data_processed/PhysioNet2022/training_data/50160_PV.wav,1,0.9999999435135711
/Users/somesh/Desktop/onehearthealth/ast-heart-quality/data_processed/PhysioNet2022/training_data/50160_TV.wav,1,0.9999999990569279
/Users/somesh/Desktop/onehearthealth/ast-heart-quality/data_processed/PhysioNet2022/training_data/50207_AV.wav,1,0.999999800949455
/Users/somesh/Desktop/onehearthealth/ast-heart-quality/data_processed/PhysioNet2022/training_data/50207_MV.wav,1,0.9999999506563114
/Users/somesh/Desktop/onehearthealth/ast-heart-quality/data_processed/PhysioNet2022/training_data/50209_AV.wav,1,0.9969095479667124
/Users/somesh/Desktop/onehearthealth/ast-heart-quality/data_processed/PhysioNet2022/training_data/50209_MV.wav,1,0.9999998019355306
/Users/somesh/Desktop/onehearthealth/ast-heart-quality/data_processed/PhysioNet2022/training_data/50209_PV.wav,1,0.9999963715495183
/Users/somesh/Desktop/onehearthealth/ast-heart-quality/data_processed/PhysioNet2022/training_data/50209_TV.wav,1,0.9999999804904568
/Users/somesh/Desktop/onehearthealth/ast-heart-quality/data_processed/PhysioNet2022/training_data/50216_AV.wav,1,0.999999879030567
/Users/somesh/Desktop/onehearthealth/ast-heart-quality/data_processed/PhysioNet2022/training_data/50216_MV.wav,1,0.9999999913851597
/Users/somesh/Desktop/onehearthealth/ast-heart-quality/data_processed/PhysioNet2022/training_data/50216_PV.wav,1,0.9999988578848871
/Users/somesh/Desktop/onehearthealth/ast-heart-quality/data_processed/PhysioNet2022/training_data/50216_Phc_1.wav,1,0.9999999830699984
/Users/somesh/Desktop/onehearthealth/ast-heart-quality/data_processed/PhysioNet2022/training_data/50216_Phc_2.wav,1,0.9999999993634165
/Users/somesh/Desktop/onehearthealth/ast-heart-quality/data_processed/PhysioNet2022/training_data/50217_AV.wav,1,0.9971942479995266
/Users/somesh/Desktop/onehearthealth/ast-heart-quality/data_processed/PhysioNet2022/training_data/50217_PV.wav,1,0.9999996514935736
/Users/somesh/Desktop/onehearthealth/ast-heart-quality/data_processed/PhysioNet2022/training_data/50229_AV.wav,1,0.9999857117505889
/Users/somesh/Desktop/onehearthealth/ast-heart-quality/data_processed/PhysioNet2022/training_data/50229_MV.wav,1,0.9882920680548385
/Users/somesh/Desktop/onehearthealth/ast-heart-quality/data_processed/PhysioNet2022/training_data/50229_PV.wav,1,0.9890277708867581
/Users/somesh/Desktop/onehearthealth/ast-heart-quality/data_processed/PhysioNet2022/training_data/50229_TV.wav,1,0.999999998996051
/Users/somesh/Desktop/onehearthealth/ast-heart-quality/data_processed/PhysioNet2022/training_data/50231_AV.wav,1,0.9999999608793649
/Users/somesh/Desktop/onehearthealth/ast-heart-quality/data_processed/PhysioNet2022/training_data/50231_MV.wav,1,0.9999999999883364
/Users/somesh/Desktop/onehearthealth/ast-heart-quality/data_processed/PhysioNet2022/training_data/50231_PV.wav,1,0.99999999453014
/Users/somesh/Desktop/onehearthealth/ast-heart-quality/data_processed/PhysioNet2022/training_data/50231_TV.wav,1,0.9999999898747655
/Users/somesh/Desktop/onehearthealth/ast-heart-quality/data_processed/PhysioNet2022/training_data/50233_AV.wav,1,0.9999884194545823
/Users/somesh/Desktop/onehearthealth/ast-heart-quality/data_processed/PhysioNet2022/training_data/50233_MV.wav,1,0.9999833950378997
/Users/somesh/Desktop/onehearthealth/ast-heart-quality/data_processed/PhysioNet2022/training_data/50233_PV.wav,1,0.947360768518757
/Users/somesh/Desktop/onehearthealth/ast-heart-quality/data_processed/PhysioNet2022/training_data/50233_TV.wav,1,0.9967039134969377
/Users/somesh/Desktop/onehearthealth/ast-heart-quality/data_processed/PhysioNet2022/training_data/50258_MV.wav,1,0.9999905225955908
/Users/somesh/Desktop/onehearthealth/ast-heart-quality/data_processed/PhysioNet2022/training_data/50258_PV.wav,1,0.9999999999497879
/Users/somesh/Desktop/onehearthealth/ast-heart-quality/data_processed/PhysioNet2022/training_data/50258_TV.wav,1,0.999999996260791
/Users/somesh/Desktop/onehearthealth/ast-heart-quality/data_processed/PhysioNet2022/training_data/50277_AV.wav,1,0.011441058330762397
/Users/somesh/Desktop/onehearthealth/ast-heart-quality/data_processed/PhysioNet2022/training_data/50277_MV.wav,1,0.9999999997813634
/Users/somesh/Desktop/onehearthealth/ast-heart-quality/data_processed/PhysioNet2022/training_data/50277_PV.wav,1,0.9774508024986647
/Users/somesh/Desktop/onehearthealth/ast-heart-quality/data_processed/PhysioNet2022/training_data/50277_TV.wav,1,0.9999999241269748
/Users/somesh/Desktop/onehearthealth/ast-heart-quality/data_processed/PhysioNet2022/training_data/50278_AV.wav,1,0.9919133582441749
/Users/somesh/Desktop/onehearthealth/ast-heart-quality/data_processed/PhysioNet2022/training_data/50278_MV.wav,1,0.9999996701523174
/Users/somesh/Desktop/onehearthealth/ast-heart-quality/data_processed/PhysioNet2022/training_data/50278_PV.wav,1,0.9999999611451679
/Users/somesh/Desktop/onehearthealth/ast-heart-quality/data_processed/PhysioNet2022/training_data/50278_TV.wav,1,0.9999999997077583
/Users/somesh/Desktop/onehearthealth/ast-heart-quality/data_processed/PhysioNet2022/training_data/50280_AV.wav,1,0.9999999882182825
/Users/somesh/Desktop/onehearthealth/ast-heart-quality/data_processed/PhysioNet2022/training_data/50280_PV.wav,1,0.9999999999802239
/Users/somesh/Desktop/onehearthealth/ast-heart-quality/data_processed/PhysioNet2022/training_data/50280_TV.wav,1,0.9733060393705479
/Users/somesh/Desktop/onehearthealth/ast-heart-quality/data_processed/PhysioNet2022/training_data/50281_MV.wav,1,0.9999999714429444
/Users/somesh/Desktop/onehearthealth/ast-heart-quality/data_processed/PhysioNet2022/training_data/50281_PV.wav,1,0.9999968019458854
/Users/somesh/Desktop/onehearthealth/ast-heart-quality/data_processed/PhysioNet2022/training_data/50281_TV.wav,1,0.9999970971118601
/Users/somesh/Desktop/onehearthealth/ast-heart-quality/data_processed/PhysioNet2022/training_data/50298_MV.wav,1,0.9999890845370067
/Users/somesh/Desktop/onehearthealth/ast-heart-quality/data_processed/PhysioNet2022/training_data/50298_PV.wav,1,0.988027088908878
/Users/somesh/Desktop/onehearthealth/ast-heart-quality/data_processed/PhysioNet2022/training_data/50298_TV.wav,1,0.9999926229338001
/Users/somesh/Desktop/onehearthealth/ast-heart-quality/data_processed/PhysioNet2022/training_data/50299_AV.wav,1,0.999999974826111
/Users/somesh/Desktop/onehearthealth/ast-heart-quality/data_processed/PhysioNet2022/training_data/50299_MV.wav,1,0.9966816993134393
/Users/somesh/Desktop/onehearthealth/ast-heart-quality/data_processed/PhysioNet2022/training_data/50299_PV.wav,1,0.999999373544587
/Users/somesh/Desktop/onehearthealth/ast-heart-quality/data_processed/PhysioNet2022/training_data/50299_TV.wav,1,0.9999998718236991
/Users/somesh/Desktop/onehearthealth/ast-heart-quality/data_processed/PhysioNet2022/training_data/50330_AV.wav,1,0.99999999983738
/Users/somesh/Desktop/onehearthealth/ast-heart-quality/data_processed/PhysioNet2022/training_data/50330_MV.wav,1,0.9999999973995969
/Users/somesh/Desktop/onehearthealth/ast-heart-quality/data_processed/PhysioNet2022/training_data/50331_AV.wav,1,0.9999998411551475
/Users/somesh/Desktop/onehearthealth/ast-heart-quality/data_processed/PhysioNet2022/training_data/50331_MV.wav,1,0.9999999999659895
/Users/somesh/Desktop/onehearthealth/ast-heart-quality/data_processed/PhysioNet2022/training_data/50331_PV.wav,1,0.9999976999394269
/Users/somesh/Desktop/onehearthealth/ast-heart-quality/data_processed/PhysioNet2022/training_data/50331_TV.wav,1,0.9934320236829665
/Users/somesh/Desktop/onehearthealth/ast-heart-quality/data_processed/PhysioNet2022/training_data/50335_AV.wav,1,0.9999999991950378
/Users/somesh/Desktop/onehearthealth/ast-heart-quality/data_processed/PhysioNet2022/training_data/50335_MV.wav,1,0.9999999954953809
/Users/somesh/Desktop/onehearthealth/ast-heart-quality/data_processed/PhysioNet2022/training_data/50339_AV.wav,1,0.999999992528342
/Users/somesh/Desktop/onehearthealth/ast-heart-quality/data_processed/PhysioNet2022/training_data/50339_MV.wav,1,0.9999999999775279
/Users/somesh/Desktop/onehearthealth/ast-heart-quality/data_processed/PhysioNet2022/training_data/50339_PV.wav,1,0.9999998891474106
/Users/somesh/Desktop/onehearthealth/ast-heart-quality/data_processed/PhysioNet2022/training_data/50339_TV.wav,1,0.999999467976522
/Users/somesh/Desktop/onehearthealth/ast-heart-quality/data_processed/PhysioNet2022/training_data/50379_AV.wav,1,0.9999999616368326
/Users/somesh/Desktop/onehearthealth/ast-heart-quality/data_processed/PhysioNet2022/training_data/50379_MV.wav,1,0.9999999997666406
/Users/somesh/Desktop/onehearthealth/ast-heart-quality/data_processed/PhysioNet2022/training_data/50379_PV.wav,1,0.9999999111862655
/Users/somesh/Desktop/onehearthealth/ast-heart-quality/data_processed/PhysioNet2022/training_data/50379_TV.wav,1,0.9999998986140499
/Users/somesh/Desktop/onehearthealth/ast-heart-quality/data_processed/PhysioNet2022/training_data/50619_AV.wav,1,0.9999994359706642
/Users/somesh/Desktop/onehearthealth/ast-heart-quality/data_processed/PhysioNet2022/training_data/50619_MV.wav,1,0.9999999930831397
/Users/somesh/Desktop/onehearthealth/ast-heart-quality/data_processed/PhysioNet2022/training_data/50619_PV.wav,1,0.9999999934791887
/Users/somesh/Desktop/onehearthealth/ast-heart-quality/data_processed/PhysioNet2022/training_data/50619_TV.wav,1,0.999999999982581
/Users/somesh/Desktop/onehearthealth/ast-heart-quality/data_processed/PhysioNet2022/training_data/50641_MV.wav,1,0.9999995135725697
/Users/somesh/Desktop/onehearthealth/ast-heart-quality/data_processed/PhysioNet2022/training_data/50641_PV.wav,1,0.9974572743011906
/Users/somesh/Desktop/onehearthealth/ast-heart-quality/data_processed/PhysioNet2022/training_data/50641_TV.wav,1,0.9999938264790266
/Users/somesh/Desktop/onehearthealth/ast-heart-quality/data_processed/PhysioNet2022/training_data/50647_AV.wav,1,0.9999998793293406
/Users/somesh/Desktop/onehearthealth/ast-heart-quality/data_processed/PhysioNet2022/training_data/50647_MV.wav,1,0.9999999875264685
/Users/somesh/Desktop/onehearthealth/ast-heart-quality/data_processed/PhysioNet2022/training_data/50647_PV.wav,1,0.9943591080445447
/Users/somesh/Desktop/onehearthealth/ast-heart-quality/data_processed/PhysioNet2022/training_data/50647_TV.wav,1,0.9999938933671128
/Users/somesh/Desktop/onehearthealth/ast-heart-quality/data_processed/PhysioNet2022/training_data/50652_AV.wav,1,0.9999999976195728
/Users/somesh/Desktop/onehearthealth/ast-heart-quality/data_processed/PhysioNet2022/training_data/50652_MV.wav,1,0.992283966991477
/Users/somesh/Desktop/onehearthealth/ast-heart-quality/data_processed/PhysioNet2022/training_data/50676_AV.wav,1,0.9999986231983481
/Users/somesh/Desktop/onehearthealth/ast-heart-quality/data_processed/PhysioNet2022/training_data/50676_MV.wav,1,0.9999999970480956
/Users/somesh/Desktop/onehearthealth/ast-heart-quality/data_processed/PhysioNet2022/training_data/50676_PV.wav,1,0.9999990012278054
/Users/somesh/Desktop/onehearthealth/ast-heart-quality/data_processed/PhysioNet2022/training_data/50676_TV.wav,1,0.9999999999996875
/Users/somesh/Desktop/onehearthealth/ast-heart-quality/data_processed/PhysioNet2022/training_data/50689_AV.wav,1,0.9974510526471619
/Users/somesh/Desktop/onehearthealth/ast-heart-quality/data_processed/PhysioNet2022/training_data/50689_MV.wav,1,0.999999962407027
/Users/somesh/Desktop/onehearthealth/ast-heart-quality/data_processed/PhysioNet2022/training_data/50689_PV.wav,1,0.9999999529253665
/Users/somesh/Desktop/onehearthealth/ast-heart-quality/data_processed/PhysioNet2022/training_data/50689_TV.wav,1,0.9999999987711566
/Users/somesh/Desktop/onehearthealth/ast-heart-quality/data_processed/PhysioNet2022/training_data/50691_AV.wav,1,0.9999999988613459
/Users/somesh/Desktop/onehearthealth/ast-heart-quality/data_processed/PhysioNet2022/training_data/50691_MV.wav,1,0.9999999340882294
/Users/somesh/Desktop/onehearthealth/ast-heart-quality/data_processed/PhysioNet2022/training_data/50691_PV.wav,1,0.9999999495834668
/Users/somesh/Desktop/onehearthealth/ast-heart-quality/data_processed/PhysioNet2022/training_data/50691_TV.wav,1,0.9999999921967039
/Users/somesh/Desktop/onehearthealth/ast-heart-quality/data_processed/PhysioNet2022/training_data/50707_AV.wav,1,0.994686671565376
/Users/somesh/Desktop/onehearthealth/ast-heart-quality/data_processed/PhysioNet2022/training_data/50707_MV.wav,1,0.9999999978857121
/Users/somesh/Desktop/onehearthealth/ast-heart-quality/data_processed/PhysioNet2022/training_data/50707_TV.wav,1,0.9999999953164919
/Users/somesh/Desktop/onehearthealth/ast-heart-quality/data_processed/PhysioNet2022/training_data/50713_AV.wav,1,0.9999978831967155
/Users/somesh/Desktop/onehearthealth/ast-heart-quality/data_processed/PhysioNet2022/training_data/50713_MV.wav,1,0.9999997891179252
/Users/somesh/Desktop/onehearthealth/ast-heart-quality/data_processed/PhysioNet2022/training_data/50713_PV.wav,1,0.9999996766503579
/Users/somesh/Desktop/onehearthealth/ast-heart-quality/data_processed/PhysioNet2022/training_data/50713_TV.wav,1,0.9999986582416854
/Users/somesh/Desktop/onehearthealth/ast-heart-quality/data_processed/PhysioNet2022/training_data/50746_AV.wav,1,0.9999997858190907
/Users/somesh/Desktop/onehearthealth/ast-heart-quality/data_processed/PhysioNet2022/training_data/50746_MV.wav,1,0.999997528479595
/Users/somesh/Desktop/onehearthealth/ast-heart-quality/data_processed/PhysioNet2022/training_data/50746_PV.wav,1,0.9741706332000807
/Users/somesh/Desktop/onehearthealth/ast-heart-quality/data_processed/PhysioNet2022/training_data/50746_TV.wav,1,0.9999999768275548
/Users/somesh/Desktop/onehearthealth/ast-heart-quality/data_processed/PhysioNet2022/training_data/50753_AV.wav,1,0.9999998712539985
/Users/somesh/Desktop/onehearthealth/ast-heart-quality/data_processed/PhysioNet2022/training_data/50753_MV.wav,1,0.9999999997432223
/Users/somesh/Desktop/onehearthealth/ast-heart-quality/data_processed/PhysioNet2022/training_data/50753_PV.wav,1,0.9999999899061243
/Users/somesh/Desktop/onehearthealth/ast-heart-quality/data_processed/PhysioNet2022/training_data/50753_TV.wav,1,0.9999999700660884
/Users/somesh/Desktop/onehearthealth/ast-heart-quality/data_processed/PhysioNet2022/training_data/50763_AV.wav,1,0.9963750368381649
/Users/somesh/Desktop/onehearthealth/ast-heart-quality/data_processed/PhysioNet2022/training_data/50763_MV.wav,1,0.999999987919814
/Users/somesh/Desktop/onehearthealth/ast-heart-quality/data_processed/PhysioNet2022/training_data/50763_PV.wav,1,0.9999999976326511
/Users/somesh/Desktop/onehearthealth/ast-heart-quality/data_processed/PhysioNet2022/training_data/50763_TV.wav,1,0.999999999929974
/Users/somesh/Desktop/onehearthealth/ast-heart-quality/data_processed/PhysioNet2022/training_data/50766_AV.wav,1,0.9969280469536043
/Users/somesh/Desktop/onehearthealth/ast-heart-quality/data_processed/PhysioNet2022/training_data/50766_MV.wav,1,0.9999999965179215
/Users/somesh/Desktop/onehearthealth/ast-heart-quality/data_processed/PhysioNet2022/training_data/50766_PV.wav,1,0.9999998358170872
/Users/somesh/Desktop/onehearthealth/ast-heart-quality/data_processed/PhysioNet2022/training_data/50766_TV.wav,1,0.9999957663061034
/Users/somesh/Desktop/onehearthealth/ast-heart-quality/data_processed/PhysioNet2022/training_data/50774_AV.wav,1,0.912329829339852
/Users/somesh/Desktop/onehearthealth/ast-heart-quality/data_processed/PhysioNet2022/training_data/50774_MV.wav,1,0.9999999632768938
/Users/somesh/Desktop/onehearthealth/ast-heart-quality/data_processed/PhysioNet2022/training_data/50774_TV.wav,1,0.9999992488166229
/Users/somesh/Desktop/onehearthealth/ast-heart-quality/data_processed/PhysioNet2022/training_data/50781_AV.wav,1,0.9999997943116323
/Users/somesh/Desktop/onehearthealth/ast-heart-quality/data_processed/PhysioNet2022/training_data/50781_MV.wav,1,0.9999999998827608
/Users/somesh/Desktop/onehearthealth/ast-heart-quality/data_processed/PhysioNet2022/training_data/50781_PV.wav,1,0.9999999999583412
/Users/somesh/Desktop/onehearthealth/ast-heart-quality/data_processed/PhysioNet2022/training_data/50781_TV.wav,1,0.9999999999986824
/Users/somesh/Desktop/onehearthealth/ast-heart-quality/data_processed/PhysioNet2022/training_data/50784_AV.wav,1,0.9999999998162811
/Users/somesh/Desktop/onehearthealth/ast-heart-quality/data_processed/PhysioNet2022/training_data/50784_MV.wav,1,0.9999999071791057
/Users/somesh/Desktop/onehearthealth/ast-heart-quality/data_processed/PhysioNet2022/training_data/50784_PV.wav,1,0.9999977765250441
/Users/somesh/Desktop/onehearthealth/ast-heart-quality/data_processed/PhysioNet2022/training_data/50784_TV.wav,1,0.9999999999917358
/Users/somesh/Desktop/onehearthealth/ast-heart-quality/data_processed/PhysioNet2022/training_data/50788_AV.wav,1,0.9999999999780812
/Users/somesh/Desktop/onehearthealth/ast-heart-quality/data_processed/PhysioNet2022/training_data/50788_MV.wav,1,0.9999999999482618
/Users/somesh/Desktop/onehearthealth/ast-heart-quality/data_processed/PhysioNet2022/training_data/50788_PV.wav,1,0.9999999651458378
/Users/somesh/Desktop/onehearthealth/ast-heart-quality/data_processed/PhysioNet2022/training_data/50788_TV.wav,1,0.9999999999760296
/Users/somesh/Desktop/onehearthealth/ast-heart-quality/data_processed/PhysioNet2022/training_data/50789_AV.wav,1,0.9999999891891739
/Users/somesh/Desktop/onehearthealth/ast-heart-quality/data_processed/PhysioNet2022/training_data/50789_MV.wav,1,0.9999999998469252
/Users/somesh/Desktop/onehearthealth/ast-heart-quality/data_processed/PhysioNet2022/training_data/50789_PV.wav,1,0.9999997760458438
/Users/somesh/Desktop/onehearthealth/ast-heart-quality/data_processed/PhysioNet2022/training_data/50789_TV.wav,1,0.9999968790756047
/Users/somesh/Desktop/onehearthealth/ast-heart-quality/data_processed/PhysioNet2022/training_data/50797_AV.wav,1,0.9791984799592354
/Users/somesh/Desktop/onehearthealth/ast-heart-quality/data_processed/PhysioNet2022/training_data/50797_MV.wav,1,0.9999999976964923
/Users/somesh/Desktop/onehearthealth/ast-heart-quality/data_processed/PhysioNet2022/training_data/50797_PV.wav,1,0.9999999977661643
/Users/somesh/Desktop/onehearthealth/ast-heart-quality/data_processed/PhysioNet2022/training_data/50797_TV.wav,1,0.9909337301355748
/Users/somesh/Desktop/onehearthealth/ast-heart-quality/data_processed/PhysioNet2022/training_data/50803_AV.wav,1,0.9999998136130529
/Users/somesh/Desktop/onehearthealth/ast-heart-quality/data_processed/PhysioNet2022/training_data/50803_MV.wav,1,0.9999981224967093
/Users/somesh/Desktop/onehearthealth/ast-heart-quality/data_processed/PhysioNet2022/training_data/50803_PV.wav,1,0.9999999383681949
/Users/somesh/Desktop/onehearthealth/ast-heart-quality/data_processed/PhysioNet2022/training_data/50803_TV.wav,1,0.9999999084107898
/Users/somesh/Desktop/onehearthealth/ast-heart-quality/data_processed/PhysioNet2022/training_data/50818_AV.wav,1,0.9924818144388821
/Users/somesh/Desktop/onehearthealth/ast-heart-quality/data_processed/PhysioNet2022/training_data/50818_MV.wav,1,0.9999999989589856
/Users/somesh/Desktop/onehearthealth/ast-heart-quality/data_processed/PhysioNet2022/training_data/50818_PV.wav,1,0.9999999101253045
/Users/somesh/Desktop/onehearthealth/ast-heart-quality/data_processed/PhysioNet2022/training_data/50818_TV.wav,1,0.9999999944878798
/Users/somesh/Desktop/onehearthealth/ast-heart-quality/data_processed/PhysioNet2022/training_data/51331_AV.wav,1,0.9893413010391776
/Users/somesh/Desktop/onehearthealth/ast-heart-quality/data_processed/PhysioNet2022/training_data/51331_MV.wav,1,0.9999999695220957
/Users/somesh/Desktop/onehearthealth/ast-heart-quality/data_processed/PhysioNet2022/training_data/51331_PV.wav,1,0.9999999921155718
/Users/somesh/Desktop/onehearthealth/ast-heart-quality/data_processed/PhysioNet2022/training_data/51331_TV.wav,1,0.999999985566256
/Users/somesh/Desktop/onehearthealth/ast-heart-quality/data_processed/PhysioNet2022/training_data/61117_AV.wav,1,0.9999999195711621
/Users/somesh/Desktop/onehearthealth/ast-heart-quality/data_processed/PhysioNet2022/training_data/61117_MV.wav,1,0.9999999999814347
/Users/somesh/Desktop/onehearthealth/ast-heart-quality/data_processed/PhysioNet2022/training_data/61117_PV.wav,1,0.9999999999626715
/Users/somesh/Desktop/onehearthealth/ast-heart-quality/data_processed/PhysioNet2022/training_data/61117_TV.wav,1,0.9999999913344393
/Users/somesh/Desktop/onehearthealth/ast-heart-quality/data_processed/PhysioNet2022/training_data/68194_AV.wav,1,0.9951164243595803
/Users/somesh/Desktop/onehearthealth/ast-heart-quality/data_processed/PhysioNet2022/training_data/68194_MV.wav,1,0.9952394846821
/Users/somesh/Desktop/onehearthealth/ast-heart-quality/data_processed/PhysioNet2022/training_data/68194_PV.wav,1,0.9855563293585836
/Users/somesh/Desktop/onehearthealth/ast-heart-quality/data_processed/PhysioNet2022/training_data/68194_TV.wav,1,0.9974368835312616
/Users/somesh/Desktop/onehearthealth/ast-heart-quality/data_processed/PhysioNet2022/training_data/68279_MV.wav,1,0.9999999999332737
/Users/somesh/Desktop/onehearthealth/ast-heart-quality/data_processed/PhysioNet2022/training_data/68279_PV.wav,1,0.9999961284716614
/Users/somesh/Desktop/onehearthealth/ast-heart-quality/data_processed/PhysioNet2022/training_data/68279_TV.wav,1,0.9999999807750944
/Users/somesh/Desktop/onehearthealth/ast-heart-quality/data_processed/PhysioNet2022/training_data/68404_MV.wav,1,0.9999999999133525
/Users/somesh/Desktop/onehearthealth/ast-heart-quality/data_processed/PhysioNet2022/training_data/68404_PV.wav,1,0.9835728735675022
/Users/somesh/Desktop/onehearthealth/ast-heart-quality/data_processed/PhysioNet2022/training_data/68404_TV.wav,1,0.9972218478776732
/Users/somesh/Desktop/onehearthealth/ast-heart-quality/data_processed/PhysioNet2022/training_data/68406_AV.wav,1,0.9999999999080964
/Users/somesh/Desktop/onehearthealth/ast-heart-quality/data_processed/PhysioNet2022/training_data/68406_MV.wav,1,0.999999999914258
/Users/somesh/Desktop/onehearthealth/ast-heart-quality/data_processed/PhysioNet2022/training_data/68406_PV.wav,1,0.9999999947689816
/Users/somesh/Desktop/onehearthealth/ast-heart-quality/data_processed/PhysioNet2022/training_data/68406_TV.wav,1,0.9999999991639313
/Users/somesh/Desktop/onehearthealth/ast-heart-quality/data_processed/PhysioNet2022/training_data/68413_AV.wav,1,0.9999997471881313
/Users/somesh/Desktop/onehearthealth/ast-heart-quality/data_processed/PhysioNet2022/training_data/68413_MV.wav,1,0.9999999940698662
/Users/somesh/Desktop/onehearthealth/ast-heart-quality/data_processed/PhysioNet2022/training_data/68413_PV.wav,1,0.9066079979785481
/Users/somesh/Desktop/onehearthealth/ast-heart-quality/data_processed/PhysioNet2022/training_data/68413_TV.wav,1,0.9999999923687836
/Users/somesh/Desktop/onehearthealth/ast-heart-quality/data_processed/PhysioNet2022/training_data/68419_AV.wav,1,0.9999999994131188
/Users/somesh/Desktop/onehearthealth/ast-heart-quality/data_processed/PhysioNet2022/training_data/68419_MV.wav,1,0.9999999999773691
/Users/somesh/Desktop/onehearthealth/ast-heart-quality/data_processed/PhysioNet2022/training_data/68419_PV.wav,1,0.9999995632583347
/Users/somesh/Desktop/onehearthealth/ast-heart-quality/data_processed/PhysioNet2022/training_data/68419_TV.wav,1,0.999999914784276
/Users/somesh/Desktop/onehearthealth/ast-heart-quality/data_processed/PhysioNet2022/training_data/68423_AV.wav,1,0.9999932831669136
/Users/somesh/Desktop/onehearthealth/ast-heart-quality/data_processed/PhysioNet2022/training_data/68423_MV.wav,1,0.9999992488555252
/Users/somesh/Desktop/onehearthealth/ast-heart-quality/data_processed/PhysioNet2022/training_data/68423_PV.wav,1,0.9971734967948048
/Users/somesh/Desktop/onehearthealth/ast-heart-quality/data_processed/PhysioNet2022/training_data/68423_TV.wav,1,0.916493299745877
/Users/somesh/Desktop/onehearthealth/ast-heart-quality/data_processed/PhysioNet2022/training_data/68425_AV.wav,1,0.9999978557208914
/Users/somesh/Desktop/onehearthealth/ast-heart-quality/data_processed/PhysioNet2022/training_data/68425_MV.wav,1,0.9999999990046168
/Users/somesh/Desktop/onehearthealth/ast-heart-quality/data_processed/PhysioNet2022/training_data/68425_PV.wav,1,0.9999999999759733
/Users/somesh/Desktop/onehearthealth/ast-heart-quality/data_processed/PhysioNet2022/training_data/68425_TV.wav,1,0.997225661680727
/Users/somesh/Desktop/onehearthealth/ast-heart-quality/data_processed/PhysioNet2022/training_data/68436_AV.wav,1,0.9999997889643027
/Users/somesh/Desktop/onehearthealth/ast-heart-quality/data_processed/PhysioNet2022/training_data/68436_MV.wav,1,0.9999998666130309
/Users/somesh/Desktop/onehearthealth/ast-heart-quality/data_processed/PhysioNet2022/training_data/68436_PV.wav,1,0.7882158236790939
/Users/somesh/Desktop/onehearthealth/ast-heart-quality/data_processed/PhysioNet2022/training_data/68436_TV.wav,1,0.9999999119027699
/Users/somesh/Desktop/onehearthealth/ast-heart-quality/data_processed/PhysioNet2022/training_data/68465_AV.wav,1,0.9999999999988542
/Users/somesh/Desktop/onehearthealth/ast-heart-quality/data_processed/PhysioNet2022/training_data/68465_MV.wav,1,0.9999999999500494
/Users/somesh/Desktop/onehearthealth/ast-heart-quality/data_processed/PhysioNet2022/training_data/68465_PV.wav,1,0.9999998374827233
/Users/somesh/Desktop/onehearthealth/ast-heart-quality/data_processed/PhysioNet2022/training_data/68465_TV.wav,1,0.9999975906320632
/Users/somesh/Desktop/onehearthealth/ast-heart-quality/data_processed/PhysioNet2022/training_data/68478_AV.wav,1,0.7825637646849736
/Users/somesh/Desktop/onehearthealth/ast-heart-quality/data_processed/PhysioNet2022/training_data/68478_MV.wav,1,0.9999999999322328
/Users/somesh/Desktop/onehearthealth/ast-heart-quality/data_processed/PhysioNet2022/training_data/68478_PV.wav,1,0.9999997354225469
/Users/somesh/Desktop/onehearthealth/ast-heart-quality/data_processed/PhysioNet2022/training_data/68478_TV.wav,1,0.9999996834306204
/Users/somesh/Desktop/onehearthealth/ast-heart-quality/data_processed/PhysioNet2022/training_data/68482_AV.wav,1,0.9999999411986513
/Users/somesh/Desktop/onehearthealth/ast-heart-quality/data_processed/PhysioNet2022/training_data/68482_MV.wav,1,0.9999999999777472
/Users/somesh/Desktop/onehearthealth/ast-heart-quality/data_processed/PhysioNet2022/training_data/68482_PV.wav,1,0.9999999996771793
/Users/somesh/Desktop/onehearthealth/ast-heart-quality/data_processed/PhysioNet2022/training_data/68482_TV.wav,1,0.42675146143297665
/Users/somesh/Desktop/onehearthealth/ast-heart-quality/data_processed/PhysioNet2022/training_data/68484_AV.wav,1,0.9999986216913944
/Users/somesh/Desktop/onehearthealth/ast-heart-quality/data_processed/PhysioNet2022/training_data/68484_MV.wav,1,0.9999999924786601
/Users/somesh/Desktop/onehearthealth/ast-heart-quality/data_processed/PhysioNet2022/training_data/68484_PV.wav,1,0.9999999239520488
/Users/somesh/Desktop/onehearthealth/ast-heart-quality/data_processed/PhysioNet2022/training_data/68484_TV.wav,1,0.9999999955785834
/Users/somesh/Desktop/onehearthealth/ast-heart-quality/data_processed/PhysioNet2022/training_data/68567_AV.wav,1,0.9999976687689018
/Users/somesh/Desktop/onehearthealth/ast-heart-quality/data_processed/PhysioNet2022/training_data/68567_MV.wav,1,0.9999942169493723
/Users/somesh/Desktop/onehearthealth/ast-heart-quality/data_processed/PhysioNet2022/training_data/68567_PV.wav,1,0.9999994382554721
/Users/somesh/Desktop/onehearthealth/ast-heart-quality/data_processed/PhysioNet2022/training_data/68567_TV.wav,1,0.9999999997344856
/Users/somesh/Desktop/onehearthealth/ast-heart-quality/data_processed/PhysioNet2022/training_data/68646_AV.wav,1,0.9999999959687463
/Users/somesh/Desktop/onehearthealth/ast-heart-quality/data_processed/PhysioNet2022/training_data/68646_MV.wav,1,0.9999999992636365
/Users/somesh/Desktop/onehearthealth/ast-heart-quality/data_processed/PhysioNet2022/training_data/68646_PV.wav,1,0.9999999997411888
/Users/somesh/Desktop/onehearthealth/ast-heart-quality/data_processed/PhysioNet2022/training_data/68646_TV.wav,1,0.9999998464505985
/Users/somesh/Desktop/onehearthealth/ast-heart-quality/data_processed/PhysioNet2022/training_data/68660_AV.wav,1,0.9999999997747355
/Users/somesh/Desktop/onehearthealth/ast-heart-quality/data_processed/PhysioNet2022/training_data/68660_MV.wav,1,0.9999999911583158
/Users/somesh/Desktop/onehearthealth/ast-heart-quality/data_processed/PhysioNet2022/training_data/68660_PV.wav,1,0.9999999955042587
/Users/somesh/Desktop/onehearthealth/ast-heart-quality/data_processed/PhysioNet2022/training_data/68660_TV.wav,1,0.8632059921168477
/Users/somesh/Desktop/onehearthealth/ast-heart-quality/data_processed/PhysioNet2022/training_data/68682_AV.wav,1,0.9999999996504585
/Users/somesh/Desktop/onehearthealth/ast-heart-quality/data_processed/PhysioNet2022/training_data/68682_MV.wav,1,0.9999998689388132
/Users/somesh/Desktop/onehearthealth/ast-heart-quality/data_processed/PhysioNet2022/training_data/68682_PV.wav,1,0.9999995102192085
/Users/somesh/Desktop/onehearthealth/ast-heart-quality/data_processed/PhysioNet2022/training_data/68682_TV.wav,1,0.9999998321871482
/Users/somesh/Desktop/onehearthealth/ast-heart-quality/data_processed/PhysioNet2022/training_data/68737_AV.wav,1,0.9999991189130704
/Users/somesh/Desktop/onehearthealth/ast-heart-quality/data_processed/PhysioNet2022/training_data/68737_MV.wav,1,0.9999999498343765
/Users/somesh/Desktop/onehearthealth/ast-heart-quality/data_processed/PhysioNet2022/training_data/68737_PV.wav,1,0.968026752232976
/Users/somesh/Desktop/onehearthealth/ast-heart-quality/data_processed/PhysioNet2022/training_data/68737_TV.wav,1,0.9999988722610138
/Users/somesh/Desktop/onehearthealth/ast-heart-quality/data_processed/PhysioNet2022/training_data/68752_AV.wav,1,0.9999969441189026
/Users/somesh/Desktop/onehearthealth/ast-heart-quality/data_processed/PhysioNet2022/training_data/68752_MV.wav,1,0.9999999999958777
/Users/somesh/Desktop/onehearthealth/ast-heart-quality/data_processed/PhysioNet2022/training_data/68752_PV.wav,1,0.9999999999492273
/Users/somesh/Desktop/onehearthealth/ast-heart-quality/data_processed/PhysioNet2022/training_data/68752_TV.wav,1,0.9999999927808196
/Users/somesh/Desktop/onehearthealth/ast-heart-quality/data_processed/PhysioNet2022/training_data/68756_MV.wav,1,0.9999988069625232
/Users/somesh/Desktop/onehearthealth/ast-heart-quality/data_processed/PhysioNet2022/training_data/68756_PV.wav,1,0.999994890360996
/Users/somesh/Desktop/onehearthealth/ast-heart-quality/data_processed/PhysioNet2022/training_data/68756_TV.wav,1,0.9999997156437019
/Users/somesh/Desktop/onehearthealth/ast-heart-quality/data_processed/PhysioNet2022/training_data/68831_AV.wav,1,0.7548752243964396
/Users/somesh/Desktop/onehearthealth/ast-heart-quality/data_processed/PhysioNet2022/training_data/68831_MV.wav,1,0.9999998147382095
/Users/somesh/Desktop/onehearthealth/ast-heart-quality/data_processed/PhysioNet2022/training_data/68831_PV.wav,1,0.9999999999840542
/Users/somesh/Desktop/onehearthealth/ast-heart-quality/data_processed/PhysioNet2022/training_data/68831_TV.wav,1,0.9999999601730354
/Users/somesh/Desktop/onehearthealth/ast-heart-quality/data_processed/PhysioNet2022/training_data/68857_MV.wav,1,0.99127937347834
/Users/somesh/Desktop/onehearthealth/ast-heart-quality/data_processed/PhysioNet2022/training_data/68909_AV.wav,1,0.9999988954840323
/Users/somesh/Desktop/onehearthealth/ast-heart-quality/data_processed/PhysioNet2022/training_data/68909_MV.wav,1,0.9999999966384793
/Users/somesh/Desktop/onehearthealth/ast-heart-quality/data_processed/PhysioNet2022/training_data/68909_PV.wav,1,0.9999998879325881
/Users/somesh/Desktop/onehearthealth/ast-heart-quality/data_processed/PhysioNet2022/training_data/68909_TV.wav,1,0.9944361169093543
/Users/somesh/Desktop/onehearthealth/ast-heart-quality/data_processed/PhysioNet2022/training_data/69067_AV.wav,1,0.9999999984608654
/Users/somesh/Desktop/onehearthealth/ast-heart-quality/data_processed/PhysioNet2022/training_data/69067_MV.wav,1,0.9999999997492012
/Users/somesh/Desktop/onehearthealth/ast-heart-quality/data_processed/PhysioNet2022/training_data/69067_PV.wav,1,0.9999995153306618
/Users/somesh/Desktop/onehearthealth/ast-heart-quality/data_processed/PhysioNet2022/training_data/69067_TV.wav,1,0.9999990680418587
/Users/somesh/Desktop/onehearthealth/ast-heart-quality/data_processed/PhysioNet2022/training_data/69159_AV.wav,1,0.9846020154039176
/Users/somesh/Desktop/onehearthealth/ast-heart-quality/data_processed/PhysioNet2022/training_data/69159_MV.wav,1,0.999999996203401
/Users/somesh/Desktop/onehearthealth/ast-heart-quality/data_processed/PhysioNet2022/training_data/69159_PV.wav,1,0.9999999914936939
/Users/somesh/Desktop/onehearthealth/ast-heart-quality/data_processed/PhysioNet2022/training_data/69159_TV.wav,1,0.9674319337137776
/Users/somesh/Desktop/onehearthealth/ast-heart-quality/data_processed/PhysioNet2022/training_data/72283_MV.wav,1,0.9999966832788012
/Users/somesh/Desktop/onehearthealth/ast-heart-quality/data_processed/PhysioNet2022/training_data/72283_PV.wav,1,0.9999999688487233
/Users/somesh/Desktop/onehearthealth/ast-heart-quality/data_processed/PhysioNet2022/training_data/72283_TV.wav,1,0.9804859294117055
/Users/somesh/Desktop/onehearthealth/ast-heart-quality/data_processed/PhysioNet2022/training_data/76240_AV.wav,1,0.9795271325824719
/Users/somesh/Desktop/onehearthealth/ast-heart-quality/data_processed/PhysioNet2022/training_data/76240_MV.wav,1,0.9111638946803527
/Users/somesh/Desktop/onehearthealth/ast-heart-quality/data_processed/PhysioNet2022/training_data/76240_PV.wav,1,0.9359347135555065
/Users/somesh/Desktop/onehearthealth/ast-heart-quality/data_processed/PhysioNet2022/training_data/76240_TV.wav,1,0.999996665872918
/Users/somesh/Desktop/onehearthealth/ast-heart-quality/data_processed/PhysioNet2022/training_data/77373_AV.wav,1,0.9999996748355247
/Users/somesh/Desktop/onehearthealth/ast-heart-quality/data_processed/PhysioNet2022/training_data/77373_MV.wav,1,0.9999999907024196
/Users/somesh/Desktop/onehearthealth/ast-heart-quality/data_processed/PhysioNet2022/training_data/77373_PV.wav,1,0.9999999999742618
/Users/somesh/Desktop/onehearthealth/ast-heart-quality/data_processed/PhysioNet2022/training_data/77373_TV.wav,1,0.9999989720940736
/Users/somesh/Desktop/onehearthealth/ast-heart-quality/data_processed/PhysioNet2022/training_data/81035_MV.wav,1,0.9999940367122184
/Users/somesh/Desktop/onehearthealth/ast-heart-quality/data_processed/PhysioNet2022/training_data/81297_AV.wav,1,0.9999999999995991
/Users/somesh/Desktop/onehearthealth/ast-heart-quality/data_processed/PhysioNet2022/training_data/81297_MV.wav,1,0.9999999999939793
/Users/somesh/Desktop/onehearthealth/ast-heart-quality/data_processed/PhysioNet2022/training_data/81297_PV.wav,1,0.9999999999920393
/Users/somesh/Desktop/onehearthealth/ast-heart-quality/data_processed/PhysioNet2022/training_data/81297_TV.wav,1,0.9999999852621899
/Users/somesh/Desktop/onehearthealth/ast-heart-quality/data_processed/PhysioNet2022/training_data/81501_AV.wav,1,0.9692428697188356
/Users/somesh/Desktop/onehearthealth/ast-heart-quality/data_processed/PhysioNet2022/training_data/81501_MV.wav,1,0.9999999768294787
/Users/somesh/Desktop/onehearthealth/ast-heart-quality/data_processed/PhysioNet2022/training_data/81501_PV.wav,1,0.9999999996095712
/Users/somesh/Desktop/onehearthealth/ast-heart-quality/data_processed/PhysioNet2022/training_data/81501_TV.wav,1,0.9478525483743712
/Users/somesh/Desktop/onehearthealth/ast-heart-quality/data_processed/PhysioNet2022/training_data/81638_AV.wav,1,0.9999971001116318
/Users/somesh/Desktop/onehearthealth/ast-heart-quality/data_processed/PhysioNet2022/training_data/81638_MV.wav,1,0.9964552521179991
/Users/somesh/Desktop/onehearthealth/ast-heart-quality/data_processed/PhysioNet2022/training_data/82275_AV.wav,1,0.9964416820287033
/Users/somesh/Desktop/onehearthealth/ast-heart-quality/data_processed/PhysioNet2022/training_data/82275_PV.wav,1,0.9999999955027262
/Users/somesh/Desktop/onehearthealth/ast-heart-quality/data_processed/PhysioNet2022/training_data/83094_MV.wav,1,0.9999999998916285
/Users/somesh/Desktop/onehearthealth/ast-heart-quality/data_processed/PhysioNet2022/training_data/84687_AV.wav,1,0.9999981614205712
/Users/somesh/Desktop/onehearthealth/ast-heart-quality/data_processed/PhysioNet2022/training_data/84687_MV.wav,1,0.9999999851606228
/Users/somesh/Desktop/onehearthealth/ast-heart-quality/data_processed/PhysioNet2022/training_data/84696_AV.wav,1,0.9999999997956653
/Users/somesh/Desktop/onehearthealth/ast-heart-quality/data_processed/PhysioNet2022/training_data/84696_MV.wav,1,0.9999999863518663
/Users/somesh/Desktop/onehearthealth/ast-heart-quality/data_processed/PhysioNet2022/training_data/84696_PV.wav,1,0.9999922107692383
/Users/somesh/Desktop/onehearthealth/ast-heart-quality/data_processed/PhysioNet2022/training_data/84696_TV.wav,1,0.9999992696815689
/Users/somesh/Desktop/onehearthealth/ast-heart-quality/data_processed/PhysioNet2022/training_data/84697_AV.wav,1,0.6925110736799431
/Users/somesh/Desktop/onehearthealth/ast-heart-quality/data_processed/PhysioNet2022/training_data/84697_MV.wav,1,0.9999975001380721
/Users/somesh/Desktop/onehearthealth/ast-heart-quality/data_processed/PhysioNet2022/training_data/84697_PV.wav,1,0.9999958845526088
/Users/somesh/Desktop/onehearthealth/ast-heart-quality/data_processed/PhysioNet2022/training_data/84697_TV.wav,1,0.9999998575039463
/Users/somesh/Desktop/onehearthealth/ast-heart-quality/data_processed/PhysioNet2022/training_data/84704_PV.wav,1,0.6404163882803426
/Users/somesh/Desktop/onehearthealth/ast-heart-quality/data_processed/PhysioNet2022/training_data/84730_AV.wav,1,0.9999999987281227
/Users/somesh/Desktop/onehearthealth/ast-heart-quality/data_processed/PhysioNet2022/training_data/84730_MV.wav,1,0.9999999970573149
/Users/somesh/Desktop/onehearthealth/ast-heart-quality/data_processed/PhysioNet2022/training_data/84730_PV.wav,1,0.9999999630041488
/Users/somesh/Desktop/onehearthealth/ast-heart-quality/data_processed/PhysioNet2022/training_data/84730_TV.wav,1,0.9999999998682004
/Users/somesh/Desktop/onehearthealth/ast-heart-quality/data_processed/PhysioNet2022/training_data/84740_AV.wav,1,0.9999997247892323
/Users/somesh/Desktop/onehearthealth/ast-heart-quality/data_processed/PhysioNet2022/training_data/84740_MV.wav,1,0.9999999942670391
/Users/somesh/Desktop/onehearthealth/ast-heart-quality/data_processed/PhysioNet2022/training_data/84740_PV.wav,1,0.9999999577572888
/Users/somesh/Desktop/onehearthealth/ast-heart-quality/data_processed/PhysioNet2022/training_data/84740_TV.wav,1,0.9999999669328856
/Users/somesh/Desktop/onehearthealth/ast-heart-quality/data_processed/PhysioNet2022/training_data/84760_MV.wav,1,0.9999999999710214
/Users/somesh/Desktop/onehearthealth/ast-heart-quality/data_processed/PhysioNet2022/training_data/84760_PV.wav,1,0.9953039000976891
/Users/somesh/Desktop/onehearthealth/ast-heart-quality/data_processed/PhysioNet2022/training_data/84760_TV.wav,1,0.999999990575589
/Users/somesh/Desktop/onehearthealth/ast-heart-quality/data_processed/PhysioNet2022/training_data/84762_AV.wav,1,0.9999993608735828
/Users/somesh/Desktop/onehearthealth/ast-heart-quality/data_processed/PhysioNet2022/training_data/84762_MV.wav,1,0.9999999862586928
/Users/somesh/Desktop/onehearthealth/ast-heart-quality/data_processed/PhysioNet2022/training_data/84762_PV.wav,1,0.9999998672873704
/Users/somesh/Desktop/onehearthealth/ast-heart-quality/data_processed/PhysioNet2022/training_data/84762_TV.wav,1,0.9876681400094348
/Users/somesh/Desktop/onehearthealth/ast-heart-quality/data_processed/PhysioNet2022/training_data/84822_AV.wav,1,0.9999999551650884
/Users/somesh/Desktop/onehearthealth/ast-heart-quality/data_processed/PhysioNet2022/training_data/84822_MV.wav,1,0.9999999997272978
/Users/somesh/Desktop/onehearthealth/ast-heart-quality/data_processed/PhysioNet2022/training_data/84822_PV.wav,1,0.996149883860982
/Users/somesh/Desktop/onehearthealth/ast-heart-quality/data_processed/PhysioNet2022/training_data/84822_TV.wav,1,0.9999996725095424
/Users/somesh/Desktop/onehearthealth/ast-heart-quality/data_processed/PhysioNet2022/training_data/84829_AV.wav,1,0.9812946647528468
/Users/somesh/Desktop/onehearthealth/ast-heart-quality/data_processed/PhysioNet2022/training_data/84829_MV.wav,1,0.9999998918211479
/Users/somesh/Desktop/onehearthealth/ast-heart-quality/data_processed/PhysioNet2022/training_data/84829_PV.wav,1,0.9999999961942375
/Users/somesh/Desktop/onehearthealth/ast-heart-quality/data_processed/PhysioNet2022/training_data/84829_TV.wav,1,0.9999999999868907
/Users/somesh/Desktop/onehearthealth/ast-heart-quality/data_processed/PhysioNet2022/training_data/84831_AV.wav,1,0.9999975239921386
/Users/somesh/Desktop/onehearthealth/ast-heart-quality/data_processed/PhysioNet2022/training_data/84831_MV.wav,1,0.9999999977111022
/Users/somesh/Desktop/onehearthealth/ast-heart-quality/data_processed/PhysioNet2022/training_data/84831_PV.wav,1,0.9999999582368666
/Users/somesh/Desktop/onehearthealth/ast-heart-quality/data_processed/PhysioNet2022/training_data/84831_TV.wav,1,0.99999999999872
/Users/somesh/Desktop/onehearthealth/ast-heart-quality/data_processed/PhysioNet2022/training_data/84851_AV.wav,1,0.9999892950352692
/Users/somesh/Desktop/onehearthealth/ast-heart-quality/data_processed/PhysioNet2022/training_data/84851_MV.wav,1,0.9999999957115594
/Users/somesh/Desktop/onehearthealth/ast-heart-quality/data_processed/PhysioNet2022/training_data/84851_PV.wav,1,0.987009664483215
/Users/somesh/Desktop/onehearthealth/ast-heart-quality/data_processed/PhysioNet2022/training_data/84851_TV.wav,1,0.999999916783863
/Users/somesh/Desktop/onehearthealth/ast-heart-quality/data_processed/PhysioNet2022/training_data/84859_AV.wav,1,0.9999999997426214
/Users/somesh/Desktop/onehearthealth/ast-heart-quality/data_processed/PhysioNet2022/training_data/84859_MV.wav,1,0.9999999998900182
/Users/somesh/Desktop/onehearthealth/ast-heart-quality/data_processed/PhysioNet2022/training_data/84859_PV.wav,1,0.9999995694669092
/Users/somesh/Desktop/onehearthealth/ast-heart-quality/data_processed/PhysioNet2022/training_data/84859_TV.wav,1,0.9999960843490558
/Users/somesh/Desktop/onehearthealth/ast-heart-quality/data_processed/PhysioNet2022/training_data/84863_AV.wav,1,0.7699166341226941
/Users/somesh/Desktop/onehearthealth/ast-heart-quality/data_processed/PhysioNet2022/training_data/84863_MV.wav,1,0.9999999487366836
/Users/somesh/Desktop/onehearthealth/ast-heart-quality/data_processed/PhysioNet2022/training_data/84863_PV.wav,1,0.9973511440656914
/Users/somesh/Desktop/onehearthealth/ast-heart-quality/data_processed/PhysioNet2022/training_data/84863_TV.wav,1,0.9999978366713329
/Users/somesh/Desktop/onehearthealth/ast-heart-quality/data_processed/PhysioNet2022/training_data/84879_AV.wav,1,0.999993780087067
/Users/somesh/Desktop/onehearthealth/ast-heart-quality/data_processed/PhysioNet2022/training_data/84879_MV.wav,1,0.9999999997593986
/Users/somesh/Desktop/onehearthealth/ast-heart-quality/data_processed/PhysioNet2022/training_data/84879_PV.wav,1,0.9999998155237427
/Users/somesh/Desktop/onehearthealth/ast-heart-quality/data_processed/PhysioNet2022/training_data/84879_TV.wav,1,0.9731736513614994
/Users/somesh/Desktop/onehearthealth/ast-heart-quality/data_processed/PhysioNet2022/training_data/84887_AV.wav,1,0.9999994821983995
/Users/somesh/Desktop/onehearthealth/ast-heart-quality/data_processed/PhysioNet2022/training_data/84887_MV.wav,1,0.999999999894405
/Users/somesh/Desktop/onehearthealth/ast-heart-quality/data_processed/PhysioNet2022/training_data/84887_PV.wav,1,0.9999999999352662
/Users/somesh/Desktop/onehearthealth/ast-heart-quality/data_processed/PhysioNet2022/training_data/84887_TV.wav,1,0.9999994973901725
/Users/somesh/Desktop/onehearthealth/ast-heart-quality/data_processed/PhysioNet2022/training_data/84892_AV.wav,1,0.999998607637304
/Users/somesh/Desktop/onehearthealth/ast-heart-quality/data_processed/PhysioNet2022/training_data/84892_MV.wav,1,0.9999999779960077
/Users/somesh/Desktop/onehearthealth/ast-heart-quality/data_processed/PhysioNet2022/training_data/84892_PV.wav,1,0.9999993381681137
/Users/somesh/Desktop/onehearthealth/ast-heart-quality/data_processed/PhysioNet2022/training_data/84896_AV.wav,1,0.9999963100880088
/Users/somesh/Desktop/onehearthealth/ast-heart-quality/data_processed/PhysioNet2022/training_data/84896_MV.wav,1,0.9999984347073213
/Users/somesh/Desktop/onehearthealth/ast-heart-quality/data_processed/PhysioNet2022/training_data/84896_PV.wav,1,0.9999999399862418
/Users/somesh/Desktop/onehearthealth/ast-heart-quality/data_processed/PhysioNet2022/training_data/84896_TV.wav,1,0.9807029190554257
/Users/somesh/Desktop/onehearthealth/ast-heart-quality/data_processed/PhysioNet2022/training_data/84918_PV.wav,1,0.9999999937442998
/Users/somesh/Desktop/onehearthealth/ast-heart-quality/data_processed/PhysioNet2022/training_data/84931_AV.wav,1,0.9999993247212923
/Users/somesh/Desktop/onehearthealth/ast-heart-quality/data_processed/PhysioNet2022/training_data/84931_MV.wav,1,0.9999999125538922
/Users/somesh/Desktop/onehearthealth/ast-heart-quality/data_processed/PhysioNet2022/training_data/84931_PV.wav,1,0.9939629227693718
/Users/somesh/Desktop/onehearthealth/ast-heart-quality/data_processed/PhysioNet2022/training_data/84931_TV.wav,1,0.997313285735924
/Users/somesh/Desktop/onehearthealth/ast-heart-quality/data_processed/PhysioNet2022/training_data/84933_AV.wav,1,0.9999991740531486
/Users/somesh/Desktop/onehearthealth/ast-heart-quality/data_processed/PhysioNet2022/training_data/84933_MV.wav,1,0.9999997406686352
/Users/somesh/Desktop/onehearthealth/ast-heart-quality/data_processed/PhysioNet2022/training_data/84933_PV.wav,1,0.9999998920890073
/Users/somesh/Desktop/onehearthealth/ast-heart-quality/data_processed/PhysioNet2022/training_data/84933_TV.wav,1,0.9594615912071319
/Users/somesh/Desktop/onehearthealth/ast-heart-quality/data_processed/PhysioNet2022/training_data/84934_AV.wav,1,0.983542487387202
/Users/somesh/Desktop/onehearthealth/ast-heart-quality/data_processed/PhysioNet2022/training_data/84935_AV.wav,1,0.9999999974902962
/Users/somesh/Desktop/onehearthealth/ast-heart-quality/data_processed/PhysioNet2022/training_data/84935_MV.wav,1,0.9999999977009367
/Users/somesh/Desktop/onehearthealth/ast-heart-quality/data_processed/PhysioNet2022/training_data/84935_PV.wav,1,0.9999999888669049
/Users/somesh/Desktop/onehearthealth/ast-heart-quality/data_processed/PhysioNet2022/training_data/84935_TV.wav,1,0.9999997722706859
/Users/somesh/Desktop/onehearthealth/ast-heart-quality/data_processed/PhysioNet2022/training_data/84936_AV.wav,1,0.9999998614081711
/Users/somesh/Desktop/onehearthealth/ast-heart-quality/data_processed/PhysioNet2022/training_data/84936_MV.wav,1,0.9999999995861761
/Users/somesh/Desktop/onehearthealth/ast-heart-quality/data_processed/PhysioNet2022/training_data/84936_PV.wav,1,0.9797061161958708
/Users/somesh/Desktop/onehearthealth/ast-heart-quality/data_processed/PhysioNet2022/training_data/84936_TV.wav,1,0.9999999909756966
/Users/somesh/Desktop/onehearthealth/ast-heart-quality/data_processed/PhysioNet2022/training_data/84970_AV.wav,1,0.9999990492841692
/Users/somesh/Desktop/onehearthealth/ast-heart-quality/data_processed/PhysioNet2022/training_data/84970_MV.wav,1,0.9999999978887268
/Users/somesh/Desktop/onehearthealth/ast-heart-quality/data_processed/PhysioNet2022/training_data/84977_AV.wav,1,0.5377873124066748
/Users/somesh/Desktop/onehearthealth/ast-heart-quality/data_processed/PhysioNet2022/training_data/84977_MV.wav,1,0.999999970867026
/Users/somesh/Desktop/onehearthealth/ast-heart-quality/data_processed/PhysioNet2022/training_data/84977_PV.wav,1,0.9892211445474016
/Users/somesh/Desktop/onehearthealth/ast-heart-quality/data_processed/PhysioNet2022/training_data/84977_TV.wav,1,0.9781389744828086
/Users/somesh/Desktop/onehearthealth/ast-heart-quality/data_processed/PhysioNet2022/training_data/84978_AV.wav,1,0.999998470008778
/Users/somesh/Desktop/onehearthealth/ast-heart-quality/data_processed/PhysioNet2022/training_data/84978_MV.wav,1,0.9999999999757267
/Users/somesh/Desktop/onehearthealth/ast-heart-quality/data_processed/PhysioNet2022/training_data/84978_PV.wav,1,0.9999923591146147
/Users/somesh/Desktop/onehearthealth/ast-heart-quality/data_processed/PhysioNet2022/training_data/84978_TV.wav,1,0.9965929786953067
/Users/somesh/Desktop/onehearthealth/ast-heart-quality/data_processed/PhysioNet2022/training_data/84982_AV.wav,1,0.9999923845753962
/Users/somesh/Desktop/onehearthealth/ast-heart-quality/data_processed/PhysioNet2022/training_data/84982_MV.wav,1,0.9999998948812712
/Users/somesh/Desktop/onehearthealth/ast-heart-quality/data_processed/PhysioNet2022/training_data/84982_PV.wav,1,0.9999998628349364
/Users/somesh/Desktop/onehearthealth/ast-heart-quality/data_processed/PhysioNet2022/training_data/84982_TV.wav,1,0.9999999108631935
/Users/somesh/Desktop/onehearthealth/ast-heart-quality/data_processed/PhysioNet2022/training_data/84983_MV.wav,1,0.9999974758673749
/Users/somesh/Desktop/onehearthealth/ast-heart-quality/data_processed/PhysioNet2022/training_data/84983_PV.wav,1,0.999999966905866
/Users/somesh/Desktop/onehearthealth/ast-heart-quality/data_processed/PhysioNet2022/training_data/84983_TV.wav,1,0.9999999847857163
/Users/somesh/Desktop/onehearthealth/ast-heart-quality/data_processed/PhysioNet2022/training_data/84985_AV.wav,1,0.9999999997046822
/Users/somesh/Desktop/onehearthealth/ast-heart-quality/data_processed/PhysioNet2022/training_data/84985_MV.wav,1,0.9999999805879274
/Users/somesh/Desktop/onehearthealth/ast-heart-quality/data_processed/PhysioNet2022/training_data/84985_PV.wav,1,0.999994459639472
/Users/somesh/Desktop/onehearthealth/ast-heart-quality/data_processed/PhysioNet2022/training_data/84985_TV.wav,1,0.9930213405974166
/Users/somesh/Desktop/onehearthealth/ast-heart-quality/data_processed/PhysioNet2022/training_data/84990_AV.wav,1,0.9999998566960797
/Users/somesh/Desktop/onehearthealth/ast-heart-quality/data_processed/PhysioNet2022/training_data/84990_MV.wav,1,0.9999999847583031
/Users/somesh/Desktop/onehearthealth/ast-heart-quality/data_processed/PhysioNet2022/training_data/84990_PV.wav,1,0.9999999999305861
/Users/somesh/Desktop/onehearthealth/ast-heart-quality/data_processed/PhysioNet2022/training_data/84990_TV.wav,1,0.9999981824843626
/Users/somesh/Desktop/onehearthealth/ast-heart-quality/data_processed/PhysioNet2022/training_data/84995_AV.wav,1,0.9949786484813131
/Users/somesh/Desktop/onehearthealth/ast-heart-quality/data_processed/PhysioNet2022/training_data/84995_MV.wav,1,0.999999998566113
/Users/somesh/Desktop/onehearthealth/ast-heart-quality/data_processed/PhysioNet2022/training_data/85004_MV.wav,1,0.9999840646911111
/Users/somesh/Desktop/onehearthealth/ast-heart-quality/data_processed/PhysioNet2022/training_data/85019_AV.wav,1,0.995368375997451
/Users/somesh/Desktop/onehearthealth/ast-heart-quality/data_processed/PhysioNet2022/training_data/85019_MV.wav,1,0.9999981392629648
/Users/somesh/Desktop/onehearthealth/ast-heart-quality/data_processed/PhysioNet2022/training_data/85020_AV.wav,1,0.9939188027612831
/Users/somesh/Desktop/onehearthealth/ast-heart-quality/data_processed/PhysioNet2022/training_data/85020_MV.wav,1,0.9999998986386831
/Users/somesh/Desktop/onehearthealth/ast-heart-quality/data_processed/PhysioNet2022/training_data/85020_PV.wav,1,0.9999999996216398
/Users/somesh/Desktop/onehearthealth/ast-heart-quality/data_processed/PhysioNet2022/training_data/85020_TV.wav,1,0.9999998098734789
/Users/somesh/Desktop/onehearthealth/ast-heart-quality/data_processed/PhysioNet2022/training_data/85042_AV.wav,1,0.9999999998120481
/Users/somesh/Desktop/onehearthealth/ast-heart-quality/data_processed/PhysioNet2022/training_data/85042_MV.wav,1,0.9999999993382724
/Users/somesh/Desktop/onehearthealth/ast-heart-quality/data_processed/PhysioNet2022/training_data/85042_PV.wav,1,0.9999919435265215
/Users/somesh/Desktop/onehearthealth/ast-heart-quality/data_processed/PhysioNet2022/training_data/85042_TV.wav,1,0.9999999999136457
/Users/somesh/Desktop/onehearthealth/ast-heart-quality/data_processed/PhysioNet2022/training_data/85046_AV.wav,1,0.5245279445276458
/Users/somesh/Desktop/onehearthealth/ast-heart-quality/data_processed/PhysioNet2022/training_data/85046_MV.wav,1,0.9999999990668232
/Users/somesh/Desktop/onehearthealth/ast-heart-quality/data_processed/PhysioNet2022/training_data/85046_PV.wav,1,0.9999999995310933
/Users/somesh/Desktop/onehearthealth/ast-heart-quality/data_processed/PhysioNet2022/training_data/85046_TV.wav,1,0.994192732478001
/Users/somesh/Desktop/onehearthealth/ast-heart-quality/data_processed/PhysioNet2022/training_data/85052_MV.wav,1,0.9999999999338596
/Users/somesh/Desktop/onehearthealth/ast-heart-quality/data_processed/PhysioNet2022/training_data/85052_PV.wav,1,0.9999999987346553
/Users/somesh/Desktop/onehearthealth/ast-heart-quality/data_processed/PhysioNet2022/training_data/85052_TV.wav,1,0.999984931553674
/Users/somesh/Desktop/onehearthealth/ast-heart-quality/data_processed/PhysioNet2022/training_data/85053_AV.wav,1,0.9999999999824593
/Users/somesh/Desktop/onehearthealth/ast-heart-quality/data_processed/PhysioNet2022/training_data/85053_MV.wav,1,0.9999999950736235
/Users/somesh/Desktop/onehearthealth/ast-heart-quality/data_processed/PhysioNet2022/training_data/85053_PV.wav,1,0.9999995130097868
/Users/somesh/Desktop/onehearthealth/ast-heart-quality/data_processed/PhysioNet2022/training_data/85053_TV.wav,1,0.9036427911105032
/Users/somesh/Desktop/onehearthealth/ast-heart-quality/data_processed/PhysioNet2022/training_data/85057_AV.wav,1,0.999986881244596
/Users/somesh/Desktop/onehearthealth/ast-heart-quality/data_processed/PhysioNet2022/training_data/85057_MV.wav,1,0.9956613632383307
/Users/somesh/Desktop/onehearthealth/ast-heart-quality/data_processed/PhysioNet2022/training_data/85057_PV.wav,1,0.9999892294996201
/Users/somesh/Desktop/onehearthealth/ast-heart-quality/data_processed/PhysioNet2022/training_data/85057_TV.wav,1,0.9999996261052804
/Users/somesh/Desktop/onehearthealth/ast-heart-quality/data_processed/PhysioNet2022/training_data/85062_AV.wav,1,0.8179264961474781
/Users/somesh/Desktop/onehearthealth/ast-heart-quality/data_processed/PhysioNet2022/training_data/85062_MV.wav,1,0.9999989361428757
/Users/somesh/Desktop/onehearthealth/ast-heart-quality/data_processed/PhysioNet2022/training_data/85062_PV.wav,1,0.999999999858649
/Users/somesh/Desktop/onehearthealth/ast-heart-quality/data_processed/PhysioNet2022/training_data/85062_TV.wav,1,0.999999182340301
/Users/somesh/Desktop/onehearthealth/ast-heart-quality/data_processed/PhysioNet2022/training_data/85066_MV.wav,1,0.999999792227657
/Users/somesh/Desktop/onehearthealth/ast-heart-quality/data_processed/PhysioNet2022/training_data/85069_AV.wav,1,0.9999974212176558
/Users/somesh/Desktop/onehearthealth/ast-heart-quality/data_processed/PhysioNet2022/training_data/85069_MV.wav,1,0.9956887022910479
/Users/somesh/Desktop/onehearthealth/ast-heart-quality/data_processed/PhysioNet2022/training_data/85069_PV.wav,1,0.9999999665471786
/Users/somesh/Desktop/onehearthealth/ast-heart-quality/data_processed/PhysioNet2022/training_data/85069_TV.wav,1,0.9999967275465855
/Users/somesh/Desktop/onehearthealth/ast-heart-quality/data_processed/PhysioNet2022/training_data/85077_AV.wav,1,0.9999999970849677
/Users/somesh/Desktop/onehearthealth/ast-heart-quality/data_processed/PhysioNet2022/training_data/85077_MV.wav,1,0.9999928365176354
/Users/somesh/Desktop/onehearthealth/ast-heart-quality/data_processed/PhysioNet2022/training_data/85077_PV.wav,1,0.9999937454224673
/Users/somesh/Desktop/onehearthealth/ast-heart-quality/data_processed/PhysioNet2022/training_data/85077_TV.wav,1,0.9999863062388011
/Users/somesh/Desktop/onehearthealth/ast-heart-quality/data_processed/PhysioNet2022/training_data/85081_AV.wav,1,0.9999974450188688
/Users/somesh/Desktop/onehearthealth/ast-heart-quality/data_processed/PhysioNet2022/training_data/85081_MV.wav,1,0.9999981509714587
/Users/somesh/Desktop/onehearthealth/ast-heart-quality/data_processed/PhysioNet2022/training_data/85099_AV.wav,1,0.9811782526352966
/Users/somesh/Desktop/onehearthealth/ast-heart-quality/data_processed/PhysioNet2022/training_data/85099_MV.wav,1,0.9999998989814515
/Users/somesh/Desktop/onehearthealth/ast-heart-quality/data_processed/PhysioNet2022/training_data/85099_PV.wav,1,0.9999999892323271
/Users/somesh/Desktop/onehearthealth/ast-heart-quality/data_processed/PhysioNet2022/training_data/85099_TV.wav,1,0.958569162526125
/Users/somesh/Desktop/onehearthealth/ast-heart-quality/data_processed/PhysioNet2022/training_data/85109_AV.wav,1,0.9999992173392582
/Users/somesh/Desktop/onehearthealth/ast-heart-quality/data_processed/PhysioNet2022/training_data/85109_MV.wav,1,0.9999999998673651
/Users/somesh/Desktop/onehearthealth/ast-heart-quality/data_processed/PhysioNet2022/training_data/85109_PV.wav,1,0.9999996561857937
/Users/somesh/Desktop/onehearthealth/ast-heart-quality/data_processed/PhysioNet2022/training_data/85109_TV.wav,1,0.9999999988677298
/Users/somesh/Desktop/onehearthealth/ast-heart-quality/data_processed/PhysioNet2022/training_data/85110_AV.wav,1,0.9999999815006756
/Users/somesh/Desktop/onehearthealth/ast-heart-quality/data_processed/PhysioNet2022/training_data/85110_MV.wav,1,0.9999995748886774
/Users/somesh/Desktop/onehearthealth/ast-heart-quality/data_processed/PhysioNet2022/training_data/85110_PV.wav,1,0.9999898276008432
/Users/somesh/Desktop/onehearthealth/ast-heart-quality/data_processed/PhysioNet2022/training_data/85110_TV.wav,1,0.999999898390425
/Users/somesh/Desktop/onehearthealth/ast-heart-quality/data_processed/PhysioNet2022/training_data/85119_AV.wav,1,0.9999967849930194
/Users/somesh/Desktop/onehearthealth/ast-heart-quality/data_processed/PhysioNet2022/training_data/85119_MV.wav,1,0.9999995979692339
/Users/somesh/Desktop/onehearthealth/ast-heart-quality/data_processed/PhysioNet2022/training_data/85119_PV.wav,1,0.9857081646380784
/Users/somesh/Desktop/onehearthealth/ast-heart-quality/data_processed/PhysioNet2022/training_data/85119_TV.wav,1,0.9999918856987108
/Users/somesh/Desktop/onehearthealth/ast-heart-quality/data_processed/PhysioNet2022/training_data/85121_AV.wav,1,0.9999999997277274
/Users/somesh/Desktop/onehearthealth/ast-heart-quality/data_processed/PhysioNet2022/training_data/85121_MV.wav,1,0.9999999982213056
/Users/somesh/Desktop/onehearthealth/ast-heart-quality/data_processed/PhysioNet2022/training_data/85121_PV.wav,1,0.9999999999312976
/Users/somesh/Desktop/onehearthealth/ast-heart-quality/data_processed/PhysioNet2022/training_data/85121_TV.wav,1,0.9999999992097898
/Users/somesh/Desktop/onehearthealth/ast-heart-quality/data_processed/PhysioNet2022/training_data/85131_AV.wav,1,0.9999987174312948
/Users/somesh/Desktop/onehearthealth/ast-heart-quality/data_processed/PhysioNet2022/training_data/85131_MV.wav,1,0.9999999999087131
/Users/somesh/Desktop/onehearthealth/ast-heart-quality/data_processed/PhysioNet2022/training_data/85131_PV.wav,1,0.9821752523665208
/Users/somesh/Desktop/onehearthealth/ast-heart-quality/data_processed/PhysioNet2022/training_data/85131_TV.wav,1,0.9999998893458908
/Users/somesh/Desktop/onehearthealth/ast-heart-quality/data_processed/PhysioNet2022/training_data/85134_AV.wav,1,0.9999999068817571
/Users/somesh/Desktop/onehearthealth/ast-heart-quality/data_processed/PhysioNet2022/training_data/85134_MV.wav,1,0.9999999993852798
/Users/somesh/Desktop/onehearthealth/ast-heart-quality/data_processed/PhysioNet2022/training_data/85134_PV.wav,1,0.9999997993614459
/Users/somesh/Desktop/onehearthealth/ast-heart-quality/data_processed/PhysioNet2022/training_data/85134_TV.wav,1,0.9999999928378653
/Users/somesh/Desktop/onehearthealth/ast-heart-quality/data_processed/PhysioNet2022/training_data/85139_MV.wav,1,0.9999999960472266
/Users/somesh/Desktop/onehearthealth/ast-heart-quality/data_processed/PhysioNet2022/training_data/85139_PV.wav,1,0.9999960449314266
/Users/somesh/Desktop/onehearthealth/ast-heart-quality/data_processed/PhysioNet2022/training_data/85139_TV.wav,1,0.9999999999928308
/Users/somesh/Desktop/onehearthealth/ast-heart-quality/data_processed/PhysioNet2022/training_data/85144_AV.wav,1,0.996157565226462
/Users/somesh/Desktop/onehearthealth/ast-heart-quality/data_processed/PhysioNet2022/training_data/85144_MV.wav,1,0.9908391863642787
/Users/somesh/Desktop/onehearthealth/ast-heart-quality/data_processed/PhysioNet2022/training_data/85150_AV.wav,1,0.999999893881625
/Users/somesh/Desktop/onehearthealth/ast-heart-quality/data_processed/PhysioNet2022/training_data/85150_PV.wav,1,0.9972384902736198
/Users/somesh/Desktop/onehearthealth/ast-heart-quality/data_processed/PhysioNet2022/training_data/85152_AV.wav,1,0.9999864352184744
/Users/somesh/Desktop/onehearthealth/ast-heart-quality/data_processed/PhysioNet2022/training_data/85152_MV.wav,1,0.9999999999968959
/Users/somesh/Desktop/onehearthealth/ast-heart-quality/data_processed/PhysioNet2022/training_data/85152_PV.wav,1,0.9999999999944724
/Users/somesh/Desktop/onehearthealth/ast-heart-quality/data_processed/PhysioNet2022/training_data/85152_TV.wav,1,0.9999999844470359
/Users/somesh/Desktop/onehearthealth/ast-heart-quality/data_processed/PhysioNet2022/training_data/85157_AV.wav,1,0.9999999637009748
/Users/somesh/Desktop/onehearthealth/ast-heart-quality/data_processed/PhysioNet2022/training_data/85157_MV.wav,1,0.999999995465317
/Users/somesh/Desktop/onehearthealth/ast-heart-quality/data_processed/PhysioNet2022/training_data/85157_PV.wav,1,0.813632154562413
/Users/somesh/Desktop/onehearthealth/ast-heart-quality/data_processed/PhysioNet2022/training_data/85157_TV.wav,1,0.9999949782412579
/Users/somesh/Desktop/onehearthealth/ast-heart-quality/data_processed/PhysioNet2022/training_data/85164_AV.wav,1,0.9999999996493959
/Users/somesh/Desktop/onehearthealth/ast-heart-quality/data_processed/PhysioNet2022/training_data/85164_MV.wav,1,0.9999999964695011
/Users/somesh/Desktop/onehearthealth/ast-heart-quality/data_processed/PhysioNet2022/training_data/85164_PV.wav,1,0.9999841181833885
/Users/somesh/Desktop/onehearthealth/ast-heart-quality/data_processed/PhysioNet2022/training_data/85164_TV.wav,1,0.9999995362647575
/Users/somesh/Desktop/onehearthealth/ast-heart-quality/data_processed/PhysioNet2022/training_data/85168_AV.wav,1,0.9999999733917375
/Users/somesh/Desktop/onehearthealth/ast-heart-quality/data_processed/PhysioNet2022/training_data/85168_MV.wav,1,0.9911680554734755
/Users/somesh/Desktop/onehearthealth/ast-heart-quality/data_processed/PhysioNet2022/training_data/85168_PV.wav,1,0.9999999011425215
/Users/somesh/Desktop/onehearthealth/ast-heart-quality/data_processed/PhysioNet2022/training_data/85168_TV.wav,1,0.9999999999539616
/Users/somesh/Desktop/onehearthealth/ast-heart-quality/data_processed/PhysioNet2022/training_data/85174_AV.wav,1,0.9999999716408401
/Users/somesh/Desktop/onehearthealth/ast-heart-quality/data_processed/PhysioNet2022/training_data/85174_MV.wav,1,0.9999997548001948
/Users/somesh/Desktop/onehearthealth/ast-heart-quality/data_processed/PhysioNet2022/training_data/85174_PV.wav,1,0.9999998245703927
/Users/somesh/Desktop/onehearthealth/ast-heart-quality/data_processed/PhysioNet2022/training_data/85174_TV.wav,1,0.999999773882906
/Users/somesh/Desktop/onehearthealth/ast-heart-quality/data_processed/PhysioNet2022/training_data/85202_AV.wav,1,0.9999993248413568
/Users/somesh/Desktop/onehearthealth/ast-heart-quality/data_processed/PhysioNet2022/training_data/85202_MV.wav,1,0.999999692115094
/Users/somesh/Desktop/onehearthealth/ast-heart-quality/data_processed/PhysioNet2022/training_data/85212_AV.wav,1,0.9454215165767186
/Users/somesh/Desktop/onehearthealth/ast-heart-quality/data_processed/PhysioNet2022/training_data/85212_MV.wav,1,0.99999966928937
/Users/somesh/Desktop/onehearthealth/ast-heart-quality/data_processed/PhysioNet2022/training_data/85212_PV.wav,1,0.7909353525879014
/Users/somesh/Desktop/onehearthealth/ast-heart-quality/data_processed/PhysioNet2022/training_data/85212_TV.wav,1,0.8794999154360851
/Users/somesh/Desktop/onehearthealth/ast-heart-quality/data_processed/PhysioNet2022/training_data/85230_AV.wav,1,0.9999999999839565
/Users/somesh/Desktop/onehearthealth/ast-heart-quality/data_processed/PhysioNet2022/training_data/85230_MV.wav,1,0.999999999666515
/Users/somesh/Desktop/onehearthealth/ast-heart-quality/data_processed/PhysioNet2022/training_data/85230_PV.wav,1,0.9999999991188235
/Users/somesh/Desktop/onehearthealth/ast-heart-quality/data_processed/PhysioNet2022/training_data/85230_TV.wav,1,0.9999999975179334
/Users/somesh/Desktop/onehearthealth/ast-heart-quality/data_processed/PhysioNet2022/training_data/85239_AV.wav,1,0.9922272517323861
/Users/somesh/Desktop/onehearthealth/ast-heart-quality/data_processed/PhysioNet2022/training_data/85239_MV.wav,1,0.9999999998948874
/Users/somesh/Desktop/onehearthealth/ast-heart-quality/data_processed/PhysioNet2022/training_data/85239_PV.wav,1,0.9999995740129125
/Users/somesh/Desktop/onehearthealth/ast-heart-quality/data_processed/PhysioNet2022/training_data/85239_TV.wav,1,0.9999999944780912
/Users/somesh/Desktop/onehearthealth/ast-heart-quality/data_processed/PhysioNet2022/training_data/85244_AV.wav,1,0.9104744466720995
/Users/somesh/Desktop/onehearthealth/ast-heart-quality/data_processed/PhysioNet2022/training_data/85244_MV.wav,1,0.9999999999769777
/Users/somesh/Desktop/onehearthealth/ast-heart-quality/data_processed/PhysioNet2022/training_data/85244_PV.wav,1,0.9999999977593779
/Users/somesh/Desktop/onehearthealth/ast-heart-quality/data_processed/PhysioNet2022/training_data/85244_TV.wav,1,0.9999999997621116
/Users/somesh/Desktop/onehearthealth/ast-heart-quality/data_processed/PhysioNet2022/training_data/85253_AV.wav,1,0.9999999998781391
/Users/somesh/Desktop/onehearthealth/ast-heart-quality/data_processed/PhysioNet2022/training_data/85253_MV.wav,1,0.999999580910223
/Users/somesh/Desktop/onehearthealth/ast-heart-quality/data_processed/PhysioNet2022/training_data/85253_PV.wav,1,0.9999994054761208
/Users/somesh/Desktop/onehearthealth/ast-heart-quality/data_processed/PhysioNet2022/training_data/85253_TV.wav,1,0.9999999994273727
/Users/somesh/Desktop/onehearthealth/ast-heart-quality/data_processed/PhysioNet2022/training_data/85282_AV.wav,1,0.999999999856288
/Users/somesh/Desktop/onehearthealth/ast-heart-quality/data_processed/PhysioNet2022/training_data/85282_MV.wav,1,0.9999999998752627
/Users/somesh/Desktop/onehearthealth/ast-heart-quality/data_processed/PhysioNet2022/training_data/85282_PV.wav,1,0.9080986300053304
/Users/somesh/Desktop/onehearthealth/ast-heart-quality/data_processed/PhysioNet2022/training_data/85282_TV.wav,1,0.9999999960323307
/Users/somesh/Desktop/onehearthealth/ast-heart-quality/data_processed/PhysioNet2022/training_data/85317_AV.wav,1,0.9999991872590652
/Users/somesh/Desktop/onehearthealth/ast-heart-quality/data_processed/PhysioNet2022/training_data/85323_PV.wav,1,0.999999999832054
/Users/somesh/Desktop/onehearthealth/ast-heart-quality/data_processed/PhysioNet2022/training_data/85339_MV.wav,1,0.9999999996454605
/Users/somesh/Desktop/onehearthealth/ast-heart-quality/data_processed/PhysioNet2022/training_data/85345_AV.wav,1,0.9999999999341721
/Users/somesh/Desktop/onehearthealth/ast-heart-quality/data_processed/PhysioNet2022/training_data/85345_PV.wav,1,0.9899960152678562
noise,0,4.69022802473355e-06
noise,0,2.8370929515221376e-06
noise,0,1.0152094663005274e-05
noise,0,0.0007658670169781085
noise,0,7.704915790626163e-05
noise,0,2.423049794690037e-05
noise,0,2.501010241979389e-06
noise,0,0.0024569757648519237
noise,0,0.00021513326594506336
noise,0,0.000955774367868482
noise,0,2.384288224680801e-07
noise,0,0.0022211978020561045
noise,0,2.5079665095042783e-05
noise,0,4.564238456516069e-07
noise,0,0.004588034759109969
noise,0,0.0006073355946793457
noise,0,5.049654228051468e-05
noise,0,1.949105420868783e-05
noise,0,6.74405895105174e-06
noise,0,4.560935617607492e-06
noise,0,6.332904416302e-05
noise,0,0.002439865231864356
noise,0,7.014028637743456e-05
noise,0,8.935193982591358e-05
noise,0,2.238948342002624e-06
noise,0,0.008339576744829328
noise,0,0.010591037046099544
noise,0,6.0034353702365616e-05
noise,0,8.317534475501971e-05
noise,0,0.001483129488373716
noise,0,6.910047466014437e-05
noise,0,2.4866146080172524e-05
noise,0,0.002049821704115584
noise,0,4.400000292228418e-05
noise,0,7.950067258055835e-05
noise,0,0.7355051036707877
noise,0,2.2010276263811032e-06
noise,0,0.015010103351938846
noise,0,0.003913204917906612
noise,0,0.00031065484590234936
noise,0,0.000549451200434479
noise,0,0.00030118138886152905
noise,0,8.288686745048582e-06
noise,0,0.006032045577763401
noise,0,0.006908650833610609
noise,0,0.00023559757775382903
noise,0,0.008437511849640313
noise,0,2.9884514698911006e-06
noise,0,0.01088756412552129
noise,0,0.00018554873923832057
noise,0,2.6094989950609783e-05
noise,0,0.0024230060443951235
noise,0,1.4760293787346765e-05
noise,0,3.67590724284391e-06
noise,0,0.0004186132754355659
noise,0,0.19817936194764407
noise,0,0.003306317509976292
noise,0,0.0003086376762542237
noise,0,0.00021218227917715318
noise,0,6.572438018070115e-07
noise,0,5.4028898418100806e-06
noise,0,8.802948538238583e-06
noise,0,3.5846451354066354e-06
noise,0,0.0010471480083160453
noise,0,0.00010631681680984192
noise,0,2.126523687580375e-06
noise,0,0.46068842440667984
noise,0,0.0001380828781035622
noise,0,0.001693570631429089
noise,0,1.663705209824082e-05
noise,0,5.1347977635360336e-05
noise,0,7.743312108833189e-07
noise,0,3.5669927203141516e-06
noise,0,0.00010310805256681809
noise,0,0.0015173653063895603
noise,0,2.317396333930876e-06
noise,0,0.008771955211494651
noise,0,0.0013073181636997387
noise,0,0.00017328155713486142
noise,0,0.0008244551668299239
noise,0,2.5599422246460263e-05
noise,0,1.6006207834823108e-06
noise,0,3.900244809950577e-06
noise,0,0.003377236693442844
noise,0,0.00037432650935857807
noise,0,4.23812775307476e-05
noise,0,0.002236413343987568
noise,0,8.871264903444561e-06
noise,0,6.174798690030752e-06
noise,0,2.149119215242203e-05
noise,0,5.0207077374316835e-05
noise,0,0.0001374061519788197
noise,0,5.773044887983553e-05
noise,0,0.0009855876376660612
noise,0,0.0017117390305633415
noise,0,0.0004808430967638407
noise,0,9.88604367525927e-06
noise,0,3.8306355284276895e-05
noise,0,7.510357430784715e-06
noise,0,3.064585332279372e-05
noise,0,1.954473415088298e-06
noise,0,3.375148422087719e-05
noise,0,2.0060386461386965e-05
noise,0,7.233768083966074e-06
noise,0,0.9401197886759214
noise,0,0.5655264263039239
noise,0,4.210995582785086e-06
noise,0,0.0008385898324867146
noise,0,3.370072838150792e-06
noise,0,2.2140100114660455e-06
noise,0,0.001682686244575582
noise,0,0.00024057524240379187
noise,0,1.600809007965815e-06
noise,0,0.0024356348962647897
noise,0,0.00015005199202446982
noise,0,4.8200941945290965e-05
noise,0,3.8188420310079054e-07
noise,0,0.007900694907239145
noise,0,8.759243428818476e-06
noise,0,1.663729354910095e-06
noise,0,9.310686792881943e-07
noise,0,6.064830948263182e-05
noise,0,8.74885550340576e-06
noise,0,8.305823011139966e-06
noise,0,2.9112376626565975e-05
noise,0,1.0672530131200966e-06
noise,0,6.258863408116153e-06
noise,0,2.8362053580394986e-06
noise,0,2.1188098977089817e-05
noise,0,5.172057803817507e-05
noise,0,8.085348473386817e-06
noise,0,0.0004032861031498743
noise,0,1.754632014224639e-05
noise,0,8.253483565115943e-07
noise,0,2.478644488765308e-05
noise,0,7.44344410256478e-06
noise,0,4.279901072167972e-05
noise,0,1.7132770178759298e-05
noise,0,8.818499504536824e-06
noise,0,5.026276428855376e-06
noise,0,5.653771765782536e-05
noise,0,2.156502196310324e-06
noise,0,0.0006462793680468738
noise,0,7.398284455417671e-05
noise,0,0.0008990405776830287
noise,0,0.0013145406045872528
noise,0,0.010484860094657659
noise,0,2.039278025734047e-05
noise,0,1.2966443920310667e-06
noise,0,5.23326222740688e-05
noise,0,7.64272013947231e-05
noise,0,0.00012020609984157276
noise,0,0.0036504747254703387
noise,0,0.03579767039584727
noise,0,0.00010630954065952368
noise,0,1.6450671805127997e-05
noise,0,7.111752400333595e-05
noise,0,0.0001556197212768929
noise,0,0.5
noise,0,9.128797884216384e-06
noise,0,4.79061965455544e-05
noise,0,8.057875807242681e-05
noise,0,0.11217666055184983
noise,0,0.666853430889306
noise,0,6.677758505619372e-07
noise,0,0.0012390964380469926
noise,0,1.161868260636953e-05
noise,0,5.676065207018136e-05
noise,0,3.956339580235095e-07
noise,0,8.163162781245745e-05
noise,0,8.673941715703453e-07
noise,0,0.0064954170894801384
noise,0,8.418925692491274e-05
noise,0,0.0016940566953174536
noise,0,1.3043975977541028e-05
noise,0,0.2013155955462731
noise,0,3.25701980168637e-05
noise,0,5.575500825458166e-07
noise,0,7.832008799046748e-06
noise,0,1.2475294486410398e-06
noise,0,6.1400205108661705e-06
noise,0,4.2243999680342886e-07
noise,0,0.00013454998891864766
noise,0,0.002647246759495026
noise,0,0.0008385898324867146
noise,0,0.0022274629028416213
noise,0,5.905001811559324e-06
noise,0,6.4267612749748595e-06
noise,0,0.002414623250267477
noise,0,4.515131418691761e-06
noise,0,0.0005623350111371499
noise,0,2.0851744528096402e-05
noise,0,4.509425969969659e-07
noise,0,0.02575810094948713
noise,0,1.4748073495948807e-05
noise,0,0.6664745393091481
noise,0,3.961157523937696e-06
noise,0,1.5245767814366073e-06
noise,0,0.0009408544292158015
noise,0,0.08047584655900603
noise,0,3.673364723172896e-05
noise,0,2.780152233081108e-07
noise,0,2.3665130586860418e-05
noise,0,2.6731087787674827e-05
noise,0,2.3119527241479327e-06
noise,0,2.323479288581037e-05
noise,0,4.9064366481899794e-06
noise,0,4.2687892024975123e-07
noise,0,1.8182084706068113e-06
noise,0,4.6446773140031365e-07
noise,0,0.0005330386466678754
noise,0,0.007469676059341576
noise,0,2.9659662668684628e-06
noise,0,0.21419477495340494
noise,0,2.6311294427130446e-07
noise,0,0.00021749409774408536
noise,0,5.965414491743376e-06
noise,0,0.008911920146650158
noise,0,1.9125407703689132e-05
noise,0,1.9492900911293157e-05
noise,0,2.556949672337645e-06
noise,0,0.40486409252549016
noise,0,0.0003966793511367468
noise,0,6.902540170637222e-06
noise,0,0.000829523807556006
noise,0,2.2281719849080135e-06
noise,0,1.2631404814026853e-05
noise,0,0.0009727998041844243
noise,0,8.863444284844772e-05
noise,0,0.0018838308770995687
noise,0,1.869844987645509e-07
noise,0,1.8958477560788735e-06
noise,0,2.6610303193368508e-05
noise,0,2.7632376437869814e-05
noise,0,0.003734264324398011
noise,0,0.00897441769012394
noise,0,4.6843756656733556e-07
noise,0,1.2250435604556703e-05
noise,0,1.1195500827139806e-05
noise,0,6.612177994826429e-06
noise,0,4.0996435533493686e-07
noise,0,6.274302428449506e-05
noise,0,0.00044628871274956546
noise,0,6.356586842535334e-06
noise,0,7.692709488320403e-05
noise,0,3.5352331513803272e-06
noise,0,1.513861361402066e-05
noise,0,6.984445901681482e-05
noise,0,0.0004078903768956139
noise,0,2.5505204485604533e-05
noise,0,3.3116914238916444e-05
noise,0,0.39873822685122673
noise,0,9.025373296608381e-06
noise,0,9.554096353041365e-06
noise,0,2.1948875496677915e-05
noise,0,7.292435779828432e-05
noise,0,0.022273256596557715
noise,0,0.017273468343834354
noise,0,4.2977883826390915e-07
noise,0,5.3711263023523386e-05
noise,0,1.0608771999333513e-05
noise,0,3.786037270363274e-05
noise,0,2.8485956961860722e-05
noise,0,0.01882647563670635
noise,0,7.609820000401902e-06
noise,0,0.6978181787607961
noise,0,9.346984121233435e-06
noise,0,2.5914042004234532e-06
noise,0,2.480589166451213e-06
noise,0,9.100776902906027e-05
noise,0,0.00017113697569641806
noise,0,0.00027464074497636666
noise,0,5.000791527795872e-05
noise,0,0.0009588022401354941
noise,0,0.0018731750627926196
noise,0,6.69619513514131e-06
noise,0,0.08270961115367081
noise,0,7.75420830005876e-06
noise,0,5.815605881685737e-07
noise,0,6.392867482181203e-07
noise,0,0.00011632241513058654
noise,0,0.0018762123705761897
noise,0,0.010364850322193477
noise,0,0.0023336037016511353
noise,0,0.8590647696947188
noise,0,1.0532001988304207e-06
noise,0,7.447472815962865e-06
noise,0,1.3545313513302043e-05
noise,0,1.0279078732312876e-05
noise,0,3.106825325469032e-05
noise,0,0.0002790321524812146
noise,0,0.003998914078492385
noise,0,1.521754944022965e-05
noise,0,6.06694309759148e-05
noise,0,8.810141662214747e-05
noise,0,3.875824689542512e-06
noise,0,0.0001477246262424186
noise,0,4.370390762143935e-05
noise,0,0.0008204446246021652
noise,0,6.849547870130259e-06
noise,0,0.9827504745315687
noise,0,2.4453285761777723e-06
noise,0,0.06071475566856675
noise,0,3.923856953298444e-06
noise,0,6.802731456153486e-05
noise,0,0.0001518904751692831
noise,0,8.020950832202115e-07
noise,0,9.793790867390346e-05
noise,0,3.955175501224193e-06
noise,0,0.00023729185823616471
noise,0,0.8774820717484882
noise,0,0.08632092348406191
noise,0,1.1710596288474505e-06
noise,0,0.00013301513137117563
noise,0,0.000225308458021448
noise,0,0.0006121594883404849
noise,0,1.4036195623973218e-06
noise,0,1.1066007549972707e-05
noise,0,1.1090292845862682e-05
noise,0,6.88466813308892e-06
noise,0,0.0007361709982056124
noise,0,9.500310857908198e-05
noise,0,4.3336108040357635e-06
noise,0,6.587946850492615e-07
noise,0,1.961597250640135e-06
noise,0,1.5946461162823433e-06
noise,0,1.4142167736672846e-05
noise,0,2.2005526903598992e-05
noise,0,2.394053185576707e-06
noise,0,0.0024200129522677456
noise,0,4.420095568374705e-05
noise,0,2.346932423489461e-06
noise,0,0.00015085843442297497
noise,0,2.0639186562070243e-06
noise,0,0.1847884093890023
noise,0,2.4552056722289963e-05
noise,0,2.1488695553484995e-06
noise,0,5.4601054416231725e-06
noise,0,0.00011933099167521129
noise,0,0.00018932684545964058
noise,0,2.823155642962028e-05
noise,0,0.00022117388021801666
noise,0,4.8255605667882365e-06
noise,0,9.145961470786437e-07
noise,0,1.3799195893297544e-05
noise,0,3.3697935177700096e-05
noise,0,0.031068699465164402
noise,0,6.059169481498374e-06
noise,0,2.5313463460181575e-05
noise,0,2.117104088253126e-06
noise,0,0.003226669699331672
noise,0,5.305881120129398e-06
noise,0,7.073594308172451e-05
noise,0,0.00018516254314780554
noise,0,3.7434844748440565e-05
noise,0,5.257577521981082e-07
noise,0,3.710756287635422e-05
noise,0,1.184269659150155e-05
noise,0,0.06034631914148347
noise,0,0.0032477960056466904
noise,0,1.9575975749745164e-05
noise,0,4.0152388615655797e-07
noise,0,0.015141418464046461
noise,0,3.289706530130613e-06
noise,0,2.2649865813776728e-06
noise,0,2.704647918478231e-05
noise,0,8.09280208223467e-06
noise,0,0.002071511363880134
noise,0,0.00014883540661580138
noise,0,3.0706728873954136e-07
noise,0,1.2171166883151049e-06
noise,0,0.0008709553529321361
noise,0,0.000257067245175608
noise,0,7.781660538680121e-06
noise,0,0.0001367843724961066
noise,0,0.0001868568760497359
noise,0,1.4082072627836997e-05
noise,0,1.6513160223651627e-06
noise,0,2.52241731599245e-05
noise,0,4.887231374142212e-06
noise,0,0.0025723110969626925
noise,0,5.726412874646546e-05
noise,0,2.0740670191613798e-06
noise,0,8.248219369564991e-07
noise,0,6.950239196793687e-05
noise,0,2.8462853830486267e-05
noise,0,3.0310283455368735e-07
noise,0,0.00020128370353659258
noise,0,1.3058330069053657e-05
noise,0,5.851627812149846e-06
noise,0,3.221436907763937e-06
noise,0,6.096863770319682e-05
noise,0,8.702982794638421e-07
noise,0,5.829165605276677e-07
noise,0,3.866880466858482e-05
noise,0,0.1088204642906943
noise,0,8.992055881167293e-06
noise,0,4.011798443537145e-05
noise,0,1.5079473337718807e-05
noise,0,0.0003943423875530847
noise,0,4.170228937790515e-06
noise,0,3.255692925948813e-06
noise,0,7.432396577746099e-07
noise,0,0.00027401053008729837
noise,0,1.1908146678090594e-05
noise,0,0.007099289616664305
noise,0,0.007836161627310394
noise,0,0.158944754628221
noise,0,0.03837894106014065
noise,0,1.927447019347273e-07
noise,0,7.722270916366468e-07
noise,0,8.24999574350577e-06
noise,0,0.6580134535317295
noise,0,0.00012642195558520812
noise,0,9.702328374115565e-05
noise,0,3.4602891167740356e-05
noise,0,0.0032012285990543144
noise,0,0.0005049043386550003
noise,0,0.0007164002434497128
noise,0,0.0009746196100824556
noise,0,3.4309933156785393e-06
noise,0,3.2554373435059686e-06
noise,0,5.546037845643078e-06
noise,0,0.002561620429931201
noise,0,4.0757038745275195e-06
noise,0,2.6226887661171366e-05
noise,0,2.103461423190455e-05
noise,0,3.447629237811697e-05
noise,0,0.017931728673866963
noise,0,6.90356759636554e-05
noise,0,7.931924561489417e-07
noise,0,0.0002518547439914187
noise,0,0.0015374314445824968
noise,0,8.637821620818026e-05
noise,0,1.356152886365384e-05
noise,0,1.3619318894260997e-05
noise,0,0.911942372635655
noise,0,1.3405764904984554e-05
noise,0,1.5008753526308746e-06
noise,0,6.457722591768128e-05
noise,0,8.161128959783741e-05
noise,0,0.007974232485598986
noise,0,1.0338784182099559e-05
noise,0,0.00013139249111638094
noise,0,7.353273976665196e-06
noise,0,6.587660422221105e-05
noise,0,8.451036198805721e-05
noise,0,9.177608678480836e-06
noise,0,0.005926285850967649
noise,0,4.0000787381502246e-05
noise,0,0.05971343358392387
noise,0,2.732759057571324e-05
noise,0,0.0693659090842061
noise,0,1.4656239612805384e-06
noise,0,2.167366757526727e-05
noise,0,0.010037711374229126
noise,0,3.41406158434045e-06
noise,0,4.857614025289649e-06
noise,0,0.016552099322500628
noise,0,0.00032908967181307394
noise,0,6.953614803824405e-06
noise,0,0.00018773645278342683
noise,0,0.04427766600437869
noise,0,4.4555296338324535e-05
noise,0,0.9335302614832346
noise,0,6.493869922232206e-06
noise,0,8.446758175195132e-06
noise,0,0.004687693699046362
noise,0,3.393483521122089e-07
noise,0,1.7660618332111738e-06
noise,0,6.450981427204013e-07
noise,0,1.1318690385922116e-05
noise,0,6.753289761628987e-06
noise,0,0.023969715513756644
noise,0,1.99386010472101e-05
noise,0,5.251153331822643e-07
noise,0,0.0007292249504655501
noise,0,6.294313585106454e-05
noise,0,0.0015374314445824968
noise,0,6.337177720651551e-07
noise,0,4.298938805894345e-06
noise,0,1.2262978931514483e-05
noise,0,2.2140100114660455e-06
noise,0,0.0004046204131263027
noise,0,0.013979079964989137
noise,0,0.0021719396880938023
noise,0,7.267553738099963e-05
noise,0,1.541048127258548e-06
noise,0,0.00013878716694984663
noise,0,0.00023038110057118963
noise,0,2.350909039777337e-06
noise,0,0.0002803835186980815
noise,0,1.9944639315959114e-05
noise,0,1.059928410472422e-05
noise,0,2.06730044503782e-06
noise,0,0.0004723803066767331
noise,0,1.444835265852074e-06
noise,0,4.7210897502477404e-05
noise,0,2.9468672992763146e-07
noise,0,1.1536407599485001e-05
noise,0,1.8666682990169338e-05
noise,0,0.0006097347134053132
noise,0,0.008236948833778412
noise,0,4.425803906914952e-06
noise,0,0.9463103032437226
noise,0,3.2341940410880336e-06
noise,0,0.014600646139360072
noise,0,3.9240741944252507e-07
noise,0,0.09403271620995879
noise,0,9.280872702165051e-06
noise,0,4.4657163436789034e-07
noise,0,3.0578779468915045e-06
noise,0,0.007494867959408189
noise,0,5.7628374769107936e-05
noise,0,0.00024018771940150147
noise,0,0.0007824345392983299
noise,0,1.775791953632458e-06
noise,0,0.009453892761614234
noise,0,1.014187853203466e-06
noise,0,0.00037705598629509844
noise,0,0.00027223056705043426
noise,0,1.3326442580701163e-06
noise,0,0.0002600649133491232
noise,0,9.468150222826947e-05
noise,0,0.00010890636794101093
noise,0,2.9856883266567164e-06
noise,0,0.00013883157185446985
noise,0,8.13078671013954e-07
noise,0,0.0005984016435315766
noise,0,0.01017573814131537
noise,0,0.08268901445405037
noise,0,0.011067475870679756
noise,0,4.781951056868674e-05
noise,0,0.008642019328421898
noise,0,0.00031071993269627475
noise,0,2.6078954324819037e-07
noise,0,0.011244091042391054
noise,0,1.4000188644429398e-05
noise,0,0.005549545297909494
noise,0,2.1164237213854573e-06
noise,0,8.341492017444936e-05
noise,0,0.00011469047994075133
noise,0,9.889128826408513e-07
noise,0,1.9357794811286776e-06
noise,0,5.754161549846426e-05
noise,0,0.007836161627310394
noise,0,1.5231553389151158e-06
noise,0,2.6280530199491705e-06
noise,0,5.749546276316891e-05
noise,0,1.4524826928276099e-05
noise,0,5.775450609667874e-06
noise,0,4.673498950268466e-05
noise,0,2.5774700501368128e-05
noise,0,9.165372008423958e-07
noise,0,9.783300272133473e-07
noise,0,0.5635737983398611
noise,0,0.00011902839172304159
noise,0,0.0004364259022566412
noise,0,4.7495231563342596e-05
noise,0,0.024238926930988766
noise,0,1.33197912190026e-05
noise,0,3.6773164270943035e-06
noise,0,2.4061488422708473e-06
noise,0,6.005991451994191e-06
noise,0,0.0002681475402331294
noise,0,0.010273544707135233
noise,0,1.4372947678762545e-06
noise,0,8.694528840769622e-05
noise,0,0.04008978712104187
noise,0,0.7564289130101036
noise,0,0.0028418087618778676
noise,0,0.0003921725123695865
noise,0,0.00012563281665975738
noise,0,0.0005262320760252546
noise,0,0.006030354075153334
noise,0,0.0002604126431761491
noise,0,2.4551397709067413e-05
noise,0,0.867789116512154
noise,0,1.1080194714938452e-05
noise,0,8.178127718356254e-05
noise,0,2.194390184119587e-05
noise,0,0.0006550319398940463
noise,0,1.3352501750656518e-06
noise,0,0.00013103821367471685
noise,0,3.880217710143876e-06
noise,0,5.785801076424939e-05
noise,0,0.00012242959875057952
noise,0,0.08268901445405037
noise,0,1.6990330728019236e-05
noise,0,2.6673545049611404e-06
noise,0,1.6905971102357242e-06
noise,0,2.5309639929692876e-06
noise,0,3.567451011435811e-06
noise,0,0.006885127458815074
noise,0,0.0019307317034766467
noise,0,0.003908378528147011
noise,0,0.010361735976779711
noise,0,3.414674272491998e-07
noise,0,0.0015648888468578273
noise,0,4.687088687815597e-06
noise,0,1.4453197147978803e-05
noise,0,3.1100838292056056e-06
noise,0,0.00010083057506923183
noise,0,3.9942188600879916e-07
noise,0,1.2081381916877165e-06
noise,0,0.006411308239922908
noise,0,0.0003229309681058109
noise,0,2.249514195100925e-06
noise,0,1.7412142434197505e-05
noise,0,1.5011904710645276e-06
noise,0,0.008252429608028767
noise,0,0.00023627517721493108
noise,0,2.1913575835513798e-06
noise,0,0.00010631870052795027
noise,0,1.1247671877654997e-05
noise,0,9.888142757482236e-06
noise,0,5.960258459855428e-07
noise,0,4.792621563917793e-07
noise,0,2.5742433179924475e-06
noise,0,2.2820223067438927e-07
noise,0,2.721712844292205e-06
noise,0,0.4334637398991167
noise,0,1.5232694773368693e-05
noise,0,3.0422034879720048e-05
noise,0,0.0006689404982780088
noise,0,0.00030728711287163923
noise,0,2.7665196012530125e-06
noise,0,1.970199910652155e-05
noise,0,4.121349364137346e-06
noise,0,6.09295881630238e-06
noise,0,0.00023280029558006893
noise,0,3.212434233727795e-05
noise,0,0.03037867664404824
noise,0,0.6057336507923505
noise,0,0.010420043694554189
noise,0,2.3451142353695685e-05
noise,0,4.089992242604997e-05
noise,0,1.1356137860933022e-06
