filename,y_true,snr_db,probs
/Users/somesh/Desktop/onehearthealth/ast-heart-quality/data_processed/PhysioNet2022/training_data/14241_AV.wav,1,7.55977667528456,0.8148556413207795
/Users/somesh/Desktop/onehearthealth/ast-heart-quality/data_processed/PhysioNet2022/training_data/14241_MV.wav,1,4.966282687822057,0.723757309361428
/Users/somesh/Desktop/onehearthealth/ast-heart-quality/data_processed/PhysioNet2022/training_data/14241_PV.wav,1,3.978703303823518,0.682581416950674
/Users/somesh/Desktop/onehearthealth/ast-heart-quality/data_processed/PhysioNet2022/training_data/14241_TV.wav,1,12.860263176738629,0.9270323609867878
/Users/somesh/Desktop/onehearthealth/ast-heart-quality/data_processed/PhysioNet2022/training_data/24160_AV.wav,1,9.256387846334288,0.8607097395108152
/Users/somesh/Desktop/onehearthealth/ast-heart-quality/data_processed/PhysioNet2022/training_data/24160_MV.wav,1,3.8650689206730204,0.6776370163586635
/Users/somesh/Desktop/onehearthealth/ast-heart-quality/data_processed/PhysioNet2022/training_data/24160_PV.wav,1,5.3135464778612596,0.7374252827492844
/Users/somesh/Desktop/onehearthealth/ast-heart-quality/data_processed/PhysioNet2022/training_data/24160_TV.wav,1,7.7842447970050905,0.8215330527521135
/Users/somesh/Desktop/onehearthealth/ast-heart-quality/data_processed/PhysioNet2022/training_data/39403_AV.wav,1,6.059346958563349,0.765269352197922
/Users/somesh/Desktop/onehearthealth/ast-heart-quality/data_processed/PhysioNet2022/training_data/39403_MV.wav,1,4.637848351696599,0.7104333143548726
/Users/somesh/Desktop/onehearthealth/ast-heart-quality/data_processed/PhysioNet2022/training_data/39403_PV.wav,1,16.71239392613705,0.9648517144026462
/Users/somesh/Desktop/onehearthealth/ast-heart-quality/data_processed/PhysioNet2022/training_data/39403_TV.wav,1,8.141416303716191,0.8317670878523643
/Users/somesh/Desktop/onehearthealth/ast-heart-quality/data_processed/PhysioNet2022/training_data/39456_MV.wav,1,3.7551241341790638,0.6728149958180301
/Users/somesh/Desktop/onehearthealth/ast-heart-quality/data_processed/PhysioNet2022/training_data/39456_PV.wav,1,9.321989887515688,0.8622752936688777
/Users/somesh/Desktop/onehearthealth/ast-heart-quality/data_processed/PhysioNet2022/training_data/39456_TV.wav,1,5.740306575621861,0.7536140415385671
/Users/somesh/Desktop/onehearthealth/ast-heart-quality/data_processed/PhysioNet2022/training_data/45843_AV.wav,1,7.759464967376389,0.8208052681537295
/Users/somesh/Desktop/onehearthealth/ast-heart-quality/data_processed/PhysioNet2022/training_data/45843_MV.wav,1,5.824112514383658,0.756713011626928
/Users/somesh/Desktop/onehearthealth/ast-heart-quality/data_processed/PhysioNet2022/training_data/45843_PV.wav,1,5.7634120320859665,0.754471079439625
/Users/somesh/Desktop/onehearthealth/ast-heart-quality/data_processed/PhysioNet2022/training_data/45843_TV.wav,1,5.8586941140636295,0.7579840334883616
/Users/somesh/Desktop/onehearthealth/ast-heart-quality/data_processed/PhysioNet2022/training_data/46065_AV.wav,1,7.417611987041576,0.810527625883571
/Users/somesh/Desktop/onehearthealth/ast-heart-quality/data_processed/PhysioNet2022/training_data/46065_MV.wav,1,4.966367844285922,0.7237607144602297
/Users/somesh/Desktop/onehearthealth/ast-heart-quality/data_processed/PhysioNet2022/training_data/46065_PV.wav,1,1.982253173916978,0.5905816565948718
/Users/somesh/Desktop/onehearthealth/ast-heart-quality/data_processed/PhysioNet2022/training_data/46065_TV.wav,1,1.1068870877467996,0.5476789927483173
/Users/somesh/Desktop/onehearthealth/ast-heart-quality/data_processed/PhysioNet2022/training_data/49561_AV.wav,1,8.053440095558317,0.8292905823805602
/Users/somesh/Desktop/onehearthealth/ast-heart-quality/data_processed/PhysioNet2022/training_data/49561_MV.wav,1,10.615490162807767,0.8902226943220936
/Users/somesh/Desktop/onehearthealth/ast-heart-quality/data_processed/PhysioNet2022/training_data/49561_PV.wav,1,9.081589370510448,0.8564653843315456
/Users/somesh/Desktop/onehearthealth/ast-heart-quality/data_processed/PhysioNet2022/training_data/49561_TV.wav,1,11.225211770625027,0.9015850938224833
/Users/somesh/Desktop/onehearthealth/ast-heart-quality/data_processed/PhysioNet2022/training_data/49577_AV.wav,1,5.640847692613939,0.7499019335240469
/Users/somesh/Desktop/onehearthealth/ast-heart-quality/data_processed/PhysioNet2022/training_data/49577_MV.wav,1,3.94877916853807,0.6812833056292567
/Users/somesh/Desktop/onehearthealth/ast-heart-quality/data_processed/PhysioNet2022/training_data/49577_PV.wav,1,3.3300119320735644,0.6538310838712117
/Users/somesh/Desktop/onehearthealth/ast-heart-quality/data_processed/PhysioNet2022/training_data/49577_TV.wav,1,8.81684483714217,0.8498326060815131
/Users/somesh/Desktop/onehearthealth/ast-heart-quality/data_processed/PhysioNet2022/training_data/49595_AV.wav,1,10.766849814030586,0.8931462973294118
/Users/somesh/Desktop/onehearthealth/ast-heart-quality/data_processed/PhysioNet2022/training_data/49595_MV.wav,1,12.576776038305432,0.923103074398553
/Users/somesh/Desktop/onehearthealth/ast-heart-quality/data_processed/PhysioNet2022/training_data/49598_AV.wav,1,1.6418119406607272,0.5740225291602702
/Users/somesh/Desktop/onehearthealth/ast-heart-quality/data_processed/PhysioNet2022/training_data/49598_MV.wav,1,5.113717663792151,0.7296136588231004
/Users/somesh/Desktop/onehearthealth/ast-heart-quality/data_processed/PhysioNet2022/training_data/49627_AV.wav,1,7.299734035801514,0.8068805303468698
/Users/somesh/Desktop/onehearthealth/ast-heart-quality/data_processed/PhysioNet2022/training_data/49627_MV.wav,1,8.525423733917691,0.8422419167574396
/Users/somesh/Desktop/onehearthealth/ast-heart-quality/data_processed/PhysioNet2022/training_data/49627_PV.wav,1,6.011488028597261,0.7635455878498756
/Users/somesh/Desktop/onehearthealth/ast-heart-quality/data_processed/PhysioNet2022/training_data/49627_TV.wav,1,11.28702944973394,0.9026766695008238
/Users/somesh/Desktop/onehearthealth/ast-heart-quality/data_processed/PhysioNet2022/training_data/49659_AV.wav,1,16.759961459962724,0.9651729219292353
/Users/somesh/Desktop/onehearthealth/ast-heart-quality/data_processed/PhysioNet2022/training_data/49659_MV.wav,1,4.437243391895154,0.702110560447078
/Users/somesh/Desktop/onehearthealth/ast-heart-quality/data_processed/PhysioNet2022/training_data/49659_PV.wav,1,8.879719417761557,0.8514303313779145
/Users/somesh/Desktop/onehearthealth/ast-heart-quality/data_processed/PhysioNet2022/training_data/49659_TV.wav,1,12.697829495211737,0.924804132910017
/Users/somesh/Desktop/onehearthealth/ast-heart-quality/data_processed/PhysioNet2022/training_data/49687_AV.wav,1,7.59011085406231,0.8157691723013648
/Users/somesh/Desktop/onehearthealth/ast-heart-quality/data_processed/PhysioNet2022/training_data/49687_MV.wav,1,7.9689121024078915,0.8268839554320491
/Users/somesh/Desktop/onehearthealth/ast-heart-quality/data_processed/PhysioNet2022/training_data/49687_PV.wav,1,2.895557139583451,0.633910798664625
/Users/somesh/Desktop/onehearthealth/ast-heart-quality/data_processed/PhysioNet2022/training_data/49687_TV.wav,1,3.845193591570231,0.6767680703110963
/Users/somesh/Desktop/onehearthealth/ast-heart-quality/data_processed/PhysioNet2022/training_data/49735_MV.wav,1,7.2547757228103675,0.8054755430477955
/Users/somesh/Desktop/onehearthealth/ast-heart-quality/data_processed/PhysioNet2022/training_data/49735_PV.wav,1,7.389061853396251,0.8096491670424172
/Users/somesh/Desktop/onehearthealth/ast-heart-quality/data_processed/PhysioNet2022/training_data/49735_TV.wav,1,8.780730521199867,0.8489085139108051
/Users/somesh/Desktop/onehearthealth/ast-heart-quality/data_processed/PhysioNet2022/training_data/49754_AV.wav,1,5.10090228275822,0.7291077239087619
/Users/somesh/Desktop/onehearthealth/ast-heart-quality/data_processed/PhysioNet2022/training_data/49754_MV.wav,1,9.518196544993234,0.8668695588631896
/Users/somesh/Desktop/onehearthealth/ast-heart-quality/data_processed/PhysioNet2022/training_data/49754_PV.wav,1,4.222430545323822,0.6930475807217714
/Users/somesh/Desktop/onehearthealth/ast-heart-quality/data_processed/PhysioNet2022/training_data/49754_TV.wav,1,10.429016868322254,0.8865246371820121
/Users/somesh/Desktop/onehearthealth/ast-heart-quality/data_processed/PhysioNet2022/training_data/49776_AV.wav,1,4.914293134085523,0.7216735981328964
/Users/somesh/Desktop/onehearthealth/ast-heart-quality/data_processed/PhysioNet2022/training_data/49776_MV.wav,1,9.03313675733644,0.8552699848816772
/Users/somesh/Desktop/onehearthealth/ast-heart-quality/data_processed/PhysioNet2022/training_data/49838_MV.wav,1,3.937328224167551,0.6807858160195057
/Users/somesh/Desktop/onehearthealth/ast-heart-quality/data_processed/PhysioNet2022/training_data/49897_AV.wav,1,4.782834101676318,0.7163619530788745
/Users/somesh/Desktop/onehearthealth/ast-heart-quality/data_processed/PhysioNet2022/training_data/49897_MV.wav,1,2.3745816573215563,0.609410778176951
/Users/somesh/Desktop/onehearthealth/ast-heart-quality/data_processed/PhysioNet2022/training_data/49897_PV.wav,1,5.6829168685608025,0.7514766198206053
/Users/somesh/Desktop/onehearthealth/ast-heart-quality/data_processed/PhysioNet2022/training_data/49897_TV.wav,1,4.396583779716103,0.7004069675767763
/Users/somesh/Desktop/onehearthealth/ast-heart-quality/data_processed/PhysioNet2022/training_data/49952_AV.wav,1,9.146571110751857,0.85805566721131
/Users/somesh/Desktop/onehearthealth/ast-heart-quality/data_processed/PhysioNet2022/training_data/49952_MV_1.wav,1,9.832474280242451,0.8739577266508826
/Users/somesh/Desktop/onehearthealth/ast-heart-quality/data_processed/PhysioNet2022/training_data/49952_MV_2.wav,1,4.1186169104719035,0.6886130560442631
/Users/somesh/Desktop/onehearthealth/ast-heart-quality/data_processed/PhysioNet2022/training_data/49952_PV.wav,1,5.775950365998418,0.7549353143581173
/Users/somesh/Desktop/onehearthealth/ast-heart-quality/data_processed/PhysioNet2022/training_data/49952_TV.wav,1,3.7164883028051725,0.6711117102044191
/Users/somesh/Desktop/onehearthealth/ast-heart-quality/data_processed/PhysioNet2022/training_data/49960_AV.wav,1,5.703161916222952,0.7522320406304644
/Users/somesh/Desktop/onehearthealth/ast-heart-quality/data_processed/PhysioNet2022/training_data/49960_MV.wav,1,10.216021165677176,0.882168145274088
/Users/somesh/Desktop/onehearthealth/ast-heart-quality/data_processed/PhysioNet2022/training_data/49960_PV.wav,1,9.764926463351877,0.8724620388636893
/Users/somesh/Desktop/onehearthealth/ast-heart-quality/data_processed/PhysioNet2022/training_data/49960_TV.wav,1,4.204327759278369,0.6922768321940171
/Users/somesh/Desktop/onehearthealth/ast-heart-quality/data_processed/PhysioNet2022/training_data/49969_MV.wav,1,1.8728631895868593,0.5852813747452089
/Users/somesh/Desktop/onehearthealth/ast-heart-quality/data_processed/PhysioNet2022/training_data/49979_MV.wav,1,5.934440589799044,0.7607522126494961
/Users/somesh/Desktop/onehearthealth/ast-heart-quality/data_processed/PhysioNet2022/training_data/49986_AV.wav,1,3.3917438845626346,0.6566201838303197
/Users/somesh/Desktop/onehearthealth/ast-heart-quality/data_processed/PhysioNet2022/training_data/49986_MV.wav,1,16.417628939834078,0.962796727720341
/Users/somesh/Desktop/onehearthealth/ast-heart-quality/data_processed/PhysioNet2022/training_data/49987_AV.wav,1,6.907369169812574,0.7943573764633773
/Users/somesh/Desktop/onehearthealth/ast-heart-quality/data_processed/PhysioNet2022/training_data/49987_MV.wav,1,8.231304424278523,0.8342677254585138
/Users/somesh/Desktop/onehearthealth/ast-heart-quality/data_processed/PhysioNet2022/training_data/49990_AV.wav,1,4.5634514720228605,0.7073628040961271
/Users/somesh/Desktop/onehearthealth/ast-heart-quality/data_processed/PhysioNet2022/training_data/49990_MV.wav,1,10.911171144003081,0.8958698909929297
/Users/somesh/Desktop/onehearthealth/ast-heart-quality/data_processed/PhysioNet2022/training_data/49990_PV.wav,1,19.763133537753383,0.9805934346466119
/Users/somesh/Desktop/onehearthealth/ast-heart-quality/data_processed/PhysioNet2022/training_data/49990_TV.wav,1,9.644555779450453,0.8697591553922468
/Users/somesh/Desktop/onehearthealth/ast-heart-quality/data_processed/PhysioNet2022/training_data/49995_AV.wav,1,14.200093241357967,0.9432105221534858
/Users/somesh/Desktop/onehearthealth/ast-heart-quality/data_processed/PhysioNet2022/training_data/49995_MV.wav,1,5.640365538115545,0.7498838475671391
/Users/somesh/Desktop/onehearthealth/ast-heart-quality/data_processed/PhysioNet2022/training_data/49995_PV.wav,1,10.182235191899254,0.8814639358531305
/Users/somesh/Desktop/onehearthealth/ast-heart-quality/data_processed/PhysioNet2022/training_data/49995_TV.wav,1,3.902273263599309,0.6792602844869036
/Users/somesh/Desktop/onehearthealth/ast-heart-quality/data_processed/PhysioNet2022/training_data/49998_MV.wav,1,3.401938330337628,0.6570797454971423
/Users/somesh/Desktop/onehearthealth/ast-heart-quality/data_processed/PhysioNet2022/training_data/49998_PV.wav,1,5.344775832076544,0.7386328712510928
/Users/somesh/Desktop/onehearthealth/ast-heart-quality/data_processed/PhysioNet2022/training_data/49998_TV.wav,1,8.762321540216245,0.8484356693547463
/Users/somesh/Desktop/onehearthealth/ast-heart-quality/data_processed/PhysioNet2022/training_data/50026_AV.wav,1,4.5466614728538195,0.7066672121852499
/Users/somesh/Desktop/onehearthealth/ast-heart-quality/data_processed/PhysioNet2022/training_data/50026_MV.wav,1,1.7825955008383088,0.5808926543078
/Users/somesh/Desktop/onehearthealth/ast-heart-quality/data_processed/PhysioNet2022/training_data/50043_AV.wav,1,3.9489375022013657,0.6812901815889445
/Users/somesh/Desktop/onehearthealth/ast-heart-quality/data_processed/PhysioNet2022/training_data/50043_PV.wav,1,3.7902660540657926,0.6743603056544847
/Users/somesh/Desktop/onehearthealth/ast-heart-quality/data_processed/PhysioNet2022/training_data/50043_TV.wav,1,6.590498774992408,0.7838117892254156
/Users/somesh/Desktop/onehearthealth/ast-heart-quality/data_processed/PhysioNet2022/training_data/50048_MV.wav,1,1.1432068030074125,0.5494778345727743
/Users/somesh/Desktop/onehearthealth/ast-heart-quality/data_processed/PhysioNet2022/training_data/50048_PV.wav,1,3.3584714806665454,0.6551182374385461
/Users/somesh/Desktop/onehearthealth/ast-heart-quality/data_processed/PhysioNet2022/training_data/50048_TV.wav,1,9.465573871156122,0.8656502601368716
/Users/somesh/Desktop/onehearthealth/ast-heart-quality/data_processed/PhysioNet2022/training_data/50056_AV.wav,1,9.335811670765821,0.8626032506538514
/Users/somesh/Desktop/onehearthealth/ast-heart-quality/data_processed/PhysioNet2022/training_data/50056_MV.wav,1,7.890604059485188,0.8246305547436434
/Users/somesh/Desktop/onehearthealth/ast-heart-quality/data_processed/PhysioNet2022/training_data/50056_PV.wav,1,5.8409703870162,0.7573331758463598
/Users/somesh/Desktop/onehearthealth/ast-heart-quality/data_processed/PhysioNet2022/training_data/50056_TV.wav,1,5.26382871698876,0.7354953800367459
/Users/somesh/Desktop/onehearthealth/ast-heart-quality/data_processed/PhysioNet2022/training_data/50067_MV.wav,1,1.0621161269924848,0.5454598675762244
/Users/somesh/Desktop/onehearthealth/ast-heart-quality/data_processed/PhysioNet2022/training_data/50067_PV.wav,1,9.071827378429974,0.8562252041702899
/Users/somesh/Desktop/onehearthealth/ast-heart-quality/data_processed/PhysioNet2022/training_data/50067_TV.wav,1,5.521931927323741,0.7454149698162161
/Users/somesh/Desktop/onehearthealth/ast-heart-quality/data_processed/PhysioNet2022/training_data/50103_AV.wav,1,2.560144380346455,0.6182079199065713
/Users/somesh/Desktop/onehearthealth/ast-heart-quality/data_processed/PhysioNet2022/training_data/50103_MV.wav,1,10.285393346863444,0.8836027286546747
/Users/somesh/Desktop/onehearthealth/ast-heart-quality/data_processed/PhysioNet2022/training_data/50103_PV.wav,1,5.210366348735357,0.733410014478174
/Users/somesh/Desktop/onehearthealth/ast-heart-quality/data_processed/PhysioNet2022/training_data/50103_TV.wav,1,5.48664388730237,0.7440733187832577
/Users/somesh/Desktop/onehearthealth/ast-heart-quality/data_processed/PhysioNet2022/training_data/50109_AV.wav,1,4.9087896039676275,0.7214524554870267
/Users/somesh/Desktop/onehearthealth/ast-heart-quality/data_processed/PhysioNet2022/training_data/50109_MV.wav,1,8.195270157444867,0.8332688673011202
/Users/somesh/Desktop/onehearthealth/ast-heart-quality/data_processed/PhysioNet2022/training_data/50109_PV.wav,1,4.087279170136813,0.6872675501549828
/Users/somesh/Desktop/onehearthealth/ast-heart-quality/data_processed/PhysioNet2022/training_data/50109_TV.wav,1,4.084605344332733,0.6871526011078425
/Users/somesh/Desktop/onehearthealth/ast-heart-quality/data_processed/PhysioNet2022/training_data/50111_AV.wav,1,8.413178999957188,0.8392361476311291
/Users/somesh/Desktop/onehearthealth/ast-heart-quality/data_processed/PhysioNet2022/training_data/50111_MV.wav,1,7.793112618076014,0.8217929382523042
/Users/somesh/Desktop/onehearthealth/ast-heart-quality/data_processed/PhysioNet2022/training_data/50111_PV.wav,1,8.33199854306918,0.8370335096235518
/Users/somesh/Desktop/onehearthealth/ast-heart-quality/data_processed/PhysioNet2022/training_data/50111_TV.wav,1,19.516489554292356,0.9796321149106757
/Users/somesh/Desktop/onehearthealth/ast-heart-quality/data_processed/PhysioNet2022/training_data/50113_AV.wav,1,9.276933491746181,0.861201646967529
/Users/somesh/Desktop/onehearthealth/ast-heart-quality/data_processed/PhysioNet2022/training_data/50113_MV.wav,1,10.303243581924654,0.8839694016883363
/Users/somesh/Desktop/onehearthealth/ast-heart-quality/data_processed/PhysioNet2022/training_data/50113_PV.wav,1,5.988906730039697,0.7627292352387345
/Users/somesh/Desktop/onehearthealth/ast-heart-quality/data_processed/PhysioNet2022/training_data/50113_TV.wav,1,5.630931941213172,0.7495298113260803
/Users/somesh/Desktop/onehearthealth/ast-heart-quality/data_processed/PhysioNet2022/training_data/50119_PV.wav,1,4.604231222139323,0.7090482313888746
/Users/somesh/Desktop/onehearthealth/ast-heart-quality/data_processed/PhysioNet2022/training_data/50125_MV.wav,1,1.2982342314191573,0.5571409330916582
/Users/somesh/Desktop/onehearthealth/ast-heart-quality/data_processed/PhysioNet2022/training_data/50125_PV.wav,1,5.348026359279572,0.7387583574642387
/Users/somesh/Desktop/onehearthealth/ast-heart-quality/data_processed/PhysioNet2022/training_data/50125_TV.wav,1,4.265462704949526,0.6948754015169516
/Users/somesh/Desktop/onehearthealth/ast-heart-quality/data_processed/PhysioNet2022/training_data/50152_AV.wav,1,2.8396090566491683,0.6313101782015966
/Users/somesh/Desktop/onehearthealth/ast-heart-quality/data_processed/PhysioNet2022/training_data/50152_MV.wav,1,3.3481425703260257,0.6546513486389157
/Users/somesh/Desktop/onehearthealth/ast-heart-quality/data_processed/PhysioNet2022/training_data/50155_AV.wav,1,5.303278730501029,0.7370274617121113
/Users/somesh/Desktop/onehearthealth/ast-heart-quality/data_processed/PhysioNet2022/training_data/50155_PV.wav,1,6.4819703117133205,0.7801110885084634
/Users/somesh/Desktop/onehearthealth/ast-heart-quality/data_processed/PhysioNet2022/training_data/50155_TV.wav,1,7.8129216650846525,0.8223724029780456
/Users/somesh/Desktop/onehearthealth/ast-heart-quality/data_processed/PhysioNet2022/training_data/50160_MV.wav,1,6.35536487876391,0.7757367735132232
/Users/somesh/Desktop/onehearthealth/ast-heart-quality/data_processed/PhysioNet2022/training_data/50160_PV.wav,1,3.8016677524039,0.6748608655481889
/Users/somesh/Desktop/onehearthealth/ast-heart-quality/data_processed/PhysioNet2022/training_data/50160_TV.wav,1,9.446179798767066,0.8651985143104036
/Users/somesh/Desktop/onehearthealth/ast-heart-quality/data_processed/PhysioNet2022/training_data/50207_AV.wav,1,4.070776472497872,0.6865577242528133
/Users/somesh/Desktop/onehearthealth/ast-heart-quality/data_processed/PhysioNet2022/training_data/50207_MV.wav,1,4.928923923812468,0.7222609671880362
/Users/somesh/Desktop/onehearthealth/ast-heart-quality/data_processed/PhysioNet2022/training_data/50209_AV.wav,1,3.7612220155104774,0.6730834106069701
/Users/somesh/Desktop/onehearthealth/ast-heart-quality/data_processed/PhysioNet2022/training_data/50209_MV.wav,1,1.5802092566924097,0.5710071914711625
/Users/somesh/Desktop/onehearthealth/ast-heart-quality/data_processed/PhysioNet2022/training_data/50209_PV.wav,1,5.947720838345406,0.7612353008414391
/Users/somesh/Desktop/onehearthealth/ast-heart-quality/data_processed/PhysioNet2022/training_data/50209_TV.wav,1,9.116980838443585,0.8573333425337305
/Users/somesh/Desktop/onehearthealth/ast-heart-quality/data_processed/PhysioNet2022/training_data/50216_AV.wav,1,8.140785706082013,0.8317494391329362
/Users/somesh/Desktop/onehearthealth/ast-heart-quality/data_processed/PhysioNet2022/training_data/50216_MV.wav,1,7.664831118971639,0.8180045215550116
/Users/somesh/Desktop/onehearthealth/ast-heart-quality/data_processed/PhysioNet2022/training_data/50216_PV.wav,1,8.538141607702611,0.8425795886004952
/Users/somesh/Desktop/onehearthealth/ast-heart-quality/data_processed/PhysioNet2022/training_data/50216_Phc_1.wav,1,4.193599224561943,0.6918195445720996
/Users/somesh/Desktop/onehearthealth/ast-heart-quality/data_processed/PhysioNet2022/training_data/50216_Phc_2.wav,1,1.685971171107135,0.5761806731139093
/Users/somesh/Desktop/onehearthealth/ast-heart-quality/data_processed/PhysioNet2022/training_data/50217_AV.wav,1,3.279891907341013,0.6515588058772588
/Users/somesh/Desktop/onehearthealth/ast-heart-quality/data_processed/PhysioNet2022/training_data/50217_PV.wav,1,11.101758214144816,0.8993724748728689
/Users/somesh/Desktop/onehearthealth/ast-heart-quality/data_processed/PhysioNet2022/training_data/50229_AV.wav,1,7.852278485509791,0.8235193044279604
/Users/somesh/Desktop/onehearthealth/ast-heart-quality/data_processed/PhysioNet2022/training_data/50229_MV.wav,1,3.8634753515143503,0.677567390945593
/Users/somesh/Desktop/onehearthealth/ast-heart-quality/data_processed/PhysioNet2022/training_data/50229_PV.wav,1,4.305751629175566,0.6965811541783201
/Users/somesh/Desktop/onehearthealth/ast-heart-quality/data_processed/PhysioNet2022/training_data/50229_TV.wav,1,5.574154845923309,0.7473919685296205
/Users/somesh/Desktop/onehearthealth/ast-heart-quality/data_processed/PhysioNet2022/training_data/50231_AV.wav,1,1.3707632435431476,0.5607169941885843
/Users/somesh/Desktop/onehearthealth/ast-heart-quality/data_processed/PhysioNet2022/training_data/50231_MV.wav,1,10.47343587526493,0.887415271969357
/Users/somesh/Desktop/onehearthealth/ast-heart-quality/data_processed/PhysioNet2022/training_data/50231_PV.wav,1,1.1455300375784634,0.5495928561732235
/Users/somesh/Desktop/onehearthealth/ast-heart-quality/data_processed/PhysioNet2022/training_data/50231_TV.wav,1,4.059852659790884,0.6860873801042742
/Users/somesh/Desktop/onehearthealth/ast-heart-quality/data_processed/PhysioNet2022/training_data/50233_AV.wav,1,9.37217728212044,0.8634629818558689
/Users/somesh/Desktop/onehearthealth/ast-heart-quality/data_processed/PhysioNet2022/training_data/50233_MV.wav,1,8.46216362995471,0.8405535486032678
/Users/somesh/Desktop/onehearthealth/ast-heart-quality/data_processed/PhysioNet2022/training_data/50233_PV.wav,1,6.088087292007028,0.7663003150587662
/Users/somesh/Desktop/onehearthealth/ast-heart-quality/data_processed/PhysioNet2022/training_data/50233_TV.wav,1,10.511127457204747,0.8881662240090888
/Users/somesh/Desktop/onehearthealth/ast-heart-quality/data_processed/PhysioNet2022/training_data/50258_MV.wav,1,4.138805707172929,0.6894781930141605
/Users/somesh/Desktop/onehearthealth/ast-heart-quality/data_processed/PhysioNet2022/training_data/50258_PV.wav,1,4.626001657885519,0.7099456562371123
/Users/somesh/Desktop/onehearthealth/ast-heart-quality/data_processed/PhysioNet2022/training_data/50258_TV.wav,1,3.9584064480782644,0.6817012461099322
/Users/somesh/Desktop/onehearthealth/ast-heart-quality/data_processed/PhysioNet2022/training_data/50277_AV.wav,1,7.098279089375056,0.8005244838899221
/Users/somesh/Desktop/onehearthealth/ast-heart-quality/data_processed/PhysioNet2022/training_data/50277_MV.wav,1,6.707380335861663,0.7877466407722501
/Users/somesh/Desktop/onehearthealth/ast-heart-quality/data_processed/PhysioNet2022/training_data/50277_PV.wav,1,10.09817905660617,0.8796961151461876
/Users/somesh/Desktop/onehearthealth/ast-heart-quality/data_processed/PhysioNet2022/training_data/50277_TV.wav,1,7.706896483262237,0.8192536527088494
/Users/somesh/Desktop/onehearthealth/ast-heart-quality/data_processed/PhysioNet2022/training_data/50278_AV.wav,1,5.939881087119556,0.7609501995720982
/Users/somesh/Desktop/onehearthealth/ast-heart-quality/data_processed/PhysioNet2022/training_data/50278_MV.wav,1,7.083282891849913,0.8000451185116406
/Users/somesh/Desktop/onehearthealth/ast-heart-quality/data_processed/PhysioNet2022/training_data/50278_PV.wav,1,6.559731901830649,0.7827672737046217
/Users/somesh/Desktop/onehearthealth/ast-heart-quality/data_processed/PhysioNet2022/training_data/50278_TV.wav,1,9.223603777230291,0.8599217922868898
/Users/somesh/Desktop/onehearthealth/ast-heart-quality/data_processed/PhysioNet2022/training_data/50280_AV.wav,1,17.156855164211148,0.9677448525828122
/Users/somesh/Desktop/onehearthealth/ast-heart-quality/data_processed/PhysioNet2022/training_data/50280_PV.wav,1,7.060002255893825,0.799299223513304
/Users/somesh/Desktop/onehearthealth/ast-heart-quality/data_processed/PhysioNet2022/training_data/50280_TV.wav,1,5.326943409441091,0.7379437601305413
/Users/somesh/Desktop/onehearthealth/ast-heart-quality/data_processed/PhysioNet2022/training_data/50281_MV.wav,1,4.207462343494035,0.6924103679497717
/Users/somesh/Desktop/onehearthealth/ast-heart-quality/data_processed/PhysioNet2022/training_data/50281_PV.wav,1,5.981613269026357,0.7624651496641129
/Users/somesh/Desktop/onehearthealth/ast-heart-quality/data_processed/PhysioNet2022/training_data/50281_TV.wav,1,4.013378407923024,0.6840820803198637
/Users/somesh/Desktop/onehearthealth/ast-heart-quality/data_processed/PhysioNet2022/training_data/50298_MV.wav,1,1.2347045566442192,0.5540036998102901
/Users/somesh/Desktop/onehearthealth/ast-heart-quality/data_processed/PhysioNet2022/training_data/50298_PV.wav,1,3.525102599243381,0.6626084946938064
/Users/somesh/Desktop/onehearthealth/ast-heart-quality/data_processed/PhysioNet2022/training_data/50298_TV.wav,1,8.511185701181372,0.8418631850912316
/Users/somesh/Desktop/onehearthealth/ast-heart-quality/data_processed/PhysioNet2022/training_data/50299_AV.wav,1,11.772875380443233,0.9108854780691882
/Users/somesh/Desktop/onehearthealth/ast-heart-quality/data_processed/PhysioNet2022/training_data/50299_MV.wav,1,7.526359968123262,0.8138452303983265
/Users/somesh/Desktop/onehearthealth/ast-heart-quality/data_processed/PhysioNet2022/training_data/50299_PV.wav,1,3.064258461379543,0.6417048764137858
/Users/somesh/Desktop/onehearthealth/ast-heart-quality/data_processed/PhysioNet2022/training_data/50299_TV.wav,1,5.3489862383153275,0.738795406030662
/Users/somesh/Desktop/onehearthealth/ast-heart-quality/data_processed/PhysioNet2022/training_data/50330_AV.wav,1,4.26800059007504,0.6949830091676221
/Users/somesh/Desktop/onehearthealth/ast-heart-quality/data_processed/PhysioNet2022/training_data/50330_MV.wav,1,6.037477721506804,0.76448275710162
/Users/somesh/Desktop/onehearthealth/ast-heart-quality/data_processed/PhysioNet2022/training_data/50331_AV.wav,1,5.1079829872894,0.7293873346386002
/Users/somesh/Desktop/onehearthealth/ast-heart-quality/data_processed/PhysioNet2022/training_data/50331_MV.wav,1,9.049977865783507,0.8556864155618249
/Users/somesh/Desktop/onehearthealth/ast-heart-quality/data_processed/PhysioNet2022/training_data/50331_PV.wav,1,5.651360372288277,0.750296054858266
/Users/somesh/Desktop/onehearthealth/ast-heart-quality/data_processed/PhysioNet2022/training_data/50331_TV.wav,1,1.2341484432587702,0.5539762183457505
/Users/somesh/Desktop/onehearthealth/ast-heart-quality/data_processed/PhysioNet2022/training_data/50335_AV.wav,1,6.308283467522098,0.7740943779190935
/Users/somesh/Desktop/onehearthealth/ast-heart-quality/data_processed/PhysioNet2022/training_data/50335_MV.wav,1,5.592658023575767,0.7480899983593033
/Users/somesh/Desktop/onehearthealth/ast-heart-quality/data_processed/PhysioNet2022/training_data/50339_AV.wav,1,3.837560647972333,0.6764340342981712
/Users/somesh/Desktop/onehearthealth/ast-heart-quality/data_processed/PhysioNet2022/training_data/50339_MV.wav,1,5.983240759093594,0.7625240962386033
/Users/somesh/Desktop/onehearthealth/ast-heart-quality/data_processed/PhysioNet2022/training_data/50339_PV.wav,1,14.85551437214869,0.9498374757003303
/Users/somesh/Desktop/onehearthealth/ast-heart-quality/data_processed/PhysioNet2022/training_data/50339_TV.wav,1,14.441959894692488,0.9457467421816542
/Users/somesh/Desktop/onehearthealth/ast-heart-quality/data_processed/PhysioNet2022/training_data/50379_AV.wav,1,4.349013314912924,0.6984067597122351
/Users/somesh/Desktop/onehearthealth/ast-heart-quality/data_processed/PhysioNet2022/training_data/50379_MV.wav,1,5.934877280076776,0.7607681085370624
/Users/somesh/Desktop/onehearthealth/ast-heart-quality/data_processed/PhysioNet2022/training_data/50379_PV.wav,1,3.739938184657599,0.6721460534927874
/Users/somesh/Desktop/onehearthealth/ast-heart-quality/data_processed/PhysioNet2022/training_data/50379_TV.wav,1,3.333974188532525,0.6540104222535298
/Users/somesh/Desktop/onehearthealth/ast-heart-quality/data_processed/PhysioNet2022/training_data/50619_AV.wav,1,11.506647602438987,0.9064677636701612
/Users/somesh/Desktop/onehearthealth/ast-heart-quality/data_processed/PhysioNet2022/training_data/50619_MV.wav,1,4.017179925144479,0.6842463693754935
/Users/somesh/Desktop/onehearthealth/ast-heart-quality/data_processed/PhysioNet2022/training_data/50619_PV.wav,1,6.9912166345780165,0.7970832165341339
/Users/somesh/Desktop/onehearthealth/ast-heart-quality/data_processed/PhysioNet2022/training_data/50619_TV.wav,1,5.858278735567,0.7579687934033439
/Users/somesh/Desktop/onehearthealth/ast-heart-quality/data_processed/PhysioNet2022/training_data/50641_MV.wav,1,3.5305357869265617,0.6628513787863735
/Users/somesh/Desktop/onehearthealth/ast-heart-quality/data_processed/PhysioNet2022/training_data/50641_PV.wav,1,4.184392987964628,0.6914268423679012
/Users/somesh/Desktop/onehearthealth/ast-heart-quality/data_processed/PhysioNet2022/training_data/50641_TV.wav,1,0.9391940164738086,0.5393580561154613
/Users/somesh/Desktop/onehearthealth/ast-heart-quality/data_processed/PhysioNet2022/training_data/50647_AV.wav,1,7.032576557889902,0.7984178528220238
/Users/somesh/Desktop/onehearthealth/ast-heart-quality/data_processed/PhysioNet2022/training_data/50647_MV.wav,1,4.834175309802789,0.7184436882859948
/Users/somesh/Desktop/onehearthealth/ast-heart-quality/data_processed/PhysioNet2022/training_data/50647_PV.wav,1,3.6408636679830124,0.6677647261237325
/Users/somesh/Desktop/onehearthealth/ast-heart-quality/data_processed/PhysioNet2022/training_data/50647_TV.wav,1,9.166270207802672,0.8585348454201414
/Users/somesh/Desktop/onehearthealth/ast-heart-quality/data_processed/PhysioNet2022/training_data/50652_AV.wav,1,5.865834917903188,0.7582459248163816
/Users/somesh/Desktop/onehearthealth/ast-heart-quality/data_processed/PhysioNet2022/training_data/50652_MV.wav,1,11.276800169496479,0.9024967898531547
/Users/somesh/Desktop/onehearthealth/ast-heart-quality/data_processed/PhysioNet2022/training_data/50676_AV.wav,1,4.972098265972543,0.7239897936392595
/Users/somesh/Desktop/onehearthealth/ast-heart-quality/data_processed/PhysioNet2022/training_data/50676_MV.wav,1,1.4538700009663321,0.5648068349413387
/Users/somesh/Desktop/onehearthealth/ast-heart-quality/data_processed/PhysioNet2022/training_data/50676_PV.wav,1,13.965192959954905,0.9406410326020574
/Users/somesh/Desktop/onehearthealth/ast-heart-quality/data_processed/PhysioNet2022/training_data/50676_TV.wav,1,4.127444285754222,0.6889914921220853
/Users/somesh/Desktop/onehearthealth/ast-heart-quality/data_processed/PhysioNet2022/training_data/50689_AV.wav,1,3.3672484620352963,0.6555147406781033
/Users/somesh/Desktop/onehearthealth/ast-heart-quality/data_processed/PhysioNet2022/training_data/50689_MV.wav,1,6.605403207648317,0.7843164756925397
/Users/somesh/Desktop/onehearthealth/ast-heart-quality/data_processed/PhysioNet2022/training_data/50689_PV.wav,1,8.522900572709704,0.842174854453453
/Users/somesh/Desktop/onehearthealth/ast-heart-quality/data_processed/PhysioNet2022/training_data/50689_TV.wav,1,4.349582872306603,0.6984307528866668
/Users/somesh/Desktop/onehearthealth/ast-heart-quality/data_processed/PhysioNet2022/training_data/50691_AV.wav,1,7.016080481770675,0.7978863319143574
/Users/somesh/Desktop/onehearthealth/ast-heart-quality/data_processed/PhysioNet2022/training_data/50691_MV.wav,1,3.0457126554257776,0.6408516195828431
/Users/somesh/Desktop/onehearthealth/ast-heart-quality/data_processed/PhysioNet2022/training_data/50691_PV.wav,1,5.62788671824563,0.7494154550407719
/Users/somesh/Desktop/onehearthealth/ast-heart-quality/data_processed/PhysioNet2022/training_data/50691_TV.wav,1,7.7987475565327795,0.8219579249653272
/Users/somesh/Desktop/onehearthealth/ast-heart-quality/data_processed/PhysioNet2022/training_data/50707_AV.wav,1,3.135733177480936,0.6449848658629357
/Users/somesh/Desktop/onehearthealth/ast-heart-quality/data_processed/PhysioNet2022/training_data/50707_MV.wav,1,10.3216344036583,0.8843461293265643
/Users/somesh/Desktop/onehearthealth/ast-heart-quality/data_processed/PhysioNet2022/training_data/50707_TV.wav,1,11.24985958215924,0.9020216259295857
/Users/somesh/Desktop/onehearthealth/ast-heart-quality/data_processed/PhysioNet2022/training_data/50713_AV.wav,1,6.219232910646614,0.7709646879507885
/Users/somesh/Desktop/onehearthealth/ast-heart-quality/data_processed/PhysioNet2022/training_data/50713_MV.wav,1,8.141104834052502,0.831758370844864
/Users/somesh/Desktop/onehearthealth/ast-heart-quality/data_processed/PhysioNet2022/training_data/50713_PV.wav,1,6.641091283445836,0.7855214538065404
/Users/somesh/Desktop/onehearthealth/ast-heart-quality/data_processed/PhysioNet2022/training_data/50713_TV.wav,1,4.895565156376771,0.7209206304478973
/Users/somesh/Desktop/onehearthealth/ast-heart-quality/data_processed/PhysioNet2022/training_data/50746_AV.wav,1,3.920894116679823,0.6800711114709189
/Users/somesh/Desktop/onehearthealth/ast-heart-quality/data_processed/PhysioNet2022/training_data/50746_MV.wav,1,5.487586743204636,0.7441092264038012
/Users/somesh/Desktop/onehearthealth/ast-heart-quality/data_processed/PhysioNet2022/training_data/50746_PV.wav,1,2.4601191309844546,0.6134751562568094
/Users/somesh/Desktop/onehearthealth/ast-heart-quality/data_processed/PhysioNet2022/training_data/50746_TV.wav,1,6.2006884973833865,0.7703091222819267
/Users/somesh/Desktop/onehearthealth/ast-heart-quality/data_processed/PhysioNet2022/training_data/50753_AV.wav,1,9.198896846149747,0.8593255118905505
/Users/somesh/Desktop/onehearthealth/ast-heart-quality/data_processed/PhysioNet2022/training_data/50753_MV.wav,1,6.045862830621866,0.764784569050405
/Users/somesh/Desktop/onehearthealth/ast-heart-quality/data_processed/PhysioNet2022/training_data/50753_PV.wav,1,6.506055595983835,0.7809362807015877
/Users/somesh/Desktop/onehearthealth/ast-heart-quality/data_processed/PhysioNet2022/training_data/50753_TV.wav,1,5.184880487523605,0.7324122316255228
/Users/somesh/Desktop/onehearthealth/ast-heart-quality/data_processed/PhysioNet2022/training_data/50763_AV.wav,1,7.942372370701896,0.8261228206311576
/Users/somesh/Desktop/onehearthealth/ast-heart-quality/data_processed/PhysioNet2022/training_data/50763_MV.wav,1,14.424646269496936,0.9455687958254693
/Users/somesh/Desktop/onehearthealth/ast-heart-quality/data_processed/PhysioNet2022/training_data/50763_PV.wav,1,2.9041510819138123,0.6343095824070842
/Users/somesh/Desktop/onehearthealth/ast-heart-quality/data_processed/PhysioNet2022/training_data/50763_TV.wav,1,7.993617373773104,0.827590109950464
/Users/somesh/Desktop/onehearthealth/ast-heart-quality/data_processed/PhysioNet2022/training_data/50766_AV.wav,1,14.896707471229163,0.9502285634035716
/Users/somesh/Desktop/onehearthealth/ast-heart-quality/data_processed/PhysioNet2022/training_data/50766_MV.wav,1,6.4053608723805535,0.7774715290035684
/Users/somesh/Desktop/onehearthealth/ast-heart-quality/data_processed/PhysioNet2022/training_data/50766_PV.wav,1,3.52900678511433,0.6627830352931869
/Users/somesh/Desktop/onehearthealth/ast-heart-quality/data_processed/PhysioNet2022/training_data/50766_TV.wav,1,4.238204753878527,0.6937183094478608
/Users/somesh/Desktop/onehearthealth/ast-heart-quality/data_processed/PhysioNet2022/training_data/50774_AV.wav,1,11.960783682329378,0.9138893600793827
/Users/somesh/Desktop/onehearthealth/ast-heart-quality/data_processed/PhysioNet2022/training_data/50774_MV.wav,1,7.690120392359578,0.8187562894213686
/Users/somesh/Desktop/onehearthealth/ast-heart-quality/data_processed/PhysioNet2022/training_data/50774_TV.wav,1,7.068552816924031,0.7995734192604361
/Users/somesh/Desktop/onehearthealth/ast-heart-quality/data_processed/PhysioNet2022/training_data/50781_AV.wav,1,7.95221361723865,0.8264053661947046
/Users/somesh/Desktop/onehearthealth/ast-heart-quality/data_processed/PhysioNet2022/training_data/50781_MV.wav,1,16.504592327580184,0.9634147292783997
/Users/somesh/Desktop/onehearthealth/ast-heart-quality/data_processed/PhysioNet2022/training_data/50781_PV.wav,1,3.4400819376458887,0.6587966287369414
/Users/somesh/Desktop/onehearthealth/ast-heart-quality/data_processed/PhysioNet2022/training_data/50781_TV.wav,1,1.0681140723189233,0.5457572695183803
/Users/somesh/Desktop/onehearthealth/ast-heart-quality/data_processed/PhysioNet2022/training_data/50784_AV.wav,1,5.6860804194357755,0.7515947656603186
/Users/somesh/Desktop/onehearthealth/ast-heart-quality/data_processed/PhysioNet2022/training_data/50784_MV.wav,1,0.6916335363743316,0.5270352329584705
/Users/somesh/Desktop/onehearthealth/ast-heart-quality/data_processed/PhysioNet2022/training_data/50784_PV.wav,1,3.556811935577669,0.6640248075766688
/Users/somesh/Desktop/onehearthealth/ast-heart-quality/data_processed/PhysioNet2022/training_data/50784_TV.wav,1,11.18384844366743,0.900848622593973
/Users/somesh/Desktop/onehearthealth/ast-heart-quality/data_processed/PhysioNet2022/training_data/50788_AV.wav,1,11.96939432849623,0.9140247875063616
/Users/somesh/Desktop/onehearthealth/ast-heart-quality/data_processed/PhysioNet2022/training_data/50788_MV.wav,1,2.016111344594733,0.5922179936645984
/Users/somesh/Desktop/onehearthealth/ast-heart-quality/data_processed/PhysioNet2022/training_data/50788_PV.wav,1,8.107267114211114,0.8308092178118945
/Users/somesh/Desktop/onehearthealth/ast-heart-quality/data_processed/PhysioNet2022/training_data/50788_TV.wav,1,4.432142593841414,0.7018971487327038
/Users/somesh/Desktop/onehearthealth/ast-heart-quality/data_processed/PhysioNet2022/training_data/50789_AV.wav,1,3.8166298603566333,0.6755171298139475
/Users/somesh/Desktop/onehearthealth/ast-heart-quality/data_processed/PhysioNet2022/training_data/50789_MV.wav,1,5.427542574459618,0.7418159209471797
/Users/somesh/Desktop/onehearthealth/ast-heart-quality/data_processed/PhysioNet2022/training_data/50789_PV.wav,1,3.8619943339448333,0.6775026760134527
/Users/somesh/Desktop/onehearthealth/ast-heart-quality/data_processed/PhysioNet2022/training_data/50789_TV.wav,1,4.295424044674118,0.6961444179206798
/Users/somesh/Desktop/onehearthealth/ast-heart-quality/data_processed/PhysioNet2022/training_data/50797_AV.wav,1,3.5329277635931673,0.6629582819714449
/Users/somesh/Desktop/onehearthealth/ast-heart-quality/data_processed/PhysioNet2022/training_data/50797_MV.wav,1,6.491926883718316,0.7804524836169668
/Users/somesh/Desktop/onehearthealth/ast-heart-quality/data_processed/PhysioNet2022/training_data/50797_PV.wav,1,6.646809999865376,0.7857140858874304
/Users/somesh/Desktop/onehearthealth/ast-heart-quality/data_processed/PhysioNet2022/training_data/50797_TV.wav,1,9.528162062223878,0.8670994082640049
/Users/somesh/Desktop/onehearthealth/ast-heart-quality/data_processed/PhysioNet2022/training_data/50803_AV.wav,1,4.074302915221274,0.6867094797046575
/Users/somesh/Desktop/onehearthealth/ast-heart-quality/data_processed/PhysioNet2022/training_data/50803_MV.wav,1,8.04805449649425,0.8291380429039485
/Users/somesh/Desktop/onehearthealth/ast-heart-quality/data_processed/PhysioNet2022/training_data/50803_PV.wav,1,11.751507280552575,0.9105379652926102
/Users/somesh/Desktop/onehearthealth/ast-heart-quality/data_processed/PhysioNet2022/training_data/50803_TV.wav,1,3.2935786105207914,0.6521800060217401
/Users/somesh/Desktop/onehearthealth/ast-heart-quality/data_processed/PhysioNet2022/training_data/50818_AV.wav,1,4.824500452779136,0.7180521123232461
/Users/somesh/Desktop/onehearthealth/ast-heart-quality/data_processed/PhysioNet2022/training_data/50818_MV.wav,1,6.323456573302303,0.7746246075778844
/Users/somesh/Desktop/onehearthealth/ast-heart-quality/data_processed/PhysioNet2022/training_data/50818_PV.wav,1,6.80590244093937,0.791022576667674
/Users/somesh/Desktop/onehearthealth/ast-heart-quality/data_processed/PhysioNet2022/training_data/50818_TV.wav,1,3.9830727422359775,0.6827707267568984
/Users/somesh/Desktop/onehearthealth/ast-heart-quality/data_processed/PhysioNet2022/training_data/51331_AV.wav,1,6.600706422299762,0.7841575277208467
/Users/somesh/Desktop/onehearthealth/ast-heart-quality/data_processed/PhysioNet2022/training_data/51331_MV.wav,1,9.946728461419225,0.8764534395749034
/Users/somesh/Desktop/onehearthealth/ast-heart-quality/data_processed/PhysioNet2022/training_data/51331_PV.wav,1,4.0273343984239105,0.6846849865431252
/Users/somesh/Desktop/onehearthealth/ast-heart-quality/data_processed/PhysioNet2022/training_data/51331_TV.wav,1,4.33514090524333,0.6978220358810094
/Users/somesh/Desktop/onehearthealth/ast-heart-quality/data_processed/PhysioNet2022/training_data/61117_AV.wav,1,1.7559307530483932,0.5795937564603125
/Users/somesh/Desktop/onehearthealth/ast-heart-quality/data_processed/PhysioNet2022/training_data/61117_MV.wav,1,16.599012810914154,0.9640745393264968
/Users/somesh/Desktop/onehearthealth/ast-heart-quality/data_processed/PhysioNet2022/training_data/61117_PV.wav,1,2.6214073628111407,0.6210956435499564
/Users/somesh/Desktop/onehearthealth/ast-heart-quality/data_processed/PhysioNet2022/training_data/61117_TV.wav,1,4.991695970721576,0.7247723418814767
/Users/somesh/Desktop/onehearthealth/ast-heart-quality/data_processed/PhysioNet2022/training_data/68194_AV.wav,1,3.702505481133358,0.670494155222901
/Users/somesh/Desktop/onehearthealth/ast-heart-quality/data_processed/PhysioNet2022/training_data/68194_MV.wav,1,3.4232144836315803,0.658037917504851
/Users/somesh/Desktop/onehearthealth/ast-heart-quality/data_processed/PhysioNet2022/training_data/68194_PV.wav,1,6.334346260584491,0.7750046073507508
/Users/somesh/Desktop/onehearthealth/ast-heart-quality/data_processed/PhysioNet2022/training_data/68194_TV.wav,1,5.7050681349307215,0.752303089623821
/Users/somesh/Desktop/onehearthealth/ast-heart-quality/data_processed/PhysioNet2022/training_data/68279_MV.wav,1,17.265329938021143,0.9684152261883905
/Users/somesh/Desktop/onehearthealth/ast-heart-quality/data_processed/PhysioNet2022/training_data/68279_PV.wav,1,1.1129334642657742,0.5479785452374146
/Users/somesh/Desktop/onehearthealth/ast-heart-quality/data_processed/PhysioNet2022/training_data/68279_TV.wav,1,10.735427824813746,0.8925450561060584
/Users/somesh/Desktop/onehearthealth/ast-heart-quality/data_processed/PhysioNet2022/training_data/68404_MV.wav,1,3.5797823763349728,0.6650489560925371
/Users/somesh/Desktop/onehearthealth/ast-heart-quality/data_processed/PhysioNet2022/training_data/68404_PV.wav,1,5.784449553837529,0.7552496615845766
/Users/somesh/Desktop/onehearthealth/ast-heart-quality/data_processed/PhysioNet2022/training_data/68404_TV.wav,1,4.065127283975884,0.6863145362213816
/Users/somesh/Desktop/onehearthealth/ast-heart-quality/data_processed/PhysioNet2022/training_data/68406_AV.wav,1,5.373947250684302,0.739757635972498
/Users/somesh/Desktop/onehearthealth/ast-heart-quality/data_processed/PhysioNet2022/training_data/68406_MV.wav,1,8.86451614037597,0.8510452872735452
/Users/somesh/Desktop/onehearthealth/ast-heart-quality/data_processed/PhysioNet2022/training_data/68406_PV.wav,1,5.856055852318011,0.7578872255291795
/Users/somesh/Desktop/onehearthealth/ast-heart-quality/data_processed/PhysioNet2022/training_data/68406_TV.wav,1,4.112430059046357,0.6883476708756279
/Users/somesh/Desktop/onehearthealth/ast-heart-quality/data_processed/PhysioNet2022/training_data/68413_AV.wav,1,5.4609615300448535,0.7430939640531083
/Users/somesh/Desktop/onehearthealth/ast-heart-quality/data_processed/PhysioNet2022/training_data/68413_MV.wav,1,9.18070246834243,0.8588850503405946
/Users/somesh/Desktop/onehearthealth/ast-heart-quality/data_processed/PhysioNet2022/training_data/68413_PV.wav,1,7.852563089525165,0.8235275768753162
/Users/somesh/Desktop/onehearthealth/ast-heart-quality/data_processed/PhysioNet2022/training_data/68413_TV.wav,1,6.4095500902756,0.7776164502451993
/Users/somesh/Desktop/onehearthealth/ast-heart-quality/data_processed/PhysioNet2022/training_data/68419_AV.wav,1,9.055057605079993,0.8558118267624476
/Users/somesh/Desktop/onehearthealth/ast-heart-quality/data_processed/PhysioNet2022/training_data/68419_MV.wav,1,8.8556750745049,0.8508209966654586
/Users/somesh/Desktop/onehearthealth/ast-heart-quality/data_processed/PhysioNet2022/training_data/68419_PV.wav,1,10.429275606232087,0.8865298428176144
/Users/somesh/Desktop/onehearthealth/ast-heart-quality/data_processed/PhysioNet2022/training_data/68419_TV.wav,1,10.412654378588954,0.8861950114772092
/Users/somesh/Desktop/onehearthealth/ast-heart-quality/data_processed/PhysioNet2022/training_data/68423_AV.wav,1,8.366062773736585,0.8379607065787982
/Users/somesh/Desktop/onehearthealth/ast-heart-quality/data_processed/PhysioNet2022/training_data/68423_MV.wav,1,3.393531940118928,0.6567008099331232
/Users/somesh/Desktop/onehearthealth/ast-heart-quality/data_processed/PhysioNet2022/training_data/68423_PV.wav,1,4.965826719978939,0.7237390764160501
/Users/somesh/Desktop/onehearthealth/ast-heart-quality/data_processed/PhysioNet2022/training_data/68423_TV.wav,1,6.587751707491925,0.7837186761139824
/Users/somesh/Desktop/onehearthealth/ast-heart-quality/data_processed/PhysioNet2022/training_data/68425_AV.wav,1,5.039379588958589,0.7266706191464591
/Users/somesh/Desktop/onehearthealth/ast-heart-quality/data_processed/PhysioNet2022/training_data/68425_MV.wav,1,4.457045046444342,0.7029382053407143
/Users/somesh/Desktop/onehearthealth/ast-heart-quality/data_processed/PhysioNet2022/training_data/68425_PV.wav,1,11.377974198805685,0.904262934066527
/Users/somesh/Desktop/onehearthealth/ast-heart-quality/data_processed/PhysioNet2022/training_data/68425_TV.wav,1,2.122994608665679,0.5973700139998255
/Users/somesh/Desktop/onehearthealth/ast-heart-quality/data_processed/PhysioNet2022/training_data/68436_AV.wav,1,7.041135741296184,0.7986932266925602
/Users/somesh/Desktop/onehearthealth/ast-heart-quality/data_processed/PhysioNet2022/training_data/68436_MV.wav,1,5.414869770287337,0.7413301915882138
/Users/somesh/Desktop/onehearthealth/ast-heart-quality/data_processed/PhysioNet2022/training_data/68436_PV.wav,1,7.798006736794587,0.8219362411603954
/Users/somesh/Desktop/onehearthealth/ast-heart-quality/data_processed/PhysioNet2022/training_data/68436_TV.wav,1,4.668365038490213,0.711687265213613
/Users/somesh/Desktop/onehearthealth/ast-heart-quality/data_processed/PhysioNet2022/training_data/68465_AV.wav,1,5.200203844377925,0.7330124319064207
/Users/somesh/Desktop/onehearthealth/ast-heart-quality/data_processed/PhysioNet2022/training_data/68465_MV.wav,1,9.297483356859912,0.8616921969682437
/Users/somesh/Desktop/onehearthealth/ast-heart-quality/data_processed/PhysioNet2022/training_data/68465_PV.wav,1,5.785807880298338,0.7552998747824073
/Users/somesh/Desktop/onehearthealth/ast-heart-quality/data_processed/PhysioNet2022/training_data/68465_TV.wav,1,4.635138003892995,0.7103217882674456
/Users/somesh/Desktop/onehearthealth/ast-heart-quality/data_processed/PhysioNet2022/training_data/68478_AV.wav,1,3.9474699853467117,0.6812264486754138
/Users/somesh/Desktop/onehearthealth/ast-heart-quality/data_processed/PhysioNet2022/training_data/68478_MV.wav,1,4.793679803340866,0.7168024883671698
/Users/somesh/Desktop/onehearthealth/ast-heart-quality/data_processed/PhysioNet2022/training_data/68478_PV.wav,1,5.933574626374293,0.760720688722623
/Users/somesh/Desktop/onehearthealth/ast-heart-quality/data_processed/PhysioNet2022/training_data/68478_TV.wav,1,15.447238505422947,0.9551852296228436
/Users/somesh/Desktop/onehearthealth/ast-heart-quality/data_processed/PhysioNet2022/training_data/68482_AV.wav,1,10.188369570953718,0.8815920663158772
/Users/somesh/Desktop/onehearthealth/ast-heart-quality/data_processed/PhysioNet2022/training_data/68482_MV.wav,1,7.070271934451333,0.7996285132845866
/Users/somesh/Desktop/onehearthealth/ast-heart-quality/data_processed/PhysioNet2022/training_data/68482_PV.wav,1,4.946155421913461,0.7229517652873355
/Users/somesh/Desktop/onehearthealth/ast-heart-quality/data_processed/PhysioNet2022/training_data/68482_TV.wav,1,4.155119367206412,0.6901763052543634
/Users/somesh/Desktop/onehearthealth/ast-heart-quality/data_processed/PhysioNet2022/training_data/68484_AV.wav,1,6.465795508804243,0.7795556677488131
/Users/somesh/Desktop/onehearthealth/ast-heart-quality/data_processed/PhysioNet2022/training_data/68484_MV.wav,1,6.106424511933637,0.7669564545704424
/Users/somesh/Desktop/onehearthealth/ast-heart-quality/data_processed/PhysioNet2022/training_data/68484_PV.wav,1,8.3416640687262,0.8372970296564922
/Users/somesh/Desktop/onehearthealth/ast-heart-quality/data_processed/PhysioNet2022/training_data/68484_TV.wav,1,5.082872088714584,0.7283949083073177
/Users/somesh/Desktop/onehearthealth/ast-heart-quality/data_processed/PhysioNet2022/training_data/68567_AV.wav,1,4.001188923331915,0.6835549808958314
/Users/somesh/Desktop/onehearthealth/ast-heart-quality/data_processed/PhysioNet2022/training_data/68567_MV.wav,1,5.110673459184458,0.729493531377105
/Users/somesh/Desktop/onehearthealth/ast-heart-quality/data_processed/PhysioNet2022/training_data/68567_PV.wav,1,5.7447704782149165,0.7537797754152459
/Users/somesh/Desktop/onehearthealth/ast-heart-quality/data_processed/PhysioNet2022/training_data/68567_TV.wav,1,3.759939388178824,0.6730269616901575
/Users/somesh/Desktop/onehearthealth/ast-heart-quality/data_processed/PhysioNet2022/training_data/68646_AV.wav,1,8.468502538254722,0.8407233875100631
/Users/somesh/Desktop/onehearthealth/ast-heart-quality/data_processed/PhysioNet2022/training_data/68646_MV.wav,1,14.873945246748917,0.9500128171492026
/Users/somesh/Desktop/onehearthealth/ast-heart-quality/data_processed/PhysioNet2022/training_data/68646_PV.wav,1,5.159557802256144,0.7314184930206435
/Users/somesh/Desktop/onehearthealth/ast-heart-quality/data_processed/PhysioNet2022/training_data/68646_TV.wav,1,2.4090972710258485,0.6110526769169942
/Users/somesh/Desktop/onehearthealth/ast-heart-quality/data_processed/PhysioNet2022/training_data/68660_AV.wav,1,4.9573686089181574,0.7234007240946302
/Users/somesh/Desktop/onehearthealth/ast-heart-quality/data_processed/PhysioNet2022/training_data/68660_MV.wav,1,2.3735070673949963,0.609359620200551
/Users/somesh/Desktop/onehearthealth/ast-heart-quality/data_processed/PhysioNet2022/training_data/68660_PV.wav,1,6.919060465380408,0.7947390769306271
/Users/somesh/Desktop/onehearthealth/ast-heart-quality/data_processed/PhysioNet2022/training_data/68660_TV.wav,1,7.617684905684653,0.8165965493094259
/Users/somesh/Desktop/onehearthealth/ast-heart-quality/data_processed/PhysioNet2022/training_data/68682_AV.wav,1,7.831406615911838,0.8229118011651803
/Users/somesh/Desktop/onehearthealth/ast-heart-quality/data_processed/PhysioNet2022/training_data/68682_MV.wav,1,1.5798271052352506,0.5709884691598587
/Users/somesh/Desktop/onehearthealth/ast-heart-quality/data_processed/PhysioNet2022/training_data/68682_PV.wav,1,3.7021561421608746,0.6704787190254105
/Users/somesh/Desktop/onehearthealth/ast-heart-quality/data_processed/PhysioNet2022/training_data/68682_TV.wav,1,3.8993034928108,0.6791308684431981
/Users/somesh/Desktop/onehearthealth/ast-heart-quality/data_processed/PhysioNet2022/training_data/68737_AV.wav,1,8.715756547100707,0.8472341967220901
/Users/somesh/Desktop/onehearthealth/ast-heart-quality/data_processed/PhysioNet2022/training_data/68737_MV.wav,1,8.277959337701937,0.8355538537724385
/Users/somesh/Desktop/onehearthealth/ast-heart-quality/data_processed/PhysioNet2022/training_data/68737_PV.wav,1,8.42665968708042,0.839599574734046
/Users/somesh/Desktop/onehearthealth/ast-heart-quality/data_processed/PhysioNet2022/training_data/68737_TV.wav,1,4.920718262161233,0.7219316358872191
/Users/somesh/Desktop/onehearthealth/ast-heart-quality/data_processed/PhysioNet2022/training_data/68752_AV.wav,1,4.15667760848078,0.690242941977236
/Users/somesh/Desktop/onehearthealth/ast-heart-quality/data_processed/PhysioNet2022/training_data/68752_MV.wav,1,4.609720395906079,0.709274661433127
/Users/somesh/Desktop/onehearthealth/ast-heart-quality/data_processed/PhysioNet2022/training_data/68752_PV.wav,1,3.69084428446141,0.6699786847870854
/Users/somesh/Desktop/onehearthealth/ast-heart-quality/data_processed/PhysioNet2022/training_data/68752_TV.wav,1,5.892709196402379,0.7592298164230882
/Users/somesh/Desktop/onehearthealth/ast-heart-quality/data_processed/PhysioNet2022/training_data/68756_MV.wav,1,5.575569355983484,0.7474453759030868
/Users/somesh/Desktop/onehearthealth/ast-heart-quality/data_processed/PhysioNet2022/training_data/68756_PV.wav,1,7.2628838049769895,0.8057294996635084
/Users/somesh/Desktop/onehearthealth/ast-heart-quality/data_processed/PhysioNet2022/training_data/68756_TV.wav,1,7.228909362549254,0.8046636893381922
/Users/somesh/Desktop/onehearthealth/ast-heart-quality/data_processed/PhysioNet2022/training_data/68831_AV.wav,1,6.5852235572438325,0.7836329576481957
/Users/somesh/Desktop/onehearthealth/ast-heart-quality/data_processed/PhysioNet2022/training_data/68831_MV.wav,1,10.303271765636662,0.8839699798336531
/Users/somesh/Desktop/onehearthealth/ast-heart-quality/data_processed/PhysioNet2022/training_data/68831_PV.wav,1,4.214404838625731,0.6927060090115128
/Users/somesh/Desktop/onehearthealth/ast-heart-quality/data_processed/PhysioNet2022/training_data/68831_TV.wav,1,8.329366775788422,0.8369616978460536
/Users/somesh/Desktop/onehearthealth/ast-heart-quality/data_processed/PhysioNet2022/training_data/68857_MV.wav,1,4.2839580007138665,0.6956591234293457
/Users/somesh/Desktop/onehearthealth/ast-heart-quality/data_processed/PhysioNet2022/training_data/68909_AV.wav,1,3.029312177910139,0.6400963218325485
/Users/somesh/Desktop/onehearthealth/ast-heart-quality/data_processed/PhysioNet2022/training_data/68909_MV.wav,1,4.438278073057031,0.7021538396232531
/Users/somesh/Desktop/onehearthealth/ast-heart-quality/data_processed/PhysioNet2022/training_data/68909_PV.wav,1,1.6032825799658348,0.5721372181115135
/Users/somesh/Desktop/onehearthealth/ast-heart-quality/data_processed/PhysioNet2022/training_data/68909_TV.wav,1,5.727810104231976,0.7531496786846192
/Users/somesh/Desktop/onehearthealth/ast-heart-quality/data_processed/PhysioNet2022/training_data/69067_AV.wav,1,1.5281592001620083,0.5684553128758785
/Users/somesh/Desktop/onehearthealth/ast-heart-quality/data_processed/PhysioNet2022/training_data/69067_MV.wav,1,6.70608793364814,0.7877034191442351
/Users/somesh/Desktop/onehearthealth/ast-heart-quality/data_processed/PhysioNet2022/training_data/69067_PV.wav,1,6.652094507024016,0.7858919799626276
/Users/somesh/Desktop/onehearthealth/ast-heart-quality/data_processed/PhysioNet2022/training_data/69067_TV.wav,1,7.876977929916105,0.8242360974612276
/Users/somesh/Desktop/onehearthealth/ast-heart-quality/data_processed/PhysioNet2022/training_data/69159_AV.wav,1,10.552007414019037,0.8889757469136621
/Users/somesh/Desktop/onehearthealth/ast-heart-quality/data_processed/PhysioNet2022/training_data/69159_MV.wav,1,3.5488042228668393,0.6636674162541912
/Users/somesh/Desktop/onehearthealth/ast-heart-quality/data_processed/PhysioNet2022/training_data/69159_PV.wav,1,3.4344241940199227,0.6585422294212943
/Users/somesh/Desktop/onehearthealth/ast-heart-quality/data_processed/PhysioNet2022/training_data/69159_TV.wav,1,6.2689202470172765,0.7727147007515105
/Users/somesh/Desktop/onehearthealth/ast-heart-quality/data_processed/PhysioNet2022/training_data/72283_MV.wav,1,3.345944687990262,0.6545519611350445
/Users/somesh/Desktop/onehearthealth/ast-heart-quality/data_processed/PhysioNet2022/training_data/72283_PV.wav,1,3.7925469280113977,0.6744604729776057
/Users/somesh/Desktop/onehearthealth/ast-heart-quality/data_processed/PhysioNet2022/training_data/72283_TV.wav,1,14.158358269507936,0.9427617625626551
/Users/somesh/Desktop/onehearthealth/ast-heart-quality/data_processed/PhysioNet2022/training_data/76240_AV.wav,1,4.094855824748091,0.6875931490820839
/Users/somesh/Desktop/onehearthealth/ast-heart-quality/data_processed/PhysioNet2022/training_data/76240_MV.wav,1,4.84157505701495,0.7187429591399769
/Users/somesh/Desktop/onehearthealth/ast-heart-quality/data_processed/PhysioNet2022/training_data/76240_PV.wav,1,3.372668377426828,0.6557594792154081
/Users/somesh/Desktop/onehearthealth/ast-heart-quality/data_processed/PhysioNet2022/training_data/76240_TV.wav,1,8.581678619816836,0.8437310895359579
/Users/somesh/Desktop/onehearthealth/ast-heart-quality/data_processed/PhysioNet2022/training_data/77373_AV.wav,1,7.183206730447916,0.8032229790229496
/Users/somesh/Desktop/onehearthealth/ast-heart-quality/data_processed/PhysioNet2022/training_data/77373_MV.wav,1,5.535174494438437,0.7459172553900111
/Users/somesh/Desktop/onehearthealth/ast-heart-quality/data_processed/PhysioNet2022/training_data/77373_PV.wav,1,5.715664928985583,0.7526978064116735
/Users/somesh/Desktop/onehearthealth/ast-heart-quality/data_processed/PhysioNet2022/training_data/77373_TV.wav,1,6.55513936417682,0.7826110476680183
/Users/somesh/Desktop/onehearthealth/ast-heart-quality/data_processed/PhysioNet2022/training_data/81035_MV.wav,1,4.203760253114276,0.6922526525418803
/Users/somesh/Desktop/onehearthealth/ast-heart-quality/data_processed/PhysioNet2022/training_data/81297_AV.wav,1,9.940740791635104,0.8763237087663927
/Users/somesh/Desktop/onehearthealth/ast-heart-quality/data_processed/PhysioNet2022/training_data/81297_MV.wav,1,8.125782065876454,0.8313290921845713
/Users/somesh/Desktop/onehearthealth/ast-heart-quality/data_processed/PhysioNet2022/training_data/81297_PV.wav,1,7.594664241526176,0.8159059985110466
/Users/somesh/Desktop/onehearthealth/ast-heart-quality/data_processed/PhysioNet2022/training_data/81297_TV.wav,1,7.810181666828394,0.822292339220411
/Users/somesh/Desktop/onehearthealth/ast-heart-quality/data_processed/PhysioNet2022/training_data/81501_AV.wav,1,4.873475566253235,0.720030904583781
/Users/somesh/Desktop/onehearthealth/ast-heart-quality/data_processed/PhysioNet2022/training_data/81501_MV.wav,1,8.57556492251059,0.8435698048696226
/Users/somesh/Desktop/onehearthealth/ast-heart-quality/data_processed/PhysioNet2022/training_data/81501_PV.wav,1,11.058112301725153,0.8985797109658986
/Users/somesh/Desktop/onehearthealth/ast-heart-quality/data_processed/PhysioNet2022/training_data/81501_TV.wav,1,1.1177198942403739,0.5482156522122145
/Users/somesh/Desktop/onehearthealth/ast-heart-quality/data_processed/PhysioNet2022/training_data/81638_AV.wav,1,8.631570614602534,0.8450422229253332
/Users/somesh/Desktop/onehearthealth/ast-heart-quality/data_processed/PhysioNet2022/training_data/81638_MV.wav,1,5.024822230034919,0.7260919598928444
/Users/somesh/Desktop/onehearthealth/ast-heart-quality/data_processed/PhysioNet2022/training_data/82275_AV.wav,1,4.302992852271149,0.6964645248036873
/Users/somesh/Desktop/onehearthealth/ast-heart-quality/data_processed/PhysioNet2022/training_data/82275_PV.wav,1,4.696110504546816,0.7128245364962683
/Users/somesh/Desktop/onehearthealth/ast-heart-quality/data_processed/PhysioNet2022/training_data/83094_MV.wav,1,3.65940450741566,0.6685868892882332
/Users/somesh/Desktop/onehearthealth/ast-heart-quality/data_processed/PhysioNet2022/training_data/84687_AV.wav,1,3.4297742082411964,0.6583330753812836
/Users/somesh/Desktop/onehearthealth/ast-heart-quality/data_processed/PhysioNet2022/training_data/84687_MV.wav,1,6.879955034852474,0.7934602906272926
/Users/somesh/Desktop/onehearthealth/ast-heart-quality/data_processed/PhysioNet2022/training_data/84696_AV.wav,1,10.562634441199833,0.8891853465380669
/Users/somesh/Desktop/onehearthealth/ast-heart-quality/data_processed/PhysioNet2022/training_data/84696_MV.wav,1,1.7058855583450625,0.5771529815651294
/Users/somesh/Desktop/onehearthealth/ast-heart-quality/data_processed/PhysioNet2022/training_data/84696_PV.wav,1,4.881084525592838,0.7203375743846687
/Users/somesh/Desktop/onehearthealth/ast-heart-quality/data_processed/PhysioNet2022/training_data/84696_TV.wav,1,13.573863391389205,0.9361173164843558
/Users/somesh/Desktop/onehearthealth/ast-heart-quality/data_processed/PhysioNet2022/training_data/84697_AV.wav,1,7.731824541726041,0.8199907329373823
/Users/somesh/Desktop/onehearthealth/ast-heart-quality/data_processed/PhysioNet2022/training_data/84697_MV.wav,1,3.0894051796662043,0.6428603957853718
/Users/somesh/Desktop/onehearthealth/ast-heart-quality/data_processed/PhysioNet2022/training_data/84697_PV.wav,1,6.589236172910963,0.7837689963549492
/Users/somesh/Desktop/onehearthealth/ast-heart-quality/data_processed/PhysioNet2022/training_data/84697_TV.wav,1,5.594883205795901,0.7481738568190668
/Users/somesh/Desktop/onehearthealth/ast-heart-quality/data_processed/PhysioNet2022/training_data/84704_PV.wav,1,3.050322800276647,0.6410638069561923
/Users/somesh/Desktop/onehearthealth/ast-heart-quality/data_processed/PhysioNet2022/training_data/84730_AV.wav,1,8.519498405160013,0.8420843926434967
/Users/somesh/Desktop/onehearthealth/ast-heart-quality/data_processed/PhysioNet2022/training_data/84730_MV.wav,1,11.097294141198534,0.8992916448847226
/Users/somesh/Desktop/onehearthealth/ast-heart-quality/data_processed/PhysioNet2022/training_data/84730_PV.wav,1,2.2399725265814068,0.6029840532381937
/Users/somesh/Desktop/onehearthealth/ast-heart-quality/data_processed/PhysioNet2022/training_data/84730_TV.wav,1,4.917836179411389,0.7218159075679652
/Users/somesh/Desktop/onehearthealth/ast-heart-quality/data_processed/PhysioNet2022/training_data/84740_AV.wav,1,6.688417127638308,0.7871118119539111
/Users/somesh/Desktop/onehearthealth/ast-heart-quality/data_processed/PhysioNet2022/training_data/84740_MV.wav,1,3.865084866568725,0.6776377130187946
/Users/somesh/Desktop/onehearthealth/ast-heart-quality/data_processed/PhysioNet2022/training_data/84740_PV.wav,1,4.86195062244218,0.7195660146229598
/Users/somesh/Desktop/onehearthealth/ast-heart-quality/data_processed/PhysioNet2022/training_data/84740_TV.wav,1,3.3074515423430455,0.6528091306061338
/Users/somesh/Desktop/onehearthealth/ast-heart-quality/data_processed/PhysioNet2022/training_data/84760_MV.wav,1,9.39088033727185,0.8639033806564342
/Users/somesh/Desktop/onehearthealth/ast-heart-quality/data_processed/PhysioNet2022/training_data/84760_PV.wav,1,6.992870512375748,0.797136711432639
/Users/somesh/Desktop/onehearthealth/ast-heart-quality/data_processed/PhysioNet2022/training_data/84760_TV.wav,1,13.916434010097873,0.9400941912594917
/Users/somesh/Desktop/onehearthealth/ast-heart-quality/data_processed/PhysioNet2022/training_data/84762_AV.wav,1,7.37189992033346,0.8091196142570394
/Users/somesh/Desktop/onehearthealth/ast-heart-quality/data_processed/PhysioNet2022/training_data/84762_MV.wav,1,5.957157606884935,0.761578169772869
/Users/somesh/Desktop/onehearthealth/ast-heart-quality/data_processed/PhysioNet2022/training_data/84762_PV.wav,1,7.582539803486654,0.8155414931016146
/Users/somesh/Desktop/onehearthealth/ast-heart-quality/data_processed/PhysioNet2022/training_data/84762_TV.wav,1,7.744756890178438,0.8203721952750559
/Users/somesh/Desktop/onehearthealth/ast-heart-quality/data_processed/PhysioNet2022/training_data/84822_AV.wav,1,7.651273533144422,0.8176005013942488
/Users/somesh/Desktop/onehearthealth/ast-heart-quality/data_processed/PhysioNet2022/training_data/84822_MV.wav,1,7.033387501183366,0.7984439553018059
/Users/somesh/Desktop/onehearthealth/ast-heart-quality/data_processed/PhysioNet2022/training_data/84822_PV.wav,1,9.662453356440587,0.870164099935091
/Users/somesh/Desktop/onehearthealth/ast-heart-quality/data_processed/PhysioNet2022/training_data/84822_TV.wav,1,6.63643444276194,0.7853644975044695
/Users/somesh/Desktop/onehearthealth/ast-heart-quality/data_processed/PhysioNet2022/training_data/84829_AV.wav,1,7.132242234912621,0.8016069512455909
/Users/somesh/Desktop/onehearthealth/ast-heart-quality/data_processed/PhysioNet2022/training_data/84829_MV.wav,1,7.687903397381391,0.8186904821811873
/Users/somesh/Desktop/onehearthealth/ast-heart-quality/data_processed/PhysioNet2022/training_data/84829_PV.wav,1,6.5130585392027385,0.7811757918512867
/Users/somesh/Desktop/onehearthealth/ast-heart-quality/data_processed/PhysioNet2022/training_data/84829_TV.wav,1,10.3215687603076,0.8843447865449698
/Users/somesh/Desktop/onehearthealth/ast-heart-quality/data_processed/PhysioNet2022/training_data/84831_AV.wav,1,3.4533681177480244,0.6593936796142739
/Users/somesh/Desktop/onehearthealth/ast-heart-quality/data_processed/PhysioNet2022/training_data/84831_MV.wav,1,2.8331552091139436,0.6310096908528616
/Users/somesh/Desktop/onehearthealth/ast-heart-quality/data_processed/PhysioNet2022/training_data/84831_PV.wav,1,3.315282536779872,0.653164023587727
/Users/somesh/Desktop/onehearthealth/ast-heart-quality/data_processed/PhysioNet2022/training_data/84831_TV.wav,1,5.503812463648011,0.7447266468709781
/Users/somesh/Desktop/onehearthealth/ast-heart-quality/data_processed/PhysioNet2022/training_data/84851_AV.wav,1,1.4817320829120448,0.5661760372989751
/Users/somesh/Desktop/onehearthealth/ast-heart-quality/data_processed/PhysioNet2022/training_data/84851_MV.wav,1,2.5492905371645853,0.617695428836465
/Users/somesh/Desktop/onehearthealth/ast-heart-quality/data_processed/PhysioNet2022/training_data/84851_PV.wav,1,0.9974557035489888,0.5422517305204285
/Users/somesh/Desktop/onehearthealth/ast-heart-quality/data_processed/PhysioNet2022/training_data/84851_TV.wav,1,5.8959177501355615,0.759347101570389
/Users/somesh/Desktop/onehearthealth/ast-heart-quality/data_processed/PhysioNet2022/training_data/84859_AV.wav,1,3.480106381803153,0.6605937027662353
/Users/somesh/Desktop/onehearthealth/ast-heart-quality/data_processed/PhysioNet2022/training_data/84859_MV.wav,1,5.390649789620806,0.7404002228383899
/Users/somesh/Desktop/onehearthealth/ast-heart-quality/data_processed/PhysioNet2022/training_data/84859_PV.wav,1,4.532861010883374,0.706094750141278
/Users/somesh/Desktop/onehearthealth/ast-heart-quality/data_processed/PhysioNet2022/training_data/84859_TV.wav,1,7.102153155621355,0.8006481811612838
/Users/somesh/Desktop/onehearthealth/ast-heart-quality/data_processed/PhysioNet2022/training_data/84863_AV.wav,1,3.2276300191446743,0.6491820598473782
/Users/somesh/Desktop/onehearthealth/ast-heart-quality/data_processed/PhysioNet2022/training_data/84863_MV.wav,1,1.4192112470701184,0.5631022511698084
/Users/somesh/Desktop/onehearthealth/ast-heart-quality/data_processed/PhysioNet2022/training_data/84863_PV.wav,1,9.067220655161885,0.8561117460933658
/Users/somesh/Desktop/onehearthealth/ast-heart-quality/data_processed/PhysioNet2022/training_data/84863_TV.wav,1,4.826277956890163,0.7181240790499795
/Users/somesh/Desktop/onehearthealth/ast-heart-quality/data_processed/PhysioNet2022/training_data/84879_AV.wav,1,6.266762696049527,0.7726389071255007
/Users/somesh/Desktop/onehearthealth/ast-heart-quality/data_processed/PhysioNet2022/training_data/84879_MV.wav,1,4.12871331704534,0.6890458756805878
/Users/somesh/Desktop/onehearthealth/ast-heart-quality/data_processed/PhysioNet2022/training_data/84879_PV.wav,1,4.708086469988021,0.7133145961688715
/Users/somesh/Desktop/onehearthealth/ast-heart-quality/data_processed/PhysioNet2022/training_data/84879_TV.wav,1,2.040380249085505,0.5933896348339714
/Users/somesh/Desktop/onehearthealth/ast-heart-quality/data_processed/PhysioNet2022/training_data/84887_AV.wav,1,6.07673324547341,0.7658934032302335
/Users/somesh/Desktop/onehearthealth/ast-heart-quality/data_processed/PhysioNet2022/training_data/84887_MV.wav,1,1.4694391701453693,0.5655720604899879
/Users/somesh/Desktop/onehearthealth/ast-heart-quality/data_processed/PhysioNet2022/training_data/84887_PV.wav,1,8.151293499347409,0.832043331097711
/Users/somesh/Desktop/onehearthealth/ast-heart-quality/data_processed/PhysioNet2022/training_data/84887_TV.wav,1,10.403355978785967,0.8860073216613215
/Users/somesh/Desktop/onehearthealth/ast-heart-quality/data_processed/PhysioNet2022/training_data/84892_AV.wav,1,11.549663080425876,0.9071946219382129
/Users/somesh/Desktop/onehearthealth/ast-heart-quality/data_processed/PhysioNet2022/training_data/84892_MV.wav,1,8.404499794546307,0.8390018120405721
/Users/somesh/Desktop/onehearthealth/ast-heart-quality/data_processed/PhysioNet2022/training_data/84892_PV.wav,1,5.9417157964258225,0.7610169417373785
/Users/somesh/Desktop/onehearthealth/ast-heart-quality/data_processed/PhysioNet2022/training_data/84896_AV.wav,1,9.777306769406266,0.8727373012217893
/Users/somesh/Desktop/onehearthealth/ast-heart-quality/data_processed/PhysioNet2022/training_data/84896_MV.wav,1,2.5641558962666786,0.6183972670624961
/Users/somesh/Desktop/onehearthealth/ast-heart-quality/data_processed/PhysioNet2022/training_data/84896_PV.wav,1,10.138911767023739,0.8805556073584158
/Users/somesh/Desktop/onehearthealth/ast-heart-quality/data_processed/PhysioNet2022/training_data/84896_TV.wav,1,0.9372102444015996,0.539259480568876
/Users/somesh/Desktop/onehearthealth/ast-heart-quality/data_processed/PhysioNet2022/training_data/84918_PV.wav,1,3.973339763902972,0.6823489542128598
/Users/somesh/Desktop/onehearthealth/ast-heart-quality/data_processed/PhysioNet2022/training_data/84931_AV.wav,1,3.2286519633734025,0.6492286069069617
/Users/somesh/Desktop/onehearthealth/ast-heart-quality/data_processed/PhysioNet2022/training_data/84931_MV.wav,1,8.53703019658358,0.8425501030133058
/Users/somesh/Desktop/onehearthealth/ast-heart-quality/data_processed/PhysioNet2022/training_data/84931_PV.wav,1,6.882723308172877,0.7935510093974028
/Users/somesh/Desktop/onehearthealth/ast-heart-quality/data_processed/PhysioNet2022/training_data/84931_TV.wav,1,4.85608817700337,0.719329356254801
/Users/somesh/Desktop/onehearthealth/ast-heart-quality/data_processed/PhysioNet2022/training_data/84933_AV.wav,1,3.9991344755555422,0.6834660956724611
/Users/somesh/Desktop/onehearthealth/ast-heart-quality/data_processed/PhysioNet2022/training_data/84933_MV.wav,1,3.2401581519953866,0.6497524895295956
/Users/somesh/Desktop/onehearthealth/ast-heart-quality/data_processed/PhysioNet2022/training_data/84933_PV.wav,1,4.226889380399816,0.6932372559998424
/Users/somesh/Desktop/onehearthealth/ast-heart-quality/data_processed/PhysioNet2022/training_data/84933_TV.wav,1,4.8743655191267035,0.7200667836579083
/Users/somesh/Desktop/onehearthealth/ast-heart-quality/data_processed/PhysioNet2022/training_data/84934_AV.wav,1,8.399216002277626,0.8388590163214158
/Users/somesh/Desktop/onehearthealth/ast-heart-quality/data_processed/PhysioNet2022/training_data/84935_AV.wav,1,3.8059913638266196,0.6750505773946451
/Users/somesh/Desktop/onehearthealth/ast-heart-quality/data_processed/PhysioNet2022/training_data/84935_MV.wav,1,2.0747964202963667,0.5950493369671152
/Users/somesh/Desktop/onehearthealth/ast-heart-quality/data_processed/PhysioNet2022/training_data/84935_PV.wav,1,6.536496406334212,0.7819760302634787
/Users/somesh/Desktop/onehearthealth/ast-heart-quality/data_processed/PhysioNet2022/training_data/84935_TV.wav,1,5.832944804963738,0.7570380663041758
/Users/somesh/Desktop/onehearthealth/ast-heart-quality/data_processed/PhysioNet2022/training_data/84936_AV.wav,1,9.617304647580404,0.8691405185492742
/Users/somesh/Desktop/onehearthealth/ast-heart-quality/data_processed/PhysioNet2022/training_data/84936_MV.wav,1,11.634773712358879,0.9086178587200168
/Users/somesh/Desktop/onehearthealth/ast-heart-quality/data_processed/PhysioNet2022/training_data/84936_PV.wav,1,6.451306757164316,0.7790572899504293
/Users/somesh/Desktop/onehearthealth/ast-heart-quality/data_processed/PhysioNet2022/training_data/84936_TV.wav,1,4.478985829096265,0.7038537062617675
/Users/somesh/Desktop/onehearthealth/ast-heart-quality/data_processed/PhysioNet2022/training_data/84970_AV.wav,1,5.4311696445747595,0.7419548315384146
/Users/somesh/Desktop/onehearthealth/ast-heart-quality/data_processed/PhysioNet2022/training_data/84970_MV.wav,1,9.34626854593989,0.8628509301706981
/Users/somesh/Desktop/onehearthealth/ast-heart-quality/data_processed/PhysioNet2022/training_data/84977_AV.wav,1,1.9437672933261658,0.5887192288442075
/Users/somesh/Desktop/onehearthealth/ast-heart-quality/data_processed/PhysioNet2022/training_data/84977_MV.wav,1,5.569652493831803,0.7472219243543333
/Users/somesh/Desktop/onehearthealth/ast-heart-quality/data_processed/PhysioNet2022/training_data/84977_PV.wav,1,3.9705152902332785,0.6822265013135139
/Users/somesh/Desktop/onehearthealth/ast-heart-quality/data_processed/PhysioNet2022/training_data/84977_TV.wav,1,3.905595591755339,0.6794050315437847
/Users/somesh/Desktop/onehearthealth/ast-heart-quality/data_processed/PhysioNet2022/training_data/84978_AV.wav,1,6.190914718280061,0.7699630787773484
/Users/somesh/Desktop/onehearthealth/ast-heart-quality/data_processed/PhysioNet2022/training_data/84978_MV.wav,1,5.227467121448792,0.7340781882377888
/Users/somesh/Desktop/onehearthealth/ast-heart-quality/data_processed/PhysioNet2022/training_data/84978_PV.wav,1,7.754526930659361,0.8206599609092272
/Users/somesh/Desktop/onehearthealth/ast-heart-quality/data_processed/PhysioNet2022/training_data/84978_TV.wav,1,5.863712781504006,0.758168114930872
/Users/somesh/Desktop/onehearthealth/ast-heart-quality/data_processed/PhysioNet2022/training_data/84982_AV.wav,1,8.586028634607747,0.8438457642017708
/Users/somesh/Desktop/onehearthealth/ast-heart-quality/data_processed/PhysioNet2022/training_data/84982_MV.wav,1,1.5649441667031583,0.5702591687732913
/Users/somesh/Desktop/onehearthealth/ast-heart-quality/data_processed/PhysioNet2022/training_data/84982_PV.wav,1,9.390811024461023,0.8639017507667596
/Users/somesh/Desktop/onehearthealth/ast-heart-quality/data_processed/PhysioNet2022/training_data/84982_TV.wav,1,13.077933430076376,0.9299229565858964
/Users/somesh/Desktop/onehearthealth/ast-heart-quality/data_processed/PhysioNet2022/training_data/84983_MV.wav,1,3.904471006847892,0.6793560395368855
/Users/somesh/Desktop/onehearthealth/ast-heart-quality/data_processed/PhysioNet2022/training_data/84983_PV.wav,1,3.770161490345041,0.6734767010185876
/Users/somesh/Desktop/onehearthealth/ast-heart-quality/data_processed/PhysioNet2022/training_data/84983_TV.wav,1,4.293027037659813,0.6960430018696413
/Users/somesh/Desktop/onehearthealth/ast-heart-quality/data_processed/PhysioNet2022/training_data/84985_AV.wav,1,4.711414323434908,0.713450683974088
/Users/somesh/Desktop/onehearthealth/ast-heart-quality/data_processed/PhysioNet2022/training_data/84985_MV.wav,1,10.955109781697905,0.8966868247863974
/Users/somesh/Desktop/onehearthealth/ast-heart-quality/data_processed/PhysioNet2022/training_data/84985_PV.wav,1,5.196757878121661,0.7328775315404225
/Users/somesh/Desktop/onehearthealth/ast-heart-quality/data_processed/PhysioNet2022/training_data/84985_TV.wav,1,6.100974442700324,0.7667615750736283
/Users/somesh/Desktop/onehearthealth/ast-heart-quality/data_processed/PhysioNet2022/training_data/84990_AV.wav,1,4.4250954604268,0.7016021598659072
/Users/somesh/Desktop/onehearthealth/ast-heart-quality/data_processed/PhysioNet2022/training_data/84990_MV.wav,1,5.883660633652808,0.7588988459674926
/Users/somesh/Desktop/onehearthealth/ast-heart-quality/data_processed/PhysioNet2022/training_data/84990_PV.wav,1,6.374309202791164,0.7763952307152902
/Users/somesh/Desktop/onehearthealth/ast-heart-quality/data_processed/PhysioNet2022/training_data/84990_TV.wav,1,2.3892700216784677,0.6101098051610323
/Users/somesh/Desktop/onehearthealth/ast-heart-quality/data_processed/PhysioNet2022/training_data/84995_AV.wav,1,21.460727134810128,0.9861026903185529
/Users/somesh/Desktop/onehearthealth/ast-heart-quality/data_processed/PhysioNet2022/training_data/84995_MV.wav,1,11.741206997609202,0.9103700140278588
/Users/somesh/Desktop/onehearthealth/ast-heart-quality/data_processed/PhysioNet2022/training_data/85004_MV.wav,1,4.744857512405979,0.7148161465414381
/Users/somesh/Desktop/onehearthealth/ast-heart-quality/data_processed/PhysioNet2022/training_data/85019_AV.wav,1,20.526203714338664,0.9832943337363784
/Users/somesh/Desktop/onehearthealth/ast-heart-quality/data_processed/PhysioNet2022/training_data/85019_MV.wav,1,6.424190975171489,0.7781224056162932
/Users/somesh/Desktop/onehearthealth/ast-heart-quality/data_processed/PhysioNet2022/training_data/85020_AV.wav,1,1.4900257245982664,0.5665834105575243
/Users/somesh/Desktop/onehearthealth/ast-heart-quality/data_processed/PhysioNet2022/training_data/85020_MV.wav,1,8.739324524612236,0.8478432718915626
/Users/somesh/Desktop/onehearthealth/ast-heart-quality/data_processed/PhysioNet2022/training_data/85020_PV.wav,1,7.097824922641114,0.8005099787678533
/Users/somesh/Desktop/onehearthealth/ast-heart-quality/data_processed/PhysioNet2022/training_data/85020_TV.wav,1,6.617715463745398,0.7847327424942647
/Users/somesh/Desktop/onehearthealth/ast-heart-quality/data_processed/PhysioNet2022/training_data/85042_AV.wav,1,6.970692582961502,0.7964184884160589
/Users/somesh/Desktop/onehearthealth/ast-heart-quality/data_processed/PhysioNet2022/training_data/85042_MV.wav,1,1.2057573318988657,0.5525727795253765
/Users/somesh/Desktop/onehearthealth/ast-heart-quality/data_processed/PhysioNet2022/training_data/85042_PV.wav,1,4.0587545299814645,0.6860400770012173
/Users/somesh/Desktop/onehearthealth/ast-heart-quality/data_processed/PhysioNet2022/training_data/85042_TV.wav,1,3.3799285037131725,0.6560871837492184
/Users/somesh/Desktop/onehearthealth/ast-heart-quality/data_processed/PhysioNet2022/training_data/85046_AV.wav,1,16.43190093793207,0.9628988350454598
/Users/somesh/Desktop/onehearthealth/ast-heart-quality/data_processed/PhysioNet2022/training_data/85046_MV.wav,1,3.4860096933972216,0.6608583684532248
/Users/somesh/Desktop/onehearthealth/ast-heart-quality/data_processed/PhysioNet2022/training_data/85046_PV.wav,1,9.220899478705599,0.8598566296427143
/Users/somesh/Desktop/onehearthealth/ast-heart-quality/data_processed/PhysioNet2022/training_data/85046_TV.wav,1,8.950309122644278,0.8532073584484635
/Users/somesh/Desktop/onehearthealth/ast-heart-quality/data_processed/PhysioNet2022/training_data/85052_MV.wav,1,6.459884130423122,0.7793524281457652
/Users/somesh/Desktop/onehearthealth/ast-heart-quality/data_processed/PhysioNet2022/training_data/85052_PV.wav,1,4.546762132092283,0.7066713852716874
/Users/somesh/Desktop/onehearthealth/ast-heart-quality/data_processed/PhysioNet2022/training_data/85052_TV.wav,1,13.815348825545206,0.9389454445806747
/Users/somesh/Desktop/onehearthealth/ast-heart-quality/data_processed/PhysioNet2022/training_data/85053_AV.wav,1,4.943442043883769,0.7228430582780676
/Users/somesh/Desktop/onehearthealth/ast-heart-quality/data_processed/PhysioNet2022/training_data/85053_MV.wav,1,7.243473526628622,0.8051211222410972
/Users/somesh/Desktop/onehearthealth/ast-heart-quality/data_processed/PhysioNet2022/training_data/85053_PV.wav,1,6.571915455669832,0.7831813330061065
/Users/somesh/Desktop/onehearthealth/ast-heart-quality/data_processed/PhysioNet2022/training_data/85053_TV.wav,1,7.7863210521421,0.8215939272740524
/Users/somesh/Desktop/onehearthealth/ast-heart-quality/data_processed/PhysioNet2022/training_data/85057_AV.wav,1,8.802476216384306,0.8494655007954168
/Users/somesh/Desktop/onehearthealth/ast-heart-quality/data_processed/PhysioNet2022/training_data/85057_MV.wav,1,10.021843263941841,0.8780709895333434
/Users/somesh/Desktop/onehearthealth/ast-heart-quality/data_processed/PhysioNet2022/training_data/85057_PV.wav,1,6.556341845948337,0.7826519607713116
/Users/somesh/Desktop/onehearthealth/ast-heart-quality/data_processed/PhysioNet2022/training_data/85057_TV.wav,1,9.35853356773116,0.8631409584577867
/Users/somesh/Desktop/onehearthealth/ast-heart-quality/data_processed/PhysioNet2022/training_data/85062_AV.wav,1,3.232280638271603,0.649393861226703
/Users/somesh/Desktop/onehearthealth/ast-heart-quality/data_processed/PhysioNet2022/training_data/85062_MV.wav,1,5.227827128795287,0.7340922432206474
/Users/somesh/Desktop/onehearthealth/ast-heart-quality/data_processed/PhysioNet2022/training_data/85062_PV.wav,1,5.3264608145580175,0.7379250945951144
/Users/somesh/Desktop/onehearthealth/ast-heart-quality/data_processed/PhysioNet2022/training_data/85062_TV.wav,1,5.586709495700854,0.7478657305672706
/Users/somesh/Desktop/onehearthealth/ast-heart-quality/data_processed/PhysioNet2022/training_data/85066_MV.wav,1,4.229578819842961,0.6933516310046531
/Users/somesh/Desktop/onehearthealth/ast-heart-quality/data_processed/PhysioNet2022/training_data/85069_AV.wav,1,5.74214398963934,0.753682269355844
/Users/somesh/Desktop/onehearthealth/ast-heart-quality/data_processed/PhysioNet2022/training_data/85069_MV.wav,1,5.788562372133002,0.7554016785853244
/Users/somesh/Desktop/onehearthealth/ast-heart-quality/data_processed/PhysioNet2022/training_data/85069_PV.wav,1,13.667789146574808,0.9372315391254782
/Users/somesh/Desktop/onehearthealth/ast-heart-quality/data_processed/PhysioNet2022/training_data/85069_TV.wav,1,3.881810467737352,0.6783680026494476
/Users/somesh/Desktop/onehearthealth/ast-heart-quality/data_processed/PhysioNet2022/training_data/85077_AV.wav,1,6.055555554931685,0.7651331131872234
/Users/somesh/Desktop/onehearthealth/ast-heart-quality/data_processed/PhysioNet2022/training_data/85077_MV.wav,1,8.243992370067636,0.8346182878988573
/Users/somesh/Desktop/onehearthealth/ast-heart-quality/data_processed/PhysioNet2022/training_data/85077_PV.wav,1,4.850350379914538,0.7190976118636312
/Users/somesh/Desktop/onehearthealth/ast-heart-quality/data_processed/PhysioNet2022/training_data/85077_TV.wav,1,11.451949363447397,0.9055361236882408
/Users/somesh/Desktop/onehearthealth/ast-heart-quality/data_processed/PhysioNet2022/training_data/85081_AV.wav,1,8.965663524445867,0.8535915524930655
/Users/somesh/Desktop/onehearthealth/ast-heart-quality/data_processed/PhysioNet2022/training_data/85081_MV.wav,1,2.8737326604236775,0.6328972556504352
/Users/somesh/Desktop/onehearthealth/ast-heart-quality/data_processed/PhysioNet2022/training_data/85099_AV.wav,1,4.088410651507535,0.6873161861475525
/Users/somesh/Desktop/onehearthealth/ast-heart-quality/data_processed/PhysioNet2022/training_data/85099_MV.wav,1,8.846597485189204,0.8505904159369555
/Users/somesh/Desktop/onehearthealth/ast-heart-quality/data_processed/PhysioNet2022/training_data/85099_PV.wav,1,6.064087872787463,0.7654396334980725
/Users/somesh/Desktop/onehearthealth/ast-heart-quality/data_processed/PhysioNet2022/training_data/85099_TV.wav,1,3.967425438015068,0.6820925142526706
/Users/somesh/Desktop/onehearthealth/ast-heart-quality/data_processed/PhysioNet2022/training_data/85109_AV.wav,1,4.197323208020321,0.6919783164555908
/Users/somesh/Desktop/onehearthealth/ast-heart-quality/data_processed/PhysioNet2022/training_data/85109_MV.wav,1,6.912437384818481,0.794522909428708
/Users/somesh/Desktop/onehearthealth/ast-heart-quality/data_processed/PhysioNet2022/training_data/85109_PV.wav,1,6.542156517284226,0.7821689665749447
/Users/somesh/Desktop/onehearthealth/ast-heart-quality/data_processed/PhysioNet2022/training_data/85109_TV.wav,1,6.294783373214538,0.7736218700892693
/Users/somesh/Desktop/onehearthealth/ast-heart-quality/data_processed/PhysioNet2022/training_data/85110_AV.wav,1,6.027692879470702,0.7641302247962205
/Users/somesh/Desktop/onehearthealth/ast-heart-quality/data_processed/PhysioNet2022/training_data/85110_MV.wav,1,4.3387719063436085,0.6979751451355192
/Users/somesh/Desktop/onehearthealth/ast-heart-quality/data_processed/PhysioNet2022/training_data/85110_PV.wav,1,9.42273015290312,0.8646505902037266
/Users/somesh/Desktop/onehearthealth/ast-heart-quality/data_processed/PhysioNet2022/training_data/85110_TV.wav,1,4.712798480830239,0.7135072757266355
/Users/somesh/Desktop/onehearthealth/ast-heart-quality/data_processed/PhysioNet2022/training_data/85119_AV.wav,1,5.25628396419473,0.735201721592757
/Users/somesh/Desktop/onehearthealth/ast-heart-quality/data_processed/PhysioNet2022/training_data/85119_MV.wav,1,7.334498960077565,0.8079616634158915
/Users/somesh/Desktop/onehearthealth/ast-heart-quality/data_processed/PhysioNet2022/training_data/85119_PV.wav,1,5.474743687570957,0.7436198288043342
/Users/somesh/Desktop/onehearthealth/ast-heart-quality/data_processed/PhysioNet2022/training_data/85119_TV.wav,1,6.980263326954832,0.7967286649128175
/Users/somesh/Desktop/onehearthealth/ast-heart-quality/data_processed/PhysioNet2022/training_data/85121_AV.wav,1,1.5776296140029513,0.5708808060320552
/Users/somesh/Desktop/onehearthealth/ast-heart-quality/data_processed/PhysioNet2022/training_data/85121_MV.wav,1,4.147800966064803,0.6898632350702593
/Users/somesh/Desktop/onehearthealth/ast-heart-quality/data_processed/PhysioNet2022/training_data/85121_PV.wav,1,5.010363859412923,0.7255164808906143
/Users/somesh/Desktop/onehearthealth/ast-heart-quality/data_processed/PhysioNet2022/training_data/85121_TV.wav,1,12.947008085988498,0.9281972451069095
/Users/somesh/Desktop/onehearthealth/ast-heart-quality/data_processed/PhysioNet2022/training_data/85131_AV.wav,1,6.862310606290334,0.7928813741857492
/Users/somesh/Desktop/onehearthealth/ast-heart-quality/data_processed/PhysioNet2022/training_data/85131_MV.wav,1,5.5007884639427855,0.7446116520216728
/Users/somesh/Desktop/onehearthealth/ast-heart-quality/data_processed/PhysioNet2022/training_data/85131_PV.wav,1,7.3578938476213365,0.8086866058341938
/Users/somesh/Desktop/onehearthealth/ast-heart-quality/data_processed/PhysioNet2022/training_data/85131_TV.wav,1,2.747910555117157,0.6270312884476759
/Users/somesh/Desktop/onehearthealth/ast-heart-quality/data_processed/PhysioNet2022/training_data/85134_AV.wav,1,9.079887388301174,0.8564235334921043
/Users/somesh/Desktop/onehearthealth/ast-heart-quality/data_processed/PhysioNet2022/training_data/85134_MV.wav,1,11.059276862153283,0.8986009352553225
/Users/somesh/Desktop/onehearthealth/ast-heart-quality/data_processed/PhysioNet2022/training_data/85134_PV.wav,1,6.126719752297229,0.7676811592119179
/Users/somesh/Desktop/onehearthealth/ast-heart-quality/data_processed/PhysioNet2022/training_data/85134_TV.wav,1,5.359257347429962,0.7391916285883222
/Users/somesh/Desktop/onehearthealth/ast-heart-quality/data_processed/PhysioNet2022/training_data/85139_MV.wav,1,13.96326331245761,0.9406194803782341
/Users/somesh/Desktop/onehearthealth/ast-heart-quality/data_processed/PhysioNet2022/training_data/85139_PV.wav,1,6.602687788744268,0.7842245912055043
/Users/somesh/Desktop/onehearthealth/ast-heart-quality/data_processed/PhysioNet2022/training_data/85139_TV.wav,1,8.303470229429081,0.8362537117881038
/Users/somesh/Desktop/onehearthealth/ast-heart-quality/data_processed/PhysioNet2022/training_data/85144_AV.wav,1,7.191776159134699,0.8034937278754891
/Users/somesh/Desktop/onehearthealth/ast-heart-quality/data_processed/PhysioNet2022/training_data/85144_MV.wav,1,3.7072003800039677,0.6707015724402934
/Users/somesh/Desktop/onehearthealth/ast-heart-quality/data_processed/PhysioNet2022/training_data/85150_AV.wav,1,6.172224831684127,0.7693003404653708
/Users/somesh/Desktop/onehearthealth/ast-heart-quality/data_processed/PhysioNet2022/training_data/85150_PV.wav,1,7.476746129004395,0.812337235605651
/Users/somesh/Desktop/onehearthealth/ast-heart-quality/data_processed/PhysioNet2022/training_data/85152_AV.wav,1,5.135121591446309,0.7304573312237871
/Users/somesh/Desktop/onehearthealth/ast-heart-quality/data_processed/PhysioNet2022/training_data/85152_MV.wav,1,7.684783652401656,0.8185978470358872
/Users/somesh/Desktop/onehearthealth/ast-heart-quality/data_processed/PhysioNet2022/training_data/85152_PV.wav,1,15.994327874128874,0.9596425698631807
/Users/somesh/Desktop/onehearthealth/ast-heart-quality/data_processed/PhysioNet2022/training_data/85152_TV.wav,1,4.659448200115024,0.7113212005739873
/Users/somesh/Desktop/onehearthealth/ast-heart-quality/data_processed/PhysioNet2022/training_data/85157_AV.wav,1,3.7515405177827055,0.6726572004174071
/Users/somesh/Desktop/onehearthealth/ast-heart-quality/data_processed/PhysioNet2022/training_data/85157_MV.wav,1,3.674885461246329,0.6692725800097352
/Users/somesh/Desktop/onehearthealth/ast-heart-quality/data_processed/PhysioNet2022/training_data/85157_PV.wav,1,2.864941222431945,0.6324886426887705
/Users/somesh/Desktop/onehearthealth/ast-heart-quality/data_processed/PhysioNet2022/training_data/85157_TV.wav,1,7.6469031483614405,0.8174701141781754
/Users/somesh/Desktop/onehearthealth/ast-heart-quality/data_processed/PhysioNet2022/training_data/85164_AV.wav,1,6.552816355761704,0.782531994142635
/Users/somesh/Desktop/onehearthealth/ast-heart-quality/data_processed/PhysioNet2022/training_data/85164_MV.wav,1,6.486637515018288,0.7802711669785601
/Users/somesh/Desktop/onehearthealth/ast-heart-quality/data_processed/PhysioNet2022/training_data/85164_PV.wav,1,5.653733179311961,0.7503849542707388
/Users/somesh/Desktop/onehearthealth/ast-heart-quality/data_processed/PhysioNet2022/training_data/85164_TV.wav,1,13.562244834318339,0.9359782137177487
/Users/somesh/Desktop/onehearthealth/ast-heart-quality/data_processed/PhysioNet2022/training_data/85168_AV.wav,1,11.280027276850662,0.9025535698242994
/Users/somesh/Desktop/onehearthealth/ast-heart-quality/data_processed/PhysioNet2022/training_data/85168_MV.wav,1,6.826081118730128,0.7916889238816657
/Users/somesh/Desktop/onehearthealth/ast-heart-quality/data_processed/PhysioNet2022/training_data/85168_PV.wav,1,11.009215093436826,0.8976849888419807
/Users/somesh/Desktop/onehearthealth/ast-heart-quality/data_processed/PhysioNet2022/training_data/85168_TV.wav,1,10.181046027619264,0.881439083569395
/Users/somesh/Desktop/onehearthealth/ast-heart-quality/data_processed/PhysioNet2022/training_data/85174_AV.wav,1,8.600827559941102,0.8442353785490162
/Users/somesh/Desktop/onehearthealth/ast-heart-quality/data_processed/PhysioNet2022/training_data/85174_MV.wav,1,4.300897986026172,0.6963759458606416
/Users/somesh/Desktop/onehearthealth/ast-heart-quality/data_processed/PhysioNet2022/training_data/85174_PV.wav,1,5.142133484915067,0.7307333554962014
/Users/somesh/Desktop/onehearthealth/ast-heart-quality/data_processed/PhysioNet2022/training_data/85174_TV.wav,1,3.9700323902510015,0.6822055630293522
/Users/somesh/Desktop/onehearthealth/ast-heart-quality/data_processed/PhysioNet2022/training_data/85202_AV.wav,1,3.3134262948947093,0.6530799159085668
/Users/somesh/Desktop/onehearthealth/ast-heart-quality/data_processed/PhysioNet2022/training_data/85202_MV.wav,1,4.892003254101825,0.720777281166996
/Users/somesh/Desktop/onehearthealth/ast-heart-quality/data_processed/PhysioNet2022/training_data/85212_AV.wav,1,7.048058361776426,0.7989157416829482
/Users/somesh/Desktop/onehearthealth/ast-heart-quality/data_processed/PhysioNet2022/training_data/85212_MV.wav,1,2.9561689269713494,0.6367194150212795
/Users/somesh/Desktop/onehearthealth/ast-heart-quality/data_processed/PhysioNet2022/training_data/85212_PV.wav,1,6.420055824971989,0.7779795877517349
/Users/somesh/Desktop/onehearthealth/ast-heart-quality/data_processed/PhysioNet2022/training_data/85212_TV.wav,1,10.521033415003151,0.888362858506074
/Users/somesh/Desktop/onehearthealth/ast-heart-quality/data_processed/PhysioNet2022/training_data/85230_AV.wav,1,3.4046416011107805,0.6572015585620365
/Users/somesh/Desktop/onehearthealth/ast-heart-quality/data_processed/PhysioNet2022/training_data/85230_MV.wav,1,2.060106943140072,0.5943412079304538
/Users/somesh/Desktop/onehearthealth/ast-heart-quality/data_processed/PhysioNet2022/training_data/85230_PV.wav,1,4.119234074714372,0.6886395225308063
/Users/somesh/Desktop/onehearthealth/ast-heart-quality/data_processed/PhysioNet2022/training_data/85230_TV.wav,1,2.3115330195401187,0.6064051869764499
/Users/somesh/Desktop/onehearthealth/ast-heart-quality/data_processed/PhysioNet2022/training_data/85239_AV.wav,1,11.710802326145313,0.9098725916156846
/Users/somesh/Desktop/onehearthealth/ast-heart-quality/data_processed/PhysioNet2022/training_data/85239_MV.wav,1,14.485749485846904,0.9461943593060401
/Users/somesh/Desktop/onehearthealth/ast-heart-quality/data_processed/PhysioNet2022/training_data/85239_PV.wav,1,4.229270686362597,0.6933385280794961
/Users/somesh/Desktop/onehearthealth/ast-heart-quality/data_processed/PhysioNet2022/training_data/85239_TV.wav,1,7.295313566710831,0.8067427296331791
/Users/somesh/Desktop/onehearthealth/ast-heart-quality/data_processed/PhysioNet2022/training_data/85244_AV.wav,1,5.937413161382693,0.7608604024049964
/Users/somesh/Desktop/onehearthealth/ast-heart-quality/data_processed/PhysioNet2022/training_data/85244_MV.wav,1,23.86631242120584,0.9913643426346211
/Users/somesh/Desktop/onehearthealth/ast-heart-quality/data_processed/PhysioNet2022/training_data/85244_PV.wav,1,1.584360113650142,0.5712105365787654
/Users/somesh/Desktop/onehearthealth/ast-heart-quality/data_processed/PhysioNet2022/training_data/85244_TV.wav,1,6.840669354519825,0.7921696856748459
/Users/somesh/Desktop/onehearthealth/ast-heart-quality/data_processed/PhysioNet2022/training_data/85253_AV.wav,1,5.345527331579371,0.7386618862603948
/Users/somesh/Desktop/onehearthealth/ast-heart-quality/data_processed/PhysioNet2022/training_data/85253_MV.wav,1,10.265418869357967,0.8831912278023638
/Users/somesh/Desktop/onehearthealth/ast-heart-quality/data_processed/PhysioNet2022/training_data/85253_PV.wav,1,7.3066492935239395,0.807095951975022
/Users/somesh/Desktop/onehearthealth/ast-heart-quality/data_processed/PhysioNet2022/training_data/85253_TV.wav,1,4.303006547696432,0.696465103850587
/Users/somesh/Desktop/onehearthealth/ast-heart-quality/data_processed/PhysioNet2022/training_data/85282_AV.wav,1,4.43679838607594,0.7020919454012214
/Users/somesh/Desktop/onehearthealth/ast-heart-quality/data_processed/PhysioNet2022/training_data/85282_MV.wav,1,7.80860564632553,0.8222462745072946
/Users/somesh/Desktop/onehearthealth/ast-heart-quality/data_processed/PhysioNet2022/training_data/85282_PV.wav,1,2.6234630951733284,0.6211923962340227
/Users/somesh/Desktop/onehearthealth/ast-heart-quality/data_processed/PhysioNet2022/training_data/85282_TV.wav,1,8.332500320673814,0.8370471984979238
/Users/somesh/Desktop/onehearthealth/ast-heart-quality/data_processed/PhysioNet2022/training_data/85317_AV.wav,1,4.791430961128752,0.7167111779639005
/Users/somesh/Desktop/onehearthealth/ast-heart-quality/data_processed/PhysioNet2022/training_data/85323_PV.wav,1,7.910735380569901,0.8252120521244029
/Users/somesh/Desktop/onehearthealth/ast-heart-quality/data_processed/PhysioNet2022/training_data/85339_MV.wav,1,8.550996570808099,0.8429203027920805
/Users/somesh/Desktop/onehearthealth/ast-heart-quality/data_processed/PhysioNet2022/training_data/85345_AV.wav,1,5.287384639753104,0.7364108855412435
/Users/somesh/Desktop/onehearthealth/ast-heart-quality/data_processed/PhysioNet2022/training_data/85345_PV.wav,1,4.879357471005591,0.7202679855923965
noise,0,6.3943764560781435,0.7770912155422779
noise,0,3.63649026826106,0.6675706455404868
noise,0,1.9647839472898079,0.5897365958082097
noise,0,5.792864247974264,0.7555606151554441
noise,0,11.591095240560481,0.9078899276245042
noise,0,7.587230453645592,0.8156825775737664
noise,0,2.1027455669702837,0.5963955749037644
noise,0,5.846122440758044,0.7575224941430765
noise,0,18.086891270489595,0.9730721732387895
noise,0,5.664457670673395,0.7507864937342508
noise,0,3.866396354936915,0.6776950079229842
noise,0,4.230303601854461,0.693382450067569
noise,0,6.5036138141309925,0.7808527237680414
noise,0,1.7685421457775181,0.5802082233586338
noise,0,4.994649951907862,0.7248901767241973
noise,0,4.162656642336389,0.6904985563994146
noise,0,5.093179434267887,0.72880254855439
noise,0,3.7849572179595743,0.6741271000310766
noise,0,5.430248240560539,0.7419195479572447
noise,0,5.407984857105641,0.7410660540246207
noise,0,5.43861995844528,0.7422400128990593
noise,0,16.54720379714671,0.9637139293125963
noise,0,4.780568416438112,0.7162698722664472
noise,0,3.23351207860569,0.6494499343934053
noise,0,4.387956475205242,0.7000447768020754
noise,0,3.9924787711536838,0.6831780460944606
noise,0,8.073002228572824,0.8298437423089919
noise,0,6.716958328460851,0.7880667558807335
noise,0,7.883258732747959,0.824418004526407
noise,0,4.034534773941029,0.6849958037348531
noise,0,4.643871952844805,0.7106810839316343
noise,0,4.724220881149581,0.7139740290404399
noise,0,7.309232245584077,0.8071763682496039
noise,0,8.071716004436539,0.8298074154583137
noise,0,4.315668405602498,0.6970001844069907
noise,0,15.58656403121898,0.9563630196055561
noise,0,3.3866940482015524,0.6563924303832923
noise,0,6.299081924941717,0.7737723966653809
noise,0,8.447551985150604,0.8401614985962585
noise,0,8.309175970336403,0.8364099131818178
noise,0,5.997702168810532,0.7630474360977395
noise,0,4.056608450708302,0.6859476212076813
noise,0,3.2760156692098845,0.6513827807908567
noise,0,5.873966227820073,0.7585439081317344
noise,0,13.133130714708887,0.9306389511465973
noise,0,7.920621493284961,0.8254970576557477
noise,0,7.593070561578363,0.8158581184610124
noise,0,0.9745464225217271,0.5411142278180882
noise,0,3.689475044320245,0.6699181321852998
noise,0,5.000951304160262,0.7251414341679701
noise,0,5.663874581740538,0.7507646731928419
noise,0,7.847842870605232,0.8233903371738512
noise,0,7.805516181815932,0.8221559469426506
noise,0,7.033274284180243,0.7984403112474202
noise,0,8.504754272521687,0.841691867123589
noise,0,9.366239554182137,0.8633229161316547
noise,0,6.236606412619639,0.7715776663273565
noise,0,4.762654678326564,0.7155411961606364
noise,0,5.651738165559758,0.7503102106468491
noise,0,8.109180053106105,0.8308629895568624
noise,0,6.069545771479325,0.7656355609010697
noise,0,5.544401170716597,0.7462668332696297
noise,0,7.817819407126047,0.8225154463428583
noise,0,10.104477583276047,0.879829367092486
noise,0,8.085942084178944,0.8302088599909065
noise,0,5.577977458134612,0.7475362809348857
noise,0,7.250624917776096,0.8053454365388852
noise,0,6.801176568737028,0.7908662908166042
noise,0,9.13906478418152,0.8578727205860369
noise,0,7.90167225304879,0.8249504501004074
noise,0,5.9546473156121404,0.7614869956391638
noise,0,4.352170166518436,0.6985397315852834
noise,0,3.5111609394088585,0.6619848570873833
noise,0,4.181967055312646,0.6913233154116983
noise,0,4.507956834699797,0.7050600425250276
noise,0,5.249259434241099,0.7349281239219193
noise,0,6.6903984445741305,0.7871782049900717
noise,0,6.869657664606198,0.7931225778561346
noise,0,6.742776876369235,0.7889279031098075
noise,0,4.696069082698831,0.7128228406354629
noise,0,3.7456701761575637,0.6723986305250007
noise,0,6.19541099307248,0.7701223160900516
noise,0,4.29670553621399,0.6961986293014306
noise,0,6.53570323940518,0.7819489837241803
noise,0,4.650233891305369,0.7109426338455761
noise,0,4.035630921652552,0.6850431064110972
noise,0,17.236419335569867,0.9682378876364683
noise,0,5.279767945443565,0.7361150839264708
noise,0,9.021846017850264,0.8549902397161387
noise,0,6.467099270767709,0.7796004744234815
noise,0,11.408196540129886,0.9047849355026257
noise,0,11.036951165076275,0.8981933591021787
noise,0,5.6511986858814955,0.7502899963586144
noise,0,5.241164524059805,0.7346126120778624
noise,0,7.918458342301646,0.8254347277790791
noise,0,9.03587335803055,0.8553377207679054
noise,0,4.669517811097238,0.7117345700414878
noise,0,4.766912397017929,0.7157144892528814
noise,0,5.086502190236137,0.7285385172707987
noise,0,4.670038819299888,0.7117559484611462
noise,0,7.688621340731806,0.8187117949877725
noise,0,7.878166895680767,0.8242705441258955
noise,0,6.493158858704408,0.7804946995963845
noise,0,7.722303682335751,0.8197094945964292
noise,0,11.881014447194246,0.9126255442220461
noise,0,14.085513161092386,0.9419704985634951
noise,0,3.340389778975561,0.6543007098234874
noise,0,6.47716144444654,0.7799460635816873
noise,0,0.6494800293176595,0.5249332529918161
noise,0,2.0465954134067106,0.5936895169340594
noise,0,8.587381152878638,0.8438814051775072
noise,0,9.11630075864538,0.857316705221068
noise,0,1.7864824876142258,0.5810819047418482
noise,0,16.37306256584035,0.9624761411391717
noise,0,8.495756969978004,0.8414519475542553
noise,0,4.343960960211082,0.6981938767489766
noise,0,1.5173957935758406,0.5679271526637363
noise,0,4.584116203094891,0.7082175929338743
noise,0,4.884549580246534,0.7204771610545666
noise,0,5.46402824958551,0.7432110372117049
noise,0,10.1832293728825,0.881484709730214
noise,0,6.098580145119847,0.7666759257306736
noise,0,5.01824173995701,0.7258301332559571
noise,0,4.109047988786932,0.6882025445626815
noise,0,8.297082317823403,0.8360786928814344
noise,0,13.065583173814222,0.9297618215725497
noise,0,9.142533220373185,0.8579572788751827
noise,0,3.3347159255188474,0.6540439896527758
noise,0,5.305241003680607,0.7371035194017711
noise,0,5.056906629260174,0.7273663113135772
noise,0,7.938839527923429,0.8260213029757574
noise,0,8.476484108647579,0.8409370298086529
noise,0,7.143432792036145,0.801962645120021
noise,0,3.4257354030593223,0.6581513619462219
noise,0,3.761584731745903,0.6730993729773603
noise,0,6.427501553297784,0.7782366974558306
noise,0,5.424997200540057,0.7417184083665291
noise,0,3.832801342436664,0.6762256644977322
noise,0,4.635782276580041,0.7103483012699633
noise,0,4.597851192715438,0.7087849226578717
noise,0,8.222325137695993,0.8340192720099997
noise,0,10.168654409939425,0.8811798433529426
noise,0,4.199767628208223,0.6920825095331479
noise,0,3.789895589877208,0.674344034769467
noise,0,5.066387017534261,0.7277421500213137
noise,0,3.279242426844479,0.6515293149945963
noise,0,7.856222002516654,0.823633901594953
noise,0,4.678367523855731,0.71209757031805
noise,0,8.7041820536791,0.8469343421672054
noise,0,6.950564825187513,0.7957650224037358
noise,0,4.016686109676549,0.684225030897365
noise,0,5.297773268737263,0.7368139945228231
noise,0,3.9953768184774088,0.6833034868089631
noise,0,16.181796432692508,0.9610698876951072
noise,0,11.367083628700374,0.9040742054050311
noise,0,4.595647710718529,0.7086939506492691
noise,0,6.002791884254983,0.7632314370777259
noise,0,4.457724998584325,0.7029666015457482
noise,0,8.313985960735144,0.8365414992165447
noise,0,3.8730626231297225,0.6779861541419295
noise,0,8.364151408371166,0.8379087938558638
noise,0,11.497572344597147,0.9063137628424952
noise,0,9.058092926371874,0.8558867210642509
noise,0,18.18742301178097,0.973594032849589
noise,0,2.81528896717587,0.630177319571907
noise,0,3.2934864748715746,0.6521758259769288
noise,0,4.644961212752761,0.7107258751799103
noise,0,5.404654976602538,0.7409382412487653
noise,0,1.9130898669854057,0.5872328461267663
noise,0,5.807251918909716,0.7560916725130539
noise,0,9.585435409566466,0.8684138800149023
noise,0,6.406536505899172,0.7775122055149496
noise,0,1.9719997087138155,0.5900857173965139
noise,0,8.115130966915796,0.8310301797049737
noise,0,4.470632320876504,0.7035053405206413
noise,0,7.88030185877981,0.8243323848516773
noise,0,6.665414314139568,0.7863398921010626
noise,0,0.9480494632434743,0.539798054150529
noise,0,1.5189372569877229,0.5680028017568595
noise,0,4.651649548435993,0.7110008147859296
noise,0,4.295129281844635,0.6961319476954267
noise,0,1.9443386481088285,0.5887468968645062
noise,0,9.063114273381519,0.856010548046941
noise,0,16.38108032057739,0.9625340117652569
noise,0,6.47716144444654,0.7799460635816873
noise,0,6.079759985659151,0.7660019250851187
noise,0,7.477930682891696,0.8123733489036173
noise,0,3.722370392893324,0.6713713178213035
noise,0,5.993982642548374,0.7629129072114519
noise,0,3.0154661285933413,0.63945812340648
noise,0,4.326651923731518,0.6974639074197421
noise,0,4.189847400640188,0.6916595398287
noise,0,1.0354897517150596,0.5441392374379064
noise,0,11.503095794952392,0.9064075190189992
noise,0,3.0786992660479524,0.6423686494686089
noise,0,17.83575612171782,0.9717243461035643
noise,0,11.398877801629226,0.9046242540369641
noise,0,5.365078595878398,0.7394160187047497
noise,0,4.220882140273496,0.692981697527371
noise,0,12.41041776612935,0.9207078285892834
noise,0,4.3070911061485155,0.6966377724550696
noise,0,4.202651832779475,0.6922054231955175
noise,0,6.422764453783366,0.7780731445155461
noise,0,4.6325222731890525,0.7102141313920634
noise,0,8.739632932582388,0.8478512289584649
noise,0,4.2368665689944995,0.6936614408104397
noise,0,7.617211799445939,0.816582377779979
noise,0,8.32890534864525,0.8369491044788638
noise,0,6.922801907789454,0.7948611174682675
noise,0,5.312609906024957,0.7373890115986396
noise,0,4.9836425034848215,0.7244509286547985
noise,0,8.071440902889446,0.8297996449602928
noise,0,6.591742412759426,0.7838539333500617
noise,0,12.91388842446843,0.927754525010318
noise,0,2.0960697983101415,0.596074151541537
noise,0,5.190396950825987,0.7326284044934738
noise,0,5.972991827581819,0.7621527189676026
noise,0,3.1925627522660505,0.6475831165304944
noise,0,4.78453293455572,0.7164309843264705
noise,0,4.376673886739269,0.6995707347232694
noise,0,6.2090956592547455,0.7706064878952369
noise,0,9.00999975609238,0.8546962481101429
noise,0,10.068553179122139,0.8790676366359069
noise,0,2.8390742597730307,0.6312852822405165
noise,0,9.567072690807358,0.8679936458743138
noise,0,8.817936962442978,0.8498604787347601
noise,0,4.1999595646382595,0.6920906899689075
noise,0,6.031607009912002,0.7642712884572052
noise,0,5.037313529933316,0.7265885391531978
noise,0,9.93769123347897,0.8762575910858885
noise,0,1.4517530306732016,0.5647027617962455
noise,0,7.681790771496581,0.8185089442678001
noise,0,4.020493101544555,0.6843895164163234
noise,0,5.444969765881972,0.7424829068910802
noise,0,8.862605375445263,0.8509968363078664
noise,0,6.114594708733428,0.7672483859616465
noise,0,8.192100490648563,0.8331807751507777
noise,0,1.8364315454332218,0.5835116935428509
noise,0,7.488293845160974,0.8126890610178594
noise,0,2.278025639661808,0.604804557147512
noise,0,2.782134364712298,0.6286306284899625
noise,0,2.962357626185752,0.6370056654265186
noise,0,4.995877936038976,0.7249391520207098
noise,0,1.6993951996381405,0.5768361588236546
noise,0,6.023257054172303,0.7639702889358371
noise,0,7.744559399874365,0.8203663747017327
noise,0,6.886732659083025,0.7936823471065301
noise,0,5.864445463025357,0.7581949812321841
noise,0,6.734988489488642,0.7886684008962934
noise,0,7.084712676310006,0.8000908599476863
noise,0,1.3646698350613808,0.5604167943235855
noise,0,8.527510914651662,0.8422973737710079
noise,0,1.673333675508752,0.5755633481272007
noise,0,5.116241236382775,0.7297132161358643
noise,0,10.280656611393841,0.8835052595905813
noise,0,6.295899375453978,0.7736609570357246
noise,0,5.483071663620244,0.7439372446249409
noise,0,3.8137900244738416,0.6753926225574153
noise,0,1.5437841528316134,0.569221751815869
noise,0,4.165889163340355,0.6906367039873152
noise,0,4.354850793701005,0.6986526179199689
noise,0,3.9233941003527137,0.6801798881618817
noise,0,6.085417572783579,0.7662046805874199
noise,0,4.133424391098482,0.6892477202192077
noise,0,6.435331802627358,0.7785068553668351
noise,0,9.799473173522998,0.8732288788864276
noise,0,7.154466859808588,0.8023128945333476
noise,0,8.032288456347414,0.8286908700362187
noise,0,1.4893571904311633,0.5665505763261712
noise,0,4.43435206355351,0.7019896012848904
noise,0,9.077553618410992,0.8563661308172856
noise,0,4.731559973601735,0.7142736855936667
noise,0,4.117596957080073,0.6885693136367266
noise,0,5.795426815082918,0.7556552582316718
noise,0,4.228675495277719,0.6933132175658978
noise,0,2.706392727256291,0.6250873519431265
noise,0,8.763046762258274,0.8484543200474511
noise,0,8.461513184149315,0.8405361128547186
noise,0,5.233425874774001,0.7343107618817648
noise,0,0.8643501158236417,0.5356369257766305
noise,0,5.593963820589737,0.7481392110132152
noise,0,4.823284216779891,0.7180028635187414
noise,0,6.336714810693437,0.7750871985744842
noise,0,4.453760954633987,0.7028010328226342
noise,0,14.520997662819763,0.9465521335661742
noise,0,5.287979909580192,0.7364339944433129
noise,0,7.0051694008681995,0.7975341908158999
noise,0,2.794530627282421,0.6292092354878918
noise,0,7.852445664549602,0.8235241637772279
noise,0,7.971216589776466,0.8269499215276452
noise,0,9.383925094247665,0.8637397462428066
noise,0,6.103954253780275,0.766868138975928
noise,0,7.694907221734329,0.8188983138308003
noise,0,4.995817279577812,0.7249367330055907
noise,0,4.316276754653737,0.6970258793511335
noise,0,8.748519732015922,0.8480803658094405
noise,0,4.240387285628449,0.6938110475127659
noise,0,3.282067717018768,0.6516575941434081
noise,0,4.00274601656371,0.6836223392552502
noise,0,9.280693177546924,0.8612915041409543
noise,0,12.942274615612185,0.9281341250915914
noise,0,6.771547465582866,0.7898844896612301
noise,0,10.243320548727752,0.8827345026825629
noise,0,1.2670780716974703,0.555602927972067
noise,0,5.574114142026368,0.7473904315700576
noise,0,5.602003202635514,0.748442057337941
noise,0,3.8596108210376823,0.6773985111196227
noise,0,4.9341344275251435,0.7224699642356246
noise,0,4.886073284347549,0.7205385286302731
noise,0,7.027524469977617,0.7982551803242489
noise,0,15.186855573372544,0.9529024211522681
noise,0,6.743428911409224,0.7889496177535356
noise,0,6.684573467856801,0.7869829695634993
noise,0,2.5933925260809074,0.6197761726920072
noise,0,4.987644831473487,0.7246106903106
noise,0,4.5913857448851,0.7085179454790839
noise,0,2.129891530337965,0.5977017376448077
noise,0,10.327118573994401,0.8844582640960671
noise,0,5.292296001267337,0.7366015100309196
noise,0,9.248190146035,0.8605130612677978
noise,0,7.495907581189258,0.8129207516870104
noise,0,3.7357648850631993,0.6719620966243602
noise,0,1.4471530960243957,0.5644766030943779
noise,0,10.231494458269015,0.8824894470638726
noise,0,4.241664963838982,0.693865330120296
noise,0,1.237557344846599,0.5541446708988815
noise,0,3.8242286204834395,0.6758501610422297
noise,0,3.831256940631494,0.6761580331560242
noise,0,2.0318126598674553,0.5929761339620155
noise,0,4.412730957382002,0.7010841839097369
noise,0,1.5059835946950457,0.5673669875160433
noise,0,5.164317738350277,0.7316054654023068
noise,0,5.983763758632261,0.7625430367847152
noise,0,6.67948118347131,0.7868121847609526
noise,0,10.706882460917841,0.891996279836078
noise,0,5.095531767863579,0.7288955260060407
noise,0,4.526896720889929,0.7058471414968269
noise,0,3.3051094188786956,0.6527029548467144
noise,0,5.905997789337251,0.7597153123480692
noise,0,4.3628193486055835,0.6989880470016041
noise,0,5.765970868334467,0.7545658691458914
noise,0,3.8521635135452335,0.6770729334769162
noise,0,4.179872345868522,0.6912339079793751
noise,0,6.415604378632556,0.7778257723904227
noise,0,7.46987366816294,0.8121276105667179
noise,0,6.470457135272422,0.779715844812318
noise,0,4.205777457895436,0.6923385944994609
noise,0,6.158325619750494,0.7688066121769074
noise,0,10.443136983291971,0.8868084202843612
noise,0,10.198433109090805,0.881802006511194
noise,0,4.842954145679305,0.7187987127491738
noise,0,6.321085845866761,0.7745418198521378
noise,0,10.874428813221845,0.8951823775065101
noise,0,4.6551632576773745,0.7111451918225014
noise,0,3.0425895909211285,0.6407078455203524
noise,0,2.302333346031552,0.6059659492897077
noise,0,4.792864261008155,0.7167693767189812
noise,0,9.133936994954176,0.8577476313766159
noise,0,7.3033303336841175,0.8069925837577203
noise,0,4.2889618596757115,0.6958709628407375
noise,0,5.575310904395646,0.7474356181564094
noise,0,2.0258907298942432,0.5926902445122885
noise,0,7.777273331010186,0.8213285347142746
noise,0,4.079505207109452,0.6869332799764201
noise,0,5.617707226358968,0.7490329356483055
noise,0,6.0156822739856235,0.7636970033024524
noise,0,7.666415577156245,0.8180516934490084
noise,0,6.851104070363059,0.7925130639793202
noise,0,6.793784322602732,0.7906216548877552
noise,0,1.7200574711212862,0.5778445536110584
noise,0,4.838277220276363,0.7186096073649388
noise,0,5.660259975931007,0.7506293777760323
noise,0,3.260716504491567,0.6506876225111651
noise,0,4.016204649714024,0.6842042255708272
noise,0,6.7423214954443464,0.7889127366436683
noise,0,6.5599978780975015,0.7827763190314179
noise,0,4.013436628507725,0.6840845967686862
noise,0,4.784783729833337,0.7164411744106391
noise,0,5.8620257805288,0.7581062474783499
noise,0,6.376840291905574,0.7764831007065455
noise,0,3.7110492996140367,0.6708715653204131
noise,0,4.648170006941959,0.710857799489684
noise,0,8.367889790113015,0.8380103158443474
noise,0,8.527675646155348,0.8423017500614076
noise,0,4.254454033494296,0.6944083817423723
noise,0,8.032006334519583,0.8286828597542744
noise,0,1.65323058446744,0.5745808534101681
noise,0,5.012588158666578,0.7256050624237147
noise,0,3.2121134436639096,0.6484749694550511
noise,0,3.8342342299468557,0.6762884059009602
noise,0,3.8861381345087143,0.6785568197573681
noise,0,4.750846298296353,0.715060251324234
noise,0,10.318331692662825,0.8842785532030457
noise,0,3.0267501306335567,0.6399782680464323
noise,0,9.32747243763858,0.8624054597639538
noise,0,9.002530758325538,0.8545106339775667
noise,0,3.9180568891858996,0.6799476372465812
noise,0,6.49275623277213,0.7804809034905271
noise,0,4.901267690563229,0.7211500358399149
noise,0,5.246217285995727,0.7348095795455931
noise,0,7.978444507473808,0.8271566921886322
noise,0,1.9086568470968979,0.5870179251987595
noise,0,8.49914022694973,0.8415421991452561
noise,0,8.805757561839371,0.8495494012147276
noise,0,3.992681398165772,0.6831868175826311
noise,0,7.223766387959435,0.8045019640850702
noise,0,4.727129056373805,0.7140927929238678
noise,0,7.010921950471916,0.7977199039775495
noise,0,4.750342180096379,0.7150397081540825
noise,0,2.6443289162930963,0.6221738957126196
noise,0,2.2319514394181903,0.6025999493783084
noise,0,4.8970942845544645,0.7209821565963813
noise,0,14.538078734717278,0.9467247005020217
noise,0,5.4633720808238895,0.7431859906617923
noise,0,4.088912591281474,0.6873377603828771
noise,0,8.57405690273179,0.8435300011509645
noise,0,7.755376918936399,0.8206849793225165
noise,0,3.487234479642798,0.6609132672316244
noise,0,4.403234891858212,0.7006860230900726
noise,0,5.9991212034054,0.7630987462738
noise,0,12.586803376115258,0.9232453093468866
noise,0,3.84939192321951,0.6769517226115596
noise,0,4.173131604399003,0.6909460990815595
noise,0,4.522681172794324,0.7056720588389136
noise,0,3.885179813864132,0.6785150130333689
noise,0,10.913868399268718,0.8959202040334933
noise,0,7.593160233941033,0.8158608128070013
noise,0,4.433616011739672,0.7019588039317116
noise,0,4.42931385784056,0.7017787596599564
noise,0,11.141122430242776,0.9000827430961941
noise,0,1.6455504420776306,0.5742053472040289
noise,0,4.199335134804449,0.6920640759852503
noise,0,7.293906564654005,0.8066988530181661
noise,0,6.290022094459367,0.7734550570667115
noise,0,4.049583449707827,0.6856448721267855
noise,0,7.78272687970928,0.8214885380642601
noise,0,9.909866595318217,0.8756529202023927
noise,0,10.903604686169096,0.8957286359238066
noise,0,6.482843778212921,0.7801410535426087
noise,0,7.047146110675587,0.7988864295697911
noise,0,8.16776879753595,0.8325033028700093
noise,0,3.6980966202968766,0.6702993144818725
noise,0,10.950347773242765,0.8965985613701951
noise,0,11.780851623714392,0.9110148845370788
noise,0,6.888978823071491,0.7937558995770378
noise,0,8.657164926100057,0.8457113335139054
noise,0,11.566935107287375,0.9074850482932744
noise,0,9.321862773262785,0.8622722745094792
noise,0,10.091814397050607,0.879561334542185
noise,0,8.68654151125838,0.8464764102684582
noise,0,4.435451907893368,0.7020356167715587
noise,0,6.554279124218069,0.782581775548651
noise,0,5.053037205125426,0.72721281942305
noise,0,3.6190870759906613,0.666797771980223
noise,0,4.472669133190484,0.7035903034101034
noise,0,4.580270221135684,0.7080586165578033
noise,0,4.3735461274733645,0.6994392451271797
noise,0,5.087165944718883,0.7285647706384758
noise,0,16.049025897222393,0.9600641227140955
noise,0,5.506355469155212,0.7448233244154268
noise,0,3.59304661656697,0.6656396424732691
noise,0,7.400594940422545,0.8100044030223561
noise,0,8.808065087794771,0.8496083790851716
noise,0,5.634503579290846,0.7496638916254654
noise,0,13.115600849046203,0.9304122982819109
noise,0,7.502645207576686,0.8131255977358404
noise,0,2.684465121297804,0.6240590287557868
noise,0,4.5389099374028365,0.7063457481687233
noise,0,1.5326504344434104,0.5686756517251328
noise,0,5.970897848632389,0.7620767930274416
noise,0,4.5423167046798,0.7064870556057846
noise,0,3.6093543204112466,0.6663651498394499
noise,0,9.267132775497366,0.8609671785085241
noise,0,9.268211178598342,0.8609929940503113
noise,0,3.8227375504051224,0.6757848258678067
noise,0,6.609665645475852,0.7844606510664065
noise,0,5.613039446063613,0.7488574025596381
noise,0,6.011441037934877,0.7635438910718452
noise,0,7.293906564654005,0.8066988530181661
noise,0,6.120884383037659,0.7674729503069675
noise,0,2.6863134328694387,0.6241457510157343
noise,0,3.4614829634671316,0.6597580938353953
noise,0,2.0465954134067106,0.5936895169340594
noise,0,2.2648043100095236,0.6041723604361674
noise,0,4.6963544123930205,0.7128345222586865
noise,0,4.9419896634964875,0.7227848602517656
noise,0,2.9519974769730695,0.6365264152325348
noise,0,5.483018483922902,0.7439352185304295
noise,0,3.8444490773068645,0.6767354965006979
noise,0,7.11176868229181,0.8009549518317431
noise,0,5.934009574543478,0.7607365226274573
noise,0,6.227873834833188,0.7712697047030169
noise,0,3.9114129242682907,0.6796583977300616
noise,0,2.984579682992496,0.6380327171385171
noise,0,5.012345982807142,0.7255954187615116
noise,0,7.390238791906948,0.8096854417373546
noise,0,4.634200096371844,0.7102831890842695
noise,0,6.4071214082933725,0.7775324409572741
noise,0,9.074081696945619,0.8562806982032369
noise,0,5.78771309746108,0.7553702931305935
noise,0,9.732295823441731,0.8717340965063538
noise,0,3.7329567133587327,0.6718382841527372
noise,0,4.279726874905492,0.6954799330892494
noise,0,4.9036076030505935,0.7212441339455972
noise,0,15.732677726154133,0.9575664316072644
noise,0,7.076682149509454,0.7998338468424221
noise,0,5.921434745708211,0.7602784573151324
noise,0,2.5670943409401086,0.618535941470837
noise,0,10.690232154888568,0.89167504631505
noise,0,2.008520080337143,0.5918512906426571
noise,0,1.9155564248956685,0.5873524149857102
noise,0,3.3761698613844304,0.6559175462539941
noise,0,13.876856232595735,0.9396468541029506
noise,0,9.157955323068109,0.858332751823702
noise,0,4.4167860260430505,0.7012541164027244
noise,0,6.493590030352633,0.7805094731392428
noise,0,5.723393573886359,0.7529854219060677
noise,0,2.405955525832801,0.6109033284790801
noise,0,4.4469205836965,0.7025152015267425
noise,0,7.0354632498637395,0.7985107575716244
noise,0,5.016407844031959,0.7257571378773469
noise,0,8.491377194695222,0.8413350509371441
noise,0,6.750723207321918,0.789192427254826
noise,0,6.854889544655984,0.7926375301405613
noise,0,11.389773734438101,0.9044670399030764
noise,0,3.631894656690299,0.6673666424383747
noise,0,5.549846992479784,0.746473014099389
noise,0,14.021481502389918,0.9412665028448316
noise,0,6.568569785476316,0.7830676869405551
noise,0,4.383898721038002,0.6998743380033501
noise,0,9.074670395368255,0.8562951871195161
noise,0,8.704857109173837,0.8469518437221362
noise,0,8.54714656715119,0.8428183234099695
noise,0,6.714131149509461,0.7879723028013549
noise,0,15.809286527500317,0.9581846538106433
noise,0,2.568693190775555,0.6186113880881451
noise,0,4.441431303547704,0.702285712237572
noise,0,3.4923637713513758,0.6611431312206055
noise,0,4.064518234679609,0.6862883115600388
noise,0,5.324239265216651,0.7378391596938844
noise,0,9.873716357651555,0.8748635368011525
noise,0,2.9361319248131363,0.6357919651386607
noise,0,7.399628173788022,0.8099746446895463
noise,0,5.589063332878304,0.74795448933066
noise,0,5.625347326354526,0.7493200674985722
noise,0,4.727129056373805,0.7140927929238678
noise,0,7.0318236329951525,0.798393615564665
noise,0,10.774946398473169,0.8933007400816072
noise,0,4.4330420171643565,0.701934785990627
noise,0,5.3415367262815945,0.7385077872239976
noise,0,10.38996125115407,0.8857364726688319
noise,0,11.26028612783021,0.9022057682165934
noise,0,5.87964046477097,0.7587517001693431
noise,0,3.397590855493191,0.656883798964125
noise,0,1.6457445641724435,0.5742148394973379
noise,0,8.91215407278596,0.852249037608019
noise,0,3.0441668273113875,0.6407804586709356
noise,0,2.6203316092861426,0.6210450095579554
noise,0,9.251008333783417,0.8605807011242618
noise,0,7.383779874239122,0.8094863048114733
noise,0,7.36740408810903,0.808980703837049
noise,0,7.826743380527055,0.8227758474668364
noise,0,9.33863342318437,0.8626701231563333
noise,0,4.145413392838924,0.6897610606183829
noise,0,11.247168522924667,0.9019740492202827
noise,0,4.485199677689705,0.7041126880938534
noise,0,4.963425654197102,0.723643051885796
noise,0,4.788419681689518,0.716588882219846
noise,0,8.936900430098662,0.8528711670413525
noise,0,23.298284951786464,0.9903354271763248
noise,0,5.529571715096827,0.7457048238550502
noise,0,5.435932253103565,0.7421371572714306
noise,0,6.530098360159602,0.7817577915864204
noise,0,5.892601000104767,0.7592258607463728
noise,0,6.636654904775968,0.7853719299395805
noise,0,5.814816886766183,0.7563705862095965
noise,0,8.03477266372824,0.828761391282768
noise,0,13.097793256940736,0.9301813530922461
noise,0,4.75070797352332,0.7150546145814188
noise,0,10.882995486601049,0.8953430324059894
noise,0,8.107109576207517,0.8308047888916006
noise,0,8.284041895611242,0.8357209386313698
noise,0,7.115672683210783,0.8010794025227205
noise,0,6.077724377193636,0.7659289434787672
noise,0,4.0209618297112035,0.6844097651705511
noise,0,6.59735180723513,0.7840439493329193
noise,0,6.660041696450852,0.7861593064300412
noise,0,9.074670395368255,0.8562951871195161
noise,0,7.5220547067105095,0.8137147447149036
noise,0,4.014745794386713,0.6841411795578906
noise,0,4.913705274619996,0.7216499819310495
noise,0,3.514601114395898,0.6621387952591395
noise,0,7.165275348688848,0.8026555306968919
noise,0,4.077414095761814,0.6868433317586119
noise,0,3.4213286311710025,0.6579530400274548
noise,0,3.45852396257206,0.6596252355414278
noise,0,3.117152536909914,0.6441334913933595
noise,0,6.2431349578422015,0.7718077101571147
noise,0,10.989223326865574,0.8973171691113027
noise,0,10.025717386056577,0.8781539197413714
noise,0,4.7306997504202215,0.7142385722621555
noise,0,6.0145995073728455,0.7636579210157541
noise,0,8.28984060002706,0.8358800991535492
noise,0,2.787708448168828,0.6288908497431952
noise,0,7.784125309980884,0.8215295489714302
noise,0,6.305401519788738,0.7739935674457488
noise,0,5.883567595326504,0.7588954412807586
noise,0,2.9426737111979486,0.6360948751995644
noise,0,5.199595961111216,0.7329886380483397
noise,0,1.611125397612618,0.5725211530154471
noise,0,4.203912956097934,0.6922591588393483
noise,0,2.135889046200873,0.597990129592784
noise,0,6.923150682869976,0.7948724912725045
noise,0,7.746388658889475,0.8204202822749638
noise,0,5.498961068380721,0.7445421444219682
noise,0,5.118698369983225,0.7298101301889657
noise,0,1.5634742590481163,0.5701871230989268
noise,0,1.5866920346429267,0.5713247638261492
noise,0,6.6001658231699665,0.7841392273916002
noise,0,4.869445686764637,0.719868401993896
noise,0,5.171518460828205,0.7318881562643147
noise,0,8.7205003345875,0.8473569524489575
noise,0,2.4187079507500067,0.6115094081491929
noise,0,3.326489641374092,0.6536716223614666
noise,0,4.837040464291024,0.7185595878145932
noise,0,5.572693305326536,0.747336777580361
noise,0,2.283605258451369,0.6050712495673978
noise,0,4.154842750529637,0.690164475176629
noise,0,9.364423381627,0.8632800500890859
noise,0,6.734187486185437,0.7886416989286094
noise,0,4.376679004923971,0.6995709498625591
noise,0,3.9828656168081795,0.6827617542282991
noise,0,9.209181814234313,0.859573988183034
noise,0,9.663342844736627,0.8701841972292547
noise,0,7.896835497551029,0.8248107137178851
noise,0,10.060681951430945,0.8789001822781671
noise,0,3.161912026413683,0.6461828371023784
noise,0,4.768817290415401,0.7157919995696451
