filename,y_true,probs
/tmp/backbone_swap_panns_p7fs97_5/data/PhysioNet2022/training_data/23625_AV.wav,1.0,0.32748967
/tmp/backbone_swap_panns_p7fs97_5/data/PhysioNet2022/training_data/23625_MV.wav,1.0,0.1628789
/tmp/backbone_swap_panns_p7fs97_5/data/PhysioNet2022/training_data/23625_PV.wav,1.0,0.12423556
/tmp/backbone_swap_panns_p7fs97_5/data/PhysioNet2022/training_data/23625_TV.wav,1.0,0.19850501
/tmp/backbone_swap_panns_p7fs97_5/data/PhysioNet2022/training_data/29045_AV.wav,1.0,0.064731896
/tmp/backbone_swap_panns_p7fs97_5/data/PhysioNet2022/training_data/29045_MV.wav,1.0,0.2627101
/tmp/backbone_swap_panns_p7fs97_5/data/PhysioNet2022/training_data/29045_PV.wav,1.0,0.17723732
/tmp/backbone_swap_panns_p7fs97_5/data/PhysioNet2022/training_data/29045_TV.wav,1.0,0.19792262
/tmp/backbone_swap_panns_p7fs97_5/data/PhysioNet2022/training_data/33151_AV.wav,1.0,0.14002766
/tmp/backbone_swap_panns_p7fs97_5/data/PhysioNet2022/training_data/33151_MV.wav,1.0,0.0620687
/tmp/backbone_swap_panns_p7fs97_5/data/PhysioNet2022/training_data/33151_PV.wav,1.0,0.15676926
/tmp/backbone_swap_panns_p7fs97_5/data/PhysioNet2022/training_data/33151_TV.wav,1.0,0.16978727
/tmp/backbone_swap_panns_p7fs97_5/data/PhysioNet2022/training_data/38337_AV.wav,1.0,0.26954898
/tmp/backbone_swap_panns_p7fs97_5/data/PhysioNet2022/training_data/38337_MV.wav,1.0,0.2819478
/tmp/backbone_swap_panns_p7fs97_5/data/PhysioNet2022/training_data/39043_AV.wav,1.0,0.05303041
/tmp/backbone_swap_panns_p7fs97_5/data/PhysioNet2022/training_data/39043_MV.wav,1.0,0.6051565
/tmp/backbone_swap_panns_p7fs97_5/data/PhysioNet2022/training_data/39043_PV.wav,1.0,0.12829477
/tmp/backbone_swap_panns_p7fs97_5/data/PhysioNet2022/training_data/39043_TV.wav,1.0,0.2112642
/tmp/backbone_swap_panns_p7fs97_5/data/PhysioNet2022/training_data/40058_AV.wav,1.0,0.660754
/tmp/backbone_swap_panns_p7fs97_5/data/PhysioNet2022/training_data/40058_MV.wav,1.0,0.16297717
/tmp/backbone_swap_panns_p7fs97_5/data/PhysioNet2022/training_data/40058_PV.wav,1.0,0.19508918
/tmp/backbone_swap_panns_p7fs97_5/data/PhysioNet2022/training_data/40058_TV.wav,1.0,0.11277188
/tmp/backbone_swap_panns_p7fs97_5/data/PhysioNet2022/training_data/40798_AV.wav,1.0,0.5363015
/tmp/backbone_swap_panns_p7fs97_5/data/PhysioNet2022/training_data/40798_MV.wav,1.0,0.31691134
/tmp/backbone_swap_panns_p7fs97_5/data/PhysioNet2022/training_data/40798_PV.wav,1.0,0.28196925
/tmp/backbone_swap_panns_p7fs97_5/data/PhysioNet2022/training_data/40798_TV.wav,1.0,0.39436984
/tmp/backbone_swap_panns_p7fs97_5/data/PhysioNet2022/training_data/40840_AV.wav,1.0,0.16276246
/tmp/backbone_swap_panns_p7fs97_5/data/PhysioNet2022/training_data/40840_MV.wav,1.0,0.32474566
/tmp/backbone_swap_panns_p7fs97_5/data/PhysioNet2022/training_data/40840_PV.wav,1.0,0.17660266
/tmp/backbone_swap_panns_p7fs97_5/data/PhysioNet2022/training_data/40840_TV.wav,1.0,0.4476148
/tmp/backbone_swap_panns_p7fs97_5/data/PhysioNet2022/training_data/43852_AV.wav,1.0,0.1269537
/tmp/backbone_swap_panns_p7fs97_5/data/PhysioNet2022/training_data/43852_MV.wav,1.0,0.38050708
/tmp/backbone_swap_panns_p7fs97_5/data/PhysioNet2022/training_data/43852_PV.wav,1.0,0.7866674
/tmp/backbone_swap_panns_p7fs97_5/data/PhysioNet2022/training_data/43852_TV.wav,1.0,0.14394447
/tmp/backbone_swap_panns_p7fs97_5/data/PhysioNet2022/training_data/44514_AV.wav,1.0,0.20842642
/tmp/backbone_swap_panns_p7fs97_5/data/PhysioNet2022/training_data/44514_MV.wav,1.0,0.13364328
/tmp/backbone_swap_panns_p7fs97_5/data/PhysioNet2022/training_data/44514_PV.wav,1.0,0.37294254
/tmp/backbone_swap_panns_p7fs97_5/data/PhysioNet2022/training_data/44514_TV.wav,1.0,0.12637801
/tmp/backbone_swap_panns_p7fs97_5/data/PhysioNet2022/training_data/46532_AV.wav,1.0,0.22024831
/tmp/backbone_swap_panns_p7fs97_5/data/PhysioNet2022/training_data/46778_MV.wav,1.0,0.1321192
/tmp/backbone_swap_panns_p7fs97_5/data/PhysioNet2022/training_data/49558_AV.wav,1.0,0.15068157
/tmp/backbone_swap_panns_p7fs97_5/data/PhysioNet2022/training_data/49558_MV.wav,1.0,0.3143022
/tmp/backbone_swap_panns_p7fs97_5/data/PhysioNet2022/training_data/49562_AV.wav,1.0,0.287021
/tmp/backbone_swap_panns_p7fs97_5/data/PhysioNet2022/training_data/49562_MV.wav,1.0,0.15426014
/tmp/backbone_swap_panns_p7fs97_5/data/PhysioNet2022/training_data/49562_PV.wav,1.0,0.18529277
/tmp/backbone_swap_panns_p7fs97_5/data/PhysioNet2022/training_data/49562_TV.wav,1.0,0.1968927
/tmp/backbone_swap_panns_p7fs97_5/data/PhysioNet2022/training_data/49610_AV.wav,1.0,0.12736125
/tmp/backbone_swap_panns_p7fs97_5/data/PhysioNet2022/training_data/49610_MV.wav,1.0,0.2839256
/tmp/backbone_swap_panns_p7fs97_5/data/PhysioNet2022/training_data/49610_PV.wav,1.0,0.34645906
/tmp/backbone_swap_panns_p7fs97_5/data/PhysioNet2022/training_data/49610_TV.wav,1.0,0.4442622
/tmp/backbone_swap_panns_p7fs97_5/data/PhysioNet2022/training_data/49618_AV.wav,1.0,0.19858313
/tmp/backbone_swap_panns_p7fs97_5/data/PhysioNet2022/training_data/49618_MV.wav,1.0,0.30452505
/tmp/backbone_swap_panns_p7fs97_5/data/PhysioNet2022/training_data/49628_AV.wav,1.0,0.07570939
/tmp/backbone_swap_panns_p7fs97_5/data/PhysioNet2022/training_data/49628_MV.wav,1.0,0.31316942
/tmp/backbone_swap_panns_p7fs97_5/data/PhysioNet2022/training_data/49628_PV.wav,1.0,0.124669194
/tmp/backbone_swap_panns_p7fs97_5/data/PhysioNet2022/training_data/49628_TV.wav,1.0,0.2875489
/tmp/backbone_swap_panns_p7fs97_5/data/PhysioNet2022/training_data/49630_AV.wav,1.0,0.62930256
/tmp/backbone_swap_panns_p7fs97_5/data/PhysioNet2022/training_data/49630_MV.wav,1.0,0.13464543
/tmp/backbone_swap_panns_p7fs97_5/data/PhysioNet2022/training_data/49630_PV.wav,1.0,0.67589515
/tmp/backbone_swap_panns_p7fs97_5/data/PhysioNet2022/training_data/49630_TV.wav,1.0,0.42024526
/tmp/backbone_swap_panns_p7fs97_5/data/PhysioNet2022/training_data/49631_AV.wav,1.0,0.6138042
/tmp/backbone_swap_panns_p7fs97_5/data/PhysioNet2022/training_data/49631_MV.wav,1.0,0.05264399
/tmp/backbone_swap_panns_p7fs97_5/data/PhysioNet2022/training_data/49641_AV.wav,1.0,0.17804062
/tmp/backbone_swap_panns_p7fs97_5/data/PhysioNet2022/training_data/49641_MV.wav,1.0,0.16042484
/tmp/backbone_swap_panns_p7fs97_5/data/PhysioNet2022/training_data/49641_PV.wav,1.0,0.6741199
/tmp/backbone_swap_panns_p7fs97_5/data/PhysioNet2022/training_data/49641_TV.wav,1.0,0.22839782
/tmp/backbone_swap_panns_p7fs97_5/data/PhysioNet2022/training_data/49653_AV.wav,1.0,0.19875234
/tmp/backbone_swap_panns_p7fs97_5/data/PhysioNet2022/training_data/49653_MV.wav,1.0,0.4681011
/tmp/backbone_swap_panns_p7fs97_5/data/PhysioNet2022/training_data/49653_PV.wav,1.0,0.22701657
/tmp/backbone_swap_panns_p7fs97_5/data/PhysioNet2022/training_data/49653_TV.wav,1.0,0.14486666
/tmp/backbone_swap_panns_p7fs97_5/data/PhysioNet2022/training_data/49661_AV.wav,1.0,0.50935227
/tmp/backbone_swap_panns_p7fs97_5/data/PhysioNet2022/training_data/49661_MV.wav,1.0,0.32325983
/tmp/backbone_swap_panns_p7fs97_5/data/PhysioNet2022/training_data/49678_AV.wav,1.0,0.17623869
/tmp/backbone_swap_panns_p7fs97_5/data/PhysioNet2022/training_data/49678_MV.wav,1.0,0.6439697
/tmp/backbone_swap_panns_p7fs97_5/data/PhysioNet2022/training_data/49678_PV.wav,1.0,0.19209692
/tmp/backbone_swap_panns_p7fs97_5/data/PhysioNet2022/training_data/49678_TV.wav,1.0,0.21042398
/tmp/backbone_swap_panns_p7fs97_5/data/PhysioNet2022/training_data/49683_AV.wav,1.0,0.20893537
/tmp/backbone_swap_panns_p7fs97_5/data/PhysioNet2022/training_data/49683_MV.wav,1.0,0.14490615
/tmp/backbone_swap_panns_p7fs97_5/data/PhysioNet2022/training_data/49683_PV.wav,1.0,0.2905066
/tmp/backbone_swap_panns_p7fs97_5/data/PhysioNet2022/training_data/49683_TV.wav,1.0,0.5782515
/tmp/backbone_swap_panns_p7fs97_5/data/PhysioNet2022/training_data/49719_AV.wav,1.0,0.25608373
/tmp/backbone_swap_panns_p7fs97_5/data/PhysioNet2022/training_data/49719_MV.wav,1.0,0.34935537
/tmp/backbone_swap_panns_p7fs97_5/data/PhysioNet2022/training_data/49719_PV.wav,1.0,0.077281006
/tmp/backbone_swap_panns_p7fs97_5/data/PhysioNet2022/training_data/49719_TV.wav,1.0,0.28902
/tmp/backbone_swap_panns_p7fs97_5/data/PhysioNet2022/training_data/49729_AV.wav,1.0,0.3221565
/tmp/backbone_swap_panns_p7fs97_5/data/PhysioNet2022/training_data/49729_MV.wav,1.0,0.31706184
/tmp/backbone_swap_panns_p7fs97_5/data/PhysioNet2022/training_data/49729_PV.wav,1.0,0.22350407
/tmp/backbone_swap_panns_p7fs97_5/data/PhysioNet2022/training_data/49729_TV.wav,1.0,0.19194484
/tmp/backbone_swap_panns_p7fs97_5/data/PhysioNet2022/training_data/49751_AV.wav,1.0,0.28723964
/tmp/backbone_swap_panns_p7fs97_5/data/PhysioNet2022/training_data/49751_MV.wav,1.0,0.25602698
/tmp/backbone_swap_panns_p7fs97_5/data/PhysioNet2022/training_data/49751_PV.wav,1.0,0.1399687
/tmp/backbone_swap_panns_p7fs97_5/data/PhysioNet2022/training_data/49751_TV.wav,1.0,0.16549797
/tmp/backbone_swap_panns_p7fs97_5/data/PhysioNet2022/training_data/49824_AV.wav,1.0,0.45692444
/tmp/backbone_swap_panns_p7fs97_5/data/PhysioNet2022/training_data/49824_MV.wav,1.0,0.2969589
/tmp/backbone_swap_panns_p7fs97_5/data/PhysioNet2022/training_data/49824_PV.wav,1.0,0.047591522
/tmp/backbone_swap_panns_p7fs97_5/data/PhysioNet2022/training_data/49842_AV.wav,1.0,0.21960813
/tmp/backbone_swap_panns_p7fs97_5/data/PhysioNet2022/training_data/49842_MV.wav,1.0,0.24152912
/tmp/backbone_swap_panns_p7fs97_5/data/PhysioNet2022/training_data/49842_PV.wav,1.0,0.14854652
/tmp/backbone_swap_panns_p7fs97_5/data/PhysioNet2022/training_data/49842_TV.wav,1.0,0.1171756
/tmp/backbone_swap_panns_p7fs97_5/data/PhysioNet2022/training_data/49850_AV.wav,1.0,0.13375832
/tmp/backbone_swap_panns_p7fs97_5/data/PhysioNet2022/training_data/49850_MV.wav,1.0,0.2853455
/tmp/backbone_swap_panns_p7fs97_5/data/PhysioNet2022/training_data/49853_AV.wav,1.0,0.31790036
/tmp/backbone_swap_panns_p7fs97_5/data/PhysioNet2022/training_data/49853_MV.wav,1.0,0.090185344
/tmp/backbone_swap_panns_p7fs97_5/data/PhysioNet2022/training_data/49853_PV.wav,1.0,0.35704488
/tmp/backbone_swap_panns_p7fs97_5/data/PhysioNet2022/training_data/49853_TV.wav,1.0,0.4598709
/tmp/backbone_swap_panns_p7fs97_5/data/PhysioNet2022/training_data/49931_AV.wav,1.0,0.34380278
/tmp/backbone_swap_panns_p7fs97_5/data/PhysioNet2022/training_data/49931_PV.wav,1.0,0.29590324
/tmp/backbone_swap_panns_p7fs97_5/data/PhysioNet2022/training_data/49931_TV.wav,1.0,0.39075252
/tmp/backbone_swap_panns_p7fs97_5/data/PhysioNet2022/training_data/49963_AV.wav,1.0,0.48822212
/tmp/backbone_swap_panns_p7fs97_5/data/PhysioNet2022/training_data/49963_MV.wav,1.0,0.21157956
/tmp/backbone_swap_panns_p7fs97_5/data/PhysioNet2022/training_data/49963_PV.wav,1.0,0.08297865
/tmp/backbone_swap_panns_p7fs97_5/data/PhysioNet2022/training_data/49963_TV.wav,1.0,0.22442731
/tmp/backbone_swap_panns_p7fs97_5/data/PhysioNet2022/training_data/49966_MV.wav,1.0,0.10905776
/tmp/backbone_swap_panns_p7fs97_5/data/PhysioNet2022/training_data/49970_AV.wav,1.0,0.29757577
/tmp/backbone_swap_panns_p7fs97_5/data/PhysioNet2022/training_data/49970_MV.wav,1.0,0.1927218
/tmp/backbone_swap_panns_p7fs97_5/data/PhysioNet2022/training_data/49974_AV.wav,1.0,0.14856815
/tmp/backbone_swap_panns_p7fs97_5/data/PhysioNet2022/training_data/49974_MV.wav,1.0,0.18005401
/tmp/backbone_swap_panns_p7fs97_5/data/PhysioNet2022/training_data/49974_PV.wav,1.0,0.28246075
/tmp/backbone_swap_panns_p7fs97_5/data/PhysioNet2022/training_data/49974_TV.wav,1.0,0.6411422
/tmp/backbone_swap_panns_p7fs97_5/data/PhysioNet2022/training_data/49978_PV.wav,1.0,0.152446
/tmp/backbone_swap_panns_p7fs97_5/data/PhysioNet2022/training_data/49988_AV.wav,1.0,0.2507058
/tmp/backbone_swap_panns_p7fs97_5/data/PhysioNet2022/training_data/49988_MV.wav,1.0,0.31674176
/tmp/backbone_swap_panns_p7fs97_5/data/PhysioNet2022/training_data/49988_PV.wav,1.0,0.2160601
/tmp/backbone_swap_panns_p7fs97_5/data/PhysioNet2022/training_data/49988_TV.wav,1.0,0.1300865
/tmp/backbone_swap_panns_p7fs97_5/data/PhysioNet2022/training_data/49994_AV.wav,1.0,0.26087427
/tmp/backbone_swap_panns_p7fs97_5/data/PhysioNet2022/training_data/49994_MV.wav,1.0,0.17197362
/tmp/backbone_swap_panns_p7fs97_5/data/PhysioNet2022/training_data/49994_PV.wav,1.0,0.080735005
/tmp/backbone_swap_panns_p7fs97_5/data/PhysioNet2022/training_data/49994_TV.wav,1.0,0.13201976
/tmp/backbone_swap_panns_p7fs97_5/data/PhysioNet2022/training_data/50001_AV.wav,1.0,0.21835598
/tmp/backbone_swap_panns_p7fs97_5/data/PhysioNet2022/training_data/50001_MV.wav,1.0,0.20793074
/tmp/backbone_swap_panns_p7fs97_5/data/PhysioNet2022/training_data/50001_PV.wav,1.0,0.23761187
/tmp/backbone_swap_panns_p7fs97_5/data/PhysioNet2022/training_data/50001_TV.wav,1.0,0.4019712
/tmp/backbone_swap_panns_p7fs97_5/data/PhysioNet2022/training_data/50006_AV.wav,1.0,0.48815903
/tmp/backbone_swap_panns_p7fs97_5/data/PhysioNet2022/training_data/50006_MV.wav,1.0,0.7457334
/tmp/backbone_swap_panns_p7fs97_5/data/PhysioNet2022/training_data/50008_AV.wav,1.0,0.19050491
/tmp/backbone_swap_panns_p7fs97_5/data/PhysioNet2022/training_data/50008_MV.wav,1.0,0.10437771
/tmp/backbone_swap_panns_p7fs97_5/data/PhysioNet2022/training_data/50008_PV.wav,1.0,0.8317123
/tmp/backbone_swap_panns_p7fs97_5/data/PhysioNet2022/training_data/50008_TV.wav,1.0,0.38417816
/tmp/backbone_swap_panns_p7fs97_5/data/PhysioNet2022/training_data/50009_AV.wav,1.0,0.35086098
/tmp/backbone_swap_panns_p7fs97_5/data/PhysioNet2022/training_data/50012_MV.wav,1.0,0.7127683
/tmp/backbone_swap_panns_p7fs97_5/data/PhysioNet2022/training_data/50014_AV.wav,1.0,0.16945672
/tmp/backbone_swap_panns_p7fs97_5/data/PhysioNet2022/training_data/50014_MV.wav,1.0,0.08973413
/tmp/backbone_swap_panns_p7fs97_5/data/PhysioNet2022/training_data/50014_PV.wav,1.0,0.106524624
/tmp/backbone_swap_panns_p7fs97_5/data/PhysioNet2022/training_data/50014_TV.wav,1.0,0.6073991
/tmp/backbone_swap_panns_p7fs97_5/data/PhysioNet2022/training_data/50015_AV.wav,1.0,0.25783744
/tmp/backbone_swap_panns_p7fs97_5/data/PhysioNet2022/training_data/50015_MV.wav,1.0,0.24389118
/tmp/backbone_swap_panns_p7fs97_5/data/PhysioNet2022/training_data/50015_PV.wav,1.0,0.20314154
/tmp/backbone_swap_panns_p7fs97_5/data/PhysioNet2022/training_data/50015_TV.wav,1.0,0.19001424
/tmp/backbone_swap_panns_p7fs97_5/data/PhysioNet2022/training_data/50030_MV.wav,1.0,0.46987942
/tmp/backbone_swap_panns_p7fs97_5/data/PhysioNet2022/training_data/50030_PV.wav,1.0,0.2049434
/tmp/backbone_swap_panns_p7fs97_5/data/PhysioNet2022/training_data/50030_TV.wav,1.0,0.35247964
/tmp/backbone_swap_panns_p7fs97_5/data/PhysioNet2022/training_data/50032_PV.wav,1.0,0.25908354
/tmp/backbone_swap_panns_p7fs97_5/data/PhysioNet2022/training_data/50032_TV_1.wav,1.0,0.151957
/tmp/backbone_swap_panns_p7fs97_5/data/PhysioNet2022/training_data/50032_TV_2.wav,1.0,0.1045905
/tmp/backbone_swap_panns_p7fs97_5/data/PhysioNet2022/training_data/50034_AV.wav,1.0,0.311789
/tmp/backbone_swap_panns_p7fs97_5/data/PhysioNet2022/training_data/50034_MV.wav,1.0,0.13392346
/tmp/backbone_swap_panns_p7fs97_5/data/PhysioNet2022/training_data/50037_AV.wav,1.0,0.3537883
/tmp/backbone_swap_panns_p7fs97_5/data/PhysioNet2022/training_data/50037_MV.wav,1.0,0.47750217
/tmp/backbone_swap_panns_p7fs97_5/data/PhysioNet2022/training_data/50053_AV.wav,1.0,0.26492065
/tmp/backbone_swap_panns_p7fs97_5/data/PhysioNet2022/training_data/50053_PV.wav,1.0,0.11489645
/tmp/backbone_swap_panns_p7fs97_5/data/PhysioNet2022/training_data/50053_TV.wav,1.0,0.541585
/tmp/backbone_swap_panns_p7fs97_5/data/PhysioNet2022/training_data/50072_MV.wav,1.0,0.35545722
/tmp/backbone_swap_panns_p7fs97_5/data/PhysioNet2022/training_data/50072_PV.wav,1.0,0.28820866
/tmp/backbone_swap_panns_p7fs97_5/data/PhysioNet2022/training_data/50072_TV.wav,1.0,0.39326632
/tmp/backbone_swap_panns_p7fs97_5/data/PhysioNet2022/training_data/50075_AV.wav,1.0,0.17818801
/tmp/backbone_swap_panns_p7fs97_5/data/PhysioNet2022/training_data/50075_MV.wav,1.0,0.20773022
/tmp/backbone_swap_panns_p7fs97_5/data/PhysioNet2022/training_data/50078_AV.wav,1.0,0.27658847
/tmp/backbone_swap_panns_p7fs97_5/data/PhysioNet2022/training_data/50078_MV.wav,1.0,0.16689494
/tmp/backbone_swap_panns_p7fs97_5/data/PhysioNet2022/training_data/50078_PV.wav,1.0,0.183995
/tmp/backbone_swap_panns_p7fs97_5/data/PhysioNet2022/training_data/50078_TV.wav,1.0,0.2534538
/tmp/backbone_swap_panns_p7fs97_5/data/PhysioNet2022/training_data/50086_MV.wav,1.0,0.20053028
/tmp/backbone_swap_panns_p7fs97_5/data/PhysioNet2022/training_data/50086_PV.wav,1.0,0.14883514
/tmp/backbone_swap_panns_p7fs97_5/data/PhysioNet2022/training_data/50086_TV.wav,1.0,0.20219363
/tmp/backbone_swap_panns_p7fs97_5/data/PhysioNet2022/training_data/50094_MV.wav,1.0,0.2003892
/tmp/backbone_swap_panns_p7fs97_5/data/PhysioNet2022/training_data/50094_PV.wav,1.0,0.19791335
/tmp/backbone_swap_panns_p7fs97_5/data/PhysioNet2022/training_data/50094_TV.wav,1.0,0.36372742
/tmp/backbone_swap_panns_p7fs97_5/data/PhysioNet2022/training_data/50096_AV.wav,1.0,0.071061626
/tmp/backbone_swap_panns_p7fs97_5/data/PhysioNet2022/training_data/50096_MV.wav,1.0,0.19508994
/tmp/backbone_swap_panns_p7fs97_5/data/PhysioNet2022/training_data/50096_PV.wav,1.0,0.2078931
/tmp/backbone_swap_panns_p7fs97_5/data/PhysioNet2022/training_data/50096_TV.wav,1.0,0.18318202
/tmp/backbone_swap_panns_p7fs97_5/data/PhysioNet2022/training_data/50099_MV.wav,1.0,0.21245871
/tmp/backbone_swap_panns_p7fs97_5/data/PhysioNet2022/training_data/50099_PV.wav,1.0,0.45018208
/tmp/backbone_swap_panns_p7fs97_5/data/PhysioNet2022/training_data/50099_TV.wav,1.0,0.19559592
/tmp/backbone_swap_panns_p7fs97_5/data/PhysioNet2022/training_data/50104_AV.wav,1.0,0.27903914
/tmp/backbone_swap_panns_p7fs97_5/data/PhysioNet2022/training_data/50104_MV.wav,1.0,0.19158503
/tmp/backbone_swap_panns_p7fs97_5/data/PhysioNet2022/training_data/50104_PV.wav,1.0,0.16629536
/tmp/backbone_swap_panns_p7fs97_5/data/PhysioNet2022/training_data/50104_TV.wav,1.0,0.21601444
/tmp/backbone_swap_panns_p7fs97_5/data/PhysioNet2022/training_data/50115_AV.wav,1.0,0.19314937
/tmp/backbone_swap_panns_p7fs97_5/data/PhysioNet2022/training_data/50115_MV.wav,1.0,0.15470432
/tmp/backbone_swap_panns_p7fs97_5/data/PhysioNet2022/training_data/50115_PV_1.wav,1.0,0.21764697
/tmp/backbone_swap_panns_p7fs97_5/data/PhysioNet2022/training_data/50115_PV_2.wav,1.0,0.21764663
/tmp/backbone_swap_panns_p7fs97_5/data/PhysioNet2022/training_data/50115_TV_1.wav,1.0,0.2511538
/tmp/backbone_swap_panns_p7fs97_5/data/PhysioNet2022/training_data/50115_TV_2.wav,1.0,0.28951147
/tmp/backbone_swap_panns_p7fs97_5/data/PhysioNet2022/training_data/50116_AV.wav,1.0,0.6461589
/tmp/backbone_swap_panns_p7fs97_5/data/PhysioNet2022/training_data/50116_MV.wav,1.0,0.30778003
/tmp/backbone_swap_panns_p7fs97_5/data/PhysioNet2022/training_data/50116_PV.wav,1.0,0.7158617
/tmp/backbone_swap_panns_p7fs97_5/data/PhysioNet2022/training_data/50116_TV.wav,1.0,0.37690666
/tmp/backbone_swap_panns_p7fs97_5/data/PhysioNet2022/training_data/50117_MV.wav,1.0,0.48696405
/tmp/backbone_swap_panns_p7fs97_5/data/PhysioNet2022/training_data/50117_PV.wav,1.0,0.12674597
/tmp/backbone_swap_panns_p7fs97_5/data/PhysioNet2022/training_data/50117_TV.wav,1.0,0.45103255
/tmp/backbone_swap_panns_p7fs97_5/data/PhysioNet2022/training_data/50121_PV.wav,1.0,0.48452967
/tmp/backbone_swap_panns_p7fs97_5/data/PhysioNet2022/training_data/50121_TV.wav,1.0,0.3547277
/tmp/backbone_swap_panns_p7fs97_5/data/PhysioNet2022/training_data/50123_MV.wav,1.0,0.199122
/tmp/backbone_swap_panns_p7fs97_5/data/PhysioNet2022/training_data/50126_AV.wav,1.0,0.2110531
/tmp/backbone_swap_panns_p7fs97_5/data/PhysioNet2022/training_data/50126_MV.wav,1.0,0.08857841
/tmp/backbone_swap_panns_p7fs97_5/data/PhysioNet2022/training_data/50126_PV.wav,1.0,0.21155839
/tmp/backbone_swap_panns_p7fs97_5/data/PhysioNet2022/training_data/50126_TV.wav,1.0,0.35147026
/tmp/backbone_swap_panns_p7fs97_5/data/PhysioNet2022/training_data/50128_AV.wav,1.0,0.115729645
/tmp/backbone_swap_panns_p7fs97_5/data/PhysioNet2022/training_data/50128_MV.wav,1.0,0.32784587
/tmp/backbone_swap_panns_p7fs97_5/data/PhysioNet2022/training_data/50128_PV.wav,1.0,0.4769857
/tmp/backbone_swap_panns_p7fs97_5/data/PhysioNet2022/training_data/50128_TV.wav,1.0,0.57776135
/tmp/backbone_swap_panns_p7fs97_5/data/PhysioNet2022/training_data/50133_MV.wav,1.0,0.09134256
/tmp/backbone_swap_panns_p7fs97_5/data/PhysioNet2022/training_data/50136_AV.wav,1.0,0.13708642
/tmp/backbone_swap_panns_p7fs97_5/data/PhysioNet2022/training_data/50136_MV.wav,1.0,0.23891795
/tmp/backbone_swap_panns_p7fs97_5/data/PhysioNet2022/training_data/50137_MV.wav,1.0,0.38254493
/tmp/backbone_swap_panns_p7fs97_5/data/PhysioNet2022/training_data/50137_PV.wav,1.0,0.3762055
/tmp/backbone_swap_panns_p7fs97_5/data/PhysioNet2022/training_data/50137_TV.wav,1.0,0.27390164
/tmp/backbone_swap_panns_p7fs97_5/data/PhysioNet2022/training_data/50138_AV.wav,1.0,0.21434136
/tmp/backbone_swap_panns_p7fs97_5/data/PhysioNet2022/training_data/50138_MV.wav,1.0,0.4342124
/tmp/backbone_swap_panns_p7fs97_5/data/PhysioNet2022/training_data/50141_AV.wav,1.0,0.20658669
/tmp/backbone_swap_panns_p7fs97_5/data/PhysioNet2022/training_data/50142_AV.wav,1.0,0.30437136
/tmp/backbone_swap_panns_p7fs97_5/data/PhysioNet2022/training_data/50142_MV.wav,1.0,0.18283331
/tmp/backbone_swap_panns_p7fs97_5/data/PhysioNet2022/training_data/50145_MV.wav,1.0,0.346621
/tmp/backbone_swap_panns_p7fs97_5/data/PhysioNet2022/training_data/50149_MV.wav,1.0,0.13556892
/tmp/backbone_swap_panns_p7fs97_5/data/PhysioNet2022/training_data/50149_PV.wav,1.0,0.21262453
/tmp/backbone_swap_panns_p7fs97_5/data/PhysioNet2022/training_data/50150_AV.wav,1.0,0.14161524
/tmp/backbone_swap_panns_p7fs97_5/data/PhysioNet2022/training_data/50150_MV.wav,1.0,0.2751226
/tmp/backbone_swap_panns_p7fs97_5/data/PhysioNet2022/training_data/50150_PV.wav,1.0,0.6866525
/tmp/backbone_swap_panns_p7fs97_5/data/PhysioNet2022/training_data/50150_TV.wav,1.0,0.17484966
/tmp/backbone_swap_panns_p7fs97_5/data/PhysioNet2022/training_data/50153_AV.wav,1.0,0.33857885
/tmp/backbone_swap_panns_p7fs97_5/data/PhysioNet2022/training_data/50153_MV.wav,1.0,0.5787458
/tmp/backbone_swap_panns_p7fs97_5/data/PhysioNet2022/training_data/50159_MV.wav,1.0,0.1879211
/tmp/backbone_swap_panns_p7fs97_5/data/PhysioNet2022/training_data/50159_PV.wav,1.0,0.11454364
/tmp/backbone_swap_panns_p7fs97_5/data/PhysioNet2022/training_data/50159_TV.wav,1.0,0.39876914
/tmp/backbone_swap_panns_p7fs97_5/data/PhysioNet2022/training_data/50164_MV.wav,1.0,0.15966898
/tmp/backbone_swap_panns_p7fs97_5/data/PhysioNet2022/training_data/50164_PV.wav,1.0,0.35243773
/tmp/backbone_swap_panns_p7fs97_5/data/PhysioNet2022/training_data/50164_TV.wav,1.0,0.20260212
/tmp/backbone_swap_panns_p7fs97_5/data/PhysioNet2022/training_data/50165_AV.wav,1.0,0.11034971
/tmp/backbone_swap_panns_p7fs97_5/data/PhysioNet2022/training_data/50165_MV.wav,1.0,0.54116917
/tmp/backbone_swap_panns_p7fs97_5/data/PhysioNet2022/training_data/50165_PV.wav,1.0,0.24338815
/tmp/backbone_swap_panns_p7fs97_5/data/PhysioNet2022/training_data/50166_MV.wav,1.0,0.23277837
/tmp/backbone_swap_panns_p7fs97_5/data/PhysioNet2022/training_data/50213_AV.wav,1.0,0.09632469
/tmp/backbone_swap_panns_p7fs97_5/data/PhysioNet2022/training_data/50213_MV.wav,1.0,0.2248476
/tmp/backbone_swap_panns_p7fs97_5/data/PhysioNet2022/training_data/50213_PV.wav,1.0,0.1790811
/tmp/backbone_swap_panns_p7fs97_5/data/PhysioNet2022/training_data/50213_TV.wav,1.0,0.5415404
/tmp/backbone_swap_panns_p7fs97_5/data/PhysioNet2022/training_data/50241_MV.wav,1.0,0.1969254
/tmp/backbone_swap_panns_p7fs97_5/data/PhysioNet2022/training_data/50244_AV.wav,1.0,0.7363414
/tmp/backbone_swap_panns_p7fs97_5/data/PhysioNet2022/training_data/50244_MV.wav,1.0,0.48459345
/tmp/backbone_swap_panns_p7fs97_5/data/PhysioNet2022/training_data/50244_PV.wav,1.0,0.1629932
/tmp/backbone_swap_panns_p7fs97_5/data/PhysioNet2022/training_data/50244_TV.wav,1.0,0.18676971
/tmp/backbone_swap_panns_p7fs97_5/data/PhysioNet2022/training_data/50247_AV.wav,1.0,0.16821599
/tmp/backbone_swap_panns_p7fs97_5/data/PhysioNet2022/training_data/50247_MV.wav,1.0,0.35955128
/tmp/backbone_swap_panns_p7fs97_5/data/PhysioNet2022/training_data/50247_PV.wav,1.0,0.2109998
/tmp/backbone_swap_panns_p7fs97_5/data/PhysioNet2022/training_data/50248_TV.wav,1.0,0.11631946
/tmp/backbone_swap_panns_p7fs97_5/data/PhysioNet2022/training_data/50250_AV.wav,1.0,0.34994358
/tmp/backbone_swap_panns_p7fs97_5/data/PhysioNet2022/training_data/50250_MV.wav,1.0,0.7562637
/tmp/backbone_swap_panns_p7fs97_5/data/PhysioNet2022/training_data/50250_PV.wav,1.0,0.13466464
/tmp/backbone_swap_panns_p7fs97_5/data/PhysioNet2022/training_data/50250_TV_1.wav,1.0,0.04230985
/tmp/backbone_swap_panns_p7fs97_5/data/PhysioNet2022/training_data/50250_TV_2.wav,1.0,0.35451663
/tmp/backbone_swap_panns_p7fs97_5/data/PhysioNet2022/training_data/50251_AV.wav,1.0,0.22102913
/tmp/backbone_swap_panns_p7fs97_5/data/PhysioNet2022/training_data/50251_MV.wav,1.0,0.31058756
/tmp/backbone_swap_panns_p7fs97_5/data/PhysioNet2022/training_data/50256_AV.wav,1.0,0.16546728
/tmp/backbone_swap_panns_p7fs97_5/data/PhysioNet2022/training_data/50256_MV.wav,1.0,0.28849322
/tmp/backbone_swap_panns_p7fs97_5/data/PhysioNet2022/training_data/50256_PV.wav,1.0,0.54922795
/tmp/backbone_swap_panns_p7fs97_5/data/PhysioNet2022/training_data/50256_TV.wav,1.0,0.24514945
/tmp/backbone_swap_panns_p7fs97_5/data/PhysioNet2022/training_data/50264_AV.wav,1.0,0.21848997
/tmp/backbone_swap_panns_p7fs97_5/data/PhysioNet2022/training_data/50264_MV.wav,1.0,0.09697074
/tmp/backbone_swap_panns_p7fs97_5/data/PhysioNet2022/training_data/50272_AV.wav,1.0,0.07362191
/tmp/backbone_swap_panns_p7fs97_5/data/PhysioNet2022/training_data/50272_MV.wav,1.0,0.1872833
/tmp/backbone_swap_panns_p7fs97_5/data/PhysioNet2022/training_data/50272_PV.wav,1.0,0.10612787
/tmp/backbone_swap_panns_p7fs97_5/data/PhysioNet2022/training_data/50272_TV.wav,1.0,0.6112572
/tmp/backbone_swap_panns_p7fs97_5/data/PhysioNet2022/training_data/50273_AV.wav,1.0,0.2514776
/tmp/backbone_swap_panns_p7fs97_5/data/PhysioNet2022/training_data/50273_MV.wav,1.0,0.15726933
/tmp/backbone_swap_panns_p7fs97_5/data/PhysioNet2022/training_data/50273_PV.wav,1.0,0.20201963
/tmp/backbone_swap_panns_p7fs97_5/data/PhysioNet2022/training_data/50273_TV.wav,1.0,0.22074202
/tmp/backbone_swap_panns_p7fs97_5/data/PhysioNet2022/training_data/50275_AV.wav,1.0,0.26858354
/tmp/backbone_swap_panns_p7fs97_5/data/PhysioNet2022/training_data/50275_MV.wav,1.0,0.38738304
/tmp/backbone_swap_panns_p7fs97_5/data/PhysioNet2022/training_data/50275_PV.wav,1.0,0.24271263
/tmp/backbone_swap_panns_p7fs97_5/data/PhysioNet2022/training_data/50275_TV.wav,1.0,0.24170455
/tmp/backbone_swap_panns_p7fs97_5/data/PhysioNet2022/training_data/50285_MV.wav,1.0,0.43758255
/tmp/backbone_swap_panns_p7fs97_5/data/PhysioNet2022/training_data/50295_AV.wav,1.0,0.34207574
/tmp/backbone_swap_panns_p7fs97_5/data/PhysioNet2022/training_data/50295_MV.wav,1.0,0.22607756
/tmp/backbone_swap_panns_p7fs97_5/data/PhysioNet2022/training_data/50295_PV.wav,1.0,0.3047903
/tmp/backbone_swap_panns_p7fs97_5/data/PhysioNet2022/training_data/50295_TV.wav,1.0,0.33196145
/tmp/backbone_swap_panns_p7fs97_5/data/PhysioNet2022/training_data/50296_AV.wav,1.0,0.26971343
/tmp/backbone_swap_panns_p7fs97_5/data/PhysioNet2022/training_data/50296_MV.wav,1.0,0.25165918
/tmp/backbone_swap_panns_p7fs97_5/data/PhysioNet2022/training_data/50296_PV.wav,1.0,0.5011527
/tmp/backbone_swap_panns_p7fs97_5/data/PhysioNet2022/training_data/50296_TV.wav,1.0,0.19463895
/tmp/backbone_swap_panns_p7fs97_5/data/PhysioNet2022/training_data/50304_PV.wav,1.0,0.21209371
/tmp/backbone_swap_panns_p7fs97_5/data/PhysioNet2022/training_data/50306_AV.wav,1.0,0.4302837
/tmp/backbone_swap_panns_p7fs97_5/data/PhysioNet2022/training_data/50306_MV.wav,1.0,0.25574565
/tmp/backbone_swap_panns_p7fs97_5/data/PhysioNet2022/training_data/50306_PV.wav,1.0,0.2279406
/tmp/backbone_swap_panns_p7fs97_5/data/PhysioNet2022/training_data/50306_TV.wav,1.0,0.085774675
/tmp/backbone_swap_panns_p7fs97_5/data/PhysioNet2022/training_data/50311_MV.wav,1.0,0.5178134
/tmp/backbone_swap_panns_p7fs97_5/data/PhysioNet2022/training_data/50311_PV.wav,1.0,0.21464556
/tmp/backbone_swap_panns_p7fs97_5/data/PhysioNet2022/training_data/50311_TV.wav,1.0,0.31573865
/tmp/backbone_swap_panns_p7fs97_5/data/PhysioNet2022/training_data/50319_AV.wav,1.0,0.39767525
/tmp/backbone_swap_panns_p7fs97_5/data/PhysioNet2022/training_data/50319_MV.wav,1.0,0.26095086
/tmp/backbone_swap_panns_p7fs97_5/data/PhysioNet2022/training_data/50319_PV.wav,1.0,0.25223288
/tmp/backbone_swap_panns_p7fs97_5/data/PhysioNet2022/training_data/50319_TV.wav,1.0,0.29740274
/tmp/backbone_swap_panns_p7fs97_5/data/PhysioNet2022/training_data/50321_AV_1.wav,1.0,0.22595076
/tmp/backbone_swap_panns_p7fs97_5/data/PhysioNet2022/training_data/50321_AV_2.wav,1.0,0.12911846
/tmp/backbone_swap_panns_p7fs97_5/data/PhysioNet2022/training_data/50321_MV_1.wav,1.0,0.39176637
/tmp/backbone_swap_panns_p7fs97_5/data/PhysioNet2022/training_data/50321_MV_2.wav,1.0,0.09617805
/tmp/backbone_swap_panns_p7fs97_5/data/PhysioNet2022/training_data/50327_AV.wav,1.0,0.40543762
/tmp/backbone_swap_panns_p7fs97_5/data/PhysioNet2022/training_data/50327_MV.wav,1.0,0.43690902
/tmp/backbone_swap_panns_p7fs97_5/data/PhysioNet2022/training_data/50327_PV.wav,1.0,0.5745188
/tmp/backbone_swap_panns_p7fs97_5/data/PhysioNet2022/training_data/50327_TV.wav,1.0,0.080730245
/tmp/backbone_swap_panns_p7fs97_5/data/PhysioNet2022/training_data/50332_AV.wav,1.0,0.12793304
/tmp/backbone_swap_panns_p7fs97_5/data/PhysioNet2022/training_data/50332_MV.wav,1.0,0.09473441
/tmp/backbone_swap_panns_p7fs97_5/data/PhysioNet2022/training_data/50334_AV.wav,1.0,0.15802394
/tmp/backbone_swap_panns_p7fs97_5/data/PhysioNet2022/training_data/50334_MV.wav,1.0,0.07342285
/tmp/backbone_swap_panns_p7fs97_5/data/PhysioNet2022/training_data/50334_PV.wav,1.0,0.17547064
/tmp/backbone_swap_panns_p7fs97_5/data/PhysioNet2022/training_data/50334_TV.wav,1.0,0.2597031
/tmp/backbone_swap_panns_p7fs97_5/data/PhysioNet2022/training_data/50341_AV.wav,1.0,0.14381942
/tmp/backbone_swap_panns_p7fs97_5/data/PhysioNet2022/training_data/50341_MV.wav,1.0,0.14191812
/tmp/backbone_swap_panns_p7fs97_5/data/PhysioNet2022/training_data/50342_AV.wav,1.0,0.1865019
/tmp/backbone_swap_panns_p7fs97_5/data/PhysioNet2022/training_data/50342_MV.wav,1.0,0.048080716
/tmp/backbone_swap_panns_p7fs97_5/data/PhysioNet2022/training_data/50350_AV.wav,1.0,0.21980868
/tmp/backbone_swap_panns_p7fs97_5/data/PhysioNet2022/training_data/50350_MV.wav,1.0,0.13821304
/tmp/backbone_swap_panns_p7fs97_5/data/PhysioNet2022/training_data/50350_PV.wav,1.0,0.13402583
/tmp/backbone_swap_panns_p7fs97_5/data/PhysioNet2022/training_data/50350_TV.wav,1.0,0.12762791
/tmp/backbone_swap_panns_p7fs97_5/data/PhysioNet2022/training_data/50352_AV.wav,1.0,0.34239194
/tmp/backbone_swap_panns_p7fs97_5/data/PhysioNet2022/training_data/50352_PV.wav,1.0,0.10408917
/tmp/backbone_swap_panns_p7fs97_5/data/PhysioNet2022/training_data/50352_TV.wav,1.0,0.24128881
/tmp/backbone_swap_panns_p7fs97_5/data/PhysioNet2022/training_data/50354_AV.wav,1.0,0.28351113
/tmp/backbone_swap_panns_p7fs97_5/data/PhysioNet2022/training_data/50354_MV.wav,1.0,0.17934188
/tmp/backbone_swap_panns_p7fs97_5/data/PhysioNet2022/training_data/50354_PV.wav,1.0,0.89445883
/tmp/backbone_swap_panns_p7fs97_5/data/PhysioNet2022/training_data/50354_TV.wav,1.0,0.20431702
/tmp/backbone_swap_panns_p7fs97_5/data/PhysioNet2022/training_data/50375_AV.wav,1.0,0.69933516
/tmp/backbone_swap_panns_p7fs97_5/data/PhysioNet2022/training_data/50375_MV.wav,1.0,0.23733313
/tmp/backbone_swap_panns_p7fs97_5/data/PhysioNet2022/training_data/50384_AV.wav,1.0,0.33601597
/tmp/backbone_swap_panns_p7fs97_5/data/PhysioNet2022/training_data/50384_MV.wav,1.0,0.052319683
/tmp/backbone_swap_panns_p7fs97_5/data/PhysioNet2022/training_data/50384_PV.wav,1.0,0.1869671
/tmp/backbone_swap_panns_p7fs97_5/data/PhysioNet2022/training_data/50384_TV.wav,1.0,0.16695468
/tmp/backbone_swap_panns_p7fs97_5/data/PhysioNet2022/training_data/50628_AV.wav,1.0,0.18956694
/tmp/backbone_swap_panns_p7fs97_5/data/PhysioNet2022/training_data/50628_MV.wav,1.0,0.35580537
/tmp/backbone_swap_panns_p7fs97_5/data/PhysioNet2022/training_data/50635_AV.wav,1.0,0.2952529
/tmp/backbone_swap_panns_p7fs97_5/data/PhysioNet2022/training_data/50635_MV.wav,1.0,0.3827434
/tmp/backbone_swap_panns_p7fs97_5/data/PhysioNet2022/training_data/50635_PV.wav,1.0,0.107122764
/tmp/backbone_swap_panns_p7fs97_5/data/PhysioNet2022/training_data/50635_TV.wav,1.0,0.090439215
/tmp/backbone_swap_panns_p7fs97_5/data/PhysioNet2022/training_data/50658_AV.wav,1.0,0.26668975
/tmp/backbone_swap_panns_p7fs97_5/data/PhysioNet2022/training_data/50658_MV.wav,1.0,0.18177928
/tmp/backbone_swap_panns_p7fs97_5/data/PhysioNet2022/training_data/50658_PV.wav,1.0,0.19322541
/tmp/backbone_swap_panns_p7fs97_5/data/PhysioNet2022/training_data/50658_TV.wav,1.0,0.11035069
/tmp/backbone_swap_panns_p7fs97_5/data/PhysioNet2022/training_data/50661_AV.wav,1.0,0.14765315
/tmp/backbone_swap_panns_p7fs97_5/data/PhysioNet2022/training_data/50661_MV.wav,1.0,0.22147523
/tmp/backbone_swap_panns_p7fs97_5/data/PhysioNet2022/training_data/50665_PV.wav,1.0,0.1617635
/tmp/backbone_swap_panns_p7fs97_5/data/PhysioNet2022/training_data/50665_TV.wav,1.0,0.2773004
/tmp/backbone_swap_panns_p7fs97_5/data/PhysioNet2022/training_data/50673_AV.wav,1.0,0.290748
/tmp/backbone_swap_panns_p7fs97_5/data/PhysioNet2022/training_data/50673_MV.wav,1.0,0.487301
/tmp/backbone_swap_panns_p7fs97_5/data/PhysioNet2022/training_data/50673_PV.wav,1.0,0.12594178
/tmp/backbone_swap_panns_p7fs97_5/data/PhysioNet2022/training_data/50673_TV.wav,1.0,0.30481952
/tmp/backbone_swap_panns_p7fs97_5/data/PhysioNet2022/training_data/50687_AV.wav,1.0,0.15547879
/tmp/backbone_swap_panns_p7fs97_5/data/PhysioNet2022/training_data/50687_MV.wav,1.0,0.16004004
/tmp/backbone_swap_panns_p7fs97_5/data/PhysioNet2022/training_data/50687_PV.wav,1.0,0.21885754
/tmp/backbone_swap_panns_p7fs97_5/data/PhysioNet2022/training_data/50687_TV.wav,1.0,0.2539285
/tmp/backbone_swap_panns_p7fs97_5/data/PhysioNet2022/training_data/50688_AV.wav,1.0,0.2705669
/tmp/backbone_swap_panns_p7fs97_5/data/PhysioNet2022/training_data/50688_MV.wav,1.0,0.17163014
/tmp/backbone_swap_panns_p7fs97_5/data/PhysioNet2022/training_data/50688_PV.wav,1.0,0.33898807
/tmp/backbone_swap_panns_p7fs97_5/data/PhysioNet2022/training_data/50688_TV.wav,1.0,0.15469874
/tmp/backbone_swap_panns_p7fs97_5/data/PhysioNet2022/training_data/50690_AV.wav,1.0,0.16880794
/tmp/backbone_swap_panns_p7fs97_5/data/PhysioNet2022/training_data/50690_MV_1.wav,1.0,0.3026371
/tmp/backbone_swap_panns_p7fs97_5/data/PhysioNet2022/training_data/50690_MV_2.wav,1.0,0.23760913
/tmp/backbone_swap_panns_p7fs97_5/data/PhysioNet2022/training_data/50690_PV.wav,1.0,0.31284776
/tmp/backbone_swap_panns_p7fs97_5/data/PhysioNet2022/training_data/50690_TV.wav,1.0,0.18427691
/tmp/backbone_swap_panns_p7fs97_5/data/PhysioNet2022/training_data/50693_AV.wav,1.0,0.12758054
/tmp/backbone_swap_panns_p7fs97_5/data/PhysioNet2022/training_data/50693_MV.wav,1.0,0.20800789
/tmp/backbone_swap_panns_p7fs97_5/data/PhysioNet2022/training_data/50693_PV.wav,1.0,0.5356786
/tmp/backbone_swap_panns_p7fs97_5/data/PhysioNet2022/training_data/50693_TV.wav,1.0,0.4239632
/tmp/backbone_swap_panns_p7fs97_5/data/PhysioNet2022/training_data/50699_AV.wav,1.0,0.3910762
/tmp/backbone_swap_panns_p7fs97_5/data/PhysioNet2022/training_data/50699_MV.wav,1.0,0.094216555
/tmp/backbone_swap_panns_p7fs97_5/data/PhysioNet2022/training_data/50699_PV.wav,1.0,0.2703546
/tmp/backbone_swap_panns_p7fs97_5/data/PhysioNet2022/training_data/50699_TV.wav,1.0,0.18469729
/tmp/backbone_swap_panns_p7fs97_5/data/PhysioNet2022/training_data/50722_MV.wav,1.0,0.12125151
/tmp/backbone_swap_panns_p7fs97_5/data/PhysioNet2022/training_data/50722_PV.wav,1.0,0.30085754
/tmp/backbone_swap_panns_p7fs97_5/data/PhysioNet2022/training_data/50722_TV.wav,1.0,0.17163631
/tmp/backbone_swap_panns_p7fs97_5/data/PhysioNet2022/training_data/50727_AV.wav,1.0,0.31082663
/tmp/backbone_swap_panns_p7fs97_5/data/PhysioNet2022/training_data/50727_MV.wav,1.0,0.48558426
/tmp/backbone_swap_panns_p7fs97_5/data/PhysioNet2022/training_data/50729_AV.wav,1.0,0.1437611
/tmp/backbone_swap_panns_p7fs97_5/data/PhysioNet2022/training_data/50729_MV.wav,1.0,0.5351561
/tmp/backbone_swap_panns_p7fs97_5/data/PhysioNet2022/training_data/50731_MV.wav,1.0,0.38895506
/tmp/backbone_swap_panns_p7fs97_5/data/PhysioNet2022/training_data/50731_PV.wav,1.0,0.19837257
/tmp/backbone_swap_panns_p7fs97_5/data/PhysioNet2022/training_data/50731_TV.wav,1.0,0.10117366
/tmp/backbone_swap_panns_p7fs97_5/data/PhysioNet2022/training_data/50732_AV.wav,1.0,0.1029967
/tmp/backbone_swap_panns_p7fs97_5/data/PhysioNet2022/training_data/50732_MV.wav,1.0,0.20876856
/tmp/backbone_swap_panns_p7fs97_5/data/PhysioNet2022/training_data/50732_PV.wav,1.0,0.21095948
/tmp/backbone_swap_panns_p7fs97_5/data/PhysioNet2022/training_data/50732_TV.wav,1.0,0.11999541
/tmp/backbone_swap_panns_p7fs97_5/data/PhysioNet2022/training_data/50734_AV.wav,1.0,0.13758329
/tmp/backbone_swap_panns_p7fs97_5/data/PhysioNet2022/training_data/50734_MV.wav,1.0,0.286556
/tmp/backbone_swap_panns_p7fs97_5/data/PhysioNet2022/training_data/50734_PV.wav,1.0,0.2746379
/tmp/backbone_swap_panns_p7fs97_5/data/PhysioNet2022/training_data/50734_Phc.wav,1.0,0.3509812
/tmp/backbone_swap_panns_p7fs97_5/data/PhysioNet2022/training_data/50734_TV.wav,1.0,0.1569715
/tmp/backbone_swap_panns_p7fs97_5/data/PhysioNet2022/training_data/50737_MV.wav,1.0,0.22202954
/tmp/backbone_swap_panns_p7fs97_5/data/PhysioNet2022/training_data/50737_PV.wav,1.0,0.46729782
/tmp/backbone_swap_panns_p7fs97_5/data/PhysioNet2022/training_data/50737_TV.wav,1.0,0.21499673
/tmp/backbone_swap_panns_p7fs97_5/data/PhysioNet2022/training_data/50738_AV.wav,1.0,0.14518598
/tmp/backbone_swap_panns_p7fs97_5/data/PhysioNet2022/training_data/50738_MV.wav,1.0,0.3387675
/tmp/backbone_swap_panns_p7fs97_5/data/PhysioNet2022/training_data/50738_PV.wav,1.0,0.35002476
/tmp/backbone_swap_panns_p7fs97_5/data/PhysioNet2022/training_data/50738_TV.wav,1.0,0.36074516
/tmp/backbone_swap_panns_p7fs97_5/data/PhysioNet2022/training_data/50743_AV_1.wav,1.0,0.17739004
/tmp/backbone_swap_panns_p7fs97_5/data/PhysioNet2022/training_data/50743_AV_2.wav,1.0,0.23382856
/tmp/backbone_swap_panns_p7fs97_5/data/PhysioNet2022/training_data/50743_AV_3.wav,1.0,0.17476764
/tmp/backbone_swap_panns_p7fs97_5/data/PhysioNet2022/training_data/50743_MV.wav,1.0,0.18346848
/tmp/backbone_swap_panns_p7fs97_5/data/PhysioNet2022/training_data/50747_AV.wav,1.0,0.048423946
/tmp/backbone_swap_panns_p7fs97_5/data/PhysioNet2022/training_data/50747_MV.wav,1.0,0.25349966
/tmp/backbone_swap_panns_p7fs97_5/data/PhysioNet2022/training_data/50747_PV.wav,1.0,0.15016972
/tmp/backbone_swap_panns_p7fs97_5/data/PhysioNet2022/training_data/50747_TV.wav,1.0,0.11781459
/tmp/backbone_swap_panns_p7fs97_5/data/PhysioNet2022/training_data/50748_AV.wav,1.0,0.13281131
/tmp/backbone_swap_panns_p7fs97_5/data/PhysioNet2022/training_data/50748_MV.wav,1.0,0.32474634
/tmp/backbone_swap_panns_p7fs97_5/data/PhysioNet2022/training_data/50749_AV.wav,1.0,0.2855517
/tmp/backbone_swap_panns_p7fs97_5/data/PhysioNet2022/training_data/50749_MV.wav,1.0,0.35049853
/tmp/backbone_swap_panns_p7fs97_5/data/PhysioNet2022/training_data/50749_PV.wav,1.0,0.4772361
/tmp/backbone_swap_panns_p7fs97_5/data/PhysioNet2022/training_data/50749_TV.wav,1.0,0.20238207
/tmp/backbone_swap_panns_p7fs97_5/data/PhysioNet2022/training_data/50756_AV.wav,1.0,0.23887825
/tmp/backbone_swap_panns_p7fs97_5/data/PhysioNet2022/training_data/50756_MV.wav,1.0,0.1089039
/tmp/backbone_swap_panns_p7fs97_5/data/PhysioNet2022/training_data/50756_PV.wav,1.0,0.25960717
/tmp/backbone_swap_panns_p7fs97_5/data/PhysioNet2022/training_data/50756_TV.wav,1.0,0.15794905
/tmp/backbone_swap_panns_p7fs97_5/data/PhysioNet2022/training_data/50757_AV.wav,1.0,0.46044135
/tmp/backbone_swap_panns_p7fs97_5/data/PhysioNet2022/training_data/50757_MV.wav,1.0,0.14214063
/tmp/backbone_swap_panns_p7fs97_5/data/PhysioNet2022/training_data/50757_PV.wav,1.0,0.28249985
/tmp/backbone_swap_panns_p7fs97_5/data/PhysioNet2022/training_data/50757_TV.wav,1.0,0.14000373
/tmp/backbone_swap_panns_p7fs97_5/data/PhysioNet2022/training_data/50772_AV.wav,1.0,0.30516538
/tmp/backbone_swap_panns_p7fs97_5/data/PhysioNet2022/training_data/50772_MV.wav,1.0,0.14203694
/tmp/backbone_swap_panns_p7fs97_5/data/PhysioNet2022/training_data/50772_PV.wav,1.0,0.1018318
/tmp/backbone_swap_panns_p7fs97_5/data/PhysioNet2022/training_data/50782_AV_1.wav,1.0,0.3224121
/tmp/backbone_swap_panns_p7fs97_5/data/PhysioNet2022/training_data/50782_AV_2.wav,1.0,0.11995399
/tmp/backbone_swap_panns_p7fs97_5/data/PhysioNet2022/training_data/50782_MV_1.wav,1.0,0.36471158
/tmp/backbone_swap_panns_p7fs97_5/data/PhysioNet2022/training_data/50782_MV_2.wav,1.0,0.32454413
/tmp/backbone_swap_panns_p7fs97_5/data/PhysioNet2022/training_data/50782_PV.wav,1.0,0.16314985
/tmp/backbone_swap_panns_p7fs97_5/data/PhysioNet2022/training_data/50782_TV.wav,1.0,0.26163593
/tmp/backbone_swap_panns_p7fs97_5/data/PhysioNet2022/training_data/50787_MV.wav,1.0,0.21895373
/tmp/backbone_swap_panns_p7fs97_5/data/PhysioNet2022/training_data/50790_AV.wav,1.0,0.099853106
/tmp/backbone_swap_panns_p7fs97_5/data/PhysioNet2022/training_data/50790_MV.wav,1.0,0.28165883
/tmp/backbone_swap_panns_p7fs97_5/data/PhysioNet2022/training_data/50795_AV.wav,1.0,0.28625628
/tmp/backbone_swap_panns_p7fs97_5/data/PhysioNet2022/training_data/50795_MV.wav,1.0,0.14530069
/tmp/backbone_swap_panns_p7fs97_5/data/PhysioNet2022/training_data/50796_MV.wav,1.0,0.068478234
/tmp/backbone_swap_panns_p7fs97_5/data/PhysioNet2022/training_data/50796_PV.wav,1.0,0.37797517
/tmp/backbone_swap_panns_p7fs97_5/data/PhysioNet2022/training_data/50796_TV.wav,1.0,0.26824313
/tmp/backbone_swap_panns_p7fs97_5/data/PhysioNet2022/training_data/50798_AV.wav,1.0,0.11538989
/tmp/backbone_swap_panns_p7fs97_5/data/PhysioNet2022/training_data/50798_MV.wav,1.0,0.22018585
/tmp/backbone_swap_panns_p7fs97_5/data/PhysioNet2022/training_data/50798_PV.wav,1.0,0.17013669
/tmp/backbone_swap_panns_p7fs97_5/data/PhysioNet2022/training_data/50798_TV.wav,1.0,0.20216116
/tmp/backbone_swap_panns_p7fs97_5/data/PhysioNet2022/training_data/50800_AV.wav,1.0,0.11780921
/tmp/backbone_swap_panns_p7fs97_5/data/PhysioNet2022/training_data/50800_MV.wav,1.0,0.696678
/tmp/backbone_swap_panns_p7fs97_5/data/PhysioNet2022/training_data/50800_PV.wav,1.0,0.17356673
/tmp/backbone_swap_panns_p7fs97_5/data/PhysioNet2022/training_data/50800_TV.wav,1.0,0.16657877
/tmp/backbone_swap_panns_p7fs97_5/data/PhysioNet2022/training_data/50819_AV.wav,1.0,0.11923815
/tmp/backbone_swap_panns_p7fs97_5/data/PhysioNet2022/training_data/50819_MV.wav,1.0,0.45626444
/tmp/backbone_swap_panns_p7fs97_5/data/PhysioNet2022/training_data/50819_PV.wav,1.0,0.19162431
/tmp/backbone_swap_panns_p7fs97_5/data/PhysioNet2022/training_data/50819_TV.wav,1.0,0.24013276
/tmp/backbone_swap_panns_p7fs97_5/data/PhysioNet2022/training_data/50822_AV.wav,1.0,0.21480183
/tmp/backbone_swap_panns_p7fs97_5/data/PhysioNet2022/training_data/50822_MV.wav,1.0,0.093217574
/tmp/backbone_swap_panns_p7fs97_5/data/PhysioNet2022/training_data/50822_PV.wav,1.0,0.25756553
/tmp/backbone_swap_panns_p7fs97_5/data/PhysioNet2022/training_data/50822_TV.wav,1.0,0.24215598
/tmp/backbone_swap_panns_p7fs97_5/data/PhysioNet2022/training_data/50829_AV.wav,1.0,0.23157679
/tmp/backbone_swap_panns_p7fs97_5/data/PhysioNet2022/training_data/50829_MV.wav,1.0,0.06696129
/tmp/backbone_swap_panns_p7fs97_5/data/PhysioNet2022/training_data/50829_PV.wav,1.0,0.14934425
/tmp/backbone_swap_panns_p7fs97_5/data/PhysioNet2022/training_data/57706_AV.wav,1.0,0.57247186
/tmp/backbone_swap_panns_p7fs97_5/data/PhysioNet2022/training_data/57706_MV.wav,1.0,0.18958448
/tmp/backbone_swap_panns_p7fs97_5/data/PhysioNet2022/training_data/57706_PV.wav,1.0,0.11274179
/tmp/backbone_swap_panns_p7fs97_5/data/PhysioNet2022/training_data/57706_TV.wav,1.0,0.36687133
/tmp/backbone_swap_panns_p7fs97_5/data/PhysioNet2022/training_data/68175_AV.wav,1.0,0.29205465
/tmp/backbone_swap_panns_p7fs97_5/data/PhysioNet2022/training_data/68175_MV.wav,1.0,0.19349313
/tmp/backbone_swap_panns_p7fs97_5/data/PhysioNet2022/training_data/68175_PV.wav,1.0,0.19061232
/tmp/backbone_swap_panns_p7fs97_5/data/PhysioNet2022/training_data/68175_TV.wav,1.0,0.14032663
/tmp/backbone_swap_panns_p7fs97_5/data/PhysioNet2022/training_data/68186_AV.wav,1.0,0.31223792
/tmp/backbone_swap_panns_p7fs97_5/data/PhysioNet2022/training_data/68186_MV.wav,1.0,0.15483056
/tmp/backbone_swap_panns_p7fs97_5/data/PhysioNet2022/training_data/68186_PV.wav,1.0,0.32800618
/tmp/backbone_swap_panns_p7fs97_5/data/PhysioNet2022/training_data/68186_TV.wav,1.0,0.52072155
/tmp/backbone_swap_panns_p7fs97_5/data/PhysioNet2022/training_data/68204_AV.wav,1.0,0.2898465
/tmp/backbone_swap_panns_p7fs97_5/data/PhysioNet2022/training_data/68204_MV.wav,1.0,0.18125297
/tmp/backbone_swap_panns_p7fs97_5/data/PhysioNet2022/training_data/68204_PV.wav,1.0,0.14536387
/tmp/backbone_swap_panns_p7fs97_5/data/PhysioNet2022/training_data/68204_TV.wav,1.0,0.099748015
/tmp/backbone_swap_panns_p7fs97_5/data/PhysioNet2022/training_data/68222_AV.wav,1.0,0.06481159
/tmp/backbone_swap_panns_p7fs97_5/data/PhysioNet2022/training_data/68222_MV.wav,1.0,0.34414294
/tmp/backbone_swap_panns_p7fs97_5/data/PhysioNet2022/training_data/68222_PV.wav,1.0,0.1593721
/tmp/backbone_swap_panns_p7fs97_5/data/PhysioNet2022/training_data/68222_TV.wav,1.0,0.60414714
/tmp/backbone_swap_panns_p7fs97_5/data/PhysioNet2022/training_data/68255_AV.wav,1.0,0.29538074
/tmp/backbone_swap_panns_p7fs97_5/data/PhysioNet2022/training_data/68255_MV.wav,1.0,0.4546247
/tmp/backbone_swap_panns_p7fs97_5/data/PhysioNet2022/training_data/68255_PV.wav,1.0,0.15997793
/tmp/backbone_swap_panns_p7fs97_5/data/PhysioNet2022/training_data/68255_TV.wav,1.0,0.21037614
/tmp/backbone_swap_panns_p7fs97_5/data/PhysioNet2022/training_data/68269_PV.wav,1.0,0.3402192
/tmp/backbone_swap_panns_p7fs97_5/data/PhysioNet2022/training_data/68269_TV.wav,1.0,0.0822773
/tmp/backbone_swap_panns_p7fs97_5/data/PhysioNet2022/training_data/68298_AV.wav,1.0,0.375933
/tmp/backbone_swap_panns_p7fs97_5/data/PhysioNet2022/training_data/68298_MV.wav,1.0,0.57566154
/tmp/backbone_swap_panns_p7fs97_5/data/PhysioNet2022/training_data/68330_TV.wav,1.0,0.21772653
/tmp/backbone_swap_panns_p7fs97_5/data/PhysioNet2022/training_data/68347_AV.wav,1.0,0.34304282
/tmp/backbone_swap_panns_p7fs97_5/data/PhysioNet2022/training_data/68347_MV.wav,1.0,0.23163557
/tmp/backbone_swap_panns_p7fs97_5/data/PhysioNet2022/training_data/68347_PV.wav,1.0,0.17409118
/tmp/backbone_swap_panns_p7fs97_5/data/PhysioNet2022/training_data/68347_TV.wav,1.0,0.48193854
/tmp/backbone_swap_panns_p7fs97_5/data/PhysioNet2022/training_data/68359_AV.wav,1.0,0.1616049
/tmp/backbone_swap_panns_p7fs97_5/data/PhysioNet2022/training_data/68359_MV.wav,1.0,0.24627914
/tmp/backbone_swap_panns_p7fs97_5/data/PhysioNet2022/training_data/68359_PV.wav,1.0,0.13962543
/tmp/backbone_swap_panns_p7fs97_5/data/PhysioNet2022/training_data/68359_TV.wav,1.0,0.26846015
/tmp/backbone_swap_panns_p7fs97_5/data/PhysioNet2022/training_data/68377_AV.wav,1.0,0.099454306
/tmp/backbone_swap_panns_p7fs97_5/data/PhysioNet2022/training_data/68377_MV.wav,1.0,0.4208933
/tmp/backbone_swap_panns_p7fs97_5/data/PhysioNet2022/training_data/68377_PV.wav,1.0,0.25750223
/tmp/backbone_swap_panns_p7fs97_5/data/PhysioNet2022/training_data/68377_TV.wav,1.0,0.21514775
/tmp/backbone_swap_panns_p7fs97_5/data/PhysioNet2022/training_data/68427_AV.wav,1.0,0.19369696
/tmp/backbone_swap_panns_p7fs97_5/data/PhysioNet2022/training_data/68427_MV.wav,1.0,0.3014753
/tmp/backbone_swap_panns_p7fs97_5/data/PhysioNet2022/training_data/68427_PV.wav,1.0,0.17693342
/tmp/backbone_swap_panns_p7fs97_5/data/PhysioNet2022/training_data/68427_TV.wav,1.0,0.1516014
/tmp/backbone_swap_panns_p7fs97_5/data/PhysioNet2022/training_data/68432_AV.wav,1.0,0.23860915
/tmp/backbone_swap_panns_p7fs97_5/data/PhysioNet2022/training_data/68432_MV.wav,1.0,0.21277732
/tmp/backbone_swap_panns_p7fs97_5/data/PhysioNet2022/training_data/68432_PV.wav,1.0,0.1910771
/tmp/backbone_swap_panns_p7fs97_5/data/PhysioNet2022/training_data/68432_TV.wav,1.0,0.25176856
/tmp/backbone_swap_panns_p7fs97_5/data/PhysioNet2022/training_data/68449_AV.wav,1.0,0.25770882
/tmp/backbone_swap_panns_p7fs97_5/data/PhysioNet2022/training_data/68449_PV.wav,1.0,0.1015076
/tmp/backbone_swap_panns_p7fs97_5/data/PhysioNet2022/training_data/68449_TV.wav,1.0,0.30700597
/tmp/backbone_swap_panns_p7fs97_5/data/PhysioNet2022/training_data/68456_AV.wav,1.0,0.19184564
/tmp/backbone_swap_panns_p7fs97_5/data/PhysioNet2022/training_data/68456_MV.wav,1.0,0.08571466
/tmp/backbone_swap_panns_p7fs97_5/data/PhysioNet2022/training_data/68456_PV.wav,1.0,0.4427131
/tmp/backbone_swap_panns_p7fs97_5/data/PhysioNet2022/training_data/68456_TV.wav,1.0,0.11447112
/tmp/backbone_swap_panns_p7fs97_5/data/PhysioNet2022/training_data/68460_AV.wav,1.0,0.35102198
/tmp/backbone_swap_panns_p7fs97_5/data/PhysioNet2022/training_data/68460_MV.wav,1.0,0.3140123
/tmp/backbone_swap_panns_p7fs97_5/data/PhysioNet2022/training_data/68460_PV.wav,1.0,0.15094085
/tmp/backbone_swap_panns_p7fs97_5/data/PhysioNet2022/training_data/68460_TV.wav,1.0,0.23928457
/tmp/backbone_swap_panns_p7fs97_5/data/PhysioNet2022/training_data/68477_AV.wav,1.0,0.3511652
/tmp/backbone_swap_panns_p7fs97_5/data/PhysioNet2022/training_data/68477_MV.wav,1.0,0.44785705
/tmp/backbone_swap_panns_p7fs97_5/data/PhysioNet2022/training_data/68477_PV.wav,1.0,0.5428212
/tmp/backbone_swap_panns_p7fs97_5/data/PhysioNet2022/training_data/68477_TV.wav,1.0,0.15757117
/tmp/backbone_swap_panns_p7fs97_5/data/PhysioNet2022/training_data/68532_AV.wav,1.0,0.37891033
/tmp/backbone_swap_panns_p7fs97_5/data/PhysioNet2022/training_data/68532_MV.wav,1.0,0.13495117
/tmp/backbone_swap_panns_p7fs97_5/data/PhysioNet2022/training_data/68532_PV.wav,1.0,0.16993898
/tmp/backbone_swap_panns_p7fs97_5/data/PhysioNet2022/training_data/68532_TV.wav,1.0,0.11579997
/tmp/backbone_swap_panns_p7fs97_5/data/PhysioNet2022/training_data/68560_AV.wav,1.0,0.16253284
/tmp/backbone_swap_panns_p7fs97_5/data/PhysioNet2022/training_data/68560_MV.wav,1.0,0.1757775
/tmp/backbone_swap_panns_p7fs97_5/data/PhysioNet2022/training_data/68560_PV.wav,1.0,0.18011056
/tmp/backbone_swap_panns_p7fs97_5/data/PhysioNet2022/training_data/68560_TV.wav,1.0,0.10808672
/tmp/backbone_swap_panns_p7fs97_5/data/PhysioNet2022/training_data/68582_AV.wav,1.0,0.44573528
/tmp/backbone_swap_panns_p7fs97_5/data/PhysioNet2022/training_data/68582_MV.wav,1.0,0.8154495
/tmp/backbone_swap_panns_p7fs97_5/data/PhysioNet2022/training_data/68582_PV.wav,1.0,0.21414453
/tmp/backbone_swap_panns_p7fs97_5/data/PhysioNet2022/training_data/68582_TV.wav,1.0,0.08686216
/tmp/backbone_swap_panns_p7fs97_5/data/PhysioNet2022/training_data/68624_AV.wav,1.0,0.25865024
/tmp/backbone_swap_panns_p7fs97_5/data/PhysioNet2022/training_data/68624_MV.wav,1.0,0.07650605
/tmp/backbone_swap_panns_p7fs97_5/data/PhysioNet2022/training_data/68624_PV.wav,1.0,0.345584
/tmp/backbone_swap_panns_p7fs97_5/data/PhysioNet2022/training_data/68624_TV.wav,1.0,0.13017446
/tmp/backbone_swap_panns_p7fs97_5/data/PhysioNet2022/training_data/68659_AV.wav,1.0,0.11123619
/tmp/backbone_swap_panns_p7fs97_5/data/PhysioNet2022/training_data/68659_MV.wav,1.0,0.33896008
/tmp/backbone_swap_panns_p7fs97_5/data/PhysioNet2022/training_data/68659_PV.wav,1.0,0.067757696
/tmp/backbone_swap_panns_p7fs97_5/data/PhysioNet2022/training_data/68659_TV.wav,1.0,0.1870193
/tmp/backbone_swap_panns_p7fs97_5/data/PhysioNet2022/training_data/68705_AV.wav,1.0,0.14595428
/tmp/backbone_swap_panns_p7fs97_5/data/PhysioNet2022/training_data/68705_MV.wav,1.0,0.32797173
/tmp/backbone_swap_panns_p7fs97_5/data/PhysioNet2022/training_data/68705_PV.wav,1.0,0.14561965
/tmp/backbone_swap_panns_p7fs97_5/data/PhysioNet2022/training_data/68705_TV.wav,1.0,0.41502503
/tmp/backbone_swap_panns_p7fs97_5/data/PhysioNet2022/training_data/68711_AV.wav,1.0,0.17140067
/tmp/backbone_swap_panns_p7fs97_5/data/PhysioNet2022/training_data/68711_MV.wav,1.0,0.121291295
/tmp/backbone_swap_panns_p7fs97_5/data/PhysioNet2022/training_data/68711_PV.wav,1.0,0.14983332
/tmp/backbone_swap_panns_p7fs97_5/data/PhysioNet2022/training_data/68711_TV.wav,1.0,0.5173177
/tmp/backbone_swap_panns_p7fs97_5/data/PhysioNet2022/training_data/68741_AV.wav,1.0,0.17899124
/tmp/backbone_swap_panns_p7fs97_5/data/PhysioNet2022/training_data/68741_MV.wav,1.0,0.35891822
/tmp/backbone_swap_panns_p7fs97_5/data/PhysioNet2022/training_data/68741_PV.wav,1.0,0.27443877
/tmp/backbone_swap_panns_p7fs97_5/data/PhysioNet2022/training_data/68741_TV.wav,1.0,0.17463918
/tmp/backbone_swap_panns_p7fs97_5/data/PhysioNet2022/training_data/68755_AV.wav,1.0,0.24086076
/tmp/backbone_swap_panns_p7fs97_5/data/PhysioNet2022/training_data/68755_MV.wav,1.0,0.06705505
/tmp/backbone_swap_panns_p7fs97_5/data/PhysioNet2022/training_data/68755_PV.wav,1.0,0.25476882
/tmp/backbone_swap_panns_p7fs97_5/data/PhysioNet2022/training_data/68755_TV.wav,1.0,0.19194363
/tmp/backbone_swap_panns_p7fs97_5/data/PhysioNet2022/training_data/68861_AV.wav,1.0,0.20522472
/tmp/backbone_swap_panns_p7fs97_5/data/PhysioNet2022/training_data/68861_MV.wav,1.0,0.18740933
/tmp/backbone_swap_panns_p7fs97_5/data/PhysioNet2022/training_data/68861_PV.wav,1.0,0.13264836
/tmp/backbone_swap_panns_p7fs97_5/data/PhysioNet2022/training_data/68861_TV.wav,1.0,0.76523566
/tmp/backbone_swap_panns_p7fs97_5/data/PhysioNet2022/training_data/68864_MV.wav,1.0,0.2669446
/tmp/backbone_swap_panns_p7fs97_5/data/PhysioNet2022/training_data/68864_PV.wav,1.0,0.11407539
/tmp/backbone_swap_panns_p7fs97_5/data/PhysioNet2022/training_data/68864_TV.wav,1.0,0.16364054
/tmp/backbone_swap_panns_p7fs97_5/data/PhysioNet2022/training_data/68887_AV.wav,1.0,0.18674117
/tmp/backbone_swap_panns_p7fs97_5/data/PhysioNet2022/training_data/68887_MV.wav,1.0,0.19568133
/tmp/backbone_swap_panns_p7fs97_5/data/PhysioNet2022/training_data/68887_TV.wav,1.0,0.30829462
/tmp/backbone_swap_panns_p7fs97_5/data/PhysioNet2022/training_data/68895_AV.wav,1.0,0.25384462
/tmp/backbone_swap_panns_p7fs97_5/data/PhysioNet2022/training_data/68895_MV.wav,1.0,0.16227198
/tmp/backbone_swap_panns_p7fs97_5/data/PhysioNet2022/training_data/68895_PV.wav,1.0,0.311856
/tmp/backbone_swap_panns_p7fs97_5/data/PhysioNet2022/training_data/68895_TV.wav,1.0,0.2676232
/tmp/backbone_swap_panns_p7fs97_5/data/PhysioNet2022/training_data/68908_MV.wav,1.0,0.38538593
/tmp/backbone_swap_panns_p7fs97_5/data/PhysioNet2022/training_data/68908_PV.wav,1.0,0.4095787
/tmp/backbone_swap_panns_p7fs97_5/data/PhysioNet2022/training_data/68908_TV.wav,1.0,0.1966468
/tmp/backbone_swap_panns_p7fs97_5/data/PhysioNet2022/training_data/69079_AV.wav,1.0,0.40219593
/tmp/backbone_swap_panns_p7fs97_5/data/PhysioNet2022/training_data/69079_MV.wav,1.0,0.11334623
/tmp/backbone_swap_panns_p7fs97_5/data/PhysioNet2022/training_data/69079_PV.wav,1.0,0.5063247
/tmp/backbone_swap_panns_p7fs97_5/data/PhysioNet2022/training_data/69079_TV.wav,1.0,0.29501295
/tmp/backbone_swap_panns_p7fs97_5/data/PhysioNet2022/training_data/69095_AV.wav,1.0,0.19492719
/tmp/backbone_swap_panns_p7fs97_5/data/PhysioNet2022/training_data/69095_MV.wav,1.0,0.07190114
/tmp/backbone_swap_panns_p7fs97_5/data/PhysioNet2022/training_data/69095_PV.wav,1.0,0.25490296
/tmp/backbone_swap_panns_p7fs97_5/data/PhysioNet2022/training_data/69095_TV.wav,1.0,0.11268347
/tmp/backbone_swap_panns_p7fs97_5/data/PhysioNet2022/training_data/69096_AV.wav,1.0,0.09403921
/tmp/backbone_swap_panns_p7fs97_5/data/PhysioNet2022/training_data/69096_MV.wav,1.0,0.14326036
/tmp/backbone_swap_panns_p7fs97_5/data/PhysioNet2022/training_data/69096_PV.wav,1.0,0.14902294
/tmp/backbone_swap_panns_p7fs97_5/data/PhysioNet2022/training_data/69096_TV.wav,1.0,0.16513112
/tmp/backbone_swap_panns_p7fs97_5/data/PhysioNet2022/training_data/69106_AV.wav,1.0,0.15711111
/tmp/backbone_swap_panns_p7fs97_5/data/PhysioNet2022/training_data/69106_MV.wav,1.0,0.2857289
/tmp/backbone_swap_panns_p7fs97_5/data/PhysioNet2022/training_data/69106_PV.wav,1.0,0.353778
/tmp/backbone_swap_panns_p7fs97_5/data/PhysioNet2022/training_data/69106_TV.wav,1.0,0.25164628
/tmp/backbone_swap_panns_p7fs97_5/data/PhysioNet2022/training_data/69129_AV.wav,1.0,0.3015737
/tmp/backbone_swap_panns_p7fs97_5/data/PhysioNet2022/training_data/69129_MV.wav,1.0,0.62939036
/tmp/backbone_swap_panns_p7fs97_5/data/PhysioNet2022/training_data/69129_PV.wav,1.0,0.19000055
/tmp/backbone_swap_panns_p7fs97_5/data/PhysioNet2022/training_data/69129_TV.wav,1.0,0.09824137
/tmp/backbone_swap_panns_p7fs97_5/data/PhysioNet2022/training_data/69141_AV.wav,1.0,0.08700944
/tmp/backbone_swap_panns_p7fs97_5/data/PhysioNet2022/training_data/69141_MV.wav,1.0,0.2716097
/tmp/backbone_swap_panns_p7fs97_5/data/PhysioNet2022/training_data/69141_PV.wav,1.0,0.23159331
/tmp/backbone_swap_panns_p7fs97_5/data/PhysioNet2022/training_data/69141_TV.wav,1.0,0.26491264
/tmp/backbone_swap_panns_p7fs97_5/data/PhysioNet2022/training_data/69147_AV.wav,1.0,0.13907513
/tmp/backbone_swap_panns_p7fs97_5/data/PhysioNet2022/training_data/69147_MV.wav,1.0,0.46065077
/tmp/backbone_swap_panns_p7fs97_5/data/PhysioNet2022/training_data/69147_PV.wav,1.0,0.30477253
/tmp/backbone_swap_panns_p7fs97_5/data/PhysioNet2022/training_data/69147_TV.wav,1.0,0.17045754
/tmp/backbone_swap_panns_p7fs97_5/data/PhysioNet2022/training_data/69152_AV.wav,1.0,0.20361547
/tmp/backbone_swap_panns_p7fs97_5/data/PhysioNet2022/training_data/69152_MV.wav,1.0,0.23266096
/tmp/backbone_swap_panns_p7fs97_5/data/PhysioNet2022/training_data/69152_PV.wav,1.0,0.37721378
/tmp/backbone_swap_panns_p7fs97_5/data/PhysioNet2022/training_data/69152_TV.wav,1.0,0.25073007
/tmp/backbone_swap_panns_p7fs97_5/data/PhysioNet2022/training_data/69188_AV.wav,1.0,0.46381432
/tmp/backbone_swap_panns_p7fs97_5/data/PhysioNet2022/training_data/69188_MV.wav,1.0,0.69694316
/tmp/backbone_swap_panns_p7fs97_5/data/PhysioNet2022/training_data/69188_PV.wav,1.0,0.15227374
/tmp/backbone_swap_panns_p7fs97_5/data/PhysioNet2022/training_data/69188_TV.wav,1.0,0.2611647
/tmp/backbone_swap_panns_p7fs97_5/data/PhysioNet2022/training_data/70280_AV.wav,1.0,0.5515137
/tmp/backbone_swap_panns_p7fs97_5/data/PhysioNet2022/training_data/70280_MV.wav,1.0,0.20102154
/tmp/backbone_swap_panns_p7fs97_5/data/PhysioNet2022/training_data/73316_AV.wav,1.0,0.14852957
/tmp/backbone_swap_panns_p7fs97_5/data/PhysioNet2022/training_data/73316_MV.wav,1.0,0.23745008
/tmp/backbone_swap_panns_p7fs97_5/data/PhysioNet2022/training_data/73316_PV.wav,1.0,0.16810003
/tmp/backbone_swap_panns_p7fs97_5/data/PhysioNet2022/training_data/73316_TV.wav,1.0,0.6725459
/tmp/backbone_swap_panns_p7fs97_5/data/PhysioNet2022/training_data/76758_MV.wav,1.0,0.44004565
/tmp/backbone_swap_panns_p7fs97_5/data/PhysioNet2022/training_data/78582_AV.wav,1.0,0.23148845
/tmp/backbone_swap_panns_p7fs97_5/data/PhysioNet2022/training_data/78582_MV.wav,1.0,0.078044176
/tmp/backbone_swap_panns_p7fs97_5/data/PhysioNet2022/training_data/80348_AV.wav,1.0,0.20921555
/tmp/backbone_swap_panns_p7fs97_5/data/PhysioNet2022/training_data/80348_MV.wav,1.0,0.3800152
/tmp/backbone_swap_panns_p7fs97_5/data/PhysioNet2022/training_data/80348_PV.wav,1.0,0.30532154
/tmp/backbone_swap_panns_p7fs97_5/data/PhysioNet2022/training_data/80348_TV.wav,1.0,0.1362865
/tmp/backbone_swap_panns_p7fs97_5/data/PhysioNet2022/training_data/84690_MV.wav,1.0,0.21364377
/tmp/backbone_swap_panns_p7fs97_5/data/PhysioNet2022/training_data/84690_Phc.wav,1.0,0.71228045
/tmp/backbone_swap_panns_p7fs97_5/data/PhysioNet2022/training_data/84690_TV.wav,1.0,0.16460735
/tmp/backbone_swap_panns_p7fs97_5/data/PhysioNet2022/training_data/84695_AV.wav,1.0,0.12293767
/tmp/backbone_swap_panns_p7fs97_5/data/PhysioNet2022/training_data/84695_MV.wav,1.0,0.6326073
/tmp/backbone_swap_panns_p7fs97_5/data/PhysioNet2022/training_data/84695_PV.wav,1.0,0.39886338
/tmp/backbone_swap_panns_p7fs97_5/data/PhysioNet2022/training_data/84695_TV.wav,1.0,0.077378854
/tmp/backbone_swap_panns_p7fs97_5/data/PhysioNet2022/training_data/84702_MV.wav,1.0,0.3398922
/tmp/backbone_swap_panns_p7fs97_5/data/PhysioNet2022/training_data/84702_PV.wav,1.0,0.17831933
/tmp/backbone_swap_panns_p7fs97_5/data/PhysioNet2022/training_data/84702_TV.wav,1.0,0.35568246
/tmp/backbone_swap_panns_p7fs97_5/data/PhysioNet2022/training_data/84706_AV.wav,1.0,0.36025932
/tmp/backbone_swap_panns_p7fs97_5/data/PhysioNet2022/training_data/84706_MV.wav,1.0,0.32205927
/tmp/backbone_swap_panns_p7fs97_5/data/PhysioNet2022/training_data/84706_PV.wav,1.0,0.22369812
/tmp/backbone_swap_panns_p7fs97_5/data/PhysioNet2022/training_data/84706_TV.wav,1.0,0.26848772
/tmp/backbone_swap_panns_p7fs97_5/data/PhysioNet2022/training_data/84708_AV.wav,1.0,0.26453897
/tmp/backbone_swap_panns_p7fs97_5/data/PhysioNet2022/training_data/84708_MV.wav,1.0,0.31279215
/tmp/backbone_swap_panns_p7fs97_5/data/PhysioNet2022/training_data/84710_AV.wav,1.0,0.41622356
/tmp/backbone_swap_panns_p7fs97_5/data/PhysioNet2022/training_data/84710_MV.wav,1.0,0.123580925
/tmp/backbone_swap_panns_p7fs97_5/data/PhysioNet2022/training_data/84710_PV.wav,1.0,0.28584307
/tmp/backbone_swap_panns_p7fs97_5/data/PhysioNet2022/training_data/84710_TV.wav,1.0,0.14941452
/tmp/backbone_swap_panns_p7fs97_5/data/PhysioNet2022/training_data/84713_AV.wav,1.0,0.28241065
/tmp/backbone_swap_panns_p7fs97_5/data/PhysioNet2022/training_data/84713_PV.wav,1.0,0.19247407
/tmp/backbone_swap_panns_p7fs97_5/data/PhysioNet2022/training_data/84713_TV.wav,1.0,0.84039736
/tmp/backbone_swap_panns_p7fs97_5/data/PhysioNet2022/training_data/84716_AV.wav,1.0,0.15864885
/tmp/backbone_swap_panns_p7fs97_5/data/PhysioNet2022/training_data/84716_MV.wav,1.0,0.4049226
/tmp/backbone_swap_panns_p7fs97_5/data/PhysioNet2022/training_data/84716_PV.wav,1.0,0.21462044
/tmp/backbone_swap_panns_p7fs97_5/data/PhysioNet2022/training_data/84716_TV.wav,1.0,0.14087318
/tmp/backbone_swap_panns_p7fs97_5/data/PhysioNet2022/training_data/84721_AV.wav,1.0,0.60475934
/tmp/backbone_swap_panns_p7fs97_5/data/PhysioNet2022/training_data/84721_MV.wav,1.0,0.24521767
/tmp/backbone_swap_panns_p7fs97_5/data/PhysioNet2022/training_data/84721_PV.wav,1.0,0.28996146
/tmp/backbone_swap_panns_p7fs97_5/data/PhysioNet2022/training_data/84721_TV.wav,1.0,0.1879122
/tmp/backbone_swap_panns_p7fs97_5/data/PhysioNet2022/training_data/84725_MV.wav,1.0,0.57374674
/tmp/backbone_swap_panns_p7fs97_5/data/PhysioNet2022/training_data/84725_PV.wav,1.0,0.39886758
/tmp/backbone_swap_panns_p7fs97_5/data/PhysioNet2022/training_data/84725_TV.wav,1.0,0.63079596
/tmp/backbone_swap_panns_p7fs97_5/data/PhysioNet2022/training_data/84731_MV.wav,1.0,0.16036256
/tmp/backbone_swap_panns_p7fs97_5/data/PhysioNet2022/training_data/84732_AV.wav,1.0,0.14334685
/tmp/backbone_swap_panns_p7fs97_5/data/PhysioNet2022/training_data/84732_MV.wav,1.0,0.79535615
/tmp/backbone_swap_panns_p7fs97_5/data/PhysioNet2022/training_data/84733_AV.wav,1.0,0.1587053
/tmp/backbone_swap_panns_p7fs97_5/data/PhysioNet2022/training_data/84733_MV.wav,1.0,0.15178944
/tmp/backbone_swap_panns_p7fs97_5/data/PhysioNet2022/training_data/84733_PV.wav,1.0,0.27662066
/tmp/backbone_swap_panns_p7fs97_5/data/PhysioNet2022/training_data/84733_TV.wav,1.0,0.093658455
/tmp/backbone_swap_panns_p7fs97_5/data/PhysioNet2022/training_data/84734_AV.wav,1.0,0.3737636
/tmp/backbone_swap_panns_p7fs97_5/data/PhysioNet2022/training_data/84734_MV.wav,1.0,0.5387973
/tmp/backbone_swap_panns_p7fs97_5/data/PhysioNet2022/training_data/84734_PV.wav,1.0,0.24818872
/tmp/backbone_swap_panns_p7fs97_5/data/PhysioNet2022/training_data/84734_TV.wav,1.0,0.36551967
/tmp/backbone_swap_panns_p7fs97_5/data/PhysioNet2022/training_data/84738_AV.wav,1.0,0.23706137
/tmp/backbone_swap_panns_p7fs97_5/data/PhysioNet2022/training_data/84738_MV.wav,1.0,0.7841877
/tmp/backbone_swap_panns_p7fs97_5/data/PhysioNet2022/training_data/84738_PV.wav,1.0,0.33219454
/tmp/backbone_swap_panns_p7fs97_5/data/PhysioNet2022/training_data/84738_TV.wav,1.0,0.14491262
/tmp/backbone_swap_panns_p7fs97_5/data/PhysioNet2022/training_data/84746_PV.wav,1.0,0.2951167
/tmp/backbone_swap_panns_p7fs97_5/data/PhysioNet2022/training_data/84764_AV.wav,1.0,0.2870615
/tmp/backbone_swap_panns_p7fs97_5/data/PhysioNet2022/training_data/84764_MV.wav,1.0,0.14280726
/tmp/backbone_swap_panns_p7fs97_5/data/PhysioNet2022/training_data/84764_PV.wav,1.0,0.41576484
/tmp/backbone_swap_panns_p7fs97_5/data/PhysioNet2022/training_data/84764_TV.wav,1.0,0.09080398
/tmp/backbone_swap_panns_p7fs97_5/data/PhysioNet2022/training_data/84765_AV.wav,1.0,0.104974374
/tmp/backbone_swap_panns_p7fs97_5/data/PhysioNet2022/training_data/84765_MV.wav,1.0,0.17384468
/tmp/backbone_swap_panns_p7fs97_5/data/PhysioNet2022/training_data/84765_PV.wav,1.0,0.50820476
/tmp/backbone_swap_panns_p7fs97_5/data/PhysioNet2022/training_data/84765_TV.wav,1.0,0.36451513
/tmp/backbone_swap_panns_p7fs97_5/data/PhysioNet2022/training_data/84768_PV.wav,1.0,0.23457803
/tmp/backbone_swap_panns_p7fs97_5/data/PhysioNet2022/training_data/84768_TV.wav,1.0,0.26683843
/tmp/backbone_swap_panns_p7fs97_5/data/PhysioNet2022/training_data/84769_MV.wav,1.0,0.09637121
/tmp/backbone_swap_panns_p7fs97_5/data/PhysioNet2022/training_data/84769_PV.wav,1.0,0.8276071
/tmp/backbone_swap_panns_p7fs97_5/data/PhysioNet2022/training_data/84779_AV.wav,1.0,0.42404187
/tmp/backbone_swap_panns_p7fs97_5/data/PhysioNet2022/training_data/84779_MV.wav,1.0,0.28971115
/tmp/backbone_swap_panns_p7fs97_5/data/PhysioNet2022/training_data/84779_PV.wav,1.0,0.42647317
/tmp/backbone_swap_panns_p7fs97_5/data/PhysioNet2022/training_data/84779_TV.wav,1.0,0.21780106
/tmp/backbone_swap_panns_p7fs97_5/data/PhysioNet2022/training_data/84786_AV.wav,1.0,0.13408245
/tmp/backbone_swap_panns_p7fs97_5/data/PhysioNet2022/training_data/84786_MV.wav,1.0,0.071546935
/tmp/backbone_swap_panns_p7fs97_5/data/PhysioNet2022/training_data/84786_PV.wav,1.0,0.24399044
/tmp/backbone_swap_panns_p7fs97_5/data/PhysioNet2022/training_data/84793_AV.wav,1.0,0.240733
/tmp/backbone_swap_panns_p7fs97_5/data/PhysioNet2022/training_data/84793_MV.wav,1.0,0.27954233
/tmp/backbone_swap_panns_p7fs97_5/data/PhysioNet2022/training_data/84793_PV.wav,1.0,0.12773551
/tmp/backbone_swap_panns_p7fs97_5/data/PhysioNet2022/training_data/84793_TV.wav,1.0,0.18661332
/tmp/backbone_swap_panns_p7fs97_5/data/PhysioNet2022/training_data/84799_AV.wav,1.0,0.30945605
/tmp/backbone_swap_panns_p7fs97_5/data/PhysioNet2022/training_data/84799_MV.wav,1.0,0.26410142
/tmp/backbone_swap_panns_p7fs97_5/data/PhysioNet2022/training_data/84799_PV.wav,1.0,0.60015714
/tmp/backbone_swap_panns_p7fs97_5/data/PhysioNet2022/training_data/84799_TV.wav,1.0,0.2235773
/tmp/backbone_swap_panns_p7fs97_5/data/PhysioNet2022/training_data/84803_AV.wav,1.0,0.22548628
/tmp/backbone_swap_panns_p7fs97_5/data/PhysioNet2022/training_data/84803_MV.wav,1.0,0.5279699
/tmp/backbone_swap_panns_p7fs97_5/data/PhysioNet2022/training_data/84803_PV.wav,1.0,0.15779346
/tmp/backbone_swap_panns_p7fs97_5/data/PhysioNet2022/training_data/84803_TV.wav,1.0,0.17157434
/tmp/backbone_swap_panns_p7fs97_5/data/PhysioNet2022/training_data/84804_MV.wav,1.0,0.21342812
/tmp/backbone_swap_panns_p7fs97_5/data/PhysioNet2022/training_data/84805_AV.wav,1.0,0.18505685
/tmp/backbone_swap_panns_p7fs97_5/data/PhysioNet2022/training_data/84805_MV.wav,1.0,0.36034918
/tmp/backbone_swap_panns_p7fs97_5/data/PhysioNet2022/training_data/84805_PV.wav,1.0,0.448753
/tmp/backbone_swap_panns_p7fs97_5/data/PhysioNet2022/training_data/84805_TV.wav,1.0,0.14020048
/tmp/backbone_swap_panns_p7fs97_5/data/PhysioNet2022/training_data/84807_AV.wav,1.0,0.20827459
/tmp/backbone_swap_panns_p7fs97_5/data/PhysioNet2022/training_data/84807_MV.wav,1.0,0.54411066
/tmp/backbone_swap_panns_p7fs97_5/data/PhysioNet2022/training_data/84823_AV.wav,1.0,0.30047965
/tmp/backbone_swap_panns_p7fs97_5/data/PhysioNet2022/training_data/84823_MV.wav,1.0,0.26860777
/tmp/backbone_swap_panns_p7fs97_5/data/PhysioNet2022/training_data/84823_PV.wav,1.0,0.12754874
/tmp/backbone_swap_panns_p7fs97_5/data/PhysioNet2022/training_data/84823_TV.wav,1.0,0.07703181
/tmp/backbone_swap_panns_p7fs97_5/data/PhysioNet2022/training_data/84824_AV.wav,1.0,0.40906605
/tmp/backbone_swap_panns_p7fs97_5/data/PhysioNet2022/training_data/84824_MV.wav,1.0,0.27376786
/tmp/backbone_swap_panns_p7fs97_5/data/PhysioNet2022/training_data/84838_AV.wav,1.0,0.23490958
/tmp/backbone_swap_panns_p7fs97_5/data/PhysioNet2022/training_data/84838_MV.wav,1.0,0.14939173
/tmp/backbone_swap_panns_p7fs97_5/data/PhysioNet2022/training_data/84838_PV.wav,1.0,0.095011905
/tmp/backbone_swap_panns_p7fs97_5/data/PhysioNet2022/training_data/84838_TV.wav,1.0,0.2111995
/tmp/backbone_swap_panns_p7fs97_5/data/PhysioNet2022/training_data/84839_AV.wav,1.0,0.41554523
/tmp/backbone_swap_panns_p7fs97_5/data/PhysioNet2022/training_data/84839_MV.wav,1.0,0.280872
/tmp/backbone_swap_panns_p7fs97_5/data/PhysioNet2022/training_data/84839_PV.wav,1.0,0.20633161
/tmp/backbone_swap_panns_p7fs97_5/data/PhysioNet2022/training_data/84839_TV.wav,1.0,0.12528893
/tmp/backbone_swap_panns_p7fs97_5/data/PhysioNet2022/training_data/84853_AV.wav,1.0,0.2860183
/tmp/backbone_swap_panns_p7fs97_5/data/PhysioNet2022/training_data/84853_MV.wav,1.0,0.32802767
/tmp/backbone_swap_panns_p7fs97_5/data/PhysioNet2022/training_data/84853_PV.wav,1.0,0.10898166
/tmp/backbone_swap_panns_p7fs97_5/data/PhysioNet2022/training_data/84853_TV.wav,1.0,0.19824384
/tmp/backbone_swap_panns_p7fs97_5/data/PhysioNet2022/training_data/84854_AV.wav,1.0,0.6580755
/tmp/backbone_swap_panns_p7fs97_5/data/PhysioNet2022/training_data/84854_MV.wav,1.0,0.15311725
/tmp/backbone_swap_panns_p7fs97_5/data/PhysioNet2022/training_data/84854_PV.wav,1.0,0.31476158
/tmp/backbone_swap_panns_p7fs97_5/data/PhysioNet2022/training_data/84854_TV.wav,1.0,0.40570232
/tmp/backbone_swap_panns_p7fs97_5/data/PhysioNet2022/training_data/84855_MV.wav,1.0,0.24617687
/tmp/backbone_swap_panns_p7fs97_5/data/PhysioNet2022/training_data/84855_PV.wav,1.0,0.32620564
/tmp/backbone_swap_panns_p7fs97_5/data/PhysioNet2022/training_data/84855_TV.wav,1.0,0.11109873
/tmp/backbone_swap_panns_p7fs97_5/data/PhysioNet2022/training_data/84857_AV.wav,1.0,0.28074816
/tmp/backbone_swap_panns_p7fs97_5/data/PhysioNet2022/training_data/84857_MV.wav,1.0,0.45442623
/tmp/backbone_swap_panns_p7fs97_5/data/PhysioNet2022/training_data/84865_AV.wav,1.0,0.13484587
/tmp/backbone_swap_panns_p7fs97_5/data/PhysioNet2022/training_data/84865_MV.wav,1.0,0.6415299
/tmp/backbone_swap_panns_p7fs97_5/data/PhysioNet2022/training_data/84865_PV.wav,1.0,0.12759039
/tmp/backbone_swap_panns_p7fs97_5/data/PhysioNet2022/training_data/84865_TV.wav,1.0,0.12683076
/tmp/backbone_swap_panns_p7fs97_5/data/PhysioNet2022/training_data/84866_AV.wav,1.0,0.32386523
/tmp/backbone_swap_panns_p7fs97_5/data/PhysioNet2022/training_data/84866_MV.wav,1.0,0.37778
/tmp/backbone_swap_panns_p7fs97_5/data/PhysioNet2022/training_data/84866_PV.wav,1.0,0.18667315
/tmp/backbone_swap_panns_p7fs97_5/data/PhysioNet2022/training_data/84866_TV.wav,1.0,0.55966276
/tmp/backbone_swap_panns_p7fs97_5/data/PhysioNet2022/training_data/84874_AV.wav,1.0,0.12544724
/tmp/backbone_swap_panns_p7fs97_5/data/PhysioNet2022/training_data/84874_MV.wav,1.0,0.26719794
/tmp/backbone_swap_panns_p7fs97_5/data/PhysioNet2022/training_data/84874_PV.wav,1.0,0.3971405
/tmp/backbone_swap_panns_p7fs97_5/data/PhysioNet2022/training_data/84874_TV.wav,1.0,0.24950893
/tmp/backbone_swap_panns_p7fs97_5/data/PhysioNet2022/training_data/84875_PV.wav,1.0,0.3557316
/tmp/backbone_swap_panns_p7fs97_5/data/PhysioNet2022/training_data/84875_TV.wav,1.0,0.8442155
/tmp/backbone_swap_panns_p7fs97_5/data/PhysioNet2022/training_data/84878_AV.wav,1.0,0.34552535
/tmp/backbone_swap_panns_p7fs97_5/data/PhysioNet2022/training_data/84878_MV.wav,1.0,0.31999773
/tmp/backbone_swap_panns_p7fs97_5/data/PhysioNet2022/training_data/84878_PV.wav,1.0,0.2705694
/tmp/backbone_swap_panns_p7fs97_5/data/PhysioNet2022/training_data/84878_TV.wav,1.0,0.6086877
/tmp/backbone_swap_panns_p7fs97_5/data/PhysioNet2022/training_data/84886_PV.wav,1.0,0.6045236
/tmp/backbone_swap_panns_p7fs97_5/data/PhysioNet2022/training_data/84900_AV.wav,1.0,0.35370824
/tmp/backbone_swap_panns_p7fs97_5/data/PhysioNet2022/training_data/84900_MV.wav,1.0,0.15474951
/tmp/backbone_swap_panns_p7fs97_5/data/PhysioNet2022/training_data/84912_AV.wav,1.0,0.7392417
/tmp/backbone_swap_panns_p7fs97_5/data/PhysioNet2022/training_data/84912_MV.wav,1.0,0.063338116
/tmp/backbone_swap_panns_p7fs97_5/data/PhysioNet2022/training_data/84912_PV.wav,1.0,0.15343212
/tmp/backbone_swap_panns_p7fs97_5/data/PhysioNet2022/training_data/84912_TV.wav,1.0,0.6209761
/tmp/backbone_swap_panns_p7fs97_5/data/PhysioNet2022/training_data/84920_AV.wav,1.0,0.20218349
/tmp/backbone_swap_panns_p7fs97_5/data/PhysioNet2022/training_data/84920_MV.wav,1.0,0.12661153
/tmp/backbone_swap_panns_p7fs97_5/data/PhysioNet2022/training_data/84920_PV.wav,1.0,0.25589335
/tmp/backbone_swap_panns_p7fs97_5/data/PhysioNet2022/training_data/84920_TV.wav,1.0,0.12627138
/tmp/backbone_swap_panns_p7fs97_5/data/PhysioNet2022/training_data/84928_AV.wav,1.0,0.06475131
/tmp/backbone_swap_panns_p7fs97_5/data/PhysioNet2022/training_data/84928_MV.wav,1.0,0.50103
/tmp/backbone_swap_panns_p7fs97_5/data/PhysioNet2022/training_data/84928_PV.wav,1.0,0.34446055
/tmp/backbone_swap_panns_p7fs97_5/data/PhysioNet2022/training_data/84928_TV.wav,1.0,0.19683895
/tmp/backbone_swap_panns_p7fs97_5/data/PhysioNet2022/training_data/84950_AV.wav,1.0,0.23657994
/tmp/backbone_swap_panns_p7fs97_5/data/PhysioNet2022/training_data/84950_PV.wav,1.0,0.15708068
/tmp/backbone_swap_panns_p7fs97_5/data/PhysioNet2022/training_data/84950_TV.wav,1.0,0.4337563
/tmp/backbone_swap_panns_p7fs97_5/data/PhysioNet2022/training_data/84952_AV.wav,1.0,0.21740283
/tmp/backbone_swap_panns_p7fs97_5/data/PhysioNet2022/training_data/84952_PV.wav,1.0,0.15648161
/tmp/backbone_swap_panns_p7fs97_5/data/PhysioNet2022/training_data/84952_TV.wav,1.0,0.16604821
/tmp/backbone_swap_panns_p7fs97_5/data/PhysioNet2022/training_data/84957_AV.wav,1.0,0.46697307
/tmp/backbone_swap_panns_p7fs97_5/data/PhysioNet2022/training_data/84957_MV.wav,1.0,0.21799605
/tmp/backbone_swap_panns_p7fs97_5/data/PhysioNet2022/training_data/84957_PV.wav,1.0,0.1318137
/tmp/backbone_swap_panns_p7fs97_5/data/PhysioNet2022/training_data/84957_TV.wav,1.0,0.2577983
/tmp/backbone_swap_panns_p7fs97_5/data/PhysioNet2022/training_data/84960_AV.wav,1.0,0.066133186
/tmp/backbone_swap_panns_p7fs97_5/data/PhysioNet2022/training_data/84960_MV.wav,1.0,0.28976467
/tmp/backbone_swap_panns_p7fs97_5/data/PhysioNet2022/training_data/84960_PV.wav,1.0,0.76504385
/tmp/backbone_swap_panns_p7fs97_5/data/PhysioNet2022/training_data/84960_TV.wav,1.0,0.27147236
/tmp/backbone_swap_panns_p7fs97_5/data/PhysioNet2022/training_data/84961_AV.wav,1.0,0.08358905
/tmp/backbone_swap_panns_p7fs97_5/data/PhysioNet2022/training_data/84961_MV.wav,1.0,0.37557763
/tmp/backbone_swap_panns_p7fs97_5/data/PhysioNet2022/training_data/84961_PV.wav,1.0,0.3502415
/tmp/backbone_swap_panns_p7fs97_5/data/PhysioNet2022/training_data/84961_TV.wav,1.0,0.6339988
/tmp/backbone_swap_panns_p7fs97_5/data/PhysioNet2022/training_data/84965_AV.wav,1.0,0.12742911
/tmp/backbone_swap_panns_p7fs97_5/data/PhysioNet2022/training_data/84965_MV.wav,1.0,0.14564103
/tmp/backbone_swap_panns_p7fs97_5/data/PhysioNet2022/training_data/84965_PV.wav,1.0,0.13840154
/tmp/backbone_swap_panns_p7fs97_5/data/PhysioNet2022/training_data/84965_TV.wav,1.0,0.38371548
/tmp/backbone_swap_panns_p7fs97_5/data/PhysioNet2022/training_data/84974_AV.wav,1.0,0.17534272
/tmp/backbone_swap_panns_p7fs97_5/data/PhysioNet2022/training_data/84974_MV.wav,1.0,0.22892301
/tmp/backbone_swap_panns_p7fs97_5/data/PhysioNet2022/training_data/84974_PV.wav,1.0,0.89157706
/tmp/backbone_swap_panns_p7fs97_5/data/PhysioNet2022/training_data/84974_TV.wav,1.0,0.12592325
/tmp/backbone_swap_panns_p7fs97_5/data/PhysioNet2022/training_data/84986_AV.wav,1.0,0.2500643
/tmp/backbone_swap_panns_p7fs97_5/data/PhysioNet2022/training_data/84986_MV.wav,1.0,0.33574098
/tmp/backbone_swap_panns_p7fs97_5/data/PhysioNet2022/training_data/84986_PV.wav,1.0,0.4954728
/tmp/backbone_swap_panns_p7fs97_5/data/PhysioNet2022/training_data/84986_TV.wav,1.0,0.60194397
/tmp/backbone_swap_panns_p7fs97_5/data/PhysioNet2022/training_data/84987_AV.wav,1.0,0.17546669
/tmp/backbone_swap_panns_p7fs97_5/data/PhysioNet2022/training_data/84987_MV.wav,1.0,0.19411203
/tmp/backbone_swap_panns_p7fs97_5/data/PhysioNet2022/training_data/84987_PV.wav,1.0,0.12713255
/tmp/backbone_swap_panns_p7fs97_5/data/PhysioNet2022/training_data/84987_TV.wav,1.0,0.2870157
/tmp/backbone_swap_panns_p7fs97_5/data/PhysioNet2022/training_data/84993_AV.wav,1.0,0.19725624
/tmp/backbone_swap_panns_p7fs97_5/data/PhysioNet2022/training_data/84993_MV.wav,1.0,0.36415806
/tmp/backbone_swap_panns_p7fs97_5/data/PhysioNet2022/training_data/84993_PV.wav,1.0,0.47492242
/tmp/backbone_swap_panns_p7fs97_5/data/PhysioNet2022/training_data/84993_TV.wav,1.0,0.19073264
/tmp/backbone_swap_panns_p7fs97_5/data/PhysioNet2022/training_data/85000_AV.wav,1.0,0.47153723
/tmp/backbone_swap_panns_p7fs97_5/data/PhysioNet2022/training_data/85000_MV.wav,1.0,0.12189612
/tmp/backbone_swap_panns_p7fs97_5/data/PhysioNet2022/training_data/85000_PV.wav,1.0,0.73288876
/tmp/backbone_swap_panns_p7fs97_5/data/PhysioNet2022/training_data/85000_TV.wav,1.0,0.38600108
/tmp/backbone_swap_panns_p7fs97_5/data/PhysioNet2022/training_data/85011_AV.wav,1.0,0.07726904
/tmp/backbone_swap_panns_p7fs97_5/data/PhysioNet2022/training_data/85011_MV.wav,1.0,0.3560635
/tmp/backbone_swap_panns_p7fs97_5/data/PhysioNet2022/training_data/85018_AV.wav,1.0,0.09539768
/tmp/backbone_swap_panns_p7fs97_5/data/PhysioNet2022/training_data/85018_MV.wav,1.0,0.3869078
/tmp/backbone_swap_panns_p7fs97_5/data/PhysioNet2022/training_data/85023_AV.wav,1.0,0.22518298
/tmp/backbone_swap_panns_p7fs97_5/data/PhysioNet2022/training_data/85023_MV.wav,1.0,0.35458204
/tmp/backbone_swap_panns_p7fs97_5/data/PhysioNet2022/training_data/85023_PV.wav,1.0,0.26430565
/tmp/backbone_swap_panns_p7fs97_5/data/PhysioNet2022/training_data/85023_TV.wav,1.0,0.29862916
/tmp/backbone_swap_panns_p7fs97_5/data/PhysioNet2022/training_data/85026_AV.wav,1.0,0.22883992
/tmp/backbone_swap_panns_p7fs97_5/data/PhysioNet2022/training_data/85026_MV.wav,1.0,0.23724845
/tmp/backbone_swap_panns_p7fs97_5/data/PhysioNet2022/training_data/85027_AV.wav,1.0,0.087876245
/tmp/backbone_swap_panns_p7fs97_5/data/PhysioNet2022/training_data/85027_MV.wav,1.0,0.33643904
/tmp/backbone_swap_panns_p7fs97_5/data/PhysioNet2022/training_data/85027_PV.wav,1.0,0.17881541
/tmp/backbone_swap_panns_p7fs97_5/data/PhysioNet2022/training_data/85027_TV.wav,1.0,0.152331
/tmp/backbone_swap_panns_p7fs97_5/data/PhysioNet2022/training_data/85028_AV.wav,1.0,0.3247249
/tmp/backbone_swap_panns_p7fs97_5/data/PhysioNet2022/training_data/85028_MV.wav,1.0,0.32225022
/tmp/backbone_swap_panns_p7fs97_5/data/PhysioNet2022/training_data/85028_PV.wav,1.0,0.1529523
/tmp/backbone_swap_panns_p7fs97_5/data/PhysioNet2022/training_data/85028_TV.wav,1.0,0.22310154
/tmp/backbone_swap_panns_p7fs97_5/data/PhysioNet2022/training_data/85029_AV.wav,1.0,0.35503808
/tmp/backbone_swap_panns_p7fs97_5/data/PhysioNet2022/training_data/85029_MV.wav,1.0,0.9308556
/tmp/backbone_swap_panns_p7fs97_5/data/PhysioNet2022/training_data/85029_PV.wav,1.0,0.24068053
/tmp/backbone_swap_panns_p7fs97_5/data/PhysioNet2022/training_data/85029_TV.wav,1.0,0.14306359
/tmp/backbone_swap_panns_p7fs97_5/data/PhysioNet2022/training_data/85030_AV.wav,1.0,0.11142758
/tmp/backbone_swap_panns_p7fs97_5/data/PhysioNet2022/training_data/85030_MV.wav,1.0,0.09860367
/tmp/backbone_swap_panns_p7fs97_5/data/PhysioNet2022/training_data/85030_PV.wav,1.0,0.2957951
/tmp/backbone_swap_panns_p7fs97_5/data/PhysioNet2022/training_data/85030_TV.wav,1.0,0.30744615
/tmp/backbone_swap_panns_p7fs97_5/data/PhysioNet2022/training_data/85031_AV.wav,1.0,0.6619284
/tmp/backbone_swap_panns_p7fs97_5/data/PhysioNet2022/training_data/85031_MV.wav,1.0,0.24103926
/tmp/backbone_swap_panns_p7fs97_5/data/PhysioNet2022/training_data/85031_PV.wav,1.0,0.13979827
/tmp/backbone_swap_panns_p7fs97_5/data/PhysioNet2022/training_data/85031_TV.wav,1.0,0.76394033
/tmp/backbone_swap_panns_p7fs97_5/data/PhysioNet2022/training_data/85036_AV.wav,1.0,0.17800432
/tmp/backbone_swap_panns_p7fs97_5/data/PhysioNet2022/training_data/85036_MV.wav,1.0,0.13030434
/tmp/backbone_swap_panns_p7fs97_5/data/PhysioNet2022/training_data/85036_PV.wav,1.0,0.6528048
/tmp/backbone_swap_panns_p7fs97_5/data/PhysioNet2022/training_data/85036_TV.wav,1.0,0.25048465
/tmp/backbone_swap_panns_p7fs97_5/data/PhysioNet2022/training_data/85037_AV.wav,1.0,0.19700727
/tmp/backbone_swap_panns_p7fs97_5/data/PhysioNet2022/training_data/85037_MV.wav,1.0,0.105353735
/tmp/backbone_swap_panns_p7fs97_5/data/PhysioNet2022/training_data/85037_PV.wav,1.0,0.15898824
/tmp/backbone_swap_panns_p7fs97_5/data/PhysioNet2022/training_data/85037_TV.wav,1.0,0.9189092
/tmp/backbone_swap_panns_p7fs97_5/data/PhysioNet2022/training_data/85038_AV.wav,1.0,0.11867026
/tmp/backbone_swap_panns_p7fs97_5/data/PhysioNet2022/training_data/85038_MV.wav,1.0,0.22807422
/tmp/backbone_swap_panns_p7fs97_5/data/PhysioNet2022/training_data/85038_PV.wav,1.0,0.31567475
/tmp/backbone_swap_panns_p7fs97_5/data/PhysioNet2022/training_data/85038_TV.wav,1.0,0.06456384
/tmp/backbone_swap_panns_p7fs97_5/data/PhysioNet2022/training_data/85055_AV.wav,1.0,0.25191402
/tmp/backbone_swap_panns_p7fs97_5/data/PhysioNet2022/training_data/85055_PV.wav,1.0,0.20431602
/tmp/backbone_swap_panns_p7fs97_5/data/PhysioNet2022/training_data/85055_TV.wav,1.0,0.14879233
/tmp/backbone_swap_panns_p7fs97_5/data/PhysioNet2022/training_data/85064_AV.wav,1.0,0.86932343
/tmp/backbone_swap_panns_p7fs97_5/data/PhysioNet2022/training_data/85064_MV.wav,1.0,0.39332888
/tmp/backbone_swap_panns_p7fs97_5/data/PhysioNet2022/training_data/85064_PV.wav,1.0,0.3860278
/tmp/backbone_swap_panns_p7fs97_5/data/PhysioNet2022/training_data/85064_TV.wav,1.0,0.18603082
/tmp/backbone_swap_panns_p7fs97_5/data/PhysioNet2022/training_data/85079_AV.wav,1.0,0.16551332
/tmp/backbone_swap_panns_p7fs97_5/data/PhysioNet2022/training_data/85079_MV.wav,1.0,0.11001848
/tmp/backbone_swap_panns_p7fs97_5/data/PhysioNet2022/training_data/85079_PV.wav,1.0,0.17673767
/tmp/backbone_swap_panns_p7fs97_5/data/PhysioNet2022/training_data/85079_TV.wav,1.0,0.20865369
/tmp/backbone_swap_panns_p7fs97_5/data/PhysioNet2022/training_data/85080_AV.wav,1.0,0.33510372
/tmp/backbone_swap_panns_p7fs97_5/data/PhysioNet2022/training_data/85080_MV.wav,1.0,0.16666454
/tmp/backbone_swap_panns_p7fs97_5/data/PhysioNet2022/training_data/85080_PV.wav,1.0,0.19895709
/tmp/backbone_swap_panns_p7fs97_5/data/PhysioNet2022/training_data/85080_TV.wav,1.0,0.5745945
/tmp/backbone_swap_panns_p7fs97_5/data/PhysioNet2022/training_data/85086_AV.wav,1.0,0.234767
/tmp/backbone_swap_panns_p7fs97_5/data/PhysioNet2022/training_data/85086_MV.wav,1.0,0.28852564
/tmp/backbone_swap_panns_p7fs97_5/data/PhysioNet2022/training_data/85086_PV.wav,1.0,0.28939974
/tmp/backbone_swap_panns_p7fs97_5/data/PhysioNet2022/training_data/85086_TV.wav,1.0,0.30138305
/tmp/backbone_swap_panns_p7fs97_5/data/PhysioNet2022/training_data/85087_AV.wav,1.0,0.13485503
/tmp/backbone_swap_panns_p7fs97_5/data/PhysioNet2022/training_data/85087_MV.wav,1.0,0.38902882
/tmp/backbone_swap_panns_p7fs97_5/data/PhysioNet2022/training_data/85087_PV.wav,1.0,0.3038944
/tmp/backbone_swap_panns_p7fs97_5/data/PhysioNet2022/training_data/85087_TV.wav,1.0,0.29623342
/tmp/backbone_swap_panns_p7fs97_5/data/PhysioNet2022/training_data/85090_MV.wav,1.0,0.42025846
/tmp/backbone_swap_panns_p7fs97_5/data/PhysioNet2022/training_data/85090_PV.wav,1.0,0.46809894
/tmp/backbone_swap_panns_p7fs97_5/data/PhysioNet2022/training_data/85090_TV.wav,1.0,0.20464979
/tmp/backbone_swap_panns_p7fs97_5/data/PhysioNet2022/training_data/85091_AV.wav,1.0,0.4301421
/tmp/backbone_swap_panns_p7fs97_5/data/PhysioNet2022/training_data/85091_MV.wav,1.0,0.42392066
/tmp/backbone_swap_panns_p7fs97_5/data/PhysioNet2022/training_data/85093_AV.wav,1.0,0.12705278
/tmp/backbone_swap_panns_p7fs97_5/data/PhysioNet2022/training_data/85093_MV.wav,1.0,0.20903288
/tmp/backbone_swap_panns_p7fs97_5/data/PhysioNet2022/training_data/85093_PV.wav,1.0,0.13470808
/tmp/backbone_swap_panns_p7fs97_5/data/PhysioNet2022/training_data/85093_TV.wav,1.0,0.16171063
/tmp/backbone_swap_panns_p7fs97_5/data/PhysioNet2022/training_data/85112_AV.wav,1.0,0.12407778
/tmp/backbone_swap_panns_p7fs97_5/data/PhysioNet2022/training_data/85112_MV.wav,1.0,0.5821263
/tmp/backbone_swap_panns_p7fs97_5/data/PhysioNet2022/training_data/85112_PV.wav,1.0,0.27911007
/tmp/backbone_swap_panns_p7fs97_5/data/PhysioNet2022/training_data/85112_TV.wav,1.0,0.31954578
/tmp/backbone_swap_panns_p7fs97_5/data/PhysioNet2022/training_data/85113_AV.wav,1.0,0.116887964
/tmp/backbone_swap_panns_p7fs97_5/data/PhysioNet2022/training_data/85113_MV.wav,1.0,0.13348097
/tmp/backbone_swap_panns_p7fs97_5/data/PhysioNet2022/training_data/85113_PV.wav,1.0,0.16817963
/tmp/backbone_swap_panns_p7fs97_5/data/PhysioNet2022/training_data/85113_TV.wav,1.0,0.19741856
/tmp/backbone_swap_panns_p7fs97_5/data/PhysioNet2022/training_data/85116_AV.wav,1.0,0.20586208
/tmp/backbone_swap_panns_p7fs97_5/data/PhysioNet2022/training_data/85116_MV.wav,1.0,0.43154562
/tmp/backbone_swap_panns_p7fs97_5/data/PhysioNet2022/training_data/85116_PV.wav,1.0,0.8654937
/tmp/backbone_swap_panns_p7fs97_5/data/PhysioNet2022/training_data/85116_TV.wav,1.0,0.56053704
/tmp/backbone_swap_panns_p7fs97_5/data/PhysioNet2022/training_data/85122_AV.wav,1.0,0.22081207
/tmp/backbone_swap_panns_p7fs97_5/data/PhysioNet2022/training_data/85122_MV.wav,1.0,0.13386181
/tmp/backbone_swap_panns_p7fs97_5/data/PhysioNet2022/training_data/85122_PV.wav,1.0,0.1447502
/tmp/backbone_swap_panns_p7fs97_5/data/PhysioNet2022/training_data/85122_TV.wav,1.0,0.17369011
/tmp/backbone_swap_panns_p7fs97_5/data/PhysioNet2022/training_data/85127_AV.wav,1.0,0.24986006
/tmp/backbone_swap_panns_p7fs97_5/data/PhysioNet2022/training_data/85127_MV.wav,1.0,0.31747493
/tmp/backbone_swap_panns_p7fs97_5/data/PhysioNet2022/training_data/85127_PV.wav,1.0,0.18306305
/tmp/backbone_swap_panns_p7fs97_5/data/PhysioNet2022/training_data/85127_TV.wav,1.0,0.24382682
/tmp/backbone_swap_panns_p7fs97_5/data/PhysioNet2022/training_data/85132_AV.wav,1.0,0.17327537
/tmp/backbone_swap_panns_p7fs97_5/data/PhysioNet2022/training_data/85132_MV.wav,1.0,0.15833355
/tmp/backbone_swap_panns_p7fs97_5/data/PhysioNet2022/training_data/85132_PV.wav,1.0,0.098533936
/tmp/backbone_swap_panns_p7fs97_5/data/PhysioNet2022/training_data/85132_TV.wav,1.0,0.13192257
/tmp/backbone_swap_panns_p7fs97_5/data/PhysioNet2022/training_data/85147_AV.wav,1.0,0.36201438
/tmp/backbone_swap_panns_p7fs97_5/data/PhysioNet2022/training_data/85147_MV.wav,1.0,0.13047984
/tmp/backbone_swap_panns_p7fs97_5/data/PhysioNet2022/training_data/85147_PV.wav,1.0,0.31499317
/tmp/backbone_swap_panns_p7fs97_5/data/PhysioNet2022/training_data/85147_TV.wav,1.0,0.19969295
/tmp/backbone_swap_panns_p7fs97_5/data/PhysioNet2022/training_data/85153_AV.wav,1.0,0.40116704
/tmp/backbone_swap_panns_p7fs97_5/data/PhysioNet2022/training_data/85153_PV.wav,1.0,0.28638083
/tmp/backbone_swap_panns_p7fs97_5/data/PhysioNet2022/training_data/85154_AV.wav,1.0,0.14202227
/tmp/backbone_swap_panns_p7fs97_5/data/PhysioNet2022/training_data/85154_MV.wav,1.0,0.1259642
/tmp/backbone_swap_panns_p7fs97_5/data/PhysioNet2022/training_data/85154_PV.wav,1.0,0.121203996
/tmp/backbone_swap_panns_p7fs97_5/data/PhysioNet2022/training_data/85154_TV.wav,1.0,0.19734615
/tmp/backbone_swap_panns_p7fs97_5/data/PhysioNet2022/training_data/85159_AV.wav,1.0,0.18909538
/tmp/backbone_swap_panns_p7fs97_5/data/PhysioNet2022/training_data/85159_MV.wav,1.0,0.24949224
/tmp/backbone_swap_panns_p7fs97_5/data/PhysioNet2022/training_data/85161_AV.wav,1.0,0.16060345
/tmp/backbone_swap_panns_p7fs97_5/data/PhysioNet2022/training_data/85161_MV.wav,1.0,0.16393663
/tmp/backbone_swap_panns_p7fs97_5/data/PhysioNet2022/training_data/85161_PV.wav,1.0,0.24942587
/tmp/backbone_swap_panns_p7fs97_5/data/PhysioNet2022/training_data/85161_TV.wav,1.0,0.50925237
/tmp/backbone_swap_panns_p7fs97_5/data/PhysioNet2022/training_data/85165_AV.wav,1.0,0.27600768
/tmp/backbone_swap_panns_p7fs97_5/data/PhysioNet2022/training_data/85165_MV.wav,1.0,0.2358696
/tmp/backbone_swap_panns_p7fs97_5/data/PhysioNet2022/training_data/85172_AV.wav,1.0,0.13756031
/tmp/backbone_swap_panns_p7fs97_5/data/PhysioNet2022/training_data/85172_MV.wav,1.0,0.26433903
/tmp/backbone_swap_panns_p7fs97_5/data/PhysioNet2022/training_data/85172_PV.wav,1.0,0.25774622
/tmp/backbone_swap_panns_p7fs97_5/data/PhysioNet2022/training_data/85172_TV.wav,1.0,0.19099358
/tmp/backbone_swap_panns_p7fs97_5/data/PhysioNet2022/training_data/85198_AV.wav,1.0,0.3153854
/tmp/backbone_swap_panns_p7fs97_5/data/PhysioNet2022/training_data/85198_MV.wav,1.0,0.18503757
/tmp/backbone_swap_panns_p7fs97_5/data/PhysioNet2022/training_data/85198_PV.wav,1.0,0.23474224
/tmp/backbone_swap_panns_p7fs97_5/data/PhysioNet2022/training_data/85198_TV.wav,1.0,0.114584446
/tmp/backbone_swap_panns_p7fs97_5/data/PhysioNet2022/training_data/85203_AV.wav,1.0,0.17977574
/tmp/backbone_swap_panns_p7fs97_5/data/PhysioNet2022/training_data/85203_MV.wav,1.0,0.24769841
/tmp/backbone_swap_panns_p7fs97_5/data/PhysioNet2022/training_data/85210_AV.wav,1.0,0.15129359
/tmp/backbone_swap_panns_p7fs97_5/data/PhysioNet2022/training_data/85210_MV.wav,1.0,0.28879422
/tmp/backbone_swap_panns_p7fs97_5/data/PhysioNet2022/training_data/85210_PV.wav,1.0,0.31390247
/tmp/backbone_swap_panns_p7fs97_5/data/PhysioNet2022/training_data/85210_TV.wav,1.0,0.34172016
/tmp/backbone_swap_panns_p7fs97_5/data/PhysioNet2022/training_data/85217_AV.wav,1.0,0.8499895
/tmp/backbone_swap_panns_p7fs97_5/data/PhysioNet2022/training_data/85217_MV.wav,1.0,0.57390124
/tmp/backbone_swap_panns_p7fs97_5/data/PhysioNet2022/training_data/85217_PV.wav,1.0,0.1581166
/tmp/backbone_swap_panns_p7fs97_5/data/PhysioNet2022/training_data/85217_TV.wav,1.0,0.36030814
/tmp/backbone_swap_panns_p7fs97_5/data/PhysioNet2022/training_data/85219_AV.wav,1.0,0.2635713
/tmp/backbone_swap_panns_p7fs97_5/data/PhysioNet2022/training_data/85219_MV.wav,1.0,0.08547285
/tmp/backbone_swap_panns_p7fs97_5/data/PhysioNet2022/training_data/85219_PV.wav,1.0,0.1789888
/tmp/backbone_swap_panns_p7fs97_5/data/PhysioNet2022/training_data/85219_TV.wav,1.0,0.22342196
/tmp/backbone_swap_panns_p7fs97_5/data/PhysioNet2022/training_data/85227_AV.wav,1.0,0.18443815
/tmp/backbone_swap_panns_p7fs97_5/data/PhysioNet2022/training_data/85227_MV.wav,1.0,0.23117423
/tmp/backbone_swap_panns_p7fs97_5/data/PhysioNet2022/training_data/85227_PV.wav,1.0,0.08272176
/tmp/backbone_swap_panns_p7fs97_5/data/PhysioNet2022/training_data/85227_TV.wav,1.0,0.1631764
/tmp/backbone_swap_panns_p7fs97_5/data/PhysioNet2022/training_data/85240_AV.wav,1.0,0.16226032
/tmp/backbone_swap_panns_p7fs97_5/data/PhysioNet2022/training_data/85240_PV.wav,1.0,0.25823653
/tmp/backbone_swap_panns_p7fs97_5/data/PhysioNet2022/training_data/85240_TV.wav,1.0,0.3218409
/tmp/backbone_swap_panns_p7fs97_5/data/PhysioNet2022/training_data/85250_AV.wav,1.0,0.09476934
/tmp/backbone_swap_panns_p7fs97_5/data/PhysioNet2022/training_data/85250_MV.wav,1.0,0.12833996
/tmp/backbone_swap_panns_p7fs97_5/data/PhysioNet2022/training_data/85250_PV.wav,1.0,0.43065694
/tmp/backbone_swap_panns_p7fs97_5/data/PhysioNet2022/training_data/85250_TV.wav,1.0,0.21375012
/tmp/backbone_swap_panns_p7fs97_5/data/PhysioNet2022/training_data/85259_AV.wav,1.0,0.37224874
/tmp/backbone_swap_panns_p7fs97_5/data/PhysioNet2022/training_data/85259_MV.wav,1.0,0.29422358
/tmp/backbone_swap_panns_p7fs97_5/data/PhysioNet2022/training_data/85264_MV.wav,1.0,0.069158256
/tmp/backbone_swap_panns_p7fs97_5/data/PhysioNet2022/training_data/85269_AV.wav,1.0,0.26416358
/tmp/backbone_swap_panns_p7fs97_5/data/PhysioNet2022/training_data/85269_PV.wav,1.0,0.2884145
/tmp/backbone_swap_panns_p7fs97_5/data/PhysioNet2022/training_data/85278_AV.wav,1.0,0.48841888
/tmp/backbone_swap_panns_p7fs97_5/data/PhysioNet2022/training_data/85278_MV.wav,1.0,0.5041087
/tmp/backbone_swap_panns_p7fs97_5/data/PhysioNet2022/training_data/85278_PV.wav,1.0,0.22079696
/tmp/backbone_swap_panns_p7fs97_5/data/PhysioNet2022/training_data/85278_TV.wav,1.0,0.2641054
/tmp/backbone_swap_panns_p7fs97_5/data/PhysioNet2022/training_data/85294_AV.wav,1.0,0.08945915
/tmp/backbone_swap_panns_p7fs97_5/data/PhysioNet2022/training_data/85294_MV.wav,1.0,0.22291905
/tmp/backbone_swap_panns_p7fs97_5/data/PhysioNet2022/training_data/85296_AV.wav,1.0,0.13478044
/tmp/backbone_swap_panns_p7fs97_5/data/PhysioNet2022/training_data/85296_MV.wav,1.0,0.21776372
/tmp/backbone_swap_panns_p7fs97_5/data/PhysioNet2022/training_data/85296_PV.wav,1.0,0.22819796
/tmp/backbone_swap_panns_p7fs97_5/data/PhysioNet2022/training_data/85296_TV.wav,1.0,0.11286794
/tmp/backbone_swap_panns_p7fs97_5/data/PhysioNet2022/training_data/85299_AV.wav,1.0,0.27140394
/tmp/backbone_swap_panns_p7fs97_5/data/PhysioNet2022/training_data/85299_MV.wav,1.0,0.10454993
/tmp/backbone_swap_panns_p7fs97_5/data/PhysioNet2022/training_data/85299_PV.wav,1.0,0.52817315
/tmp/backbone_swap_panns_p7fs97_5/data/PhysioNet2022/training_data/85299_TV.wav,1.0,0.26016575
/tmp/backbone_swap_panns_p7fs97_5/data/PhysioNet2022/training_data/85300_AV.wav,1.0,0.13925274
/tmp/backbone_swap_panns_p7fs97_5/data/PhysioNet2022/training_data/85300_MV.wav,1.0,0.22500682
/tmp/backbone_swap_panns_p7fs97_5/data/PhysioNet2022/training_data/85301_AV.wav,1.0,0.18874365
/tmp/backbone_swap_panns_p7fs97_5/data/PhysioNet2022/training_data/85301_MV.wav,1.0,0.28265214
/tmp/backbone_swap_panns_p7fs97_5/data/PhysioNet2022/training_data/85301_PV.wav,1.0,0.2623189
/tmp/backbone_swap_panns_p7fs97_5/data/PhysioNet2022/training_data/85301_TV.wav,1.0,0.20942909
/tmp/backbone_swap_panns_p7fs97_5/data/PhysioNet2022/training_data/85305_AV.wav,1.0,0.47384185
/tmp/backbone_swap_panns_p7fs97_5/data/PhysioNet2022/training_data/85305_MV.wav,1.0,0.38705692
/tmp/backbone_swap_panns_p7fs97_5/data/PhysioNet2022/training_data/85305_PV.wav,1.0,0.29221037
/tmp/backbone_swap_panns_p7fs97_5/data/PhysioNet2022/training_data/85305_TV.wav,1.0,0.19782816
/tmp/backbone_swap_panns_p7fs97_5/data/PhysioNet2022/training_data/85306_AV.wav,1.0,0.21618581
/tmp/backbone_swap_panns_p7fs97_5/data/PhysioNet2022/training_data/85306_MV.wav,1.0,0.5228114
/tmp/backbone_swap_panns_p7fs97_5/data/PhysioNet2022/training_data/85308_AV.wav,1.0,0.12667288
/tmp/backbone_swap_panns_p7fs97_5/data/PhysioNet2022/training_data/85308_MV.wav,1.0,0.23864797
/tmp/backbone_swap_panns_p7fs97_5/data/PhysioNet2022/training_data/85308_PV.wav,1.0,0.39047125
/tmp/backbone_swap_panns_p7fs97_5/data/PhysioNet2022/training_data/85308_TV.wav,1.0,0.20813182
/tmp/backbone_swap_panns_p7fs97_5/data/PhysioNet2022/training_data/85316_AV.wav,1.0,0.2705719
/tmp/backbone_swap_panns_p7fs97_5/data/PhysioNet2022/training_data/85316_MV.wav,1.0,0.10023363
/tmp/backbone_swap_panns_p7fs97_5/data/PhysioNet2022/training_data/85316_PV.wav,1.0,0.075977854
/tmp/backbone_swap_panns_p7fs97_5/data/PhysioNet2022/training_data/85316_TV.wav,1.0,0.5512151
/tmp/backbone_swap_panns_p7fs97_5/data/PhysioNet2022/training_data/85322_TV.wav,1.0,0.18348998
/tmp/backbone_swap_panns_p7fs97_5/data/PhysioNet2022/training_data/85327_AV.wav,1.0,0.45489112
/tmp/backbone_swap_panns_p7fs97_5/data/PhysioNet2022/training_data/85327_MV.wav,1.0,0.3833842
/tmp/backbone_swap_panns_p7fs97_5/data/PhysioNet2022/training_data/85327_PV.wav,1.0,0.14587988
/tmp/backbone_swap_panns_p7fs97_5/data/PhysioNet2022/training_data/85327_TV.wav,1.0,0.24041836
/tmp/backbone_swap_panns_p7fs97_5/data/PhysioNet2022/training_data/85328_AV.wav,1.0,0.4994456
/tmp/backbone_swap_panns_p7fs97_5/data/PhysioNet2022/training_data/85328_MV.wav,1.0,0.28084177
/tmp/backbone_swap_panns_p7fs97_5/data/PhysioNet2022/training_data/85328_PV.wav,1.0,0.15931684
/tmp/backbone_swap_panns_p7fs97_5/data/PhysioNet2022/training_data/85328_TV.wav,1.0,0.58533424
/tmp/backbone_swap_panns_p7fs97_5/data/PhysioNet2022/training_data/85329_AV.wav,1.0,0.3327641
/tmp/backbone_swap_panns_p7fs97_5/data/PhysioNet2022/training_data/85329_MV.wav,1.0,0.22351272
/tmp/backbone_swap_panns_p7fs97_5/data/PhysioNet2022/training_data/85329_PV.wav,1.0,0.221317
/tmp/backbone_swap_panns_p7fs97_5/data/PhysioNet2022/training_data/85329_TV.wav,1.0,0.13492844
/tmp/backbone_swap_panns_p7fs97_5/data/PhysioNet2022/training_data/85332_AV.wav,1.0,0.46544245
/tmp/backbone_swap_panns_p7fs97_5/data/PhysioNet2022/training_data/85332_PV.wav,1.0,0.29793608
/tmp/backbone_swap_panns_p7fs97_5/data/PhysioNet2022/training_data/85335_AV.wav,1.0,0.14048007
/tmp/backbone_swap_panns_p7fs97_5/data/PhysioNet2022/training_data/85335_PV.wav,1.0,0.2709189
/tmp/backbone_swap_panns_p7fs97_5/data/PhysioNet2022/training_data/85335_TV.wav,1.0,0.39183268
/tmp/backbone_swap_panns_p7fs97_5/data/PhysioNet2022/training_data/85337_AV.wav,1.0,0.09644885
/tmp/backbone_swap_panns_p7fs97_5/data/PhysioNet2022/training_data/85337_MV.wav,1.0,0.195888
/tmp/backbone_swap_panns_p7fs97_5/data/PhysioNet2022/training_data/85337_PV.wav,1.0,0.2092429
/tmp/backbone_swap_panns_p7fs97_5/data/PhysioNet2022/training_data/85337_TV.wav,1.0,0.2811356
/tmp/backbone_swap_panns_p7fs97_5/data/PhysioNet2022/training_data/85340_AV.wav,1.0,0.14802028
/tmp/backbone_swap_panns_p7fs97_5/data/PhysioNet2022/training_data/85340_MV.wav,1.0,0.3585907
/tmp/backbone_swap_panns_p7fs97_5/data/PhysioNet2022/training_data/85340_PV.wav,1.0,0.13539505
/tmp/backbone_swap_panns_p7fs97_5/data/PhysioNet2022/training_data/85340_TV.wav,1.0,0.17602992
/tmp/backbone_swap_panns_p7fs97_5/data/PhysioNet2022/training_data/9979_AV.wav,1.0,0.25773323
/tmp/backbone_swap_panns_p7fs97_5/data/PhysioNet2022/training_data/9979_MV.wav,1.0,0.33691636
/tmp/backbone_swap_panns_p7fs97_5/data/PhysioNet2022/training_data/9979_PV.wav,1.0,0.16252083
/tmp/backbone_swap_panns_p7fs97_5/data/PhysioNet2022/training_data/9979_TV.wav,1.0,0.30200586
/tmp/backbone_swap_panns_p7fs97_5/data/PhysioNet2022/training_data/9983_AV.wav,1.0,0.35897282
/tmp/backbone_swap_panns_p7fs97_5/data/PhysioNet2022/training_data/9983_MV.wav,1.0,0.8549179
/tmp/backbone_swap_panns_p7fs97_5/data/PhysioNet2022/training_data/9983_PV.wav,1.0,0.44158852
/tmp/backbone_swap_panns_p7fs97_5/data/PhysioNet2022/training_data/9983_TV.wav,1.0,0.13318549
noise,0.0,0.12784126
noise,0.0,0.19157924
noise,0.0,0.1724563
noise,0.0,0.1054671
noise,0.0,0.2755172
noise,0.0,0.103695124
noise,0.0,0.28661415
noise,0.0,0.12923512
noise,0.0,0.12340944
noise,0.0,0.24321689
noise,0.0,0.24809171
noise,0.0,0.32465088
noise,0.0,0.11865669
noise,0.0,0.07327443
noise,0.0,0.22065409
noise,0.0,0.15624693
noise,0.0,0.14295131
noise,0.0,0.29262665
noise,0.0,0.07273131
noise,0.0,0.06960811
noise,0.0,0.22172362
noise,0.0,0.12996328
noise,0.0,0.16468114
noise,0.0,0.15620357
noise,0.0,0.098214865
noise,0.0,0.085012116
noise,0.0,0.2962511
noise,0.0,0.23485829
noise,0.0,0.084563546
noise,0.0,0.13549237
noise,0.0,0.2712951
noise,0.0,0.27291018
noise,0.0,0.13074523
noise,0.0,0.28238443
noise,0.0,0.15328205
noise,0.0,0.16148292
noise,0.0,0.115331866
noise,0.0,0.11213415
noise,0.0,0.21870315
noise,0.0,0.29047385
noise,0.0,0.08108634
noise,0.0,0.10817795
noise,0.0,0.43692487
noise,0.0,0.11928047
noise,0.0,0.2002225
noise,0.0,0.11780965
noise,0.0,0.31600103
noise,0.0,0.108208194
noise,0.0,0.28831035
noise,0.0,0.3981711
noise,0.0,0.20967938
noise,0.0,0.24911831
noise,0.0,0.4151133
noise,0.0,0.42620414
noise,0.0,0.8953841
noise,0.0,0.04994265
noise,0.0,0.38445604
noise,0.0,0.16504267
noise,0.0,0.2414017
noise,0.0,0.13558574
noise,0.0,0.16553271
noise,0.0,0.107871965
noise,0.0,0.14813448
noise,0.0,0.17681105
noise,0.0,0.23378818
noise,0.0,0.15460964
noise,0.0,0.20633882
noise,0.0,0.102141924
noise,0.0,0.11370981
noise,0.0,0.31358495
noise,0.0,0.16904095
noise,0.0,0.5343121
noise,0.0,0.2523347
noise,0.0,0.20866598
noise,0.0,0.45237947
noise,0.0,0.14204058
noise,0.0,0.6821588
noise,0.0,0.15968283
noise,0.0,0.12199278
noise,0.0,0.2653221
noise,0.0,0.15328205
noise,0.0,0.1752232
noise,0.0,0.18121365
noise,0.0,0.2817622
noise,0.0,0.1241634
noise,0.0,0.19373007
noise,0.0,0.30578634
noise,0.0,0.14119753
noise,0.0,0.30625588
noise,0.0,0.18556117
noise,0.0,0.3048952
noise,0.0,0.14783692
noise,0.0,0.08191631
noise,0.0,0.10003453
noise,0.0,0.18110843
noise,0.0,0.1922359
noise,0.0,0.16005531
noise,0.0,0.3347439
noise,0.0,0.2654812
noise,0.0,0.42393318
noise,0.0,0.2226521
noise,0.0,0.11407338
noise,0.0,0.26621214
noise,0.0,0.06856946
noise,0.0,0.1557276
noise,0.0,0.15308352
noise,0.0,0.08702585
noise,0.0,0.049178086
noise,0.0,0.21880287
noise,0.0,0.33216065
noise,0.0,0.22880669
noise,0.0,0.17363861
noise,0.0,0.14963941
noise,0.0,0.13591303
noise,0.0,0.19984658
noise,0.0,0.16925006
noise,0.0,0.13431089
noise,0.0,0.09736337
noise,0.0,0.222506
noise,0.0,0.42329556
noise,0.0,0.40347445
noise,0.0,0.1931193
noise,0.0,0.15101328
noise,0.0,0.093627416
noise,0.0,0.16303559
noise,0.0,0.098158464
noise,0.0,0.15971325
noise,0.0,0.22557361
noise,0.0,0.13556015
noise,0.0,0.19359803
noise,0.0,0.34027153
noise,0.0,0.26449853
noise,0.0,0.10282899
noise,0.0,0.12736717
noise,0.0,0.40497392
noise,0.0,0.33583257
noise,0.0,0.1404149
noise,0.0,0.192006
noise,0.0,0.15172523
noise,0.0,0.31369302
noise,0.0,0.4217658
noise,0.0,0.24198616
noise,0.0,0.077546984
noise,0.0,0.13340275
noise,0.0,0.37995896
noise,0.0,0.053939734
noise,0.0,0.280541
noise,0.0,0.12340944
noise,0.0,0.20201552
noise,0.0,0.28564376
noise,0.0,0.6576844
noise,0.0,0.38246536
noise,0.0,0.26527795
noise,0.0,0.15531124
noise,0.0,0.2892943
noise,0.0,0.2654105
noise,0.0,0.23478481
noise,0.0,0.0983209
noise,0.0,0.41020906
noise,0.0,0.16150104
noise,0.0,0.13932976
noise,0.0,0.14825426
noise,0.0,0.22569208
noise,0.0,0.27009863
noise,0.0,0.38619283
noise,0.0,0.13574517
noise,0.0,0.07751839
noise,0.0,0.2633974
noise,0.0,0.18693808
noise,0.0,0.26845285
noise,0.0,0.26225397
noise,0.0,0.27493763
noise,0.0,0.19998388
noise,0.0,0.089099325
noise,0.0,0.23944212
noise,0.0,0.098145835
noise,0.0,0.20697775
noise,0.0,0.14990461
noise,0.0,0.08241618
noise,0.0,0.14304975
noise,0.0,0.26408404
noise,0.0,0.27851123
noise,0.0,0.12235514
noise,0.0,0.14740825
noise,0.0,0.15160295
noise,0.0,0.12871066
noise,0.0,0.12871566
noise,0.0,0.19196919
noise,0.0,0.11832067
noise,0.0,0.10282899
noise,0.0,0.38701537
noise,0.0,0.08865821
noise,0.0,0.3760475
noise,0.0,0.15378216
noise,0.0,0.20881452
noise,0.0,0.12551229
noise,0.0,0.17310542
noise,0.0,0.24174091
noise,0.0,0.13570468
noise,0.0,0.08262342
noise,0.0,0.19445999
noise,0.0,0.14599055
noise,0.0,0.18705186
noise,0.0,0.1256742
noise,0.0,0.10195481
noise,0.0,0.44161877
noise,0.0,0.24314772
noise,0.0,0.317481
noise,0.0,0.18090516
noise,0.0,0.21887003
noise,0.0,0.1787681
noise,0.0,0.18930848
noise,0.0,0.16056874
noise,0.0,0.29047763
noise,0.0,0.100509346
noise,0.0,0.32476437
noise,0.0,0.20457138
noise,0.0,0.4180054
noise,0.0,0.19991924
noise,0.0,0.09783282
noise,0.0,0.5929273
noise,0.0,0.43999588
noise,0.0,0.09377129
noise,0.0,0.2652248
noise,0.0,0.6038212
noise,0.0,0.42853454
noise,0.0,0.15734746
noise,0.0,0.16070853
noise,0.0,0.13352025
noise,0.0,0.18622375
noise,0.0,0.12924694
noise,0.0,0.10026285
noise,0.0,0.1614645
noise,0.0,0.32159555
noise,0.0,0.59026176
noise,0.0,0.078954555
noise,0.0,0.2864199
noise,0.0,0.3850465
noise,0.0,0.14939448
noise,0.0,0.73303026
noise,0.0,0.28478414
noise,0.0,0.16720136
noise,0.0,0.09390539
noise,0.0,0.10297799
noise,0.0,0.12394482
noise,0.0,0.5172641
noise,0.0,0.16011515
noise,0.0,0.14830935
noise,0.0,0.23913012
noise,0.0,0.12640661
noise,0.0,0.32193255
noise,0.0,0.3284664
noise,0.0,0.27744105
noise,0.0,0.12900668
noise,0.0,0.36757478
noise,0.0,0.5167899
noise,0.0,0.09695786
noise,0.0,0.2333458
noise,0.0,0.4608631
noise,0.0,0.38883582
noise,0.0,0.14523241
noise,0.0,0.1047869
noise,0.0,0.4678959
noise,0.0,0.19013283
noise,0.0,0.14999245
noise,0.0,0.13628833
noise,0.0,0.16837603
noise,0.0,0.37297368
noise,0.0,0.5818536
noise,0.0,0.14356871
noise,0.0,0.11838579
noise,0.0,0.24225722
noise,0.0,0.25623277
noise,0.0,0.074732
noise,0.0,0.49842024
noise,0.0,0.12627631
noise,0.0,0.5177159
noise,0.0,0.12723207
noise,0.0,0.17645876
noise,0.0,0.21886316
noise,0.0,0.15941577
noise,0.0,0.26885056
noise,0.0,0.16959757
noise,0.0,0.2949974
noise,0.0,0.2179705
noise,0.0,0.31222188
noise,0.0,0.17151108
noise,0.0,0.18502048
noise,0.0,0.1502032
noise,0.0,0.11228527
noise,0.0,0.17111275
noise,0.0,0.2904904
noise,0.0,0.0857991
noise,0.0,0.10315771
noise,0.0,0.13247305
noise,0.0,0.17986146
noise,0.0,0.16307709
noise,0.0,0.5304127
noise,0.0,0.30958614
noise,0.0,0.16983202
noise,0.0,0.2237395
noise,0.0,0.27780282
noise,0.0,0.13867573
noise,0.0,0.31750333
noise,0.0,0.20604195
noise,0.0,0.27208808
noise,0.0,0.19650759
noise,0.0,0.10467069
noise,0.0,0.1759603
noise,0.0,0.3038098
noise,0.0,0.08335389
noise,0.0,0.2688143
noise,0.0,0.14881529
noise,0.0,0.24058782
noise,0.0,0.17222433
noise,0.0,0.11635132
noise,0.0,0.081399284
noise,0.0,0.14600615
noise,0.0,0.305787
noise,0.0,0.20109546
noise,0.0,0.34595636
noise,0.0,0.14382514
noise,0.0,0.19097424
noise,0.0,0.1903095
noise,0.0,0.23037125
noise,0.0,0.22400004
noise,0.0,0.046653274
noise,0.0,0.102009535
noise,0.0,0.12702243
noise,0.0,0.26095423
noise,0.0,0.11165469
noise,0.0,0.2561291
noise,0.0,0.18758899
noise,0.0,0.13340962
noise,0.0,0.3432039
noise,0.0,0.6702346
noise,0.0,0.15151808
noise,0.0,0.10027583
noise,0.0,0.20729978
noise,0.0,0.35558653
noise,0.0,0.13181977
noise,0.0,0.25038886
noise,0.0,0.12643246
noise,0.0,0.1223576
noise,0.0,0.12669618
noise,0.0,0.09459871
noise,0.0,0.19119589
noise,0.0,0.317469
noise,0.0,0.1722141
noise,0.0,0.24555081
noise,0.0,0.35050076
noise,0.0,0.2877417
noise,0.0,0.16047315
noise,0.0,0.33451104
noise,0.0,0.16979487
noise,0.0,0.30252245
noise,0.0,0.09705581
noise,0.0,0.22206905
noise,0.0,0.13388017
noise,0.0,0.1876713
noise,0.0,0.22029662
noise,0.0,0.11277016
noise,0.0,0.13441567
noise,0.0,0.15249772
noise,0.0,0.28237984
noise,0.0,0.10500277
noise,0.0,0.15758012
noise,0.0,0.10322406
noise,0.0,0.19494615
noise,0.0,0.51673657
noise,0.0,0.21376356
noise,0.0,0.108143374
noise,0.0,0.27428865
noise,0.0,0.33510536
noise,0.0,0.15796293
noise,0.0,0.17394017
noise,0.0,0.103050254
noise,0.0,0.41068172
noise,0.0,0.46288124
noise,0.0,0.29458377
noise,0.0,0.24564
noise,0.0,0.1243729
noise,0.0,0.21195485
noise,0.0,0.07661726
noise,0.0,0.39646816
noise,0.0,0.08321651
noise,0.0,0.1999604
noise,0.0,0.16610423
noise,0.0,0.21177717
noise,0.0,0.3983682
noise,0.0,0.11743601
noise,0.0,0.1862948
noise,0.0,0.28021866
noise,0.0,0.06818117
noise,0.0,0.14055382
noise,0.0,0.23881169
noise,0.0,0.11037681
noise,0.0,0.30067673
noise,0.0,0.1458399
noise,0.0,0.4528017
noise,0.0,0.13307448
noise,0.0,0.25273177
noise,0.0,0.12830238
noise,0.0,0.16693963
noise,0.0,0.058330636
noise,0.0,0.1042406
noise,0.0,0.52928966
noise,0.0,0.14378342
noise,0.0,0.1944319
noise,0.0,0.16766745
noise,0.0,0.14781623
noise,0.0,0.21609324
noise,0.0,0.309104
noise,0.0,0.085353665
noise,0.0,0.32734254
noise,0.0,0.18801902
noise,0.0,0.12985101
noise,0.0,0.1557577
noise,0.0,0.24955492
noise,0.0,0.34272566
noise,0.0,0.06208374
noise,0.0,0.33449706
noise,0.0,0.25613704
noise,0.0,0.19837351
noise,0.0,0.102468014
noise,0.0,0.19085602
noise,0.0,0.07249481
noise,0.0,0.2928865
noise,0.0,0.24582548
noise,0.0,0.19628298
noise,0.0,0.25704858
noise,0.0,0.1701486
noise,0.0,0.10096553
noise,0.0,0.2853973
noise,0.0,0.11955827
noise,0.0,0.22772108
noise,0.0,0.16357715
noise,0.0,0.20624377
noise,0.0,0.48249045
noise,0.0,0.09550631
noise,0.0,0.27137077
noise,0.0,0.12159345
noise,0.0,0.25741094
noise,0.0,0.49626514
noise,0.0,0.16922499
noise,0.0,0.2740319
noise,0.0,0.16552089
noise,0.0,0.16013551
noise,0.0,0.10320708
noise,0.0,0.2345837
noise,0.0,0.3117439
noise,0.0,0.28375903
noise,0.0,0.22531745
noise,0.0,0.15032558
noise,0.0,0.26998547
noise,0.0,0.12489999
noise,0.0,0.63479125
noise,0.0,0.13393517
noise,0.0,0.23826686
noise,0.0,0.2211901
noise,0.0,0.23938435
noise,0.0,0.19779798
noise,0.0,0.17196475
noise,0.0,0.29724365
noise,0.0,0.21341944
noise,0.0,0.1358227
noise,0.0,0.21109593
noise,0.0,0.18458693
noise,0.0,0.20476748
noise,0.0,0.25575474
noise,0.0,0.26817143
noise,0.0,0.2774265
noise,0.0,0.11605652
noise,0.0,0.1220082
noise,0.0,0.3050229
noise,0.0,0.5280714
noise,0.0,0.12825492
noise,0.0,0.2817622
noise,0.0,0.21719757
noise,0.0,0.33309558
noise,0.0,0.07931514
noise,0.0,0.13321473
noise,0.0,0.09928766
noise,0.0,0.13872455
noise,0.0,0.24987489
noise,0.0,0.5583303
noise,0.0,0.27338183
noise,0.0,0.07708446
noise,0.0,0.08575753
noise,0.0,0.3173478
noise,0.0,0.21093431
noise,0.0,0.47003293
noise,0.0,0.19211923
noise,0.0,0.71964055
noise,0.0,0.32732773
noise,0.0,0.23883796
noise,0.0,0.15286765
noise,0.0,0.13316776
noise,0.0,0.21074821
noise,0.0,0.1438339
noise,0.0,0.3150741
noise,0.0,0.09181312
noise,0.0,0.23153028
noise,0.0,0.33334488
noise,0.0,0.06416252
noise,0.0,0.17170286
noise,0.0,0.16881989
noise,0.0,0.5236442
noise,0.0,0.15537041
noise,0.0,0.3466659
noise,0.0,0.15473534
noise,0.0,0.14953613
noise,0.0,0.28186113
noise,0.0,0.12812386
noise,0.0,0.11546448
noise,0.0,0.07993208
noise,0.0,0.2938458
noise,0.0,0.083853595
noise,0.0,0.12623215
noise,0.0,0.2818484
noise,0.0,0.28695804
noise,0.0,0.16040872
noise,0.0,0.17396826
noise,0.0,0.17264229
noise,0.0,0.16566725
noise,0.0,0.44358236
noise,0.0,0.4740124
noise,0.0,0.22472794
noise,0.0,0.18063308
noise,0.0,0.047059823
noise,0.0,0.25855744
noise,0.0,0.19883844
noise,0.0,0.4278469
noise,0.0,0.11766715
noise,0.0,0.11697554
noise,0.0,0.3933068
noise,0.0,0.27859983
noise,0.0,0.14858748
noise,0.0,0.09245244
noise,0.0,0.30143076
noise,0.0,0.22080104
noise,0.0,0.27597314
noise,0.0,0.5027119
noise,0.0,0.13374059
noise,0.0,0.49255526
noise,0.0,0.3805134
noise,0.0,0.1675919
noise,0.0,0.17046718
noise,0.0,0.23065217
noise,0.0,0.32224515
noise,0.0,0.13362838
noise,0.0,0.29504916
noise,0.0,0.25361127
noise,0.0,0.07377728
noise,0.0,0.10205825
noise,0.0,0.19929647
noise,0.0,0.1524463
noise,0.0,0.23378818
noise,0.0,0.41693404
noise,0.0,0.09093392
noise,0.0,0.30352074
noise,0.0,0.07010679
noise,0.0,0.15927109
noise,0.0,0.11475671
noise,0.0,0.18411465
noise,0.0,0.13298273
noise,0.0,0.19181122
noise,0.0,0.089541994
noise,0.0,0.20254068
noise,0.0,0.1395173
noise,0.0,0.17080185
noise,0.0,0.24103422
noise,0.0,0.24668905
noise,0.0,0.60646564
noise,0.0,0.22796091
noise,0.0,0.20960888
noise,0.0,0.27589402
noise,0.0,0.22449121
noise,0.0,0.09631984
noise,0.0,0.4207583
noise,0.0,0.1441303
noise,0.0,0.18351932
noise,0.0,0.32568675
noise,0.0,0.28349426
noise,0.0,0.3984276
noise,0.0,0.4336119
noise,0.0,0.20444238
noise,0.0,0.18289053
noise,0.0,0.470217
noise,0.0,0.17000446
noise,0.0,0.13484956
noise,0.0,0.15305158
noise,0.0,0.14934468
noise,0.0,0.22135246
noise,0.0,0.14814788
noise,0.0,0.5280714
noise,0.0,0.13145734
noise,0.0,0.5472164
noise,0.0,0.23747821
noise,0.0,0.21956268
noise,0.0,0.244033
noise,0.0,0.1973116
noise,0.0,0.23726483
noise,0.0,0.21302925
noise,0.0,0.115796454
noise,0.0,0.18237987
noise,0.0,0.7162234
noise,0.0,0.13161324
noise,0.0,0.15795305
noise,0.0,0.13672051
noise,0.0,0.21531887
noise,0.0,0.20062695
noise,0.0,0.056776173
noise,0.0,0.08466668
noise,0.0,0.24176851
noise,0.0,0.59802884
noise,0.0,0.19718227
noise,0.0,0.32373142
noise,0.0,0.196712
noise,0.0,0.16434348
noise,0.0,0.16952255
noise,0.0,0.2664225
noise,0.0,0.54309464
noise,0.0,0.08740655
noise,0.0,0.27254477
noise,0.0,0.22416726
noise,0.0,0.22858304
noise,0.0,0.11573248
noise,0.0,0.11246714
noise,0.0,0.5630144
noise,0.0,0.21430804
noise,0.0,0.13183591
noise,0.0,0.11282001
noise,0.0,0.19934016
noise,0.0,0.16559768
noise,0.0,0.32164273
noise,0.0,0.14037244
noise,0.0,0.25837097
noise,0.0,0.29782507
noise,0.0,0.28375626
noise,0.0,0.15685177
noise,0.0,0.30733788
noise,0.0,0.19395204
noise,0.0,0.24167696
noise,0.0,0.17601201
noise,0.0,0.1946525
noise,0.0,0.11259284
noise,0.0,0.24678978
noise,0.0,0.121977255
noise,0.0,0.11549705
noise,0.0,0.10397906
noise,0.0,0.3220544
noise,0.0,0.42530307
noise,0.0,0.16367136
noise,0.0,0.13593215
noise,0.0,0.15913221
noise,0.0,0.10899179
noise,0.0,0.08704236
noise,0.0,0.34815678
noise,0.0,0.36912027
noise,0.0,0.55355334
noise,0.0,0.09390042
noise,0.0,0.104392365
noise,0.0,0.12377948
noise,0.0,0.08730451
noise,0.0,0.115618005
noise,0.0,0.29678777
noise,0.0,0.2803501
noise,0.0,0.13366203
noise,0.0,0.18040752
noise,0.0,0.20120974
noise,0.0,0.13617252
noise,0.0,0.14038771
noise,0.0,0.098687686
noise,0.0,0.23784903
noise,0.0,0.27941003
noise,0.0,0.5358586
noise,0.0,0.019345162
noise,0.0,0.15712349
noise,0.0,0.72834885
noise,0.0,0.19855638
noise,0.0,0.08634497
noise,0.0,0.34800512
noise,0.0,0.12623055
noise,0.0,0.20990556
noise,0.0,0.29990155
noise,0.0,0.43968207
noise,0.0,0.32842863
noise,0.0,0.17986709
noise,0.0,0.3037963
noise,0.0,0.4377193
noise,0.0,0.21015155
noise,0.0,0.14216039
noise,0.0,0.14374794
noise,0.0,0.13324638
noise,0.0,0.25230587
noise,0.0,0.285962
noise,0.0,0.16827251
noise,0.0,0.111331776
noise,0.0,0.31456354
noise,0.0,0.23391324
noise,0.0,0.23644385
noise,0.0,0.18385945
noise,0.0,0.22638057
noise,0.0,0.12301356
noise,0.0,0.14594874
noise,0.0,0.18905407
noise,0.0,0.12743092
noise,0.0,0.23540214
noise,0.0,0.43314618
noise,0.0,0.13977984
noise,0.0,0.20260318
noise,0.0,0.2605311
noise,0.0,0.43678302
noise,0.0,0.24464422
noise,0.0,0.1474104
noise,0.0,0.53194946
noise,0.0,0.10110167
noise,0.0,0.5111799
noise,0.0,0.20543578
noise,0.0,0.14348961
noise,0.0,0.2317732
noise,0.0,0.33305532
noise,0.0,0.0974188
noise,0.0,0.1201453
noise,0.0,0.25349203
noise,0.0,0.25331
noise,0.0,0.3792157
noise,0.0,0.1642768
noise,0.0,0.08488494
noise,0.0,0.056954924
noise,0.0,0.17265995
noise,0.0,0.69441515
noise,0.0,0.5985456
noise,0.0,0.1800718
noise,0.0,0.42960182
noise,0.0,0.116499975
noise,0.0,0.19908698
noise,0.0,0.05642937
noise,0.0,0.33414823
noise,0.0,0.1694006
noise,0.0,0.14261517
noise,0.0,0.13820973
noise,0.0,0.08850424
noise,0.0,0.13061807
noise,0.0,0.10983499
noise,0.0,0.1693022
noise,0.0,0.34078816
noise,0.0,0.2077587
noise,0.0,0.19544126
noise,0.0,0.45922872
noise,0.0,0.08903671
noise,0.0,0.12542643
noise,0.0,0.25137544
noise,0.0,0.48211166
noise,0.0,0.2711406
noise,0.0,0.32268512
noise,0.0,0.41603515
noise,0.0,0.1034907
noise,0.0,0.695592
noise,0.0,0.71042824
noise,0.0,0.12350557
noise,0.0,0.20919415
noise,0.0,0.20724277
noise,0.0,0.23386092
noise,0.0,0.18411465
noise,0.0,0.19262727
noise,0.0,0.30231377
noise,0.0,0.14111304
noise,0.0,0.11841129
noise,0.0,0.20655997
noise,0.0,0.24268335
noise,0.0,0.105905496
noise,0.0,0.09672242
noise,0.0,0.12002128
noise,0.0,0.080662645
noise,0.0,0.35735258
noise,0.0,0.24684513
noise,0.0,0.10826378
noise,0.0,0.1103746
noise,0.0,0.23630308
noise,0.0,0.14178115
noise,0.0,0.43678302
noise,0.0,0.14294869
noise,0.0,0.2524805
noise,0.0,0.30178934
noise,0.0,0.30409083
noise,0.0,0.12036926
noise,0.0,0.2182648
noise,0.0,0.104315855
noise,0.0,0.24240905
noise,0.0,0.16749842
noise,0.0,0.23711272
noise,0.0,0.115467235
noise,0.0,0.1876649
noise,0.0,0.06952536
noise,0.0,0.15892178
noise,0.0,0.14458798
noise,0.0,0.09309151
noise,0.0,0.095709786
noise,0.0,0.20963089
noise,0.0,0.2307431
noise,0.0,0.1697793
noise,0.0,0.30859363
noise,0.0,0.3403968
noise,0.0,0.21395223
noise,0.0,0.23056169
noise,0.0,0.1033284
noise,0.0,0.35122955
noise,0.0,0.29778963
noise,0.0,0.25627595
noise,0.0,0.16221958
noise,0.0,0.57409334
noise,0.0,0.31000537
noise,0.0,0.25235087
noise,0.0,0.17779528
noise,0.0,0.10139476
noise,0.0,0.091512606
noise,0.0,0.12888825
noise,0.0,0.40781593
noise,0.0,0.25286865
noise,0.0,0.25552133
noise,0.0,0.102382936
noise,0.0,0.12447061
noise,0.0,0.14070371
noise,0.0,0.1791464
noise,0.0,0.30655947
noise,0.0,0.1712592
noise,0.0,0.15567198
noise,0.0,0.28422084
noise,0.0,0.14214951
noise,0.0,0.22474852
noise,0.0,0.09129162
noise,0.0,0.27194357
noise,0.0,0.16810523
noise,0.0,0.17879342
noise,0.0,0.20258176
noise,0.0,0.10306799
noise,0.0,0.27617225
noise,0.0,0.2006973
noise,0.0,0.26111013
noise,0.0,0.5213894
noise,0.0,0.17548026
noise,0.0,0.1318404
noise,0.0,0.43645185
noise,0.0,0.111828044
noise,0.0,0.30341542
noise,0.0,0.17908362
noise,0.0,0.25213483
noise,0.0,0.34637555
noise,0.0,0.2501309
noise,0.0,0.18002087
noise,0.0,0.08638927
noise,0.0,0.16261365
noise,0.0,0.25658277
noise,0.0,0.20851831
noise,0.0,0.1466861
noise,0.0,0.30770624
noise,0.0,0.1222485
noise,0.0,0.12320986
noise,0.0,0.08776722
noise,0.0,0.11454907
noise,0.0,0.072412886
noise,0.0,0.21047029
noise,0.0,0.083681025
noise,0.0,0.35977763
noise,0.0,0.2854847
noise,0.0,0.14600079
noise,0.0,0.06773137
noise,0.0,0.14222461
noise,0.0,0.18394938
noise,0.0,0.12868278
noise,0.0,0.13217899
noise,0.0,0.21644107
noise,0.0,0.393603
noise,0.0,0.35459659
noise,0.0,0.16951697
noise,0.0,0.05582142
noise,0.0,0.3174109
noise,0.0,0.30533662
noise,0.0,0.19592893
noise,0.0,0.35471967
noise,0.0,0.16117024
noise,0.0,0.27155632
noise,0.0,0.40091813
noise,0.0,0.35407144
noise,0.0,0.28100854
noise,0.0,0.11220149
noise,0.0,0.36037764
noise,0.0,0.1301007
noise,0.0,0.31318584
noise,0.0,0.15540823
noise,0.0,0.5654269
noise,0.0,0.2947675
noise,0.0,0.109403
noise,0.0,0.15154472
noise,0.0,0.82695496
noise,0.0,0.11178652
noise,0.0,0.37493458
noise,0.0,0.07941365
noise,0.0,0.27623582
noise,0.0,0.072105825
noise,0.0,0.18393067
noise,0.0,0.12704477
noise,0.0,0.17209765
noise,0.0,0.48749402
noise,0.0,0.14569886
noise,0.0,0.39066404
noise,0.0,0.20117953
noise,0.0,0.11069386
noise,0.0,0.19994712
noise,0.0,0.27976224
noise,0.0,0.28888893
noise,0.0,0.18384966
noise,0.0,0.29994145
noise,0.0,0.076559566
noise,0.0,0.24822609
noise,0.0,0.102551825
noise,0.0,0.2378383
noise,0.0,0.088440694
noise,0.0,0.15657711
noise,0.0,0.4445104
noise,0.0,0.14342718
noise,0.0,0.24532317
noise,0.0,0.6076404
noise,0.0,0.1611727
noise,0.0,0.17120321
noise,0.0,0.07841511
noise,0.0,0.19345999
noise,0.0,0.3178449
noise,0.0,0.106570855
noise,0.0,0.10159387
noise,0.0,0.11902403
noise,0.0,0.12318664
noise,0.0,0.08260594
noise,0.0,0.27709898
noise,0.0,0.15694813
noise,0.0,0.14066456
noise,0.0,0.13169341
noise,0.0,0.22283374
noise,0.0,0.33575615
noise,0.0,0.28173798
noise,0.0,0.11335654
noise,0.0,0.16860332
noise,0.0,0.3840717
noise,0.0,0.15027685
noise,0.0,0.093928255
noise,0.0,0.29611036
noise,0.0,0.14309043
noise,0.0,0.1282127
noise,0.0,0.106553145
noise,0.0,0.114527136
noise,0.0,0.4061987
noise,0.0,0.119382784
noise,0.0,0.19063379
noise,0.0,0.15504664
noise,0.0,0.22867835
noise,0.0,0.9179362
noise,0.0,0.20818633
noise,0.0,0.071872115
noise,0.0,0.1297878
noise,0.0,0.27431762
noise,0.0,0.09691125
noise,0.0,0.19820134
noise,0.0,0.5466328
noise,0.0,0.24263392
noise,0.0,0.108635984
noise,0.0,0.13075505
noise,0.0,0.15534498
noise,0.0,0.27108186
noise,0.0,0.15066409
noise,0.0,0.2509408
noise,0.0,0.13381948
noise,0.0,0.11413907
noise,0.0,0.18335743
noise,0.0,0.2728958
noise,0.0,0.06040617
noise,0.0,0.69459003
noise,0.0,0.54174644
noise,0.0,0.15567805
noise,0.0,0.21248703
noise,0.0,0.08418377
noise,0.0,0.21126431
noise,0.0,0.09529331
noise,0.0,0.16488536
noise,0.0,0.122110695
noise,0.0,0.18643817
noise,0.0,0.43715712
noise,0.0,0.9241414
noise,0.0,0.2402264
noise,0.0,0.08951986
noise,0.0,0.31441405
noise,0.0,0.06386052
noise,0.0,0.44936463
noise,0.0,0.106156185
noise,0.0,0.05372378
noise,0.0,0.36654043
noise,0.0,0.28830412
noise,0.0,0.11110174
noise,0.0,0.099168025
noise,0.0,0.055336207
noise,0.0,0.37483957
noise,0.0,0.18042643
noise,0.0,0.096331164
noise,0.0,0.25257313
noise,0.0,0.22570938
noise,0.0,0.23521268
noise,0.0,0.16103439
noise,0.0,0.15531063
noise,0.0,0.46474776
noise,0.0,0.10911054
noise,0.0,0.24669205
noise,0.0,0.08669638
noise,0.0,0.19303066
noise,0.0,0.26355898
noise,0.0,0.2784605
noise,0.0,0.21666633
noise,0.0,0.17701648
noise,0.0,0.15158537
noise,0.0,0.2590069
noise,0.0,0.05477757
noise,0.0,0.121115334
noise,0.0,0.10118954
noise,0.0,0.6530717
noise,0.0,0.14488047
noise,0.0,0.223301
noise,0.0,0.23024808
noise,0.0,0.13754518
noise,0.0,0.37527353
noise,0.0,0.15027714
noise,0.0,0.35363436
noise,0.0,0.17546712
noise,0.0,0.40285224
noise,0.0,0.559094
noise,0.0,0.097709745
noise,0.0,0.12405836
