filename,y_true,probs
/tmp/backbone_swap_hubert_os0n621f/data/PhysioNet2022/training_data/14241_AV.wav,1.0,0.19155395
/tmp/backbone_swap_hubert_os0n621f/data/PhysioNet2022/training_data/14241_MV.wav,1.0,0.14113514
/tmp/backbone_swap_hubert_os0n621f/data/PhysioNet2022/training_data/14241_PV.wav,1.0,0.26622954
/tmp/backbone_swap_hubert_os0n621f/data/PhysioNet2022/training_data/14241_TV.wav,1.0,0.6701089
/tmp/backbone_swap_hubert_os0n621f/data/PhysioNet2022/training_data/24160_AV.wav,1.0,0.37055868
/tmp/backbone_swap_hubert_os0n621f/data/PhysioNet2022/training_data/24160_MV.wav,1.0,0.16961361
/tmp/backbone_swap_hubert_os0n621f/data/PhysioNet2022/training_data/24160_PV.wav,1.0,0.14659247
/tmp/backbone_swap_hubert_os0n621f/data/PhysioNet2022/training_data/24160_TV.wav,1.0,0.15922123
/tmp/backbone_swap_hubert_os0n621f/data/PhysioNet2022/training_data/31737_AV.wav,1.0,0.31278035
/tmp/backbone_swap_hubert_os0n621f/data/PhysioNet2022/training_data/31737_MV.wav,1.0,0.83704907
/tmp/backbone_swap_hubert_os0n621f/data/PhysioNet2022/training_data/31737_PV.wav,1.0,0.46572742
/tmp/backbone_swap_hubert_os0n621f/data/PhysioNet2022/training_data/31737_TV.wav,1.0,0.1250293
/tmp/backbone_swap_hubert_os0n621f/data/PhysioNet2022/training_data/39403_AV.wav,1.0,0.1821745
/tmp/backbone_swap_hubert_os0n621f/data/PhysioNet2022/training_data/39403_MV.wav,1.0,0.10520911
/tmp/backbone_swap_hubert_os0n621f/data/PhysioNet2022/training_data/39403_PV.wav,1.0,0.067359954
/tmp/backbone_swap_hubert_os0n621f/data/PhysioNet2022/training_data/39403_TV.wav,1.0,0.07609755
/tmp/backbone_swap_hubert_os0n621f/data/PhysioNet2022/training_data/39456_MV.wav,1.0,0.17503153
/tmp/backbone_swap_hubert_os0n621f/data/PhysioNet2022/training_data/39456_PV.wav,1.0,0.14172493
/tmp/backbone_swap_hubert_os0n621f/data/PhysioNet2022/training_data/39456_TV.wav,1.0,0.063023485
/tmp/backbone_swap_hubert_os0n621f/data/PhysioNet2022/training_data/45843_AV.wav,1.0,0.19357903
/tmp/backbone_swap_hubert_os0n621f/data/PhysioNet2022/training_data/45843_MV.wav,1.0,0.12903512
/tmp/backbone_swap_hubert_os0n621f/data/PhysioNet2022/training_data/45843_PV.wav,1.0,0.14028315
/tmp/backbone_swap_hubert_os0n621f/data/PhysioNet2022/training_data/45843_TV.wav,1.0,0.4041063
/tmp/backbone_swap_hubert_os0n621f/data/PhysioNet2022/training_data/46065_AV.wav,1.0,0.17957193
/tmp/backbone_swap_hubert_os0n621f/data/PhysioNet2022/training_data/46065_MV.wav,1.0,0.32709438
/tmp/backbone_swap_hubert_os0n621f/data/PhysioNet2022/training_data/46065_PV.wav,1.0,0.1795668
/tmp/backbone_swap_hubert_os0n621f/data/PhysioNet2022/training_data/46065_TV.wav,1.0,0.19631949
/tmp/backbone_swap_hubert_os0n621f/data/PhysioNet2022/training_data/49561_AV.wav,1.0,0.29567298
/tmp/backbone_swap_hubert_os0n621f/data/PhysioNet2022/training_data/49561_MV.wav,1.0,0.09727748
/tmp/backbone_swap_hubert_os0n621f/data/PhysioNet2022/training_data/49561_PV.wav,1.0,0.19403614
/tmp/backbone_swap_hubert_os0n621f/data/PhysioNet2022/training_data/49561_TV.wav,1.0,0.22097363
/tmp/backbone_swap_hubert_os0n621f/data/PhysioNet2022/training_data/49577_AV.wav,1.0,0.105001144
/tmp/backbone_swap_hubert_os0n621f/data/PhysioNet2022/training_data/49577_MV.wav,1.0,0.4360339
/tmp/backbone_swap_hubert_os0n621f/data/PhysioNet2022/training_data/49577_PV.wav,1.0,0.26082635
/tmp/backbone_swap_hubert_os0n621f/data/PhysioNet2022/training_data/49577_TV.wav,1.0,0.35628423
/tmp/backbone_swap_hubert_os0n621f/data/PhysioNet2022/training_data/49595_AV.wav,1.0,0.24716261
/tmp/backbone_swap_hubert_os0n621f/data/PhysioNet2022/training_data/49595_MV.wav,1.0,0.2113763
/tmp/backbone_swap_hubert_os0n621f/data/PhysioNet2022/training_data/49598_AV.wav,1.0,0.20595433
/tmp/backbone_swap_hubert_os0n621f/data/PhysioNet2022/training_data/49598_MV.wav,1.0,0.242646
/tmp/backbone_swap_hubert_os0n621f/data/PhysioNet2022/training_data/49607_MV.wav,1.0,0.07644637
/tmp/backbone_swap_hubert_os0n621f/data/PhysioNet2022/training_data/49627_AV.wav,1.0,0.14855467
/tmp/backbone_swap_hubert_os0n621f/data/PhysioNet2022/training_data/49627_MV.wav,1.0,0.1275403
/tmp/backbone_swap_hubert_os0n621f/data/PhysioNet2022/training_data/49627_PV.wav,1.0,0.23897915
/tmp/backbone_swap_hubert_os0n621f/data/PhysioNet2022/training_data/49627_TV.wav,1.0,0.09438548
/tmp/backbone_swap_hubert_os0n621f/data/PhysioNet2022/training_data/49659_AV.wav,1.0,0.37418127
/tmp/backbone_swap_hubert_os0n621f/data/PhysioNet2022/training_data/49659_MV.wav,1.0,0.13469008
/tmp/backbone_swap_hubert_os0n621f/data/PhysioNet2022/training_data/49659_PV.wav,1.0,0.10403921
/tmp/backbone_swap_hubert_os0n621f/data/PhysioNet2022/training_data/49659_TV.wav,1.0,0.17613845
/tmp/backbone_swap_hubert_os0n621f/data/PhysioNet2022/training_data/49687_AV.wav,1.0,0.16576798
/tmp/backbone_swap_hubert_os0n621f/data/PhysioNet2022/training_data/49687_MV.wav,1.0,0.3109334
/tmp/backbone_swap_hubert_os0n621f/data/PhysioNet2022/training_data/49687_PV.wav,1.0,0.05197434
/tmp/backbone_swap_hubert_os0n621f/data/PhysioNet2022/training_data/49687_TV.wav,1.0,0.42730826
/tmp/backbone_swap_hubert_os0n621f/data/PhysioNet2022/training_data/49691_AV.wav,1.0,0.41909155
/tmp/backbone_swap_hubert_os0n621f/data/PhysioNet2022/training_data/49691_MV.wav,1.0,0.103763014
/tmp/backbone_swap_hubert_os0n621f/data/PhysioNet2022/training_data/49691_PV.wav,1.0,0.6792733
/tmp/backbone_swap_hubert_os0n621f/data/PhysioNet2022/training_data/49691_TV.wav,1.0,0.13706978
/tmp/backbone_swap_hubert_os0n621f/data/PhysioNet2022/training_data/49735_MV.wav,1.0,0.3304916
/tmp/backbone_swap_hubert_os0n621f/data/PhysioNet2022/training_data/49735_PV.wav,1.0,0.24635771
/tmp/backbone_swap_hubert_os0n621f/data/PhysioNet2022/training_data/49735_TV.wav,1.0,0.16658273
/tmp/backbone_swap_hubert_os0n621f/data/PhysioNet2022/training_data/49754_AV.wav,1.0,0.20992365
/tmp/backbone_swap_hubert_os0n621f/data/PhysioNet2022/training_data/49754_MV.wav,1.0,0.20810294
/tmp/backbone_swap_hubert_os0n621f/data/PhysioNet2022/training_data/49754_PV.wav,1.0,0.18110175
/tmp/backbone_swap_hubert_os0n621f/data/PhysioNet2022/training_data/49754_TV.wav,1.0,0.565285
/tmp/backbone_swap_hubert_os0n621f/data/PhysioNet2022/training_data/49776_AV.wav,1.0,0.1638088
/tmp/backbone_swap_hubert_os0n621f/data/PhysioNet2022/training_data/49776_MV.wav,1.0,0.19212225
/tmp/backbone_swap_hubert_os0n621f/data/PhysioNet2022/training_data/49838_MV.wav,1.0,0.2376436
/tmp/backbone_swap_hubert_os0n621f/data/PhysioNet2022/training_data/49897_AV.wav,1.0,0.21745102
/tmp/backbone_swap_hubert_os0n621f/data/PhysioNet2022/training_data/49897_MV.wav,1.0,0.37975067
/tmp/backbone_swap_hubert_os0n621f/data/PhysioNet2022/training_data/49897_PV.wav,1.0,0.11737683
/tmp/backbone_swap_hubert_os0n621f/data/PhysioNet2022/training_data/49897_TV.wav,1.0,0.12134354
/tmp/backbone_swap_hubert_os0n621f/data/PhysioNet2022/training_data/49952_AV.wav,1.0,0.11441618
/tmp/backbone_swap_hubert_os0n621f/data/PhysioNet2022/training_data/49952_MV_1.wav,1.0,0.061903685
/tmp/backbone_swap_hubert_os0n621f/data/PhysioNet2022/training_data/49952_MV_2.wav,1.0,0.45712143
/tmp/backbone_swap_hubert_os0n621f/data/PhysioNet2022/training_data/49952_PV.wav,1.0,0.296293
/tmp/backbone_swap_hubert_os0n621f/data/PhysioNet2022/training_data/49952_TV.wav,1.0,0.20176695
/tmp/backbone_swap_hubert_os0n621f/data/PhysioNet2022/training_data/49960_AV.wav,1.0,0.3451073
/tmp/backbone_swap_hubert_os0n621f/data/PhysioNet2022/training_data/49960_MV.wav,1.0,0.33476427
/tmp/backbone_swap_hubert_os0n621f/data/PhysioNet2022/training_data/49960_PV.wav,1.0,0.16028067
/tmp/backbone_swap_hubert_os0n621f/data/PhysioNet2022/training_data/49960_TV.wav,1.0,0.6417716
/tmp/backbone_swap_hubert_os0n621f/data/PhysioNet2022/training_data/49969_MV.wav,1.0,0.20080015
/tmp/backbone_swap_hubert_os0n621f/data/PhysioNet2022/training_data/49979_MV.wav,1.0,0.47371206
/tmp/backbone_swap_hubert_os0n621f/data/PhysioNet2022/training_data/49986_AV.wav,1.0,0.43655774
/tmp/backbone_swap_hubert_os0n621f/data/PhysioNet2022/training_data/49986_MV.wav,1.0,0.2628116
/tmp/backbone_swap_hubert_os0n621f/data/PhysioNet2022/training_data/49987_AV.wav,1.0,0.35183915
/tmp/backbone_swap_hubert_os0n621f/data/PhysioNet2022/training_data/49987_MV.wav,1.0,0.23179407
/tmp/backbone_swap_hubert_os0n621f/data/PhysioNet2022/training_data/49990_AV.wav,1.0,0.38380706
/tmp/backbone_swap_hubert_os0n621f/data/PhysioNet2022/training_data/49990_MV.wav,1.0,0.55044824
/tmp/backbone_swap_hubert_os0n621f/data/PhysioNet2022/training_data/49990_PV.wav,1.0,0.24156524
/tmp/backbone_swap_hubert_os0n621f/data/PhysioNet2022/training_data/49990_TV.wav,1.0,0.4459899
/tmp/backbone_swap_hubert_os0n621f/data/PhysioNet2022/training_data/49993_AV.wav,1.0,0.13006063
/tmp/backbone_swap_hubert_os0n621f/data/PhysioNet2022/training_data/49993_MV.wav,1.0,0.34749016
/tmp/backbone_swap_hubert_os0n621f/data/PhysioNet2022/training_data/49993_PV.wav,1.0,0.058096685
/tmp/backbone_swap_hubert_os0n621f/data/PhysioNet2022/training_data/49993_TV.wav,1.0,0.6089678
/tmp/backbone_swap_hubert_os0n621f/data/PhysioNet2022/training_data/49995_AV.wav,1.0,0.8237335
/tmp/backbone_swap_hubert_os0n621f/data/PhysioNet2022/training_data/49995_MV.wav,1.0,0.06839767
/tmp/backbone_swap_hubert_os0n621f/data/PhysioNet2022/training_data/49995_PV.wav,1.0,0.2444827
/tmp/backbone_swap_hubert_os0n621f/data/PhysioNet2022/training_data/49995_TV.wav,1.0,0.21358314
/tmp/backbone_swap_hubert_os0n621f/data/PhysioNet2022/training_data/49998_MV.wav,1.0,0.12521961
/tmp/backbone_swap_hubert_os0n621f/data/PhysioNet2022/training_data/49998_PV.wav,1.0,0.16478509
/tmp/backbone_swap_hubert_os0n621f/data/PhysioNet2022/training_data/49998_TV.wav,1.0,0.23397145
/tmp/backbone_swap_hubert_os0n621f/data/PhysioNet2022/training_data/50007_AV.wav,1.0,0.4525464
/tmp/backbone_swap_hubert_os0n621f/data/PhysioNet2022/training_data/50007_MV.wav,1.0,0.115238026
/tmp/backbone_swap_hubert_os0n621f/data/PhysioNet2022/training_data/50007_PV.wav,1.0,0.19417763
/tmp/backbone_swap_hubert_os0n621f/data/PhysioNet2022/training_data/50007_TV.wav,1.0,0.08228799
/tmp/backbone_swap_hubert_os0n621f/data/PhysioNet2022/training_data/50018_AV.wav,1.0,0.32551232
/tmp/backbone_swap_hubert_os0n621f/data/PhysioNet2022/training_data/50018_MV.wav,1.0,0.19056481
/tmp/backbone_swap_hubert_os0n621f/data/PhysioNet2022/training_data/50026_AV.wav,1.0,0.18342176
/tmp/backbone_swap_hubert_os0n621f/data/PhysioNet2022/training_data/50026_MV.wav,1.0,0.52071565
/tmp/backbone_swap_hubert_os0n621f/data/PhysioNet2022/training_data/50027_AV.wav,1.0,0.20464209
/tmp/backbone_swap_hubert_os0n621f/data/PhysioNet2022/training_data/50027_MV.wav,1.0,0.12971964
/tmp/backbone_swap_hubert_os0n621f/data/PhysioNet2022/training_data/50029_AV.wav,1.0,0.35966033
/tmp/backbone_swap_hubert_os0n621f/data/PhysioNet2022/training_data/50029_MV.wav,1.0,0.11415845
/tmp/backbone_swap_hubert_os0n621f/data/PhysioNet2022/training_data/50029_PV.wav,1.0,0.119764835
/tmp/backbone_swap_hubert_os0n621f/data/PhysioNet2022/training_data/50029_TV.wav,1.0,0.36945295
/tmp/backbone_swap_hubert_os0n621f/data/PhysioNet2022/training_data/50043_AV.wav,1.0,0.6496813
/tmp/backbone_swap_hubert_os0n621f/data/PhysioNet2022/training_data/50043_PV.wav,1.0,0.31062493
/tmp/backbone_swap_hubert_os0n621f/data/PhysioNet2022/training_data/50043_TV.wav,1.0,0.09850488
/tmp/backbone_swap_hubert_os0n621f/data/PhysioNet2022/training_data/50047_MV.wav,1.0,0.08903426
/tmp/backbone_swap_hubert_os0n621f/data/PhysioNet2022/training_data/50047_PV.wav,1.0,0.055450503
/tmp/backbone_swap_hubert_os0n621f/data/PhysioNet2022/training_data/50047_TV.wav,1.0,0.22390682
/tmp/backbone_swap_hubert_os0n621f/data/PhysioNet2022/training_data/50048_MV.wav,1.0,0.2852489
/tmp/backbone_swap_hubert_os0n621f/data/PhysioNet2022/training_data/50048_PV.wav,1.0,0.1750925
/tmp/backbone_swap_hubert_os0n621f/data/PhysioNet2022/training_data/50048_TV.wav,1.0,0.21320425
/tmp/backbone_swap_hubert_os0n621f/data/PhysioNet2022/training_data/50056_AV.wav,1.0,0.33805463
/tmp/backbone_swap_hubert_os0n621f/data/PhysioNet2022/training_data/50056_MV.wav,1.0,0.13089429
/tmp/backbone_swap_hubert_os0n621f/data/PhysioNet2022/training_data/50056_PV.wav,1.0,0.055635154
/tmp/backbone_swap_hubert_os0n621f/data/PhysioNet2022/training_data/50056_TV.wav,1.0,0.27195233
/tmp/backbone_swap_hubert_os0n621f/data/PhysioNet2022/training_data/50067_MV.wav,1.0,0.64581066
/tmp/backbone_swap_hubert_os0n621f/data/PhysioNet2022/training_data/50067_PV.wav,1.0,0.2091121
/tmp/backbone_swap_hubert_os0n621f/data/PhysioNet2022/training_data/50067_TV.wav,1.0,0.017314702
/tmp/backbone_swap_hubert_os0n621f/data/PhysioNet2022/training_data/50076_AV.wav,1.0,0.5523188
/tmp/backbone_swap_hubert_os0n621f/data/PhysioNet2022/training_data/50076_MV.wav,1.0,0.060313307
/tmp/backbone_swap_hubert_os0n621f/data/PhysioNet2022/training_data/50076_PV.wav,1.0,0.11842914
/tmp/backbone_swap_hubert_os0n621f/data/PhysioNet2022/training_data/50076_TV.wav,1.0,0.11129877
/tmp/backbone_swap_hubert_os0n621f/data/PhysioNet2022/training_data/50079_AV.wav,1.0,0.13555747
/tmp/backbone_swap_hubert_os0n621f/data/PhysioNet2022/training_data/50079_PV.wav,1.0,0.0830031
/tmp/backbone_swap_hubert_os0n621f/data/PhysioNet2022/training_data/50079_TV.wav,1.0,0.36586195
/tmp/backbone_swap_hubert_os0n621f/data/PhysioNet2022/training_data/50080_AV.wav,1.0,0.2518816
/tmp/backbone_swap_hubert_os0n621f/data/PhysioNet2022/training_data/50080_MV.wav,1.0,0.55151737
/tmp/backbone_swap_hubert_os0n621f/data/PhysioNet2022/training_data/50080_PV.wav,1.0,0.12691605
/tmp/backbone_swap_hubert_os0n621f/data/PhysioNet2022/training_data/50080_TV.wav,1.0,0.28464574
/tmp/backbone_swap_hubert_os0n621f/data/PhysioNet2022/training_data/50089_AV.wav,1.0,0.10187942
/tmp/backbone_swap_hubert_os0n621f/data/PhysioNet2022/training_data/50089_PV.wav,1.0,0.31148392
/tmp/backbone_swap_hubert_os0n621f/data/PhysioNet2022/training_data/50089_TV.wav,1.0,0.19777766
/tmp/backbone_swap_hubert_os0n621f/data/PhysioNet2022/training_data/50092_AV.wav,1.0,0.67288333
/tmp/backbone_swap_hubert_os0n621f/data/PhysioNet2022/training_data/50092_MV.wav,1.0,0.17731124
/tmp/backbone_swap_hubert_os0n621f/data/PhysioNet2022/training_data/50092_PV.wav,1.0,0.12567231
/tmp/backbone_swap_hubert_os0n621f/data/PhysioNet2022/training_data/50092_TV.wav,1.0,0.41983113
/tmp/backbone_swap_hubert_os0n621f/data/PhysioNet2022/training_data/50103_AV.wav,1.0,0.22339173
/tmp/backbone_swap_hubert_os0n621f/data/PhysioNet2022/training_data/50103_MV.wav,1.0,0.2580781
/tmp/backbone_swap_hubert_os0n621f/data/PhysioNet2022/training_data/50103_PV.wav,1.0,0.36771342
/tmp/backbone_swap_hubert_os0n621f/data/PhysioNet2022/training_data/50103_TV.wav,1.0,0.58858407
/tmp/backbone_swap_hubert_os0n621f/data/PhysioNet2022/training_data/50109_AV.wav,1.0,0.29847643
/tmp/backbone_swap_hubert_os0n621f/data/PhysioNet2022/training_data/50109_MV.wav,1.0,0.07210054
/tmp/backbone_swap_hubert_os0n621f/data/PhysioNet2022/training_data/50109_PV.wav,1.0,0.44857013
/tmp/backbone_swap_hubert_os0n621f/data/PhysioNet2022/training_data/50109_TV.wav,1.0,0.18754694
/tmp/backbone_swap_hubert_os0n621f/data/PhysioNet2022/training_data/50111_AV.wav,1.0,0.30993557
/tmp/backbone_swap_hubert_os0n621f/data/PhysioNet2022/training_data/50111_MV.wav,1.0,0.39575678
/tmp/backbone_swap_hubert_os0n621f/data/PhysioNet2022/training_data/50111_PV.wav,1.0,0.25775477
/tmp/backbone_swap_hubert_os0n621f/data/PhysioNet2022/training_data/50111_TV.wav,1.0,0.18546109
/tmp/backbone_swap_hubert_os0n621f/data/PhysioNet2022/training_data/50113_AV.wav,1.0,0.16528249
/tmp/backbone_swap_hubert_os0n621f/data/PhysioNet2022/training_data/50113_MV.wav,1.0,0.08878826
/tmp/backbone_swap_hubert_os0n621f/data/PhysioNet2022/training_data/50113_PV.wav,1.0,0.053892188
/tmp/backbone_swap_hubert_os0n621f/data/PhysioNet2022/training_data/50113_TV.wav,1.0,0.10027949
/tmp/backbone_swap_hubert_os0n621f/data/PhysioNet2022/training_data/50119_PV.wav,1.0,0.13701448
/tmp/backbone_swap_hubert_os0n621f/data/PhysioNet2022/training_data/50125_MV.wav,1.0,0.3298321
/tmp/backbone_swap_hubert_os0n621f/data/PhysioNet2022/training_data/50125_PV.wav,1.0,0.2564945
/tmp/backbone_swap_hubert_os0n621f/data/PhysioNet2022/training_data/50125_TV.wav,1.0,0.18288806
/tmp/backbone_swap_hubert_os0n621f/data/PhysioNet2022/training_data/50146_MV.wav,1.0,0.08097016
/tmp/backbone_swap_hubert_os0n621f/data/PhysioNet2022/training_data/50151_PV.wav,1.0,0.34688857
/tmp/backbone_swap_hubert_os0n621f/data/PhysioNet2022/training_data/50152_AV.wav,1.0,0.1594192
/tmp/backbone_swap_hubert_os0n621f/data/PhysioNet2022/training_data/50152_MV.wav,1.0,0.195382
/tmp/backbone_swap_hubert_os0n621f/data/PhysioNet2022/training_data/50155_AV.wav,1.0,0.41060042
/tmp/backbone_swap_hubert_os0n621f/data/PhysioNet2022/training_data/50155_PV.wav,1.0,0.20675313
/tmp/backbone_swap_hubert_os0n621f/data/PhysioNet2022/training_data/50155_TV.wav,1.0,0.12844291
/tmp/backbone_swap_hubert_os0n621f/data/PhysioNet2022/training_data/50160_MV.wav,1.0,0.25214884
/tmp/backbone_swap_hubert_os0n621f/data/PhysioNet2022/training_data/50160_PV.wav,1.0,0.20406656
/tmp/backbone_swap_hubert_os0n621f/data/PhysioNet2022/training_data/50160_TV.wav,1.0,0.5764521
/tmp/backbone_swap_hubert_os0n621f/data/PhysioNet2022/training_data/50174_AV.wav,1.0,0.313625
/tmp/backbone_swap_hubert_os0n621f/data/PhysioNet2022/training_data/50174_MV.wav,1.0,0.29399335
/tmp/backbone_swap_hubert_os0n621f/data/PhysioNet2022/training_data/50174_PV.wav,1.0,0.22213109
/tmp/backbone_swap_hubert_os0n621f/data/PhysioNet2022/training_data/50174_TV.wav,1.0,0.49252528
/tmp/backbone_swap_hubert_os0n621f/data/PhysioNet2022/training_data/50207_AV.wav,1.0,0.3008198
/tmp/backbone_swap_hubert_os0n621f/data/PhysioNet2022/training_data/50207_MV.wav,1.0,0.48147944
/tmp/backbone_swap_hubert_os0n621f/data/PhysioNet2022/training_data/50209_AV.wav,1.0,0.09072327
/tmp/backbone_swap_hubert_os0n621f/data/PhysioNet2022/training_data/50209_MV.wav,1.0,0.1904808
/tmp/backbone_swap_hubert_os0n621f/data/PhysioNet2022/training_data/50209_PV.wav,1.0,0.19857559
/tmp/backbone_swap_hubert_os0n621f/data/PhysioNet2022/training_data/50209_TV.wav,1.0,0.19835995
/tmp/backbone_swap_hubert_os0n621f/data/PhysioNet2022/training_data/50210_AV.wav,1.0,0.625525
/tmp/backbone_swap_hubert_os0n621f/data/PhysioNet2022/training_data/50210_MV_1.wav,1.0,0.28525978
/tmp/backbone_swap_hubert_os0n621f/data/PhysioNet2022/training_data/50210_MV_2.wav,1.0,0.6301809
/tmp/backbone_swap_hubert_os0n621f/data/PhysioNet2022/training_data/50210_PV.wav,1.0,0.115862906
/tmp/backbone_swap_hubert_os0n621f/data/PhysioNet2022/training_data/50210_TV.wav,1.0,0.8928312
/tmp/backbone_swap_hubert_os0n621f/data/PhysioNet2022/training_data/50216_AV.wav,1.0,0.086028256
/tmp/backbone_swap_hubert_os0n621f/data/PhysioNet2022/training_data/50216_MV.wav,1.0,0.3411472
/tmp/backbone_swap_hubert_os0n621f/data/PhysioNet2022/training_data/50216_PV.wav,1.0,0.20752175
/tmp/backbone_swap_hubert_os0n621f/data/PhysioNet2022/training_data/50216_Phc_1.wav,1.0,0.5712519
/tmp/backbone_swap_hubert_os0n621f/data/PhysioNet2022/training_data/50216_Phc_2.wav,1.0,0.19243538
/tmp/backbone_swap_hubert_os0n621f/data/PhysioNet2022/training_data/50217_AV.wav,1.0,0.4737292
/tmp/backbone_swap_hubert_os0n621f/data/PhysioNet2022/training_data/50217_PV.wav,1.0,0.037910134
/tmp/backbone_swap_hubert_os0n621f/data/PhysioNet2022/training_data/50218_AV.wav,1.0,0.5767673
/tmp/backbone_swap_hubert_os0n621f/data/PhysioNet2022/training_data/50218_MV.wav,1.0,0.19666325
/tmp/backbone_swap_hubert_os0n621f/data/PhysioNet2022/training_data/50218_PV.wav,1.0,0.11726677
/tmp/backbone_swap_hubert_os0n621f/data/PhysioNet2022/training_data/50218_TV.wav,1.0,0.10341297
/tmp/backbone_swap_hubert_os0n621f/data/PhysioNet2022/training_data/50229_AV.wav,1.0,0.58969665
/tmp/backbone_swap_hubert_os0n621f/data/PhysioNet2022/training_data/50229_MV.wav,1.0,0.18579857
/tmp/backbone_swap_hubert_os0n621f/data/PhysioNet2022/training_data/50229_PV.wav,1.0,0.13549218
/tmp/backbone_swap_hubert_os0n621f/data/PhysioNet2022/training_data/50229_TV.wav,1.0,0.27529782
/tmp/backbone_swap_hubert_os0n621f/data/PhysioNet2022/training_data/50231_AV.wav,1.0,0.18264748
/tmp/backbone_swap_hubert_os0n621f/data/PhysioNet2022/training_data/50231_MV.wav,1.0,0.12295622
/tmp/backbone_swap_hubert_os0n621f/data/PhysioNet2022/training_data/50231_PV.wav,1.0,0.21499361
/tmp/backbone_swap_hubert_os0n621f/data/PhysioNet2022/training_data/50231_TV.wav,1.0,0.06428661
/tmp/backbone_swap_hubert_os0n621f/data/PhysioNet2022/training_data/50233_AV.wav,1.0,0.20809613
/tmp/backbone_swap_hubert_os0n621f/data/PhysioNet2022/training_data/50233_MV.wav,1.0,0.15806575
/tmp/backbone_swap_hubert_os0n621f/data/PhysioNet2022/training_data/50233_PV.wav,1.0,0.15168531
/tmp/backbone_swap_hubert_os0n621f/data/PhysioNet2022/training_data/50233_TV.wav,1.0,0.36924088
/tmp/backbone_swap_hubert_os0n621f/data/PhysioNet2022/training_data/50239_AV.wav,1.0,0.39732033
/tmp/backbone_swap_hubert_os0n621f/data/PhysioNet2022/training_data/50239_MV.wav,1.0,0.17604157
/tmp/backbone_swap_hubert_os0n621f/data/PhysioNet2022/training_data/50239_PV.wav,1.0,0.08569674
/tmp/backbone_swap_hubert_os0n621f/data/PhysioNet2022/training_data/50239_TV.wav,1.0,0.13737324
/tmp/backbone_swap_hubert_os0n621f/data/PhysioNet2022/training_data/50249_AV_1.wav,1.0,0.19619964
/tmp/backbone_swap_hubert_os0n621f/data/PhysioNet2022/training_data/50249_AV_2.wav,1.0,0.19671585
/tmp/backbone_swap_hubert_os0n621f/data/PhysioNet2022/training_data/50249_MV.wav,1.0,0.15705167
/tmp/backbone_swap_hubert_os0n621f/data/PhysioNet2022/training_data/50258_MV.wav,1.0,0.11873343
/tmp/backbone_swap_hubert_os0n621f/data/PhysioNet2022/training_data/50258_PV.wav,1.0,0.15968035
/tmp/backbone_swap_hubert_os0n621f/data/PhysioNet2022/training_data/50258_TV.wav,1.0,0.09760589
/tmp/backbone_swap_hubert_os0n621f/data/PhysioNet2022/training_data/50261_AV.wav,1.0,0.15262064
/tmp/backbone_swap_hubert_os0n621f/data/PhysioNet2022/training_data/50261_MV.wav,1.0,0.11325579
/tmp/backbone_swap_hubert_os0n621f/data/PhysioNet2022/training_data/50261_PV.wav,1.0,0.2679302
/tmp/backbone_swap_hubert_os0n621f/data/PhysioNet2022/training_data/50261_TV.wav,1.0,0.1000761
/tmp/backbone_swap_hubert_os0n621f/data/PhysioNet2022/training_data/50263_AV.wav,1.0,0.3063895
/tmp/backbone_swap_hubert_os0n621f/data/PhysioNet2022/training_data/50263_MV.wav,1.0,0.1436602
/tmp/backbone_swap_hubert_os0n621f/data/PhysioNet2022/training_data/50263_PV.wav,1.0,0.22314626
/tmp/backbone_swap_hubert_os0n621f/data/PhysioNet2022/training_data/50263_TV_1.wav,1.0,0.23692708
/tmp/backbone_swap_hubert_os0n621f/data/PhysioNet2022/training_data/50263_TV_2.wav,1.0,0.19077003
/tmp/backbone_swap_hubert_os0n621f/data/PhysioNet2022/training_data/50277_AV.wav,1.0,0.06323339
/tmp/backbone_swap_hubert_os0n621f/data/PhysioNet2022/training_data/50277_MV.wav,1.0,0.27608502
/tmp/backbone_swap_hubert_os0n621f/data/PhysioNet2022/training_data/50277_PV.wav,1.0,0.2312796
/tmp/backbone_swap_hubert_os0n621f/data/PhysioNet2022/training_data/50277_TV.wav,1.0,0.10543752
/tmp/backbone_swap_hubert_os0n621f/data/PhysioNet2022/training_data/50278_AV.wav,1.0,0.2326117
/tmp/backbone_swap_hubert_os0n621f/data/PhysioNet2022/training_data/50278_MV.wav,1.0,0.1463085
/tmp/backbone_swap_hubert_os0n621f/data/PhysioNet2022/training_data/50278_PV.wav,1.0,0.47605053
/tmp/backbone_swap_hubert_os0n621f/data/PhysioNet2022/training_data/50278_TV.wav,1.0,0.032305945
/tmp/backbone_swap_hubert_os0n621f/data/PhysioNet2022/training_data/50280_AV.wav,1.0,0.26229665
/tmp/backbone_swap_hubert_os0n621f/data/PhysioNet2022/training_data/50280_PV.wav,1.0,0.10339905
/tmp/backbone_swap_hubert_os0n621f/data/PhysioNet2022/training_data/50280_TV.wav,1.0,0.40287137
/tmp/backbone_swap_hubert_os0n621f/data/PhysioNet2022/training_data/50281_MV.wav,1.0,0.21712998
/tmp/backbone_swap_hubert_os0n621f/data/PhysioNet2022/training_data/50281_PV.wav,1.0,0.36084777
/tmp/backbone_swap_hubert_os0n621f/data/PhysioNet2022/training_data/50281_TV.wav,1.0,0.10454486
/tmp/backbone_swap_hubert_os0n621f/data/PhysioNet2022/training_data/50289_AV.wav,1.0,0.30367494
/tmp/backbone_swap_hubert_os0n621f/data/PhysioNet2022/training_data/50289_MV.wav,1.0,0.4783299
/tmp/backbone_swap_hubert_os0n621f/data/PhysioNet2022/training_data/50289_PV.wav,1.0,0.24682882
/tmp/backbone_swap_hubert_os0n621f/data/PhysioNet2022/training_data/50289_TV.wav,1.0,0.29848692
/tmp/backbone_swap_hubert_os0n621f/data/PhysioNet2022/training_data/50298_MV.wav,1.0,0.24457079
/tmp/backbone_swap_hubert_os0n621f/data/PhysioNet2022/training_data/50298_PV.wav,1.0,0.24541341
/tmp/backbone_swap_hubert_os0n621f/data/PhysioNet2022/training_data/50298_TV.wav,1.0,0.1554172
/tmp/backbone_swap_hubert_os0n621f/data/PhysioNet2022/training_data/50299_AV.wav,1.0,0.09620648
/tmp/backbone_swap_hubert_os0n621f/data/PhysioNet2022/training_data/50299_MV.wav,1.0,0.14143954
/tmp/backbone_swap_hubert_os0n621f/data/PhysioNet2022/training_data/50299_PV.wav,1.0,0.36474264
/tmp/backbone_swap_hubert_os0n621f/data/PhysioNet2022/training_data/50299_TV.wav,1.0,0.1499682
/tmp/backbone_swap_hubert_os0n621f/data/PhysioNet2022/training_data/50300_AV.wav,1.0,0.1506027
/tmp/backbone_swap_hubert_os0n621f/data/PhysioNet2022/training_data/50300_MV.wav,1.0,0.20606671
/tmp/backbone_swap_hubert_os0n621f/data/PhysioNet2022/training_data/50312_AV.wav,1.0,0.34438857
/tmp/backbone_swap_hubert_os0n621f/data/PhysioNet2022/training_data/50312_MV.wav,1.0,0.10032691
/tmp/backbone_swap_hubert_os0n621f/data/PhysioNet2022/training_data/50312_PV.wav,1.0,0.14666083
/tmp/backbone_swap_hubert_os0n621f/data/PhysioNet2022/training_data/50312_TV.wav,1.0,0.37203068
/tmp/backbone_swap_hubert_os0n621f/data/PhysioNet2022/training_data/50318_AV.wav,1.0,0.2845694
/tmp/backbone_swap_hubert_os0n621f/data/PhysioNet2022/training_data/50318_MV.wav,1.0,0.5664125
/tmp/backbone_swap_hubert_os0n621f/data/PhysioNet2022/training_data/50318_PV.wav,1.0,0.12329533
/tmp/backbone_swap_hubert_os0n621f/data/PhysioNet2022/training_data/50318_TV.wav,1.0,0.121102735
/tmp/backbone_swap_hubert_os0n621f/data/PhysioNet2022/training_data/50326_AV.wav,1.0,0.286168
/tmp/backbone_swap_hubert_os0n621f/data/PhysioNet2022/training_data/50326_MV.wav,1.0,0.50665957
/tmp/backbone_swap_hubert_os0n621f/data/PhysioNet2022/training_data/50326_PV.wav,1.0,0.018182606
/tmp/backbone_swap_hubert_os0n621f/data/PhysioNet2022/training_data/50326_TV.wav,1.0,0.14964044
/tmp/backbone_swap_hubert_os0n621f/data/PhysioNet2022/training_data/50330_AV.wav,1.0,0.71127015
/tmp/backbone_swap_hubert_os0n621f/data/PhysioNet2022/training_data/50330_MV.wav,1.0,0.11256502
/tmp/backbone_swap_hubert_os0n621f/data/PhysioNet2022/training_data/50331_AV.wav,1.0,0.673844
/tmp/backbone_swap_hubert_os0n621f/data/PhysioNet2022/training_data/50331_MV.wav,1.0,0.3189078
/tmp/backbone_swap_hubert_os0n621f/data/PhysioNet2022/training_data/50331_PV.wav,1.0,0.14390217
/tmp/backbone_swap_hubert_os0n621f/data/PhysioNet2022/training_data/50331_TV.wav,1.0,0.3312893
/tmp/backbone_swap_hubert_os0n621f/data/PhysioNet2022/training_data/50335_AV.wav,1.0,0.109541506
/tmp/backbone_swap_hubert_os0n621f/data/PhysioNet2022/training_data/50335_MV.wav,1.0,0.3627747
/tmp/backbone_swap_hubert_os0n621f/data/PhysioNet2022/training_data/50339_AV.wav,1.0,0.67623717
/tmp/backbone_swap_hubert_os0n621f/data/PhysioNet2022/training_data/50339_MV.wav,1.0,0.16666275
/tmp/backbone_swap_hubert_os0n621f/data/PhysioNet2022/training_data/50339_PV.wav,1.0,0.13657752
/tmp/backbone_swap_hubert_os0n621f/data/PhysioNet2022/training_data/50339_TV.wav,1.0,0.3529758
/tmp/backbone_swap_hubert_os0n621f/data/PhysioNet2022/training_data/50343_AV.wav,1.0,0.65588194
/tmp/backbone_swap_hubert_os0n621f/data/PhysioNet2022/training_data/50343_MV.wav,1.0,0.13598864
/tmp/backbone_swap_hubert_os0n621f/data/PhysioNet2022/training_data/50343_PV.wav,1.0,0.4180171
/tmp/backbone_swap_hubert_os0n621f/data/PhysioNet2022/training_data/50343_TV.wav,1.0,0.13517141
/tmp/backbone_swap_hubert_os0n621f/data/PhysioNet2022/training_data/50349_AV.wav,1.0,0.21688494
/tmp/backbone_swap_hubert_os0n621f/data/PhysioNet2022/training_data/50349_MV.wav,1.0,0.2724691
/tmp/backbone_swap_hubert_os0n621f/data/PhysioNet2022/training_data/50349_PV.wav,1.0,0.168701
/tmp/backbone_swap_hubert_os0n621f/data/PhysioNet2022/training_data/50349_TV.wav,1.0,0.27733496
/tmp/backbone_swap_hubert_os0n621f/data/PhysioNet2022/training_data/50379_AV.wav,1.0,0.17023452
/tmp/backbone_swap_hubert_os0n621f/data/PhysioNet2022/training_data/50379_MV.wav,1.0,0.035687853
/tmp/backbone_swap_hubert_os0n621f/data/PhysioNet2022/training_data/50379_PV.wav,1.0,0.10077204
/tmp/backbone_swap_hubert_os0n621f/data/PhysioNet2022/training_data/50379_TV.wav,1.0,0.5032238
/tmp/backbone_swap_hubert_os0n621f/data/PhysioNet2022/training_data/50391_MV.wav,1.0,0.16414268
/tmp/backbone_swap_hubert_os0n621f/data/PhysioNet2022/training_data/50391_PV.wav,1.0,0.11201589
/tmp/backbone_swap_hubert_os0n621f/data/PhysioNet2022/training_data/50391_TV.wav,1.0,0.2534086
/tmp/backbone_swap_hubert_os0n621f/data/PhysioNet2022/training_data/50619_AV.wav,1.0,0.18411386
/tmp/backbone_swap_hubert_os0n621f/data/PhysioNet2022/training_data/50619_MV.wav,1.0,0.13756126
/tmp/backbone_swap_hubert_os0n621f/data/PhysioNet2022/training_data/50619_PV.wav,1.0,0.17648788
/tmp/backbone_swap_hubert_os0n621f/data/PhysioNet2022/training_data/50619_TV.wav,1.0,0.29832423
/tmp/backbone_swap_hubert_os0n621f/data/PhysioNet2022/training_data/50621_PV.wav,1.0,0.3005176
/tmp/backbone_swap_hubert_os0n621f/data/PhysioNet2022/training_data/50631_AV.wav,1.0,0.14947876
/tmp/backbone_swap_hubert_os0n621f/data/PhysioNet2022/training_data/50631_MV.wav,1.0,0.120361
/tmp/backbone_swap_hubert_os0n621f/data/PhysioNet2022/training_data/50641_MV.wav,1.0,0.32791802
/tmp/backbone_swap_hubert_os0n621f/data/PhysioNet2022/training_data/50641_PV.wav,1.0,0.39401436
/tmp/backbone_swap_hubert_os0n621f/data/PhysioNet2022/training_data/50641_TV.wav,1.0,0.27831203
/tmp/backbone_swap_hubert_os0n621f/data/PhysioNet2022/training_data/50647_AV.wav,1.0,0.16018671
/tmp/backbone_swap_hubert_os0n621f/data/PhysioNet2022/training_data/50647_MV.wav,1.0,0.08714125
/tmp/backbone_swap_hubert_os0n621f/data/PhysioNet2022/training_data/50647_PV.wav,1.0,0.76050013
/tmp/backbone_swap_hubert_os0n621f/data/PhysioNet2022/training_data/50647_TV.wav,1.0,0.1618726
/tmp/backbone_swap_hubert_os0n621f/data/PhysioNet2022/training_data/50652_AV.wav,1.0,0.12973064
/tmp/backbone_swap_hubert_os0n621f/data/PhysioNet2022/training_data/50652_MV.wav,1.0,0.43368614
/tmp/backbone_swap_hubert_os0n621f/data/PhysioNet2022/training_data/50655_AV.wav,1.0,0.071838304
/tmp/backbone_swap_hubert_os0n621f/data/PhysioNet2022/training_data/50655_MV.wav,1.0,0.22274911
/tmp/backbone_swap_hubert_os0n621f/data/PhysioNet2022/training_data/50667_AV.wav,1.0,0.34209436
/tmp/backbone_swap_hubert_os0n621f/data/PhysioNet2022/training_data/50667_MV.wav,1.0,0.1733803
/tmp/backbone_swap_hubert_os0n621f/data/PhysioNet2022/training_data/50667_PV.wav,1.0,0.5971951
/tmp/backbone_swap_hubert_os0n621f/data/PhysioNet2022/training_data/50667_TV.wav,1.0,0.33257687
/tmp/backbone_swap_hubert_os0n621f/data/PhysioNet2022/training_data/50676_AV.wav,1.0,0.18036266
/tmp/backbone_swap_hubert_os0n621f/data/PhysioNet2022/training_data/50676_MV.wav,1.0,0.23185396
/tmp/backbone_swap_hubert_os0n621f/data/PhysioNet2022/training_data/50676_PV.wav,1.0,0.2470636
/tmp/backbone_swap_hubert_os0n621f/data/PhysioNet2022/training_data/50676_TV.wav,1.0,0.0690827
/tmp/backbone_swap_hubert_os0n621f/data/PhysioNet2022/training_data/50689_AV.wav,1.0,0.43292135
/tmp/backbone_swap_hubert_os0n621f/data/PhysioNet2022/training_data/50689_MV.wav,1.0,0.16158257
/tmp/backbone_swap_hubert_os0n621f/data/PhysioNet2022/training_data/50689_PV.wav,1.0,0.061138533
/tmp/backbone_swap_hubert_os0n621f/data/PhysioNet2022/training_data/50689_TV.wav,1.0,0.17237817
/tmp/backbone_swap_hubert_os0n621f/data/PhysioNet2022/training_data/50691_AV.wav,1.0,0.14146708
/tmp/backbone_swap_hubert_os0n621f/data/PhysioNet2022/training_data/50691_MV.wav,1.0,0.5197886
/tmp/backbone_swap_hubert_os0n621f/data/PhysioNet2022/training_data/50691_PV.wav,1.0,0.35088822
/tmp/backbone_swap_hubert_os0n621f/data/PhysioNet2022/training_data/50691_TV.wav,1.0,0.16521586
/tmp/backbone_swap_hubert_os0n621f/data/PhysioNet2022/training_data/50707_AV.wav,1.0,0.51787364
/tmp/backbone_swap_hubert_os0n621f/data/PhysioNet2022/training_data/50707_MV.wav,1.0,0.3654672
/tmp/backbone_swap_hubert_os0n621f/data/PhysioNet2022/training_data/50707_TV.wav,1.0,0.025999816
/tmp/backbone_swap_hubert_os0n621f/data/PhysioNet2022/training_data/50713_AV.wav,1.0,0.12394573
/tmp/backbone_swap_hubert_os0n621f/data/PhysioNet2022/training_data/50713_MV.wav,1.0,0.29076195
/tmp/backbone_swap_hubert_os0n621f/data/PhysioNet2022/training_data/50713_PV.wav,1.0,0.17824556
/tmp/backbone_swap_hubert_os0n621f/data/PhysioNet2022/training_data/50713_TV.wav,1.0,0.18957031
/tmp/backbone_swap_hubert_os0n621f/data/PhysioNet2022/training_data/50720_AV.wav,1.0,0.110304795
/tmp/backbone_swap_hubert_os0n621f/data/PhysioNet2022/training_data/50720_MV.wav,1.0,0.44494638
/tmp/backbone_swap_hubert_os0n621f/data/PhysioNet2022/training_data/50721_AV.wav,1.0,0.16822368
/tmp/backbone_swap_hubert_os0n621f/data/PhysioNet2022/training_data/50721_MV.wav,1.0,0.15367855
/tmp/backbone_swap_hubert_os0n621f/data/PhysioNet2022/training_data/50721_PV.wav,1.0,0.10243572
/tmp/backbone_swap_hubert_os0n621f/data/PhysioNet2022/training_data/50721_TV.wav,1.0,0.20400915
/tmp/backbone_swap_hubert_os0n621f/data/PhysioNet2022/training_data/50736_AV.wav,1.0,0.0307166
/tmp/backbone_swap_hubert_os0n621f/data/PhysioNet2022/training_data/50736_PV.wav,1.0,0.07327847
/tmp/backbone_swap_hubert_os0n621f/data/PhysioNet2022/training_data/50736_TV.wav,1.0,0.4184804
/tmp/backbone_swap_hubert_os0n621f/data/PhysioNet2022/training_data/50746_AV.wav,1.0,0.62478244
/tmp/backbone_swap_hubert_os0n621f/data/PhysioNet2022/training_data/50746_MV.wav,1.0,0.7815605
/tmp/backbone_swap_hubert_os0n621f/data/PhysioNet2022/training_data/50746_PV.wav,1.0,0.4475744
/tmp/backbone_swap_hubert_os0n621f/data/PhysioNet2022/training_data/50746_TV.wav,1.0,0.22166036
/tmp/backbone_swap_hubert_os0n621f/data/PhysioNet2022/training_data/50753_AV.wav,1.0,0.22660765
/tmp/backbone_swap_hubert_os0n621f/data/PhysioNet2022/training_data/50753_MV.wav,1.0,0.19105145
/tmp/backbone_swap_hubert_os0n621f/data/PhysioNet2022/training_data/50753_PV.wav,1.0,0.1142661
/tmp/backbone_swap_hubert_os0n621f/data/PhysioNet2022/training_data/50753_TV.wav,1.0,0.09149249
/tmp/backbone_swap_hubert_os0n621f/data/PhysioNet2022/training_data/50754_AV.wav,1.0,0.2457457
/tmp/backbone_swap_hubert_os0n621f/data/PhysioNet2022/training_data/50754_MV.wav,1.0,0.14637204
/tmp/backbone_swap_hubert_os0n621f/data/PhysioNet2022/training_data/50754_PV.wav,1.0,0.3880691
/tmp/backbone_swap_hubert_os0n621f/data/PhysioNet2022/training_data/50754_TV.wav,1.0,0.116808645
/tmp/backbone_swap_hubert_os0n621f/data/PhysioNet2022/training_data/50758_AV.wav,1.0,0.21516967
/tmp/backbone_swap_hubert_os0n621f/data/PhysioNet2022/training_data/50758_MV.wav,1.0,0.25973535
/tmp/backbone_swap_hubert_os0n621f/data/PhysioNet2022/training_data/50758_PV.wav,1.0,0.16701727
/tmp/backbone_swap_hubert_os0n621f/data/PhysioNet2022/training_data/50758_TV.wav,1.0,0.05318062
/tmp/backbone_swap_hubert_os0n621f/data/PhysioNet2022/training_data/50763_AV.wav,1.0,0.37162146
/tmp/backbone_swap_hubert_os0n621f/data/PhysioNet2022/training_data/50763_MV.wav,1.0,0.29092714
/tmp/backbone_swap_hubert_os0n621f/data/PhysioNet2022/training_data/50763_PV.wav,1.0,0.06971044
/tmp/backbone_swap_hubert_os0n621f/data/PhysioNet2022/training_data/50763_TV.wav,1.0,0.13974497
/tmp/backbone_swap_hubert_os0n621f/data/PhysioNet2022/training_data/50766_AV.wav,1.0,0.6893572
/tmp/backbone_swap_hubert_os0n621f/data/PhysioNet2022/training_data/50766_MV.wav,1.0,0.18869533
/tmp/backbone_swap_hubert_os0n621f/data/PhysioNet2022/training_data/50766_PV.wav,1.0,0.51234555
/tmp/backbone_swap_hubert_os0n621f/data/PhysioNet2022/training_data/50766_TV.wav,1.0,0.6015028
/tmp/backbone_swap_hubert_os0n621f/data/PhysioNet2022/training_data/50773_AV.wav,1.0,0.11135093
/tmp/backbone_swap_hubert_os0n621f/data/PhysioNet2022/training_data/50773_MV.wav,1.0,0.07301768
/tmp/backbone_swap_hubert_os0n621f/data/PhysioNet2022/training_data/50773_PV.wav,1.0,0.1118639
/tmp/backbone_swap_hubert_os0n621f/data/PhysioNet2022/training_data/50773_TV.wav,1.0,0.062221937
/tmp/backbone_swap_hubert_os0n621f/data/PhysioNet2022/training_data/50774_AV.wav,1.0,0.35693264
/tmp/backbone_swap_hubert_os0n621f/data/PhysioNet2022/training_data/50774_MV.wav,1.0,0.096713394
/tmp/backbone_swap_hubert_os0n621f/data/PhysioNet2022/training_data/50774_TV.wav,1.0,0.6186984
/tmp/backbone_swap_hubert_os0n621f/data/PhysioNet2022/training_data/50776_PV.wav,1.0,0.11433515
/tmp/backbone_swap_hubert_os0n621f/data/PhysioNet2022/training_data/50781_AV.wav,1.0,0.15287472
/tmp/backbone_swap_hubert_os0n621f/data/PhysioNet2022/training_data/50781_MV.wav,1.0,0.75222844
/tmp/backbone_swap_hubert_os0n621f/data/PhysioNet2022/training_data/50781_PV.wav,1.0,0.32250613
/tmp/backbone_swap_hubert_os0n621f/data/PhysioNet2022/training_data/50781_TV.wav,1.0,0.68637186
/tmp/backbone_swap_hubert_os0n621f/data/PhysioNet2022/training_data/50784_AV.wav,1.0,0.15866977
/tmp/backbone_swap_hubert_os0n621f/data/PhysioNet2022/training_data/50784_MV.wav,1.0,0.33682656
/tmp/backbone_swap_hubert_os0n621f/data/PhysioNet2022/training_data/50784_PV.wav,1.0,0.4384865
/tmp/backbone_swap_hubert_os0n621f/data/PhysioNet2022/training_data/50784_TV.wav,1.0,0.2910558
/tmp/backbone_swap_hubert_os0n621f/data/PhysioNet2022/training_data/50788_AV.wav,1.0,0.054786824
/tmp/backbone_swap_hubert_os0n621f/data/PhysioNet2022/training_data/50788_MV.wav,1.0,0.4257956
/tmp/backbone_swap_hubert_os0n621f/data/PhysioNet2022/training_data/50788_PV.wav,1.0,0.12195651
/tmp/backbone_swap_hubert_os0n621f/data/PhysioNet2022/training_data/50788_TV.wav,1.0,0.13274565
/tmp/backbone_swap_hubert_os0n621f/data/PhysioNet2022/training_data/50789_AV.wav,1.0,0.2340374
/tmp/backbone_swap_hubert_os0n621f/data/PhysioNet2022/training_data/50789_MV.wav,1.0,0.110331014
/tmp/backbone_swap_hubert_os0n621f/data/PhysioNet2022/training_data/50789_PV.wav,1.0,0.1379764
/tmp/backbone_swap_hubert_os0n621f/data/PhysioNet2022/training_data/50789_TV.wav,1.0,0.21908449
/tmp/backbone_swap_hubert_os0n621f/data/PhysioNet2022/training_data/50797_AV.wav,1.0,0.10315343
/tmp/backbone_swap_hubert_os0n621f/data/PhysioNet2022/training_data/50797_MV.wav,1.0,0.18637358
/tmp/backbone_swap_hubert_os0n621f/data/PhysioNet2022/training_data/50797_PV.wav,1.0,0.19377261
/tmp/backbone_swap_hubert_os0n621f/data/PhysioNet2022/training_data/50797_TV.wav,1.0,0.13506223
/tmp/backbone_swap_hubert_os0n621f/data/PhysioNet2022/training_data/50802_AV.wav,1.0,0.045082007
/tmp/backbone_swap_hubert_os0n621f/data/PhysioNet2022/training_data/50802_MV.wav,1.0,0.17036517
/tmp/backbone_swap_hubert_os0n621f/data/PhysioNet2022/training_data/50802_PV.wav,1.0,0.122610815
/tmp/backbone_swap_hubert_os0n621f/data/PhysioNet2022/training_data/50802_TV_1.wav,1.0,0.35203156
/tmp/backbone_swap_hubert_os0n621f/data/PhysioNet2022/training_data/50802_TV_2.wav,1.0,0.11606889
/tmp/backbone_swap_hubert_os0n621f/data/PhysioNet2022/training_data/50803_AV.wav,1.0,0.30392042
/tmp/backbone_swap_hubert_os0n621f/data/PhysioNet2022/training_data/50803_MV.wav,1.0,0.24920663
/tmp/backbone_swap_hubert_os0n621f/data/PhysioNet2022/training_data/50803_PV.wav,1.0,0.51235354
/tmp/backbone_swap_hubert_os0n621f/data/PhysioNet2022/training_data/50803_TV.wav,1.0,0.28260237
/tmp/backbone_swap_hubert_os0n621f/data/PhysioNet2022/training_data/50805_MV.wav,1.0,0.23668002
/tmp/backbone_swap_hubert_os0n621f/data/PhysioNet2022/training_data/50805_PV.wav,1.0,0.34748155
/tmp/backbone_swap_hubert_os0n621f/data/PhysioNet2022/training_data/50805_TV.wav,1.0,0.14717314
/tmp/backbone_swap_hubert_os0n621f/data/PhysioNet2022/training_data/50807_AV.wav,1.0,0.15570003
/tmp/backbone_swap_hubert_os0n621f/data/PhysioNet2022/training_data/50807_MV.wav,1.0,0.18172532
/tmp/backbone_swap_hubert_os0n621f/data/PhysioNet2022/training_data/50807_PV.wav,1.0,0.14286193
/tmp/backbone_swap_hubert_os0n621f/data/PhysioNet2022/training_data/50807_TV.wav,1.0,0.015581752
/tmp/backbone_swap_hubert_os0n621f/data/PhysioNet2022/training_data/50818_AV.wav,1.0,0.055884685
/tmp/backbone_swap_hubert_os0n621f/data/PhysioNet2022/training_data/50818_MV.wav,1.0,0.09481105
/tmp/backbone_swap_hubert_os0n621f/data/PhysioNet2022/training_data/50818_PV.wav,1.0,0.11333617
/tmp/backbone_swap_hubert_os0n621f/data/PhysioNet2022/training_data/50818_TV.wav,1.0,0.4874785
/tmp/backbone_swap_hubert_os0n621f/data/PhysioNet2022/training_data/50826_AV.wav,1.0,0.25243047
/tmp/backbone_swap_hubert_os0n621f/data/PhysioNet2022/training_data/50826_MV.wav,1.0,0.45346302
/tmp/backbone_swap_hubert_os0n621f/data/PhysioNet2022/training_data/50826_PV.wav,1.0,0.70304364
/tmp/backbone_swap_hubert_os0n621f/data/PhysioNet2022/training_data/50826_TV.wav,1.0,0.23474808
/tmp/backbone_swap_hubert_os0n621f/data/PhysioNet2022/training_data/51331_AV.wav,1.0,0.48422056
/tmp/backbone_swap_hubert_os0n621f/data/PhysioNet2022/training_data/51331_MV.wav,1.0,0.22962424
/tmp/backbone_swap_hubert_os0n621f/data/PhysioNet2022/training_data/51331_PV.wav,1.0,0.29927972
/tmp/backbone_swap_hubert_os0n621f/data/PhysioNet2022/training_data/51331_TV.wav,1.0,0.400504
/tmp/backbone_swap_hubert_os0n621f/data/PhysioNet2022/training_data/55945_AV.wav,1.0,0.6145486
/tmp/backbone_swap_hubert_os0n621f/data/PhysioNet2022/training_data/55945_MV.wav,1.0,0.17490926
/tmp/backbone_swap_hubert_os0n621f/data/PhysioNet2022/training_data/55945_PV.wav,1.0,0.48533458
/tmp/backbone_swap_hubert_os0n621f/data/PhysioNet2022/training_data/55945_TV.wav,1.0,0.14303666
/tmp/backbone_swap_hubert_os0n621f/data/PhysioNet2022/training_data/57700_MV.wav,1.0,0.06644695
/tmp/backbone_swap_hubert_os0n621f/data/PhysioNet2022/training_data/57700_PV.wav,1.0,0.39880508
/tmp/backbone_swap_hubert_os0n621f/data/PhysioNet2022/training_data/57700_TV.wav,1.0,0.35557508
/tmp/backbone_swap_hubert_os0n621f/data/PhysioNet2022/training_data/61117_AV.wav,1.0,0.15176587
/tmp/backbone_swap_hubert_os0n621f/data/PhysioNet2022/training_data/61117_MV.wav,1.0,0.535697
/tmp/backbone_swap_hubert_os0n621f/data/PhysioNet2022/training_data/61117_PV.wav,1.0,0.27016768
/tmp/backbone_swap_hubert_os0n621f/data/PhysioNet2022/training_data/61117_TV.wav,1.0,0.1539997
/tmp/backbone_swap_hubert_os0n621f/data/PhysioNet2022/training_data/61610_AV.wav,1.0,0.17349988
/tmp/backbone_swap_hubert_os0n621f/data/PhysioNet2022/training_data/61610_MV.wav,1.0,0.32263
/tmp/backbone_swap_hubert_os0n621f/data/PhysioNet2022/training_data/61610_PV.wav,1.0,0.13270034
/tmp/backbone_swap_hubert_os0n621f/data/PhysioNet2022/training_data/61610_TV.wav,1.0,0.39429414
/tmp/backbone_swap_hubert_os0n621f/data/PhysioNet2022/training_data/63581_AV.wav,1.0,0.07702703
/tmp/backbone_swap_hubert_os0n621f/data/PhysioNet2022/training_data/63581_MV.wav,1.0,0.3326717
/tmp/backbone_swap_hubert_os0n621f/data/PhysioNet2022/training_data/63581_PV.wav,1.0,0.21865764
/tmp/backbone_swap_hubert_os0n621f/data/PhysioNet2022/training_data/63581_TV.wav,1.0,0.117950775
/tmp/backbone_swap_hubert_os0n621f/data/PhysioNet2022/training_data/68194_AV.wav,1.0,0.1724421
/tmp/backbone_swap_hubert_os0n621f/data/PhysioNet2022/training_data/68194_MV.wav,1.0,0.5179951
/tmp/backbone_swap_hubert_os0n621f/data/PhysioNet2022/training_data/68194_PV.wav,1.0,0.21931715
/tmp/backbone_swap_hubert_os0n621f/data/PhysioNet2022/training_data/68194_TV.wav,1.0,0.7074239
/tmp/backbone_swap_hubert_os0n621f/data/PhysioNet2022/training_data/68279_MV.wav,1.0,0.15416352
/tmp/backbone_swap_hubert_os0n621f/data/PhysioNet2022/training_data/68279_PV.wav,1.0,0.6309275
/tmp/backbone_swap_hubert_os0n621f/data/PhysioNet2022/training_data/68279_TV.wav,1.0,0.14931943
/tmp/backbone_swap_hubert_os0n621f/data/PhysioNet2022/training_data/68303_AV.wav,1.0,0.26835415
/tmp/backbone_swap_hubert_os0n621f/data/PhysioNet2022/training_data/68303_MV.wav,1.0,0.23652247
/tmp/backbone_swap_hubert_os0n621f/data/PhysioNet2022/training_data/68303_PV.wav,1.0,0.32428116
/tmp/backbone_swap_hubert_os0n621f/data/PhysioNet2022/training_data/68303_TV.wav,1.0,0.5399712
/tmp/backbone_swap_hubert_os0n621f/data/PhysioNet2022/training_data/68318_AV.wav,1.0,0.30318883
/tmp/backbone_swap_hubert_os0n621f/data/PhysioNet2022/training_data/68318_MV.wav,1.0,0.2760423
/tmp/backbone_swap_hubert_os0n621f/data/PhysioNet2022/training_data/68318_PV.wav,1.0,0.41864002
/tmp/backbone_swap_hubert_os0n621f/data/PhysioNet2022/training_data/68318_TV.wav,1.0,0.23468529
/tmp/backbone_swap_hubert_os0n621f/data/PhysioNet2022/training_data/68394_MV.wav,1.0,0.26855165
/tmp/backbone_swap_hubert_os0n621f/data/PhysioNet2022/training_data/68394_PV.wav,1.0,0.20115198
/tmp/backbone_swap_hubert_os0n621f/data/PhysioNet2022/training_data/68404_MV.wav,1.0,0.121845536
/tmp/backbone_swap_hubert_os0n621f/data/PhysioNet2022/training_data/68404_PV.wav,1.0,0.2052059
/tmp/backbone_swap_hubert_os0n621f/data/PhysioNet2022/training_data/68404_TV.wav,1.0,0.46533638
/tmp/backbone_swap_hubert_os0n621f/data/PhysioNet2022/training_data/68406_AV.wav,1.0,0.23855929
/tmp/backbone_swap_hubert_os0n621f/data/PhysioNet2022/training_data/68406_MV.wav,1.0,0.46983016
/tmp/backbone_swap_hubert_os0n621f/data/PhysioNet2022/training_data/68406_PV.wav,1.0,0.3270651
/tmp/backbone_swap_hubert_os0n621f/data/PhysioNet2022/training_data/68406_TV.wav,1.0,0.64031
/tmp/backbone_swap_hubert_os0n621f/data/PhysioNet2022/training_data/68413_AV.wav,1.0,0.19911194
/tmp/backbone_swap_hubert_os0n621f/data/PhysioNet2022/training_data/68413_MV.wav,1.0,0.17509268
/tmp/backbone_swap_hubert_os0n621f/data/PhysioNet2022/training_data/68413_PV.wav,1.0,0.32559597
/tmp/backbone_swap_hubert_os0n621f/data/PhysioNet2022/training_data/68413_TV.wav,1.0,0.024501719
/tmp/backbone_swap_hubert_os0n621f/data/PhysioNet2022/training_data/68419_AV.wav,1.0,0.08467805
/tmp/backbone_swap_hubert_os0n621f/data/PhysioNet2022/training_data/68419_MV.wav,1.0,0.17958556
/tmp/backbone_swap_hubert_os0n621f/data/PhysioNet2022/training_data/68419_PV.wav,1.0,0.25653207
/tmp/backbone_swap_hubert_os0n621f/data/PhysioNet2022/training_data/68419_TV.wav,1.0,0.19445606
/tmp/backbone_swap_hubert_os0n621f/data/PhysioNet2022/training_data/68423_AV.wav,1.0,0.18857542
/tmp/backbone_swap_hubert_os0n621f/data/PhysioNet2022/training_data/68423_MV.wav,1.0,0.13272645
/tmp/backbone_swap_hubert_os0n621f/data/PhysioNet2022/training_data/68423_PV.wav,1.0,0.27968705
/tmp/backbone_swap_hubert_os0n621f/data/PhysioNet2022/training_data/68423_TV.wav,1.0,0.062493846
/tmp/backbone_swap_hubert_os0n621f/data/PhysioNet2022/training_data/68425_AV.wav,1.0,0.5261414
/tmp/backbone_swap_hubert_os0n621f/data/PhysioNet2022/training_data/68425_MV.wav,1.0,0.15575328
/tmp/backbone_swap_hubert_os0n621f/data/PhysioNet2022/training_data/68425_PV.wav,1.0,0.38195273
/tmp/backbone_swap_hubert_os0n621f/data/PhysioNet2022/training_data/68425_TV.wav,1.0,0.08418639
/tmp/backbone_swap_hubert_os0n621f/data/PhysioNet2022/training_data/68431_AV.wav,1.0,0.041605644
/tmp/backbone_swap_hubert_os0n621f/data/PhysioNet2022/training_data/68431_MV.wav,1.0,0.16171578
/tmp/backbone_swap_hubert_os0n621f/data/PhysioNet2022/training_data/68431_PV.wav,1.0,0.13076812
/tmp/backbone_swap_hubert_os0n621f/data/PhysioNet2022/training_data/68431_TV.wav,1.0,0.24399544
/tmp/backbone_swap_hubert_os0n621f/data/PhysioNet2022/training_data/68436_AV.wav,1.0,0.2369855
/tmp/backbone_swap_hubert_os0n621f/data/PhysioNet2022/training_data/68436_MV.wav,1.0,0.027983528
/tmp/backbone_swap_hubert_os0n621f/data/PhysioNet2022/training_data/68436_PV.wav,1.0,0.41435435
/tmp/backbone_swap_hubert_os0n621f/data/PhysioNet2022/training_data/68436_TV.wav,1.0,0.16091506
/tmp/backbone_swap_hubert_os0n621f/data/PhysioNet2022/training_data/68465_AV.wav,1.0,0.14519669
/tmp/backbone_swap_hubert_os0n621f/data/PhysioNet2022/training_data/68465_MV.wav,1.0,0.21424866
/tmp/backbone_swap_hubert_os0n621f/data/PhysioNet2022/training_data/68465_PV.wav,1.0,0.61900556
/tmp/backbone_swap_hubert_os0n621f/data/PhysioNet2022/training_data/68465_TV.wav,1.0,0.2525924
/tmp/backbone_swap_hubert_os0n621f/data/PhysioNet2022/training_data/68470_MV.wav,1.0,0.30213696
/tmp/backbone_swap_hubert_os0n621f/data/PhysioNet2022/training_data/68470_TV.wav,1.0,0.0953824
/tmp/backbone_swap_hubert_os0n621f/data/PhysioNet2022/training_data/68478_AV.wav,1.0,0.23090157
/tmp/backbone_swap_hubert_os0n621f/data/PhysioNet2022/training_data/68478_MV.wav,1.0,0.21518958
/tmp/backbone_swap_hubert_os0n621f/data/PhysioNet2022/training_data/68478_PV.wav,1.0,0.23842533
/tmp/backbone_swap_hubert_os0n621f/data/PhysioNet2022/training_data/68478_TV.wav,1.0,0.107321896
/tmp/backbone_swap_hubert_os0n621f/data/PhysioNet2022/training_data/68482_AV.wav,1.0,0.30359143
/tmp/backbone_swap_hubert_os0n621f/data/PhysioNet2022/training_data/68482_MV.wav,1.0,0.053315256
/tmp/backbone_swap_hubert_os0n621f/data/PhysioNet2022/training_data/68482_PV.wav,1.0,0.14260831
/tmp/backbone_swap_hubert_os0n621f/data/PhysioNet2022/training_data/68482_TV.wav,1.0,0.28492007
/tmp/backbone_swap_hubert_os0n621f/data/PhysioNet2022/training_data/68484_AV.wav,1.0,0.145239
/tmp/backbone_swap_hubert_os0n621f/data/PhysioNet2022/training_data/68484_MV.wav,1.0,0.04953968
/tmp/backbone_swap_hubert_os0n621f/data/PhysioNet2022/training_data/68484_PV.wav,1.0,0.262824
/tmp/backbone_swap_hubert_os0n621f/data/PhysioNet2022/training_data/68484_TV.wav,1.0,0.31477913
/tmp/backbone_swap_hubert_os0n621f/data/PhysioNet2022/training_data/68567_AV.wav,1.0,0.025311254
/tmp/backbone_swap_hubert_os0n621f/data/PhysioNet2022/training_data/68567_MV.wav,1.0,0.038236566
/tmp/backbone_swap_hubert_os0n621f/data/PhysioNet2022/training_data/68567_PV.wav,1.0,0.09599894
/tmp/backbone_swap_hubert_os0n621f/data/PhysioNet2022/training_data/68567_TV.wav,1.0,0.20165356
/tmp/backbone_swap_hubert_os0n621f/data/PhysioNet2022/training_data/68632_AV.wav,1.0,0.42852587
/tmp/backbone_swap_hubert_os0n621f/data/PhysioNet2022/training_data/68632_PV.wav,1.0,0.15408178
/tmp/backbone_swap_hubert_os0n621f/data/PhysioNet2022/training_data/68632_TV.wav,1.0,0.3056486
/tmp/backbone_swap_hubert_os0n621f/data/PhysioNet2022/training_data/68646_AV.wav,1.0,0.37190345
/tmp/backbone_swap_hubert_os0n621f/data/PhysioNet2022/training_data/68646_MV.wav,1.0,0.1956519
/tmp/backbone_swap_hubert_os0n621f/data/PhysioNet2022/training_data/68646_PV.wav,1.0,0.28704557
/tmp/backbone_swap_hubert_os0n621f/data/PhysioNet2022/training_data/68646_TV.wav,1.0,0.07232894
/tmp/backbone_swap_hubert_os0n621f/data/PhysioNet2022/training_data/68660_AV.wav,1.0,0.057563562
/tmp/backbone_swap_hubert_os0n621f/data/PhysioNet2022/training_data/68660_MV.wav,1.0,0.04206349
/tmp/backbone_swap_hubert_os0n621f/data/PhysioNet2022/training_data/68660_PV.wav,1.0,0.19562787
/tmp/backbone_swap_hubert_os0n621f/data/PhysioNet2022/training_data/68660_TV.wav,1.0,0.16169049
/tmp/backbone_swap_hubert_os0n621f/data/PhysioNet2022/training_data/68682_AV.wav,1.0,0.63589406
/tmp/backbone_swap_hubert_os0n621f/data/PhysioNet2022/training_data/68682_MV.wav,1.0,0.15866487
/tmp/backbone_swap_hubert_os0n621f/data/PhysioNet2022/training_data/68682_PV.wav,1.0,0.040126268
/tmp/backbone_swap_hubert_os0n621f/data/PhysioNet2022/training_data/68682_TV.wav,1.0,0.10136165
/tmp/backbone_swap_hubert_os0n621f/data/PhysioNet2022/training_data/68708_AV.wav,1.0,0.096453
/tmp/backbone_swap_hubert_os0n621f/data/PhysioNet2022/training_data/68708_MV.wav,1.0,0.5564121
/tmp/backbone_swap_hubert_os0n621f/data/PhysioNet2022/training_data/68708_PV.wav,1.0,0.22391447
/tmp/backbone_swap_hubert_os0n621f/data/PhysioNet2022/training_data/68708_TV.wav,1.0,0.26584682
/tmp/backbone_swap_hubert_os0n621f/data/PhysioNet2022/training_data/68737_AV.wav,1.0,0.12061384
/tmp/backbone_swap_hubert_os0n621f/data/PhysioNet2022/training_data/68737_MV.wav,1.0,0.10673423
/tmp/backbone_swap_hubert_os0n621f/data/PhysioNet2022/training_data/68737_PV.wav,1.0,0.09215788
/tmp/backbone_swap_hubert_os0n621f/data/PhysioNet2022/training_data/68737_TV.wav,1.0,0.29506415
/tmp/backbone_swap_hubert_os0n621f/data/PhysioNet2022/training_data/68752_AV.wav,1.0,0.6877728
/tmp/backbone_swap_hubert_os0n621f/data/PhysioNet2022/training_data/68752_MV.wav,1.0,0.17139985
/tmp/backbone_swap_hubert_os0n621f/data/PhysioNet2022/training_data/68752_PV.wav,1.0,0.052124385
/tmp/backbone_swap_hubert_os0n621f/data/PhysioNet2022/training_data/68752_TV.wav,1.0,0.6139024
/tmp/backbone_swap_hubert_os0n621f/data/PhysioNet2022/training_data/68756_MV.wav,1.0,0.30007246
/tmp/backbone_swap_hubert_os0n621f/data/PhysioNet2022/training_data/68756_PV.wav,1.0,0.6785654
/tmp/backbone_swap_hubert_os0n621f/data/PhysioNet2022/training_data/68756_TV.wav,1.0,0.11442724
/tmp/backbone_swap_hubert_os0n621f/data/PhysioNet2022/training_data/68757_AV.wav,1.0,0.17030296
/tmp/backbone_swap_hubert_os0n621f/data/PhysioNet2022/training_data/68757_PV.wav,1.0,0.26888704
/tmp/backbone_swap_hubert_os0n621f/data/PhysioNet2022/training_data/68757_TV.wav,1.0,0.19792372
/tmp/backbone_swap_hubert_os0n621f/data/PhysioNet2022/training_data/68831_AV.wav,1.0,0.33905855
/tmp/backbone_swap_hubert_os0n621f/data/PhysioNet2022/training_data/68831_MV.wav,1.0,0.16234377
/tmp/backbone_swap_hubert_os0n621f/data/PhysioNet2022/training_data/68831_PV.wav,1.0,0.12758768
/tmp/backbone_swap_hubert_os0n621f/data/PhysioNet2022/training_data/68831_TV.wav,1.0,0.105694555
/tmp/backbone_swap_hubert_os0n621f/data/PhysioNet2022/training_data/68849_AV.wav,1.0,0.17756696
/tmp/backbone_swap_hubert_os0n621f/data/PhysioNet2022/training_data/68849_MV.wav,1.0,0.7330662
/tmp/backbone_swap_hubert_os0n621f/data/PhysioNet2022/training_data/68849_PV.wav,1.0,0.1357789
/tmp/backbone_swap_hubert_os0n621f/data/PhysioNet2022/training_data/68849_TV.wav,1.0,0.27314672
/tmp/backbone_swap_hubert_os0n621f/data/PhysioNet2022/training_data/68857_MV.wav,1.0,0.47982314
/tmp/backbone_swap_hubert_os0n621f/data/PhysioNet2022/training_data/68909_AV.wav,1.0,0.27408308
/tmp/backbone_swap_hubert_os0n621f/data/PhysioNet2022/training_data/68909_MV.wav,1.0,0.22085765
/tmp/backbone_swap_hubert_os0n621f/data/PhysioNet2022/training_data/68909_PV.wav,1.0,0.19897413
/tmp/backbone_swap_hubert_os0n621f/data/PhysioNet2022/training_data/68909_TV.wav,1.0,0.09219346
/tmp/backbone_swap_hubert_os0n621f/data/PhysioNet2022/training_data/69067_AV.wav,1.0,0.26227188
/tmp/backbone_swap_hubert_os0n621f/data/PhysioNet2022/training_data/69067_MV.wav,1.0,0.035832517
/tmp/backbone_swap_hubert_os0n621f/data/PhysioNet2022/training_data/69067_PV.wav,1.0,0.12542017
/tmp/backbone_swap_hubert_os0n621f/data/PhysioNet2022/training_data/69067_TV.wav,1.0,0.1413797
/tmp/backbone_swap_hubert_os0n621f/data/PhysioNet2022/training_data/69159_AV.wav,1.0,0.16479737
/tmp/backbone_swap_hubert_os0n621f/data/PhysioNet2022/training_data/69159_MV.wav,1.0,0.3470445
/tmp/backbone_swap_hubert_os0n621f/data/PhysioNet2022/training_data/69159_PV.wav,1.0,0.48202035
/tmp/backbone_swap_hubert_os0n621f/data/PhysioNet2022/training_data/69159_TV.wav,1.0,0.26959655
/tmp/backbone_swap_hubert_os0n621f/data/PhysioNet2022/training_data/72283_MV.wav,1.0,0.17514181
/tmp/backbone_swap_hubert_os0n621f/data/PhysioNet2022/training_data/72283_PV.wav,1.0,0.14029115
/tmp/backbone_swap_hubert_os0n621f/data/PhysioNet2022/training_data/72283_TV.wav,1.0,0.66857946
/tmp/backbone_swap_hubert_os0n621f/data/PhysioNet2022/training_data/74417_AV.wav,1.0,0.30040127
/tmp/backbone_swap_hubert_os0n621f/data/PhysioNet2022/training_data/74417_MV.wav,1.0,0.2466496
/tmp/backbone_swap_hubert_os0n621f/data/PhysioNet2022/training_data/74417_PV.wav,1.0,0.5160614
/tmp/backbone_swap_hubert_os0n621f/data/PhysioNet2022/training_data/74417_TV.wav,1.0,0.13718955
/tmp/backbone_swap_hubert_os0n621f/data/PhysioNet2022/training_data/76240_AV.wav,1.0,0.17080042
/tmp/backbone_swap_hubert_os0n621f/data/PhysioNet2022/training_data/76240_MV.wav,1.0,0.17050305
/tmp/backbone_swap_hubert_os0n621f/data/PhysioNet2022/training_data/76240_PV.wav,1.0,0.20527731
/tmp/backbone_swap_hubert_os0n621f/data/PhysioNet2022/training_data/76240_TV.wav,1.0,0.40877426
/tmp/backbone_swap_hubert_os0n621f/data/PhysioNet2022/training_data/77373_AV.wav,1.0,0.3876095
/tmp/backbone_swap_hubert_os0n621f/data/PhysioNet2022/training_data/77373_MV.wav,1.0,0.11144882
/tmp/backbone_swap_hubert_os0n621f/data/PhysioNet2022/training_data/77373_PV.wav,1.0,0.3540216
/tmp/backbone_swap_hubert_os0n621f/data/PhysioNet2022/training_data/77373_TV.wav,1.0,0.34172723
/tmp/backbone_swap_hubert_os0n621f/data/PhysioNet2022/training_data/78280_AV.wav,1.0,0.24425791
/tmp/backbone_swap_hubert_os0n621f/data/PhysioNet2022/training_data/78280_MV.wav,1.0,0.22292867
/tmp/backbone_swap_hubert_os0n621f/data/PhysioNet2022/training_data/81035_MV.wav,1.0,0.05140803
/tmp/backbone_swap_hubert_os0n621f/data/PhysioNet2022/training_data/81297_AV.wav,1.0,0.1365655
/tmp/backbone_swap_hubert_os0n621f/data/PhysioNet2022/training_data/81297_MV.wav,1.0,0.23162359
/tmp/backbone_swap_hubert_os0n621f/data/PhysioNet2022/training_data/81297_PV.wav,1.0,0.046409678
/tmp/backbone_swap_hubert_os0n621f/data/PhysioNet2022/training_data/81297_TV.wav,1.0,0.20195654
/tmp/backbone_swap_hubert_os0n621f/data/PhysioNet2022/training_data/81501_AV.wav,1.0,0.17297383
/tmp/backbone_swap_hubert_os0n621f/data/PhysioNet2022/training_data/81501_MV.wav,1.0,0.04693545
/tmp/backbone_swap_hubert_os0n621f/data/PhysioNet2022/training_data/81501_PV.wav,1.0,0.17396244
/tmp/backbone_swap_hubert_os0n621f/data/PhysioNet2022/training_data/81501_TV.wav,1.0,0.065035805
/tmp/backbone_swap_hubert_os0n621f/data/PhysioNet2022/training_data/81638_AV.wav,1.0,0.6222561
/tmp/backbone_swap_hubert_os0n621f/data/PhysioNet2022/training_data/81638_MV.wav,1.0,0.14019012
/tmp/backbone_swap_hubert_os0n621f/data/PhysioNet2022/training_data/82275_AV.wav,1.0,0.17098667
/tmp/backbone_swap_hubert_os0n621f/data/PhysioNet2022/training_data/82275_PV.wav,1.0,0.13298465
/tmp/backbone_swap_hubert_os0n621f/data/PhysioNet2022/training_data/83094_MV.wav,1.0,0.17131041
/tmp/backbone_swap_hubert_os0n621f/data/PhysioNet2022/training_data/84687_AV.wav,1.0,0.10616871
/tmp/backbone_swap_hubert_os0n621f/data/PhysioNet2022/training_data/84687_MV.wav,1.0,0.45169628
/tmp/backbone_swap_hubert_os0n621f/data/PhysioNet2022/training_data/84693_AV.wav,1.0,0.3162957
/tmp/backbone_swap_hubert_os0n621f/data/PhysioNet2022/training_data/84693_MV.wav,1.0,0.16022731
/tmp/backbone_swap_hubert_os0n621f/data/PhysioNet2022/training_data/84693_PV.wav,1.0,0.3070212
/tmp/backbone_swap_hubert_os0n621f/data/PhysioNet2022/training_data/84693_TV.wav,1.0,0.3190036
/tmp/backbone_swap_hubert_os0n621f/data/PhysioNet2022/training_data/84696_AV.wav,1.0,0.124644846
/tmp/backbone_swap_hubert_os0n621f/data/PhysioNet2022/training_data/84696_MV.wav,1.0,0.19261098
/tmp/backbone_swap_hubert_os0n621f/data/PhysioNet2022/training_data/84696_PV.wav,1.0,0.15011807
/tmp/backbone_swap_hubert_os0n621f/data/PhysioNet2022/training_data/84696_TV.wav,1.0,0.033225253
/tmp/backbone_swap_hubert_os0n621f/data/PhysioNet2022/training_data/84697_AV.wav,1.0,0.112785414
/tmp/backbone_swap_hubert_os0n621f/data/PhysioNet2022/training_data/84697_MV.wav,1.0,0.064146556
/tmp/backbone_swap_hubert_os0n621f/data/PhysioNet2022/training_data/84697_PV.wav,1.0,0.31289452
/tmp/backbone_swap_hubert_os0n621f/data/PhysioNet2022/training_data/84697_TV.wav,1.0,0.010817485
/tmp/backbone_swap_hubert_os0n621f/data/PhysioNet2022/training_data/84704_PV.wav,1.0,0.25469604
/tmp/backbone_swap_hubert_os0n621f/data/PhysioNet2022/training_data/84718_AV.wav,1.0,0.20132123
/tmp/backbone_swap_hubert_os0n621f/data/PhysioNet2022/training_data/84718_MV.wav,1.0,0.31116283
/tmp/backbone_swap_hubert_os0n621f/data/PhysioNet2022/training_data/84718_PV.wav,1.0,0.31848934
/tmp/backbone_swap_hubert_os0n621f/data/PhysioNet2022/training_data/84718_TV.wav,1.0,0.11810632
/tmp/backbone_swap_hubert_os0n621f/data/PhysioNet2022/training_data/84730_AV.wav,1.0,0.12884301
/tmp/backbone_swap_hubert_os0n621f/data/PhysioNet2022/training_data/84730_MV.wav,1.0,0.07934343
/tmp/backbone_swap_hubert_os0n621f/data/PhysioNet2022/training_data/84730_PV.wav,1.0,0.21803208
/tmp/backbone_swap_hubert_os0n621f/data/PhysioNet2022/training_data/84730_TV.wav,1.0,0.33564276
/tmp/backbone_swap_hubert_os0n621f/data/PhysioNet2022/training_data/84740_AV.wav,1.0,0.47369757
/tmp/backbone_swap_hubert_os0n621f/data/PhysioNet2022/training_data/84740_MV.wav,1.0,0.14977272
/tmp/backbone_swap_hubert_os0n621f/data/PhysioNet2022/training_data/84740_PV.wav,1.0,0.094227426
/tmp/backbone_swap_hubert_os0n621f/data/PhysioNet2022/training_data/84740_TV.wav,1.0,0.0700873
/tmp/backbone_swap_hubert_os0n621f/data/PhysioNet2022/training_data/84751_AV.wav,1.0,0.06825064
/tmp/backbone_swap_hubert_os0n621f/data/PhysioNet2022/training_data/84751_MV.wav,1.0,0.07878594
/tmp/backbone_swap_hubert_os0n621f/data/PhysioNet2022/training_data/84751_PV.wav,1.0,0.04077403
/tmp/backbone_swap_hubert_os0n621f/data/PhysioNet2022/training_data/84751_TV.wav,1.0,0.3255538
/tmp/backbone_swap_hubert_os0n621f/data/PhysioNet2022/training_data/84753_AV.wav,1.0,0.43139434
/tmp/backbone_swap_hubert_os0n621f/data/PhysioNet2022/training_data/84753_MV.wav,1.0,0.21432531
/tmp/backbone_swap_hubert_os0n621f/data/PhysioNet2022/training_data/84753_PV.wav,1.0,0.15070015
/tmp/backbone_swap_hubert_os0n621f/data/PhysioNet2022/training_data/84753_TV.wav,1.0,0.40020907
/tmp/backbone_swap_hubert_os0n621f/data/PhysioNet2022/training_data/84754_AV.wav,1.0,0.4851618
/tmp/backbone_swap_hubert_os0n621f/data/PhysioNet2022/training_data/84754_MV.wav,1.0,0.09870124
/tmp/backbone_swap_hubert_os0n621f/data/PhysioNet2022/training_data/84754_TV.wav,1.0,0.11250839
/tmp/backbone_swap_hubert_os0n621f/data/PhysioNet2022/training_data/84755_MV.wav,1.0,0.5777215
/tmp/backbone_swap_hubert_os0n621f/data/PhysioNet2022/training_data/84760_MV.wav,1.0,0.29732537
/tmp/backbone_swap_hubert_os0n621f/data/PhysioNet2022/training_data/84760_PV.wav,1.0,0.053096972
/tmp/backbone_swap_hubert_os0n621f/data/PhysioNet2022/training_data/84760_TV.wav,1.0,0.2174733
/tmp/backbone_swap_hubert_os0n621f/data/PhysioNet2022/training_data/84762_AV.wav,1.0,0.46921748
/tmp/backbone_swap_hubert_os0n621f/data/PhysioNet2022/training_data/84762_MV.wav,1.0,0.3669867
/tmp/backbone_swap_hubert_os0n621f/data/PhysioNet2022/training_data/84762_PV.wav,1.0,0.13013586
/tmp/backbone_swap_hubert_os0n621f/data/PhysioNet2022/training_data/84762_TV.wav,1.0,0.20347999
/tmp/backbone_swap_hubert_os0n621f/data/PhysioNet2022/training_data/84775_AV.wav,1.0,0.16284797
/tmp/backbone_swap_hubert_os0n621f/data/PhysioNet2022/training_data/84775_MV.wav,1.0,0.1532227
/tmp/backbone_swap_hubert_os0n621f/data/PhysioNet2022/training_data/84775_PV.wav,1.0,0.5126942
/tmp/backbone_swap_hubert_os0n621f/data/PhysioNet2022/training_data/84775_TV.wav,1.0,0.78236556
/tmp/backbone_swap_hubert_os0n621f/data/PhysioNet2022/training_data/84780_AV.wav,1.0,0.12127747
/tmp/backbone_swap_hubert_os0n621f/data/PhysioNet2022/training_data/84780_MV.wav,1.0,0.10260228
/tmp/backbone_swap_hubert_os0n621f/data/PhysioNet2022/training_data/84780_PV.wav,1.0,0.22865811
/tmp/backbone_swap_hubert_os0n621f/data/PhysioNet2022/training_data/84780_TV.wav,1.0,0.49952933
/tmp/backbone_swap_hubert_os0n621f/data/PhysioNet2022/training_data/84784_AV.wav,1.0,0.4712763
/tmp/backbone_swap_hubert_os0n621f/data/PhysioNet2022/training_data/84784_MV.wav,1.0,0.0893783
/tmp/backbone_swap_hubert_os0n621f/data/PhysioNet2022/training_data/84790_AV.wav,1.0,0.51820356
/tmp/backbone_swap_hubert_os0n621f/data/PhysioNet2022/training_data/84802_AV.wav,1.0,0.17238182
/tmp/backbone_swap_hubert_os0n621f/data/PhysioNet2022/training_data/84802_MV.wav,1.0,0.39763576
/tmp/backbone_swap_hubert_os0n621f/data/PhysioNet2022/training_data/84802_PV.wav,1.0,0.37467596
/tmp/backbone_swap_hubert_os0n621f/data/PhysioNet2022/training_data/84802_TV.wav,1.0,0.22332084
/tmp/backbone_swap_hubert_os0n621f/data/PhysioNet2022/training_data/84808_AV.wav,1.0,0.24368884
/tmp/backbone_swap_hubert_os0n621f/data/PhysioNet2022/training_data/84808_MV.wav,1.0,0.32915315
/tmp/backbone_swap_hubert_os0n621f/data/PhysioNet2022/training_data/84808_PV.wav,1.0,0.09073082
/tmp/backbone_swap_hubert_os0n621f/data/PhysioNet2022/training_data/84808_TV.wav,1.0,0.37287056
/tmp/backbone_swap_hubert_os0n621f/data/PhysioNet2022/training_data/84813_AV.wav,1.0,0.17723982
/tmp/backbone_swap_hubert_os0n621f/data/PhysioNet2022/training_data/84813_MV.wav,1.0,0.1433512
/tmp/backbone_swap_hubert_os0n621f/data/PhysioNet2022/training_data/84813_PV.wav,1.0,0.13027106
/tmp/backbone_swap_hubert_os0n621f/data/PhysioNet2022/training_data/84813_TV.wav,1.0,0.36238137
/tmp/backbone_swap_hubert_os0n621f/data/PhysioNet2022/training_data/84814_AV.wav,1.0,0.33641285
/tmp/backbone_swap_hubert_os0n621f/data/PhysioNet2022/training_data/84814_PV.wav,1.0,0.54838115
/tmp/backbone_swap_hubert_os0n621f/data/PhysioNet2022/training_data/84815_AV.wav,1.0,0.56709677
/tmp/backbone_swap_hubert_os0n621f/data/PhysioNet2022/training_data/84815_MV.wav,1.0,0.23053062
/tmp/backbone_swap_hubert_os0n621f/data/PhysioNet2022/training_data/84815_PV.wav,1.0,0.3579273
/tmp/backbone_swap_hubert_os0n621f/data/PhysioNet2022/training_data/84815_TV.wav,1.0,0.31953913
/tmp/backbone_swap_hubert_os0n621f/data/PhysioNet2022/training_data/84822_AV.wav,1.0,0.2686589
/tmp/backbone_swap_hubert_os0n621f/data/PhysioNet2022/training_data/84822_MV.wav,1.0,0.16344681
/tmp/backbone_swap_hubert_os0n621f/data/PhysioNet2022/training_data/84822_PV.wav,1.0,0.36358735
/tmp/backbone_swap_hubert_os0n621f/data/PhysioNet2022/training_data/84822_TV.wav,1.0,0.14827423
/tmp/backbone_swap_hubert_os0n621f/data/PhysioNet2022/training_data/84826_AV.wav,1.0,0.42467627
/tmp/backbone_swap_hubert_os0n621f/data/PhysioNet2022/training_data/84826_MV.wav,1.0,0.23841476
/tmp/backbone_swap_hubert_os0n621f/data/PhysioNet2022/training_data/84826_PV.wav,1.0,0.069655664
/tmp/backbone_swap_hubert_os0n621f/data/PhysioNet2022/training_data/84826_TV.wav,1.0,0.033562157
/tmp/backbone_swap_hubert_os0n621f/data/PhysioNet2022/training_data/84829_AV.wav,1.0,0.046763934
/tmp/backbone_swap_hubert_os0n621f/data/PhysioNet2022/training_data/84829_MV.wav,1.0,0.53524435
/tmp/backbone_swap_hubert_os0n621f/data/PhysioNet2022/training_data/84829_PV.wav,1.0,0.38258982
/tmp/backbone_swap_hubert_os0n621f/data/PhysioNet2022/training_data/84829_TV.wav,1.0,0.18454674
/tmp/backbone_swap_hubert_os0n621f/data/PhysioNet2022/training_data/84831_AV.wav,1.0,0.4838347
/tmp/backbone_swap_hubert_os0n621f/data/PhysioNet2022/training_data/84831_MV.wav,1.0,0.15653424
/tmp/backbone_swap_hubert_os0n621f/data/PhysioNet2022/training_data/84831_PV.wav,1.0,0.5107468
/tmp/backbone_swap_hubert_os0n621f/data/PhysioNet2022/training_data/84831_TV.wav,1.0,0.11747554
/tmp/backbone_swap_hubert_os0n621f/data/PhysioNet2022/training_data/84834_AV.wav,1.0,0.55450016
/tmp/backbone_swap_hubert_os0n621f/data/PhysioNet2022/training_data/84834_MV.wav,1.0,0.118118614
/tmp/backbone_swap_hubert_os0n621f/data/PhysioNet2022/training_data/84834_PV.wav,1.0,0.1295984
/tmp/backbone_swap_hubert_os0n621f/data/PhysioNet2022/training_data/84834_TV.wav,1.0,0.3773553
/tmp/backbone_swap_hubert_os0n621f/data/PhysioNet2022/training_data/84851_AV.wav,1.0,0.19994135
/tmp/backbone_swap_hubert_os0n621f/data/PhysioNet2022/training_data/84851_MV.wav,1.0,0.24341486
/tmp/backbone_swap_hubert_os0n621f/data/PhysioNet2022/training_data/84851_PV.wav,1.0,0.23725474
/tmp/backbone_swap_hubert_os0n621f/data/PhysioNet2022/training_data/84851_TV.wav,1.0,0.27768868
/tmp/backbone_swap_hubert_os0n621f/data/PhysioNet2022/training_data/84856_AV.wav,1.0,0.14671782
/tmp/backbone_swap_hubert_os0n621f/data/PhysioNet2022/training_data/84856_MV.wav,1.0,0.22758228
/tmp/backbone_swap_hubert_os0n621f/data/PhysioNet2022/training_data/84856_PV.wav,1.0,0.42734972
/tmp/backbone_swap_hubert_os0n621f/data/PhysioNet2022/training_data/84856_TV.wav,1.0,0.36496174
/tmp/backbone_swap_hubert_os0n621f/data/PhysioNet2022/training_data/84859_AV.wav,1.0,0.064404376
/tmp/backbone_swap_hubert_os0n621f/data/PhysioNet2022/training_data/84859_MV.wav,1.0,0.4101302
/tmp/backbone_swap_hubert_os0n621f/data/PhysioNet2022/training_data/84859_PV.wav,1.0,0.10198054
/tmp/backbone_swap_hubert_os0n621f/data/PhysioNet2022/training_data/84859_TV.wav,1.0,0.32480365
/tmp/backbone_swap_hubert_os0n621f/data/PhysioNet2022/training_data/84863_AV.wav,1.0,0.17465934
/tmp/backbone_swap_hubert_os0n621f/data/PhysioNet2022/training_data/84863_MV.wav,1.0,0.22495526
/tmp/backbone_swap_hubert_os0n621f/data/PhysioNet2022/training_data/84863_PV.wav,1.0,0.32988662
/tmp/backbone_swap_hubert_os0n621f/data/PhysioNet2022/training_data/84863_TV.wav,1.0,0.28428426
/tmp/backbone_swap_hubert_os0n621f/data/PhysioNet2022/training_data/84868_AV.wav,1.0,0.5318373
/tmp/backbone_swap_hubert_os0n621f/data/PhysioNet2022/training_data/84868_MV.wav,1.0,0.2947723
/tmp/backbone_swap_hubert_os0n621f/data/PhysioNet2022/training_data/84868_PV.wav,1.0,0.18505505
/tmp/backbone_swap_hubert_os0n621f/data/PhysioNet2022/training_data/84868_TV.wav,1.0,0.20641327
/tmp/backbone_swap_hubert_os0n621f/data/PhysioNet2022/training_data/84876_AV.wav,1.0,0.21006139
/tmp/backbone_swap_hubert_os0n621f/data/PhysioNet2022/training_data/84876_MV.wav,1.0,0.07445048
/tmp/backbone_swap_hubert_os0n621f/data/PhysioNet2022/training_data/84879_AV.wav,1.0,0.47687548
/tmp/backbone_swap_hubert_os0n621f/data/PhysioNet2022/training_data/84879_MV.wav,1.0,0.40921485
/tmp/backbone_swap_hubert_os0n621f/data/PhysioNet2022/training_data/84879_PV.wav,1.0,0.4214036
/tmp/backbone_swap_hubert_os0n621f/data/PhysioNet2022/training_data/84879_TV.wav,1.0,0.073479705
/tmp/backbone_swap_hubert_os0n621f/data/PhysioNet2022/training_data/84882_AV.wav,1.0,0.005546847
/tmp/backbone_swap_hubert_os0n621f/data/PhysioNet2022/training_data/84882_MV.wav,1.0,0.06938471
/tmp/backbone_swap_hubert_os0n621f/data/PhysioNet2022/training_data/84882_PV.wav,1.0,0.023904985
/tmp/backbone_swap_hubert_os0n621f/data/PhysioNet2022/training_data/84882_TV.wav,1.0,0.2266348
/tmp/backbone_swap_hubert_os0n621f/data/PhysioNet2022/training_data/84883_AV.wav,1.0,0.08902327
/tmp/backbone_swap_hubert_os0n621f/data/PhysioNet2022/training_data/84883_MV.wav,1.0,0.10533421
/tmp/backbone_swap_hubert_os0n621f/data/PhysioNet2022/training_data/84883_PV.wav,1.0,0.21179529
/tmp/backbone_swap_hubert_os0n621f/data/PhysioNet2022/training_data/84883_TV.wav,1.0,0.19206102
/tmp/backbone_swap_hubert_os0n621f/data/PhysioNet2022/training_data/84884_AV.wav,1.0,0.03756826
/tmp/backbone_swap_hubert_os0n621f/data/PhysioNet2022/training_data/84884_MV.wav,1.0,0.24175516
/tmp/backbone_swap_hubert_os0n621f/data/PhysioNet2022/training_data/84884_PV.wav,1.0,0.3307287
/tmp/backbone_swap_hubert_os0n621f/data/PhysioNet2022/training_data/84884_TV.wav,1.0,0.19292907
/tmp/backbone_swap_hubert_os0n621f/data/PhysioNet2022/training_data/84887_AV.wav,1.0,0.37189108
/tmp/backbone_swap_hubert_os0n621f/data/PhysioNet2022/training_data/84887_MV.wav,1.0,0.11490725
/tmp/backbone_swap_hubert_os0n621f/data/PhysioNet2022/training_data/84887_PV.wav,1.0,0.24199367
/tmp/backbone_swap_hubert_os0n621f/data/PhysioNet2022/training_data/84887_TV.wav,1.0,0.21582861
/tmp/backbone_swap_hubert_os0n621f/data/PhysioNet2022/training_data/84892_AV.wav,1.0,0.062206615
/tmp/backbone_swap_hubert_os0n621f/data/PhysioNet2022/training_data/84892_MV.wav,1.0,0.31377387
/tmp/backbone_swap_hubert_os0n621f/data/PhysioNet2022/training_data/84892_PV.wav,1.0,0.17288911
/tmp/backbone_swap_hubert_os0n621f/data/PhysioNet2022/training_data/84896_AV.wav,1.0,0.0930523
/tmp/backbone_swap_hubert_os0n621f/data/PhysioNet2022/training_data/84896_MV.wav,1.0,0.11657862
/tmp/backbone_swap_hubert_os0n621f/data/PhysioNet2022/training_data/84896_PV.wav,1.0,0.22776577
/tmp/backbone_swap_hubert_os0n621f/data/PhysioNet2022/training_data/84896_TV.wav,1.0,0.42891666
/tmp/backbone_swap_hubert_os0n621f/data/PhysioNet2022/training_data/84918_PV.wav,1.0,0.2863354
/tmp/backbone_swap_hubert_os0n621f/data/PhysioNet2022/training_data/84919_PV.wav,1.0,0.22078612
/tmp/backbone_swap_hubert_os0n621f/data/PhysioNet2022/training_data/84919_TV.wav,1.0,0.41308895
/tmp/backbone_swap_hubert_os0n621f/data/PhysioNet2022/training_data/84923_AV.wav,1.0,0.07631914
/tmp/backbone_swap_hubert_os0n621f/data/PhysioNet2022/training_data/84923_MV.wav,1.0,0.09389022
/tmp/backbone_swap_hubert_os0n621f/data/PhysioNet2022/training_data/84923_PV.wav,1.0,0.06360833
/tmp/backbone_swap_hubert_os0n621f/data/PhysioNet2022/training_data/84923_TV.wav,1.0,0.111626856
/tmp/backbone_swap_hubert_os0n621f/data/PhysioNet2022/training_data/84931_AV.wav,1.0,0.20306607
/tmp/backbone_swap_hubert_os0n621f/data/PhysioNet2022/training_data/84931_MV.wav,1.0,0.12463605
/tmp/backbone_swap_hubert_os0n621f/data/PhysioNet2022/training_data/84931_PV.wav,1.0,0.2143122
/tmp/backbone_swap_hubert_os0n621f/data/PhysioNet2022/training_data/84931_TV.wav,1.0,0.17444813
/tmp/backbone_swap_hubert_os0n621f/data/PhysioNet2022/training_data/84933_AV.wav,1.0,0.1479187
/tmp/backbone_swap_hubert_os0n621f/data/PhysioNet2022/training_data/84933_MV.wav,1.0,0.2165567
/tmp/backbone_swap_hubert_os0n621f/data/PhysioNet2022/training_data/84933_PV.wav,1.0,0.16554628
/tmp/backbone_swap_hubert_os0n621f/data/PhysioNet2022/training_data/84933_TV.wav,1.0,0.040922884
/tmp/backbone_swap_hubert_os0n621f/data/PhysioNet2022/training_data/84934_AV.wav,1.0,0.09962723
/tmp/backbone_swap_hubert_os0n621f/data/PhysioNet2022/training_data/84935_AV.wav,1.0,0.2410902
/tmp/backbone_swap_hubert_os0n621f/data/PhysioNet2022/training_data/84935_MV.wav,1.0,0.2515012
/tmp/backbone_swap_hubert_os0n621f/data/PhysioNet2022/training_data/84935_PV.wav,1.0,0.20365849
/tmp/backbone_swap_hubert_os0n621f/data/PhysioNet2022/training_data/84935_TV.wav,1.0,0.122939706
/tmp/backbone_swap_hubert_os0n621f/data/PhysioNet2022/training_data/84936_AV.wav,1.0,0.046433266
/tmp/backbone_swap_hubert_os0n621f/data/PhysioNet2022/training_data/84936_MV.wav,1.0,0.078943856
/tmp/backbone_swap_hubert_os0n621f/data/PhysioNet2022/training_data/84936_PV.wav,1.0,0.18601824
/tmp/backbone_swap_hubert_os0n621f/data/PhysioNet2022/training_data/84936_TV.wav,1.0,0.20759156
/tmp/backbone_swap_hubert_os0n621f/data/PhysioNet2022/training_data/84942_AV.wav,1.0,0.45439595
/tmp/backbone_swap_hubert_os0n621f/data/PhysioNet2022/training_data/84942_PV.wav,1.0,0.6284652
/tmp/backbone_swap_hubert_os0n621f/data/PhysioNet2022/training_data/84942_TV.wav,1.0,0.3107208
/tmp/backbone_swap_hubert_os0n621f/data/PhysioNet2022/training_data/84946_AV.wav,1.0,0.58748084
/tmp/backbone_swap_hubert_os0n621f/data/PhysioNet2022/training_data/84946_MV.wav,1.0,0.20080349
/tmp/backbone_swap_hubert_os0n621f/data/PhysioNet2022/training_data/84946_PV.wav,1.0,0.11500031
/tmp/backbone_swap_hubert_os0n621f/data/PhysioNet2022/training_data/84946_TV.wav,1.0,0.18038708
/tmp/backbone_swap_hubert_os0n621f/data/PhysioNet2022/training_data/84949_AV.wav,1.0,0.51268476
/tmp/backbone_swap_hubert_os0n621f/data/PhysioNet2022/training_data/84949_MV.wav,1.0,0.6759424
/tmp/backbone_swap_hubert_os0n621f/data/PhysioNet2022/training_data/84949_PV.wav,1.0,0.3225251
/tmp/backbone_swap_hubert_os0n621f/data/PhysioNet2022/training_data/84949_TV.wav,1.0,0.3467003
/tmp/backbone_swap_hubert_os0n621f/data/PhysioNet2022/training_data/84962_AV.wav,1.0,0.37073556
/tmp/backbone_swap_hubert_os0n621f/data/PhysioNet2022/training_data/84962_MV.wav,1.0,0.17610888
/tmp/backbone_swap_hubert_os0n621f/data/PhysioNet2022/training_data/84962_PV.wav,1.0,0.27082798
/tmp/backbone_swap_hubert_os0n621f/data/PhysioNet2022/training_data/84962_TV.wav,1.0,0.24075721
/tmp/backbone_swap_hubert_os0n621f/data/PhysioNet2022/training_data/84966_AV.wav,1.0,0.2588087
/tmp/backbone_swap_hubert_os0n621f/data/PhysioNet2022/training_data/84966_PV.wav,1.0,0.4706555
/tmp/backbone_swap_hubert_os0n621f/data/PhysioNet2022/training_data/84970_AV.wav,1.0,0.010731471
/tmp/backbone_swap_hubert_os0n621f/data/PhysioNet2022/training_data/84970_MV.wav,1.0,0.26215827
/tmp/backbone_swap_hubert_os0n621f/data/PhysioNet2022/training_data/84971_MV.wav,1.0,0.26463068
/tmp/backbone_swap_hubert_os0n621f/data/PhysioNet2022/training_data/84971_PV.wav,1.0,0.11015958
/tmp/backbone_swap_hubert_os0n621f/data/PhysioNet2022/training_data/84971_TV.wav,1.0,0.4485517
/tmp/backbone_swap_hubert_os0n621f/data/PhysioNet2022/training_data/84976_AV.wav,1.0,0.30414763
/tmp/backbone_swap_hubert_os0n621f/data/PhysioNet2022/training_data/84976_MV.wav,1.0,0.54923207
/tmp/backbone_swap_hubert_os0n621f/data/PhysioNet2022/training_data/84976_PV.wav,1.0,0.35617715
/tmp/backbone_swap_hubert_os0n621f/data/PhysioNet2022/training_data/84976_TV.wav,1.0,0.059040446
/tmp/backbone_swap_hubert_os0n621f/data/PhysioNet2022/training_data/84977_AV.wav,1.0,0.07422909
/tmp/backbone_swap_hubert_os0n621f/data/PhysioNet2022/training_data/84977_MV.wav,1.0,0.2447237
/tmp/backbone_swap_hubert_os0n621f/data/PhysioNet2022/training_data/84977_PV.wav,1.0,0.38330743
/tmp/backbone_swap_hubert_os0n621f/data/PhysioNet2022/training_data/84977_TV.wav,1.0,0.20777996
/tmp/backbone_swap_hubert_os0n621f/data/PhysioNet2022/training_data/84978_AV.wav,1.0,0.39231074
/tmp/backbone_swap_hubert_os0n621f/data/PhysioNet2022/training_data/84978_MV.wav,1.0,0.204174
/tmp/backbone_swap_hubert_os0n621f/data/PhysioNet2022/training_data/84978_PV.wav,1.0,0.056063455
/tmp/backbone_swap_hubert_os0n621f/data/PhysioNet2022/training_data/84978_TV.wav,1.0,0.20793292
/tmp/backbone_swap_hubert_os0n621f/data/PhysioNet2022/training_data/84982_AV.wav,1.0,0.13322318
/tmp/backbone_swap_hubert_os0n621f/data/PhysioNet2022/training_data/84982_MV.wav,1.0,0.09636712
/tmp/backbone_swap_hubert_os0n621f/data/PhysioNet2022/training_data/84982_PV.wav,1.0,0.36715657
/tmp/backbone_swap_hubert_os0n621f/data/PhysioNet2022/training_data/84982_TV.wav,1.0,0.2342986
/tmp/backbone_swap_hubert_os0n621f/data/PhysioNet2022/training_data/84983_MV.wav,1.0,0.20605454
/tmp/backbone_swap_hubert_os0n621f/data/PhysioNet2022/training_data/84983_PV.wav,1.0,0.2165987
/tmp/backbone_swap_hubert_os0n621f/data/PhysioNet2022/training_data/84983_TV.wav,1.0,0.12515467
/tmp/backbone_swap_hubert_os0n621f/data/PhysioNet2022/training_data/84985_AV.wav,1.0,0.08400518
/tmp/backbone_swap_hubert_os0n621f/data/PhysioNet2022/training_data/84985_MV.wav,1.0,0.11373256
/tmp/backbone_swap_hubert_os0n621f/data/PhysioNet2022/training_data/84985_PV.wav,1.0,0.1922242
/tmp/backbone_swap_hubert_os0n621f/data/PhysioNet2022/training_data/84985_TV.wav,1.0,0.18336354
/tmp/backbone_swap_hubert_os0n621f/data/PhysioNet2022/training_data/84990_AV.wav,1.0,0.17240465
/tmp/backbone_swap_hubert_os0n621f/data/PhysioNet2022/training_data/84990_MV.wav,1.0,0.046180613
/tmp/backbone_swap_hubert_os0n621f/data/PhysioNet2022/training_data/84990_PV.wav,1.0,0.112377934
/tmp/backbone_swap_hubert_os0n621f/data/PhysioNet2022/training_data/84990_TV.wav,1.0,0.4498858
/tmp/backbone_swap_hubert_os0n621f/data/PhysioNet2022/training_data/84991_AV.wav,1.0,0.091451526
/tmp/backbone_swap_hubert_os0n621f/data/PhysioNet2022/training_data/84991_MV.wav,1.0,0.09234512
/tmp/backbone_swap_hubert_os0n621f/data/PhysioNet2022/training_data/84991_PV.wav,1.0,0.30102023
/tmp/backbone_swap_hubert_os0n621f/data/PhysioNet2022/training_data/84991_TV.wav,1.0,0.10971763
/tmp/backbone_swap_hubert_os0n621f/data/PhysioNet2022/training_data/84995_AV.wav,1.0,0.083254956
/tmp/backbone_swap_hubert_os0n621f/data/PhysioNet2022/training_data/84995_MV.wav,1.0,0.33186164
/tmp/backbone_swap_hubert_os0n621f/data/PhysioNet2022/training_data/84996_AV.wav,1.0,0.2660775
/tmp/backbone_swap_hubert_os0n621f/data/PhysioNet2022/training_data/84996_MV.wav,1.0,0.6320576
/tmp/backbone_swap_hubert_os0n621f/data/PhysioNet2022/training_data/84996_PV.wav,1.0,0.22847347
/tmp/backbone_swap_hubert_os0n621f/data/PhysioNet2022/training_data/84996_TV.wav,1.0,0.35776472
/tmp/backbone_swap_hubert_os0n621f/data/PhysioNet2022/training_data/85004_MV.wav,1.0,0.18474643
/tmp/backbone_swap_hubert_os0n621f/data/PhysioNet2022/training_data/85012_AV.wav,1.0,0.60888475
/tmp/backbone_swap_hubert_os0n621f/data/PhysioNet2022/training_data/85012_MV.wav,1.0,0.28628847
/tmp/backbone_swap_hubert_os0n621f/data/PhysioNet2022/training_data/85012_PV.wav,1.0,0.5972269
/tmp/backbone_swap_hubert_os0n621f/data/PhysioNet2022/training_data/85012_TV.wav,1.0,0.09561467
/tmp/backbone_swap_hubert_os0n621f/data/PhysioNet2022/training_data/85019_AV.wav,1.0,0.22728753
/tmp/backbone_swap_hubert_os0n621f/data/PhysioNet2022/training_data/85019_MV.wav,1.0,0.033236932
/tmp/backbone_swap_hubert_os0n621f/data/PhysioNet2022/training_data/85020_AV.wav,1.0,0.24357218
/tmp/backbone_swap_hubert_os0n621f/data/PhysioNet2022/training_data/85020_MV.wav,1.0,0.091147535
/tmp/backbone_swap_hubert_os0n621f/data/PhysioNet2022/training_data/85020_PV.wav,1.0,0.30172694
/tmp/backbone_swap_hubert_os0n621f/data/PhysioNet2022/training_data/85020_TV.wav,1.0,0.24182379
/tmp/backbone_swap_hubert_os0n621f/data/PhysioNet2022/training_data/85034_AV.wav,1.0,0.13849893
/tmp/backbone_swap_hubert_os0n621f/data/PhysioNet2022/training_data/85034_MV.wav,1.0,0.08294575
/tmp/backbone_swap_hubert_os0n621f/data/PhysioNet2022/training_data/85035_AV.wav,1.0,0.14356758
/tmp/backbone_swap_hubert_os0n621f/data/PhysioNet2022/training_data/85035_MV.wav,1.0,0.43880707
/tmp/backbone_swap_hubert_os0n621f/data/PhysioNet2022/training_data/85035_PV.wav,1.0,0.11095792
/tmp/backbone_swap_hubert_os0n621f/data/PhysioNet2022/training_data/85035_TV.wav,1.0,0.2860482
/tmp/backbone_swap_hubert_os0n621f/data/PhysioNet2022/training_data/85042_AV.wav,1.0,0.24005163
/tmp/backbone_swap_hubert_os0n621f/data/PhysioNet2022/training_data/85042_MV.wav,1.0,0.20201735
/tmp/backbone_swap_hubert_os0n621f/data/PhysioNet2022/training_data/85042_PV.wav,1.0,0.06643818
/tmp/backbone_swap_hubert_os0n621f/data/PhysioNet2022/training_data/85042_TV.wav,1.0,0.24237224
/tmp/backbone_swap_hubert_os0n621f/data/PhysioNet2022/training_data/85046_AV.wav,1.0,0.10650382
/tmp/backbone_swap_hubert_os0n621f/data/PhysioNet2022/training_data/85046_MV.wav,1.0,0.5504807
/tmp/backbone_swap_hubert_os0n621f/data/PhysioNet2022/training_data/85046_PV.wav,1.0,0.2616523
/tmp/backbone_swap_hubert_os0n621f/data/PhysioNet2022/training_data/85046_TV.wav,1.0,0.101163864
/tmp/backbone_swap_hubert_os0n621f/data/PhysioNet2022/training_data/85052_MV.wav,1.0,0.21472503
/tmp/backbone_swap_hubert_os0n621f/data/PhysioNet2022/training_data/85052_PV.wav,1.0,0.19517274
/tmp/backbone_swap_hubert_os0n621f/data/PhysioNet2022/training_data/85052_TV.wav,1.0,0.16634148
/tmp/backbone_swap_hubert_os0n621f/data/PhysioNet2022/training_data/85053_AV.wav,1.0,0.44084424
/tmp/backbone_swap_hubert_os0n621f/data/PhysioNet2022/training_data/85053_MV.wav,1.0,0.3573009
/tmp/backbone_swap_hubert_os0n621f/data/PhysioNet2022/training_data/85053_PV.wav,1.0,0.41746476
/tmp/backbone_swap_hubert_os0n621f/data/PhysioNet2022/training_data/85053_TV.wav,1.0,0.33969826
/tmp/backbone_swap_hubert_os0n621f/data/PhysioNet2022/training_data/85057_AV.wav,1.0,0.13031483
/tmp/backbone_swap_hubert_os0n621f/data/PhysioNet2022/training_data/85057_MV.wav,1.0,0.08088713
/tmp/backbone_swap_hubert_os0n621f/data/PhysioNet2022/training_data/85057_PV.wav,1.0,0.13344696
/tmp/backbone_swap_hubert_os0n621f/data/PhysioNet2022/training_data/85057_TV.wav,1.0,0.07739331
/tmp/backbone_swap_hubert_os0n621f/data/PhysioNet2022/training_data/85062_AV.wav,1.0,0.04199255
/tmp/backbone_swap_hubert_os0n621f/data/PhysioNet2022/training_data/85062_MV.wav,1.0,0.26924884
/tmp/backbone_swap_hubert_os0n621f/data/PhysioNet2022/training_data/85062_PV.wav,1.0,0.1516433
/tmp/backbone_swap_hubert_os0n621f/data/PhysioNet2022/training_data/85062_TV.wav,1.0,0.19804177
/tmp/backbone_swap_hubert_os0n621f/data/PhysioNet2022/training_data/85063_MV.wav,1.0,0.24245843
/tmp/backbone_swap_hubert_os0n621f/data/PhysioNet2022/training_data/85066_MV.wav,1.0,0.2948811
/tmp/backbone_swap_hubert_os0n621f/data/PhysioNet2022/training_data/85069_AV.wav,1.0,0.1920994
/tmp/backbone_swap_hubert_os0n621f/data/PhysioNet2022/training_data/85069_MV.wav,1.0,0.16139188
/tmp/backbone_swap_hubert_os0n621f/data/PhysioNet2022/training_data/85069_PV.wav,1.0,0.25401062
/tmp/backbone_swap_hubert_os0n621f/data/PhysioNet2022/training_data/85069_TV.wav,1.0,0.075531654
/tmp/backbone_swap_hubert_os0n621f/data/PhysioNet2022/training_data/85077_AV.wav,1.0,0.11115485
/tmp/backbone_swap_hubert_os0n621f/data/PhysioNet2022/training_data/85077_MV.wav,1.0,0.3527963
/tmp/backbone_swap_hubert_os0n621f/data/PhysioNet2022/training_data/85077_PV.wav,1.0,0.31247395
/tmp/backbone_swap_hubert_os0n621f/data/PhysioNet2022/training_data/85077_TV.wav,1.0,0.31045607
/tmp/backbone_swap_hubert_os0n621f/data/PhysioNet2022/training_data/85081_AV.wav,1.0,0.5429011
/tmp/backbone_swap_hubert_os0n621f/data/PhysioNet2022/training_data/85081_MV.wav,1.0,0.13870928
/tmp/backbone_swap_hubert_os0n621f/data/PhysioNet2022/training_data/85094_AV.wav,1.0,0.12380778
/tmp/backbone_swap_hubert_os0n621f/data/PhysioNet2022/training_data/85094_MV.wav,1.0,0.21107851
/tmp/backbone_swap_hubert_os0n621f/data/PhysioNet2022/training_data/85094_PV.wav,1.0,0.049081247
/tmp/backbone_swap_hubert_os0n621f/data/PhysioNet2022/training_data/85094_TV.wav,1.0,0.08381905
/tmp/backbone_swap_hubert_os0n621f/data/PhysioNet2022/training_data/85096_AV.wav,1.0,0.19858982
/tmp/backbone_swap_hubert_os0n621f/data/PhysioNet2022/training_data/85096_MV.wav,1.0,0.078177534
/tmp/backbone_swap_hubert_os0n621f/data/PhysioNet2022/training_data/85096_PV.wav,1.0,0.36980805
/tmp/backbone_swap_hubert_os0n621f/data/PhysioNet2022/training_data/85096_TV.wav,1.0,0.19734342
/tmp/backbone_swap_hubert_os0n621f/data/PhysioNet2022/training_data/85099_AV.wav,1.0,0.12494602
/tmp/backbone_swap_hubert_os0n621f/data/PhysioNet2022/training_data/85099_MV.wav,1.0,0.3839303
/tmp/backbone_swap_hubert_os0n621f/data/PhysioNet2022/training_data/85099_PV.wav,1.0,0.21585089
/tmp/backbone_swap_hubert_os0n621f/data/PhysioNet2022/training_data/85099_TV.wav,1.0,0.18505506
/tmp/backbone_swap_hubert_os0n621f/data/PhysioNet2022/training_data/85100_AV.wav,1.0,0.14147305
/tmp/backbone_swap_hubert_os0n621f/data/PhysioNet2022/training_data/85100_PV.wav,1.0,0.16940857
/tmp/backbone_swap_hubert_os0n621f/data/PhysioNet2022/training_data/85102_AV.wav,1.0,0.2857542
/tmp/backbone_swap_hubert_os0n621f/data/PhysioNet2022/training_data/85102_MV.wav,1.0,0.16473056
/tmp/backbone_swap_hubert_os0n621f/data/PhysioNet2022/training_data/85102_PV.wav,1.0,0.054732155
/tmp/backbone_swap_hubert_os0n621f/data/PhysioNet2022/training_data/85102_TV.wav,1.0,0.37747252
/tmp/backbone_swap_hubert_os0n621f/data/PhysioNet2022/training_data/85103_AV.wav,1.0,0.098157145
/tmp/backbone_swap_hubert_os0n621f/data/PhysioNet2022/training_data/85103_PV.wav,1.0,0.1975483
/tmp/backbone_swap_hubert_os0n621f/data/PhysioNet2022/training_data/85103_TV.wav,1.0,0.21535288
/tmp/backbone_swap_hubert_os0n621f/data/PhysioNet2022/training_data/85108_AV.wav,1.0,0.09709855
/tmp/backbone_swap_hubert_os0n621f/data/PhysioNet2022/training_data/85108_MV.wav,1.0,0.16825801
/tmp/backbone_swap_hubert_os0n621f/data/PhysioNet2022/training_data/85108_PV.wav,1.0,0.63963026
/tmp/backbone_swap_hubert_os0n621f/data/PhysioNet2022/training_data/85108_TV.wav,1.0,0.10857951
/tmp/backbone_swap_hubert_os0n621f/data/PhysioNet2022/training_data/85109_AV.wav,1.0,0.23197755
/tmp/backbone_swap_hubert_os0n621f/data/PhysioNet2022/training_data/85109_MV.wav,1.0,0.27615738
/tmp/backbone_swap_hubert_os0n621f/data/PhysioNet2022/training_data/85109_PV.wav,1.0,0.13593261
/tmp/backbone_swap_hubert_os0n621f/data/PhysioNet2022/training_data/85109_TV.wav,1.0,0.35979226
/tmp/backbone_swap_hubert_os0n621f/data/PhysioNet2022/training_data/85110_AV.wav,1.0,0.03522178
/tmp/backbone_swap_hubert_os0n621f/data/PhysioNet2022/training_data/85110_MV.wav,1.0,0.068000436
/tmp/backbone_swap_hubert_os0n621f/data/PhysioNet2022/training_data/85110_PV.wav,1.0,0.19499265
/tmp/backbone_swap_hubert_os0n621f/data/PhysioNet2022/training_data/85110_TV.wav,1.0,0.25879213
/tmp/backbone_swap_hubert_os0n621f/data/PhysioNet2022/training_data/85115_AV.wav,1.0,0.08790904
/tmp/backbone_swap_hubert_os0n621f/data/PhysioNet2022/training_data/85115_MV.wav,1.0,0.11518838
/tmp/backbone_swap_hubert_os0n621f/data/PhysioNet2022/training_data/85115_PV.wav,1.0,0.2204166
/tmp/backbone_swap_hubert_os0n621f/data/PhysioNet2022/training_data/85115_TV.wav,1.0,0.56510407
/tmp/backbone_swap_hubert_os0n621f/data/PhysioNet2022/training_data/85118_AV.wav,1.0,0.2494081
/tmp/backbone_swap_hubert_os0n621f/data/PhysioNet2022/training_data/85118_MV.wav,1.0,0.17358476
/tmp/backbone_swap_hubert_os0n621f/data/PhysioNet2022/training_data/85118_PV.wav,1.0,0.19742243
/tmp/backbone_swap_hubert_os0n621f/data/PhysioNet2022/training_data/85118_TV.wav,1.0,0.24712697
/tmp/backbone_swap_hubert_os0n621f/data/PhysioNet2022/training_data/85119_AV.wav,1.0,0.19831418
/tmp/backbone_swap_hubert_os0n621f/data/PhysioNet2022/training_data/85119_MV.wav,1.0,0.15208782
/tmp/backbone_swap_hubert_os0n621f/data/PhysioNet2022/training_data/85119_PV.wav,1.0,0.30416703
/tmp/backbone_swap_hubert_os0n621f/data/PhysioNet2022/training_data/85119_TV.wav,1.0,0.19837801
/tmp/backbone_swap_hubert_os0n621f/data/PhysioNet2022/training_data/85121_AV.wav,1.0,0.4897128
/tmp/backbone_swap_hubert_os0n621f/data/PhysioNet2022/training_data/85121_MV.wav,1.0,0.2607721
/tmp/backbone_swap_hubert_os0n621f/data/PhysioNet2022/training_data/85121_PV.wav,1.0,0.17252533
/tmp/backbone_swap_hubert_os0n621f/data/PhysioNet2022/training_data/85121_TV.wav,1.0,0.56049716
/tmp/backbone_swap_hubert_os0n621f/data/PhysioNet2022/training_data/85131_AV.wav,1.0,0.14220536
/tmp/backbone_swap_hubert_os0n621f/data/PhysioNet2022/training_data/85131_MV.wav,1.0,0.42426652
/tmp/backbone_swap_hubert_os0n621f/data/PhysioNet2022/training_data/85131_PV.wav,1.0,0.43541673
/tmp/backbone_swap_hubert_os0n621f/data/PhysioNet2022/training_data/85131_TV.wav,1.0,0.24085611
/tmp/backbone_swap_hubert_os0n621f/data/PhysioNet2022/training_data/85134_AV.wav,1.0,0.30855173
/tmp/backbone_swap_hubert_os0n621f/data/PhysioNet2022/training_data/85134_MV.wav,1.0,0.18807553
/tmp/backbone_swap_hubert_os0n621f/data/PhysioNet2022/training_data/85134_PV.wav,1.0,0.3697331
/tmp/backbone_swap_hubert_os0n621f/data/PhysioNet2022/training_data/85134_TV.wav,1.0,0.25773883
/tmp/backbone_swap_hubert_os0n621f/data/PhysioNet2022/training_data/85139_MV.wav,1.0,0.2170363
/tmp/backbone_swap_hubert_os0n621f/data/PhysioNet2022/training_data/85139_PV.wav,1.0,0.085084654
/tmp/backbone_swap_hubert_os0n621f/data/PhysioNet2022/training_data/85139_TV.wav,1.0,0.64195627
/tmp/backbone_swap_hubert_os0n621f/data/PhysioNet2022/training_data/85144_AV.wav,1.0,0.24563919
/tmp/backbone_swap_hubert_os0n621f/data/PhysioNet2022/training_data/85144_MV.wav,1.0,0.071903326
/tmp/backbone_swap_hubert_os0n621f/data/PhysioNet2022/training_data/85150_AV.wav,1.0,0.16164264
/tmp/backbone_swap_hubert_os0n621f/data/PhysioNet2022/training_data/85150_PV.wav,1.0,0.021722741
/tmp/backbone_swap_hubert_os0n621f/data/PhysioNet2022/training_data/85152_AV.wav,1.0,0.5661515
/tmp/backbone_swap_hubert_os0n621f/data/PhysioNet2022/training_data/85152_MV.wav,1.0,0.24245515
/tmp/backbone_swap_hubert_os0n621f/data/PhysioNet2022/training_data/85152_PV.wav,1.0,0.37605113
/tmp/backbone_swap_hubert_os0n621f/data/PhysioNet2022/training_data/85152_TV.wav,1.0,0.6362234
/tmp/backbone_swap_hubert_os0n621f/data/PhysioNet2022/training_data/85157_AV.wav,1.0,0.100402944
/tmp/backbone_swap_hubert_os0n621f/data/PhysioNet2022/training_data/85157_MV.wav,1.0,0.17073806
/tmp/backbone_swap_hubert_os0n621f/data/PhysioNet2022/training_data/85157_PV.wav,1.0,0.006917026
/tmp/backbone_swap_hubert_os0n621f/data/PhysioNet2022/training_data/85157_TV.wav,1.0,0.2627956
/tmp/backbone_swap_hubert_os0n621f/data/PhysioNet2022/training_data/85162_AV.wav,1.0,0.26959586
/tmp/backbone_swap_hubert_os0n621f/data/PhysioNet2022/training_data/85162_MV.wav,1.0,0.15661031
/tmp/backbone_swap_hubert_os0n621f/data/PhysioNet2022/training_data/85162_PV.wav,1.0,0.081969686
/tmp/backbone_swap_hubert_os0n621f/data/PhysioNet2022/training_data/85162_TV.wav,1.0,0.29856142
/tmp/backbone_swap_hubert_os0n621f/data/PhysioNet2022/training_data/85163_AV.wav,1.0,0.36200574
/tmp/backbone_swap_hubert_os0n621f/data/PhysioNet2022/training_data/85163_MV.wav,1.0,0.13100658
/tmp/backbone_swap_hubert_os0n621f/data/PhysioNet2022/training_data/85163_PV.wav,1.0,0.24647456
/tmp/backbone_swap_hubert_os0n621f/data/PhysioNet2022/training_data/85163_TV.wav,1.0,0.21005043
/tmp/backbone_swap_hubert_os0n621f/data/PhysioNet2022/training_data/85164_AV.wav,1.0,0.21500456
/tmp/backbone_swap_hubert_os0n621f/data/PhysioNet2022/training_data/85164_MV.wav,1.0,0.06905632
/tmp/backbone_swap_hubert_os0n621f/data/PhysioNet2022/training_data/85164_PV.wav,1.0,0.18885021
/tmp/backbone_swap_hubert_os0n621f/data/PhysioNet2022/training_data/85164_TV.wav,1.0,0.33686242
/tmp/backbone_swap_hubert_os0n621f/data/PhysioNet2022/training_data/85168_AV.wav,1.0,0.4008315
/tmp/backbone_swap_hubert_os0n621f/data/PhysioNet2022/training_data/85168_MV.wav,1.0,0.2892339
/tmp/backbone_swap_hubert_os0n621f/data/PhysioNet2022/training_data/85168_PV.wav,1.0,0.7703405
/tmp/backbone_swap_hubert_os0n621f/data/PhysioNet2022/training_data/85168_TV.wav,1.0,0.2509071
/tmp/backbone_swap_hubert_os0n621f/data/PhysioNet2022/training_data/85174_AV.wav,1.0,0.5207026
/tmp/backbone_swap_hubert_os0n621f/data/PhysioNet2022/training_data/85174_MV.wav,1.0,0.11212681
/tmp/backbone_swap_hubert_os0n621f/data/PhysioNet2022/training_data/85174_PV.wav,1.0,0.53116137
/tmp/backbone_swap_hubert_os0n621f/data/PhysioNet2022/training_data/85174_TV.wav,1.0,0.59774834
/tmp/backbone_swap_hubert_os0n621f/data/PhysioNet2022/training_data/85175_AV.wav,1.0,0.17309298
/tmp/backbone_swap_hubert_os0n621f/data/PhysioNet2022/training_data/85175_MV.wav,1.0,0.11346651
/tmp/backbone_swap_hubert_os0n621f/data/PhysioNet2022/training_data/85175_PV.wav,1.0,0.46356842
/tmp/backbone_swap_hubert_os0n621f/data/PhysioNet2022/training_data/85175_TV.wav,1.0,0.25824204
/tmp/backbone_swap_hubert_os0n621f/data/PhysioNet2022/training_data/85186_AV.wav,1.0,0.098793745
/tmp/backbone_swap_hubert_os0n621f/data/PhysioNet2022/training_data/85186_PV.wav,1.0,0.05647078
/tmp/backbone_swap_hubert_os0n621f/data/PhysioNet2022/training_data/85186_TV.wav,1.0,0.50046587
/tmp/backbone_swap_hubert_os0n621f/data/PhysioNet2022/training_data/85202_AV.wav,1.0,0.17787713
/tmp/backbone_swap_hubert_os0n621f/data/PhysioNet2022/training_data/85202_MV.wav,1.0,0.24390967
/tmp/backbone_swap_hubert_os0n621f/data/PhysioNet2022/training_data/85207_AV.wav,1.0,0.098127484
/tmp/backbone_swap_hubert_os0n621f/data/PhysioNet2022/training_data/85207_MV.wav,1.0,0.2828978
/tmp/backbone_swap_hubert_os0n621f/data/PhysioNet2022/training_data/85207_PV.wav,1.0,0.06251986
/tmp/backbone_swap_hubert_os0n621f/data/PhysioNet2022/training_data/85207_TV.wav,1.0,0.1326379
/tmp/backbone_swap_hubert_os0n621f/data/PhysioNet2022/training_data/85212_AV.wav,1.0,0.222822
/tmp/backbone_swap_hubert_os0n621f/data/PhysioNet2022/training_data/85212_MV.wav,1.0,0.27310222
/tmp/backbone_swap_hubert_os0n621f/data/PhysioNet2022/training_data/85212_PV.wav,1.0,0.14538759
/tmp/backbone_swap_hubert_os0n621f/data/PhysioNet2022/training_data/85212_TV.wav,1.0,0.12201013
/tmp/backbone_swap_hubert_os0n621f/data/PhysioNet2022/training_data/85216_AV.wav,1.0,0.03298553
/tmp/backbone_swap_hubert_os0n621f/data/PhysioNet2022/training_data/85216_MV.wav,1.0,0.24500364
/tmp/backbone_swap_hubert_os0n621f/data/PhysioNet2022/training_data/85216_PV.wav,1.0,0.4434236
/tmp/backbone_swap_hubert_os0n621f/data/PhysioNet2022/training_data/85216_TV.wav,1.0,0.14974478
/tmp/backbone_swap_hubert_os0n621f/data/PhysioNet2022/training_data/85230_AV.wav,1.0,0.28741524
/tmp/backbone_swap_hubert_os0n621f/data/PhysioNet2022/training_data/85230_MV.wav,1.0,0.17689192
/tmp/backbone_swap_hubert_os0n621f/data/PhysioNet2022/training_data/85230_PV.wav,1.0,0.24017322
/tmp/backbone_swap_hubert_os0n621f/data/PhysioNet2022/training_data/85230_TV.wav,1.0,0.6683931
/tmp/backbone_swap_hubert_os0n621f/data/PhysioNet2022/training_data/85234_AV.wav,1.0,0.30004045
/tmp/backbone_swap_hubert_os0n621f/data/PhysioNet2022/training_data/85234_MV.wav,1.0,0.1608851
/tmp/backbone_swap_hubert_os0n621f/data/PhysioNet2022/training_data/85234_PV.wav,1.0,0.11022976
/tmp/backbone_swap_hubert_os0n621f/data/PhysioNet2022/training_data/85234_TV.wav,1.0,0.10151551
/tmp/backbone_swap_hubert_os0n621f/data/PhysioNet2022/training_data/85236_AV.wav,1.0,0.15868434
/tmp/backbone_swap_hubert_os0n621f/data/PhysioNet2022/training_data/85236_MV.wav,1.0,0.33746842
/tmp/backbone_swap_hubert_os0n621f/data/PhysioNet2022/training_data/85236_PV.wav,1.0,0.09883343
/tmp/backbone_swap_hubert_os0n621f/data/PhysioNet2022/training_data/85236_TV.wav,1.0,0.12651028
/tmp/backbone_swap_hubert_os0n621f/data/PhysioNet2022/training_data/85239_AV.wav,1.0,0.26207057
/tmp/backbone_swap_hubert_os0n621f/data/PhysioNet2022/training_data/85239_MV.wav,1.0,0.12992735
/tmp/backbone_swap_hubert_os0n621f/data/PhysioNet2022/training_data/85239_PV.wav,1.0,0.17232631
/tmp/backbone_swap_hubert_os0n621f/data/PhysioNet2022/training_data/85239_TV.wav,1.0,0.13873756
/tmp/backbone_swap_hubert_os0n621f/data/PhysioNet2022/training_data/85244_AV.wav,1.0,0.028380025
/tmp/backbone_swap_hubert_os0n621f/data/PhysioNet2022/training_data/85244_MV.wav,1.0,0.46636426
/tmp/backbone_swap_hubert_os0n621f/data/PhysioNet2022/training_data/85244_PV.wav,1.0,0.59182686
/tmp/backbone_swap_hubert_os0n621f/data/PhysioNet2022/training_data/85244_TV.wav,1.0,0.18094017
/tmp/backbone_swap_hubert_os0n621f/data/PhysioNet2022/training_data/85247_AV.wav,1.0,0.15801653
/tmp/backbone_swap_hubert_os0n621f/data/PhysioNet2022/training_data/85247_MV.wav,1.0,0.25463602
/tmp/backbone_swap_hubert_os0n621f/data/PhysioNet2022/training_data/85247_PV.wav,1.0,0.12631483
/tmp/backbone_swap_hubert_os0n621f/data/PhysioNet2022/training_data/85247_TV.wav,1.0,0.18828277
/tmp/backbone_swap_hubert_os0n621f/data/PhysioNet2022/training_data/85252_AV.wav,1.0,0.12922545
/tmp/backbone_swap_hubert_os0n621f/data/PhysioNet2022/training_data/85252_MV.wav,1.0,0.10545213
/tmp/backbone_swap_hubert_os0n621f/data/PhysioNet2022/training_data/85252_PV.wav,1.0,0.27135167
/tmp/backbone_swap_hubert_os0n621f/data/PhysioNet2022/training_data/85252_TV.wav,1.0,0.16471446
/tmp/backbone_swap_hubert_os0n621f/data/PhysioNet2022/training_data/85253_AV.wav,1.0,0.11634791
/tmp/backbone_swap_hubert_os0n621f/data/PhysioNet2022/training_data/85253_MV.wav,1.0,0.026308125
/tmp/backbone_swap_hubert_os0n621f/data/PhysioNet2022/training_data/85253_PV.wav,1.0,0.13243872
/tmp/backbone_swap_hubert_os0n621f/data/PhysioNet2022/training_data/85253_TV.wav,1.0,0.20715086
/tmp/backbone_swap_hubert_os0n621f/data/PhysioNet2022/training_data/85258_AV.wav,1.0,0.15750706
/tmp/backbone_swap_hubert_os0n621f/data/PhysioNet2022/training_data/85258_MV.wav,1.0,0.12620836
/tmp/backbone_swap_hubert_os0n621f/data/PhysioNet2022/training_data/85258_PV.wav,1.0,0.17368741
/tmp/backbone_swap_hubert_os0n621f/data/PhysioNet2022/training_data/85258_TV.wav,1.0,0.10877718
/tmp/backbone_swap_hubert_os0n621f/data/PhysioNet2022/training_data/85276_MV.wav,1.0,0.1561216
/tmp/backbone_swap_hubert_os0n621f/data/PhysioNet2022/training_data/85277_AV.wav,1.0,0.2771258
/tmp/backbone_swap_hubert_os0n621f/data/PhysioNet2022/training_data/85277_MV.wav,1.0,0.1439738
/tmp/backbone_swap_hubert_os0n621f/data/PhysioNet2022/training_data/85277_PV.wav,1.0,0.16501702
/tmp/backbone_swap_hubert_os0n621f/data/PhysioNet2022/training_data/85277_TV.wav,1.0,0.30653477
/tmp/backbone_swap_hubert_os0n621f/data/PhysioNet2022/training_data/85282_AV.wav,1.0,0.2368044
/tmp/backbone_swap_hubert_os0n621f/data/PhysioNet2022/training_data/85282_MV.wav,1.0,0.1809041
/tmp/backbone_swap_hubert_os0n621f/data/PhysioNet2022/training_data/85282_PV.wav,1.0,0.21109805
/tmp/backbone_swap_hubert_os0n621f/data/PhysioNet2022/training_data/85282_TV.wav,1.0,0.16552697
/tmp/backbone_swap_hubert_os0n621f/data/PhysioNet2022/training_data/85285_AV.wav,1.0,0.24907178
/tmp/backbone_swap_hubert_os0n621f/data/PhysioNet2022/training_data/85285_MV.wav,1.0,0.118055254
/tmp/backbone_swap_hubert_os0n621f/data/PhysioNet2022/training_data/85285_PV.wav,1.0,0.21772516
/tmp/backbone_swap_hubert_os0n621f/data/PhysioNet2022/training_data/85285_TV.wav,1.0,0.102509044
/tmp/backbone_swap_hubert_os0n621f/data/PhysioNet2022/training_data/85293_AV.wav,1.0,0.08576437
/tmp/backbone_swap_hubert_os0n621f/data/PhysioNet2022/training_data/85293_MV.wav,1.0,0.28689536
/tmp/backbone_swap_hubert_os0n621f/data/PhysioNet2022/training_data/85293_PV.wav,1.0,0.12408108
/tmp/backbone_swap_hubert_os0n621f/data/PhysioNet2022/training_data/85293_TV.wav,1.0,0.21788546
/tmp/backbone_swap_hubert_os0n621f/data/PhysioNet2022/training_data/85312_AV.wav,1.0,0.47741422
/tmp/backbone_swap_hubert_os0n621f/data/PhysioNet2022/training_data/85312_MV.wav,1.0,0.50193405
/tmp/backbone_swap_hubert_os0n621f/data/PhysioNet2022/training_data/85312_PV.wav,1.0,0.24761091
/tmp/backbone_swap_hubert_os0n621f/data/PhysioNet2022/training_data/85312_TV.wav,1.0,0.13298003
/tmp/backbone_swap_hubert_os0n621f/data/PhysioNet2022/training_data/85317_AV.wav,1.0,0.112083465
/tmp/backbone_swap_hubert_os0n621f/data/PhysioNet2022/training_data/85323_PV.wav,1.0,0.25578287
/tmp/backbone_swap_hubert_os0n621f/data/PhysioNet2022/training_data/85326_AV.wav,1.0,0.48633018
/tmp/backbone_swap_hubert_os0n621f/data/PhysioNet2022/training_data/85326_MV.wav,1.0,0.08397322
/tmp/backbone_swap_hubert_os0n621f/data/PhysioNet2022/training_data/85326_PV.wav,1.0,0.34082824
/tmp/backbone_swap_hubert_os0n621f/data/PhysioNet2022/training_data/85326_TV.wav,1.0,0.35906485
/tmp/backbone_swap_hubert_os0n621f/data/PhysioNet2022/training_data/85334_AV.wav,1.0,0.23979044
/tmp/backbone_swap_hubert_os0n621f/data/PhysioNet2022/training_data/85334_MV.wav,1.0,0.2394412
/tmp/backbone_swap_hubert_os0n621f/data/PhysioNet2022/training_data/85334_PV.wav,1.0,0.4601799
/tmp/backbone_swap_hubert_os0n621f/data/PhysioNet2022/training_data/85334_TV.wav,1.0,0.20201683
/tmp/backbone_swap_hubert_os0n621f/data/PhysioNet2022/training_data/85339_MV.wav,1.0,0.2887154
/tmp/backbone_swap_hubert_os0n621f/data/PhysioNet2022/training_data/85345_AV.wav,1.0,0.4519878
/tmp/backbone_swap_hubert_os0n621f/data/PhysioNet2022/training_data/85345_PV.wav,1.0,0.72247666
/tmp/backbone_swap_hubert_os0n621f/data/PhysioNet2022/training_data/85349_AV.wav,1.0,0.19151512
/tmp/backbone_swap_hubert_os0n621f/data/PhysioNet2022/training_data/85349_PV.wav,1.0,0.19655442
/tmp/backbone_swap_hubert_os0n621f/data/PhysioNet2022/training_data/85349_TV.wav,1.0,0.47922957
noise,0.0,0.4020345
noise,0.0,0.23949802
noise,0.0,0.14498919
noise,0.0,0.22713043
noise,0.0,0.16406597
noise,0.0,0.12204154
noise,0.0,0.19116656
noise,0.0,0.4474387
noise,0.0,0.1320752
noise,0.0,0.24208172
noise,0.0,0.11230376
noise,0.0,0.31891942
noise,0.0,0.1446681
noise,0.0,0.38879764
noise,0.0,0.23611759
noise,0.0,0.1502913
noise,0.0,0.17413819
noise,0.0,0.17800006
noise,0.0,0.15920198
noise,0.0,0.15425983
noise,0.0,0.076452665
noise,0.0,0.05996785
noise,0.0,0.4233139
noise,0.0,0.10484326
noise,0.0,0.2539084
noise,0.0,0.32645103
noise,0.0,0.21951832
noise,0.0,0.5239653
noise,0.0,0.40244386
noise,0.0,0.4773356
noise,0.0,0.11199734
noise,0.0,0.07384339
noise,0.0,0.13931793
noise,0.0,0.10124884
noise,0.0,0.056933053
noise,0.0,0.36323252
noise,0.0,0.08790753
noise,0.0,0.40400112
noise,0.0,0.20767163
noise,0.0,0.24245149
noise,0.0,0.081659965
noise,0.0,0.5094713
noise,0.0,0.1508437
noise,0.0,0.123474695
noise,0.0,0.22528845
noise,0.0,0.114881165
noise,0.0,0.4020345
noise,0.0,0.04131685
noise,0.0,0.071307726
noise,0.0,0.19302216
noise,0.0,0.228261
noise,0.0,0.08067041
noise,0.0,0.8588555
noise,0.0,0.253958
noise,0.0,0.43049055
noise,0.0,0.6502204
noise,0.0,0.0932658
noise,0.0,0.27703393
noise,0.0,0.033625025
noise,0.0,0.1078373
noise,0.0,0.2970959
noise,0.0,0.1535745
noise,0.0,0.09747451
noise,0.0,0.09824961
noise,0.0,0.019253267
noise,0.0,0.13670638
noise,0.0,0.1621347
noise,0.0,0.2070472
noise,0.0,0.08992249
noise,0.0,0.43127128
noise,0.0,0.1430413
noise,0.0,0.17815459
noise,0.0,0.05225938
noise,0.0,0.57416797
noise,0.0,0.57561195
noise,0.0,0.1769873
noise,0.0,0.14718002
noise,0.0,0.24777567
noise,0.0,0.037223045
noise,0.0,0.082258575
noise,0.0,0.16842863
noise,0.0,0.05913882
noise,0.0,0.13389897
noise,0.0,0.120127015
noise,0.0,0.7448336
noise,0.0,0.27631456
noise,0.0,0.083841525
noise,0.0,0.15096739
noise,0.0,0.06708536
noise,0.0,0.4055804
noise,0.0,0.0526048
noise,0.0,0.16427319
noise,0.0,0.020118186
noise,0.0,0.18546458
noise,0.0,0.42520624
noise,0.0,0.17978516
noise,0.0,0.26114738
noise,0.0,0.24106582
noise,0.0,0.1213406
noise,0.0,0.2252747
noise,0.0,0.4574895
noise,0.0,0.19705641
noise,0.0,0.35868827
noise,0.0,0.019864233
noise,0.0,0.23055431
noise,0.0,0.24247834
noise,0.0,0.16751747
noise,0.0,0.12578464
noise,0.0,0.20595391
noise,0.0,0.30462986
noise,0.0,0.21590911
noise,0.0,0.2070595
noise,0.0,0.09269066
noise,0.0,0.21447268
noise,0.0,0.16916125
noise,0.0,0.17847458
noise,0.0,0.19988364
noise,0.0,0.11157671
noise,0.0,0.19086121
noise,0.0,0.3071369
noise,0.0,0.14646918
noise,0.0,0.2755656
noise,0.0,0.06429766
noise,0.0,0.03702682
noise,0.0,0.120578356
noise,0.0,0.108856924
noise,0.0,0.24894004
noise,0.0,0.2559419
noise,0.0,0.098626226
noise,0.0,0.16898113
noise,0.0,0.2634029
noise,0.0,0.39077765
noise,0.0,0.507528
noise,0.0,0.21320307
noise,0.0,0.7777698
noise,0.0,0.13765532
noise,0.0,0.20263024
noise,0.0,0.2910135
noise,0.0,0.62398267
noise,0.0,0.07097293
noise,0.0,0.07566761
noise,0.0,0.28553814
noise,0.0,0.16870436
noise,0.0,0.07835187
noise,0.0,0.09577621
noise,0.0,0.20689663
noise,0.0,0.19879514
noise,0.0,0.09202336
noise,0.0,0.12190355
noise,0.0,0.66852015
noise,0.0,0.12120713
noise,0.0,0.8424166
noise,0.0,0.2680317
noise,0.0,0.16961047
noise,0.0,0.3570423
noise,0.0,0.1213406
noise,0.0,0.13490053
noise,0.0,0.14559096
noise,0.0,0.11319985
noise,0.0,0.11684462
noise,0.0,0.1463651
noise,0.0,0.05020871
noise,0.0,0.26061255
noise,0.0,0.6104847
noise,0.0,0.52069885
noise,0.0,0.25334844
noise,0.0,0.6779879
noise,0.0,0.5072301
noise,0.0,0.112673044
noise,0.0,0.24395896
noise,0.0,0.23997444
noise,0.0,0.0639524
noise,0.0,0.20651631
noise,0.0,0.40708262
noise,0.0,0.8862074
noise,0.0,0.03708322
noise,0.0,0.24992499
noise,0.0,0.09338882
noise,0.0,0.20755008
noise,0.0,0.14164354
noise,0.0,0.1549558
noise,0.0,0.10063891
noise,0.0,0.38634193
noise,0.0,0.12085693
noise,0.0,0.10301978
noise,0.0,0.08147797
noise,0.0,0.20334904
noise,0.0,0.09646258
noise,0.0,0.19036597
noise,0.0,0.13348581
noise,0.0,0.34837338
noise,0.0,0.20626335
noise,0.0,0.2097553
noise,0.0,0.74254435
noise,0.0,0.41288233
noise,0.0,0.05297987
noise,0.0,0.08304933
noise,0.0,0.19734669
noise,0.0,0.34370938
noise,0.0,0.15486191
noise,0.0,0.23284692
noise,0.0,0.113702714
noise,0.0,0.10515883
noise,0.0,0.11745415
noise,0.0,0.11242462
noise,0.0,0.08130565
noise,0.0,0.30346984
noise,0.0,0.039454646
noise,0.0,0.4612604
noise,0.0,0.049515016
noise,0.0,0.3277354
noise,0.0,0.19574675
noise,0.0,0.66745204
noise,0.0,0.20379642
noise,0.0,0.17925128
noise,0.0,0.15885797
noise,0.0,0.18388954
noise,0.0,0.09310515
noise,0.0,0.6625757
noise,0.0,0.26490507
noise,0.0,0.23567721
noise,0.0,0.07648072
noise,0.0,0.23707627
noise,0.0,0.2050337
noise,0.0,0.3764585
noise,0.0,0.22318561
noise,0.0,0.34514278
noise,0.0,0.11674749
noise,0.0,0.27187112
noise,0.0,0.12488766
noise,0.0,0.28251502
noise,0.0,0.78292847
noise,0.0,0.12647119
noise,0.0,0.29003522
noise,0.0,0.023487123
noise,0.0,0.24810013
noise,0.0,0.15773414
noise,0.0,0.041003518
noise,0.0,0.15242767
noise,0.0,0.5057577
noise,0.0,0.13810962
noise,0.0,0.0905009
noise,0.0,0.14920506
noise,0.0,0.21575913
noise,0.0,0.43708488
noise,0.0,0.10847541
noise,0.0,0.049770866
noise,0.0,0.08785964
noise,0.0,0.21889244
noise,0.0,0.31504357
noise,0.0,0.43004945
noise,0.0,0.12094252
noise,0.0,0.22431381
noise,0.0,0.19344723
noise,0.0,0.05063049
noise,0.0,0.09676098
noise,0.0,0.040008742
noise,0.0,0.07695419
noise,0.0,0.7635493
noise,0.0,0.07934662
noise,0.0,0.18903986
noise,0.0,0.16009435
noise,0.0,0.13735926
noise,0.0,0.4440103
noise,0.0,0.1436476
noise,0.0,0.38085365
noise,0.0,0.034613747
noise,0.0,0.552822
noise,0.0,0.12709823
noise,0.0,0.15138064
noise,0.0,0.096148804
noise,0.0,0.24649467
noise,0.0,0.2911691
noise,0.0,0.4524345
noise,0.0,0.62598675
noise,0.0,0.64774907
noise,0.0,0.037455034
noise,0.0,0.50321096
noise,0.0,0.10092268
noise,0.0,0.18803608
noise,0.0,0.58453435
noise,0.0,0.15012322
noise,0.0,0.14739469
noise,0.0,0.26062977
noise,0.0,0.3101024
noise,0.0,0.338763
noise,0.0,0.657361
noise,0.0,0.16856453
noise,0.0,0.49700326
noise,0.0,0.35662413
noise,0.0,0.16880144
noise,0.0,0.16923207
noise,0.0,0.24667135
noise,0.0,0.03697143
noise,0.0,0.5857912
noise,0.0,0.0908511
noise,0.0,0.02476006
noise,0.0,0.14656265
noise,0.0,0.18085808
noise,0.0,0.0755169
noise,0.0,0.33582672
noise,0.0,0.1560891
noise,0.0,0.16725022
noise,0.0,0.15165605
noise,0.0,0.120756134
noise,0.0,0.23939392
noise,0.0,0.21511157
noise,0.0,0.46103838
noise,0.0,0.06612565
noise,0.0,0.44755346
noise,0.0,0.09387556
noise,0.0,0.11955988
noise,0.0,0.22791271
noise,0.0,0.060549974
noise,0.0,0.0267463
noise,0.0,0.16547729
noise,0.0,0.27170324
noise,0.0,0.19967373
noise,0.0,0.37355715
noise,0.0,0.17424467
noise,0.0,0.1763486
noise,0.0,0.14189282
noise,0.0,0.09846627
noise,0.0,0.16667643
noise,0.0,0.024910145
noise,0.0,0.19668742
noise,0.0,0.062105525
noise,0.0,0.4170251
noise,0.0,0.6168169
noise,0.0,0.060295146
noise,0.0,0.06566114
noise,0.0,0.23146297
noise,0.0,0.18247865
noise,0.0,0.68414706
noise,0.0,0.82802093
noise,0.0,0.21841425
noise,0.0,0.15332027
noise,0.0,0.14120726
noise,0.0,0.15404464
noise,0.0,0.08632797
noise,0.0,0.36893195
noise,0.0,0.12568574
noise,0.0,0.061578814
noise,0.0,0.07202877
noise,0.0,0.10068822
noise,0.0,0.645399
noise,0.0,0.094418794
noise,0.0,0.09722648
noise,0.0,0.1881018
noise,0.0,0.21494494
noise,0.0,0.51385427
noise,0.0,0.608371
noise,0.0,0.024361523
noise,0.0,0.40322804
noise,0.0,0.50447106
noise,0.0,0.46735838
noise,0.0,0.24137723
noise,0.0,0.38780338
noise,0.0,0.2245083
noise,0.0,0.5577256
noise,0.0,0.2818962
noise,0.0,0.14262047
noise,0.0,0.14947484
noise,0.0,0.19455501
noise,0.0,0.26579955
noise,0.0,0.34042025
noise,0.0,0.2557786
noise,0.0,0.23999743
noise,0.0,0.12512365
noise,0.0,0.20084184
noise,0.0,0.16305238
noise,0.0,0.18762368
noise,0.0,0.17678542
noise,0.0,0.48710045
noise,0.0,0.050023563
noise,0.0,0.36771202
noise,0.0,0.21792646
noise,0.0,0.5871252
noise,0.0,0.15227795
noise,0.0,0.23584992
noise,0.0,0.13448694
noise,0.0,0.21385594
noise,0.0,0.15090223
noise,0.0,0.20187673
noise,0.0,0.5675661
noise,0.0,0.15262179
noise,0.0,0.07788119
noise,0.0,0.20955099
noise,0.0,0.0019780556
noise,0.0,0.247228
noise,0.0,0.65441954
noise,0.0,0.1239832
noise,0.0,0.18459986
noise,0.0,0.113544986
noise,0.0,0.21564399
noise,0.0,0.18041229
noise,0.0,0.0307892
noise,0.0,0.21635923
noise,0.0,0.058555216
noise,0.0,0.10314254
noise,0.0,0.16801892
noise,0.0,0.13639796
noise,0.0,0.22681764
noise,0.0,0.11940565
noise,0.0,0.15635282
noise,0.0,0.040206492
noise,0.0,0.09608008
noise,0.0,0.19254309
noise,0.0,0.09351379
noise,0.0,0.059805483
noise,0.0,0.1834753
noise,0.0,0.19328128
noise,0.0,0.3299102
noise,0.0,0.099987164
noise,0.0,0.16057423
noise,0.0,0.15242858
noise,0.0,0.37680414
noise,0.0,0.70735884
noise,0.0,0.22756538
noise,0.0,0.13296802
noise,0.0,0.14821063
noise,0.0,0.19904122
noise,0.0,0.27316242
noise,0.0,0.10647049
noise,0.0,0.1903356
noise,0.0,0.2162969
noise,0.0,0.26195866
noise,0.0,0.6988643
noise,0.0,0.19383293
noise,0.0,0.15362966
noise,0.0,0.66963077
noise,0.0,0.078327775
noise,0.0,0.14658491
noise,0.0,0.2141219
noise,0.0,0.18614902
noise,0.0,0.14812212
noise,0.0,0.42072666
noise,0.0,0.21848488
noise,0.0,0.18215024
noise,0.0,0.33933267
noise,0.0,0.77904725
noise,0.0,0.20204756
noise,0.0,0.11143875
noise,0.0,0.19302216
noise,0.0,0.26964423
noise,0.0,0.2977303
noise,0.0,0.34744465
noise,0.0,0.23545453
noise,0.0,0.2965481
noise,0.0,0.72306514
noise,0.0,0.16095138
noise,0.0,0.024613187
noise,0.0,0.08770378
noise,0.0,0.45568377
noise,0.0,0.048076015
noise,0.0,0.1903802
noise,0.0,0.20958075
noise,0.0,0.06728259
noise,0.0,0.2548231
noise,0.0,0.14983061
noise,0.0,0.35763916
noise,0.0,0.050683852
noise,0.0,0.17305785
noise,0.0,0.20842206
noise,0.0,0.18612722
noise,0.0,0.31941524
noise,0.0,0.03396124
noise,0.0,0.46745676
noise,0.0,0.1770004
noise,0.0,0.4006614
noise,0.0,0.067408144
noise,0.0,0.0399489
noise,0.0,0.75633883
noise,0.0,0.04242479
noise,0.0,0.45586485
noise,0.0,0.21091719
noise,0.0,0.25299567
noise,0.0,0.22534016
noise,0.0,0.16826816
noise,0.0,0.54154754
noise,0.0,0.20258622
noise,0.0,0.048293844
noise,0.0,0.13113587
noise,0.0,0.2073129
noise,0.0,0.2512314
noise,0.0,0.33520213
noise,0.0,0.26358256
noise,0.0,0.16684258
noise,0.0,0.08889493
noise,0.0,0.18734977
noise,0.0,0.277615
noise,0.0,0.3310743
noise,0.0,0.33213857
noise,0.0,0.111319795
noise,0.0,0.2428824
noise,0.0,0.18431935
noise,0.0,0.29116428
noise,0.0,0.21030447
noise,0.0,0.17678128
noise,0.0,0.31350246
noise,0.0,0.27289546
noise,0.0,0.6042008
noise,0.0,0.16322984
noise,0.0,0.08394183
noise,0.0,0.34325573
noise,0.0,0.17238052
noise,0.0,0.17677316
noise,0.0,0.21381398
noise,0.0,0.13292634
noise,0.0,0.62783086
noise,0.0,0.124548316
noise,0.0,0.29071072
noise,0.0,0.667409
noise,0.0,0.11082004
noise,0.0,0.037837733
noise,0.0,0.3210919
noise,0.0,0.05760445
noise,0.0,0.0807649
noise,0.0,0.3929076
noise,0.0,0.5036533
noise,0.0,0.1785667
noise,0.0,0.080869645
noise,0.0,0.07462737
noise,0.0,0.11199734
noise,0.0,0.08846037
noise,0.0,0.19822194
noise,0.0,0.22638962
noise,0.0,0.09649239
noise,0.0,0.08989189
noise,0.0,0.72146535
noise,0.0,0.04606744
noise,0.0,0.045520797
noise,0.0,0.11319649
noise,0.0,0.5253002
noise,0.0,0.08360844
noise,0.0,0.15324743
noise,0.0,0.07882325
noise,0.0,0.14863603
noise,0.0,0.19502927
noise,0.0,0.11254315
noise,0.0,0.62654066
noise,0.0,0.49439043
noise,0.0,0.2114516
noise,0.0,0.095215075
noise,0.0,0.15674368
noise,0.0,0.24794084
noise,0.0,0.14791647
noise,0.0,0.04155289
noise,0.0,0.2212016
noise,0.0,0.1971888
noise,0.0,0.19432929
noise,0.0,0.15126935
noise,0.0,0.15186287
noise,0.0,0.42294747
noise,0.0,0.19878808
noise,0.0,0.0635928
noise,0.0,0.18790625
noise,0.0,0.34287488
noise,0.0,0.10637277
noise,0.0,0.40163222
noise,0.0,0.18336788
noise,0.0,0.20204756
noise,0.0,0.1732211
noise,0.0,0.3530383
noise,0.0,0.021190165
noise,0.0,0.36704358
noise,0.0,0.65747684
noise,0.0,0.13163526
noise,0.0,0.16780026
noise,0.0,0.42207912
noise,0.0,0.4022853
noise,0.0,0.536983
noise,0.0,0.1712616
noise,0.0,0.097702995
noise,0.0,0.09130823
noise,0.0,0.10395665
noise,0.0,0.22478482
noise,0.0,0.2785763
noise,0.0,0.19939113
noise,0.0,0.1912295
noise,0.0,0.4614284
noise,0.0,0.12378345
noise,0.0,0.12597576
noise,0.0,0.11715867
noise,0.0,0.28437608
noise,0.0,0.2120292
noise,0.0,0.18621722
noise,0.0,0.17778076
noise,0.0,0.22725122
noise,0.0,0.53555715
noise,0.0,0.06898816
noise,0.0,0.1502195
noise,0.0,0.15315196
noise,0.0,0.037103318
noise,0.0,0.069958
noise,0.0,0.3455959
noise,0.0,0.40390828
noise,0.0,0.6729736
noise,0.0,0.05026584
noise,0.0,0.24460046
noise,0.0,0.30423486
noise,0.0,0.17961264
noise,0.0,0.13760382
noise,0.0,0.026080752
noise,0.0,0.1073051
noise,0.0,0.07938435
noise,0.0,0.0954239
noise,0.0,0.22172591
noise,0.0,0.20667668
noise,0.0,0.15186007
noise,0.0,0.52274656
noise,0.0,0.26113677
noise,0.0,0.035536088
noise,0.0,0.14271164
noise,0.0,0.76345164
noise,0.0,0.22106598
noise,0.0,0.1546124
noise,0.0,0.13842809
noise,0.0,0.260336
noise,0.0,0.38697127
noise,0.0,0.45622128
noise,0.0,0.1034026
noise,0.0,0.122595355
noise,0.0,0.053386353
noise,0.0,0.26025075
noise,0.0,0.7178845
noise,0.0,0.11325103
noise,0.0,0.18349649
noise,0.0,0.20141415
noise,0.0,0.16359681
noise,0.0,0.09773127
noise,0.0,0.4431839
noise,0.0,0.1083675
noise,0.0,0.048470087
noise,0.0,0.20238459
noise,0.0,0.19557278
noise,0.0,0.07314936
noise,0.0,0.50308883
noise,0.0,0.2580165
noise,0.0,0.115733825
noise,0.0,0.20600083
noise,0.0,0.29261455
noise,0.0,0.2247633
noise,0.0,0.15783761
noise,0.0,0.21142969
noise,0.0,0.28517497
noise,0.0,0.33180568
noise,0.0,0.115973115
noise,0.0,0.28068277
noise,0.0,0.139067
noise,0.0,0.4653614
noise,0.0,0.18370463
noise,0.0,0.13702196
noise,0.0,0.11019939
noise,0.0,0.16946094
noise,0.0,0.2981674
noise,0.0,0.6326057
noise,0.0,0.6142064
noise,0.0,0.63286775
noise,0.0,0.5749792
noise,0.0,0.1809875
noise,0.0,0.1655578
noise,0.0,0.6186776
noise,0.0,0.006347911
noise,0.0,0.1252767
noise,0.0,0.20321025
noise,0.0,0.39953324
noise,0.0,0.18078162
noise,0.0,0.13131145
noise,0.0,0.03743849
noise,0.0,0.16673128
noise,0.0,0.18774348
noise,0.0,0.49235752
noise,0.0,0.46258393
noise,0.0,0.23542751
noise,0.0,0.41916656
noise,0.0,0.38311854
noise,0.0,0.13361266
noise,0.0,0.57541275
noise,0.0,0.27806285
noise,0.0,0.27761638
noise,0.0,0.6080733
noise,0.0,0.10750966
noise,0.0,0.068753466
noise,0.0,0.24589637
noise,0.0,0.2119578
noise,0.0,0.50515187
noise,0.0,0.334835
noise,0.0,0.3382202
noise,0.0,0.031559013
noise,0.0,0.08917582
noise,0.0,0.09977601
noise,0.0,0.0451315
noise,0.0,0.45993292
noise,0.0,0.1929313
noise,0.0,0.7065251
noise,0.0,0.07671004
noise,0.0,0.42606136
noise,0.0,0.2912473
noise,0.0,0.23972018
noise,0.0,0.1849527
noise,0.0,0.098144
noise,0.0,0.08789492
noise,0.0,0.3155841
noise,0.0,0.20840114
noise,0.0,0.27321696
noise,0.0,0.68975836
noise,0.0,0.10278472
noise,0.0,0.26803893
noise,0.0,0.18854685
noise,0.0,0.033662517
noise,0.0,0.37783316
noise,0.0,0.15775916
noise,0.0,0.3009742
noise,0.0,0.20369706
noise,0.0,0.3148403
noise,0.0,0.32390243
noise,0.0,0.1638037
noise,0.0,0.12108777
noise,0.0,0.13776736
noise,0.0,0.21658309
noise,0.0,0.1322315
noise,0.0,0.03715982
noise,0.0,0.06185339
noise,0.0,0.057455283
noise,0.0,0.12853822
noise,0.0,0.511979
noise,0.0,0.29469004
noise,0.0,0.3338651
noise,0.0,0.44068083
noise,0.0,0.087052174
noise,0.0,0.04606744
noise,0.0,0.30867562
noise,0.0,0.0632788
noise,0.0,0.050471593
noise,0.0,0.36865225
noise,0.0,0.2105744
noise,0.0,0.19057901
noise,0.0,0.24864317
noise,0.0,0.08441717
noise,0.0,0.22860262
noise,0.0,0.24914818
noise,0.0,0.66969484
noise,0.0,0.09863313
noise,0.0,0.12880982
noise,0.0,0.100076
noise,0.0,0.015311236
noise,0.0,0.3884298
noise,0.0,0.27806285
noise,0.0,0.57942426
noise,0.0,0.1525704
noise,0.0,0.10352285
noise,0.0,0.39109007
noise,0.0,0.7011751
noise,0.0,0.16413237
noise,0.0,0.4666381
noise,0.0,0.15064621
noise,0.0,0.19507979
noise,0.0,0.5111583
noise,0.0,0.45644957
noise,0.0,0.2051331
noise,0.0,0.15019175
noise,0.0,0.36828175
noise,0.0,0.92019176
noise,0.0,0.32978082
noise,0.0,0.10631848
noise,0.0,0.2623505
noise,0.0,0.20292379
noise,0.0,0.11327507
noise,0.0,0.045797013
noise,0.0,0.15992185
noise,0.0,0.24409273
noise,0.0,0.16143985
noise,0.0,0.3144656
noise,0.0,0.14127214
noise,0.0,0.32858035
noise,0.0,0.2515453
noise,0.0,0.118694425
noise,0.0,0.067196645
noise,0.0,0.14538835
noise,0.0,0.17125946
noise,0.0,0.059270613
noise,0.0,0.25203305
noise,0.0,0.13507286
noise,0.0,0.087566495
noise,0.0,0.15867989
noise,0.0,0.11076564
noise,0.0,0.44151443
noise,0.0,0.44750184
noise,0.0,0.37796086
noise,0.0,0.15243188
noise,0.0,0.47312194
noise,0.0,0.2923559
noise,0.0,0.08169219
noise,0.0,0.14954782
noise,0.0,0.47691843
noise,0.0,0.026541272
noise,0.0,0.14743441
noise,0.0,0.4215878
noise,0.0,0.23558836
noise,0.0,0.5020653
noise,0.0,0.6763174
noise,0.0,0.13431583
noise,0.0,0.18039736
noise,0.0,0.2551783
noise,0.0,0.15838002
noise,0.0,0.088307016
noise,0.0,0.55531603
noise,0.0,0.54012907
noise,0.0,0.035183795
noise,0.0,0.12976022
noise,0.0,0.5132179
noise,0.0,0.18478507
noise,0.0,0.14332423
noise,0.0,0.23066567
noise,0.0,0.26146778
noise,0.0,0.10615662
noise,0.0,0.09535822
noise,0.0,0.34952983
noise,0.0,0.21977268
noise,0.0,0.6141712
noise,0.0,0.54016924
noise,0.0,0.5456639
noise,0.0,0.29140925
noise,0.0,0.13271135
noise,0.0,0.85333335
noise,0.0,0.25971776
noise,0.0,0.36208454
noise,0.0,0.18419933
noise,0.0,0.18924548
noise,0.0,0.29551426
noise,0.0,0.5936039
noise,0.0,0.49713564
noise,0.0,0.28363615
noise,0.0,0.119592056
noise,0.0,0.16700235
noise,0.0,0.12694052
noise,0.0,0.29663447
noise,0.0,0.2645635
noise,0.0,0.13207911
noise,0.0,0.049252104
noise,0.0,0.25184295
noise,0.0,0.20697469
noise,0.0,0.3723239
noise,0.0,0.13774799
noise,0.0,0.2005379
noise,0.0,0.117148645
noise,0.0,0.07466829
noise,0.0,0.3876779
noise,0.0,0.35053313
noise,0.0,0.31893528
noise,0.0,0.22353233
noise,0.0,0.22096907
noise,0.0,0.7452944
noise,0.0,0.23264425
noise,0.0,0.5120302
noise,0.0,0.20150429
noise,0.0,0.115350164
noise,0.0,0.13843189
noise,0.0,0.2572843
noise,0.0,0.13336106
noise,0.0,0.3901904
noise,0.0,0.049161304
noise,0.0,0.2137243
noise,0.0,0.040143628
noise,0.0,0.20215149
noise,0.0,0.09624607
noise,0.0,0.24553566
noise,0.0,0.09001014
noise,0.0,0.19471027
noise,0.0,0.0845036
noise,0.0,0.21235418
noise,0.0,0.5996761
noise,0.0,0.057144497
noise,0.0,0.43825063
noise,0.0,0.296869
noise,0.0,0.38218445
noise,0.0,0.2617127
noise,0.0,0.13008828
noise,0.0,0.12561749
noise,0.0,0.5415554
noise,0.0,0.17274721
noise,0.0,0.18672433
noise,0.0,0.5011777
noise,0.0,0.17468208
noise,0.0,0.29653537
noise,0.0,0.28556103
noise,0.0,0.47830775
noise,0.0,0.14358917
noise,0.0,0.22870125
noise,0.0,0.09710337
noise,0.0,0.24011958
noise,0.0,0.181154
noise,0.0,0.0958789
noise,0.0,0.07769944
noise,0.0,0.12572193
noise,0.0,0.24545485
noise,0.0,0.21867631
noise,0.0,0.12575732
noise,0.0,0.12031624
noise,0.0,0.22194678
noise,0.0,0.04828031
noise,0.0,0.32579187
noise,0.0,0.3374251
noise,0.0,0.29212502
noise,0.0,0.08099497
noise,0.0,0.15566815
noise,0.0,0.12129872
noise,0.0,0.44513124
noise,0.0,0.092283584
noise,0.0,0.29220304
noise,0.0,0.00804859
noise,0.0,0.68873364
noise,0.0,0.1522912
noise,0.0,0.49615848
noise,0.0,0.05791037
noise,0.0,0.20990695
noise,0.0,0.10703932
noise,0.0,0.109546944
noise,0.0,0.22312896
noise,0.0,0.14752293
noise,0.0,0.32147878
noise,0.0,0.20088693
noise,0.0,0.08483988
noise,0.0,0.4881233
noise,0.0,0.2595726
noise,0.0,0.17300698
noise,0.0,0.45757565
noise,0.0,0.11139904
noise,0.0,0.14172351
noise,0.0,0.7973924
noise,0.0,0.12599221
noise,0.0,0.103688985
noise,0.0,0.20425032
noise,0.0,0.06583697
noise,0.0,0.09995729
noise,0.0,0.25381806
noise,0.0,0.12976865
noise,0.0,0.5576196
noise,0.0,0.17081898
noise,0.0,0.5219453
noise,0.0,0.12443881
noise,0.0,0.083227724
noise,0.0,0.16483144
noise,0.0,0.1536054
noise,0.0,0.2673734
noise,0.0,0.31959337
noise,0.0,0.18365464
noise,0.0,0.18898737
noise,0.0,0.19213513
noise,0.0,0.68796337
noise,0.0,0.36873233
noise,0.0,0.051256612
noise,0.0,0.40828145
noise,0.0,0.27760777
noise,0.0,0.20089693
noise,0.0,0.16421494
noise,0.0,0.47110683
noise,0.0,0.20928295
noise,0.0,0.32098046
noise,0.0,0.15262362
noise,0.0,0.08946577
noise,0.0,0.42589584
noise,0.0,0.34718052
noise,0.0,0.23415796
noise,0.0,0.40267587
noise,0.0,0.061828382
noise,0.0,0.137866
noise,0.0,0.16810231
noise,0.0,0.24337648
noise,0.0,0.052936956
noise,0.0,0.31095597
noise,0.0,0.14201574
noise,0.0,0.058327332
noise,0.0,0.28630283
noise,0.0,0.08119995
noise,0.0,0.41926408
noise,0.0,0.028353505
noise,0.0,0.5754
noise,0.0,0.35611197
noise,0.0,0.04527769
noise,0.0,0.13529359
noise,0.0,0.2373174
noise,0.0,0.1717097
noise,0.0,0.7928062
noise,0.0,0.27479446
noise,0.0,0.1580868
noise,0.0,0.10050013
noise,0.0,0.12072377
noise,0.0,0.30705613
noise,0.0,0.08154784
noise,0.0,0.5494087
noise,0.0,0.269032
noise,0.0,0.29916394
noise,0.0,0.1707299
noise,0.0,0.16577072
noise,0.0,0.426711
noise,0.0,0.19550318
noise,0.0,0.2298369
noise,0.0,0.25714138
noise,0.0,0.07654146
noise,0.0,0.2560792
noise,0.0,0.22384013
noise,0.0,0.14754762
noise,0.0,0.303549
noise,0.0,0.12174574
noise,0.0,0.16993973
noise,0.0,0.2809958
noise,0.0,0.095101856
noise,0.0,0.22965409
noise,0.0,0.08431438
noise,0.0,0.1745852
noise,0.0,0.2467989
noise,0.0,0.12518303
noise,0.0,0.5863261
noise,0.0,0.23689713
noise,0.0,0.1712779
noise,0.0,0.14854524
noise,0.0,0.16273671
noise,0.0,0.1691942
noise,0.0,0.09157921
noise,0.0,0.1991321
noise,0.0,0.32448435
noise,0.0,0.11733043
noise,0.0,0.48920286
noise,0.0,0.27751908
noise,0.0,0.09854394
noise,0.0,0.1745351
noise,0.0,0.4802386
noise,0.0,0.1428696
noise,0.0,0.21325298
noise,0.0,0.31807116
noise,0.0,0.08384578
noise,0.0,0.10349084
noise,0.0,0.11849851
noise,0.0,0.7719857
noise,0.0,0.28864586
noise,0.0,0.51785475
noise,0.0,0.30928734
noise,0.0,0.10016971
noise,0.0,0.20810063
noise,0.0,0.124597095
noise,0.0,0.039534517
noise,0.0,0.0849542
noise,0.0,0.15318626
noise,0.0,0.33170763
noise,0.0,0.17117386
noise,0.0,0.106622405
noise,0.0,0.30527467
noise,0.0,0.43449017
noise,0.0,0.14229512
noise,0.0,0.12757885
noise,0.0,0.21134369
noise,0.0,0.15617517
noise,0.0,0.27643
noise,0.0,0.14808185
noise,0.0,0.1739224
noise,0.0,0.43061078
noise,0.0,0.27232316
noise,0.0,0.5013459
noise,0.0,0.13667107
noise,0.0,0.1743191
noise,0.0,0.16889165
noise,0.0,0.33515307
noise,0.0,0.63962775
noise,0.0,0.24016385
noise,0.0,0.46671322
noise,0.0,0.74690115
noise,0.0,0.7078901
noise,0.0,0.18649483
