filename,y_true,probs
/tmp/backbone_swap_yamnet_boxt09gl/data/PhysioNet2022/training_data/13918_AV.wav,1.0,0.973847
/tmp/backbone_swap_yamnet_boxt09gl/data/PhysioNet2022/training_data/13918_MV.wav,1.0,0.97660965
/tmp/backbone_swap_yamnet_boxt09gl/data/PhysioNet2022/training_data/13918_PV.wav,1.0,0.6709493
/tmp/backbone_swap_yamnet_boxt09gl/data/PhysioNet2022/training_data/13918_TV.wav,1.0,0.85159695
/tmp/backbone_swap_yamnet_boxt09gl/data/PhysioNet2022/training_data/14998_AV.wav,1.0,0.5762414
/tmp/backbone_swap_yamnet_boxt09gl/data/PhysioNet2022/training_data/14998_MV.wav,1.0,0.7047487
/tmp/backbone_swap_yamnet_boxt09gl/data/PhysioNet2022/training_data/14998_PV.wav,1.0,0.97508913
/tmp/backbone_swap_yamnet_boxt09gl/data/PhysioNet2022/training_data/14998_TV.wav,1.0,0.5391262
/tmp/backbone_swap_yamnet_boxt09gl/data/PhysioNet2022/training_data/2530_AV.wav,1.0,0.990629
/tmp/backbone_swap_yamnet_boxt09gl/data/PhysioNet2022/training_data/2530_MV.wav,1.0,0.84764326
/tmp/backbone_swap_yamnet_boxt09gl/data/PhysioNet2022/training_data/2530_PV.wav,1.0,0.2850082
/tmp/backbone_swap_yamnet_boxt09gl/data/PhysioNet2022/training_data/2530_TV.wav,1.0,0.8172483
/tmp/backbone_swap_yamnet_boxt09gl/data/PhysioNet2022/training_data/29378_AV.wav,1.0,0.8165888
/tmp/backbone_swap_yamnet_boxt09gl/data/PhysioNet2022/training_data/29378_MV.wav,1.0,0.6724752
/tmp/backbone_swap_yamnet_boxt09gl/data/PhysioNet2022/training_data/36327_AV.wav,1.0,0.4065706
/tmp/backbone_swap_yamnet_boxt09gl/data/PhysioNet2022/training_data/36327_MV.wav,1.0,0.92634326
/tmp/backbone_swap_yamnet_boxt09gl/data/PhysioNet2022/training_data/36327_PV.wav,1.0,0.96804786
/tmp/backbone_swap_yamnet_boxt09gl/data/PhysioNet2022/training_data/36327_TV.wav,1.0,0.9653423
/tmp/backbone_swap_yamnet_boxt09gl/data/PhysioNet2022/training_data/46579_AV.wav,1.0,0.6284464
/tmp/backbone_swap_yamnet_boxt09gl/data/PhysioNet2022/training_data/46579_MV.wav,1.0,0.8339319
/tmp/backbone_swap_yamnet_boxt09gl/data/PhysioNet2022/training_data/46579_PV.wav,1.0,0.7711687
/tmp/backbone_swap_yamnet_boxt09gl/data/PhysioNet2022/training_data/46579_TV.wav,1.0,0.26866856
/tmp/backbone_swap_yamnet_boxt09gl/data/PhysioNet2022/training_data/47002_AV.wav,1.0,0.59893113
/tmp/backbone_swap_yamnet_boxt09gl/data/PhysioNet2022/training_data/47002_MV.wav,1.0,0.77616894
/tmp/backbone_swap_yamnet_boxt09gl/data/PhysioNet2022/training_data/49568_AV.wav,1.0,0.15986624
/tmp/backbone_swap_yamnet_boxt09gl/data/PhysioNet2022/training_data/49568_MV.wav,1.0,0.7854963
/tmp/backbone_swap_yamnet_boxt09gl/data/PhysioNet2022/training_data/49568_PV.wav,1.0,0.8097161
/tmp/backbone_swap_yamnet_boxt09gl/data/PhysioNet2022/training_data/49568_TV.wav,1.0,0.80714834
/tmp/backbone_swap_yamnet_boxt09gl/data/PhysioNet2022/training_data/49572_MV.wav,1.0,0.9953774
/tmp/backbone_swap_yamnet_boxt09gl/data/PhysioNet2022/training_data/49572_PV.wav,1.0,0.8872606
/tmp/backbone_swap_yamnet_boxt09gl/data/PhysioNet2022/training_data/49572_TV.wav,1.0,0.644057
/tmp/backbone_swap_yamnet_boxt09gl/data/PhysioNet2022/training_data/49574_AV.wav,1.0,0.65820014
/tmp/backbone_swap_yamnet_boxt09gl/data/PhysioNet2022/training_data/49574_MV.wav,1.0,0.9088045
/tmp/backbone_swap_yamnet_boxt09gl/data/PhysioNet2022/training_data/49574_PV.wav,1.0,0.8043213
/tmp/backbone_swap_yamnet_boxt09gl/data/PhysioNet2022/training_data/49574_TV.wav,1.0,0.9291986
/tmp/backbone_swap_yamnet_boxt09gl/data/PhysioNet2022/training_data/49585_AV.wav,1.0,0.7870741
/tmp/backbone_swap_yamnet_boxt09gl/data/PhysioNet2022/training_data/49585_MV.wav,1.0,0.8066189
/tmp/backbone_swap_yamnet_boxt09gl/data/PhysioNet2022/training_data/49585_PV.wav,1.0,0.92430216
/tmp/backbone_swap_yamnet_boxt09gl/data/PhysioNet2022/training_data/49585_TV.wav,1.0,0.34563583
/tmp/backbone_swap_yamnet_boxt09gl/data/PhysioNet2022/training_data/49622_AV.wav,1.0,0.98099947
/tmp/backbone_swap_yamnet_boxt09gl/data/PhysioNet2022/training_data/49622_MV.wav,1.0,0.90466493
/tmp/backbone_swap_yamnet_boxt09gl/data/PhysioNet2022/training_data/49638_AV.wav,1.0,0.92547286
/tmp/backbone_swap_yamnet_boxt09gl/data/PhysioNet2022/training_data/49638_MV.wav,1.0,0.8584577
/tmp/backbone_swap_yamnet_boxt09gl/data/PhysioNet2022/training_data/49638_PV.wav,1.0,0.7799404
/tmp/backbone_swap_yamnet_boxt09gl/data/PhysioNet2022/training_data/49669_MV.wav,1.0,0.76791644
/tmp/backbone_swap_yamnet_boxt09gl/data/PhysioNet2022/training_data/49669_PV.wav,1.0,0.56461066
/tmp/backbone_swap_yamnet_boxt09gl/data/PhysioNet2022/training_data/49704_AV.wav,1.0,0.34043205
/tmp/backbone_swap_yamnet_boxt09gl/data/PhysioNet2022/training_data/49704_MV.wav,1.0,0.9395803
/tmp/backbone_swap_yamnet_boxt09gl/data/PhysioNet2022/training_data/49712_AV.wav,1.0,0.45198187
/tmp/backbone_swap_yamnet_boxt09gl/data/PhysioNet2022/training_data/49712_MV.wav,1.0,0.99600166
/tmp/backbone_swap_yamnet_boxt09gl/data/PhysioNet2022/training_data/49712_PV.wav,1.0,0.5402683
/tmp/backbone_swap_yamnet_boxt09gl/data/PhysioNet2022/training_data/49712_TV.wav,1.0,0.9729686
/tmp/backbone_swap_yamnet_boxt09gl/data/PhysioNet2022/training_data/49745_AV.wav,1.0,0.22051376
/tmp/backbone_swap_yamnet_boxt09gl/data/PhysioNet2022/training_data/49745_MV.wav,1.0,0.8724064
/tmp/backbone_swap_yamnet_boxt09gl/data/PhysioNet2022/training_data/49745_PV.wav,1.0,0.43384597
/tmp/backbone_swap_yamnet_boxt09gl/data/PhysioNet2022/training_data/49745_TV.wav,1.0,0.4669728
/tmp/backbone_swap_yamnet_boxt09gl/data/PhysioNet2022/training_data/49748_AV_1.wav,1.0,0.9125345
/tmp/backbone_swap_yamnet_boxt09gl/data/PhysioNet2022/training_data/49748_AV_2.wav,1.0,0.64934844
/tmp/backbone_swap_yamnet_boxt09gl/data/PhysioNet2022/training_data/49748_MV.wav,1.0,0.923645
/tmp/backbone_swap_yamnet_boxt09gl/data/PhysioNet2022/training_data/49748_PV_1.wav,1.0,0.35168728
/tmp/backbone_swap_yamnet_boxt09gl/data/PhysioNet2022/training_data/49748_PV_2.wav,1.0,0.74040407
/tmp/backbone_swap_yamnet_boxt09gl/data/PhysioNet2022/training_data/49748_TV.wav,1.0,0.92578506
/tmp/backbone_swap_yamnet_boxt09gl/data/PhysioNet2022/training_data/49761_AV.wav,1.0,0.8649724
/tmp/backbone_swap_yamnet_boxt09gl/data/PhysioNet2022/training_data/49761_MV.wav,1.0,0.9212518
/tmp/backbone_swap_yamnet_boxt09gl/data/PhysioNet2022/training_data/49808_MV.wav,1.0,0.9704917
/tmp/backbone_swap_yamnet_boxt09gl/data/PhysioNet2022/training_data/49808_PV.wav,1.0,0.838778
/tmp/backbone_swap_yamnet_boxt09gl/data/PhysioNet2022/training_data/49808_TV.wav,1.0,0.1781455
/tmp/backbone_swap_yamnet_boxt09gl/data/PhysioNet2022/training_data/49821_AV.wav,1.0,0.9104428
/tmp/backbone_swap_yamnet_boxt09gl/data/PhysioNet2022/training_data/49821_MV.wav,1.0,0.45215634
/tmp/backbone_swap_yamnet_boxt09gl/data/PhysioNet2022/training_data/49821_PV.wav,1.0,0.7368154
/tmp/backbone_swap_yamnet_boxt09gl/data/PhysioNet2022/training_data/49821_TV.wav,1.0,0.6455393
/tmp/backbone_swap_yamnet_boxt09gl/data/PhysioNet2022/training_data/49823_MV.wav,1.0,0.9789771
/tmp/backbone_swap_yamnet_boxt09gl/data/PhysioNet2022/training_data/49823_PV.wav,1.0,0.4506527
/tmp/backbone_swap_yamnet_boxt09gl/data/PhysioNet2022/training_data/49823_TV.wav,1.0,0.35378867
/tmp/backbone_swap_yamnet_boxt09gl/data/PhysioNet2022/training_data/49829_AV.wav,1.0,0.44666004
/tmp/backbone_swap_yamnet_boxt09gl/data/PhysioNet2022/training_data/49829_MV.wav,1.0,0.31617478
/tmp/backbone_swap_yamnet_boxt09gl/data/PhysioNet2022/training_data/49829_PV.wav,1.0,0.3285964
/tmp/backbone_swap_yamnet_boxt09gl/data/PhysioNet2022/training_data/49829_TV.wav,1.0,0.5499019
/tmp/backbone_swap_yamnet_boxt09gl/data/PhysioNet2022/training_data/49832_AV.wav,1.0,0.39628318
/tmp/backbone_swap_yamnet_boxt09gl/data/PhysioNet2022/training_data/49832_MV.wav,1.0,0.95449525
/tmp/backbone_swap_yamnet_boxt09gl/data/PhysioNet2022/training_data/49839_AV.wav,1.0,0.8376569
/tmp/backbone_swap_yamnet_boxt09gl/data/PhysioNet2022/training_data/49839_MV.wav,1.0,0.75411195
/tmp/backbone_swap_yamnet_boxt09gl/data/PhysioNet2022/training_data/49839_PV.wav,1.0,0.52995414
/tmp/backbone_swap_yamnet_boxt09gl/data/PhysioNet2022/training_data/49839_TV.wav,1.0,0.8255323
/tmp/backbone_swap_yamnet_boxt09gl/data/PhysioNet2022/training_data/49854_AV.wav,1.0,0.56564707
/tmp/backbone_swap_yamnet_boxt09gl/data/PhysioNet2022/training_data/49854_MV.wav,1.0,0.6321266
/tmp/backbone_swap_yamnet_boxt09gl/data/PhysioNet2022/training_data/49854_PV.wav,1.0,0.44398695
/tmp/backbone_swap_yamnet_boxt09gl/data/PhysioNet2022/training_data/49854_TV.wav,1.0,0.9319196
/tmp/backbone_swap_yamnet_boxt09gl/data/PhysioNet2022/training_data/49873_AV.wav,1.0,0.42750964
/tmp/backbone_swap_yamnet_boxt09gl/data/PhysioNet2022/training_data/49873_MV.wav,1.0,0.49714723
/tmp/backbone_swap_yamnet_boxt09gl/data/PhysioNet2022/training_data/49876_AV.wav,1.0,0.42506772
/tmp/backbone_swap_yamnet_boxt09gl/data/PhysioNet2022/training_data/49876_MV.wav,1.0,0.9796338
/tmp/backbone_swap_yamnet_boxt09gl/data/PhysioNet2022/training_data/49876_PV.wav,1.0,0.90628976
/tmp/backbone_swap_yamnet_boxt09gl/data/PhysioNet2022/training_data/49876_TV.wav,1.0,0.7958487
/tmp/backbone_swap_yamnet_boxt09gl/data/PhysioNet2022/training_data/49896_AV.wav,1.0,0.48121515
/tmp/backbone_swap_yamnet_boxt09gl/data/PhysioNet2022/training_data/49896_MV.wav,1.0,0.3069145
/tmp/backbone_swap_yamnet_boxt09gl/data/PhysioNet2022/training_data/49896_PV.wav,1.0,0.266574
/tmp/backbone_swap_yamnet_boxt09gl/data/PhysioNet2022/training_data/49896_TV.wav,1.0,0.95471096
/tmp/backbone_swap_yamnet_boxt09gl/data/PhysioNet2022/training_data/49900_AV.wav,1.0,0.28095764
/tmp/backbone_swap_yamnet_boxt09gl/data/PhysioNet2022/training_data/49900_MV.wav,1.0,0.29637134
/tmp/backbone_swap_yamnet_boxt09gl/data/PhysioNet2022/training_data/49930_AV.wav,1.0,0.31987205
/tmp/backbone_swap_yamnet_boxt09gl/data/PhysioNet2022/training_data/49930_MV.wav,1.0,0.66692495
/tmp/backbone_swap_yamnet_boxt09gl/data/PhysioNet2022/training_data/49930_PV.wav,1.0,0.8662836
/tmp/backbone_swap_yamnet_boxt09gl/data/PhysioNet2022/training_data/49930_TV.wav,1.0,0.97782683
/tmp/backbone_swap_yamnet_boxt09gl/data/PhysioNet2022/training_data/49946_MV.wav,1.0,0.80922294
/tmp/backbone_swap_yamnet_boxt09gl/data/PhysioNet2022/training_data/49946_PV.wav,1.0,0.7013444
/tmp/backbone_swap_yamnet_boxt09gl/data/PhysioNet2022/training_data/49946_TV.wav,1.0,0.9077177
/tmp/backbone_swap_yamnet_boxt09gl/data/PhysioNet2022/training_data/49959_AV.wav,1.0,0.2356904
/tmp/backbone_swap_yamnet_boxt09gl/data/PhysioNet2022/training_data/49959_MV.wav,1.0,0.54887235
/tmp/backbone_swap_yamnet_boxt09gl/data/PhysioNet2022/training_data/49968_MV.wav,1.0,0.90472925
/tmp/backbone_swap_yamnet_boxt09gl/data/PhysioNet2022/training_data/49968_PV.wav,1.0,0.64792776
/tmp/backbone_swap_yamnet_boxt09gl/data/PhysioNet2022/training_data/49968_TV.wav,1.0,0.7053422
/tmp/backbone_swap_yamnet_boxt09gl/data/PhysioNet2022/training_data/49980_AV.wav,1.0,0.30364373
/tmp/backbone_swap_yamnet_boxt09gl/data/PhysioNet2022/training_data/49980_MV.wav,1.0,0.96544516
/tmp/backbone_swap_yamnet_boxt09gl/data/PhysioNet2022/training_data/49980_PV.wav,1.0,0.82234323
/tmp/backbone_swap_yamnet_boxt09gl/data/PhysioNet2022/training_data/49980_TV.wav,1.0,0.57817817
/tmp/backbone_swap_yamnet_boxt09gl/data/PhysioNet2022/training_data/49983_AV.wav,1.0,0.9120633
/tmp/backbone_swap_yamnet_boxt09gl/data/PhysioNet2022/training_data/49983_MV.wav,1.0,0.9479904
/tmp/backbone_swap_yamnet_boxt09gl/data/PhysioNet2022/training_data/49983_PV.wav,1.0,0.69922113
/tmp/backbone_swap_yamnet_boxt09gl/data/PhysioNet2022/training_data/49983_TV.wav,1.0,0.9416181
/tmp/backbone_swap_yamnet_boxt09gl/data/PhysioNet2022/training_data/49989_MV.wav,1.0,0.9643373
/tmp/backbone_swap_yamnet_boxt09gl/data/PhysioNet2022/training_data/49989_PV.wav,1.0,0.8088055
/tmp/backbone_swap_yamnet_boxt09gl/data/PhysioNet2022/training_data/49999_AV.wav,1.0,0.9309053
/tmp/backbone_swap_yamnet_boxt09gl/data/PhysioNet2022/training_data/49999_MV.wav,1.0,0.41588917
/tmp/backbone_swap_yamnet_boxt09gl/data/PhysioNet2022/training_data/49999_PV.wav,1.0,0.20615608
/tmp/backbone_swap_yamnet_boxt09gl/data/PhysioNet2022/training_data/49999_TV.wav,1.0,0.6376658
/tmp/backbone_swap_yamnet_boxt09gl/data/PhysioNet2022/training_data/50004_MV.wav,1.0,0.2519711
/tmp/backbone_swap_yamnet_boxt09gl/data/PhysioNet2022/training_data/50004_PV.wav,1.0,0.885837
/tmp/backbone_swap_yamnet_boxt09gl/data/PhysioNet2022/training_data/50004_TV.wav,1.0,0.38137862
/tmp/backbone_swap_yamnet_boxt09gl/data/PhysioNet2022/training_data/50005_MV.wav,1.0,0.57470644
/tmp/backbone_swap_yamnet_boxt09gl/data/PhysioNet2022/training_data/50017_AV.wav,1.0,0.7577228
/tmp/backbone_swap_yamnet_boxt09gl/data/PhysioNet2022/training_data/50017_MV.wav,1.0,0.9361383
/tmp/backbone_swap_yamnet_boxt09gl/data/PhysioNet2022/training_data/50017_PV.wav,1.0,0.39003125
/tmp/backbone_swap_yamnet_boxt09gl/data/PhysioNet2022/training_data/50017_TV.wav,1.0,0.9525708
/tmp/backbone_swap_yamnet_boxt09gl/data/PhysioNet2022/training_data/50023_AV.wav,1.0,0.909377
/tmp/backbone_swap_yamnet_boxt09gl/data/PhysioNet2022/training_data/50023_MV.wav,1.0,0.321065
/tmp/backbone_swap_yamnet_boxt09gl/data/PhysioNet2022/training_data/50023_PV.wav,1.0,0.63733596
/tmp/backbone_swap_yamnet_boxt09gl/data/PhysioNet2022/training_data/50023_TV.wav,1.0,0.8289341
/tmp/backbone_swap_yamnet_boxt09gl/data/PhysioNet2022/training_data/50049_AV.wav,1.0,0.8620978
/tmp/backbone_swap_yamnet_boxt09gl/data/PhysioNet2022/training_data/50049_MV.wav,1.0,0.9512095
/tmp/backbone_swap_yamnet_boxt09gl/data/PhysioNet2022/training_data/50049_PV.wav,1.0,0.9946016
/tmp/backbone_swap_yamnet_boxt09gl/data/PhysioNet2022/training_data/50049_TV.wav,1.0,0.8962551
/tmp/backbone_swap_yamnet_boxt09gl/data/PhysioNet2022/training_data/50054_AV.wav,1.0,0.7088597
/tmp/backbone_swap_yamnet_boxt09gl/data/PhysioNet2022/training_data/50054_MV.wav,1.0,0.97256875
/tmp/backbone_swap_yamnet_boxt09gl/data/PhysioNet2022/training_data/50054_PV.wav,1.0,0.9880884
/tmp/backbone_swap_yamnet_boxt09gl/data/PhysioNet2022/training_data/50054_TV.wav,1.0,0.59775966
/tmp/backbone_swap_yamnet_boxt09gl/data/PhysioNet2022/training_data/50057_MV.wav,1.0,0.4727654
/tmp/backbone_swap_yamnet_boxt09gl/data/PhysioNet2022/training_data/50057_PV.wav,1.0,0.9358965
/tmp/backbone_swap_yamnet_boxt09gl/data/PhysioNet2022/training_data/50057_TV.wav,1.0,0.50950116
/tmp/backbone_swap_yamnet_boxt09gl/data/PhysioNet2022/training_data/50061_AV.wav,1.0,0.7418401
/tmp/backbone_swap_yamnet_boxt09gl/data/PhysioNet2022/training_data/50061_MV.wav,1.0,0.3244671
/tmp/backbone_swap_yamnet_boxt09gl/data/PhysioNet2022/training_data/50061_PV.wav,1.0,0.70076793
/tmp/backbone_swap_yamnet_boxt09gl/data/PhysioNet2022/training_data/50061_TV.wav,1.0,0.4341348
/tmp/backbone_swap_yamnet_boxt09gl/data/PhysioNet2022/training_data/50066_AV.wav,1.0,0.69666225
/tmp/backbone_swap_yamnet_boxt09gl/data/PhysioNet2022/training_data/50066_MV.wav,1.0,0.7849519
/tmp/backbone_swap_yamnet_boxt09gl/data/PhysioNet2022/training_data/50070_AV.wav,1.0,0.839064
/tmp/backbone_swap_yamnet_boxt09gl/data/PhysioNet2022/training_data/50070_MV.wav,1.0,0.6331159
/tmp/backbone_swap_yamnet_boxt09gl/data/PhysioNet2022/training_data/50070_PV.wav,1.0,0.6896625
/tmp/backbone_swap_yamnet_boxt09gl/data/PhysioNet2022/training_data/50070_TV.wav,1.0,0.7762961
/tmp/backbone_swap_yamnet_boxt09gl/data/PhysioNet2022/training_data/50074_AV.wav,1.0,0.18532425
/tmp/backbone_swap_yamnet_boxt09gl/data/PhysioNet2022/training_data/50074_MV.wav,1.0,0.58054787
/tmp/backbone_swap_yamnet_boxt09gl/data/PhysioNet2022/training_data/50074_PV.wav,1.0,0.9478395
/tmp/backbone_swap_yamnet_boxt09gl/data/PhysioNet2022/training_data/50074_TV.wav,1.0,0.8559094
/tmp/backbone_swap_yamnet_boxt09gl/data/PhysioNet2022/training_data/50077_MV.wav,1.0,0.27627075
/tmp/backbone_swap_yamnet_boxt09gl/data/PhysioNet2022/training_data/50085_AV.wav,1.0,0.6141176
/tmp/backbone_swap_yamnet_boxt09gl/data/PhysioNet2022/training_data/50085_MV.wav,1.0,0.69167686
/tmp/backbone_swap_yamnet_boxt09gl/data/PhysioNet2022/training_data/50085_PV.wav,1.0,0.9704506
/tmp/backbone_swap_yamnet_boxt09gl/data/PhysioNet2022/training_data/50085_TV.wav,1.0,0.9449877
/tmp/backbone_swap_yamnet_boxt09gl/data/PhysioNet2022/training_data/50100_AV.wav,1.0,0.6032275
/tmp/backbone_swap_yamnet_boxt09gl/data/PhysioNet2022/training_data/50100_MV.wav,1.0,0.8919927
/tmp/backbone_swap_yamnet_boxt09gl/data/PhysioNet2022/training_data/50105_MV.wav,1.0,0.94703543
/tmp/backbone_swap_yamnet_boxt09gl/data/PhysioNet2022/training_data/50105_PV.wav,1.0,0.42829618
/tmp/backbone_swap_yamnet_boxt09gl/data/PhysioNet2022/training_data/50105_TV.wav,1.0,0.8891337
/tmp/backbone_swap_yamnet_boxt09gl/data/PhysioNet2022/training_data/50118_MV.wav,1.0,0.93964
/tmp/backbone_swap_yamnet_boxt09gl/data/PhysioNet2022/training_data/50118_PV.wav,1.0,0.9543684
/tmp/backbone_swap_yamnet_boxt09gl/data/PhysioNet2022/training_data/50118_TV.wav,1.0,0.85922134
/tmp/backbone_swap_yamnet_boxt09gl/data/PhysioNet2022/training_data/50122_MV.wav,1.0,0.9626492
/tmp/backbone_swap_yamnet_boxt09gl/data/PhysioNet2022/training_data/50122_PV.wav,1.0,0.5874733
/tmp/backbone_swap_yamnet_boxt09gl/data/PhysioNet2022/training_data/50122_TV.wav,1.0,0.88006103
/tmp/backbone_swap_yamnet_boxt09gl/data/PhysioNet2022/training_data/50127_AV.wav,1.0,0.5869329
/tmp/backbone_swap_yamnet_boxt09gl/data/PhysioNet2022/training_data/50127_MV.wav,1.0,0.8537065
/tmp/backbone_swap_yamnet_boxt09gl/data/PhysioNet2022/training_data/50127_PV.wav,1.0,0.51443976
/tmp/backbone_swap_yamnet_boxt09gl/data/PhysioNet2022/training_data/50127_TV.wav,1.0,0.7172698
/tmp/backbone_swap_yamnet_boxt09gl/data/PhysioNet2022/training_data/50129_AV.wav,1.0,0.56315434
/tmp/backbone_swap_yamnet_boxt09gl/data/PhysioNet2022/training_data/50129_MV.wav,1.0,0.8618354
/tmp/backbone_swap_yamnet_boxt09gl/data/PhysioNet2022/training_data/50129_PV.wav,1.0,0.8851901
/tmp/backbone_swap_yamnet_boxt09gl/data/PhysioNet2022/training_data/50129_TV.wav,1.0,0.34121487
/tmp/backbone_swap_yamnet_boxt09gl/data/PhysioNet2022/training_data/50143_PV.wav,1.0,0.7471016
/tmp/backbone_swap_yamnet_boxt09gl/data/PhysioNet2022/training_data/50143_TV.wav,1.0,0.47892106
/tmp/backbone_swap_yamnet_boxt09gl/data/PhysioNet2022/training_data/50161_MV.wav,1.0,0.9523788
/tmp/backbone_swap_yamnet_boxt09gl/data/PhysioNet2022/training_data/50161_PV.wav,1.0,0.35434598
/tmp/backbone_swap_yamnet_boxt09gl/data/PhysioNet2022/training_data/50161_TV.wav,1.0,0.63199097
/tmp/backbone_swap_yamnet_boxt09gl/data/PhysioNet2022/training_data/50168_MV.wav,1.0,0.9713958
/tmp/backbone_swap_yamnet_boxt09gl/data/PhysioNet2022/training_data/50168_PV.wav,1.0,0.88415545
/tmp/backbone_swap_yamnet_boxt09gl/data/PhysioNet2022/training_data/50168_TV.wav,1.0,0.9556449
/tmp/backbone_swap_yamnet_boxt09gl/data/PhysioNet2022/training_data/50204_AV.wav,1.0,0.749062
/tmp/backbone_swap_yamnet_boxt09gl/data/PhysioNet2022/training_data/50204_MV_1.wav,1.0,0.8196458
/tmp/backbone_swap_yamnet_boxt09gl/data/PhysioNet2022/training_data/50204_MV_2.wav,1.0,0.6664293
/tmp/backbone_swap_yamnet_boxt09gl/data/PhysioNet2022/training_data/50206_MV.wav,1.0,0.8504631
/tmp/backbone_swap_yamnet_boxt09gl/data/PhysioNet2022/training_data/50206_PV.wav,1.0,0.7765825
/tmp/backbone_swap_yamnet_boxt09gl/data/PhysioNet2022/training_data/50206_TV.wav,1.0,0.8947235
/tmp/backbone_swap_yamnet_boxt09gl/data/PhysioNet2022/training_data/50214_AV.wav,1.0,0.56788516
/tmp/backbone_swap_yamnet_boxt09gl/data/PhysioNet2022/training_data/50214_MV.wav,1.0,0.90854716
/tmp/backbone_swap_yamnet_boxt09gl/data/PhysioNet2022/training_data/50219_AV.wav,1.0,0.62535065
/tmp/backbone_swap_yamnet_boxt09gl/data/PhysioNet2022/training_data/50219_MV.wav,1.0,0.9959109
/tmp/backbone_swap_yamnet_boxt09gl/data/PhysioNet2022/training_data/50219_PV.wav,1.0,0.5156657
/tmp/backbone_swap_yamnet_boxt09gl/data/PhysioNet2022/training_data/50220_AV.wav,1.0,0.8780595
/tmp/backbone_swap_yamnet_boxt09gl/data/PhysioNet2022/training_data/50220_MV.wav,1.0,0.42714193
/tmp/backbone_swap_yamnet_boxt09gl/data/PhysioNet2022/training_data/50221_AV.wav,1.0,0.42072463
/tmp/backbone_swap_yamnet_boxt09gl/data/PhysioNet2022/training_data/50221_MV.wav,1.0,0.74797857
/tmp/backbone_swap_yamnet_boxt09gl/data/PhysioNet2022/training_data/50222_PV.wav,1.0,0.81096125
/tmp/backbone_swap_yamnet_boxt09gl/data/PhysioNet2022/training_data/50222_TV.wav,1.0,0.6786974
/tmp/backbone_swap_yamnet_boxt09gl/data/PhysioNet2022/training_data/50225_AV.wav,1.0,0.7121825
/tmp/backbone_swap_yamnet_boxt09gl/data/PhysioNet2022/training_data/50225_MV.wav,1.0,0.73287165
/tmp/backbone_swap_yamnet_boxt09gl/data/PhysioNet2022/training_data/50225_PV.wav,1.0,0.5452759
/tmp/backbone_swap_yamnet_boxt09gl/data/PhysioNet2022/training_data/50225_TV.wav,1.0,0.8278647
/tmp/backbone_swap_yamnet_boxt09gl/data/PhysioNet2022/training_data/50228_AV.wav,1.0,0.7376003
/tmp/backbone_swap_yamnet_boxt09gl/data/PhysioNet2022/training_data/50228_MV.wav,1.0,0.97814023
/tmp/backbone_swap_yamnet_boxt09gl/data/PhysioNet2022/training_data/50230_AV.wav,1.0,0.8145251
/tmp/backbone_swap_yamnet_boxt09gl/data/PhysioNet2022/training_data/50230_MV.wav,1.0,0.4076464
/tmp/backbone_swap_yamnet_boxt09gl/data/PhysioNet2022/training_data/50230_PV.wav,1.0,0.59464985
/tmp/backbone_swap_yamnet_boxt09gl/data/PhysioNet2022/training_data/50230_TV.wav,1.0,0.41759774
/tmp/backbone_swap_yamnet_boxt09gl/data/PhysioNet2022/training_data/50238_AV.wav,1.0,0.34448946
/tmp/backbone_swap_yamnet_boxt09gl/data/PhysioNet2022/training_data/50238_MV.wav,1.0,0.93837124
/tmp/backbone_swap_yamnet_boxt09gl/data/PhysioNet2022/training_data/50238_PV.wav,1.0,0.8969009
/tmp/backbone_swap_yamnet_boxt09gl/data/PhysioNet2022/training_data/50238_TV.wav,1.0,0.7395453
/tmp/backbone_swap_yamnet_boxt09gl/data/PhysioNet2022/training_data/50254_AV.wav,1.0,0.7701119
/tmp/backbone_swap_yamnet_boxt09gl/data/PhysioNet2022/training_data/50254_MV.wav,1.0,0.98842037
/tmp/backbone_swap_yamnet_boxt09gl/data/PhysioNet2022/training_data/50254_PV.wav,1.0,0.6762635
/tmp/backbone_swap_yamnet_boxt09gl/data/PhysioNet2022/training_data/50254_TV.wav,1.0,0.9713973
/tmp/backbone_swap_yamnet_boxt09gl/data/PhysioNet2022/training_data/50255_AV.wav,1.0,0.8588949
/tmp/backbone_swap_yamnet_boxt09gl/data/PhysioNet2022/training_data/50255_MV.wav,1.0,0.94996035
/tmp/backbone_swap_yamnet_boxt09gl/data/PhysioNet2022/training_data/50260_AV.wav,1.0,0.9194184
/tmp/backbone_swap_yamnet_boxt09gl/data/PhysioNet2022/training_data/50260_MV.wav,1.0,0.8317843
/tmp/backbone_swap_yamnet_boxt09gl/data/PhysioNet2022/training_data/50260_PV.wav,1.0,0.60016775
/tmp/backbone_swap_yamnet_boxt09gl/data/PhysioNet2022/training_data/50260_TV.wav,1.0,0.9530682
/tmp/backbone_swap_yamnet_boxt09gl/data/PhysioNet2022/training_data/50271_AV.wav,1.0,0.5729548
/tmp/backbone_swap_yamnet_boxt09gl/data/PhysioNet2022/training_data/50271_MV.wav,1.0,0.99180484
/tmp/backbone_swap_yamnet_boxt09gl/data/PhysioNet2022/training_data/50271_PV.wav,1.0,0.99076253
/tmp/backbone_swap_yamnet_boxt09gl/data/PhysioNet2022/training_data/50271_TV.wav,1.0,0.9600446
/tmp/backbone_swap_yamnet_boxt09gl/data/PhysioNet2022/training_data/50276_AV.wav,1.0,0.809806
/tmp/backbone_swap_yamnet_boxt09gl/data/PhysioNet2022/training_data/50276_MV.wav,1.0,0.8563091
/tmp/backbone_swap_yamnet_boxt09gl/data/PhysioNet2022/training_data/50276_PV.wav,1.0,0.79077387
/tmp/backbone_swap_yamnet_boxt09gl/data/PhysioNet2022/training_data/50276_TV.wav,1.0,0.8891373
/tmp/backbone_swap_yamnet_boxt09gl/data/PhysioNet2022/training_data/50284_AV.wav,1.0,0.9882208
/tmp/backbone_swap_yamnet_boxt09gl/data/PhysioNet2022/training_data/50284_MV.wav,1.0,0.3330409
/tmp/backbone_swap_yamnet_boxt09gl/data/PhysioNet2022/training_data/50284_PV.wav,1.0,0.6462324
/tmp/backbone_swap_yamnet_boxt09gl/data/PhysioNet2022/training_data/50284_TV.wav,1.0,0.6617154
/tmp/backbone_swap_yamnet_boxt09gl/data/PhysioNet2022/training_data/50291_AV.wav,1.0,0.29029542
/tmp/backbone_swap_yamnet_boxt09gl/data/PhysioNet2022/training_data/50291_MV.wav,1.0,0.8487575
/tmp/backbone_swap_yamnet_boxt09gl/data/PhysioNet2022/training_data/50291_PV.wav,1.0,0.6852711
/tmp/backbone_swap_yamnet_boxt09gl/data/PhysioNet2022/training_data/50297_AV.wav,1.0,0.9067078
/tmp/backbone_swap_yamnet_boxt09gl/data/PhysioNet2022/training_data/50297_MV.wav,1.0,0.69675773
/tmp/backbone_swap_yamnet_boxt09gl/data/PhysioNet2022/training_data/50297_PV.wav,1.0,0.3807335
/tmp/backbone_swap_yamnet_boxt09gl/data/PhysioNet2022/training_data/50297_TV.wav,1.0,0.6302677
/tmp/backbone_swap_yamnet_boxt09gl/data/PhysioNet2022/training_data/50303_AV.wav,1.0,0.4695707
/tmp/backbone_swap_yamnet_boxt09gl/data/PhysioNet2022/training_data/50303_MV.wav,1.0,0.8461137
/tmp/backbone_swap_yamnet_boxt09gl/data/PhysioNet2022/training_data/50303_PV.wav,1.0,0.93032825
/tmp/backbone_swap_yamnet_boxt09gl/data/PhysioNet2022/training_data/50314_AV.wav,1.0,0.8234099
/tmp/backbone_swap_yamnet_boxt09gl/data/PhysioNet2022/training_data/50314_MV.wav,1.0,0.9460557
/tmp/backbone_swap_yamnet_boxt09gl/data/PhysioNet2022/training_data/50314_PV.wav,1.0,0.44873783
/tmp/backbone_swap_yamnet_boxt09gl/data/PhysioNet2022/training_data/50314_TV.wav,1.0,0.95505464
/tmp/backbone_swap_yamnet_boxt09gl/data/PhysioNet2022/training_data/50316_AV.wav,1.0,0.6073663
/tmp/backbone_swap_yamnet_boxt09gl/data/PhysioNet2022/training_data/50316_MV.wav,1.0,0.49228737
/tmp/backbone_swap_yamnet_boxt09gl/data/PhysioNet2022/training_data/50317_AV.wav,1.0,0.5967637
/tmp/backbone_swap_yamnet_boxt09gl/data/PhysioNet2022/training_data/50317_PV.wav,1.0,0.4955339
/tmp/backbone_swap_yamnet_boxt09gl/data/PhysioNet2022/training_data/50317_TV.wav,1.0,0.4340534
/tmp/backbone_swap_yamnet_boxt09gl/data/PhysioNet2022/training_data/50323_AV.wav,1.0,0.1940673
/tmp/backbone_swap_yamnet_boxt09gl/data/PhysioNet2022/training_data/50323_MV.wav,1.0,0.81230336
/tmp/backbone_swap_yamnet_boxt09gl/data/PhysioNet2022/training_data/50323_PV.wav,1.0,0.6588737
/tmp/backbone_swap_yamnet_boxt09gl/data/PhysioNet2022/training_data/50323_TV.wav,1.0,0.44988486
/tmp/backbone_swap_yamnet_boxt09gl/data/PhysioNet2022/training_data/50325_AV.wav,1.0,0.93478453
/tmp/backbone_swap_yamnet_boxt09gl/data/PhysioNet2022/training_data/50325_MV.wav,1.0,0.89953315
/tmp/backbone_swap_yamnet_boxt09gl/data/PhysioNet2022/training_data/50325_PV.wav,1.0,0.44169888
/tmp/backbone_swap_yamnet_boxt09gl/data/PhysioNet2022/training_data/50325_TV.wav,1.0,0.9293697
/tmp/backbone_swap_yamnet_boxt09gl/data/PhysioNet2022/training_data/50336_MV.wav,1.0,0.49718496
/tmp/backbone_swap_yamnet_boxt09gl/data/PhysioNet2022/training_data/50336_PV.wav,1.0,0.86383265
/tmp/backbone_swap_yamnet_boxt09gl/data/PhysioNet2022/training_data/50336_TV.wav,1.0,0.33109125
/tmp/backbone_swap_yamnet_boxt09gl/data/PhysioNet2022/training_data/50337_MV.wav,1.0,0.6608072
/tmp/backbone_swap_yamnet_boxt09gl/data/PhysioNet2022/training_data/50337_PV.wav,1.0,0.7967738
/tmp/backbone_swap_yamnet_boxt09gl/data/PhysioNet2022/training_data/50337_TV.wav,1.0,0.9757144
/tmp/backbone_swap_yamnet_boxt09gl/data/PhysioNet2022/training_data/50345_MV.wav,1.0,0.44798172
/tmp/backbone_swap_yamnet_boxt09gl/data/PhysioNet2022/training_data/50345_PV.wav,1.0,0.8251924
/tmp/backbone_swap_yamnet_boxt09gl/data/PhysioNet2022/training_data/50345_TV.wav,1.0,0.9583076
/tmp/backbone_swap_yamnet_boxt09gl/data/PhysioNet2022/training_data/50348_AV_1.wav,1.0,0.7874328
/tmp/backbone_swap_yamnet_boxt09gl/data/PhysioNet2022/training_data/50348_AV_2.wav,1.0,0.7632874
/tmp/backbone_swap_yamnet_boxt09gl/data/PhysioNet2022/training_data/50348_MV.wav,1.0,0.61027634
/tmp/backbone_swap_yamnet_boxt09gl/data/PhysioNet2022/training_data/50348_PV.wav,1.0,0.96460164
/tmp/backbone_swap_yamnet_boxt09gl/data/PhysioNet2022/training_data/50348_TV.wav,1.0,0.62566155
/tmp/backbone_swap_yamnet_boxt09gl/data/PhysioNet2022/training_data/50359_AV.wav,1.0,0.51697236
/tmp/backbone_swap_yamnet_boxt09gl/data/PhysioNet2022/training_data/50359_MV.wav,1.0,0.53420055
/tmp/backbone_swap_yamnet_boxt09gl/data/PhysioNet2022/training_data/50359_PV.wav,1.0,0.65942305
/tmp/backbone_swap_yamnet_boxt09gl/data/PhysioNet2022/training_data/50359_TV.wav,1.0,0.42011333
/tmp/backbone_swap_yamnet_boxt09gl/data/PhysioNet2022/training_data/50385_AV.wav,1.0,0.23517111
/tmp/backbone_swap_yamnet_boxt09gl/data/PhysioNet2022/training_data/50385_MV.wav,1.0,0.75268596
/tmp/backbone_swap_yamnet_boxt09gl/data/PhysioNet2022/training_data/50385_PV.wav,1.0,0.35913408
/tmp/backbone_swap_yamnet_boxt09gl/data/PhysioNet2022/training_data/50385_TV.wav,1.0,0.82066435
/tmp/backbone_swap_yamnet_boxt09gl/data/PhysioNet2022/training_data/50386_AV.wav,1.0,0.58985806
/tmp/backbone_swap_yamnet_boxt09gl/data/PhysioNet2022/training_data/50386_MV.wav,1.0,0.42073092
/tmp/backbone_swap_yamnet_boxt09gl/data/PhysioNet2022/training_data/50386_PV.wav,1.0,0.7674111
/tmp/backbone_swap_yamnet_boxt09gl/data/PhysioNet2022/training_data/50386_TV.wav,1.0,0.95298237
/tmp/backbone_swap_yamnet_boxt09gl/data/PhysioNet2022/training_data/50388_AV.wav,1.0,0.95749086
/tmp/backbone_swap_yamnet_boxt09gl/data/PhysioNet2022/training_data/50388_MV.wav,1.0,0.56286174
/tmp/backbone_swap_yamnet_boxt09gl/data/PhysioNet2022/training_data/50388_PV.wav,1.0,0.43886757
/tmp/backbone_swap_yamnet_boxt09gl/data/PhysioNet2022/training_data/50388_TV.wav,1.0,0.5479747
/tmp/backbone_swap_yamnet_boxt09gl/data/PhysioNet2022/training_data/50393_AV.wav,1.0,0.9702387
/tmp/backbone_swap_yamnet_boxt09gl/data/PhysioNet2022/training_data/50393_MV.wav,1.0,0.8731311
/tmp/backbone_swap_yamnet_boxt09gl/data/PhysioNet2022/training_data/50393_PV.wav,1.0,0.7582095
/tmp/backbone_swap_yamnet_boxt09gl/data/PhysioNet2022/training_data/50393_TV.wav,1.0,0.9569124
/tmp/backbone_swap_yamnet_boxt09gl/data/PhysioNet2022/training_data/50620_PV.wav,1.0,0.9567771
/tmp/backbone_swap_yamnet_boxt09gl/data/PhysioNet2022/training_data/50620_TV.wav,1.0,0.9118779
/tmp/backbone_swap_yamnet_boxt09gl/data/PhysioNet2022/training_data/50624_AV.wav,1.0,0.35530436
/tmp/backbone_swap_yamnet_boxt09gl/data/PhysioNet2022/training_data/50624_MV.wav,1.0,0.78004086
/tmp/backbone_swap_yamnet_boxt09gl/data/PhysioNet2022/training_data/50624_PV.wav,1.0,0.51878494
/tmp/backbone_swap_yamnet_boxt09gl/data/PhysioNet2022/training_data/50624_TV.wav,1.0,0.487258
/tmp/backbone_swap_yamnet_boxt09gl/data/PhysioNet2022/training_data/50625_AV.wav,1.0,0.7306978
/tmp/backbone_swap_yamnet_boxt09gl/data/PhysioNet2022/training_data/50625_MV.wav,1.0,0.22278582
/tmp/backbone_swap_yamnet_boxt09gl/data/PhysioNet2022/training_data/50626_AV.wav,1.0,0.8060098
/tmp/backbone_swap_yamnet_boxt09gl/data/PhysioNet2022/training_data/50626_MV.wav,1.0,0.9113442
/tmp/backbone_swap_yamnet_boxt09gl/data/PhysioNet2022/training_data/50629_AV.wav,1.0,0.40433866
/tmp/backbone_swap_yamnet_boxt09gl/data/PhysioNet2022/training_data/50629_MV.wav,1.0,0.682766
/tmp/backbone_swap_yamnet_boxt09gl/data/PhysioNet2022/training_data/50636_AV.wav,1.0,0.73551416
/tmp/backbone_swap_yamnet_boxt09gl/data/PhysioNet2022/training_data/50636_MV.wav,1.0,0.71441144
/tmp/backbone_swap_yamnet_boxt09gl/data/PhysioNet2022/training_data/50639_PV.wav,1.0,0.27869755
/tmp/backbone_swap_yamnet_boxt09gl/data/PhysioNet2022/training_data/50639_TV.wav,1.0,0.16889842
/tmp/backbone_swap_yamnet_boxt09gl/data/PhysioNet2022/training_data/50640_MV.wav,1.0,0.45864394
/tmp/backbone_swap_yamnet_boxt09gl/data/PhysioNet2022/training_data/50643_AV.wav,1.0,0.89353096
/tmp/backbone_swap_yamnet_boxt09gl/data/PhysioNet2022/training_data/50643_MV.wav,1.0,0.758696
/tmp/backbone_swap_yamnet_boxt09gl/data/PhysioNet2022/training_data/50644_AV.wav,1.0,0.8781858
/tmp/backbone_swap_yamnet_boxt09gl/data/PhysioNet2022/training_data/50644_MV.wav,1.0,0.79366094
/tmp/backbone_swap_yamnet_boxt09gl/data/PhysioNet2022/training_data/50645_AV.wav,1.0,0.29833826
/tmp/backbone_swap_yamnet_boxt09gl/data/PhysioNet2022/training_data/50645_MV.wav,1.0,0.9834398
/tmp/backbone_swap_yamnet_boxt09gl/data/PhysioNet2022/training_data/50645_PV.wav,1.0,0.451615
/tmp/backbone_swap_yamnet_boxt09gl/data/PhysioNet2022/training_data/50645_TV.wav,1.0,0.40529516
/tmp/backbone_swap_yamnet_boxt09gl/data/PhysioNet2022/training_data/50646_AV.wav,1.0,0.45679963
/tmp/backbone_swap_yamnet_boxt09gl/data/PhysioNet2022/training_data/50646_MV.wav,1.0,0.82891726
/tmp/backbone_swap_yamnet_boxt09gl/data/PhysioNet2022/training_data/50649_AV.wav,1.0,0.8406091
/tmp/backbone_swap_yamnet_boxt09gl/data/PhysioNet2022/training_data/50649_MV.wav,1.0,0.8654809
/tmp/backbone_swap_yamnet_boxt09gl/data/PhysioNet2022/training_data/50649_PV.wav,1.0,0.3673393
/tmp/backbone_swap_yamnet_boxt09gl/data/PhysioNet2022/training_data/50649_TV.wav,1.0,0.43511814
/tmp/backbone_swap_yamnet_boxt09gl/data/PhysioNet2022/training_data/50654_AV.wav,1.0,0.4980374
/tmp/backbone_swap_yamnet_boxt09gl/data/PhysioNet2022/training_data/50654_PV.wav,1.0,0.13494101
/tmp/backbone_swap_yamnet_boxt09gl/data/PhysioNet2022/training_data/50654_TV.wav,1.0,0.36807323
/tmp/backbone_swap_yamnet_boxt09gl/data/PhysioNet2022/training_data/50656_AV.wav,1.0,0.50659955
/tmp/backbone_swap_yamnet_boxt09gl/data/PhysioNet2022/training_data/50656_MV.wav,1.0,0.42422113
/tmp/backbone_swap_yamnet_boxt09gl/data/PhysioNet2022/training_data/50656_PV.wav,1.0,0.7979271
/tmp/backbone_swap_yamnet_boxt09gl/data/PhysioNet2022/training_data/50656_TV_1.wav,1.0,0.50952214
/tmp/backbone_swap_yamnet_boxt09gl/data/PhysioNet2022/training_data/50656_TV_2.wav,1.0,0.6121237
/tmp/backbone_swap_yamnet_boxt09gl/data/PhysioNet2022/training_data/50657_AV.wav,1.0,0.7439842
/tmp/backbone_swap_yamnet_boxt09gl/data/PhysioNet2022/training_data/50657_MV.wav,1.0,0.9563114
/tmp/backbone_swap_yamnet_boxt09gl/data/PhysioNet2022/training_data/50657_PV.wav,1.0,0.9367034
/tmp/backbone_swap_yamnet_boxt09gl/data/PhysioNet2022/training_data/50657_TV.wav,1.0,0.48045513
/tmp/backbone_swap_yamnet_boxt09gl/data/PhysioNet2022/training_data/50659_AV.wav,1.0,0.6605329
/tmp/backbone_swap_yamnet_boxt09gl/data/PhysioNet2022/training_data/50659_MV.wav,1.0,0.5758949
/tmp/backbone_swap_yamnet_boxt09gl/data/PhysioNet2022/training_data/50659_PV.wav,1.0,0.6983786
/tmp/backbone_swap_yamnet_boxt09gl/data/PhysioNet2022/training_data/50659_TV.wav,1.0,0.9780057
/tmp/backbone_swap_yamnet_boxt09gl/data/PhysioNet2022/training_data/50664_AV.wav,1.0,0.9110554
/tmp/backbone_swap_yamnet_boxt09gl/data/PhysioNet2022/training_data/50664_PV.wav,1.0,0.2998896
/tmp/backbone_swap_yamnet_boxt09gl/data/PhysioNet2022/training_data/50668_AV.wav,1.0,0.9523064
/tmp/backbone_swap_yamnet_boxt09gl/data/PhysioNet2022/training_data/50668_MV.wav,1.0,0.6364311
/tmp/backbone_swap_yamnet_boxt09gl/data/PhysioNet2022/training_data/50668_PV.wav,1.0,0.8254719
/tmp/backbone_swap_yamnet_boxt09gl/data/PhysioNet2022/training_data/50668_TV.wav,1.0,0.91640836
/tmp/backbone_swap_yamnet_boxt09gl/data/PhysioNet2022/training_data/50669_AV.wav,1.0,0.5868681
/tmp/backbone_swap_yamnet_boxt09gl/data/PhysioNet2022/training_data/50669_MV.wav,1.0,0.33260724
/tmp/backbone_swap_yamnet_boxt09gl/data/PhysioNet2022/training_data/50669_PV.wav,1.0,0.880252
/tmp/backbone_swap_yamnet_boxt09gl/data/PhysioNet2022/training_data/50669_TV.wav,1.0,0.60590667
/tmp/backbone_swap_yamnet_boxt09gl/data/PhysioNet2022/training_data/50671_MV.wav,1.0,0.9628263
/tmp/backbone_swap_yamnet_boxt09gl/data/PhysioNet2022/training_data/50677_AV.wav,1.0,0.97060174
/tmp/backbone_swap_yamnet_boxt09gl/data/PhysioNet2022/training_data/50677_PV.wav,1.0,0.92392856
/tmp/backbone_swap_yamnet_boxt09gl/data/PhysioNet2022/training_data/50678_MV.wav,1.0,0.81690484
/tmp/backbone_swap_yamnet_boxt09gl/data/PhysioNet2022/training_data/50678_PV.wav,1.0,0.80257046
/tmp/backbone_swap_yamnet_boxt09gl/data/PhysioNet2022/training_data/50678_TV.wav,1.0,0.3656621
/tmp/backbone_swap_yamnet_boxt09gl/data/PhysioNet2022/training_data/50680_AV.wav,1.0,0.9119607
/tmp/backbone_swap_yamnet_boxt09gl/data/PhysioNet2022/training_data/50680_MV.wav,1.0,0.8736356
/tmp/backbone_swap_yamnet_boxt09gl/data/PhysioNet2022/training_data/50680_PV.wav,1.0,0.8702089
/tmp/backbone_swap_yamnet_boxt09gl/data/PhysioNet2022/training_data/50680_TV.wav,1.0,0.54584783
/tmp/backbone_swap_yamnet_boxt09gl/data/PhysioNet2022/training_data/50685_AV.wav,1.0,0.94491506
/tmp/backbone_swap_yamnet_boxt09gl/data/PhysioNet2022/training_data/50685_MV.wav,1.0,0.94553876
/tmp/backbone_swap_yamnet_boxt09gl/data/PhysioNet2022/training_data/50685_TV.wav,1.0,0.93321335
/tmp/backbone_swap_yamnet_boxt09gl/data/PhysioNet2022/training_data/50704_AV.wav,1.0,0.8699152
/tmp/backbone_swap_yamnet_boxt09gl/data/PhysioNet2022/training_data/50704_MV.wav,1.0,0.24665447
/tmp/backbone_swap_yamnet_boxt09gl/data/PhysioNet2022/training_data/50708_AV.wav,1.0,0.3181909
/tmp/backbone_swap_yamnet_boxt09gl/data/PhysioNet2022/training_data/50708_MV.wav,1.0,0.67660457
/tmp/backbone_swap_yamnet_boxt09gl/data/PhysioNet2022/training_data/50708_PV.wav,1.0,0.5362403
/tmp/backbone_swap_yamnet_boxt09gl/data/PhysioNet2022/training_data/50708_TV.wav,1.0,0.27077988
/tmp/backbone_swap_yamnet_boxt09gl/data/PhysioNet2022/training_data/50715_AV.wav,1.0,0.35265166
/tmp/backbone_swap_yamnet_boxt09gl/data/PhysioNet2022/training_data/50715_MV.wav,1.0,0.58233577
/tmp/backbone_swap_yamnet_boxt09gl/data/PhysioNet2022/training_data/50715_PV.wav,1.0,0.531206
/tmp/backbone_swap_yamnet_boxt09gl/data/PhysioNet2022/training_data/50715_TV.wav,1.0,0.95860726
/tmp/backbone_swap_yamnet_boxt09gl/data/PhysioNet2022/training_data/50723_AV.wav,1.0,0.7542866
/tmp/backbone_swap_yamnet_boxt09gl/data/PhysioNet2022/training_data/50723_MV.wav,1.0,0.27905357
/tmp/backbone_swap_yamnet_boxt09gl/data/PhysioNet2022/training_data/50723_PV.wav,1.0,0.61636835
/tmp/backbone_swap_yamnet_boxt09gl/data/PhysioNet2022/training_data/50723_TV.wav,1.0,0.7568663
/tmp/backbone_swap_yamnet_boxt09gl/data/PhysioNet2022/training_data/50725_AV.wav,1.0,0.21478376
/tmp/backbone_swap_yamnet_boxt09gl/data/PhysioNet2022/training_data/50725_MV.wav,1.0,0.806623
/tmp/backbone_swap_yamnet_boxt09gl/data/PhysioNet2022/training_data/50725_PV.wav,1.0,0.35909352
/tmp/backbone_swap_yamnet_boxt09gl/data/PhysioNet2022/training_data/50725_TV.wav,1.0,0.4749136
/tmp/backbone_swap_yamnet_boxt09gl/data/PhysioNet2022/training_data/50735_AV.wav,1.0,0.9243576
/tmp/backbone_swap_yamnet_boxt09gl/data/PhysioNet2022/training_data/50735_MV.wav,1.0,0.82136613
/tmp/backbone_swap_yamnet_boxt09gl/data/PhysioNet2022/training_data/50735_PV.wav,1.0,0.9885915
/tmp/backbone_swap_yamnet_boxt09gl/data/PhysioNet2022/training_data/50735_TV.wav,1.0,0.8909518
/tmp/backbone_swap_yamnet_boxt09gl/data/PhysioNet2022/training_data/50739_AV.wav,1.0,0.8394865
/tmp/backbone_swap_yamnet_boxt09gl/data/PhysioNet2022/training_data/50739_MV.wav,1.0,0.95408326
/tmp/backbone_swap_yamnet_boxt09gl/data/PhysioNet2022/training_data/50740_AV.wav,1.0,0.82633764
/tmp/backbone_swap_yamnet_boxt09gl/data/PhysioNet2022/training_data/50740_MV.wav,1.0,0.9000213
/tmp/backbone_swap_yamnet_boxt09gl/data/PhysioNet2022/training_data/50740_PV.wav,1.0,0.49968424
/tmp/backbone_swap_yamnet_boxt09gl/data/PhysioNet2022/training_data/50740_TV.wav,1.0,0.37526312
/tmp/backbone_swap_yamnet_boxt09gl/data/PhysioNet2022/training_data/50742_AV.wav,1.0,0.90625674
/tmp/backbone_swap_yamnet_boxt09gl/data/PhysioNet2022/training_data/50742_MV.wav,1.0,0.37443012
/tmp/backbone_swap_yamnet_boxt09gl/data/PhysioNet2022/training_data/50742_PV.wav,1.0,0.8321632
/tmp/backbone_swap_yamnet_boxt09gl/data/PhysioNet2022/training_data/50742_TV.wav,1.0,0.80419916
/tmp/backbone_swap_yamnet_boxt09gl/data/PhysioNet2022/training_data/50744_AV.wav,1.0,0.30031055
/tmp/backbone_swap_yamnet_boxt09gl/data/PhysioNet2022/training_data/50744_MV.wav,1.0,0.75841403
/tmp/backbone_swap_yamnet_boxt09gl/data/PhysioNet2022/training_data/50744_PV.wav,1.0,0.72749203
/tmp/backbone_swap_yamnet_boxt09gl/data/PhysioNet2022/training_data/50744_TV.wav,1.0,0.87281287
/tmp/backbone_swap_yamnet_boxt09gl/data/PhysioNet2022/training_data/50751_AV.wav,1.0,0.8936581
/tmp/backbone_swap_yamnet_boxt09gl/data/PhysioNet2022/training_data/50751_MV.wav,1.0,0.28043172
/tmp/backbone_swap_yamnet_boxt09gl/data/PhysioNet2022/training_data/50751_PV.wav,1.0,0.84641623
/tmp/backbone_swap_yamnet_boxt09gl/data/PhysioNet2022/training_data/50751_TV.wav,1.0,0.9492294
/tmp/backbone_swap_yamnet_boxt09gl/data/PhysioNet2022/training_data/50752_AV.wav,1.0,0.8193616
/tmp/backbone_swap_yamnet_boxt09gl/data/PhysioNet2022/training_data/50752_MV.wav,1.0,0.7483676
/tmp/backbone_swap_yamnet_boxt09gl/data/PhysioNet2022/training_data/50752_PV.wav,1.0,0.4528291
/tmp/backbone_swap_yamnet_boxt09gl/data/PhysioNet2022/training_data/50752_TV.wav,1.0,0.800085
/tmp/backbone_swap_yamnet_boxt09gl/data/PhysioNet2022/training_data/50762_AV.wav,1.0,0.35021403
/tmp/backbone_swap_yamnet_boxt09gl/data/PhysioNet2022/training_data/50762_MV.wav,1.0,0.77231675
/tmp/backbone_swap_yamnet_boxt09gl/data/PhysioNet2022/training_data/50762_PV.wav,1.0,0.28016087
/tmp/backbone_swap_yamnet_boxt09gl/data/PhysioNet2022/training_data/50762_TV.wav,1.0,0.6729518
/tmp/backbone_swap_yamnet_boxt09gl/data/PhysioNet2022/training_data/50768_AV.wav,1.0,0.96528083
/tmp/backbone_swap_yamnet_boxt09gl/data/PhysioNet2022/training_data/50770_AV.wav,1.0,0.94863063
/tmp/backbone_swap_yamnet_boxt09gl/data/PhysioNet2022/training_data/50770_MV.wav,1.0,0.6174305
/tmp/backbone_swap_yamnet_boxt09gl/data/PhysioNet2022/training_data/50770_PV.wav,1.0,0.8113129
/tmp/backbone_swap_yamnet_boxt09gl/data/PhysioNet2022/training_data/50770_TV.wav,1.0,0.90344465
/tmp/backbone_swap_yamnet_boxt09gl/data/PhysioNet2022/training_data/50771_AV.wav,1.0,0.33218896
/tmp/backbone_swap_yamnet_boxt09gl/data/PhysioNet2022/training_data/50771_MV.wav,1.0,0.72335756
/tmp/backbone_swap_yamnet_boxt09gl/data/PhysioNet2022/training_data/50771_PV.wav,1.0,0.70978963
/tmp/backbone_swap_yamnet_boxt09gl/data/PhysioNet2022/training_data/50771_TV.wav,1.0,0.8402307
/tmp/backbone_swap_yamnet_boxt09gl/data/PhysioNet2022/training_data/50793_MV.wav,1.0,0.71655786
/tmp/backbone_swap_yamnet_boxt09gl/data/PhysioNet2022/training_data/50793_PV.wav,1.0,0.6879903
/tmp/backbone_swap_yamnet_boxt09gl/data/PhysioNet2022/training_data/50793_TV.wav,1.0,0.649741
/tmp/backbone_swap_yamnet_boxt09gl/data/PhysioNet2022/training_data/50812_AV.wav,1.0,0.6131625
/tmp/backbone_swap_yamnet_boxt09gl/data/PhysioNet2022/training_data/50812_MV.wav,1.0,0.96761
/tmp/backbone_swap_yamnet_boxt09gl/data/PhysioNet2022/training_data/50812_PV.wav,1.0,0.5488808
/tmp/backbone_swap_yamnet_boxt09gl/data/PhysioNet2022/training_data/50812_TV.wav,1.0,0.94001484
/tmp/backbone_swap_yamnet_boxt09gl/data/PhysioNet2022/training_data/50815_AV.wav,1.0,0.43289483
/tmp/backbone_swap_yamnet_boxt09gl/data/PhysioNet2022/training_data/50815_MV.wav,1.0,0.7028921
/tmp/backbone_swap_yamnet_boxt09gl/data/PhysioNet2022/training_data/50815_PV.wav,1.0,0.38346982
/tmp/backbone_swap_yamnet_boxt09gl/data/PhysioNet2022/training_data/50815_TV.wav,1.0,0.8859725
/tmp/backbone_swap_yamnet_boxt09gl/data/PhysioNet2022/training_data/50820_AV.wav,1.0,0.36279398
/tmp/backbone_swap_yamnet_boxt09gl/data/PhysioNet2022/training_data/50820_MV.wav,1.0,0.544901
/tmp/backbone_swap_yamnet_boxt09gl/data/PhysioNet2022/training_data/50820_PV.wav,1.0,0.7176685
/tmp/backbone_swap_yamnet_boxt09gl/data/PhysioNet2022/training_data/50820_TV.wav,1.0,0.4723669
/tmp/backbone_swap_yamnet_boxt09gl/data/PhysioNet2022/training_data/51064_MV.wav,1.0,0.82641274
/tmp/backbone_swap_yamnet_boxt09gl/data/PhysioNet2022/training_data/59536_AV.wav,1.0,0.6263778
/tmp/backbone_swap_yamnet_boxt09gl/data/PhysioNet2022/training_data/59536_MV.wav,1.0,0.8898374
/tmp/backbone_swap_yamnet_boxt09gl/data/PhysioNet2022/training_data/63456_AV.wav,1.0,0.5882938
/tmp/backbone_swap_yamnet_boxt09gl/data/PhysioNet2022/training_data/63456_MV.wav,1.0,0.9537012
/tmp/backbone_swap_yamnet_boxt09gl/data/PhysioNet2022/training_data/63456_PV.wav,1.0,0.9356977
/tmp/backbone_swap_yamnet_boxt09gl/data/PhysioNet2022/training_data/63456_TV.wav,1.0,0.9444123
/tmp/backbone_swap_yamnet_boxt09gl/data/PhysioNet2022/training_data/64256_MV.wav,1.0,0.51815075
/tmp/backbone_swap_yamnet_boxt09gl/data/PhysioNet2022/training_data/64256_PV.wav,1.0,0.47923094
/tmp/backbone_swap_yamnet_boxt09gl/data/PhysioNet2022/training_data/64256_TV.wav,1.0,0.9376995
/tmp/backbone_swap_yamnet_boxt09gl/data/PhysioNet2022/training_data/64715_MV.wav,1.0,0.88970834
/tmp/backbone_swap_yamnet_boxt09gl/data/PhysioNet2022/training_data/64715_PV.wav,1.0,0.4086487
/tmp/backbone_swap_yamnet_boxt09gl/data/PhysioNet2022/training_data/64715_TV.wav,1.0,0.5276343
/tmp/backbone_swap_yamnet_boxt09gl/data/PhysioNet2022/training_data/68182_AV.wav,1.0,0.73994446
/tmp/backbone_swap_yamnet_boxt09gl/data/PhysioNet2022/training_data/68182_MV.wav,1.0,0.94907564
/tmp/backbone_swap_yamnet_boxt09gl/data/PhysioNet2022/training_data/68182_PV.wav,1.0,0.87561053
/tmp/backbone_swap_yamnet_boxt09gl/data/PhysioNet2022/training_data/68182_TV.wav,1.0,0.96446866
/tmp/backbone_swap_yamnet_boxt09gl/data/PhysioNet2022/training_data/68213_AV.wav,1.0,0.7393054
/tmp/backbone_swap_yamnet_boxt09gl/data/PhysioNet2022/training_data/68213_MV.wav,1.0,0.7950556
/tmp/backbone_swap_yamnet_boxt09gl/data/PhysioNet2022/training_data/68213_PV.wav,1.0,0.4438102
/tmp/backbone_swap_yamnet_boxt09gl/data/PhysioNet2022/training_data/68213_TV.wav,1.0,0.5172385
/tmp/backbone_swap_yamnet_boxt09gl/data/PhysioNet2022/training_data/68219_AV.wav,1.0,0.85666156
/tmp/backbone_swap_yamnet_boxt09gl/data/PhysioNet2022/training_data/68219_MV.wav,1.0,0.88225645
/tmp/backbone_swap_yamnet_boxt09gl/data/PhysioNet2022/training_data/68219_PV.wav,1.0,0.8637038
/tmp/backbone_swap_yamnet_boxt09gl/data/PhysioNet2022/training_data/68219_TV.wav,1.0,0.94433594
/tmp/backbone_swap_yamnet_boxt09gl/data/PhysioNet2022/training_data/68260_AV.wav,1.0,0.9428142
/tmp/backbone_swap_yamnet_boxt09gl/data/PhysioNet2022/training_data/68260_MV.wav,1.0,0.983949
/tmp/backbone_swap_yamnet_boxt09gl/data/PhysioNet2022/training_data/68260_PV.wav,1.0,0.8433052
/tmp/backbone_swap_yamnet_boxt09gl/data/PhysioNet2022/training_data/68260_TV.wav,1.0,0.8158183
/tmp/backbone_swap_yamnet_boxt09gl/data/PhysioNet2022/training_data/68292_AV.wav,1.0,0.44148472
/tmp/backbone_swap_yamnet_boxt09gl/data/PhysioNet2022/training_data/68292_MV.wav,1.0,0.7886098
/tmp/backbone_swap_yamnet_boxt09gl/data/PhysioNet2022/training_data/68292_PV.wav,1.0,0.8303045
/tmp/backbone_swap_yamnet_boxt09gl/data/PhysioNet2022/training_data/68292_TV.wav,1.0,0.90628475
/tmp/backbone_swap_yamnet_boxt09gl/data/PhysioNet2022/training_data/68306_AV.wav,1.0,0.2727801
/tmp/backbone_swap_yamnet_boxt09gl/data/PhysioNet2022/training_data/68306_MV.wav,1.0,0.86170673
/tmp/backbone_swap_yamnet_boxt09gl/data/PhysioNet2022/training_data/68306_PV.wav,1.0,0.55642915
/tmp/backbone_swap_yamnet_boxt09gl/data/PhysioNet2022/training_data/68306_TV.wav,1.0,0.53915435
/tmp/backbone_swap_yamnet_boxt09gl/data/PhysioNet2022/training_data/68316_AV.wav,1.0,0.8049264
/tmp/backbone_swap_yamnet_boxt09gl/data/PhysioNet2022/training_data/68316_MV.wav,1.0,0.9363988
/tmp/backbone_swap_yamnet_boxt09gl/data/PhysioNet2022/training_data/68316_PV.wav,1.0,0.630341
/tmp/backbone_swap_yamnet_boxt09gl/data/PhysioNet2022/training_data/68316_TV.wav,1.0,0.34004676
/tmp/backbone_swap_yamnet_boxt09gl/data/PhysioNet2022/training_data/68327_AV.wav,1.0,0.7087492
/tmp/backbone_swap_yamnet_boxt09gl/data/PhysioNet2022/training_data/68327_MV.wav,1.0,0.9680154
/tmp/backbone_swap_yamnet_boxt09gl/data/PhysioNet2022/training_data/68327_PV.wav,1.0,0.93658614
/tmp/backbone_swap_yamnet_boxt09gl/data/PhysioNet2022/training_data/68327_TV.wav,1.0,0.9258742
/tmp/backbone_swap_yamnet_boxt09gl/data/PhysioNet2022/training_data/68337_AV.wav,1.0,0.3543715
/tmp/backbone_swap_yamnet_boxt09gl/data/PhysioNet2022/training_data/68337_MV.wav,1.0,0.61433005
/tmp/backbone_swap_yamnet_boxt09gl/data/PhysioNet2022/training_data/68337_PV.wav,1.0,0.98801243
/tmp/backbone_swap_yamnet_boxt09gl/data/PhysioNet2022/training_data/68337_TV.wav,1.0,0.8685924
/tmp/backbone_swap_yamnet_boxt09gl/data/PhysioNet2022/training_data/68363_AV.wav,1.0,0.40381947
/tmp/backbone_swap_yamnet_boxt09gl/data/PhysioNet2022/training_data/68363_MV.wav,1.0,0.68288296
/tmp/backbone_swap_yamnet_boxt09gl/data/PhysioNet2022/training_data/68368_AV.wav,1.0,0.9784041
/tmp/backbone_swap_yamnet_boxt09gl/data/PhysioNet2022/training_data/68368_MV.wav,1.0,0.59024626
/tmp/backbone_swap_yamnet_boxt09gl/data/PhysioNet2022/training_data/68368_PV.wav,1.0,0.8608532
/tmp/backbone_swap_yamnet_boxt09gl/data/PhysioNet2022/training_data/68368_TV.wav,1.0,0.71672994
/tmp/backbone_swap_yamnet_boxt09gl/data/PhysioNet2022/training_data/68374_AV.wav,1.0,0.85075194
/tmp/backbone_swap_yamnet_boxt09gl/data/PhysioNet2022/training_data/68374_MV.wav,1.0,0.9539764
/tmp/backbone_swap_yamnet_boxt09gl/data/PhysioNet2022/training_data/68379_AV.wav,1.0,0.49334028
/tmp/backbone_swap_yamnet_boxt09gl/data/PhysioNet2022/training_data/68379_MV.wav,1.0,0.6067028
/tmp/backbone_swap_yamnet_boxt09gl/data/PhysioNet2022/training_data/68379_PV.wav,1.0,0.76176184
/tmp/backbone_swap_yamnet_boxt09gl/data/PhysioNet2022/training_data/68379_TV.wav,1.0,0.67488104
/tmp/backbone_swap_yamnet_boxt09gl/data/PhysioNet2022/training_data/68395_PV.wav,1.0,0.8028587
/tmp/backbone_swap_yamnet_boxt09gl/data/PhysioNet2022/training_data/68395_TV.wav,1.0,0.7432881
/tmp/backbone_swap_yamnet_boxt09gl/data/PhysioNet2022/training_data/68407_AV.wav,1.0,0.5877907
/tmp/backbone_swap_yamnet_boxt09gl/data/PhysioNet2022/training_data/68407_MV.wav,1.0,0.84384996
/tmp/backbone_swap_yamnet_boxt09gl/data/PhysioNet2022/training_data/68407_PV.wav,1.0,0.28070334
/tmp/backbone_swap_yamnet_boxt09gl/data/PhysioNet2022/training_data/68407_TV.wav,1.0,0.95217806
/tmp/backbone_swap_yamnet_boxt09gl/data/PhysioNet2022/training_data/68412_AV.wav,1.0,0.9359532
/tmp/backbone_swap_yamnet_boxt09gl/data/PhysioNet2022/training_data/68412_MV.wav,1.0,0.66219616
/tmp/backbone_swap_yamnet_boxt09gl/data/PhysioNet2022/training_data/68412_PV.wav,1.0,0.94677764
/tmp/backbone_swap_yamnet_boxt09gl/data/PhysioNet2022/training_data/68412_TV.wav,1.0,0.98839986
/tmp/backbone_swap_yamnet_boxt09gl/data/PhysioNet2022/training_data/68435_AV.wav,1.0,0.45957583
/tmp/backbone_swap_yamnet_boxt09gl/data/PhysioNet2022/training_data/68435_MV.wav,1.0,0.7667667
/tmp/backbone_swap_yamnet_boxt09gl/data/PhysioNet2022/training_data/68444_AV.wav,1.0,0.8273476
/tmp/backbone_swap_yamnet_boxt09gl/data/PhysioNet2022/training_data/68444_MV.wav,1.0,0.9495337
/tmp/backbone_swap_yamnet_boxt09gl/data/PhysioNet2022/training_data/68444_PV.wav,1.0,0.46936592
/tmp/backbone_swap_yamnet_boxt09gl/data/PhysioNet2022/training_data/68444_TV.wav,1.0,0.95118845
/tmp/backbone_swap_yamnet_boxt09gl/data/PhysioNet2022/training_data/68487_AV.wav,1.0,0.6921451
/tmp/backbone_swap_yamnet_boxt09gl/data/PhysioNet2022/training_data/68487_MV.wav,1.0,0.8041349
/tmp/backbone_swap_yamnet_boxt09gl/data/PhysioNet2022/training_data/68487_PV.wav,1.0,0.9326043
/tmp/backbone_swap_yamnet_boxt09gl/data/PhysioNet2022/training_data/68487_TV.wav,1.0,0.8833224
/tmp/backbone_swap_yamnet_boxt09gl/data/PhysioNet2022/training_data/68498_AV.wav,1.0,0.46025765
/tmp/backbone_swap_yamnet_boxt09gl/data/PhysioNet2022/training_data/68498_MV.wav,1.0,0.87584
/tmp/backbone_swap_yamnet_boxt09gl/data/PhysioNet2022/training_data/68498_PV.wav,1.0,0.9435944
/tmp/backbone_swap_yamnet_boxt09gl/data/PhysioNet2022/training_data/68498_TV.wav,1.0,0.96642095
/tmp/backbone_swap_yamnet_boxt09gl/data/PhysioNet2022/training_data/68504_AV.wav,1.0,0.24547508
/tmp/backbone_swap_yamnet_boxt09gl/data/PhysioNet2022/training_data/68504_MV.wav,1.0,0.8406742
/tmp/backbone_swap_yamnet_boxt09gl/data/PhysioNet2022/training_data/68504_PV.wav,1.0,0.8745938
/tmp/backbone_swap_yamnet_boxt09gl/data/PhysioNet2022/training_data/68504_TV.wav,1.0,0.29226726
/tmp/backbone_swap_yamnet_boxt09gl/data/PhysioNet2022/training_data/68545_AV.wav,1.0,0.86294436
/tmp/backbone_swap_yamnet_boxt09gl/data/PhysioNet2022/training_data/68545_MV.wav,1.0,0.93455786
/tmp/backbone_swap_yamnet_boxt09gl/data/PhysioNet2022/training_data/68545_PV.wav,1.0,0.3164695
/tmp/backbone_swap_yamnet_boxt09gl/data/PhysioNet2022/training_data/68545_TV.wav,1.0,0.9780814
/tmp/backbone_swap_yamnet_boxt09gl/data/PhysioNet2022/training_data/68556_AV.wav,1.0,0.3727434
/tmp/backbone_swap_yamnet_boxt09gl/data/PhysioNet2022/training_data/68556_MV.wav,1.0,0.78550255
/tmp/backbone_swap_yamnet_boxt09gl/data/PhysioNet2022/training_data/68576_AV.wav,1.0,0.33563632
/tmp/backbone_swap_yamnet_boxt09gl/data/PhysioNet2022/training_data/68576_MV.wav,1.0,0.72184694
/tmp/backbone_swap_yamnet_boxt09gl/data/PhysioNet2022/training_data/68698_AV.wav,1.0,0.41944358
/tmp/backbone_swap_yamnet_boxt09gl/data/PhysioNet2022/training_data/68698_MV.wav,1.0,0.39217708
/tmp/backbone_swap_yamnet_boxt09gl/data/PhysioNet2022/training_data/68698_PV.wav,1.0,0.4580977
/tmp/backbone_swap_yamnet_boxt09gl/data/PhysioNet2022/training_data/68698_TV.wav,1.0,0.44407618
/tmp/backbone_swap_yamnet_boxt09gl/data/PhysioNet2022/training_data/68702_AV.wav,1.0,0.8133449
/tmp/backbone_swap_yamnet_boxt09gl/data/PhysioNet2022/training_data/68702_MV.wav,1.0,0.96961826
/tmp/backbone_swap_yamnet_boxt09gl/data/PhysioNet2022/training_data/68702_PV.wav,1.0,0.90639484
/tmp/backbone_swap_yamnet_boxt09gl/data/PhysioNet2022/training_data/68702_TV.wav,1.0,0.5358438
/tmp/backbone_swap_yamnet_boxt09gl/data/PhysioNet2022/training_data/68738_AV.wav,1.0,0.55876625
/tmp/backbone_swap_yamnet_boxt09gl/data/PhysioNet2022/training_data/68738_MV.wav,1.0,0.66593707
/tmp/backbone_swap_yamnet_boxt09gl/data/PhysioNet2022/training_data/68738_PV.wav,1.0,0.72053534
/tmp/backbone_swap_yamnet_boxt09gl/data/PhysioNet2022/training_data/68738_TV.wav,1.0,0.9759705
/tmp/backbone_swap_yamnet_boxt09gl/data/PhysioNet2022/training_data/68740_AV.wav,1.0,0.55522853
/tmp/backbone_swap_yamnet_boxt09gl/data/PhysioNet2022/training_data/68740_MV.wav,1.0,0.5914043
/tmp/backbone_swap_yamnet_boxt09gl/data/PhysioNet2022/training_data/68740_PV.wav,1.0,0.4295595
/tmp/backbone_swap_yamnet_boxt09gl/data/PhysioNet2022/training_data/68740_TV.wav,1.0,0.9002063
/tmp/backbone_swap_yamnet_boxt09gl/data/PhysioNet2022/training_data/68796_AV.wav,1.0,0.97487736
/tmp/backbone_swap_yamnet_boxt09gl/data/PhysioNet2022/training_data/68796_MV.wav,1.0,0.92314535
/tmp/backbone_swap_yamnet_boxt09gl/data/PhysioNet2022/training_data/68796_PV.wav,1.0,0.8585884
/tmp/backbone_swap_yamnet_boxt09gl/data/PhysioNet2022/training_data/68796_TV.wav,1.0,0.6271372
/tmp/backbone_swap_yamnet_boxt09gl/data/PhysioNet2022/training_data/68827_AV.wav,1.0,0.5891473
/tmp/backbone_swap_yamnet_boxt09gl/data/PhysioNet2022/training_data/68827_PV.wav,1.0,0.963738
/tmp/backbone_swap_yamnet_boxt09gl/data/PhysioNet2022/training_data/68827_TV.wav,1.0,0.98706704
/tmp/backbone_swap_yamnet_boxt09gl/data/PhysioNet2022/training_data/68874_AV.wav,1.0,0.9679863
/tmp/backbone_swap_yamnet_boxt09gl/data/PhysioNet2022/training_data/68874_MV.wav,1.0,0.95357186
/tmp/backbone_swap_yamnet_boxt09gl/data/PhysioNet2022/training_data/68874_PV.wav,1.0,0.60405576
/tmp/backbone_swap_yamnet_boxt09gl/data/PhysioNet2022/training_data/68874_TV.wav,1.0,0.250533
/tmp/backbone_swap_yamnet_boxt09gl/data/PhysioNet2022/training_data/68886_AV.wav,1.0,0.88248354
/tmp/backbone_swap_yamnet_boxt09gl/data/PhysioNet2022/training_data/68886_MV.wav,1.0,0.5346573
/tmp/backbone_swap_yamnet_boxt09gl/data/PhysioNet2022/training_data/68886_PV.wav,1.0,0.6202961
/tmp/backbone_swap_yamnet_boxt09gl/data/PhysioNet2022/training_data/68886_TV.wav,1.0,0.8862876
/tmp/backbone_swap_yamnet_boxt09gl/data/PhysioNet2022/training_data/68888_AV.wav,1.0,0.50615877
/tmp/backbone_swap_yamnet_boxt09gl/data/PhysioNet2022/training_data/68888_MV.wav,1.0,0.54897267
/tmp/backbone_swap_yamnet_boxt09gl/data/PhysioNet2022/training_data/68888_PV.wav,1.0,0.76197106
/tmp/backbone_swap_yamnet_boxt09gl/data/PhysioNet2022/training_data/68888_TV.wav,1.0,0.7702684
/tmp/backbone_swap_yamnet_boxt09gl/data/PhysioNet2022/training_data/68901_AV.wav,1.0,0.5661875
/tmp/backbone_swap_yamnet_boxt09gl/data/PhysioNet2022/training_data/68901_MV.wav,1.0,0.842407
/tmp/backbone_swap_yamnet_boxt09gl/data/PhysioNet2022/training_data/68901_PV.wav,1.0,0.97284085
/tmp/backbone_swap_yamnet_boxt09gl/data/PhysioNet2022/training_data/68901_TV.wav,1.0,0.4359747
/tmp/backbone_swap_yamnet_boxt09gl/data/PhysioNet2022/training_data/68952_AV.wav,1.0,0.965987
/tmp/backbone_swap_yamnet_boxt09gl/data/PhysioNet2022/training_data/68952_MV.wav,1.0,0.9347356
/tmp/backbone_swap_yamnet_boxt09gl/data/PhysioNet2022/training_data/68952_PV.wav,1.0,0.8800794
/tmp/backbone_swap_yamnet_boxt09gl/data/PhysioNet2022/training_data/68952_TV.wav,1.0,0.2728052
/tmp/backbone_swap_yamnet_boxt09gl/data/PhysioNet2022/training_data/69060_AV.wav,1.0,0.54598933
/tmp/backbone_swap_yamnet_boxt09gl/data/PhysioNet2022/training_data/69060_MV.wav,1.0,0.31622404
/tmp/backbone_swap_yamnet_boxt09gl/data/PhysioNet2022/training_data/69060_PV.wav,1.0,0.51667774
/tmp/backbone_swap_yamnet_boxt09gl/data/PhysioNet2022/training_data/69060_TV.wav,1.0,0.22424775
/tmp/backbone_swap_yamnet_boxt09gl/data/PhysioNet2022/training_data/69066_AV.wav,1.0,0.9449819
/tmp/backbone_swap_yamnet_boxt09gl/data/PhysioNet2022/training_data/69066_MV.wav,1.0,0.7533102
/tmp/backbone_swap_yamnet_boxt09gl/data/PhysioNet2022/training_data/69066_PV.wav,1.0,0.94134355
/tmp/backbone_swap_yamnet_boxt09gl/data/PhysioNet2022/training_data/69066_TV.wav,1.0,0.9250248
/tmp/backbone_swap_yamnet_boxt09gl/data/PhysioNet2022/training_data/69068_AV.wav,1.0,0.51463264
/tmp/backbone_swap_yamnet_boxt09gl/data/PhysioNet2022/training_data/69068_MV.wav,1.0,0.9457447
/tmp/backbone_swap_yamnet_boxt09gl/data/PhysioNet2022/training_data/69068_PV.wav,1.0,0.40417263
/tmp/backbone_swap_yamnet_boxt09gl/data/PhysioNet2022/training_data/69068_TV.wav,1.0,0.88021857
/tmp/backbone_swap_yamnet_boxt09gl/data/PhysioNet2022/training_data/69093_AV.wav,1.0,0.7261665
/tmp/backbone_swap_yamnet_boxt09gl/data/PhysioNet2022/training_data/69093_MV.wav,1.0,0.9912418
/tmp/backbone_swap_yamnet_boxt09gl/data/PhysioNet2022/training_data/69093_PV.wav,1.0,0.84994125
/tmp/backbone_swap_yamnet_boxt09gl/data/PhysioNet2022/training_data/69093_TV.wav,1.0,0.94399196
/tmp/backbone_swap_yamnet_boxt09gl/data/PhysioNet2022/training_data/69112_AV.wav,1.0,0.9929565
/tmp/backbone_swap_yamnet_boxt09gl/data/PhysioNet2022/training_data/69112_MV.wav,1.0,0.9009596
/tmp/backbone_swap_yamnet_boxt09gl/data/PhysioNet2022/training_data/69112_PV.wav,1.0,0.716407
/tmp/backbone_swap_yamnet_boxt09gl/data/PhysioNet2022/training_data/69112_TV.wav,1.0,0.9111128
/tmp/backbone_swap_yamnet_boxt09gl/data/PhysioNet2022/training_data/69120_AV.wav,1.0,0.7666743
/tmp/backbone_swap_yamnet_boxt09gl/data/PhysioNet2022/training_data/69120_MV.wav,1.0,0.3415149
/tmp/backbone_swap_yamnet_boxt09gl/data/PhysioNet2022/training_data/69120_PV.wav,1.0,0.65503556
/tmp/backbone_swap_yamnet_boxt09gl/data/PhysioNet2022/training_data/69120_TV.wav,1.0,0.8271784
/tmp/backbone_swap_yamnet_boxt09gl/data/PhysioNet2022/training_data/69125_AV.wav,1.0,0.9399744
/tmp/backbone_swap_yamnet_boxt09gl/data/PhysioNet2022/training_data/69125_MV.wav,1.0,0.8200448
/tmp/backbone_swap_yamnet_boxt09gl/data/PhysioNet2022/training_data/69125_PV.wav,1.0,0.9005441
/tmp/backbone_swap_yamnet_boxt09gl/data/PhysioNet2022/training_data/69125_TV.wav,1.0,0.7995567
/tmp/backbone_swap_yamnet_boxt09gl/data/PhysioNet2022/training_data/69144_AV.wav,1.0,0.8362098
/tmp/backbone_swap_yamnet_boxt09gl/data/PhysioNet2022/training_data/69144_MV.wav,1.0,0.93480194
/tmp/backbone_swap_yamnet_boxt09gl/data/PhysioNet2022/training_data/69144_PV.wav,1.0,0.76128244
/tmp/backbone_swap_yamnet_boxt09gl/data/PhysioNet2022/training_data/69144_TV.wav,1.0,0.9857847
/tmp/backbone_swap_yamnet_boxt09gl/data/PhysioNet2022/training_data/69155_MV.wav,1.0,0.6616914
/tmp/backbone_swap_yamnet_boxt09gl/data/PhysioNet2022/training_data/69155_PV.wav,1.0,0.80309314
/tmp/backbone_swap_yamnet_boxt09gl/data/PhysioNet2022/training_data/69155_TV.wav,1.0,0.5035755
/tmp/backbone_swap_yamnet_boxt09gl/data/PhysioNet2022/training_data/69161_AV.wav,1.0,0.79080516
/tmp/backbone_swap_yamnet_boxt09gl/data/PhysioNet2022/training_data/69161_MV.wav,1.0,0.9865562
/tmp/backbone_swap_yamnet_boxt09gl/data/PhysioNet2022/training_data/69161_PV.wav,1.0,0.8556886
/tmp/backbone_swap_yamnet_boxt09gl/data/PhysioNet2022/training_data/69161_TV.wav,1.0,0.6406518
/tmp/backbone_swap_yamnet_boxt09gl/data/PhysioNet2022/training_data/69174_AV.wav,1.0,0.8233751
/tmp/backbone_swap_yamnet_boxt09gl/data/PhysioNet2022/training_data/69174_MV.wav,1.0,0.63570297
/tmp/backbone_swap_yamnet_boxt09gl/data/PhysioNet2022/training_data/69174_PV.wav,1.0,0.8121572
/tmp/backbone_swap_yamnet_boxt09gl/data/PhysioNet2022/training_data/69174_TV.wav,1.0,0.8335994
/tmp/backbone_swap_yamnet_boxt09gl/data/PhysioNet2022/training_data/69176_AV.wav,1.0,0.8254365
/tmp/backbone_swap_yamnet_boxt09gl/data/PhysioNet2022/training_data/69176_MV.wav,1.0,0.2409019
/tmp/backbone_swap_yamnet_boxt09gl/data/PhysioNet2022/training_data/69176_PV.wav,1.0,0.72396535
/tmp/backbone_swap_yamnet_boxt09gl/data/PhysioNet2022/training_data/69176_TV.wav,1.0,0.5509167
/tmp/backbone_swap_yamnet_boxt09gl/data/PhysioNet2022/training_data/72288_PV.wav,1.0,0.22656307
/tmp/backbone_swap_yamnet_boxt09gl/data/PhysioNet2022/training_data/73497_AV.wav,1.0,0.5358063
/tmp/backbone_swap_yamnet_boxt09gl/data/PhysioNet2022/training_data/73497_MV.wav,1.0,0.7111591
/tmp/backbone_swap_yamnet_boxt09gl/data/PhysioNet2022/training_data/73497_PV.wav,1.0,0.7015283
/tmp/backbone_swap_yamnet_boxt09gl/data/PhysioNet2022/training_data/73497_TV.wav,1.0,0.74594146
/tmp/backbone_swap_yamnet_boxt09gl/data/PhysioNet2022/training_data/74420_AV.wav,1.0,0.9698805
/tmp/backbone_swap_yamnet_boxt09gl/data/PhysioNet2022/training_data/74420_MV.wav,1.0,0.82202595
/tmp/backbone_swap_yamnet_boxt09gl/data/PhysioNet2022/training_data/75440_AV.wav,1.0,0.7763885
/tmp/backbone_swap_yamnet_boxt09gl/data/PhysioNet2022/training_data/75440_MV.wav,1.0,0.9373444
/tmp/backbone_swap_yamnet_boxt09gl/data/PhysioNet2022/training_data/75440_PV.wav,1.0,0.77395755
/tmp/backbone_swap_yamnet_boxt09gl/data/PhysioNet2022/training_data/75440_TV.wav,1.0,0.9024043
/tmp/backbone_swap_yamnet_boxt09gl/data/PhysioNet2022/training_data/78592_AV.wav,1.0,0.8217777
/tmp/backbone_swap_yamnet_boxt09gl/data/PhysioNet2022/training_data/78592_MV.wav,1.0,0.9498486
/tmp/backbone_swap_yamnet_boxt09gl/data/PhysioNet2022/training_data/78592_PV.wav,1.0,0.7066892
/tmp/backbone_swap_yamnet_boxt09gl/data/PhysioNet2022/training_data/78592_TV.wav,1.0,0.64180183
/tmp/backbone_swap_yamnet_boxt09gl/data/PhysioNet2022/training_data/84688_MV.wav,1.0,0.9297026
/tmp/backbone_swap_yamnet_boxt09gl/data/PhysioNet2022/training_data/84689_AV.wav,1.0,0.86681867
/tmp/backbone_swap_yamnet_boxt09gl/data/PhysioNet2022/training_data/84689_MV.wav,1.0,0.9267274
/tmp/backbone_swap_yamnet_boxt09gl/data/PhysioNet2022/training_data/84689_PV.wav,1.0,0.659623
/tmp/backbone_swap_yamnet_boxt09gl/data/PhysioNet2022/training_data/84689_TV.wav,1.0,0.76573944
/tmp/backbone_swap_yamnet_boxt09gl/data/PhysioNet2022/training_data/84692_AV.wav,1.0,0.7001158
/tmp/backbone_swap_yamnet_boxt09gl/data/PhysioNet2022/training_data/84692_MV.wav,1.0,0.8779539
/tmp/backbone_swap_yamnet_boxt09gl/data/PhysioNet2022/training_data/84692_PV.wav,1.0,0.35065094
/tmp/backbone_swap_yamnet_boxt09gl/data/PhysioNet2022/training_data/84692_TV.wav,1.0,0.6131951
/tmp/backbone_swap_yamnet_boxt09gl/data/PhysioNet2022/training_data/84699_AV.wav,1.0,0.6993922
/tmp/backbone_swap_yamnet_boxt09gl/data/PhysioNet2022/training_data/84699_MV.wav,1.0,0.7983583
/tmp/backbone_swap_yamnet_boxt09gl/data/PhysioNet2022/training_data/84699_PV.wav,1.0,0.77946365
/tmp/backbone_swap_yamnet_boxt09gl/data/PhysioNet2022/training_data/84699_TV.wav,1.0,0.97335386
/tmp/backbone_swap_yamnet_boxt09gl/data/PhysioNet2022/training_data/84709_AV.wav,1.0,0.7761568
/tmp/backbone_swap_yamnet_boxt09gl/data/PhysioNet2022/training_data/84709_MV.wav,1.0,0.8796151
/tmp/backbone_swap_yamnet_boxt09gl/data/PhysioNet2022/training_data/84709_PV.wav,1.0,0.1709571
/tmp/backbone_swap_yamnet_boxt09gl/data/PhysioNet2022/training_data/84709_TV.wav,1.0,0.95804274
/tmp/backbone_swap_yamnet_boxt09gl/data/PhysioNet2022/training_data/84711_AV.wav,1.0,0.9166245
/tmp/backbone_swap_yamnet_boxt09gl/data/PhysioNet2022/training_data/84711_MV.wav,1.0,0.90561223
/tmp/backbone_swap_yamnet_boxt09gl/data/PhysioNet2022/training_data/84711_PV.wav,1.0,0.86552334
/tmp/backbone_swap_yamnet_boxt09gl/data/PhysioNet2022/training_data/84711_TV.wav,1.0,0.35101333
/tmp/backbone_swap_yamnet_boxt09gl/data/PhysioNet2022/training_data/84714_AV.wav,1.0,0.4835004
/tmp/backbone_swap_yamnet_boxt09gl/data/PhysioNet2022/training_data/84714_MV.wav,1.0,0.7343409
/tmp/backbone_swap_yamnet_boxt09gl/data/PhysioNet2022/training_data/84714_TV.wav,1.0,0.9057805
/tmp/backbone_swap_yamnet_boxt09gl/data/PhysioNet2022/training_data/84720_AV.wav,1.0,0.25291225
/tmp/backbone_swap_yamnet_boxt09gl/data/PhysioNet2022/training_data/84724_AV.wav,1.0,0.596883
/tmp/backbone_swap_yamnet_boxt09gl/data/PhysioNet2022/training_data/84724_MV.wav,1.0,0.66279155
/tmp/backbone_swap_yamnet_boxt09gl/data/PhysioNet2022/training_data/84724_PV.wav,1.0,0.29242128
/tmp/backbone_swap_yamnet_boxt09gl/data/PhysioNet2022/training_data/84724_TV.wav,1.0,0.79129213
/tmp/backbone_swap_yamnet_boxt09gl/data/PhysioNet2022/training_data/84727_AV.wav,1.0,0.9910834
/tmp/backbone_swap_yamnet_boxt09gl/data/PhysioNet2022/training_data/84727_MV.wav,1.0,0.99453163
/tmp/backbone_swap_yamnet_boxt09gl/data/PhysioNet2022/training_data/84727_PV.wav,1.0,0.5797023
/tmp/backbone_swap_yamnet_boxt09gl/data/PhysioNet2022/training_data/84727_TV.wav,1.0,0.97757167
/tmp/backbone_swap_yamnet_boxt09gl/data/PhysioNet2022/training_data/84735_AV.wav,1.0,0.8926927
/tmp/backbone_swap_yamnet_boxt09gl/data/PhysioNet2022/training_data/84735_MV.wav,1.0,0.66379905
/tmp/backbone_swap_yamnet_boxt09gl/data/PhysioNet2022/training_data/84735_PV.wav,1.0,0.81950897
/tmp/backbone_swap_yamnet_boxt09gl/data/PhysioNet2022/training_data/84735_TV.wav,1.0,0.68757683
/tmp/backbone_swap_yamnet_boxt09gl/data/PhysioNet2022/training_data/84736_AV.wav,1.0,0.9468643
/tmp/backbone_swap_yamnet_boxt09gl/data/PhysioNet2022/training_data/84736_MV.wav,1.0,0.331589
/tmp/backbone_swap_yamnet_boxt09gl/data/PhysioNet2022/training_data/84742_AV.wav,1.0,0.7201126
/tmp/backbone_swap_yamnet_boxt09gl/data/PhysioNet2022/training_data/84742_MV.wav,1.0,0.923683
/tmp/backbone_swap_yamnet_boxt09gl/data/PhysioNet2022/training_data/84742_PV.wav,1.0,0.43744957
/tmp/backbone_swap_yamnet_boxt09gl/data/PhysioNet2022/training_data/84742_TV.wav,1.0,0.49286085
/tmp/backbone_swap_yamnet_boxt09gl/data/PhysioNet2022/training_data/84743_AV.wav,1.0,0.3394648
/tmp/backbone_swap_yamnet_boxt09gl/data/PhysioNet2022/training_data/84743_MV.wav,1.0,0.8340257
/tmp/backbone_swap_yamnet_boxt09gl/data/PhysioNet2022/training_data/84743_PV.wav,1.0,0.55911744
/tmp/backbone_swap_yamnet_boxt09gl/data/PhysioNet2022/training_data/84743_TV.wav,1.0,0.95166856
/tmp/backbone_swap_yamnet_boxt09gl/data/PhysioNet2022/training_data/84747_TV.wav,1.0,0.5322951
/tmp/backbone_swap_yamnet_boxt09gl/data/PhysioNet2022/training_data/84749_AV.wav,1.0,0.24936682
/tmp/backbone_swap_yamnet_boxt09gl/data/PhysioNet2022/training_data/84749_MV.wav,1.0,0.9423868
/tmp/backbone_swap_yamnet_boxt09gl/data/PhysioNet2022/training_data/84749_PV.wav,1.0,0.32678202
/tmp/backbone_swap_yamnet_boxt09gl/data/PhysioNet2022/training_data/84749_TV.wav,1.0,0.27654693
/tmp/backbone_swap_yamnet_boxt09gl/data/PhysioNet2022/training_data/84750_AV.wav,1.0,0.88462585
/tmp/backbone_swap_yamnet_boxt09gl/data/PhysioNet2022/training_data/84750_MV.wav,1.0,0.5636024
/tmp/backbone_swap_yamnet_boxt09gl/data/PhysioNet2022/training_data/84750_PV.wav,1.0,0.9567187
/tmp/backbone_swap_yamnet_boxt09gl/data/PhysioNet2022/training_data/84750_TV.wav,1.0,0.8878792
/tmp/backbone_swap_yamnet_boxt09gl/data/PhysioNet2022/training_data/84758_AV.wav,1.0,0.73747426
/tmp/backbone_swap_yamnet_boxt09gl/data/PhysioNet2022/training_data/84758_MV.wav,1.0,0.8886294
/tmp/backbone_swap_yamnet_boxt09gl/data/PhysioNet2022/training_data/84758_PV.wav,1.0,0.7557038
/tmp/backbone_swap_yamnet_boxt09gl/data/PhysioNet2022/training_data/84758_TV.wav,1.0,0.7772197
/tmp/backbone_swap_yamnet_boxt09gl/data/PhysioNet2022/training_data/84761_AV.wav,1.0,0.5353171
/tmp/backbone_swap_yamnet_boxt09gl/data/PhysioNet2022/training_data/84761_MV.wav,1.0,0.9464182
/tmp/backbone_swap_yamnet_boxt09gl/data/PhysioNet2022/training_data/84761_PV.wav,1.0,0.8840714
/tmp/backbone_swap_yamnet_boxt09gl/data/PhysioNet2022/training_data/84761_TV.wav,1.0,0.44897738
/tmp/backbone_swap_yamnet_boxt09gl/data/PhysioNet2022/training_data/84776_AV.wav,1.0,0.86773837
/tmp/backbone_swap_yamnet_boxt09gl/data/PhysioNet2022/training_data/84776_MV.wav,1.0,0.80879176
/tmp/backbone_swap_yamnet_boxt09gl/data/PhysioNet2022/training_data/84776_PV.wav,1.0,0.6044596
/tmp/backbone_swap_yamnet_boxt09gl/data/PhysioNet2022/training_data/84776_TV.wav,1.0,0.8840709
/tmp/backbone_swap_yamnet_boxt09gl/data/PhysioNet2022/training_data/84778_AV.wav,1.0,0.57829183
/tmp/backbone_swap_yamnet_boxt09gl/data/PhysioNet2022/training_data/84778_MV.wav,1.0,0.9355427
/tmp/backbone_swap_yamnet_boxt09gl/data/PhysioNet2022/training_data/84778_PV.wav,1.0,0.9670697
/tmp/backbone_swap_yamnet_boxt09gl/data/PhysioNet2022/training_data/84778_TV.wav,1.0,0.57594913
/tmp/backbone_swap_yamnet_boxt09gl/data/PhysioNet2022/training_data/84785_AV.wav,1.0,0.7236498
/tmp/backbone_swap_yamnet_boxt09gl/data/PhysioNet2022/training_data/84785_MV.wav,1.0,0.6970416
/tmp/backbone_swap_yamnet_boxt09gl/data/PhysioNet2022/training_data/84785_PV.wav,1.0,0.9085054
/tmp/backbone_swap_yamnet_boxt09gl/data/PhysioNet2022/training_data/84785_TV.wav,1.0,0.73686045
/tmp/backbone_swap_yamnet_boxt09gl/data/PhysioNet2022/training_data/84796_AV.wav,1.0,0.25972185
/tmp/backbone_swap_yamnet_boxt09gl/data/PhysioNet2022/training_data/84796_MV.wav,1.0,0.2704902
/tmp/backbone_swap_yamnet_boxt09gl/data/PhysioNet2022/training_data/84798_AV.wav,1.0,0.8044051
/tmp/backbone_swap_yamnet_boxt09gl/data/PhysioNet2022/training_data/84798_MV.wav,1.0,0.8727206
/tmp/backbone_swap_yamnet_boxt09gl/data/PhysioNet2022/training_data/84798_PV.wav,1.0,0.8832426
/tmp/backbone_swap_yamnet_boxt09gl/data/PhysioNet2022/training_data/84798_TV.wav,1.0,0.96910703
/tmp/backbone_swap_yamnet_boxt09gl/data/PhysioNet2022/training_data/84809_AV.wav,1.0,0.9441986
/tmp/backbone_swap_yamnet_boxt09gl/data/PhysioNet2022/training_data/84809_MV.wav,1.0,0.5029518
/tmp/backbone_swap_yamnet_boxt09gl/data/PhysioNet2022/training_data/84809_PV.wav,1.0,0.9730041
/tmp/backbone_swap_yamnet_boxt09gl/data/PhysioNet2022/training_data/84809_TV.wav,1.0,0.87430066
/tmp/backbone_swap_yamnet_boxt09gl/data/PhysioNet2022/training_data/84835_AV.wav,1.0,0.91041714
/tmp/backbone_swap_yamnet_boxt09gl/data/PhysioNet2022/training_data/84835_MV.wav,1.0,0.8386212
/tmp/backbone_swap_yamnet_boxt09gl/data/PhysioNet2022/training_data/84835_PV.wav,1.0,0.9108503
/tmp/backbone_swap_yamnet_boxt09gl/data/PhysioNet2022/training_data/84835_TV.wav,1.0,0.91446424
/tmp/backbone_swap_yamnet_boxt09gl/data/PhysioNet2022/training_data/84837_AV.wav,1.0,0.70835686
/tmp/backbone_swap_yamnet_boxt09gl/data/PhysioNet2022/training_data/84837_PV.wav,1.0,0.9261418
/tmp/backbone_swap_yamnet_boxt09gl/data/PhysioNet2022/training_data/84840_MV.wav,1.0,0.8183355
/tmp/backbone_swap_yamnet_boxt09gl/data/PhysioNet2022/training_data/84840_TV.wav,1.0,0.967203
/tmp/backbone_swap_yamnet_boxt09gl/data/PhysioNet2022/training_data/84852_AV.wav,1.0,0.9417575
/tmp/backbone_swap_yamnet_boxt09gl/data/PhysioNet2022/training_data/84852_MV.wav,1.0,0.53474224
/tmp/backbone_swap_yamnet_boxt09gl/data/PhysioNet2022/training_data/84852_PV.wav,1.0,0.764604
/tmp/backbone_swap_yamnet_boxt09gl/data/PhysioNet2022/training_data/84852_TV.wav,1.0,0.26003516
/tmp/backbone_swap_yamnet_boxt09gl/data/PhysioNet2022/training_data/84861_AV.wav,1.0,0.5567097
/tmp/backbone_swap_yamnet_boxt09gl/data/PhysioNet2022/training_data/84861_MV.wav,1.0,0.97878426
/tmp/backbone_swap_yamnet_boxt09gl/data/PhysioNet2022/training_data/84861_PV.wav,1.0,0.90464824
/tmp/backbone_swap_yamnet_boxt09gl/data/PhysioNet2022/training_data/84861_TV.wav,1.0,0.8654122
/tmp/backbone_swap_yamnet_boxt09gl/data/PhysioNet2022/training_data/84864_AV.wav,1.0,0.9620408
/tmp/backbone_swap_yamnet_boxt09gl/data/PhysioNet2022/training_data/84864_MV.wav,1.0,0.94810593
/tmp/backbone_swap_yamnet_boxt09gl/data/PhysioNet2022/training_data/84864_PV.wav,1.0,0.90142363
/tmp/backbone_swap_yamnet_boxt09gl/data/PhysioNet2022/training_data/84864_TV.wav,1.0,0.9398985
/tmp/backbone_swap_yamnet_boxt09gl/data/PhysioNet2022/training_data/84870_AV.wav,1.0,0.70535725
/tmp/backbone_swap_yamnet_boxt09gl/data/PhysioNet2022/training_data/84870_MV.wav,1.0,0.61037385
/tmp/backbone_swap_yamnet_boxt09gl/data/PhysioNet2022/training_data/84870_PV.wav,1.0,0.93611836
/tmp/backbone_swap_yamnet_boxt09gl/data/PhysioNet2022/training_data/84870_TV.wav,1.0,0.76724684
/tmp/backbone_swap_yamnet_boxt09gl/data/PhysioNet2022/training_data/84877_AV.wav,1.0,0.8225194
/tmp/backbone_swap_yamnet_boxt09gl/data/PhysioNet2022/training_data/84877_MV.wav,1.0,0.96122634
/tmp/backbone_swap_yamnet_boxt09gl/data/PhysioNet2022/training_data/84877_PV.wav,1.0,0.94756144
/tmp/backbone_swap_yamnet_boxt09gl/data/PhysioNet2022/training_data/84877_TV.wav,1.0,0.7073227
/tmp/backbone_swap_yamnet_boxt09gl/data/PhysioNet2022/training_data/84881_AV.wav,1.0,0.63792825
/tmp/backbone_swap_yamnet_boxt09gl/data/PhysioNet2022/training_data/84881_MV.wav,1.0,0.77655506
/tmp/backbone_swap_yamnet_boxt09gl/data/PhysioNet2022/training_data/84881_PV.wav,1.0,0.76802486
/tmp/backbone_swap_yamnet_boxt09gl/data/PhysioNet2022/training_data/84881_TV.wav,1.0,0.90754634
/tmp/backbone_swap_yamnet_boxt09gl/data/PhysioNet2022/training_data/84885_AV.wav,1.0,0.55190086
/tmp/backbone_swap_yamnet_boxt09gl/data/PhysioNet2022/training_data/84885_MV.wav,1.0,0.8782948
/tmp/backbone_swap_yamnet_boxt09gl/data/PhysioNet2022/training_data/84890_AV.wav,1.0,0.9179611
/tmp/backbone_swap_yamnet_boxt09gl/data/PhysioNet2022/training_data/84890_MV.wav,1.0,0.80506736
/tmp/backbone_swap_yamnet_boxt09gl/data/PhysioNet2022/training_data/84890_PV.wav,1.0,0.96528774
/tmp/backbone_swap_yamnet_boxt09gl/data/PhysioNet2022/training_data/84890_TV.wav,1.0,0.9707319
/tmp/backbone_swap_yamnet_boxt09gl/data/PhysioNet2022/training_data/84893_AV.wav,1.0,0.4694428
/tmp/backbone_swap_yamnet_boxt09gl/data/PhysioNet2022/training_data/84893_PV.wav,1.0,0.90988064
/tmp/backbone_swap_yamnet_boxt09gl/data/PhysioNet2022/training_data/84894_AV.wav,1.0,0.97369915
/tmp/backbone_swap_yamnet_boxt09gl/data/PhysioNet2022/training_data/84894_MV.wav,1.0,0.74219483
/tmp/backbone_swap_yamnet_boxt09gl/data/PhysioNet2022/training_data/84894_PV.wav,1.0,0.8638861
/tmp/backbone_swap_yamnet_boxt09gl/data/PhysioNet2022/training_data/84894_TV.wav,1.0,0.9329871
/tmp/backbone_swap_yamnet_boxt09gl/data/PhysioNet2022/training_data/84917_AV.wav,1.0,0.6032028
/tmp/backbone_swap_yamnet_boxt09gl/data/PhysioNet2022/training_data/84917_MV.wav,1.0,0.5725206
/tmp/backbone_swap_yamnet_boxt09gl/data/PhysioNet2022/training_data/84917_PV.wav,1.0,0.500269
/tmp/backbone_swap_yamnet_boxt09gl/data/PhysioNet2022/training_data/84917_TV.wav,1.0,0.8355008
/tmp/backbone_swap_yamnet_boxt09gl/data/PhysioNet2022/training_data/84921_AV.wav,1.0,0.42533714
/tmp/backbone_swap_yamnet_boxt09gl/data/PhysioNet2022/training_data/84921_MV.wav,1.0,0.5413191
/tmp/backbone_swap_yamnet_boxt09gl/data/PhysioNet2022/training_data/84921_PV.wav,1.0,0.8673468
/tmp/backbone_swap_yamnet_boxt09gl/data/PhysioNet2022/training_data/84921_TV.wav,1.0,0.7693195
/tmp/backbone_swap_yamnet_boxt09gl/data/PhysioNet2022/training_data/84922_AV.wav,1.0,0.9943141
/tmp/backbone_swap_yamnet_boxt09gl/data/PhysioNet2022/training_data/84922_MV.wav,1.0,0.93257904
/tmp/backbone_swap_yamnet_boxt09gl/data/PhysioNet2022/training_data/84930_AV.wav,1.0,0.7414776
/tmp/backbone_swap_yamnet_boxt09gl/data/PhysioNet2022/training_data/84930_MV.wav,1.0,0.93537253
/tmp/backbone_swap_yamnet_boxt09gl/data/PhysioNet2022/training_data/84930_PV.wav,1.0,0.7574285
/tmp/backbone_swap_yamnet_boxt09gl/data/PhysioNet2022/training_data/84930_TV.wav,1.0,0.9373622
/tmp/backbone_swap_yamnet_boxt09gl/data/PhysioNet2022/training_data/84937_AV.wav,1.0,0.7120303
/tmp/backbone_swap_yamnet_boxt09gl/data/PhysioNet2022/training_data/84937_MV.wav,1.0,0.8840916
/tmp/backbone_swap_yamnet_boxt09gl/data/PhysioNet2022/training_data/84937_PV.wav,1.0,0.7852282
/tmp/backbone_swap_yamnet_boxt09gl/data/PhysioNet2022/training_data/84937_TV.wav,1.0,0.3875406
/tmp/backbone_swap_yamnet_boxt09gl/data/PhysioNet2022/training_data/84939_AV.wav,1.0,0.93321645
/tmp/backbone_swap_yamnet_boxt09gl/data/PhysioNet2022/training_data/84939_MV.wav,1.0,0.81312823
/tmp/backbone_swap_yamnet_boxt09gl/data/PhysioNet2022/training_data/84939_PV.wav,1.0,0.9112277
/tmp/backbone_swap_yamnet_boxt09gl/data/PhysioNet2022/training_data/84939_TV.wav,1.0,0.9177642
/tmp/backbone_swap_yamnet_boxt09gl/data/PhysioNet2022/training_data/84945_AV.wav,1.0,0.432032
/tmp/backbone_swap_yamnet_boxt09gl/data/PhysioNet2022/training_data/84945_MV.wav,1.0,0.9460015
/tmp/backbone_swap_yamnet_boxt09gl/data/PhysioNet2022/training_data/84945_PV.wav,1.0,0.87549156
/tmp/backbone_swap_yamnet_boxt09gl/data/PhysioNet2022/training_data/84945_TV.wav,1.0,0.8733248
/tmp/backbone_swap_yamnet_boxt09gl/data/PhysioNet2022/training_data/84947_AV.wav,1.0,0.77011144
/tmp/backbone_swap_yamnet_boxt09gl/data/PhysioNet2022/training_data/84947_MV.wav,1.0,0.9814424
/tmp/backbone_swap_yamnet_boxt09gl/data/PhysioNet2022/training_data/84947_PV.wav,1.0,0.987148
/tmp/backbone_swap_yamnet_boxt09gl/data/PhysioNet2022/training_data/84947_TV.wav,1.0,0.96520364
/tmp/backbone_swap_yamnet_boxt09gl/data/PhysioNet2022/training_data/84969_MV.wav,1.0,0.7083038
/tmp/backbone_swap_yamnet_boxt09gl/data/PhysioNet2022/training_data/84973_AV.wav,1.0,0.79959595
/tmp/backbone_swap_yamnet_boxt09gl/data/PhysioNet2022/training_data/84973_MV.wav,1.0,0.95617855
/tmp/backbone_swap_yamnet_boxt09gl/data/PhysioNet2022/training_data/84973_PV.wav,1.0,0.971055
/tmp/backbone_swap_yamnet_boxt09gl/data/PhysioNet2022/training_data/84973_TV.wav,1.0,0.789349
/tmp/backbone_swap_yamnet_boxt09gl/data/PhysioNet2022/training_data/84984_MV.wav,1.0,0.731386
/tmp/backbone_swap_yamnet_boxt09gl/data/PhysioNet2022/training_data/84984_PV.wav,1.0,0.53881407
/tmp/backbone_swap_yamnet_boxt09gl/data/PhysioNet2022/training_data/84988_AV.wav,1.0,0.7021302
/tmp/backbone_swap_yamnet_boxt09gl/data/PhysioNet2022/training_data/84988_MV.wav,1.0,0.947817
/tmp/backbone_swap_yamnet_boxt09gl/data/PhysioNet2022/training_data/84988_PV.wav,1.0,0.7917389
/tmp/backbone_swap_yamnet_boxt09gl/data/PhysioNet2022/training_data/84992_AV.wav,1.0,0.6887242
/tmp/backbone_swap_yamnet_boxt09gl/data/PhysioNet2022/training_data/84992_PV.wav,1.0,0.96023816
/tmp/backbone_swap_yamnet_boxt09gl/data/PhysioNet2022/training_data/84992_TV.wav,1.0,0.9668454
/tmp/backbone_swap_yamnet_boxt09gl/data/PhysioNet2022/training_data/84994_AV.wav,1.0,0.7710273
/tmp/backbone_swap_yamnet_boxt09gl/data/PhysioNet2022/training_data/84994_MV.wav,1.0,0.90414464
/tmp/backbone_swap_yamnet_boxt09gl/data/PhysioNet2022/training_data/84994_PV.wav,1.0,0.9282922
/tmp/backbone_swap_yamnet_boxt09gl/data/PhysioNet2022/training_data/84994_TV.wav,1.0,0.97594553
/tmp/backbone_swap_yamnet_boxt09gl/data/PhysioNet2022/training_data/85002_AV.wav,1.0,0.8565538
/tmp/backbone_swap_yamnet_boxt09gl/data/PhysioNet2022/training_data/85002_MV.wav,1.0,0.6993605
/tmp/backbone_swap_yamnet_boxt09gl/data/PhysioNet2022/training_data/85002_PV.wav,1.0,0.76647335
/tmp/backbone_swap_yamnet_boxt09gl/data/PhysioNet2022/training_data/85002_TV.wav,1.0,0.8806078
/tmp/backbone_swap_yamnet_boxt09gl/data/PhysioNet2022/training_data/85010_AV.wav,1.0,0.80069226
/tmp/backbone_swap_yamnet_boxt09gl/data/PhysioNet2022/training_data/85010_MV.wav,1.0,0.53803784
/tmp/backbone_swap_yamnet_boxt09gl/data/PhysioNet2022/training_data/85010_PV.wav,1.0,0.8621459
/tmp/backbone_swap_yamnet_boxt09gl/data/PhysioNet2022/training_data/85010_TV.wav,1.0,0.87053245
/tmp/backbone_swap_yamnet_boxt09gl/data/PhysioNet2022/training_data/85024_AV.wav,1.0,0.84691507
/tmp/backbone_swap_yamnet_boxt09gl/data/PhysioNet2022/training_data/85024_MV.wav,1.0,0.93279856
/tmp/backbone_swap_yamnet_boxt09gl/data/PhysioNet2022/training_data/85024_PV.wav,1.0,0.62176645
/tmp/backbone_swap_yamnet_boxt09gl/data/PhysioNet2022/training_data/85024_TV.wav,1.0,0.76587546
/tmp/backbone_swap_yamnet_boxt09gl/data/PhysioNet2022/training_data/85033_AV.wav,1.0,0.5110028
/tmp/backbone_swap_yamnet_boxt09gl/data/PhysioNet2022/training_data/85033_MV.wav,1.0,0.8666027
/tmp/backbone_swap_yamnet_boxt09gl/data/PhysioNet2022/training_data/85033_PV.wav,1.0,0.7430604
/tmp/backbone_swap_yamnet_boxt09gl/data/PhysioNet2022/training_data/85033_TV.wav,1.0,0.63613063
/tmp/backbone_swap_yamnet_boxt09gl/data/PhysioNet2022/training_data/85043_MV.wav,1.0,0.98509234
/tmp/backbone_swap_yamnet_boxt09gl/data/PhysioNet2022/training_data/85043_PV.wav,1.0,0.3226197
/tmp/backbone_swap_yamnet_boxt09gl/data/PhysioNet2022/training_data/85043_TV.wav,1.0,0.98497045
/tmp/backbone_swap_yamnet_boxt09gl/data/PhysioNet2022/training_data/85044_AV.wav,1.0,0.8871995
/tmp/backbone_swap_yamnet_boxt09gl/data/PhysioNet2022/training_data/85044_PV.wav,1.0,0.820749
/tmp/backbone_swap_yamnet_boxt09gl/data/PhysioNet2022/training_data/85048_AV.wav,1.0,0.8221762
/tmp/backbone_swap_yamnet_boxt09gl/data/PhysioNet2022/training_data/85048_MV.wav,1.0,0.4432501
/tmp/backbone_swap_yamnet_boxt09gl/data/PhysioNet2022/training_data/85048_PV.wav,1.0,0.63270044
/tmp/backbone_swap_yamnet_boxt09gl/data/PhysioNet2022/training_data/85048_TV.wav,1.0,0.18329902
/tmp/backbone_swap_yamnet_boxt09gl/data/PhysioNet2022/training_data/85075_AV.wav,1.0,0.43148753
/tmp/backbone_swap_yamnet_boxt09gl/data/PhysioNet2022/training_data/85075_MV.wav,1.0,0.98487735
/tmp/backbone_swap_yamnet_boxt09gl/data/PhysioNet2022/training_data/85075_PV.wav,1.0,0.785563
/tmp/backbone_swap_yamnet_boxt09gl/data/PhysioNet2022/training_data/85075_TV.wav,1.0,0.766463
/tmp/backbone_swap_yamnet_boxt09gl/data/PhysioNet2022/training_data/85076_MV.wav,1.0,0.7311251
/tmp/backbone_swap_yamnet_boxt09gl/data/PhysioNet2022/training_data/85076_PV.wav,1.0,0.78469884
/tmp/backbone_swap_yamnet_boxt09gl/data/PhysioNet2022/training_data/85084_AV.wav,1.0,0.88138306
/tmp/backbone_swap_yamnet_boxt09gl/data/PhysioNet2022/training_data/85084_PV.wav,1.0,0.32552522
/tmp/backbone_swap_yamnet_boxt09gl/data/PhysioNet2022/training_data/85084_TV.wav,1.0,0.9362037
/tmp/backbone_swap_yamnet_boxt09gl/data/PhysioNet2022/training_data/85105_PV.wav,1.0,0.9527801
/tmp/backbone_swap_yamnet_boxt09gl/data/PhysioNet2022/training_data/85105_TV.wav,1.0,0.86100215
/tmp/backbone_swap_yamnet_boxt09gl/data/PhysioNet2022/training_data/85114_AV.wav,1.0,0.96483094
/tmp/backbone_swap_yamnet_boxt09gl/data/PhysioNet2022/training_data/85114_MV.wav,1.0,0.79587805
/tmp/backbone_swap_yamnet_boxt09gl/data/PhysioNet2022/training_data/85114_PV.wav,1.0,0.93401426
/tmp/backbone_swap_yamnet_boxt09gl/data/PhysioNet2022/training_data/85114_TV.wav,1.0,0.98134756
/tmp/backbone_swap_yamnet_boxt09gl/data/PhysioNet2022/training_data/85123_AV.wav,1.0,0.8657165
/tmp/backbone_swap_yamnet_boxt09gl/data/PhysioNet2022/training_data/85123_MV.wav,1.0,0.7617459
/tmp/backbone_swap_yamnet_boxt09gl/data/PhysioNet2022/training_data/85123_PV.wav,1.0,0.9300659
/tmp/backbone_swap_yamnet_boxt09gl/data/PhysioNet2022/training_data/85123_TV.wav,1.0,0.16433132
/tmp/backbone_swap_yamnet_boxt09gl/data/PhysioNet2022/training_data/85124_AV.wav,1.0,0.3737197
/tmp/backbone_swap_yamnet_boxt09gl/data/PhysioNet2022/training_data/85124_MV.wav,1.0,0.77613324
/tmp/backbone_swap_yamnet_boxt09gl/data/PhysioNet2022/training_data/85124_PV.wav,1.0,0.8517951
/tmp/backbone_swap_yamnet_boxt09gl/data/PhysioNet2022/training_data/85124_TV.wav,1.0,0.7581891
/tmp/backbone_swap_yamnet_boxt09gl/data/PhysioNet2022/training_data/85128_AV.wav,1.0,0.6774704
/tmp/backbone_swap_yamnet_boxt09gl/data/PhysioNet2022/training_data/85128_MV.wav,1.0,0.9783844
/tmp/backbone_swap_yamnet_boxt09gl/data/PhysioNet2022/training_data/85128_PV.wav,1.0,0.9808208
/tmp/backbone_swap_yamnet_boxt09gl/data/PhysioNet2022/training_data/85128_TV.wav,1.0,0.97196126
/tmp/backbone_swap_yamnet_boxt09gl/data/PhysioNet2022/training_data/85133_AV.wav,1.0,0.71913433
/tmp/backbone_swap_yamnet_boxt09gl/data/PhysioNet2022/training_data/85133_MV.wav,1.0,0.34731922
/tmp/backbone_swap_yamnet_boxt09gl/data/PhysioNet2022/training_data/85133_PV.wav,1.0,0.6043046
/tmp/backbone_swap_yamnet_boxt09gl/data/PhysioNet2022/training_data/85133_TV.wav,1.0,0.6756192
/tmp/backbone_swap_yamnet_boxt09gl/data/PhysioNet2022/training_data/85135_MV.wav,1.0,0.5653844
/tmp/backbone_swap_yamnet_boxt09gl/data/PhysioNet2022/training_data/85135_PV.wav,1.0,0.7463966
/tmp/backbone_swap_yamnet_boxt09gl/data/PhysioNet2022/training_data/85135_TV.wav,1.0,0.6905644
/tmp/backbone_swap_yamnet_boxt09gl/data/PhysioNet2022/training_data/85136_AV.wav,1.0,0.70996654
/tmp/backbone_swap_yamnet_boxt09gl/data/PhysioNet2022/training_data/85136_MV.wav,1.0,0.477656
/tmp/backbone_swap_yamnet_boxt09gl/data/PhysioNet2022/training_data/85136_PV.wav,1.0,0.92015177
/tmp/backbone_swap_yamnet_boxt09gl/data/PhysioNet2022/training_data/85136_TV.wav,1.0,0.8897556
/tmp/backbone_swap_yamnet_boxt09gl/data/PhysioNet2022/training_data/85140_AV.wav,1.0,0.59946537
/tmp/backbone_swap_yamnet_boxt09gl/data/PhysioNet2022/training_data/85140_MV.wav,1.0,0.4463413
/tmp/backbone_swap_yamnet_boxt09gl/data/PhysioNet2022/training_data/85140_PV.wav,1.0,0.8108441
/tmp/backbone_swap_yamnet_boxt09gl/data/PhysioNet2022/training_data/85143_AV.wav,1.0,0.97618854
/tmp/backbone_swap_yamnet_boxt09gl/data/PhysioNet2022/training_data/85143_MV.wav,1.0,0.86864406
/tmp/backbone_swap_yamnet_boxt09gl/data/PhysioNet2022/training_data/85143_PV.wav,1.0,0.40661258
/tmp/backbone_swap_yamnet_boxt09gl/data/PhysioNet2022/training_data/85143_TV.wav,1.0,0.8955484
/tmp/backbone_swap_yamnet_boxt09gl/data/PhysioNet2022/training_data/85145_MV.wav,1.0,0.44331104
/tmp/backbone_swap_yamnet_boxt09gl/data/PhysioNet2022/training_data/85148_AV.wav,1.0,0.7917189
/tmp/backbone_swap_yamnet_boxt09gl/data/PhysioNet2022/training_data/85148_MV.wav,1.0,0.95077986
/tmp/backbone_swap_yamnet_boxt09gl/data/PhysioNet2022/training_data/85148_PV.wav,1.0,0.98577964
/tmp/backbone_swap_yamnet_boxt09gl/data/PhysioNet2022/training_data/85148_TV.wav,1.0,0.9620964
/tmp/backbone_swap_yamnet_boxt09gl/data/PhysioNet2022/training_data/85151_AV.wav,1.0,0.84511185
/tmp/backbone_swap_yamnet_boxt09gl/data/PhysioNet2022/training_data/85151_MV.wav,1.0,0.85392517
/tmp/backbone_swap_yamnet_boxt09gl/data/PhysioNet2022/training_data/85151_PV.wav,1.0,0.47577274
/tmp/backbone_swap_yamnet_boxt09gl/data/PhysioNet2022/training_data/85151_TV.wav,1.0,0.96642035
/tmp/backbone_swap_yamnet_boxt09gl/data/PhysioNet2022/training_data/85155_AV.wav,1.0,0.35982135
/tmp/backbone_swap_yamnet_boxt09gl/data/PhysioNet2022/training_data/85166_AV.wav,1.0,0.39603084
/tmp/backbone_swap_yamnet_boxt09gl/data/PhysioNet2022/training_data/85166_MV.wav,1.0,0.9857875
/tmp/backbone_swap_yamnet_boxt09gl/data/PhysioNet2022/training_data/85166_PV.wav,1.0,0.91321605
/tmp/backbone_swap_yamnet_boxt09gl/data/PhysioNet2022/training_data/85166_TV.wav,1.0,0.7422682
/tmp/backbone_swap_yamnet_boxt09gl/data/PhysioNet2022/training_data/85167_PV.wav,1.0,0.88084984
/tmp/backbone_swap_yamnet_boxt09gl/data/PhysioNet2022/training_data/85167_TV.wav,1.0,0.3147313
/tmp/backbone_swap_yamnet_boxt09gl/data/PhysioNet2022/training_data/85169_AV.wav,1.0,0.67998546
/tmp/backbone_swap_yamnet_boxt09gl/data/PhysioNet2022/training_data/85169_MV.wav,1.0,0.6418525
/tmp/backbone_swap_yamnet_boxt09gl/data/PhysioNet2022/training_data/85169_PV.wav,1.0,0.5841355
/tmp/backbone_swap_yamnet_boxt09gl/data/PhysioNet2022/training_data/85169_TV.wav,1.0,0.351776
/tmp/backbone_swap_yamnet_boxt09gl/data/PhysioNet2022/training_data/85176_AV.wav,1.0,0.9183766
/tmp/backbone_swap_yamnet_boxt09gl/data/PhysioNet2022/training_data/85176_MV.wav,1.0,0.9116881
/tmp/backbone_swap_yamnet_boxt09gl/data/PhysioNet2022/training_data/85176_PV.wav,1.0,0.7714502
/tmp/backbone_swap_yamnet_boxt09gl/data/PhysioNet2022/training_data/85176_TV.wav,1.0,0.87583375
/tmp/backbone_swap_yamnet_boxt09gl/data/PhysioNet2022/training_data/85180_AV.wav,1.0,0.93117154
/tmp/backbone_swap_yamnet_boxt09gl/data/PhysioNet2022/training_data/85180_MV.wav,1.0,0.59024876
/tmp/backbone_swap_yamnet_boxt09gl/data/PhysioNet2022/training_data/85180_PV.wav,1.0,0.8334719
/tmp/backbone_swap_yamnet_boxt09gl/data/PhysioNet2022/training_data/85180_TV.wav,1.0,0.41702086
/tmp/backbone_swap_yamnet_boxt09gl/data/PhysioNet2022/training_data/85181_AV.wav,1.0,0.80244595
/tmp/backbone_swap_yamnet_boxt09gl/data/PhysioNet2022/training_data/85181_PV.wav,1.0,0.55466866
/tmp/backbone_swap_yamnet_boxt09gl/data/PhysioNet2022/training_data/85182_AV.wav,1.0,0.3697856
/tmp/backbone_swap_yamnet_boxt09gl/data/PhysioNet2022/training_data/85182_MV.wav,1.0,0.6736017
/tmp/backbone_swap_yamnet_boxt09gl/data/PhysioNet2022/training_data/85182_PV.wav,1.0,0.6882159
/tmp/backbone_swap_yamnet_boxt09gl/data/PhysioNet2022/training_data/85182_TV.wav,1.0,0.43864948
/tmp/backbone_swap_yamnet_boxt09gl/data/PhysioNet2022/training_data/85184_AV.wav,1.0,0.9261466
/tmp/backbone_swap_yamnet_boxt09gl/data/PhysioNet2022/training_data/85184_MV.wav,1.0,0.30468175
/tmp/backbone_swap_yamnet_boxt09gl/data/PhysioNet2022/training_data/85184_PV.wav,1.0,0.86056995
/tmp/backbone_swap_yamnet_boxt09gl/data/PhysioNet2022/training_data/85184_TV.wav,1.0,0.9394951
/tmp/backbone_swap_yamnet_boxt09gl/data/PhysioNet2022/training_data/85192_AV.wav,1.0,0.524011
/tmp/backbone_swap_yamnet_boxt09gl/data/PhysioNet2022/training_data/85192_MV.wav,1.0,0.6703438
/tmp/backbone_swap_yamnet_boxt09gl/data/PhysioNet2022/training_data/85192_PV.wav,1.0,0.85866696
/tmp/backbone_swap_yamnet_boxt09gl/data/PhysioNet2022/training_data/85192_TV.wav,1.0,0.86154974
/tmp/backbone_swap_yamnet_boxt09gl/data/PhysioNet2022/training_data/85196_AV.wav,1.0,0.95231515
/tmp/backbone_swap_yamnet_boxt09gl/data/PhysioNet2022/training_data/85196_MV.wav,1.0,0.83292437
/tmp/backbone_swap_yamnet_boxt09gl/data/PhysioNet2022/training_data/85196_PV.wav,1.0,0.444795
/tmp/backbone_swap_yamnet_boxt09gl/data/PhysioNet2022/training_data/85196_TV.wav,1.0,0.917585
/tmp/backbone_swap_yamnet_boxt09gl/data/PhysioNet2022/training_data/85197_AV.wav,1.0,0.9581104
/tmp/backbone_swap_yamnet_boxt09gl/data/PhysioNet2022/training_data/85197_MV.wav,1.0,0.9597742
/tmp/backbone_swap_yamnet_boxt09gl/data/PhysioNet2022/training_data/85197_PV.wav,1.0,0.40612918
/tmp/backbone_swap_yamnet_boxt09gl/data/PhysioNet2022/training_data/85197_TV.wav,1.0,0.91956735
/tmp/backbone_swap_yamnet_boxt09gl/data/PhysioNet2022/training_data/85199_AV.wav,1.0,0.8105557
/tmp/backbone_swap_yamnet_boxt09gl/data/PhysioNet2022/training_data/85199_PV.wav,1.0,0.95196664
/tmp/backbone_swap_yamnet_boxt09gl/data/PhysioNet2022/training_data/85213_AV.wav,1.0,0.69339204
/tmp/backbone_swap_yamnet_boxt09gl/data/PhysioNet2022/training_data/85213_MV.wav,1.0,0.9837605
/tmp/backbone_swap_yamnet_boxt09gl/data/PhysioNet2022/training_data/85213_PV.wav,1.0,0.4255266
/tmp/backbone_swap_yamnet_boxt09gl/data/PhysioNet2022/training_data/85213_TV.wav,1.0,0.6317707
/tmp/backbone_swap_yamnet_boxt09gl/data/PhysioNet2022/training_data/85214_AV.wav,1.0,0.76271653
/tmp/backbone_swap_yamnet_boxt09gl/data/PhysioNet2022/training_data/85214_MV.wav,1.0,0.9664265
/tmp/backbone_swap_yamnet_boxt09gl/data/PhysioNet2022/training_data/85214_PV.wav,1.0,0.87501174
/tmp/backbone_swap_yamnet_boxt09gl/data/PhysioNet2022/training_data/85214_TV.wav,1.0,0.98965234
/tmp/backbone_swap_yamnet_boxt09gl/data/PhysioNet2022/training_data/85222_AV.wav,1.0,0.9388349
/tmp/backbone_swap_yamnet_boxt09gl/data/PhysioNet2022/training_data/85222_PV.wav,1.0,0.38374233
/tmp/backbone_swap_yamnet_boxt09gl/data/PhysioNet2022/training_data/85222_TV.wav,1.0,0.74158406
/tmp/backbone_swap_yamnet_boxt09gl/data/PhysioNet2022/training_data/85225_AV.wav,1.0,0.8777067
/tmp/backbone_swap_yamnet_boxt09gl/data/PhysioNet2022/training_data/85225_MV.wav,1.0,0.9800898
/tmp/backbone_swap_yamnet_boxt09gl/data/PhysioNet2022/training_data/85225_PV.wav,1.0,0.9862598
/tmp/backbone_swap_yamnet_boxt09gl/data/PhysioNet2022/training_data/85225_TV.wav,1.0,0.6203194
/tmp/backbone_swap_yamnet_boxt09gl/data/PhysioNet2022/training_data/85226_MV.wav,1.0,0.7159779
/tmp/backbone_swap_yamnet_boxt09gl/data/PhysioNet2022/training_data/85226_PV.wav,1.0,0.4782014
/tmp/backbone_swap_yamnet_boxt09gl/data/PhysioNet2022/training_data/85226_TV.wav,1.0,0.31997475
/tmp/backbone_swap_yamnet_boxt09gl/data/PhysioNet2022/training_data/85229_MV.wav,1.0,0.9913873
/tmp/backbone_swap_yamnet_boxt09gl/data/PhysioNet2022/training_data/85229_PV.wav,1.0,0.8121411
/tmp/backbone_swap_yamnet_boxt09gl/data/PhysioNet2022/training_data/85229_TV.wav,1.0,0.39320824
/tmp/backbone_swap_yamnet_boxt09gl/data/PhysioNet2022/training_data/85235_AV.wav,1.0,0.95142365
/tmp/backbone_swap_yamnet_boxt09gl/data/PhysioNet2022/training_data/85235_MV.wav,1.0,0.61700386
/tmp/backbone_swap_yamnet_boxt09gl/data/PhysioNet2022/training_data/85235_PV.wav,1.0,0.51979023
/tmp/backbone_swap_yamnet_boxt09gl/data/PhysioNet2022/training_data/85235_TV.wav,1.0,0.8173705
/tmp/backbone_swap_yamnet_boxt09gl/data/PhysioNet2022/training_data/85241_AV.wav,1.0,0.9434784
/tmp/backbone_swap_yamnet_boxt09gl/data/PhysioNet2022/training_data/85241_MV.wav,1.0,0.9613601
/tmp/backbone_swap_yamnet_boxt09gl/data/PhysioNet2022/training_data/85241_PV.wav,1.0,0.76342356
/tmp/backbone_swap_yamnet_boxt09gl/data/PhysioNet2022/training_data/85241_TV.wav,1.0,0.89358294
/tmp/backbone_swap_yamnet_boxt09gl/data/PhysioNet2022/training_data/85242_MV.wav,1.0,0.49406272
/tmp/backbone_swap_yamnet_boxt09gl/data/PhysioNet2022/training_data/85243_AV.wav,1.0,0.5585752
/tmp/backbone_swap_yamnet_boxt09gl/data/PhysioNet2022/training_data/85243_PV.wav,1.0,0.8750897
/tmp/backbone_swap_yamnet_boxt09gl/data/PhysioNet2022/training_data/85245_AV.wav,1.0,0.9856882
/tmp/backbone_swap_yamnet_boxt09gl/data/PhysioNet2022/training_data/85245_PV.wav,1.0,0.7047731
/tmp/backbone_swap_yamnet_boxt09gl/data/PhysioNet2022/training_data/85245_TV.wav,1.0,0.98368776
/tmp/backbone_swap_yamnet_boxt09gl/data/PhysioNet2022/training_data/85246_AV.wav,1.0,0.43778336
/tmp/backbone_swap_yamnet_boxt09gl/data/PhysioNet2022/training_data/85246_MV.wav,1.0,0.8291521
/tmp/backbone_swap_yamnet_boxt09gl/data/PhysioNet2022/training_data/85246_PV.wav,1.0,0.9294602
/tmp/backbone_swap_yamnet_boxt09gl/data/PhysioNet2022/training_data/85246_TV.wav,1.0,0.40298444
/tmp/backbone_swap_yamnet_boxt09gl/data/PhysioNet2022/training_data/85249_AV.wav,1.0,0.3410293
/tmp/backbone_swap_yamnet_boxt09gl/data/PhysioNet2022/training_data/85249_MV.wav,1.0,0.9805997
/tmp/backbone_swap_yamnet_boxt09gl/data/PhysioNet2022/training_data/85249_PV.wav,1.0,0.63184404
/tmp/backbone_swap_yamnet_boxt09gl/data/PhysioNet2022/training_data/85249_TV.wav,1.0,0.47903597
/tmp/backbone_swap_yamnet_boxt09gl/data/PhysioNet2022/training_data/85261_AV.wav,1.0,0.70835096
/tmp/backbone_swap_yamnet_boxt09gl/data/PhysioNet2022/training_data/85261_MV.wav,1.0,0.7593113
/tmp/backbone_swap_yamnet_boxt09gl/data/PhysioNet2022/training_data/85261_PV.wav,1.0,0.76727384
/tmp/backbone_swap_yamnet_boxt09gl/data/PhysioNet2022/training_data/85261_TV.wav,1.0,0.7843464
/tmp/backbone_swap_yamnet_boxt09gl/data/PhysioNet2022/training_data/85262_AV.wav,1.0,0.9482322
/tmp/backbone_swap_yamnet_boxt09gl/data/PhysioNet2022/training_data/85262_MV.wav,1.0,0.9154142
/tmp/backbone_swap_yamnet_boxt09gl/data/PhysioNet2022/training_data/85262_PV.wav,1.0,0.881757
/tmp/backbone_swap_yamnet_boxt09gl/data/PhysioNet2022/training_data/85262_TV.wav,1.0,0.8277658
/tmp/backbone_swap_yamnet_boxt09gl/data/PhysioNet2022/training_data/85265_AV.wav,1.0,0.7557798
/tmp/backbone_swap_yamnet_boxt09gl/data/PhysioNet2022/training_data/85265_MV.wav,1.0,0.92671126
/tmp/backbone_swap_yamnet_boxt09gl/data/PhysioNet2022/training_data/85265_PV.wav,1.0,0.8041334
/tmp/backbone_swap_yamnet_boxt09gl/data/PhysioNet2022/training_data/85265_TV.wav,1.0,0.5550741
/tmp/backbone_swap_yamnet_boxt09gl/data/PhysioNet2022/training_data/85270_AV.wav,1.0,0.6313109
/tmp/backbone_swap_yamnet_boxt09gl/data/PhysioNet2022/training_data/85270_MV.wav,1.0,0.9644833
/tmp/backbone_swap_yamnet_boxt09gl/data/PhysioNet2022/training_data/85270_PV.wav,1.0,0.75090706
/tmp/backbone_swap_yamnet_boxt09gl/data/PhysioNet2022/training_data/85270_TV.wav,1.0,0.26997957
/tmp/backbone_swap_yamnet_boxt09gl/data/PhysioNet2022/training_data/85279_AV.wav,1.0,0.5587988
/tmp/backbone_swap_yamnet_boxt09gl/data/PhysioNet2022/training_data/85279_MV.wav,1.0,0.78985876
/tmp/backbone_swap_yamnet_boxt09gl/data/PhysioNet2022/training_data/85279_PV.wav,1.0,0.9226038
/tmp/backbone_swap_yamnet_boxt09gl/data/PhysioNet2022/training_data/85279_TV.wav,1.0,0.86665547
/tmp/backbone_swap_yamnet_boxt09gl/data/PhysioNet2022/training_data/85286_AV.wav,1.0,0.88260484
/tmp/backbone_swap_yamnet_boxt09gl/data/PhysioNet2022/training_data/85286_MV.wav,1.0,0.89697576
/tmp/backbone_swap_yamnet_boxt09gl/data/PhysioNet2022/training_data/85286_PV.wav,1.0,0.23749934
/tmp/backbone_swap_yamnet_boxt09gl/data/PhysioNet2022/training_data/85286_TV.wav,1.0,0.37348503
/tmp/backbone_swap_yamnet_boxt09gl/data/PhysioNet2022/training_data/85287_MV.wav,1.0,0.9595435
/tmp/backbone_swap_yamnet_boxt09gl/data/PhysioNet2022/training_data/85287_PV.wav,1.0,0.71030813
/tmp/backbone_swap_yamnet_boxt09gl/data/PhysioNet2022/training_data/85287_TV.wav,1.0,0.8863125
/tmp/backbone_swap_yamnet_boxt09gl/data/PhysioNet2022/training_data/85288_AV.wav,1.0,0.7733068
/tmp/backbone_swap_yamnet_boxt09gl/data/PhysioNet2022/training_data/85288_MV.wav,1.0,0.9554586
/tmp/backbone_swap_yamnet_boxt09gl/data/PhysioNet2022/training_data/85288_PV.wav,1.0,0.8258098
/tmp/backbone_swap_yamnet_boxt09gl/data/PhysioNet2022/training_data/85288_TV.wav,1.0,0.9612805
/tmp/backbone_swap_yamnet_boxt09gl/data/PhysioNet2022/training_data/85313_MV.wav,1.0,0.79283834
/tmp/backbone_swap_yamnet_boxt09gl/data/PhysioNet2022/training_data/85313_PV.wav,1.0,0.5963173
/tmp/backbone_swap_yamnet_boxt09gl/data/PhysioNet2022/training_data/85313_TV.wav,1.0,0.8875361
/tmp/backbone_swap_yamnet_boxt09gl/data/PhysioNet2022/training_data/85315_AV.wav,1.0,0.87077427
/tmp/backbone_swap_yamnet_boxt09gl/data/PhysioNet2022/training_data/85315_MV.wav,1.0,0.84498894
/tmp/backbone_swap_yamnet_boxt09gl/data/PhysioNet2022/training_data/85315_PV.wav,1.0,0.9182727
/tmp/backbone_swap_yamnet_boxt09gl/data/PhysioNet2022/training_data/85315_TV.wav,1.0,0.63469356
/tmp/backbone_swap_yamnet_boxt09gl/data/PhysioNet2022/training_data/85319_AV.wav,1.0,0.8536922
/tmp/backbone_swap_yamnet_boxt09gl/data/PhysioNet2022/training_data/85319_MV.wav,1.0,0.9602608
/tmp/backbone_swap_yamnet_boxt09gl/data/PhysioNet2022/training_data/85319_PV.wav,1.0,0.6642082
/tmp/backbone_swap_yamnet_boxt09gl/data/PhysioNet2022/training_data/85319_TV.wav,1.0,0.98274636
/tmp/backbone_swap_yamnet_boxt09gl/data/PhysioNet2022/training_data/85321_PV.wav,1.0,0.94692415
/tmp/backbone_swap_yamnet_boxt09gl/data/PhysioNet2022/training_data/85321_TV.wav,1.0,0.9242409
/tmp/backbone_swap_yamnet_boxt09gl/data/PhysioNet2022/training_data/85331_AV.wav,1.0,0.8086221
/tmp/backbone_swap_yamnet_boxt09gl/data/PhysioNet2022/training_data/85331_MV.wav,1.0,0.9633105
/tmp/backbone_swap_yamnet_boxt09gl/data/PhysioNet2022/training_data/85331_PV.wav,1.0,0.5795238
/tmp/backbone_swap_yamnet_boxt09gl/data/PhysioNet2022/training_data/85331_TV.wav,1.0,0.97473097
/tmp/backbone_swap_yamnet_boxt09gl/data/PhysioNet2022/training_data/85336_AV.wav,1.0,0.9513339
/tmp/backbone_swap_yamnet_boxt09gl/data/PhysioNet2022/training_data/85336_MV.wav,1.0,0.7865532
/tmp/backbone_swap_yamnet_boxt09gl/data/PhysioNet2022/training_data/85338_AV.wav,1.0,0.5854755
/tmp/backbone_swap_yamnet_boxt09gl/data/PhysioNet2022/training_data/85338_MV.wav,1.0,0.87008095
/tmp/backbone_swap_yamnet_boxt09gl/data/PhysioNet2022/training_data/85338_PV.wav,1.0,0.8899687
/tmp/backbone_swap_yamnet_boxt09gl/data/PhysioNet2022/training_data/85338_TV.wav,1.0,0.64420635
/tmp/backbone_swap_yamnet_boxt09gl/data/PhysioNet2022/training_data/85341_AV.wav,1.0,0.9200524
/tmp/backbone_swap_yamnet_boxt09gl/data/PhysioNet2022/training_data/85341_MV.wav,1.0,0.9059051
/tmp/backbone_swap_yamnet_boxt09gl/data/PhysioNet2022/training_data/85341_PV.wav,1.0,0.9609941
/tmp/backbone_swap_yamnet_boxt09gl/data/PhysioNet2022/training_data/85341_TV.wav,1.0,0.9819848
/tmp/backbone_swap_yamnet_boxt09gl/data/PhysioNet2022/training_data/85343_AV.wav,1.0,0.9866513
/tmp/backbone_swap_yamnet_boxt09gl/data/PhysioNet2022/training_data/85343_MV.wav,1.0,0.9957047
/tmp/backbone_swap_yamnet_boxt09gl/data/PhysioNet2022/training_data/85343_PV.wav,1.0,0.8136987
/tmp/backbone_swap_yamnet_boxt09gl/data/PhysioNet2022/training_data/85343_TV.wav,1.0,0.9868068
noise,0.0,0.24693637
noise,0.0,0.1719169
noise,0.0,0.43274778
noise,0.0,0.37498635
noise,0.0,0.3666142
noise,0.0,0.30302936
noise,0.0,0.5466092
noise,0.0,0.19136085
noise,0.0,0.20444354
noise,0.0,0.56013083
noise,0.0,0.14740708
noise,0.0,0.37337995
noise,0.0,0.5744831
noise,0.0,0.49158522
noise,0.0,0.31937855
noise,0.0,0.2853918
noise,0.0,0.25563005
noise,0.0,0.20764342
noise,0.0,0.15056096
noise,0.0,0.29693756
noise,0.0,0.27242154
noise,0.0,0.3342233
noise,0.0,0.2557711
noise,0.0,0.14513075
noise,0.0,0.24481061
noise,0.0,0.31084892
noise,0.0,0.24865514
noise,0.0,0.2497317
noise,0.0,0.3277711
noise,0.0,0.15622532
noise,0.0,0.14939807
noise,0.0,0.34140784
noise,0.0,0.30437762
noise,0.0,0.29101667
noise,0.0,0.60277456
noise,0.0,0.39694217
noise,0.0,0.08852495
noise,0.0,0.5292819
noise,0.0,0.36110327
noise,0.0,0.3572255
noise,0.0,0.48380306
noise,0.0,0.24269463
noise,0.0,0.1919257
noise,0.0,0.7623472
noise,0.0,0.22792976
noise,0.0,0.3934667
noise,0.0,0.12831609
noise,0.0,0.17012227
noise,0.0,0.24399695
noise,0.0,0.17589808
noise,0.0,0.49337578
noise,0.0,0.50147486
noise,0.0,0.6248202
noise,0.0,0.4638811
noise,0.0,0.42926618
noise,0.0,0.30350986
noise,0.0,0.11222254
noise,0.0,0.22175382
noise,0.0,0.16485034
noise,0.0,0.49158522
noise,0.0,0.16795513
noise,0.0,0.18806224
noise,0.0,0.2616768
noise,0.0,0.37725055
noise,0.0,0.6408702
noise,0.0,0.18849942
noise,0.0,0.2063528
noise,0.0,0.15455803
noise,0.0,0.26722094
noise,0.0,0.16448365
noise,0.0,0.26247844
noise,0.0,0.2816905
noise,0.0,0.13205267
noise,0.0,0.22296146
noise,0.0,0.53649515
noise,0.0,0.14338809
noise,0.0,0.14622816
noise,0.0,0.15308505
noise,0.0,0.3343123
noise,0.0,0.2631872
noise,0.0,0.34264794
noise,0.0,0.25787902
noise,0.0,0.3602342
noise,0.0,0.37562442
noise,0.0,0.20256248
noise,0.0,0.24715678
noise,0.0,0.34010208
noise,0.0,0.3955183
noise,0.0,0.43591636
noise,0.0,0.19457923
noise,0.0,0.2528165
noise,0.0,0.10821957
noise,0.0,0.19009942
noise,0.0,0.40110457
noise,0.0,0.058091052
noise,0.0,0.26776758
noise,0.0,0.18415235
noise,0.0,0.18208022
noise,0.0,0.11101291
noise,0.0,0.34944105
noise,0.0,0.3247949
noise,0.0,0.21661852
noise,0.0,0.3433572
noise,0.0,0.19374125
noise,0.0,0.5885049
noise,0.0,0.16504627
noise,0.0,0.21803334
noise,0.0,0.20109834
noise,0.0,0.3391551
noise,0.0,0.90416193
noise,0.0,0.33194587
noise,0.0,0.64903116
noise,0.0,0.15841459
noise,0.0,0.24956624
noise,0.0,0.31609243
noise,0.0,0.37254953
noise,0.0,0.33967862
noise,0.0,0.19165942
noise,0.0,0.8121147
noise,0.0,0.18085226
noise,0.0,0.29059184
noise,0.0,0.4495867
noise,0.0,0.2626299
noise,0.0,0.47632223
noise,0.0,0.24760951
noise,0.0,0.61200786
noise,0.0,0.21252598
noise,0.0,0.16363803
noise,0.0,0.2682285
noise,0.0,0.34383923
noise,0.0,0.64405507
noise,0.0,0.16563185
noise,0.0,0.28796196
noise,0.0,0.48751098
noise,0.0,0.77353376
noise,0.0,0.15212187
noise,0.0,0.2795721
noise,0.0,0.39355236
noise,0.0,0.20888032
noise,0.0,0.5830364
noise,0.0,0.21247487
noise,0.0,0.39608344
noise,0.0,0.1806177
noise,0.0,0.3034829
noise,0.0,0.1700103
noise,0.0,0.3879248
noise,0.0,0.2313481
noise,0.0,0.26309657
noise,0.0,0.2981924
noise,0.0,0.251839
noise,0.0,0.8137839
noise,0.0,0.35152057
noise,0.0,0.23105879
noise,0.0,0.71040463
noise,0.0,0.24828383
noise,0.0,0.21985403
noise,0.0,0.13749737
noise,0.0,0.29712543
noise,0.0,0.060572047
noise,0.0,0.5534047
noise,0.0,0.42960975
noise,0.0,0.43320924
noise,0.0,0.7620182
noise,0.0,0.16910894
noise,0.0,0.4049388
noise,0.0,0.5453186
noise,0.0,0.25922403
noise,0.0,0.27310365
noise,0.0,0.64903116
noise,0.0,0.8480089
noise,0.0,0.20534709
noise,0.0,0.2375404
noise,0.0,0.4685482
noise,0.0,0.32716528
noise,0.0,0.25862345
noise,0.0,0.3048861
noise,0.0,0.36378464
noise,0.0,0.24655889
noise,0.0,0.089314856
noise,0.0,0.27355
noise,0.0,0.21702531
noise,0.0,0.3058598
noise,0.0,0.41915002
noise,0.0,0.22106192
noise,0.0,0.3527699
noise,0.0,0.27819556
noise,0.0,0.3213302
noise,0.0,0.23067376
noise,0.0,0.32495126
noise,0.0,0.18427235
noise,0.0,0.22385885
noise,0.0,0.18854265
noise,0.0,0.27709436
noise,0.0,0.19309661
noise,0.0,0.21508929
noise,0.0,0.21716374
noise,0.0,0.24990562
noise,0.0,0.32619134
noise,0.0,0.17661312
noise,0.0,0.40365827
noise,0.0,0.2253448
noise,0.0,0.25793326
noise,0.0,0.19308113
noise,0.0,0.28739658
noise,0.0,0.2405131
noise,0.0,0.22622867
noise,0.0,0.23334934
noise,0.0,0.15978916
noise,0.0,0.3170776
noise,0.0,0.26668277
noise,0.0,0.19936843
noise,0.0,0.3133792
noise,0.0,0.32619992
noise,0.0,0.31668058
noise,0.0,0.39464554
noise,0.0,0.25031397
noise,0.0,0.22573784
noise,0.0,0.6503551
noise,0.0,0.72580916
noise,0.0,0.33613005
noise,0.0,0.14423601
noise,0.0,0.2709877
noise,0.0,0.39929363
noise,0.0,0.3204245
noise,0.0,0.38561875
noise,0.0,0.2114088
noise,0.0,0.25015867
noise,0.0,0.15698056
noise,0.0,0.82018846
noise,0.0,0.18821742
noise,0.0,0.1860999
noise,0.0,0.25103858
noise,0.0,0.16702618
noise,0.0,0.3325133
noise,0.0,0.42101553
noise,0.0,0.21455829
noise,0.0,0.16725448
noise,0.0,0.30540955
noise,0.0,0.19542682
noise,0.0,0.40275475
noise,0.0,0.19539309
noise,0.0,0.26597688
noise,0.0,0.22912772
noise,0.0,0.17053139
noise,0.0,0.2940695
noise,0.0,0.22404695
noise,0.0,0.21744809
noise,0.0,0.20005499
noise,0.0,0.15010455
noise,0.0,0.20999344
noise,0.0,0.4314498
noise,0.0,0.15823343
noise,0.0,0.21277922
noise,0.0,0.33801046
noise,0.0,0.33554366
noise,0.0,0.29011062
noise,0.0,0.26985043
noise,0.0,0.30913296
noise,0.0,0.21531329
noise,0.0,0.2534627
noise,0.0,0.19411251
noise,0.0,0.84423536
noise,0.0,0.8100881
noise,0.0,0.24287865
noise,0.0,0.34029675
noise,0.0,0.20518196
noise,0.0,0.20490779
noise,0.0,0.23015893
noise,0.0,0.30529395
noise,0.0,0.5236371
noise,0.0,0.5128042
noise,0.0,0.33248702
noise,0.0,0.27967277
noise,0.0,0.23754217
noise,0.0,0.29740062
noise,0.0,0.49282193
noise,0.0,0.5665729
noise,0.0,0.08694461
noise,0.0,0.24014965
noise,0.0,0.42691603
noise,0.0,0.33740014
noise,0.0,0.17706993
noise,0.0,0.4974622
noise,0.0,0.37607646
noise,0.0,0.36712807
noise,0.0,0.37972334
noise,0.0,0.20666654
noise,0.0,0.26882854
noise,0.0,0.1670791
noise,0.0,0.29969665
noise,0.0,0.77217907
noise,0.0,0.21015833
noise,0.0,0.39879817
noise,0.0,0.19974628
noise,0.0,0.21417345
noise,0.0,0.10905248
noise,0.0,0.24806353
noise,0.0,0.34537196
noise,0.0,0.17819498
noise,0.0,0.2796251
noise,0.0,0.24536589
noise,0.0,0.19795789
noise,0.0,0.329536
noise,0.0,0.26277992
noise,0.0,0.36613274
noise,0.0,0.29331705
noise,0.0,0.5580973
noise,0.0,0.2184732
noise,0.0,0.4122637
noise,0.0,0.22436436
noise,0.0,0.20163317
noise,0.0,0.22364831
noise,0.0,0.20938136
noise,0.0,0.2681232
noise,0.0,0.30573353
noise,0.0,0.66106457
noise,0.0,0.21626571
noise,0.0,0.13126807
noise,0.0,0.2517512
noise,0.0,0.24949807
noise,0.0,0.38181895
noise,0.0,0.26828262
noise,0.0,0.19774076
noise,0.0,0.5926005
noise,0.0,0.24824819
noise,0.0,0.563351
noise,0.0,0.43459317
noise,0.0,0.76495206
noise,0.0,0.13805358
noise,0.0,0.46717837
noise,0.0,0.4514183
noise,0.0,0.293335
noise,0.0,0.30653343
noise,0.0,0.2571064
noise,0.0,0.24257255
noise,0.0,0.1597579
noise,0.0,0.1982384
noise,0.0,0.25553897
noise,0.0,0.37439987
noise,0.0,0.6163197
noise,0.0,0.63059515
noise,0.0,0.29918715
noise,0.0,0.2480344
noise,0.0,0.5493753
noise,0.0,0.30053985
noise,0.0,0.59526783
noise,0.0,0.23951598
noise,0.0,0.19367434
noise,0.0,0.6619244
noise,0.0,0.35683218
noise,0.0,0.14566186
noise,0.0,0.38267604
noise,0.0,0.22821246
noise,0.0,0.24078056
noise,0.0,0.10193163
noise,0.0,0.39089134
noise,0.0,0.73178446
noise,0.0,0.4072147
noise,0.0,0.2694396
noise,0.0,0.32027167
noise,0.0,0.25117865
noise,0.0,0.19694497
noise,0.0,0.21739544
noise,0.0,0.16566096
noise,0.0,0.23591349
noise,0.0,0.35482597
noise,0.0,0.13081707
noise,0.0,0.21050715
noise,0.0,0.374736
noise,0.0,0.28503063
noise,0.0,0.38038054
noise,0.0,0.06734148
noise,0.0,0.17892556
noise,0.0,0.28032836
noise,0.0,0.4451463
noise,0.0,0.2490056
noise,0.0,0.24794757
noise,0.0,0.24148187
noise,0.0,0.2936164
noise,0.0,0.26111564
noise,0.0,0.28333068
noise,0.0,0.20926897
noise,0.0,0.46585292
noise,0.0,0.46395722
noise,0.0,0.8754589
noise,0.0,0.3048802
noise,0.0,0.26424167
noise,0.0,0.05384409
noise,0.0,0.11042933
noise,0.0,0.25334626
noise,0.0,0.3054919
noise,0.0,0.19483154
noise,0.0,0.19202095
noise,0.0,0.20395641
noise,0.0,0.43651643
noise,0.0,0.21862635
noise,0.0,0.10609799
noise,0.0,0.3183445
noise,0.0,0.21148789
noise,0.0,0.49755204
noise,0.0,0.25179312
noise,0.0,0.23298351
noise,0.0,0.37875724
noise,0.0,0.5097945
noise,0.0,0.17102072
noise,0.0,0.3191095
noise,0.0,0.3260998
noise,0.0,0.31955254
noise,0.0,0.4579239
noise,0.0,0.16904114
noise,0.0,0.32246608
noise,0.0,0.19858262
noise,0.0,0.20840599
noise,0.0,0.22484724
noise,0.0,0.32973105
noise,0.0,0.19636628
noise,0.0,0.24794109
noise,0.0,0.12917659
noise,0.0,0.50876737
noise,0.0,0.16016081
noise,0.0,0.19214655
noise,0.0,0.13167955
noise,0.0,0.41956776
noise,0.0,0.25569904
noise,0.0,0.21456449
noise,0.0,0.22520137
noise,0.0,0.4582088
noise,0.0,0.76662534
noise,0.0,0.21223994
noise,0.0,0.35790262
noise,0.0,0.20151757
noise,0.0,0.4448552
noise,0.0,0.16852117
noise,0.0,0.3170049
noise,0.0,0.27246842
noise,0.0,0.27120647
noise,0.0,0.25153226
noise,0.0,0.21396013
noise,0.0,0.2934561
noise,0.0,0.19472532
noise,0.0,0.86765873
noise,0.0,0.32483733
noise,0.0,0.7388981
noise,0.0,0.14883125
noise,0.0,0.24590167
noise,0.0,0.28333497
noise,0.0,0.20657863
noise,0.0,0.14577644
noise,0.0,0.20048745
noise,0.0,0.26873943
noise,0.0,0.29058653
noise,0.0,0.20144811
noise,0.0,0.3022475
noise,0.0,0.2957137
noise,0.0,0.37866047
noise,0.0,0.58079356
noise,0.0,0.2616768
noise,0.0,0.3181558
noise,0.0,0.18054119
noise,0.0,0.2163553
noise,0.0,0.091139905
noise,0.0,0.21814336
noise,0.0,0.65559846
noise,0.0,0.16489162
noise,0.0,0.16888408
noise,0.0,0.13752207
noise,0.0,0.2530261
noise,0.0,0.32412472
noise,0.0,0.22792782
noise,0.0,0.22610182
noise,0.0,0.2652386
noise,0.0,0.26968402
noise,0.0,0.13099504
noise,0.0,0.54482955
noise,0.0,0.21419185
noise,0.0,0.29721752
noise,0.0,0.2440031
noise,0.0,0.46120578
noise,0.0,0.106054254
noise,0.0,0.21818712
noise,0.0,0.29245332
noise,0.0,0.6708779
noise,0.0,0.217091
noise,0.0,0.4999479
noise,0.0,0.3081918
noise,0.0,0.36919397
noise,0.0,0.4383904
noise,0.0,0.1118927
noise,0.0,0.2731232
noise,0.0,0.25151294
noise,0.0,0.21428113
noise,0.0,0.33025226
noise,0.0,0.7039588
noise,0.0,0.30696875
noise,0.0,0.19615896
noise,0.0,0.64916605
noise,0.0,0.25226048
noise,0.0,0.3491195
noise,0.0,0.50111836
noise,0.0,0.24997121
noise,0.0,0.21177344
noise,0.0,0.30405194
noise,0.0,0.23042943
noise,0.0,0.7179651
noise,0.0,0.39743236
noise,0.0,0.22115605
noise,0.0,0.28299728
noise,0.0,0.18548433
noise,0.0,0.27038395
noise,0.0,0.29220897
noise,0.0,0.50761205
noise,0.0,0.52260375
noise,0.0,0.1845903
noise,0.0,0.523043
noise,0.0,0.6070082
noise,0.0,0.22587639
noise,0.0,0.15035792
noise,0.0,0.23218885
noise,0.0,0.4928975
noise,0.0,0.23598444
noise,0.0,0.41244432
noise,0.0,0.20667355
noise,0.0,0.20085956
noise,0.0,0.32462043
noise,0.0,0.3375366
noise,0.0,0.3057446
noise,0.0,0.18832043
noise,0.0,0.30792305
noise,0.0,0.39639464
noise,0.0,0.40550143
noise,0.0,0.31629795
noise,0.0,0.435484
noise,0.0,0.3192049
noise,0.0,0.41299042
noise,0.0,0.17217654
noise,0.0,0.3027217
noise,0.0,0.7623472
noise,0.0,0.62772423
noise,0.0,0.1735325
noise,0.0,0.24717198
noise,0.0,0.44287094
noise,0.0,0.367373
noise,0.0,0.36181825
noise,0.0,0.23877141
noise,0.0,0.5823498
noise,0.0,0.2368153
noise,0.0,0.31507558
noise,0.0,0.23076686
noise,0.0,0.195993
noise,0.0,0.24432638
noise,0.0,0.563639
noise,0.0,0.49264735
noise,0.0,0.18315156
noise,0.0,0.42163733
noise,0.0,0.17284733
noise,0.0,0.20016901
noise,0.0,0.50144446
noise,0.0,0.29282972
noise,0.0,0.43661767
noise,0.0,0.08028615
noise,0.0,0.40851712
noise,0.0,0.55916446
noise,0.0,0.24462794
noise,0.0,0.30032423
noise,0.0,0.17926688
noise,0.0,0.26363176
noise,0.0,0.7910225
noise,0.0,0.26803446
noise,0.0,0.20547171
noise,0.0,0.21488553
noise,0.0,0.40559483
noise,0.0,0.09622164
noise,0.0,0.66541904
noise,0.0,0.14180563
noise,0.0,0.37866047
noise,0.0,0.29572654
noise,0.0,0.13894238
noise,0.0,0.25224617
noise,0.0,0.52238536
noise,0.0,0.6186696
noise,0.0,0.294874
noise,0.0,0.19288978
noise,0.0,0.8001215
noise,0.0,0.5527217
noise,0.0,0.1738341
noise,0.0,0.3635084
noise,0.0,0.26600406
noise,0.0,0.30778036
noise,0.0,0.30026808
noise,0.0,0.34365842
noise,0.0,0.32691604
noise,0.0,0.2593646
noise,0.0,0.29912367
noise,0.0,0.6382404
noise,0.0,0.51885396
noise,0.0,0.18954474
noise,0.0,0.21737479
noise,0.0,0.35173228
noise,0.0,0.16474512
noise,0.0,0.56531
noise,0.0,0.19492811
noise,0.0,0.13252719
noise,0.0,0.2544365
noise,0.0,0.3410444
noise,0.0,0.2688389
noise,0.0,0.25220275
noise,0.0,0.2519278
noise,0.0,0.24143256
noise,0.0,0.2253271
noise,0.0,0.22615585
noise,0.0,0.22994296
noise,0.0,0.2612205
noise,0.0,0.22466056
noise,0.0,0.21245326
noise,0.0,0.31366533
noise,0.0,0.1974845
noise,0.0,0.3609565
noise,0.0,0.13502383
noise,0.0,0.327045
noise,0.0,0.25321436
noise,0.0,0.23817286
noise,0.0,0.340519
noise,0.0,0.19547349
noise,0.0,0.45411843
noise,0.0,0.18825957
noise,0.0,0.66362286
noise,0.0,0.28842077
noise,0.0,0.2271042
noise,0.0,0.31593284
noise,0.0,0.28425342
noise,0.0,0.4467154
noise,0.0,0.16881843
noise,0.0,0.23948635
noise,0.0,0.13816656
noise,0.0,0.29246768
noise,0.0,0.33316755
noise,0.0,0.24690723
noise,0.0,0.7206687
noise,0.0,0.56086934
noise,0.0,0.3293004
noise,0.0,0.36641458
noise,0.0,0.8505128
noise,0.0,0.15986048
noise,0.0,0.27582788
noise,0.0,0.28268534
noise,0.0,0.24349234
noise,0.0,0.23947123
noise,0.0,0.838502
noise,0.0,0.24422514
noise,0.0,0.19649279
noise,0.0,0.13128749
noise,0.0,0.22618161
noise,0.0,0.36837545
noise,0.0,0.28881922
noise,0.0,0.38054964
noise,0.0,0.13978298
noise,0.0,0.12878765
noise,0.0,0.07035294
noise,0.0,0.32286555
noise,0.0,0.16813585
noise,0.0,0.21024829
noise,0.0,0.27742103
noise,0.0,0.3726574
noise,0.0,0.3379606
noise,0.0,0.47612175
noise,0.0,0.14718659
noise,0.0,0.35803065
noise,0.0,0.3522614
noise,0.0,0.2590026
noise,0.0,0.36209595
noise,0.0,0.23202907
noise,0.0,0.24474196
noise,0.0,0.26754257
noise,0.0,0.182128
noise,0.0,0.21726075
noise,0.0,0.4179402
noise,0.0,0.19198067
noise,0.0,0.3255833
noise,0.0,0.50864816
noise,0.0,0.14686553
noise,0.0,0.27883887
noise,0.0,0.18792321
noise,0.0,0.39496857
noise,0.0,0.37120283
noise,0.0,0.20485437
noise,0.0,0.3613382
noise,0.0,0.17010252
noise,0.0,0.14759114
noise,0.0,0.27801067
noise,0.0,0.20503387
noise,0.0,0.19289194
noise,0.0,0.15141144
noise,0.0,0.19541323
noise,0.0,0.25815606
noise,0.0,0.32186702
noise,0.0,0.1773354
noise,0.0,0.28186935
noise,0.0,0.17075469
noise,0.0,0.28715006
noise,0.0,0.2619505
noise,0.0,0.24665563
noise,0.0,0.20071793
noise,0.0,0.2245363
noise,0.0,0.041486073
noise,0.0,0.23628931
noise,0.0,0.37822253
noise,0.0,0.6694877
noise,0.0,0.7424711
noise,0.0,0.17414595
noise,0.0,0.2662386
noise,0.0,0.3415517
noise,0.0,0.21446359
noise,0.0,0.1834573
noise,0.0,0.35877737
noise,0.0,0.1657735
noise,0.0,0.29174647
noise,0.0,0.13658057
noise,0.0,0.25883502
noise,0.0,0.42057294
noise,0.0,0.4509759
noise,0.0,0.14309284
noise,0.0,0.4493714
noise,0.0,0.18655781
noise,0.0,0.26905286
noise,0.0,0.14619002
noise,0.0,0.34511697
noise,0.0,0.35692585
noise,0.0,0.4852169
noise,0.0,0.67347586
noise,0.0,0.2555913
noise,0.0,0.37286752
noise,0.0,0.17741172
noise,0.0,0.23736247
noise,0.0,0.22254987
noise,0.0,0.49422643
noise,0.0,0.1267921
noise,0.0,0.4259665
noise,0.0,0.6286805
noise,0.0,0.199234
noise,0.0,0.28049427
noise,0.0,0.5677246
noise,0.0,0.35009193
noise,0.0,0.26188508
noise,0.0,0.14217652
noise,0.0,0.23877141
noise,0.0,0.17875683
noise,0.0,0.28238374
noise,0.0,0.38868484
noise,0.0,0.28427106
noise,0.0,0.34240854
noise,0.0,0.1848538
noise,0.0,0.10594745
noise,0.0,0.40862778
noise,0.0,0.3394706
noise,0.0,0.20222484
noise,0.0,0.12071115
noise,0.0,0.26344126
noise,0.0,0.16361219
noise,0.0,0.45720035
noise,0.0,0.16041462
noise,0.0,0.26524898
noise,0.0,0.19541323
noise,0.0,0.19433609
noise,0.0,0.35067979
noise,0.0,0.25651437
noise,0.0,0.2689471
noise,0.0,0.4736677
noise,0.0,0.18822628
noise,0.0,0.6452961
noise,0.0,0.34055337
noise,0.0,0.86957884
noise,0.0,0.21678518
noise,0.0,0.39680764
noise,0.0,0.23015736
noise,0.0,0.2817256
noise,0.0,0.40011352
noise,0.0,0.3416643
noise,0.0,0.12798344
noise,0.0,0.33573472
noise,0.0,0.38488746
noise,0.0,0.28871495
noise,0.0,0.7621314
noise,0.0,0.39994997
noise,0.0,0.19178677
noise,0.0,0.16895723
noise,0.0,0.1874666
noise,0.0,0.20053491
noise,0.0,0.1988415
noise,0.0,0.33311832
noise,0.0,0.27564722
noise,0.0,0.31541678
noise,0.0,0.20416403
noise,0.0,0.33184096
noise,0.0,0.2647421
noise,0.0,0.21224712
noise,0.0,0.307079
noise,0.0,0.236371
noise,0.0,0.13758548
noise,0.0,0.23052242
noise,0.0,0.1095416
noise,0.0,0.22204114
noise,0.0,0.26750728
noise,0.0,0.2561483
noise,0.0,0.27012986
noise,0.0,0.14346163
noise,0.0,0.22295086
noise,0.0,0.18878171
noise,0.0,0.21521926
noise,0.0,0.148721
noise,0.0,0.28328618
noise,0.0,0.25147274
noise,0.0,0.8326913
noise,0.0,0.1957892
noise,0.0,0.57907695
noise,0.0,0.28305265
noise,0.0,0.4184507
noise,0.0,0.23671381
noise,0.0,0.21517065
noise,0.0,0.17548089
noise,0.0,0.2108969
noise,0.0,0.14156057
noise,0.0,0.1784476
noise,0.0,0.464513
noise,0.0,0.27427122
noise,0.0,0.18727757
noise,0.0,0.60479796
noise,0.0,0.50650996
noise,0.0,0.2562936
noise,0.0,0.33325684
noise,0.0,0.2885698
noise,0.0,0.23876394
noise,0.0,0.4499123
noise,0.0,0.32504603
noise,0.0,0.20559959
noise,0.0,0.30180842
noise,0.0,0.3170267
noise,0.0,0.2769755
noise,0.0,0.5611589
noise,0.0,0.464359
noise,0.0,0.3024872
noise,0.0,0.26345664
noise,0.0,0.27791882
noise,0.0,0.30484784
noise,0.0,0.24061213
noise,0.0,0.6141835
noise,0.0,0.19951202
noise,0.0,0.4286379
noise,0.0,0.24571946
noise,0.0,0.31269702
noise,0.0,0.16637766
noise,0.0,0.1259617
noise,0.0,0.9523664
noise,0.0,0.307435
noise,0.0,0.28522548
noise,0.0,0.24917631
noise,0.0,0.31350043
noise,0.0,0.2110605
noise,0.0,0.29141992
noise,0.0,0.5091401
noise,0.0,0.61752653
noise,0.0,0.41560483
noise,0.0,0.17357934
noise,0.0,0.123369314
noise,0.0,0.22165613
noise,0.0,0.4341815
noise,0.0,0.16721092
noise,0.0,0.27233794
noise,0.0,0.413996
noise,0.0,0.31944397
noise,0.0,0.3044726
noise,0.0,0.16379897
noise,0.0,0.36346242
noise,0.0,0.27024043
noise,0.0,0.30867755
noise,0.0,0.2804528
noise,0.0,0.3815579
noise,0.0,0.17194743
noise,0.0,0.49441537
noise,0.0,0.34235242
noise,0.0,0.17460181
noise,0.0,0.48133555
noise,0.0,0.45750633
noise,0.0,0.4765663
noise,0.0,0.324556
noise,0.0,0.75169617
noise,0.0,0.43868947
noise,0.0,0.20480923
noise,0.0,0.24422884
noise,0.0,0.3000174
noise,0.0,0.3387241
noise,0.0,0.3796122
noise,0.0,0.1950837
noise,0.0,0.3141502
noise,0.0,0.53720075
noise,0.0,0.17765436
noise,0.0,0.20621814
noise,0.0,0.22581616
noise,0.0,0.24639712
noise,0.0,0.270656
noise,0.0,0.32078722
noise,0.0,0.29691216
noise,0.0,0.24186881
noise,0.0,0.80049294
noise,0.0,0.3496209
noise,0.0,0.19050023
noise,0.0,0.21430716
noise,0.0,0.13070391
noise,0.0,0.37110838
noise,0.0,0.22147425
noise,0.0,0.36372295
noise,0.0,0.3680021
noise,0.0,0.51873106
noise,0.0,0.17508171
noise,0.0,0.31921595
noise,0.0,0.26068848
noise,0.0,0.33343345
noise,0.0,0.22279567
noise,0.0,0.74672735
noise,0.0,0.24118896
noise,0.0,0.29981756
noise,0.0,0.19652396
noise,0.0,0.5878885
noise,0.0,0.2049856
noise,0.0,0.4729005
noise,0.0,0.1624845
noise,0.0,0.20855825
noise,0.0,0.6831185
noise,0.0,0.22897767
noise,0.0,0.24571817
noise,0.0,0.28335664
noise,0.0,0.2508889
noise,0.0,0.21649559
noise,0.0,0.5209868
noise,0.0,0.24679345
noise,0.0,0.24647303
noise,0.0,0.1414307
noise,0.0,0.3668242
noise,0.0,0.20681405
noise,0.0,0.33580416
noise,0.0,0.25641316
noise,0.0,0.2829149
noise,0.0,0.1393423
noise,0.0,0.19043478
noise,0.0,0.2969267
noise,0.0,0.28324264
noise,0.0,0.40892327
noise,0.0,0.68392444
noise,0.0,0.43342295
noise,0.0,0.40791187
noise,0.0,0.90898883
noise,0.0,0.21885617
noise,0.0,0.34689954
noise,0.0,0.2427914
noise,0.0,0.34670556
noise,0.0,0.16468263
noise,0.0,0.40363437
noise,0.0,0.22619012
noise,0.0,0.3303862
noise,0.0,0.27788687
noise,0.0,0.23601472
noise,0.0,0.4670015
noise,0.0,0.19661903
noise,0.0,0.541027
noise,0.0,0.30567518
noise,0.0,0.2364164
noise,0.0,0.2702634
noise,0.0,0.12736748
noise,0.0,0.12593792
noise,0.0,0.4073086
noise,0.0,0.2597523
noise,0.0,0.3854885
noise,0.0,0.12893958
noise,0.0,0.26136684
noise,0.0,0.2531716
noise,0.0,0.2741121
noise,0.0,0.3454301
noise,0.0,0.30365714
noise,0.0,0.2622287
noise,0.0,0.31373084
noise,0.0,0.47888064
noise,0.0,0.15277164
noise,0.0,0.1985806
noise,0.0,0.22231376
noise,0.0,0.33211616
noise,0.0,0.33375052
noise,0.0,0.2711454
noise,0.0,0.2814861
noise,0.0,0.38246113
noise,0.0,0.22686811
noise,0.0,0.18304709
noise,0.0,0.12480825
noise,0.0,0.3138095
noise,0.0,0.4420429
noise,0.0,0.24317613
noise,0.0,0.14161439
noise,0.0,0.66697395
noise,0.0,0.35094798
noise,0.0,0.31612247
noise,0.0,0.40303603
noise,0.0,0.33086315
noise,0.0,0.20269635
noise,0.0,0.7435776
noise,0.0,0.2719905
noise,0.0,0.19871046
noise,0.0,0.23063436
noise,0.0,0.6277389
noise,0.0,0.320436
noise,0.0,0.27304098
noise,0.0,0.22432753
noise,0.0,0.5953142
noise,0.0,0.32778156
noise,0.0,0.21955217
noise,0.0,0.2917528
noise,0.0,0.16895105
noise,0.0,0.75802445
noise,0.0,0.86297405
noise,0.0,0.17419416
noise,0.0,0.4095173
noise,0.0,0.3037808
noise,0.0,0.15567853
noise,0.0,0.24809095
noise,0.0,0.24175638
noise,0.0,0.27288184
noise,0.0,0.2424428
noise,0.0,0.489863
noise,0.0,0.37053734
noise,0.0,0.28875706
noise,0.0,0.20914856
noise,0.0,0.18043095
noise,0.0,0.35070482
noise,0.0,0.79050374
noise,0.0,0.24393266
noise,0.0,0.1251368
noise,0.0,0.37337703
noise,0.0,0.39622787
noise,0.0,0.19900493
noise,0.0,0.30540922
noise,0.0,0.36255157
noise,0.0,0.7176385
noise,0.0,0.4871319
noise,0.0,0.20012298
noise,0.0,0.27864254
noise,0.0,0.19858314
noise,0.0,0.32705027
noise,0.0,0.32715815
noise,0.0,0.15499867
noise,0.0,0.18837757
noise,0.0,0.27301738
noise,0.0,0.33880174
noise,0.0,0.13705632
noise,0.0,0.4381544
noise,0.0,0.14958613
noise,0.0,0.23760426
noise,0.0,0.17120558
noise,0.0,0.14526263
noise,0.0,0.2569536
noise,0.0,0.6382057
