filename,y_true,probs
/tmp/unfreezing_ablation_full_bibkj0rz/data/PhysioNet2022/training_data/14241_AV.wav,1.0,0.15163648
/tmp/unfreezing_ablation_full_bibkj0rz/data/PhysioNet2022/training_data/14241_MV.wav,1.0,0.0086720325
/tmp/unfreezing_ablation_full_bibkj0rz/data/PhysioNet2022/training_data/14241_PV.wav,1.0,0.02959305
/tmp/unfreezing_ablation_full_bibkj0rz/data/PhysioNet2022/training_data/14241_TV.wav,1.0,0.046364132
/tmp/unfreezing_ablation_full_bibkj0rz/data/PhysioNet2022/training_data/24160_AV.wav,1.0,0.02729976
/tmp/unfreezing_ablation_full_bibkj0rz/data/PhysioNet2022/training_data/24160_MV.wav,1.0,0.14710052
/tmp/unfreezing_ablation_full_bibkj0rz/data/PhysioNet2022/training_data/24160_PV.wav,1.0,0.32389668
/tmp/unfreezing_ablation_full_bibkj0rz/data/PhysioNet2022/training_data/24160_TV.wav,1.0,0.014731471
/tmp/unfreezing_ablation_full_bibkj0rz/data/PhysioNet2022/training_data/31737_AV.wav,1.0,0.010552684
/tmp/unfreezing_ablation_full_bibkj0rz/data/PhysioNet2022/training_data/31737_MV.wav,1.0,0.33004948
/tmp/unfreezing_ablation_full_bibkj0rz/data/PhysioNet2022/training_data/31737_PV.wav,1.0,0.93677294
/tmp/unfreezing_ablation_full_bibkj0rz/data/PhysioNet2022/training_data/31737_TV.wav,1.0,0.039817613
/tmp/unfreezing_ablation_full_bibkj0rz/data/PhysioNet2022/training_data/39403_AV.wav,1.0,0.017278748
/tmp/unfreezing_ablation_full_bibkj0rz/data/PhysioNet2022/training_data/39403_MV.wav,1.0,0.012258555
/tmp/unfreezing_ablation_full_bibkj0rz/data/PhysioNet2022/training_data/39403_PV.wav,1.0,0.01238077
/tmp/unfreezing_ablation_full_bibkj0rz/data/PhysioNet2022/training_data/39403_TV.wav,1.0,0.009234305
/tmp/unfreezing_ablation_full_bibkj0rz/data/PhysioNet2022/training_data/39456_MV.wav,1.0,0.010161295
/tmp/unfreezing_ablation_full_bibkj0rz/data/PhysioNet2022/training_data/39456_PV.wav,1.0,0.026697218
/tmp/unfreezing_ablation_full_bibkj0rz/data/PhysioNet2022/training_data/39456_TV.wav,1.0,0.0075804186
/tmp/unfreezing_ablation_full_bibkj0rz/data/PhysioNet2022/training_data/45843_AV.wav,1.0,0.0079815015
/tmp/unfreezing_ablation_full_bibkj0rz/data/PhysioNet2022/training_data/45843_MV.wav,1.0,0.29969203
/tmp/unfreezing_ablation_full_bibkj0rz/data/PhysioNet2022/training_data/45843_PV.wav,1.0,0.055716563
/tmp/unfreezing_ablation_full_bibkj0rz/data/PhysioNet2022/training_data/45843_TV.wav,1.0,0.046862237
/tmp/unfreezing_ablation_full_bibkj0rz/data/PhysioNet2022/training_data/46065_AV.wav,1.0,0.00862269
/tmp/unfreezing_ablation_full_bibkj0rz/data/PhysioNet2022/training_data/46065_MV.wav,1.0,0.17027904
/tmp/unfreezing_ablation_full_bibkj0rz/data/PhysioNet2022/training_data/46065_PV.wav,1.0,0.010156817
/tmp/unfreezing_ablation_full_bibkj0rz/data/PhysioNet2022/training_data/46065_TV.wav,1.0,0.05859596
/tmp/unfreezing_ablation_full_bibkj0rz/data/PhysioNet2022/training_data/49561_AV.wav,1.0,0.0374387
/tmp/unfreezing_ablation_full_bibkj0rz/data/PhysioNet2022/training_data/49561_MV.wav,1.0,0.020322265
/tmp/unfreezing_ablation_full_bibkj0rz/data/PhysioNet2022/training_data/49561_PV.wav,1.0,0.004321049
/tmp/unfreezing_ablation_full_bibkj0rz/data/PhysioNet2022/training_data/49561_TV.wav,1.0,0.011680348
/tmp/unfreezing_ablation_full_bibkj0rz/data/PhysioNet2022/training_data/49577_AV.wav,1.0,0.068808876
/tmp/unfreezing_ablation_full_bibkj0rz/data/PhysioNet2022/training_data/49577_MV.wav,1.0,0.017199077
/tmp/unfreezing_ablation_full_bibkj0rz/data/PhysioNet2022/training_data/49577_PV.wav,1.0,0.031442776
/tmp/unfreezing_ablation_full_bibkj0rz/data/PhysioNet2022/training_data/49577_TV.wav,1.0,0.09272893
/tmp/unfreezing_ablation_full_bibkj0rz/data/PhysioNet2022/training_data/49595_AV.wav,1.0,0.28080562
/tmp/unfreezing_ablation_full_bibkj0rz/data/PhysioNet2022/training_data/49595_MV.wav,1.0,0.621501
/tmp/unfreezing_ablation_full_bibkj0rz/data/PhysioNet2022/training_data/49598_AV.wav,1.0,0.13355401
/tmp/unfreezing_ablation_full_bibkj0rz/data/PhysioNet2022/training_data/49598_MV.wav,1.0,0.061429247
/tmp/unfreezing_ablation_full_bibkj0rz/data/PhysioNet2022/training_data/49607_MV.wav,1.0,0.021018984
/tmp/unfreezing_ablation_full_bibkj0rz/data/PhysioNet2022/training_data/49627_AV.wav,1.0,0.49907488
/tmp/unfreezing_ablation_full_bibkj0rz/data/PhysioNet2022/training_data/49627_MV.wav,1.0,0.006416857
/tmp/unfreezing_ablation_full_bibkj0rz/data/PhysioNet2022/training_data/49627_PV.wav,1.0,0.012676338
/tmp/unfreezing_ablation_full_bibkj0rz/data/PhysioNet2022/training_data/49627_TV.wav,1.0,0.009849396
/tmp/unfreezing_ablation_full_bibkj0rz/data/PhysioNet2022/training_data/49659_AV.wav,1.0,0.026641777
/tmp/unfreezing_ablation_full_bibkj0rz/data/PhysioNet2022/training_data/49659_MV.wav,1.0,0.21908197
/tmp/unfreezing_ablation_full_bibkj0rz/data/PhysioNet2022/training_data/49659_PV.wav,1.0,0.020857055
/tmp/unfreezing_ablation_full_bibkj0rz/data/PhysioNet2022/training_data/49659_TV.wav,1.0,0.016455436
/tmp/unfreezing_ablation_full_bibkj0rz/data/PhysioNet2022/training_data/49687_AV.wav,1.0,0.015060952
/tmp/unfreezing_ablation_full_bibkj0rz/data/PhysioNet2022/training_data/49687_MV.wav,1.0,0.02392471
/tmp/unfreezing_ablation_full_bibkj0rz/data/PhysioNet2022/training_data/49687_PV.wav,1.0,0.0047745807
/tmp/unfreezing_ablation_full_bibkj0rz/data/PhysioNet2022/training_data/49687_TV.wav,1.0,0.010583128
/tmp/unfreezing_ablation_full_bibkj0rz/data/PhysioNet2022/training_data/49691_AV.wav,1.0,0.047413927
/tmp/unfreezing_ablation_full_bibkj0rz/data/PhysioNet2022/training_data/49691_MV.wav,1.0,0.013849294
/tmp/unfreezing_ablation_full_bibkj0rz/data/PhysioNet2022/training_data/49691_PV.wav,1.0,0.32859603
/tmp/unfreezing_ablation_full_bibkj0rz/data/PhysioNet2022/training_data/49691_TV.wav,1.0,0.019769236
/tmp/unfreezing_ablation_full_bibkj0rz/data/PhysioNet2022/training_data/49735_MV.wav,1.0,0.015527304
/tmp/unfreezing_ablation_full_bibkj0rz/data/PhysioNet2022/training_data/49735_PV.wav,1.0,0.0050269663
/tmp/unfreezing_ablation_full_bibkj0rz/data/PhysioNet2022/training_data/49735_TV.wav,1.0,0.05312046
/tmp/unfreezing_ablation_full_bibkj0rz/data/PhysioNet2022/training_data/49754_AV.wav,1.0,0.03211617
/tmp/unfreezing_ablation_full_bibkj0rz/data/PhysioNet2022/training_data/49754_MV.wav,1.0,0.760532
/tmp/unfreezing_ablation_full_bibkj0rz/data/PhysioNet2022/training_data/49754_PV.wav,1.0,0.046820555
/tmp/unfreezing_ablation_full_bibkj0rz/data/PhysioNet2022/training_data/49754_TV.wav,1.0,0.024299234
/tmp/unfreezing_ablation_full_bibkj0rz/data/PhysioNet2022/training_data/49776_AV.wav,1.0,0.20191327
/tmp/unfreezing_ablation_full_bibkj0rz/data/PhysioNet2022/training_data/49776_MV.wav,1.0,0.028701393
/tmp/unfreezing_ablation_full_bibkj0rz/data/PhysioNet2022/training_data/49838_MV.wav,1.0,0.012101401
/tmp/unfreezing_ablation_full_bibkj0rz/data/PhysioNet2022/training_data/49897_AV.wav,1.0,0.30162725
/tmp/unfreezing_ablation_full_bibkj0rz/data/PhysioNet2022/training_data/49897_MV.wav,1.0,0.0488291
/tmp/unfreezing_ablation_full_bibkj0rz/data/PhysioNet2022/training_data/49897_PV.wav,1.0,0.046617962
/tmp/unfreezing_ablation_full_bibkj0rz/data/PhysioNet2022/training_data/49897_TV.wav,1.0,0.014393033
/tmp/unfreezing_ablation_full_bibkj0rz/data/PhysioNet2022/training_data/49952_AV.wav,1.0,0.11508924
/tmp/unfreezing_ablation_full_bibkj0rz/data/PhysioNet2022/training_data/49952_MV_1.wav,1.0,0.17080283
/tmp/unfreezing_ablation_full_bibkj0rz/data/PhysioNet2022/training_data/49952_MV_2.wav,1.0,0.16786319
/tmp/unfreezing_ablation_full_bibkj0rz/data/PhysioNet2022/training_data/49952_PV.wav,1.0,0.029012127
/tmp/unfreezing_ablation_full_bibkj0rz/data/PhysioNet2022/training_data/49952_TV.wav,1.0,0.046517454
/tmp/unfreezing_ablation_full_bibkj0rz/data/PhysioNet2022/training_data/49960_AV.wav,1.0,0.46121156
/tmp/unfreezing_ablation_full_bibkj0rz/data/PhysioNet2022/training_data/49960_MV.wav,1.0,0.0611425
/tmp/unfreezing_ablation_full_bibkj0rz/data/PhysioNet2022/training_data/49960_PV.wav,1.0,0.014086522
/tmp/unfreezing_ablation_full_bibkj0rz/data/PhysioNet2022/training_data/49960_TV.wav,1.0,0.008926688
/tmp/unfreezing_ablation_full_bibkj0rz/data/PhysioNet2022/training_data/49969_MV.wav,1.0,0.1169486
/tmp/unfreezing_ablation_full_bibkj0rz/data/PhysioNet2022/training_data/49979_MV.wav,1.0,0.054902878
/tmp/unfreezing_ablation_full_bibkj0rz/data/PhysioNet2022/training_data/49986_AV.wav,1.0,0.025804508
/tmp/unfreezing_ablation_full_bibkj0rz/data/PhysioNet2022/training_data/49986_MV.wav,1.0,0.039724324
/tmp/unfreezing_ablation_full_bibkj0rz/data/PhysioNet2022/training_data/49987_AV.wav,1.0,0.048245456
/tmp/unfreezing_ablation_full_bibkj0rz/data/PhysioNet2022/training_data/49987_MV.wav,1.0,0.03854361
/tmp/unfreezing_ablation_full_bibkj0rz/data/PhysioNet2022/training_data/49990_AV.wav,1.0,0.021446014
/tmp/unfreezing_ablation_full_bibkj0rz/data/PhysioNet2022/training_data/49990_MV.wav,1.0,0.05731052
/tmp/unfreezing_ablation_full_bibkj0rz/data/PhysioNet2022/training_data/49990_PV.wav,1.0,0.011047028
/tmp/unfreezing_ablation_full_bibkj0rz/data/PhysioNet2022/training_data/49990_TV.wav,1.0,0.0125255305
/tmp/unfreezing_ablation_full_bibkj0rz/data/PhysioNet2022/training_data/49993_AV.wav,1.0,0.01643543
/tmp/unfreezing_ablation_full_bibkj0rz/data/PhysioNet2022/training_data/49993_MV.wav,1.0,0.013628467
/tmp/unfreezing_ablation_full_bibkj0rz/data/PhysioNet2022/training_data/49993_PV.wav,1.0,0.006326287
/tmp/unfreezing_ablation_full_bibkj0rz/data/PhysioNet2022/training_data/49993_TV.wav,1.0,0.18377803
/tmp/unfreezing_ablation_full_bibkj0rz/data/PhysioNet2022/training_data/49995_AV.wav,1.0,0.51425517
/tmp/unfreezing_ablation_full_bibkj0rz/data/PhysioNet2022/training_data/49995_MV.wav,1.0,0.016554387
/tmp/unfreezing_ablation_full_bibkj0rz/data/PhysioNet2022/training_data/49995_PV.wav,1.0,0.012154474
/tmp/unfreezing_ablation_full_bibkj0rz/data/PhysioNet2022/training_data/49995_TV.wav,1.0,0.017601462
/tmp/unfreezing_ablation_full_bibkj0rz/data/PhysioNet2022/training_data/49998_MV.wav,1.0,0.44367677
/tmp/unfreezing_ablation_full_bibkj0rz/data/PhysioNet2022/training_data/49998_PV.wav,1.0,0.0093277795
/tmp/unfreezing_ablation_full_bibkj0rz/data/PhysioNet2022/training_data/49998_TV.wav,1.0,0.025552774
/tmp/unfreezing_ablation_full_bibkj0rz/data/PhysioNet2022/training_data/50007_AV.wav,1.0,0.10568342
/tmp/unfreezing_ablation_full_bibkj0rz/data/PhysioNet2022/training_data/50007_MV.wav,1.0,0.017424425
/tmp/unfreezing_ablation_full_bibkj0rz/data/PhysioNet2022/training_data/50007_PV.wav,1.0,0.028584432
/tmp/unfreezing_ablation_full_bibkj0rz/data/PhysioNet2022/training_data/50007_TV.wav,1.0,0.021406448
/tmp/unfreezing_ablation_full_bibkj0rz/data/PhysioNet2022/training_data/50018_AV.wav,1.0,0.0291539
/tmp/unfreezing_ablation_full_bibkj0rz/data/PhysioNet2022/training_data/50018_MV.wav,1.0,0.24552566
/tmp/unfreezing_ablation_full_bibkj0rz/data/PhysioNet2022/training_data/50026_AV.wav,1.0,0.01455499
/tmp/unfreezing_ablation_full_bibkj0rz/data/PhysioNet2022/training_data/50026_MV.wav,1.0,0.49394774
/tmp/unfreezing_ablation_full_bibkj0rz/data/PhysioNet2022/training_data/50027_AV.wav,1.0,0.012504129
/tmp/unfreezing_ablation_full_bibkj0rz/data/PhysioNet2022/training_data/50027_MV.wav,1.0,0.014373815
/tmp/unfreezing_ablation_full_bibkj0rz/data/PhysioNet2022/training_data/50029_AV.wav,1.0,0.01467451
/tmp/unfreezing_ablation_full_bibkj0rz/data/PhysioNet2022/training_data/50029_MV.wav,1.0,0.008896916
/tmp/unfreezing_ablation_full_bibkj0rz/data/PhysioNet2022/training_data/50029_PV.wav,1.0,0.31146187
/tmp/unfreezing_ablation_full_bibkj0rz/data/PhysioNet2022/training_data/50029_TV.wav,1.0,0.011975233
/tmp/unfreezing_ablation_full_bibkj0rz/data/PhysioNet2022/training_data/50043_AV.wav,1.0,0.028838458
/tmp/unfreezing_ablation_full_bibkj0rz/data/PhysioNet2022/training_data/50043_PV.wav,1.0,0.019277807
/tmp/unfreezing_ablation_full_bibkj0rz/data/PhysioNet2022/training_data/50043_TV.wav,1.0,0.032278664
/tmp/unfreezing_ablation_full_bibkj0rz/data/PhysioNet2022/training_data/50047_MV.wav,1.0,0.0053116106
/tmp/unfreezing_ablation_full_bibkj0rz/data/PhysioNet2022/training_data/50047_PV.wav,1.0,0.11620205
/tmp/unfreezing_ablation_full_bibkj0rz/data/PhysioNet2022/training_data/50047_TV.wav,1.0,0.012011289
/tmp/unfreezing_ablation_full_bibkj0rz/data/PhysioNet2022/training_data/50048_MV.wav,1.0,0.009964627
/tmp/unfreezing_ablation_full_bibkj0rz/data/PhysioNet2022/training_data/50048_PV.wav,1.0,0.011244922
/tmp/unfreezing_ablation_full_bibkj0rz/data/PhysioNet2022/training_data/50048_TV.wav,1.0,0.022336286
/tmp/unfreezing_ablation_full_bibkj0rz/data/PhysioNet2022/training_data/50056_AV.wav,1.0,0.047892146
/tmp/unfreezing_ablation_full_bibkj0rz/data/PhysioNet2022/training_data/50056_MV.wav,1.0,0.013928662
/tmp/unfreezing_ablation_full_bibkj0rz/data/PhysioNet2022/training_data/50056_PV.wav,1.0,0.02211632
/tmp/unfreezing_ablation_full_bibkj0rz/data/PhysioNet2022/training_data/50056_TV.wav,1.0,0.042172734
/tmp/unfreezing_ablation_full_bibkj0rz/data/PhysioNet2022/training_data/50067_MV.wav,1.0,0.08875849
/tmp/unfreezing_ablation_full_bibkj0rz/data/PhysioNet2022/training_data/50067_PV.wav,1.0,0.0112587195
/tmp/unfreezing_ablation_full_bibkj0rz/data/PhysioNet2022/training_data/50067_TV.wav,1.0,0.0032760312
/tmp/unfreezing_ablation_full_bibkj0rz/data/PhysioNet2022/training_data/50076_AV.wav,1.0,0.09828959
/tmp/unfreezing_ablation_full_bibkj0rz/data/PhysioNet2022/training_data/50076_MV.wav,1.0,0.006402963
/tmp/unfreezing_ablation_full_bibkj0rz/data/PhysioNet2022/training_data/50076_PV.wav,1.0,0.00993808
/tmp/unfreezing_ablation_full_bibkj0rz/data/PhysioNet2022/training_data/50076_TV.wav,1.0,0.0041348673
/tmp/unfreezing_ablation_full_bibkj0rz/data/PhysioNet2022/training_data/50079_AV.wav,1.0,0.012257632
/tmp/unfreezing_ablation_full_bibkj0rz/data/PhysioNet2022/training_data/50079_PV.wav,1.0,0.010548524
/tmp/unfreezing_ablation_full_bibkj0rz/data/PhysioNet2022/training_data/50079_TV.wav,1.0,0.037765615
/tmp/unfreezing_ablation_full_bibkj0rz/data/PhysioNet2022/training_data/50080_AV.wav,1.0,0.83790326
/tmp/unfreezing_ablation_full_bibkj0rz/data/PhysioNet2022/training_data/50080_MV.wav,1.0,0.4936782
/tmp/unfreezing_ablation_full_bibkj0rz/data/PhysioNet2022/training_data/50080_PV.wav,1.0,0.008948651
/tmp/unfreezing_ablation_full_bibkj0rz/data/PhysioNet2022/training_data/50080_TV.wav,1.0,0.022511099
/tmp/unfreezing_ablation_full_bibkj0rz/data/PhysioNet2022/training_data/50089_AV.wav,1.0,0.0040518143
/tmp/unfreezing_ablation_full_bibkj0rz/data/PhysioNet2022/training_data/50089_PV.wav,1.0,0.063193746
/tmp/unfreezing_ablation_full_bibkj0rz/data/PhysioNet2022/training_data/50089_TV.wav,1.0,0.20857286
/tmp/unfreezing_ablation_full_bibkj0rz/data/PhysioNet2022/training_data/50092_AV.wav,1.0,0.99490225
/tmp/unfreezing_ablation_full_bibkj0rz/data/PhysioNet2022/training_data/50092_MV.wav,1.0,0.019454906
/tmp/unfreezing_ablation_full_bibkj0rz/data/PhysioNet2022/training_data/50092_PV.wav,1.0,0.03610656
/tmp/unfreezing_ablation_full_bibkj0rz/data/PhysioNet2022/training_data/50092_TV.wav,1.0,0.36585087
/tmp/unfreezing_ablation_full_bibkj0rz/data/PhysioNet2022/training_data/50103_AV.wav,1.0,0.24862784
/tmp/unfreezing_ablation_full_bibkj0rz/data/PhysioNet2022/training_data/50103_MV.wav,1.0,0.017870862
/tmp/unfreezing_ablation_full_bibkj0rz/data/PhysioNet2022/training_data/50103_PV.wav,1.0,0.5742555
/tmp/unfreezing_ablation_full_bibkj0rz/data/PhysioNet2022/training_data/50103_TV.wav,1.0,0.015536216
/tmp/unfreezing_ablation_full_bibkj0rz/data/PhysioNet2022/training_data/50109_AV.wav,1.0,0.014910188
/tmp/unfreezing_ablation_full_bibkj0rz/data/PhysioNet2022/training_data/50109_MV.wav,1.0,0.012645259
/tmp/unfreezing_ablation_full_bibkj0rz/data/PhysioNet2022/training_data/50109_PV.wav,1.0,0.018927062
/tmp/unfreezing_ablation_full_bibkj0rz/data/PhysioNet2022/training_data/50109_TV.wav,1.0,0.010217668
/tmp/unfreezing_ablation_full_bibkj0rz/data/PhysioNet2022/training_data/50111_AV.wav,1.0,0.009023208
/tmp/unfreezing_ablation_full_bibkj0rz/data/PhysioNet2022/training_data/50111_MV.wav,1.0,0.021066306
/tmp/unfreezing_ablation_full_bibkj0rz/data/PhysioNet2022/training_data/50111_PV.wav,1.0,0.07321251
/tmp/unfreezing_ablation_full_bibkj0rz/data/PhysioNet2022/training_data/50111_TV.wav,1.0,0.014801371
/tmp/unfreezing_ablation_full_bibkj0rz/data/PhysioNet2022/training_data/50113_AV.wav,1.0,0.8966275
/tmp/unfreezing_ablation_full_bibkj0rz/data/PhysioNet2022/training_data/50113_MV.wav,1.0,0.9031524
/tmp/unfreezing_ablation_full_bibkj0rz/data/PhysioNet2022/training_data/50113_PV.wav,1.0,0.043821555
/tmp/unfreezing_ablation_full_bibkj0rz/data/PhysioNet2022/training_data/50113_TV.wav,1.0,0.017850854
/tmp/unfreezing_ablation_full_bibkj0rz/data/PhysioNet2022/training_data/50119_PV.wav,1.0,0.010143536
/tmp/unfreezing_ablation_full_bibkj0rz/data/PhysioNet2022/training_data/50125_MV.wav,1.0,0.03997824
/tmp/unfreezing_ablation_full_bibkj0rz/data/PhysioNet2022/training_data/50125_PV.wav,1.0,0.70045286
/tmp/unfreezing_ablation_full_bibkj0rz/data/PhysioNet2022/training_data/50125_TV.wav,1.0,0.43268088
/tmp/unfreezing_ablation_full_bibkj0rz/data/PhysioNet2022/training_data/50146_MV.wav,1.0,0.005370777
/tmp/unfreezing_ablation_full_bibkj0rz/data/PhysioNet2022/training_data/50151_PV.wav,1.0,0.111650646
/tmp/unfreezing_ablation_full_bibkj0rz/data/PhysioNet2022/training_data/50152_AV.wav,1.0,0.010420939
/tmp/unfreezing_ablation_full_bibkj0rz/data/PhysioNet2022/training_data/50152_MV.wav,1.0,0.04715359
/tmp/unfreezing_ablation_full_bibkj0rz/data/PhysioNet2022/training_data/50155_AV.wav,1.0,0.006395598
/tmp/unfreezing_ablation_full_bibkj0rz/data/PhysioNet2022/training_data/50155_PV.wav,1.0,0.14031947
/tmp/unfreezing_ablation_full_bibkj0rz/data/PhysioNet2022/training_data/50155_TV.wav,1.0,0.012259831
/tmp/unfreezing_ablation_full_bibkj0rz/data/PhysioNet2022/training_data/50160_MV.wav,1.0,0.007363211
/tmp/unfreezing_ablation_full_bibkj0rz/data/PhysioNet2022/training_data/50160_PV.wav,1.0,0.0217736
/tmp/unfreezing_ablation_full_bibkj0rz/data/PhysioNet2022/training_data/50160_TV.wav,1.0,0.9824677
/tmp/unfreezing_ablation_full_bibkj0rz/data/PhysioNet2022/training_data/50174_AV.wav,1.0,0.019045843
/tmp/unfreezing_ablation_full_bibkj0rz/data/PhysioNet2022/training_data/50174_MV.wav,1.0,0.012307346
/tmp/unfreezing_ablation_full_bibkj0rz/data/PhysioNet2022/training_data/50174_PV.wav,1.0,0.026737083
/tmp/unfreezing_ablation_full_bibkj0rz/data/PhysioNet2022/training_data/50174_TV.wav,1.0,0.89285123
/tmp/unfreezing_ablation_full_bibkj0rz/data/PhysioNet2022/training_data/50207_AV.wav,1.0,0.066024825
/tmp/unfreezing_ablation_full_bibkj0rz/data/PhysioNet2022/training_data/50207_MV.wav,1.0,0.031531632
/tmp/unfreezing_ablation_full_bibkj0rz/data/PhysioNet2022/training_data/50209_AV.wav,1.0,0.008098018
/tmp/unfreezing_ablation_full_bibkj0rz/data/PhysioNet2022/training_data/50209_MV.wav,1.0,0.010232662
/tmp/unfreezing_ablation_full_bibkj0rz/data/PhysioNet2022/training_data/50209_PV.wav,1.0,0.33076778
/tmp/unfreezing_ablation_full_bibkj0rz/data/PhysioNet2022/training_data/50209_TV.wav,1.0,0.023889968
/tmp/unfreezing_ablation_full_bibkj0rz/data/PhysioNet2022/training_data/50210_AV.wav,1.0,0.9423666
/tmp/unfreezing_ablation_full_bibkj0rz/data/PhysioNet2022/training_data/50210_MV_1.wav,1.0,0.026752088
/tmp/unfreezing_ablation_full_bibkj0rz/data/PhysioNet2022/training_data/50210_MV_2.wav,1.0,0.9405897
/tmp/unfreezing_ablation_full_bibkj0rz/data/PhysioNet2022/training_data/50210_PV.wav,1.0,0.052442774
/tmp/unfreezing_ablation_full_bibkj0rz/data/PhysioNet2022/training_data/50210_TV.wav,1.0,0.5771108
/tmp/unfreezing_ablation_full_bibkj0rz/data/PhysioNet2022/training_data/50216_AV.wav,1.0,0.006394198
/tmp/unfreezing_ablation_full_bibkj0rz/data/PhysioNet2022/training_data/50216_MV.wav,1.0,0.24904439
/tmp/unfreezing_ablation_full_bibkj0rz/data/PhysioNet2022/training_data/50216_PV.wav,1.0,0.15188405
/tmp/unfreezing_ablation_full_bibkj0rz/data/PhysioNet2022/training_data/50216_Phc_1.wav,1.0,0.8237181
/tmp/unfreezing_ablation_full_bibkj0rz/data/PhysioNet2022/training_data/50216_Phc_2.wav,1.0,0.0076304735
/tmp/unfreezing_ablation_full_bibkj0rz/data/PhysioNet2022/training_data/50217_AV.wav,1.0,0.008703856
/tmp/unfreezing_ablation_full_bibkj0rz/data/PhysioNet2022/training_data/50217_PV.wav,1.0,0.0070680273
/tmp/unfreezing_ablation_full_bibkj0rz/data/PhysioNet2022/training_data/50218_AV.wav,1.0,0.7287038
/tmp/unfreezing_ablation_full_bibkj0rz/data/PhysioNet2022/training_data/50218_MV.wav,1.0,0.18047997
/tmp/unfreezing_ablation_full_bibkj0rz/data/PhysioNet2022/training_data/50218_PV.wav,1.0,0.005409806
/tmp/unfreezing_ablation_full_bibkj0rz/data/PhysioNet2022/training_data/50218_TV.wav,1.0,0.016063275
/tmp/unfreezing_ablation_full_bibkj0rz/data/PhysioNet2022/training_data/50229_AV.wav,1.0,0.011031025
/tmp/unfreezing_ablation_full_bibkj0rz/data/PhysioNet2022/training_data/50229_MV.wav,1.0,0.095341764
/tmp/unfreezing_ablation_full_bibkj0rz/data/PhysioNet2022/training_data/50229_PV.wav,1.0,0.0132269105
/tmp/unfreezing_ablation_full_bibkj0rz/data/PhysioNet2022/training_data/50229_TV.wav,1.0,0.025857208
/tmp/unfreezing_ablation_full_bibkj0rz/data/PhysioNet2022/training_data/50231_AV.wav,1.0,0.021017494
/tmp/unfreezing_ablation_full_bibkj0rz/data/PhysioNet2022/training_data/50231_MV.wav,1.0,0.024563985
/tmp/unfreezing_ablation_full_bibkj0rz/data/PhysioNet2022/training_data/50231_PV.wav,1.0,0.016657017
/tmp/unfreezing_ablation_full_bibkj0rz/data/PhysioNet2022/training_data/50231_TV.wav,1.0,0.04715262
/tmp/unfreezing_ablation_full_bibkj0rz/data/PhysioNet2022/training_data/50233_AV.wav,1.0,0.017121518
/tmp/unfreezing_ablation_full_bibkj0rz/data/PhysioNet2022/training_data/50233_MV.wav,1.0,0.031845953
/tmp/unfreezing_ablation_full_bibkj0rz/data/PhysioNet2022/training_data/50233_PV.wav,1.0,0.0039254795
/tmp/unfreezing_ablation_full_bibkj0rz/data/PhysioNet2022/training_data/50233_TV.wav,1.0,0.015193187
/tmp/unfreezing_ablation_full_bibkj0rz/data/PhysioNet2022/training_data/50239_AV.wav,1.0,0.94636834
/tmp/unfreezing_ablation_full_bibkj0rz/data/PhysioNet2022/training_data/50239_MV.wav,1.0,0.056143273
/tmp/unfreezing_ablation_full_bibkj0rz/data/PhysioNet2022/training_data/50239_PV.wav,1.0,0.07242319
/tmp/unfreezing_ablation_full_bibkj0rz/data/PhysioNet2022/training_data/50239_TV.wav,1.0,0.23486105
/tmp/unfreezing_ablation_full_bibkj0rz/data/PhysioNet2022/training_data/50249_AV_1.wav,1.0,0.0057863547
/tmp/unfreezing_ablation_full_bibkj0rz/data/PhysioNet2022/training_data/50249_AV_2.wav,1.0,0.022689983
/tmp/unfreezing_ablation_full_bibkj0rz/data/PhysioNet2022/training_data/50249_MV.wav,1.0,0.031417083
/tmp/unfreezing_ablation_full_bibkj0rz/data/PhysioNet2022/training_data/50258_MV.wav,1.0,0.012426084
/tmp/unfreezing_ablation_full_bibkj0rz/data/PhysioNet2022/training_data/50258_PV.wav,1.0,0.010044565
/tmp/unfreezing_ablation_full_bibkj0rz/data/PhysioNet2022/training_data/50258_TV.wav,1.0,0.9958332
/tmp/unfreezing_ablation_full_bibkj0rz/data/PhysioNet2022/training_data/50261_AV.wav,1.0,0.03681199
/tmp/unfreezing_ablation_full_bibkj0rz/data/PhysioNet2022/training_data/50261_MV.wav,1.0,0.0123057
/tmp/unfreezing_ablation_full_bibkj0rz/data/PhysioNet2022/training_data/50261_PV.wav,1.0,0.03082792
/tmp/unfreezing_ablation_full_bibkj0rz/data/PhysioNet2022/training_data/50261_TV.wav,1.0,0.030338923
/tmp/unfreezing_ablation_full_bibkj0rz/data/PhysioNet2022/training_data/50263_AV.wav,1.0,0.017298257
/tmp/unfreezing_ablation_full_bibkj0rz/data/PhysioNet2022/training_data/50263_MV.wav,1.0,0.009268079
/tmp/unfreezing_ablation_full_bibkj0rz/data/PhysioNet2022/training_data/50263_PV.wav,1.0,0.08894417
/tmp/unfreezing_ablation_full_bibkj0rz/data/PhysioNet2022/training_data/50263_TV_1.wav,1.0,0.11459041
/tmp/unfreezing_ablation_full_bibkj0rz/data/PhysioNet2022/training_data/50263_TV_2.wav,1.0,0.12626874
/tmp/unfreezing_ablation_full_bibkj0rz/data/PhysioNet2022/training_data/50277_AV.wav,1.0,0.07233121
/tmp/unfreezing_ablation_full_bibkj0rz/data/PhysioNet2022/training_data/50277_MV.wav,1.0,0.016312048
/tmp/unfreezing_ablation_full_bibkj0rz/data/PhysioNet2022/training_data/50277_PV.wav,1.0,0.011589669
/tmp/unfreezing_ablation_full_bibkj0rz/data/PhysioNet2022/training_data/50277_TV.wav,1.0,0.022837859
/tmp/unfreezing_ablation_full_bibkj0rz/data/PhysioNet2022/training_data/50278_AV.wav,1.0,0.04239438
/tmp/unfreezing_ablation_full_bibkj0rz/data/PhysioNet2022/training_data/50278_MV.wav,1.0,0.01112579
/tmp/unfreezing_ablation_full_bibkj0rz/data/PhysioNet2022/training_data/50278_PV.wav,1.0,0.084910706
/tmp/unfreezing_ablation_full_bibkj0rz/data/PhysioNet2022/training_data/50278_TV.wav,1.0,0.007006018
/tmp/unfreezing_ablation_full_bibkj0rz/data/PhysioNet2022/training_data/50280_AV.wav,1.0,0.05236913
/tmp/unfreezing_ablation_full_bibkj0rz/data/PhysioNet2022/training_data/50280_PV.wav,1.0,0.03886998
/tmp/unfreezing_ablation_full_bibkj0rz/data/PhysioNet2022/training_data/50280_TV.wav,1.0,0.004970896
/tmp/unfreezing_ablation_full_bibkj0rz/data/PhysioNet2022/training_data/50281_MV.wav,1.0,0.009835538
/tmp/unfreezing_ablation_full_bibkj0rz/data/PhysioNet2022/training_data/50281_PV.wav,1.0,0.7614044
/tmp/unfreezing_ablation_full_bibkj0rz/data/PhysioNet2022/training_data/50281_TV.wav,1.0,0.008237037
/tmp/unfreezing_ablation_full_bibkj0rz/data/PhysioNet2022/training_data/50289_AV.wav,1.0,0.5795985
/tmp/unfreezing_ablation_full_bibkj0rz/data/PhysioNet2022/training_data/50289_MV.wav,1.0,0.43740872
/tmp/unfreezing_ablation_full_bibkj0rz/data/PhysioNet2022/training_data/50289_PV.wav,1.0,0.8075087
/tmp/unfreezing_ablation_full_bibkj0rz/data/PhysioNet2022/training_data/50289_TV.wav,1.0,0.015156075
/tmp/unfreezing_ablation_full_bibkj0rz/data/PhysioNet2022/training_data/50298_MV.wav,1.0,0.057078443
/tmp/unfreezing_ablation_full_bibkj0rz/data/PhysioNet2022/training_data/50298_PV.wav,1.0,0.02435807
/tmp/unfreezing_ablation_full_bibkj0rz/data/PhysioNet2022/training_data/50298_TV.wav,1.0,0.009193002
/tmp/unfreezing_ablation_full_bibkj0rz/data/PhysioNet2022/training_data/50299_AV.wav,1.0,0.11203168
/tmp/unfreezing_ablation_full_bibkj0rz/data/PhysioNet2022/training_data/50299_MV.wav,1.0,0.74157196
/tmp/unfreezing_ablation_full_bibkj0rz/data/PhysioNet2022/training_data/50299_PV.wav,1.0,0.056498304
/tmp/unfreezing_ablation_full_bibkj0rz/data/PhysioNet2022/training_data/50299_TV.wav,1.0,0.021689394
/tmp/unfreezing_ablation_full_bibkj0rz/data/PhysioNet2022/training_data/50300_AV.wav,1.0,0.014784804
/tmp/unfreezing_ablation_full_bibkj0rz/data/PhysioNet2022/training_data/50300_MV.wav,1.0,0.013466172
/tmp/unfreezing_ablation_full_bibkj0rz/data/PhysioNet2022/training_data/50312_AV.wav,1.0,0.024102716
/tmp/unfreezing_ablation_full_bibkj0rz/data/PhysioNet2022/training_data/50312_MV.wav,1.0,0.056197535
/tmp/unfreezing_ablation_full_bibkj0rz/data/PhysioNet2022/training_data/50312_PV.wav,1.0,0.023762895
/tmp/unfreezing_ablation_full_bibkj0rz/data/PhysioNet2022/training_data/50312_TV.wav,1.0,0.0108843455
/tmp/unfreezing_ablation_full_bibkj0rz/data/PhysioNet2022/training_data/50318_AV.wav,1.0,0.11079716
/tmp/unfreezing_ablation_full_bibkj0rz/data/PhysioNet2022/training_data/50318_MV.wav,1.0,0.086011216
/tmp/unfreezing_ablation_full_bibkj0rz/data/PhysioNet2022/training_data/50318_PV.wav,1.0,0.0064224377
/tmp/unfreezing_ablation_full_bibkj0rz/data/PhysioNet2022/training_data/50318_TV.wav,1.0,0.9865237
/tmp/unfreezing_ablation_full_bibkj0rz/data/PhysioNet2022/training_data/50326_AV.wav,1.0,0.09055407
/tmp/unfreezing_ablation_full_bibkj0rz/data/PhysioNet2022/training_data/50326_MV.wav,1.0,0.0918901
/tmp/unfreezing_ablation_full_bibkj0rz/data/PhysioNet2022/training_data/50326_PV.wav,1.0,0.006656024
/tmp/unfreezing_ablation_full_bibkj0rz/data/PhysioNet2022/training_data/50326_TV.wav,1.0,0.004844152
/tmp/unfreezing_ablation_full_bibkj0rz/data/PhysioNet2022/training_data/50330_AV.wav,1.0,0.044833966
/tmp/unfreezing_ablation_full_bibkj0rz/data/PhysioNet2022/training_data/50330_MV.wav,1.0,0.04234841
/tmp/unfreezing_ablation_full_bibkj0rz/data/PhysioNet2022/training_data/50331_AV.wav,1.0,0.023969285
/tmp/unfreezing_ablation_full_bibkj0rz/data/PhysioNet2022/training_data/50331_MV.wav,1.0,0.00895349
/tmp/unfreezing_ablation_full_bibkj0rz/data/PhysioNet2022/training_data/50331_PV.wav,1.0,0.024378542
/tmp/unfreezing_ablation_full_bibkj0rz/data/PhysioNet2022/training_data/50331_TV.wav,1.0,0.66417724
/tmp/unfreezing_ablation_full_bibkj0rz/data/PhysioNet2022/training_data/50335_AV.wav,1.0,0.010040385
/tmp/unfreezing_ablation_full_bibkj0rz/data/PhysioNet2022/training_data/50335_MV.wav,1.0,0.016447784
/tmp/unfreezing_ablation_full_bibkj0rz/data/PhysioNet2022/training_data/50339_AV.wav,1.0,0.10367542
/tmp/unfreezing_ablation_full_bibkj0rz/data/PhysioNet2022/training_data/50339_MV.wav,1.0,0.027583791
/tmp/unfreezing_ablation_full_bibkj0rz/data/PhysioNet2022/training_data/50339_PV.wav,1.0,0.09433752
/tmp/unfreezing_ablation_full_bibkj0rz/data/PhysioNet2022/training_data/50339_TV.wav,1.0,0.0124181
/tmp/unfreezing_ablation_full_bibkj0rz/data/PhysioNet2022/training_data/50343_AV.wav,1.0,0.00815257
/tmp/unfreezing_ablation_full_bibkj0rz/data/PhysioNet2022/training_data/50343_MV.wav,1.0,0.7422865
/tmp/unfreezing_ablation_full_bibkj0rz/data/PhysioNet2022/training_data/50343_PV.wav,1.0,0.011078402
/tmp/unfreezing_ablation_full_bibkj0rz/data/PhysioNet2022/training_data/50343_TV.wav,1.0,0.0042529325
/tmp/unfreezing_ablation_full_bibkj0rz/data/PhysioNet2022/training_data/50349_AV.wav,1.0,0.6513258
/tmp/unfreezing_ablation_full_bibkj0rz/data/PhysioNet2022/training_data/50349_MV.wav,1.0,0.60711074
/tmp/unfreezing_ablation_full_bibkj0rz/data/PhysioNet2022/training_data/50349_PV.wav,1.0,0.07310607
/tmp/unfreezing_ablation_full_bibkj0rz/data/PhysioNet2022/training_data/50349_TV.wav,1.0,0.37808427
/tmp/unfreezing_ablation_full_bibkj0rz/data/PhysioNet2022/training_data/50379_AV.wav,1.0,0.015725637
/tmp/unfreezing_ablation_full_bibkj0rz/data/PhysioNet2022/training_data/50379_MV.wav,1.0,0.0638849
/tmp/unfreezing_ablation_full_bibkj0rz/data/PhysioNet2022/training_data/50379_PV.wav,1.0,0.038071513
/tmp/unfreezing_ablation_full_bibkj0rz/data/PhysioNet2022/training_data/50379_TV.wav,1.0,0.06547635
/tmp/unfreezing_ablation_full_bibkj0rz/data/PhysioNet2022/training_data/50391_MV.wav,1.0,0.0089501655
/tmp/unfreezing_ablation_full_bibkj0rz/data/PhysioNet2022/training_data/50391_PV.wav,1.0,0.017535185
/tmp/unfreezing_ablation_full_bibkj0rz/data/PhysioNet2022/training_data/50391_TV.wav,1.0,0.11668656
/tmp/unfreezing_ablation_full_bibkj0rz/data/PhysioNet2022/training_data/50619_AV.wav,1.0,0.015178481
/tmp/unfreezing_ablation_full_bibkj0rz/data/PhysioNet2022/training_data/50619_MV.wav,1.0,0.02215935
/tmp/unfreezing_ablation_full_bibkj0rz/data/PhysioNet2022/training_data/50619_PV.wav,1.0,0.004920126
/tmp/unfreezing_ablation_full_bibkj0rz/data/PhysioNet2022/training_data/50619_TV.wav,1.0,0.050643716
/tmp/unfreezing_ablation_full_bibkj0rz/data/PhysioNet2022/training_data/50621_PV.wav,1.0,0.09334367
/tmp/unfreezing_ablation_full_bibkj0rz/data/PhysioNet2022/training_data/50631_AV.wav,1.0,0.008292206
/tmp/unfreezing_ablation_full_bibkj0rz/data/PhysioNet2022/training_data/50631_MV.wav,1.0,0.017079232
/tmp/unfreezing_ablation_full_bibkj0rz/data/PhysioNet2022/training_data/50641_MV.wav,1.0,0.8551599
/tmp/unfreezing_ablation_full_bibkj0rz/data/PhysioNet2022/training_data/50641_PV.wav,1.0,0.02174705
/tmp/unfreezing_ablation_full_bibkj0rz/data/PhysioNet2022/training_data/50641_TV.wav,1.0,0.011261963
/tmp/unfreezing_ablation_full_bibkj0rz/data/PhysioNet2022/training_data/50647_AV.wav,1.0,0.0109963715
/tmp/unfreezing_ablation_full_bibkj0rz/data/PhysioNet2022/training_data/50647_MV.wav,1.0,0.010995396
/tmp/unfreezing_ablation_full_bibkj0rz/data/PhysioNet2022/training_data/50647_PV.wav,1.0,0.88303953
/tmp/unfreezing_ablation_full_bibkj0rz/data/PhysioNet2022/training_data/50647_TV.wav,1.0,0.011107558
/tmp/unfreezing_ablation_full_bibkj0rz/data/PhysioNet2022/training_data/50652_AV.wav,1.0,0.03915675
/tmp/unfreezing_ablation_full_bibkj0rz/data/PhysioNet2022/training_data/50652_MV.wav,1.0,0.028897103
/tmp/unfreezing_ablation_full_bibkj0rz/data/PhysioNet2022/training_data/50655_AV.wav,1.0,0.02767185
/tmp/unfreezing_ablation_full_bibkj0rz/data/PhysioNet2022/training_data/50655_MV.wav,1.0,0.05771832
/tmp/unfreezing_ablation_full_bibkj0rz/data/PhysioNet2022/training_data/50667_AV.wav,1.0,0.027973888
/tmp/unfreezing_ablation_full_bibkj0rz/data/PhysioNet2022/training_data/50667_MV.wav,1.0,0.012351046
/tmp/unfreezing_ablation_full_bibkj0rz/data/PhysioNet2022/training_data/50667_PV.wav,1.0,0.6161005
/tmp/unfreezing_ablation_full_bibkj0rz/data/PhysioNet2022/training_data/50667_TV.wav,1.0,0.029314322
/tmp/unfreezing_ablation_full_bibkj0rz/data/PhysioNet2022/training_data/50676_AV.wav,1.0,0.008767369
/tmp/unfreezing_ablation_full_bibkj0rz/data/PhysioNet2022/training_data/50676_MV.wav,1.0,0.82457423
/tmp/unfreezing_ablation_full_bibkj0rz/data/PhysioNet2022/training_data/50676_PV.wav,1.0,0.010178715
/tmp/unfreezing_ablation_full_bibkj0rz/data/PhysioNet2022/training_data/50676_TV.wav,1.0,0.006365525
/tmp/unfreezing_ablation_full_bibkj0rz/data/PhysioNet2022/training_data/50689_AV.wav,1.0,0.24174027
/tmp/unfreezing_ablation_full_bibkj0rz/data/PhysioNet2022/training_data/50689_MV.wav,1.0,0.029466901
/tmp/unfreezing_ablation_full_bibkj0rz/data/PhysioNet2022/training_data/50689_PV.wav,1.0,0.00863781
/tmp/unfreezing_ablation_full_bibkj0rz/data/PhysioNet2022/training_data/50689_TV.wav,1.0,0.09588809
/tmp/unfreezing_ablation_full_bibkj0rz/data/PhysioNet2022/training_data/50691_AV.wav,1.0,0.08586246
/tmp/unfreezing_ablation_full_bibkj0rz/data/PhysioNet2022/training_data/50691_MV.wav,1.0,0.9693626
/tmp/unfreezing_ablation_full_bibkj0rz/data/PhysioNet2022/training_data/50691_PV.wav,1.0,0.23633242
/tmp/unfreezing_ablation_full_bibkj0rz/data/PhysioNet2022/training_data/50691_TV.wav,1.0,0.014534233
/tmp/unfreezing_ablation_full_bibkj0rz/data/PhysioNet2022/training_data/50707_AV.wav,1.0,0.037095178
/tmp/unfreezing_ablation_full_bibkj0rz/data/PhysioNet2022/training_data/50707_MV.wav,1.0,0.03534489
/tmp/unfreezing_ablation_full_bibkj0rz/data/PhysioNet2022/training_data/50707_TV.wav,1.0,0.024398534
/tmp/unfreezing_ablation_full_bibkj0rz/data/PhysioNet2022/training_data/50713_AV.wav,1.0,0.17198929
/tmp/unfreezing_ablation_full_bibkj0rz/data/PhysioNet2022/training_data/50713_MV.wav,1.0,0.4709807
/tmp/unfreezing_ablation_full_bibkj0rz/data/PhysioNet2022/training_data/50713_PV.wav,1.0,0.007977312
/tmp/unfreezing_ablation_full_bibkj0rz/data/PhysioNet2022/training_data/50713_TV.wav,1.0,0.0047329175
/tmp/unfreezing_ablation_full_bibkj0rz/data/PhysioNet2022/training_data/50720_AV.wav,1.0,0.025975768
/tmp/unfreezing_ablation_full_bibkj0rz/data/PhysioNet2022/training_data/50720_MV.wav,1.0,0.35894042
/tmp/unfreezing_ablation_full_bibkj0rz/data/PhysioNet2022/training_data/50721_AV.wav,1.0,0.042262815
/tmp/unfreezing_ablation_full_bibkj0rz/data/PhysioNet2022/training_data/50721_MV.wav,1.0,0.009143245
/tmp/unfreezing_ablation_full_bibkj0rz/data/PhysioNet2022/training_data/50721_PV.wav,1.0,0.013076255
/tmp/unfreezing_ablation_full_bibkj0rz/data/PhysioNet2022/training_data/50721_TV.wav,1.0,0.010125578
/tmp/unfreezing_ablation_full_bibkj0rz/data/PhysioNet2022/training_data/50736_AV.wav,1.0,0.38400334
/tmp/unfreezing_ablation_full_bibkj0rz/data/PhysioNet2022/training_data/50736_PV.wav,1.0,0.015870314
/tmp/unfreezing_ablation_full_bibkj0rz/data/PhysioNet2022/training_data/50736_TV.wav,1.0,0.13424902
/tmp/unfreezing_ablation_full_bibkj0rz/data/PhysioNet2022/training_data/50746_AV.wav,1.0,0.107266694
/tmp/unfreezing_ablation_full_bibkj0rz/data/PhysioNet2022/training_data/50746_MV.wav,1.0,0.13945381
/tmp/unfreezing_ablation_full_bibkj0rz/data/PhysioNet2022/training_data/50746_PV.wav,1.0,0.14286275
/tmp/unfreezing_ablation_full_bibkj0rz/data/PhysioNet2022/training_data/50746_TV.wav,1.0,0.0060982937
/tmp/unfreezing_ablation_full_bibkj0rz/data/PhysioNet2022/training_data/50753_AV.wav,1.0,0.04724595
/tmp/unfreezing_ablation_full_bibkj0rz/data/PhysioNet2022/training_data/50753_MV.wav,1.0,0.017433489
/tmp/unfreezing_ablation_full_bibkj0rz/data/PhysioNet2022/training_data/50753_PV.wav,1.0,0.01670599
/tmp/unfreezing_ablation_full_bibkj0rz/data/PhysioNet2022/training_data/50753_TV.wav,1.0,0.018954325
/tmp/unfreezing_ablation_full_bibkj0rz/data/PhysioNet2022/training_data/50754_AV.wav,1.0,0.07565828
/tmp/unfreezing_ablation_full_bibkj0rz/data/PhysioNet2022/training_data/50754_MV.wav,1.0,0.041642625
/tmp/unfreezing_ablation_full_bibkj0rz/data/PhysioNet2022/training_data/50754_PV.wav,1.0,0.09913273
/tmp/unfreezing_ablation_full_bibkj0rz/data/PhysioNet2022/training_data/50754_TV.wav,1.0,0.43397114
/tmp/unfreezing_ablation_full_bibkj0rz/data/PhysioNet2022/training_data/50758_AV.wav,1.0,0.023671761
/tmp/unfreezing_ablation_full_bibkj0rz/data/PhysioNet2022/training_data/50758_MV.wav,1.0,0.026723685
/tmp/unfreezing_ablation_full_bibkj0rz/data/PhysioNet2022/training_data/50758_PV.wav,1.0,0.01621483
/tmp/unfreezing_ablation_full_bibkj0rz/data/PhysioNet2022/training_data/50758_TV.wav,1.0,0.01844227
/tmp/unfreezing_ablation_full_bibkj0rz/data/PhysioNet2022/training_data/50763_AV.wav,1.0,0.014050985
/tmp/unfreezing_ablation_full_bibkj0rz/data/PhysioNet2022/training_data/50763_MV.wav,1.0,0.0453336
/tmp/unfreezing_ablation_full_bibkj0rz/data/PhysioNet2022/training_data/50763_PV.wav,1.0,0.004889292
/tmp/unfreezing_ablation_full_bibkj0rz/data/PhysioNet2022/training_data/50763_TV.wav,1.0,0.15492053
/tmp/unfreezing_ablation_full_bibkj0rz/data/PhysioNet2022/training_data/50766_AV.wav,1.0,0.27768245
/tmp/unfreezing_ablation_full_bibkj0rz/data/PhysioNet2022/training_data/50766_MV.wav,1.0,0.0073207133
/tmp/unfreezing_ablation_full_bibkj0rz/data/PhysioNet2022/training_data/50766_PV.wav,1.0,0.9690387
/tmp/unfreezing_ablation_full_bibkj0rz/data/PhysioNet2022/training_data/50766_TV.wav,1.0,0.9951363
/tmp/unfreezing_ablation_full_bibkj0rz/data/PhysioNet2022/training_data/50773_AV.wav,1.0,0.034321364
/tmp/unfreezing_ablation_full_bibkj0rz/data/PhysioNet2022/training_data/50773_MV.wav,1.0,0.010849676
/tmp/unfreezing_ablation_full_bibkj0rz/data/PhysioNet2022/training_data/50773_PV.wav,1.0,0.0049362285
/tmp/unfreezing_ablation_full_bibkj0rz/data/PhysioNet2022/training_data/50773_TV.wav,1.0,0.008098812
/tmp/unfreezing_ablation_full_bibkj0rz/data/PhysioNet2022/training_data/50774_AV.wav,1.0,0.88844264
/tmp/unfreezing_ablation_full_bibkj0rz/data/PhysioNet2022/training_data/50774_MV.wav,1.0,0.35631624
/tmp/unfreezing_ablation_full_bibkj0rz/data/PhysioNet2022/training_data/50774_TV.wav,1.0,0.021664945
/tmp/unfreezing_ablation_full_bibkj0rz/data/PhysioNet2022/training_data/50776_PV.wav,1.0,0.01679999
/tmp/unfreezing_ablation_full_bibkj0rz/data/PhysioNet2022/training_data/50781_AV.wav,1.0,0.0093968585
/tmp/unfreezing_ablation_full_bibkj0rz/data/PhysioNet2022/training_data/50781_MV.wav,1.0,0.06784491
/tmp/unfreezing_ablation_full_bibkj0rz/data/PhysioNet2022/training_data/50781_PV.wav,1.0,0.012370768
/tmp/unfreezing_ablation_full_bibkj0rz/data/PhysioNet2022/training_data/50781_TV.wav,1.0,0.79445285
/tmp/unfreezing_ablation_full_bibkj0rz/data/PhysioNet2022/training_data/50784_AV.wav,1.0,0.019620858
/tmp/unfreezing_ablation_full_bibkj0rz/data/PhysioNet2022/training_data/50784_MV.wav,1.0,0.01475017
/tmp/unfreezing_ablation_full_bibkj0rz/data/PhysioNet2022/training_data/50784_PV.wav,1.0,0.0054342416
/tmp/unfreezing_ablation_full_bibkj0rz/data/PhysioNet2022/training_data/50784_TV.wav,1.0,0.055305555
/tmp/unfreezing_ablation_full_bibkj0rz/data/PhysioNet2022/training_data/50788_AV.wav,1.0,0.016954789
/tmp/unfreezing_ablation_full_bibkj0rz/data/PhysioNet2022/training_data/50788_MV.wav,1.0,0.6128759
/tmp/unfreezing_ablation_full_bibkj0rz/data/PhysioNet2022/training_data/50788_PV.wav,1.0,0.031002648
/tmp/unfreezing_ablation_full_bibkj0rz/data/PhysioNet2022/training_data/50788_TV.wav,1.0,0.02957002
/tmp/unfreezing_ablation_full_bibkj0rz/data/PhysioNet2022/training_data/50789_AV.wav,1.0,0.05395702
/tmp/unfreezing_ablation_full_bibkj0rz/data/PhysioNet2022/training_data/50789_MV.wav,1.0,0.016521117
/tmp/unfreezing_ablation_full_bibkj0rz/data/PhysioNet2022/training_data/50789_PV.wav,1.0,0.0059363316
/tmp/unfreezing_ablation_full_bibkj0rz/data/PhysioNet2022/training_data/50789_TV.wav,1.0,0.04884308
/tmp/unfreezing_ablation_full_bibkj0rz/data/PhysioNet2022/training_data/50797_AV.wav,1.0,0.021937575
/tmp/unfreezing_ablation_full_bibkj0rz/data/PhysioNet2022/training_data/50797_MV.wav,1.0,0.021001842
/tmp/unfreezing_ablation_full_bibkj0rz/data/PhysioNet2022/training_data/50797_PV.wav,1.0,0.097770296
/tmp/unfreezing_ablation_full_bibkj0rz/data/PhysioNet2022/training_data/50797_TV.wav,1.0,0.03180176
/tmp/unfreezing_ablation_full_bibkj0rz/data/PhysioNet2022/training_data/50802_AV.wav,1.0,0.13993736
/tmp/unfreezing_ablation_full_bibkj0rz/data/PhysioNet2022/training_data/50802_MV.wav,1.0,0.7938223
/tmp/unfreezing_ablation_full_bibkj0rz/data/PhysioNet2022/training_data/50802_PV.wav,1.0,0.0056251846
/tmp/unfreezing_ablation_full_bibkj0rz/data/PhysioNet2022/training_data/50802_TV_1.wav,1.0,0.39110887
/tmp/unfreezing_ablation_full_bibkj0rz/data/PhysioNet2022/training_data/50802_TV_2.wav,1.0,0.3246912
/tmp/unfreezing_ablation_full_bibkj0rz/data/PhysioNet2022/training_data/50803_AV.wav,1.0,0.026786262
/tmp/unfreezing_ablation_full_bibkj0rz/data/PhysioNet2022/training_data/50803_MV.wav,1.0,0.23161684
/tmp/unfreezing_ablation_full_bibkj0rz/data/PhysioNet2022/training_data/50803_PV.wav,1.0,0.41178483
/tmp/unfreezing_ablation_full_bibkj0rz/data/PhysioNet2022/training_data/50803_TV.wav,1.0,0.03458569
/tmp/unfreezing_ablation_full_bibkj0rz/data/PhysioNet2022/training_data/50805_MV.wav,1.0,0.050545916
/tmp/unfreezing_ablation_full_bibkj0rz/data/PhysioNet2022/training_data/50805_PV.wav,1.0,0.4933195
/tmp/unfreezing_ablation_full_bibkj0rz/data/PhysioNet2022/training_data/50805_TV.wav,1.0,0.019677054
/tmp/unfreezing_ablation_full_bibkj0rz/data/PhysioNet2022/training_data/50807_AV.wav,1.0,0.020280853
/tmp/unfreezing_ablation_full_bibkj0rz/data/PhysioNet2022/training_data/50807_MV.wav,1.0,0.0123539725
/tmp/unfreezing_ablation_full_bibkj0rz/data/PhysioNet2022/training_data/50807_PV.wav,1.0,0.56964207
/tmp/unfreezing_ablation_full_bibkj0rz/data/PhysioNet2022/training_data/50807_TV.wav,1.0,0.030373145
/tmp/unfreezing_ablation_full_bibkj0rz/data/PhysioNet2022/training_data/50818_AV.wav,1.0,0.060792387
/tmp/unfreezing_ablation_full_bibkj0rz/data/PhysioNet2022/training_data/50818_MV.wav,1.0,0.005952787
/tmp/unfreezing_ablation_full_bibkj0rz/data/PhysioNet2022/training_data/50818_PV.wav,1.0,0.010677204
/tmp/unfreezing_ablation_full_bibkj0rz/data/PhysioNet2022/training_data/50818_TV.wav,1.0,0.51003873
/tmp/unfreezing_ablation_full_bibkj0rz/data/PhysioNet2022/training_data/50826_AV.wav,1.0,0.013395854
/tmp/unfreezing_ablation_full_bibkj0rz/data/PhysioNet2022/training_data/50826_MV.wav,1.0,0.044642203
/tmp/unfreezing_ablation_full_bibkj0rz/data/PhysioNet2022/training_data/50826_PV.wav,1.0,0.96655667
/tmp/unfreezing_ablation_full_bibkj0rz/data/PhysioNet2022/training_data/50826_TV.wav,1.0,0.89514035
/tmp/unfreezing_ablation_full_bibkj0rz/data/PhysioNet2022/training_data/51331_AV.wav,1.0,0.6580217
/tmp/unfreezing_ablation_full_bibkj0rz/data/PhysioNet2022/training_data/51331_MV.wav,1.0,0.024365656
/tmp/unfreezing_ablation_full_bibkj0rz/data/PhysioNet2022/training_data/51331_PV.wav,1.0,0.037429735
/tmp/unfreezing_ablation_full_bibkj0rz/data/PhysioNet2022/training_data/51331_TV.wav,1.0,0.012896339
/tmp/unfreezing_ablation_full_bibkj0rz/data/PhysioNet2022/training_data/55945_AV.wav,1.0,0.9625499
/tmp/unfreezing_ablation_full_bibkj0rz/data/PhysioNet2022/training_data/55945_MV.wav,1.0,0.039570317
/tmp/unfreezing_ablation_full_bibkj0rz/data/PhysioNet2022/training_data/55945_PV.wav,1.0,0.13443977
/tmp/unfreezing_ablation_full_bibkj0rz/data/PhysioNet2022/training_data/55945_TV.wav,1.0,0.03801229
/tmp/unfreezing_ablation_full_bibkj0rz/data/PhysioNet2022/training_data/57700_MV.wav,1.0,0.0066664205
/tmp/unfreezing_ablation_full_bibkj0rz/data/PhysioNet2022/training_data/57700_PV.wav,1.0,0.06770271
/tmp/unfreezing_ablation_full_bibkj0rz/data/PhysioNet2022/training_data/57700_TV.wav,1.0,0.017525109
/tmp/unfreezing_ablation_full_bibkj0rz/data/PhysioNet2022/training_data/61117_AV.wav,1.0,0.047025483
/tmp/unfreezing_ablation_full_bibkj0rz/data/PhysioNet2022/training_data/61117_MV.wav,1.0,0.8304242
/tmp/unfreezing_ablation_full_bibkj0rz/data/PhysioNet2022/training_data/61117_PV.wav,1.0,0.016335385
/tmp/unfreezing_ablation_full_bibkj0rz/data/PhysioNet2022/training_data/61117_TV.wav,1.0,0.0061910506
/tmp/unfreezing_ablation_full_bibkj0rz/data/PhysioNet2022/training_data/61610_AV.wav,1.0,0.1251505
/tmp/unfreezing_ablation_full_bibkj0rz/data/PhysioNet2022/training_data/61610_MV.wav,1.0,0.04268535
/tmp/unfreezing_ablation_full_bibkj0rz/data/PhysioNet2022/training_data/61610_PV.wav,1.0,0.0061351378
/tmp/unfreezing_ablation_full_bibkj0rz/data/PhysioNet2022/training_data/61610_TV.wav,1.0,0.94100225
/tmp/unfreezing_ablation_full_bibkj0rz/data/PhysioNet2022/training_data/63581_AV.wav,1.0,0.018019808
/tmp/unfreezing_ablation_full_bibkj0rz/data/PhysioNet2022/training_data/63581_MV.wav,1.0,0.076176405
/tmp/unfreezing_ablation_full_bibkj0rz/data/PhysioNet2022/training_data/63581_PV.wav,1.0,0.9724991
/tmp/unfreezing_ablation_full_bibkj0rz/data/PhysioNet2022/training_data/63581_TV.wav,1.0,0.011136833
/tmp/unfreezing_ablation_full_bibkj0rz/data/PhysioNet2022/training_data/68194_AV.wav,1.0,0.015126069
/tmp/unfreezing_ablation_full_bibkj0rz/data/PhysioNet2022/training_data/68194_MV.wav,1.0,0.91879606
/tmp/unfreezing_ablation_full_bibkj0rz/data/PhysioNet2022/training_data/68194_PV.wav,1.0,0.10828628
/tmp/unfreezing_ablation_full_bibkj0rz/data/PhysioNet2022/training_data/68194_TV.wav,1.0,0.18677
/tmp/unfreezing_ablation_full_bibkj0rz/data/PhysioNet2022/training_data/68279_MV.wav,1.0,0.015461485
/tmp/unfreezing_ablation_full_bibkj0rz/data/PhysioNet2022/training_data/68279_PV.wav,1.0,0.20909515
/tmp/unfreezing_ablation_full_bibkj0rz/data/PhysioNet2022/training_data/68279_TV.wav,1.0,0.387122
/tmp/unfreezing_ablation_full_bibkj0rz/data/PhysioNet2022/training_data/68303_AV.wav,1.0,0.0045648892
/tmp/unfreezing_ablation_full_bibkj0rz/data/PhysioNet2022/training_data/68303_MV.wav,1.0,0.024055427
/tmp/unfreezing_ablation_full_bibkj0rz/data/PhysioNet2022/training_data/68303_PV.wav,1.0,0.006748866
/tmp/unfreezing_ablation_full_bibkj0rz/data/PhysioNet2022/training_data/68303_TV.wav,1.0,0.01759874
/tmp/unfreezing_ablation_full_bibkj0rz/data/PhysioNet2022/training_data/68318_AV.wav,1.0,0.18749759
/tmp/unfreezing_ablation_full_bibkj0rz/data/PhysioNet2022/training_data/68318_MV.wav,1.0,0.12604642
/tmp/unfreezing_ablation_full_bibkj0rz/data/PhysioNet2022/training_data/68318_PV.wav,1.0,0.6183329
/tmp/unfreezing_ablation_full_bibkj0rz/data/PhysioNet2022/training_data/68318_TV.wav,1.0,0.043464173
/tmp/unfreezing_ablation_full_bibkj0rz/data/PhysioNet2022/training_data/68394_MV.wav,1.0,0.6139497
/tmp/unfreezing_ablation_full_bibkj0rz/data/PhysioNet2022/training_data/68394_PV.wav,1.0,0.077501476
/tmp/unfreezing_ablation_full_bibkj0rz/data/PhysioNet2022/training_data/68404_MV.wav,1.0,0.008707519
/tmp/unfreezing_ablation_full_bibkj0rz/data/PhysioNet2022/training_data/68404_PV.wav,1.0,0.009759265
/tmp/unfreezing_ablation_full_bibkj0rz/data/PhysioNet2022/training_data/68404_TV.wav,1.0,0.06609829
/tmp/unfreezing_ablation_full_bibkj0rz/data/PhysioNet2022/training_data/68406_AV.wav,1.0,0.040994797
/tmp/unfreezing_ablation_full_bibkj0rz/data/PhysioNet2022/training_data/68406_MV.wav,1.0,0.10675926
/tmp/unfreezing_ablation_full_bibkj0rz/data/PhysioNet2022/training_data/68406_PV.wav,1.0,0.055305284
/tmp/unfreezing_ablation_full_bibkj0rz/data/PhysioNet2022/training_data/68406_TV.wav,1.0,0.5314092
/tmp/unfreezing_ablation_full_bibkj0rz/data/PhysioNet2022/training_data/68413_AV.wav,1.0,0.020173926
/tmp/unfreezing_ablation_full_bibkj0rz/data/PhysioNet2022/training_data/68413_MV.wav,1.0,0.015340934
/tmp/unfreezing_ablation_full_bibkj0rz/data/PhysioNet2022/training_data/68413_PV.wav,1.0,0.83697087
/tmp/unfreezing_ablation_full_bibkj0rz/data/PhysioNet2022/training_data/68413_TV.wav,1.0,0.0033804157
/tmp/unfreezing_ablation_full_bibkj0rz/data/PhysioNet2022/training_data/68419_AV.wav,1.0,0.03892398
/tmp/unfreezing_ablation_full_bibkj0rz/data/PhysioNet2022/training_data/68419_MV.wav,1.0,0.010454869
/tmp/unfreezing_ablation_full_bibkj0rz/data/PhysioNet2022/training_data/68419_PV.wav,1.0,0.016155541
/tmp/unfreezing_ablation_full_bibkj0rz/data/PhysioNet2022/training_data/68419_TV.wav,1.0,0.023931926
/tmp/unfreezing_ablation_full_bibkj0rz/data/PhysioNet2022/training_data/68423_AV.wav,1.0,0.034904458
/tmp/unfreezing_ablation_full_bibkj0rz/data/PhysioNet2022/training_data/68423_MV.wav,1.0,0.008258243
/tmp/unfreezing_ablation_full_bibkj0rz/data/PhysioNet2022/training_data/68423_PV.wav,1.0,0.16385053
/tmp/unfreezing_ablation_full_bibkj0rz/data/PhysioNet2022/training_data/68423_TV.wav,1.0,0.0038490598
/tmp/unfreezing_ablation_full_bibkj0rz/data/PhysioNet2022/training_data/68425_AV.wav,1.0,0.016251987
/tmp/unfreezing_ablation_full_bibkj0rz/data/PhysioNet2022/training_data/68425_MV.wav,1.0,0.043692604
/tmp/unfreezing_ablation_full_bibkj0rz/data/PhysioNet2022/training_data/68425_PV.wav,1.0,0.9949384
/tmp/unfreezing_ablation_full_bibkj0rz/data/PhysioNet2022/training_data/68425_TV.wav,1.0,0.06518871
/tmp/unfreezing_ablation_full_bibkj0rz/data/PhysioNet2022/training_data/68431_AV.wav,1.0,0.01006204
/tmp/unfreezing_ablation_full_bibkj0rz/data/PhysioNet2022/training_data/68431_MV.wav,1.0,0.020436237
/tmp/unfreezing_ablation_full_bibkj0rz/data/PhysioNet2022/training_data/68431_PV.wav,1.0,0.0040528537
/tmp/unfreezing_ablation_full_bibkj0rz/data/PhysioNet2022/training_data/68431_TV.wav,1.0,0.11841093
/tmp/unfreezing_ablation_full_bibkj0rz/data/PhysioNet2022/training_data/68436_AV.wav,1.0,0.013152125
/tmp/unfreezing_ablation_full_bibkj0rz/data/PhysioNet2022/training_data/68436_MV.wav,1.0,0.0034675847
/tmp/unfreezing_ablation_full_bibkj0rz/data/PhysioNet2022/training_data/68436_PV.wav,1.0,0.682272
/tmp/unfreezing_ablation_full_bibkj0rz/data/PhysioNet2022/training_data/68436_TV.wav,1.0,0.0049428847
/tmp/unfreezing_ablation_full_bibkj0rz/data/PhysioNet2022/training_data/68465_AV.wav,1.0,0.67896575
/tmp/unfreezing_ablation_full_bibkj0rz/data/PhysioNet2022/training_data/68465_MV.wav,1.0,0.018959371
/tmp/unfreezing_ablation_full_bibkj0rz/data/PhysioNet2022/training_data/68465_PV.wav,1.0,0.035370864
/tmp/unfreezing_ablation_full_bibkj0rz/data/PhysioNet2022/training_data/68465_TV.wav,1.0,0.07443895
/tmp/unfreezing_ablation_full_bibkj0rz/data/PhysioNet2022/training_data/68470_MV.wav,1.0,0.026696227
/tmp/unfreezing_ablation_full_bibkj0rz/data/PhysioNet2022/training_data/68470_TV.wav,1.0,0.032092046
/tmp/unfreezing_ablation_full_bibkj0rz/data/PhysioNet2022/training_data/68478_AV.wav,1.0,0.098945566
/tmp/unfreezing_ablation_full_bibkj0rz/data/PhysioNet2022/training_data/68478_MV.wav,1.0,0.05230309
/tmp/unfreezing_ablation_full_bibkj0rz/data/PhysioNet2022/training_data/68478_PV.wav,1.0,0.058224935
/tmp/unfreezing_ablation_full_bibkj0rz/data/PhysioNet2022/training_data/68478_TV.wav,1.0,0.07807074
/tmp/unfreezing_ablation_full_bibkj0rz/data/PhysioNet2022/training_data/68482_AV.wav,1.0,0.42894995
/tmp/unfreezing_ablation_full_bibkj0rz/data/PhysioNet2022/training_data/68482_MV.wav,1.0,0.04363673
/tmp/unfreezing_ablation_full_bibkj0rz/data/PhysioNet2022/training_data/68482_PV.wav,1.0,0.047071043
/tmp/unfreezing_ablation_full_bibkj0rz/data/PhysioNet2022/training_data/68482_TV.wav,1.0,0.30845004
/tmp/unfreezing_ablation_full_bibkj0rz/data/PhysioNet2022/training_data/68484_AV.wav,1.0,0.06795543
/tmp/unfreezing_ablation_full_bibkj0rz/data/PhysioNet2022/training_data/68484_MV.wav,1.0,0.6108398
/tmp/unfreezing_ablation_full_bibkj0rz/data/PhysioNet2022/training_data/68484_PV.wav,1.0,0.21886033
/tmp/unfreezing_ablation_full_bibkj0rz/data/PhysioNet2022/training_data/68484_TV.wav,1.0,0.18444753
/tmp/unfreezing_ablation_full_bibkj0rz/data/PhysioNet2022/training_data/68567_AV.wav,1.0,0.0038269497
/tmp/unfreezing_ablation_full_bibkj0rz/data/PhysioNet2022/training_data/68567_MV.wav,1.0,0.4204643
/tmp/unfreezing_ablation_full_bibkj0rz/data/PhysioNet2022/training_data/68567_PV.wav,1.0,0.011454803
/tmp/unfreezing_ablation_full_bibkj0rz/data/PhysioNet2022/training_data/68567_TV.wav,1.0,0.04006486
/tmp/unfreezing_ablation_full_bibkj0rz/data/PhysioNet2022/training_data/68632_AV.wav,1.0,0.430715
/tmp/unfreezing_ablation_full_bibkj0rz/data/PhysioNet2022/training_data/68632_PV.wav,1.0,0.030521879
/tmp/unfreezing_ablation_full_bibkj0rz/data/PhysioNet2022/training_data/68632_TV.wav,1.0,0.14173725
/tmp/unfreezing_ablation_full_bibkj0rz/data/PhysioNet2022/training_data/68646_AV.wav,1.0,0.10920043
/tmp/unfreezing_ablation_full_bibkj0rz/data/PhysioNet2022/training_data/68646_MV.wav,1.0,0.02237246
/tmp/unfreezing_ablation_full_bibkj0rz/data/PhysioNet2022/training_data/68646_PV.wav,1.0,0.23692311
/tmp/unfreezing_ablation_full_bibkj0rz/data/PhysioNet2022/training_data/68646_TV.wav,1.0,0.0039219162
/tmp/unfreezing_ablation_full_bibkj0rz/data/PhysioNet2022/training_data/68660_AV.wav,1.0,0.14025213
/tmp/unfreezing_ablation_full_bibkj0rz/data/PhysioNet2022/training_data/68660_MV.wav,1.0,0.010970452
/tmp/unfreezing_ablation_full_bibkj0rz/data/PhysioNet2022/training_data/68660_PV.wav,1.0,0.017766772
/tmp/unfreezing_ablation_full_bibkj0rz/data/PhysioNet2022/training_data/68660_TV.wav,1.0,0.0073838755
/tmp/unfreezing_ablation_full_bibkj0rz/data/PhysioNet2022/training_data/68682_AV.wav,1.0,0.9830972
/tmp/unfreezing_ablation_full_bibkj0rz/data/PhysioNet2022/training_data/68682_MV.wav,1.0,0.23208123
/tmp/unfreezing_ablation_full_bibkj0rz/data/PhysioNet2022/training_data/68682_PV.wav,1.0,0.011217306
/tmp/unfreezing_ablation_full_bibkj0rz/data/PhysioNet2022/training_data/68682_TV.wav,1.0,0.018519249
/tmp/unfreezing_ablation_full_bibkj0rz/data/PhysioNet2022/training_data/68708_AV.wav,1.0,0.0074919546
/tmp/unfreezing_ablation_full_bibkj0rz/data/PhysioNet2022/training_data/68708_MV.wav,1.0,0.03200792
/tmp/unfreezing_ablation_full_bibkj0rz/data/PhysioNet2022/training_data/68708_PV.wav,1.0,0.009442665
/tmp/unfreezing_ablation_full_bibkj0rz/data/PhysioNet2022/training_data/68708_TV.wav,1.0,0.021452384
/tmp/unfreezing_ablation_full_bibkj0rz/data/PhysioNet2022/training_data/68737_AV.wav,1.0,0.051443204
/tmp/unfreezing_ablation_full_bibkj0rz/data/PhysioNet2022/training_data/68737_MV.wav,1.0,0.0044892984
/tmp/unfreezing_ablation_full_bibkj0rz/data/PhysioNet2022/training_data/68737_PV.wav,1.0,0.0046744472
/tmp/unfreezing_ablation_full_bibkj0rz/data/PhysioNet2022/training_data/68737_TV.wav,1.0,0.93153256
/tmp/unfreezing_ablation_full_bibkj0rz/data/PhysioNet2022/training_data/68752_AV.wav,1.0,0.024517288
/tmp/unfreezing_ablation_full_bibkj0rz/data/PhysioNet2022/training_data/68752_MV.wav,1.0,0.16650876
/tmp/unfreezing_ablation_full_bibkj0rz/data/PhysioNet2022/training_data/68752_PV.wav,1.0,0.019382585
/tmp/unfreezing_ablation_full_bibkj0rz/data/PhysioNet2022/training_data/68752_TV.wav,1.0,0.021260042
/tmp/unfreezing_ablation_full_bibkj0rz/data/PhysioNet2022/training_data/68756_MV.wav,1.0,0.035602055
/tmp/unfreezing_ablation_full_bibkj0rz/data/PhysioNet2022/training_data/68756_PV.wav,1.0,0.025998315
/tmp/unfreezing_ablation_full_bibkj0rz/data/PhysioNet2022/training_data/68756_TV.wav,1.0,0.016843311
/tmp/unfreezing_ablation_full_bibkj0rz/data/PhysioNet2022/training_data/68757_AV.wav,1.0,0.005813022
/tmp/unfreezing_ablation_full_bibkj0rz/data/PhysioNet2022/training_data/68757_PV.wav,1.0,0.06610096
/tmp/unfreezing_ablation_full_bibkj0rz/data/PhysioNet2022/training_data/68757_TV.wav,1.0,0.055874895
/tmp/unfreezing_ablation_full_bibkj0rz/data/PhysioNet2022/training_data/68831_AV.wav,1.0,0.035440736
/tmp/unfreezing_ablation_full_bibkj0rz/data/PhysioNet2022/training_data/68831_MV.wav,1.0,0.029582126
/tmp/unfreezing_ablation_full_bibkj0rz/data/PhysioNet2022/training_data/68831_PV.wav,1.0,0.021125078
/tmp/unfreezing_ablation_full_bibkj0rz/data/PhysioNet2022/training_data/68831_TV.wav,1.0,0.009045167
/tmp/unfreezing_ablation_full_bibkj0rz/data/PhysioNet2022/training_data/68849_AV.wav,1.0,0.11320138
/tmp/unfreezing_ablation_full_bibkj0rz/data/PhysioNet2022/training_data/68849_MV.wav,1.0,0.9327244
/tmp/unfreezing_ablation_full_bibkj0rz/data/PhysioNet2022/training_data/68849_PV.wav,1.0,0.041608907
/tmp/unfreezing_ablation_full_bibkj0rz/data/PhysioNet2022/training_data/68849_TV.wav,1.0,0.0074975337
/tmp/unfreezing_ablation_full_bibkj0rz/data/PhysioNet2022/training_data/68857_MV.wav,1.0,0.0153593905
/tmp/unfreezing_ablation_full_bibkj0rz/data/PhysioNet2022/training_data/68909_AV.wav,1.0,0.07984938
/tmp/unfreezing_ablation_full_bibkj0rz/data/PhysioNet2022/training_data/68909_MV.wav,1.0,0.04918458
/tmp/unfreezing_ablation_full_bibkj0rz/data/PhysioNet2022/training_data/68909_PV.wav,1.0,0.008079249
/tmp/unfreezing_ablation_full_bibkj0rz/data/PhysioNet2022/training_data/68909_TV.wav,1.0,0.0055888756
/tmp/unfreezing_ablation_full_bibkj0rz/data/PhysioNet2022/training_data/69067_AV.wav,1.0,0.030629508
/tmp/unfreezing_ablation_full_bibkj0rz/data/PhysioNet2022/training_data/69067_MV.wav,1.0,0.026669849
/tmp/unfreezing_ablation_full_bibkj0rz/data/PhysioNet2022/training_data/69067_PV.wav,1.0,0.024140665
/tmp/unfreezing_ablation_full_bibkj0rz/data/PhysioNet2022/training_data/69067_TV.wav,1.0,0.01395039
/tmp/unfreezing_ablation_full_bibkj0rz/data/PhysioNet2022/training_data/69159_AV.wav,1.0,0.25343868
/tmp/unfreezing_ablation_full_bibkj0rz/data/PhysioNet2022/training_data/69159_MV.wav,1.0,0.7133383
/tmp/unfreezing_ablation_full_bibkj0rz/data/PhysioNet2022/training_data/69159_PV.wav,1.0,0.96264094
/tmp/unfreezing_ablation_full_bibkj0rz/data/PhysioNet2022/training_data/69159_TV.wav,1.0,0.0314668
/tmp/unfreezing_ablation_full_bibkj0rz/data/PhysioNet2022/training_data/72283_MV.wav,1.0,0.29607886
/tmp/unfreezing_ablation_full_bibkj0rz/data/PhysioNet2022/training_data/72283_PV.wav,1.0,0.089832805
/tmp/unfreezing_ablation_full_bibkj0rz/data/PhysioNet2022/training_data/72283_TV.wav,1.0,0.28002694
/tmp/unfreezing_ablation_full_bibkj0rz/data/PhysioNet2022/training_data/74417_AV.wav,1.0,0.025912246
/tmp/unfreezing_ablation_full_bibkj0rz/data/PhysioNet2022/training_data/74417_MV.wav,1.0,0.04098672
/tmp/unfreezing_ablation_full_bibkj0rz/data/PhysioNet2022/training_data/74417_PV.wav,1.0,0.064680815
/tmp/unfreezing_ablation_full_bibkj0rz/data/PhysioNet2022/training_data/74417_TV.wav,1.0,0.04153483
/tmp/unfreezing_ablation_full_bibkj0rz/data/PhysioNet2022/training_data/76240_AV.wav,1.0,0.0116799725
/tmp/unfreezing_ablation_full_bibkj0rz/data/PhysioNet2022/training_data/76240_MV.wav,1.0,0.016414354
/tmp/unfreezing_ablation_full_bibkj0rz/data/PhysioNet2022/training_data/76240_PV.wav,1.0,0.020325193
/tmp/unfreezing_ablation_full_bibkj0rz/data/PhysioNet2022/training_data/76240_TV.wav,1.0,0.68280137
/tmp/unfreezing_ablation_full_bibkj0rz/data/PhysioNet2022/training_data/77373_AV.wav,1.0,0.906959
/tmp/unfreezing_ablation_full_bibkj0rz/data/PhysioNet2022/training_data/77373_MV.wav,1.0,0.07553042
/tmp/unfreezing_ablation_full_bibkj0rz/data/PhysioNet2022/training_data/77373_PV.wav,1.0,0.02314326
/tmp/unfreezing_ablation_full_bibkj0rz/data/PhysioNet2022/training_data/77373_TV.wav,1.0,0.15602925
/tmp/unfreezing_ablation_full_bibkj0rz/data/PhysioNet2022/training_data/78280_AV.wav,1.0,0.034231704
/tmp/unfreezing_ablation_full_bibkj0rz/data/PhysioNet2022/training_data/78280_MV.wav,1.0,0.021468228
/tmp/unfreezing_ablation_full_bibkj0rz/data/PhysioNet2022/training_data/81035_MV.wav,1.0,0.029364856
/tmp/unfreezing_ablation_full_bibkj0rz/data/PhysioNet2022/training_data/81297_AV.wav,1.0,0.009994912
/tmp/unfreezing_ablation_full_bibkj0rz/data/PhysioNet2022/training_data/81297_MV.wav,1.0,0.1722296
/tmp/unfreezing_ablation_full_bibkj0rz/data/PhysioNet2022/training_data/81297_PV.wav,1.0,0.020085579
/tmp/unfreezing_ablation_full_bibkj0rz/data/PhysioNet2022/training_data/81297_TV.wav,1.0,0.0048847776
/tmp/unfreezing_ablation_full_bibkj0rz/data/PhysioNet2022/training_data/81501_AV.wav,1.0,0.025567561
/tmp/unfreezing_ablation_full_bibkj0rz/data/PhysioNet2022/training_data/81501_MV.wav,1.0,0.004884365
/tmp/unfreezing_ablation_full_bibkj0rz/data/PhysioNet2022/training_data/81501_PV.wav,1.0,0.07578475
/tmp/unfreezing_ablation_full_bibkj0rz/data/PhysioNet2022/training_data/81501_TV.wav,1.0,0.018790377
/tmp/unfreezing_ablation_full_bibkj0rz/data/PhysioNet2022/training_data/81638_AV.wav,1.0,0.96826684
/tmp/unfreezing_ablation_full_bibkj0rz/data/PhysioNet2022/training_data/81638_MV.wav,1.0,0.012187834
/tmp/unfreezing_ablation_full_bibkj0rz/data/PhysioNet2022/training_data/82275_AV.wav,1.0,0.6402753
/tmp/unfreezing_ablation_full_bibkj0rz/data/PhysioNet2022/training_data/82275_PV.wav,1.0,0.013673243
/tmp/unfreezing_ablation_full_bibkj0rz/data/PhysioNet2022/training_data/83094_MV.wav,1.0,0.008250525
/tmp/unfreezing_ablation_full_bibkj0rz/data/PhysioNet2022/training_data/84687_AV.wav,1.0,0.023877796
/tmp/unfreezing_ablation_full_bibkj0rz/data/PhysioNet2022/training_data/84687_MV.wav,1.0,0.038064405
/tmp/unfreezing_ablation_full_bibkj0rz/data/PhysioNet2022/training_data/84693_AV.wav,1.0,0.3273691
/tmp/unfreezing_ablation_full_bibkj0rz/data/PhysioNet2022/training_data/84693_MV.wav,1.0,0.051726297
/tmp/unfreezing_ablation_full_bibkj0rz/data/PhysioNet2022/training_data/84693_PV.wav,1.0,0.008912437
/tmp/unfreezing_ablation_full_bibkj0rz/data/PhysioNet2022/training_data/84693_TV.wav,1.0,0.66383266
/tmp/unfreezing_ablation_full_bibkj0rz/data/PhysioNet2022/training_data/84696_AV.wav,1.0,0.006281321
/tmp/unfreezing_ablation_full_bibkj0rz/data/PhysioNet2022/training_data/84696_MV.wav,1.0,0.9254285
/tmp/unfreezing_ablation_full_bibkj0rz/data/PhysioNet2022/training_data/84696_PV.wav,1.0,0.017255954
/tmp/unfreezing_ablation_full_bibkj0rz/data/PhysioNet2022/training_data/84696_TV.wav,1.0,0.019818783
/tmp/unfreezing_ablation_full_bibkj0rz/data/PhysioNet2022/training_data/84697_AV.wav,1.0,0.0042706747
/tmp/unfreezing_ablation_full_bibkj0rz/data/PhysioNet2022/training_data/84697_MV.wav,1.0,0.15147647
/tmp/unfreezing_ablation_full_bibkj0rz/data/PhysioNet2022/training_data/84697_PV.wav,1.0,0.024459444
/tmp/unfreezing_ablation_full_bibkj0rz/data/PhysioNet2022/training_data/84697_TV.wav,1.0,0.009028198
/tmp/unfreezing_ablation_full_bibkj0rz/data/PhysioNet2022/training_data/84704_PV.wav,1.0,0.091926426
/tmp/unfreezing_ablation_full_bibkj0rz/data/PhysioNet2022/training_data/84718_AV.wav,1.0,0.008360834
/tmp/unfreezing_ablation_full_bibkj0rz/data/PhysioNet2022/training_data/84718_MV.wav,1.0,0.005839058
/tmp/unfreezing_ablation_full_bibkj0rz/data/PhysioNet2022/training_data/84718_PV.wav,1.0,0.010454445
/tmp/unfreezing_ablation_full_bibkj0rz/data/PhysioNet2022/training_data/84718_TV.wav,1.0,0.0108585125
/tmp/unfreezing_ablation_full_bibkj0rz/data/PhysioNet2022/training_data/84730_AV.wav,1.0,0.04457968
/tmp/unfreezing_ablation_full_bibkj0rz/data/PhysioNet2022/training_data/84730_MV.wav,1.0,0.016684273
/tmp/unfreezing_ablation_full_bibkj0rz/data/PhysioNet2022/training_data/84730_PV.wav,1.0,0.02819593
/tmp/unfreezing_ablation_full_bibkj0rz/data/PhysioNet2022/training_data/84730_TV.wav,1.0,0.61809105
/tmp/unfreezing_ablation_full_bibkj0rz/data/PhysioNet2022/training_data/84740_AV.wav,1.0,0.14923947
/tmp/unfreezing_ablation_full_bibkj0rz/data/PhysioNet2022/training_data/84740_MV.wav,1.0,0.012678378
/tmp/unfreezing_ablation_full_bibkj0rz/data/PhysioNet2022/training_data/84740_PV.wav,1.0,0.0044346936
/tmp/unfreezing_ablation_full_bibkj0rz/data/PhysioNet2022/training_data/84740_TV.wav,1.0,0.011050185
/tmp/unfreezing_ablation_full_bibkj0rz/data/PhysioNet2022/training_data/84751_AV.wav,1.0,0.01418711
/tmp/unfreezing_ablation_full_bibkj0rz/data/PhysioNet2022/training_data/84751_MV.wav,1.0,0.007869682
/tmp/unfreezing_ablation_full_bibkj0rz/data/PhysioNet2022/training_data/84751_PV.wav,1.0,0.0044388575
/tmp/unfreezing_ablation_full_bibkj0rz/data/PhysioNet2022/training_data/84751_TV.wav,1.0,0.05105912
/tmp/unfreezing_ablation_full_bibkj0rz/data/PhysioNet2022/training_data/84753_AV.wav,1.0,0.02459764
/tmp/unfreezing_ablation_full_bibkj0rz/data/PhysioNet2022/training_data/84753_MV.wav,1.0,0.03424226
/tmp/unfreezing_ablation_full_bibkj0rz/data/PhysioNet2022/training_data/84753_PV.wav,1.0,0.2795289
/tmp/unfreezing_ablation_full_bibkj0rz/data/PhysioNet2022/training_data/84753_TV.wav,1.0,0.051735792
/tmp/unfreezing_ablation_full_bibkj0rz/data/PhysioNet2022/training_data/84754_AV.wav,1.0,0.016902493
/tmp/unfreezing_ablation_full_bibkj0rz/data/PhysioNet2022/training_data/84754_MV.wav,1.0,0.035954
/tmp/unfreezing_ablation_full_bibkj0rz/data/PhysioNet2022/training_data/84754_TV.wav,1.0,0.009184355
/tmp/unfreezing_ablation_full_bibkj0rz/data/PhysioNet2022/training_data/84755_MV.wav,1.0,0.7776926
/tmp/unfreezing_ablation_full_bibkj0rz/data/PhysioNet2022/training_data/84760_MV.wav,1.0,0.014181236
/tmp/unfreezing_ablation_full_bibkj0rz/data/PhysioNet2022/training_data/84760_PV.wav,1.0,0.0077474276
/tmp/unfreezing_ablation_full_bibkj0rz/data/PhysioNet2022/training_data/84760_TV.wav,1.0,0.023498043
/tmp/unfreezing_ablation_full_bibkj0rz/data/PhysioNet2022/training_data/84762_AV.wav,1.0,0.10639453
/tmp/unfreezing_ablation_full_bibkj0rz/data/PhysioNet2022/training_data/84762_MV.wav,1.0,0.047919568
/tmp/unfreezing_ablation_full_bibkj0rz/data/PhysioNet2022/training_data/84762_PV.wav,1.0,0.497914
/tmp/unfreezing_ablation_full_bibkj0rz/data/PhysioNet2022/training_data/84762_TV.wav,1.0,0.015324153
/tmp/unfreezing_ablation_full_bibkj0rz/data/PhysioNet2022/training_data/84775_AV.wav,1.0,0.058713622
/tmp/unfreezing_ablation_full_bibkj0rz/data/PhysioNet2022/training_data/84775_MV.wav,1.0,0.035135996
/tmp/unfreezing_ablation_full_bibkj0rz/data/PhysioNet2022/training_data/84775_PV.wav,1.0,0.9682844
/tmp/unfreezing_ablation_full_bibkj0rz/data/PhysioNet2022/training_data/84775_TV.wav,1.0,0.020292973
/tmp/unfreezing_ablation_full_bibkj0rz/data/PhysioNet2022/training_data/84780_AV.wav,1.0,0.043013923
/tmp/unfreezing_ablation_full_bibkj0rz/data/PhysioNet2022/training_data/84780_MV.wav,1.0,0.6982636
/tmp/unfreezing_ablation_full_bibkj0rz/data/PhysioNet2022/training_data/84780_PV.wav,1.0,0.25705367
/tmp/unfreezing_ablation_full_bibkj0rz/data/PhysioNet2022/training_data/84780_TV.wav,1.0,0.7562695
/tmp/unfreezing_ablation_full_bibkj0rz/data/PhysioNet2022/training_data/84784_AV.wav,1.0,0.14981054
/tmp/unfreezing_ablation_full_bibkj0rz/data/PhysioNet2022/training_data/84784_MV.wav,1.0,0.005782252
/tmp/unfreezing_ablation_full_bibkj0rz/data/PhysioNet2022/training_data/84790_AV.wav,1.0,0.08676958
/tmp/unfreezing_ablation_full_bibkj0rz/data/PhysioNet2022/training_data/84802_AV.wav,1.0,0.71566814
/tmp/unfreezing_ablation_full_bibkj0rz/data/PhysioNet2022/training_data/84802_MV.wav,1.0,0.82185847
/tmp/unfreezing_ablation_full_bibkj0rz/data/PhysioNet2022/training_data/84802_PV.wav,1.0,0.977196
/tmp/unfreezing_ablation_full_bibkj0rz/data/PhysioNet2022/training_data/84802_TV.wav,1.0,0.028243653
/tmp/unfreezing_ablation_full_bibkj0rz/data/PhysioNet2022/training_data/84808_AV.wav,1.0,0.6283722
/tmp/unfreezing_ablation_full_bibkj0rz/data/PhysioNet2022/training_data/84808_MV.wav,1.0,0.026262926
/tmp/unfreezing_ablation_full_bibkj0rz/data/PhysioNet2022/training_data/84808_PV.wav,1.0,0.0062269815
/tmp/unfreezing_ablation_full_bibkj0rz/data/PhysioNet2022/training_data/84808_TV.wav,1.0,0.083361164
/tmp/unfreezing_ablation_full_bibkj0rz/data/PhysioNet2022/training_data/84813_AV.wav,1.0,0.010717983
/tmp/unfreezing_ablation_full_bibkj0rz/data/PhysioNet2022/training_data/84813_MV.wav,1.0,0.010545726
/tmp/unfreezing_ablation_full_bibkj0rz/data/PhysioNet2022/training_data/84813_PV.wav,1.0,0.100667305
/tmp/unfreezing_ablation_full_bibkj0rz/data/PhysioNet2022/training_data/84813_TV.wav,1.0,0.011279365
/tmp/unfreezing_ablation_full_bibkj0rz/data/PhysioNet2022/training_data/84814_AV.wav,1.0,0.8860686
/tmp/unfreezing_ablation_full_bibkj0rz/data/PhysioNet2022/training_data/84814_PV.wav,1.0,0.011660592
/tmp/unfreezing_ablation_full_bibkj0rz/data/PhysioNet2022/training_data/84815_AV.wav,1.0,0.984455
/tmp/unfreezing_ablation_full_bibkj0rz/data/PhysioNet2022/training_data/84815_MV.wav,1.0,0.21935262
/tmp/unfreezing_ablation_full_bibkj0rz/data/PhysioNet2022/training_data/84815_PV.wav,1.0,0.051723704
/tmp/unfreezing_ablation_full_bibkj0rz/data/PhysioNet2022/training_data/84815_TV.wav,1.0,0.6610481
/tmp/unfreezing_ablation_full_bibkj0rz/data/PhysioNet2022/training_data/84822_AV.wav,1.0,0.026038438
/tmp/unfreezing_ablation_full_bibkj0rz/data/PhysioNet2022/training_data/84822_MV.wav,1.0,0.014354075
/tmp/unfreezing_ablation_full_bibkj0rz/data/PhysioNet2022/training_data/84822_PV.wav,1.0,0.019322949
/tmp/unfreezing_ablation_full_bibkj0rz/data/PhysioNet2022/training_data/84822_TV.wav,1.0,0.013468756
/tmp/unfreezing_ablation_full_bibkj0rz/data/PhysioNet2022/training_data/84826_AV.wav,1.0,0.98786795
/tmp/unfreezing_ablation_full_bibkj0rz/data/PhysioNet2022/training_data/84826_MV.wav,1.0,0.0073568462
/tmp/unfreezing_ablation_full_bibkj0rz/data/PhysioNet2022/training_data/84826_PV.wav,1.0,0.012294745
/tmp/unfreezing_ablation_full_bibkj0rz/data/PhysioNet2022/training_data/84826_TV.wav,1.0,0.01877716
/tmp/unfreezing_ablation_full_bibkj0rz/data/PhysioNet2022/training_data/84829_AV.wav,1.0,0.011294382
/tmp/unfreezing_ablation_full_bibkj0rz/data/PhysioNet2022/training_data/84829_MV.wav,1.0,0.70024514
/tmp/unfreezing_ablation_full_bibkj0rz/data/PhysioNet2022/training_data/84829_PV.wav,1.0,0.10518255
/tmp/unfreezing_ablation_full_bibkj0rz/data/PhysioNet2022/training_data/84829_TV.wav,1.0,0.011736052
/tmp/unfreezing_ablation_full_bibkj0rz/data/PhysioNet2022/training_data/84831_AV.wav,1.0,0.920205
/tmp/unfreezing_ablation_full_bibkj0rz/data/PhysioNet2022/training_data/84831_MV.wav,1.0,0.019434476
/tmp/unfreezing_ablation_full_bibkj0rz/data/PhysioNet2022/training_data/84831_PV.wav,1.0,0.47337914
/tmp/unfreezing_ablation_full_bibkj0rz/data/PhysioNet2022/training_data/84831_TV.wav,1.0,0.016070014
/tmp/unfreezing_ablation_full_bibkj0rz/data/PhysioNet2022/training_data/84834_AV.wav,1.0,0.8765403
/tmp/unfreezing_ablation_full_bibkj0rz/data/PhysioNet2022/training_data/84834_MV.wav,1.0,0.00937707
/tmp/unfreezing_ablation_full_bibkj0rz/data/PhysioNet2022/training_data/84834_PV.wav,1.0,0.0060417033
/tmp/unfreezing_ablation_full_bibkj0rz/data/PhysioNet2022/training_data/84834_TV.wav,1.0,0.011831749
/tmp/unfreezing_ablation_full_bibkj0rz/data/PhysioNet2022/training_data/84851_AV.wav,1.0,0.0043902956
/tmp/unfreezing_ablation_full_bibkj0rz/data/PhysioNet2022/training_data/84851_MV.wav,1.0,0.005373997
/tmp/unfreezing_ablation_full_bibkj0rz/data/PhysioNet2022/training_data/84851_PV.wav,1.0,0.061091103
/tmp/unfreezing_ablation_full_bibkj0rz/data/PhysioNet2022/training_data/84851_TV.wav,1.0,0.74643505
/tmp/unfreezing_ablation_full_bibkj0rz/data/PhysioNet2022/training_data/84856_AV.wav,1.0,0.015129407
/tmp/unfreezing_ablation_full_bibkj0rz/data/PhysioNet2022/training_data/84856_MV.wav,1.0,0.014234692
/tmp/unfreezing_ablation_full_bibkj0rz/data/PhysioNet2022/training_data/84856_PV.wav,1.0,0.034423653
/tmp/unfreezing_ablation_full_bibkj0rz/data/PhysioNet2022/training_data/84856_TV.wav,1.0,0.019525478
/tmp/unfreezing_ablation_full_bibkj0rz/data/PhysioNet2022/training_data/84859_AV.wav,1.0,0.01165116
/tmp/unfreezing_ablation_full_bibkj0rz/data/PhysioNet2022/training_data/84859_MV.wav,1.0,0.023506986
/tmp/unfreezing_ablation_full_bibkj0rz/data/PhysioNet2022/training_data/84859_PV.wav,1.0,0.012965729
/tmp/unfreezing_ablation_full_bibkj0rz/data/PhysioNet2022/training_data/84859_TV.wav,1.0,0.6645063
/tmp/unfreezing_ablation_full_bibkj0rz/data/PhysioNet2022/training_data/84863_AV.wav,1.0,0.011956967
/tmp/unfreezing_ablation_full_bibkj0rz/data/PhysioNet2022/training_data/84863_MV.wav,1.0,0.019241488
/tmp/unfreezing_ablation_full_bibkj0rz/data/PhysioNet2022/training_data/84863_PV.wav,1.0,0.020454474
/tmp/unfreezing_ablation_full_bibkj0rz/data/PhysioNet2022/training_data/84863_TV.wav,1.0,0.015686817
/tmp/unfreezing_ablation_full_bibkj0rz/data/PhysioNet2022/training_data/84868_AV.wav,1.0,0.97681135
/tmp/unfreezing_ablation_full_bibkj0rz/data/PhysioNet2022/training_data/84868_MV.wav,1.0,0.020952648
/tmp/unfreezing_ablation_full_bibkj0rz/data/PhysioNet2022/training_data/84868_PV.wav,1.0,0.06420526
/tmp/unfreezing_ablation_full_bibkj0rz/data/PhysioNet2022/training_data/84868_TV.wav,1.0,0.012688673
/tmp/unfreezing_ablation_full_bibkj0rz/data/PhysioNet2022/training_data/84876_AV.wav,1.0,0.022523945
/tmp/unfreezing_ablation_full_bibkj0rz/data/PhysioNet2022/training_data/84876_MV.wav,1.0,0.014940713
/tmp/unfreezing_ablation_full_bibkj0rz/data/PhysioNet2022/training_data/84879_AV.wav,1.0,0.3559156
/tmp/unfreezing_ablation_full_bibkj0rz/data/PhysioNet2022/training_data/84879_MV.wav,1.0,0.004880167
/tmp/unfreezing_ablation_full_bibkj0rz/data/PhysioNet2022/training_data/84879_PV.wav,1.0,0.626502
/tmp/unfreezing_ablation_full_bibkj0rz/data/PhysioNet2022/training_data/84879_TV.wav,1.0,0.0046708076
/tmp/unfreezing_ablation_full_bibkj0rz/data/PhysioNet2022/training_data/84882_AV.wav,1.0,0.014579044
/tmp/unfreezing_ablation_full_bibkj0rz/data/PhysioNet2022/training_data/84882_MV.wav,1.0,0.006164731
/tmp/unfreezing_ablation_full_bibkj0rz/data/PhysioNet2022/training_data/84882_PV.wav,1.0,0.003708232
/tmp/unfreezing_ablation_full_bibkj0rz/data/PhysioNet2022/training_data/84882_TV.wav,1.0,0.01613263
/tmp/unfreezing_ablation_full_bibkj0rz/data/PhysioNet2022/training_data/84883_AV.wav,1.0,0.11686847
/tmp/unfreezing_ablation_full_bibkj0rz/data/PhysioNet2022/training_data/84883_MV.wav,1.0,0.013886686
/tmp/unfreezing_ablation_full_bibkj0rz/data/PhysioNet2022/training_data/84883_PV.wav,1.0,0.25893605
/tmp/unfreezing_ablation_full_bibkj0rz/data/PhysioNet2022/training_data/84883_TV.wav,1.0,0.023903867
/tmp/unfreezing_ablation_full_bibkj0rz/data/PhysioNet2022/training_data/84884_AV.wav,1.0,0.031211758
/tmp/unfreezing_ablation_full_bibkj0rz/data/PhysioNet2022/training_data/84884_MV.wav,1.0,0.4087129
/tmp/unfreezing_ablation_full_bibkj0rz/data/PhysioNet2022/training_data/84884_PV.wav,1.0,0.012080446
/tmp/unfreezing_ablation_full_bibkj0rz/data/PhysioNet2022/training_data/84884_TV.wav,1.0,0.02432242
/tmp/unfreezing_ablation_full_bibkj0rz/data/PhysioNet2022/training_data/84887_AV.wav,1.0,0.122703195
/tmp/unfreezing_ablation_full_bibkj0rz/data/PhysioNet2022/training_data/84887_MV.wav,1.0,0.017843224
/tmp/unfreezing_ablation_full_bibkj0rz/data/PhysioNet2022/training_data/84887_PV.wav,1.0,0.005767075
/tmp/unfreezing_ablation_full_bibkj0rz/data/PhysioNet2022/training_data/84887_TV.wav,1.0,0.6959496
/tmp/unfreezing_ablation_full_bibkj0rz/data/PhysioNet2022/training_data/84892_AV.wav,1.0,0.047932323
/tmp/unfreezing_ablation_full_bibkj0rz/data/PhysioNet2022/training_data/84892_MV.wav,1.0,0.014856606
/tmp/unfreezing_ablation_full_bibkj0rz/data/PhysioNet2022/training_data/84892_PV.wav,1.0,0.017974349
/tmp/unfreezing_ablation_full_bibkj0rz/data/PhysioNet2022/training_data/84896_AV.wav,1.0,0.107443735
/tmp/unfreezing_ablation_full_bibkj0rz/data/PhysioNet2022/training_data/84896_MV.wav,1.0,0.08881729
/tmp/unfreezing_ablation_full_bibkj0rz/data/PhysioNet2022/training_data/84896_PV.wav,1.0,0.21353261
/tmp/unfreezing_ablation_full_bibkj0rz/data/PhysioNet2022/training_data/84896_TV.wav,1.0,0.039768893
/tmp/unfreezing_ablation_full_bibkj0rz/data/PhysioNet2022/training_data/84918_PV.wav,1.0,0.06455904
/tmp/unfreezing_ablation_full_bibkj0rz/data/PhysioNet2022/training_data/84919_PV.wav,1.0,0.005766837
/tmp/unfreezing_ablation_full_bibkj0rz/data/PhysioNet2022/training_data/84919_TV.wav,1.0,0.8319257
/tmp/unfreezing_ablation_full_bibkj0rz/data/PhysioNet2022/training_data/84923_AV.wav,1.0,0.045770206
/tmp/unfreezing_ablation_full_bibkj0rz/data/PhysioNet2022/training_data/84923_MV.wav,1.0,0.018826492
/tmp/unfreezing_ablation_full_bibkj0rz/data/PhysioNet2022/training_data/84923_PV.wav,1.0,0.0157311
/tmp/unfreezing_ablation_full_bibkj0rz/data/PhysioNet2022/training_data/84923_TV.wav,1.0,0.011105788
/tmp/unfreezing_ablation_full_bibkj0rz/data/PhysioNet2022/training_data/84931_AV.wav,1.0,0.0225989
/tmp/unfreezing_ablation_full_bibkj0rz/data/PhysioNet2022/training_data/84931_MV.wav,1.0,0.0333602
/tmp/unfreezing_ablation_full_bibkj0rz/data/PhysioNet2022/training_data/84931_PV.wav,1.0,0.08322104
/tmp/unfreezing_ablation_full_bibkj0rz/data/PhysioNet2022/training_data/84931_TV.wav,1.0,0.029353255
/tmp/unfreezing_ablation_full_bibkj0rz/data/PhysioNet2022/training_data/84933_AV.wav,1.0,0.60834724
/tmp/unfreezing_ablation_full_bibkj0rz/data/PhysioNet2022/training_data/84933_MV.wav,1.0,0.024658224
/tmp/unfreezing_ablation_full_bibkj0rz/data/PhysioNet2022/training_data/84933_PV.wav,1.0,0.042105988
/tmp/unfreezing_ablation_full_bibkj0rz/data/PhysioNet2022/training_data/84933_TV.wav,1.0,0.00798663
/tmp/unfreezing_ablation_full_bibkj0rz/data/PhysioNet2022/training_data/84934_AV.wav,1.0,0.117248304
/tmp/unfreezing_ablation_full_bibkj0rz/data/PhysioNet2022/training_data/84935_AV.wav,1.0,0.47654814
/tmp/unfreezing_ablation_full_bibkj0rz/data/PhysioNet2022/training_data/84935_MV.wav,1.0,0.65762603
/tmp/unfreezing_ablation_full_bibkj0rz/data/PhysioNet2022/training_data/84935_PV.wav,1.0,0.0060606785
/tmp/unfreezing_ablation_full_bibkj0rz/data/PhysioNet2022/training_data/84935_TV.wav,1.0,0.12724671
/tmp/unfreezing_ablation_full_bibkj0rz/data/PhysioNet2022/training_data/84936_AV.wav,1.0,0.0800791
/tmp/unfreezing_ablation_full_bibkj0rz/data/PhysioNet2022/training_data/84936_MV.wav,1.0,0.0053156908
/tmp/unfreezing_ablation_full_bibkj0rz/data/PhysioNet2022/training_data/84936_PV.wav,1.0,0.09684588
/tmp/unfreezing_ablation_full_bibkj0rz/data/PhysioNet2022/training_data/84936_TV.wav,1.0,0.08895132
/tmp/unfreezing_ablation_full_bibkj0rz/data/PhysioNet2022/training_data/84942_AV.wav,1.0,0.008633547
/tmp/unfreezing_ablation_full_bibkj0rz/data/PhysioNet2022/training_data/84942_PV.wav,1.0,0.9754376
/tmp/unfreezing_ablation_full_bibkj0rz/data/PhysioNet2022/training_data/84942_TV.wav,1.0,0.04605934
/tmp/unfreezing_ablation_full_bibkj0rz/data/PhysioNet2022/training_data/84946_AV.wav,1.0,0.0061202343
/tmp/unfreezing_ablation_full_bibkj0rz/data/PhysioNet2022/training_data/84946_MV.wav,1.0,0.018867008
/tmp/unfreezing_ablation_full_bibkj0rz/data/PhysioNet2022/training_data/84946_PV.wav,1.0,0.028281668
/tmp/unfreezing_ablation_full_bibkj0rz/data/PhysioNet2022/training_data/84946_TV.wav,1.0,0.0060144505
/tmp/unfreezing_ablation_full_bibkj0rz/data/PhysioNet2022/training_data/84949_AV.wav,1.0,0.014436496
/tmp/unfreezing_ablation_full_bibkj0rz/data/PhysioNet2022/training_data/84949_MV.wav,1.0,0.85278195
/tmp/unfreezing_ablation_full_bibkj0rz/data/PhysioNet2022/training_data/84949_PV.wav,1.0,0.14859784
/tmp/unfreezing_ablation_full_bibkj0rz/data/PhysioNet2022/training_data/84949_TV.wav,1.0,0.024715845
/tmp/unfreezing_ablation_full_bibkj0rz/data/PhysioNet2022/training_data/84962_AV.wav,1.0,0.96933526
/tmp/unfreezing_ablation_full_bibkj0rz/data/PhysioNet2022/training_data/84962_MV.wav,1.0,0.047501218
/tmp/unfreezing_ablation_full_bibkj0rz/data/PhysioNet2022/training_data/84962_PV.wav,1.0,0.018621292
/tmp/unfreezing_ablation_full_bibkj0rz/data/PhysioNet2022/training_data/84962_TV.wav,1.0,0.024508862
/tmp/unfreezing_ablation_full_bibkj0rz/data/PhysioNet2022/training_data/84966_AV.wav,1.0,0.006734401
/tmp/unfreezing_ablation_full_bibkj0rz/data/PhysioNet2022/training_data/84966_PV.wav,1.0,0.7044046
/tmp/unfreezing_ablation_full_bibkj0rz/data/PhysioNet2022/training_data/84970_AV.wav,1.0,0.009144244
/tmp/unfreezing_ablation_full_bibkj0rz/data/PhysioNet2022/training_data/84970_MV.wav,1.0,0.012027754
/tmp/unfreezing_ablation_full_bibkj0rz/data/PhysioNet2022/training_data/84971_MV.wav,1.0,0.013915661
/tmp/unfreezing_ablation_full_bibkj0rz/data/PhysioNet2022/training_data/84971_PV.wav,1.0,0.010132607
/tmp/unfreezing_ablation_full_bibkj0rz/data/PhysioNet2022/training_data/84971_TV.wav,1.0,0.008352615
/tmp/unfreezing_ablation_full_bibkj0rz/data/PhysioNet2022/training_data/84976_AV.wav,1.0,0.9565129
/tmp/unfreezing_ablation_full_bibkj0rz/data/PhysioNet2022/training_data/84976_MV.wav,1.0,0.0070701456
/tmp/unfreezing_ablation_full_bibkj0rz/data/PhysioNet2022/training_data/84976_PV.wav,1.0,0.039506316
/tmp/unfreezing_ablation_full_bibkj0rz/data/PhysioNet2022/training_data/84976_TV.wav,1.0,0.004390427
/tmp/unfreezing_ablation_full_bibkj0rz/data/PhysioNet2022/training_data/84977_AV.wav,1.0,0.0058941217
/tmp/unfreezing_ablation_full_bibkj0rz/data/PhysioNet2022/training_data/84977_MV.wav,1.0,0.0093104
/tmp/unfreezing_ablation_full_bibkj0rz/data/PhysioNet2022/training_data/84977_PV.wav,1.0,0.011254081
/tmp/unfreezing_ablation_full_bibkj0rz/data/PhysioNet2022/training_data/84977_TV.wav,1.0,0.09172985
/tmp/unfreezing_ablation_full_bibkj0rz/data/PhysioNet2022/training_data/84978_AV.wav,1.0,0.0071050515
/tmp/unfreezing_ablation_full_bibkj0rz/data/PhysioNet2022/training_data/84978_MV.wav,1.0,0.025995698
/tmp/unfreezing_ablation_full_bibkj0rz/data/PhysioNet2022/training_data/84978_PV.wav,1.0,0.025667349
/tmp/unfreezing_ablation_full_bibkj0rz/data/PhysioNet2022/training_data/84978_TV.wav,1.0,0.012007662
/tmp/unfreezing_ablation_full_bibkj0rz/data/PhysioNet2022/training_data/84982_AV.wav,1.0,0.011549001
/tmp/unfreezing_ablation_full_bibkj0rz/data/PhysioNet2022/training_data/84982_MV.wav,1.0,0.057396393
/tmp/unfreezing_ablation_full_bibkj0rz/data/PhysioNet2022/training_data/84982_PV.wav,1.0,0.005573838
/tmp/unfreezing_ablation_full_bibkj0rz/data/PhysioNet2022/training_data/84982_TV.wav,1.0,0.007589108
/tmp/unfreezing_ablation_full_bibkj0rz/data/PhysioNet2022/training_data/84983_MV.wav,1.0,0.0044426266
/tmp/unfreezing_ablation_full_bibkj0rz/data/PhysioNet2022/training_data/84983_PV.wav,1.0,0.24146998
/tmp/unfreezing_ablation_full_bibkj0rz/data/PhysioNet2022/training_data/84983_TV.wav,1.0,0.010209503
/tmp/unfreezing_ablation_full_bibkj0rz/data/PhysioNet2022/training_data/84985_AV.wav,1.0,0.01243521
/tmp/unfreezing_ablation_full_bibkj0rz/data/PhysioNet2022/training_data/84985_MV.wav,1.0,0.45142242
/tmp/unfreezing_ablation_full_bibkj0rz/data/PhysioNet2022/training_data/84985_PV.wav,1.0,0.015744882
/tmp/unfreezing_ablation_full_bibkj0rz/data/PhysioNet2022/training_data/84985_TV.wav,1.0,0.21325803
/tmp/unfreezing_ablation_full_bibkj0rz/data/PhysioNet2022/training_data/84990_AV.wav,1.0,0.019091975
/tmp/unfreezing_ablation_full_bibkj0rz/data/PhysioNet2022/training_data/84990_MV.wav,1.0,0.0050422125
/tmp/unfreezing_ablation_full_bibkj0rz/data/PhysioNet2022/training_data/84990_PV.wav,1.0,0.016349956
/tmp/unfreezing_ablation_full_bibkj0rz/data/PhysioNet2022/training_data/84990_TV.wav,1.0,0.08201889
/tmp/unfreezing_ablation_full_bibkj0rz/data/PhysioNet2022/training_data/84991_AV.wav,1.0,0.089284495
/tmp/unfreezing_ablation_full_bibkj0rz/data/PhysioNet2022/training_data/84991_MV.wav,1.0,0.009379994
/tmp/unfreezing_ablation_full_bibkj0rz/data/PhysioNet2022/training_data/84991_PV.wav,1.0,0.06390033
/tmp/unfreezing_ablation_full_bibkj0rz/data/PhysioNet2022/training_data/84991_TV.wav,1.0,0.006026823
/tmp/unfreezing_ablation_full_bibkj0rz/data/PhysioNet2022/training_data/84995_AV.wav,1.0,0.0080285035
/tmp/unfreezing_ablation_full_bibkj0rz/data/PhysioNet2022/training_data/84995_MV.wav,1.0,0.007914612
/tmp/unfreezing_ablation_full_bibkj0rz/data/PhysioNet2022/training_data/84996_AV.wav,1.0,0.10866247
/tmp/unfreezing_ablation_full_bibkj0rz/data/PhysioNet2022/training_data/84996_MV.wav,1.0,0.74344563
/tmp/unfreezing_ablation_full_bibkj0rz/data/PhysioNet2022/training_data/84996_PV.wav,1.0,0.16897108
/tmp/unfreezing_ablation_full_bibkj0rz/data/PhysioNet2022/training_data/84996_TV.wav,1.0,0.25685564
/tmp/unfreezing_ablation_full_bibkj0rz/data/PhysioNet2022/training_data/85004_MV.wav,1.0,0.01071586
/tmp/unfreezing_ablation_full_bibkj0rz/data/PhysioNet2022/training_data/85012_AV.wav,1.0,0.012409255
/tmp/unfreezing_ablation_full_bibkj0rz/data/PhysioNet2022/training_data/85012_MV.wav,1.0,0.025068127
/tmp/unfreezing_ablation_full_bibkj0rz/data/PhysioNet2022/training_data/85012_PV.wav,1.0,0.1271924
/tmp/unfreezing_ablation_full_bibkj0rz/data/PhysioNet2022/training_data/85012_TV.wav,1.0,0.10963694
/tmp/unfreezing_ablation_full_bibkj0rz/data/PhysioNet2022/training_data/85019_AV.wav,1.0,0.007277917
/tmp/unfreezing_ablation_full_bibkj0rz/data/PhysioNet2022/training_data/85019_MV.wav,1.0,0.004893858
/tmp/unfreezing_ablation_full_bibkj0rz/data/PhysioNet2022/training_data/85020_AV.wav,1.0,0.0075083035
/tmp/unfreezing_ablation_full_bibkj0rz/data/PhysioNet2022/training_data/85020_MV.wav,1.0,0.016692685
/tmp/unfreezing_ablation_full_bibkj0rz/data/PhysioNet2022/training_data/85020_PV.wav,1.0,0.047755837
/tmp/unfreezing_ablation_full_bibkj0rz/data/PhysioNet2022/training_data/85020_TV.wav,1.0,0.030959567
/tmp/unfreezing_ablation_full_bibkj0rz/data/PhysioNet2022/training_data/85034_AV.wav,1.0,0.26788214
/tmp/unfreezing_ablation_full_bibkj0rz/data/PhysioNet2022/training_data/85034_MV.wav,1.0,0.018419106
/tmp/unfreezing_ablation_full_bibkj0rz/data/PhysioNet2022/training_data/85035_AV.wav,1.0,0.0066865007
/tmp/unfreezing_ablation_full_bibkj0rz/data/PhysioNet2022/training_data/85035_MV.wav,1.0,0.21426952
/tmp/unfreezing_ablation_full_bibkj0rz/data/PhysioNet2022/training_data/85035_PV.wav,1.0,0.04429409
/tmp/unfreezing_ablation_full_bibkj0rz/data/PhysioNet2022/training_data/85035_TV.wav,1.0,0.032828003
/tmp/unfreezing_ablation_full_bibkj0rz/data/PhysioNet2022/training_data/85042_AV.wav,1.0,0.031398315
/tmp/unfreezing_ablation_full_bibkj0rz/data/PhysioNet2022/training_data/85042_MV.wav,1.0,0.025806017
/tmp/unfreezing_ablation_full_bibkj0rz/data/PhysioNet2022/training_data/85042_PV.wav,1.0,0.0121123735
/tmp/unfreezing_ablation_full_bibkj0rz/data/PhysioNet2022/training_data/85042_TV.wav,1.0,0.03986876
/tmp/unfreezing_ablation_full_bibkj0rz/data/PhysioNet2022/training_data/85046_AV.wav,1.0,0.09415028
/tmp/unfreezing_ablation_full_bibkj0rz/data/PhysioNet2022/training_data/85046_MV.wav,1.0,0.380918
/tmp/unfreezing_ablation_full_bibkj0rz/data/PhysioNet2022/training_data/85046_PV.wav,1.0,0.014688167
/tmp/unfreezing_ablation_full_bibkj0rz/data/PhysioNet2022/training_data/85046_TV.wav,1.0,0.04910501
/tmp/unfreezing_ablation_full_bibkj0rz/data/PhysioNet2022/training_data/85052_MV.wav,1.0,0.40838727
/tmp/unfreezing_ablation_full_bibkj0rz/data/PhysioNet2022/training_data/85052_PV.wav,1.0,0.07003422
/tmp/unfreezing_ablation_full_bibkj0rz/data/PhysioNet2022/training_data/85052_TV.wav,1.0,0.009828242
/tmp/unfreezing_ablation_full_bibkj0rz/data/PhysioNet2022/training_data/85053_AV.wav,1.0,0.08387184
/tmp/unfreezing_ablation_full_bibkj0rz/data/PhysioNet2022/training_data/85053_MV.wav,1.0,0.053941797
/tmp/unfreezing_ablation_full_bibkj0rz/data/PhysioNet2022/training_data/85053_PV.wav,1.0,0.0042673345
/tmp/unfreezing_ablation_full_bibkj0rz/data/PhysioNet2022/training_data/85053_TV.wav,1.0,0.035166983
/tmp/unfreezing_ablation_full_bibkj0rz/data/PhysioNet2022/training_data/85057_AV.wav,1.0,0.036553334
/tmp/unfreezing_ablation_full_bibkj0rz/data/PhysioNet2022/training_data/85057_MV.wav,1.0,0.007617194
/tmp/unfreezing_ablation_full_bibkj0rz/data/PhysioNet2022/training_data/85057_PV.wav,1.0,0.022893375
/tmp/unfreezing_ablation_full_bibkj0rz/data/PhysioNet2022/training_data/85057_TV.wav,1.0,0.016640123
/tmp/unfreezing_ablation_full_bibkj0rz/data/PhysioNet2022/training_data/85062_AV.wav,1.0,0.0046480563
/tmp/unfreezing_ablation_full_bibkj0rz/data/PhysioNet2022/training_data/85062_MV.wav,1.0,0.010078443
/tmp/unfreezing_ablation_full_bibkj0rz/data/PhysioNet2022/training_data/85062_PV.wav,1.0,0.0058257785
/tmp/unfreezing_ablation_full_bibkj0rz/data/PhysioNet2022/training_data/85062_TV.wav,1.0,0.008904828
/tmp/unfreezing_ablation_full_bibkj0rz/data/PhysioNet2022/training_data/85063_MV.wav,1.0,0.006289107
/tmp/unfreezing_ablation_full_bibkj0rz/data/PhysioNet2022/training_data/85066_MV.wav,1.0,0.17358889
/tmp/unfreezing_ablation_full_bibkj0rz/data/PhysioNet2022/training_data/85069_AV.wav,1.0,0.04694152
/tmp/unfreezing_ablation_full_bibkj0rz/data/PhysioNet2022/training_data/85069_MV.wav,1.0,0.016340902
/tmp/unfreezing_ablation_full_bibkj0rz/data/PhysioNet2022/training_data/85069_PV.wav,1.0,0.021348221
/tmp/unfreezing_ablation_full_bibkj0rz/data/PhysioNet2022/training_data/85069_TV.wav,1.0,0.014144911
/tmp/unfreezing_ablation_full_bibkj0rz/data/PhysioNet2022/training_data/85077_AV.wav,1.0,0.00993208
/tmp/unfreezing_ablation_full_bibkj0rz/data/PhysioNet2022/training_data/85077_MV.wav,1.0,0.18205667
/tmp/unfreezing_ablation_full_bibkj0rz/data/PhysioNet2022/training_data/85077_PV.wav,1.0,0.15451173
/tmp/unfreezing_ablation_full_bibkj0rz/data/PhysioNet2022/training_data/85077_TV.wav,1.0,0.024422856
/tmp/unfreezing_ablation_full_bibkj0rz/data/PhysioNet2022/training_data/85081_AV.wav,1.0,0.9650002
/tmp/unfreezing_ablation_full_bibkj0rz/data/PhysioNet2022/training_data/85081_MV.wav,1.0,0.029446136
/tmp/unfreezing_ablation_full_bibkj0rz/data/PhysioNet2022/training_data/85094_AV.wav,1.0,0.011897095
/tmp/unfreezing_ablation_full_bibkj0rz/data/PhysioNet2022/training_data/85094_MV.wav,1.0,0.012069228
/tmp/unfreezing_ablation_full_bibkj0rz/data/PhysioNet2022/training_data/85094_PV.wav,1.0,0.00814292
/tmp/unfreezing_ablation_full_bibkj0rz/data/PhysioNet2022/training_data/85094_TV.wav,1.0,0.021369658
/tmp/unfreezing_ablation_full_bibkj0rz/data/PhysioNet2022/training_data/85096_AV.wav,1.0,0.08021021
/tmp/unfreezing_ablation_full_bibkj0rz/data/PhysioNet2022/training_data/85096_MV.wav,1.0,0.0140475575
/tmp/unfreezing_ablation_full_bibkj0rz/data/PhysioNet2022/training_data/85096_PV.wav,1.0,0.029580161
/tmp/unfreezing_ablation_full_bibkj0rz/data/PhysioNet2022/training_data/85096_TV.wav,1.0,0.006222593
/tmp/unfreezing_ablation_full_bibkj0rz/data/PhysioNet2022/training_data/85099_AV.wav,1.0,0.0666002
/tmp/unfreezing_ablation_full_bibkj0rz/data/PhysioNet2022/training_data/85099_MV.wav,1.0,0.045239806
/tmp/unfreezing_ablation_full_bibkj0rz/data/PhysioNet2022/training_data/85099_PV.wav,1.0,0.1119226
/tmp/unfreezing_ablation_full_bibkj0rz/data/PhysioNet2022/training_data/85099_TV.wav,1.0,0.007172938
/tmp/unfreezing_ablation_full_bibkj0rz/data/PhysioNet2022/training_data/85100_AV.wav,1.0,0.013550856
/tmp/unfreezing_ablation_full_bibkj0rz/data/PhysioNet2022/training_data/85100_PV.wav,1.0,0.015210862
/tmp/unfreezing_ablation_full_bibkj0rz/data/PhysioNet2022/training_data/85102_AV.wav,1.0,0.13358493
/tmp/unfreezing_ablation_full_bibkj0rz/data/PhysioNet2022/training_data/85102_MV.wav,1.0,0.03491184
/tmp/unfreezing_ablation_full_bibkj0rz/data/PhysioNet2022/training_data/85102_PV.wav,1.0,0.010588173
/tmp/unfreezing_ablation_full_bibkj0rz/data/PhysioNet2022/training_data/85102_TV.wav,1.0,0.10261029
/tmp/unfreezing_ablation_full_bibkj0rz/data/PhysioNet2022/training_data/85103_AV.wav,1.0,0.011714349
/tmp/unfreezing_ablation_full_bibkj0rz/data/PhysioNet2022/training_data/85103_PV.wav,1.0,0.55878186
/tmp/unfreezing_ablation_full_bibkj0rz/data/PhysioNet2022/training_data/85103_TV.wav,1.0,0.004983386
/tmp/unfreezing_ablation_full_bibkj0rz/data/PhysioNet2022/training_data/85108_AV.wav,1.0,0.0062501384
/tmp/unfreezing_ablation_full_bibkj0rz/data/PhysioNet2022/training_data/85108_MV.wav,1.0,0.009398874
/tmp/unfreezing_ablation_full_bibkj0rz/data/PhysioNet2022/training_data/85108_PV.wav,1.0,0.3471811
/tmp/unfreezing_ablation_full_bibkj0rz/data/PhysioNet2022/training_data/85108_TV.wav,1.0,0.0206619
/tmp/unfreezing_ablation_full_bibkj0rz/data/PhysioNet2022/training_data/85109_AV.wav,1.0,0.17038555
/tmp/unfreezing_ablation_full_bibkj0rz/data/PhysioNet2022/training_data/85109_MV.wav,1.0,0.042031273
/tmp/unfreezing_ablation_full_bibkj0rz/data/PhysioNet2022/training_data/85109_PV.wav,1.0,0.014003765
/tmp/unfreezing_ablation_full_bibkj0rz/data/PhysioNet2022/training_data/85109_TV.wav,1.0,0.02721853
/tmp/unfreezing_ablation_full_bibkj0rz/data/PhysioNet2022/training_data/85110_AV.wav,1.0,0.01030812
/tmp/unfreezing_ablation_full_bibkj0rz/data/PhysioNet2022/training_data/85110_MV.wav,1.0,0.023149867
/tmp/unfreezing_ablation_full_bibkj0rz/data/PhysioNet2022/training_data/85110_PV.wav,1.0,0.012538566
/tmp/unfreezing_ablation_full_bibkj0rz/data/PhysioNet2022/training_data/85110_TV.wav,1.0,0.05857221
/tmp/unfreezing_ablation_full_bibkj0rz/data/PhysioNet2022/training_data/85115_AV.wav,1.0,0.08866154
/tmp/unfreezing_ablation_full_bibkj0rz/data/PhysioNet2022/training_data/85115_MV.wav,1.0,0.008051203
/tmp/unfreezing_ablation_full_bibkj0rz/data/PhysioNet2022/training_data/85115_PV.wav,1.0,0.029107098
/tmp/unfreezing_ablation_full_bibkj0rz/data/PhysioNet2022/training_data/85115_TV.wav,1.0,0.9767318
/tmp/unfreezing_ablation_full_bibkj0rz/data/PhysioNet2022/training_data/85118_AV.wav,1.0,0.030661734
/tmp/unfreezing_ablation_full_bibkj0rz/data/PhysioNet2022/training_data/85118_MV.wav,1.0,0.015990973
/tmp/unfreezing_ablation_full_bibkj0rz/data/PhysioNet2022/training_data/85118_PV.wav,1.0,0.22173159
/tmp/unfreezing_ablation_full_bibkj0rz/data/PhysioNet2022/training_data/85118_TV.wav,1.0,0.007352136
/tmp/unfreezing_ablation_full_bibkj0rz/data/PhysioNet2022/training_data/85119_AV.wav,1.0,0.0055797216
/tmp/unfreezing_ablation_full_bibkj0rz/data/PhysioNet2022/training_data/85119_MV.wav,1.0,0.016949782
/tmp/unfreezing_ablation_full_bibkj0rz/data/PhysioNet2022/training_data/85119_PV.wav,1.0,0.050029352
/tmp/unfreezing_ablation_full_bibkj0rz/data/PhysioNet2022/training_data/85119_TV.wav,1.0,0.0042963615
/tmp/unfreezing_ablation_full_bibkj0rz/data/PhysioNet2022/training_data/85121_AV.wav,1.0,0.601246
/tmp/unfreezing_ablation_full_bibkj0rz/data/PhysioNet2022/training_data/85121_MV.wav,1.0,0.034041055
/tmp/unfreezing_ablation_full_bibkj0rz/data/PhysioNet2022/training_data/85121_PV.wav,1.0,0.8536236
/tmp/unfreezing_ablation_full_bibkj0rz/data/PhysioNet2022/training_data/85121_TV.wav,1.0,0.97526205
/tmp/unfreezing_ablation_full_bibkj0rz/data/PhysioNet2022/training_data/85131_AV.wav,1.0,0.0051037367
/tmp/unfreezing_ablation_full_bibkj0rz/data/PhysioNet2022/training_data/85131_MV.wav,1.0,0.8107488
/tmp/unfreezing_ablation_full_bibkj0rz/data/PhysioNet2022/training_data/85131_PV.wav,1.0,0.00980246
/tmp/unfreezing_ablation_full_bibkj0rz/data/PhysioNet2022/training_data/85131_TV.wav,1.0,0.04287806
/tmp/unfreezing_ablation_full_bibkj0rz/data/PhysioNet2022/training_data/85134_AV.wav,1.0,0.025224194
/tmp/unfreezing_ablation_full_bibkj0rz/data/PhysioNet2022/training_data/85134_MV.wav,1.0,0.014512689
/tmp/unfreezing_ablation_full_bibkj0rz/data/PhysioNet2022/training_data/85134_PV.wav,1.0,0.37225366
/tmp/unfreezing_ablation_full_bibkj0rz/data/PhysioNet2022/training_data/85134_TV.wav,1.0,0.02123268
/tmp/unfreezing_ablation_full_bibkj0rz/data/PhysioNet2022/training_data/85139_MV.wav,1.0,0.007766181
/tmp/unfreezing_ablation_full_bibkj0rz/data/PhysioNet2022/training_data/85139_PV.wav,1.0,0.015139863
/tmp/unfreezing_ablation_full_bibkj0rz/data/PhysioNet2022/training_data/85139_TV.wav,1.0,0.6225206
/tmp/unfreezing_ablation_full_bibkj0rz/data/PhysioNet2022/training_data/85144_AV.wav,1.0,0.023402376
/tmp/unfreezing_ablation_full_bibkj0rz/data/PhysioNet2022/training_data/85144_MV.wav,1.0,0.03859006
/tmp/unfreezing_ablation_full_bibkj0rz/data/PhysioNet2022/training_data/85150_AV.wav,1.0,0.009712654
/tmp/unfreezing_ablation_full_bibkj0rz/data/PhysioNet2022/training_data/85150_PV.wav,1.0,0.04088561
/tmp/unfreezing_ablation_full_bibkj0rz/data/PhysioNet2022/training_data/85152_AV.wav,1.0,0.030796168
/tmp/unfreezing_ablation_full_bibkj0rz/data/PhysioNet2022/training_data/85152_MV.wav,1.0,0.025568534
/tmp/unfreezing_ablation_full_bibkj0rz/data/PhysioNet2022/training_data/85152_PV.wav,1.0,0.033098046
/tmp/unfreezing_ablation_full_bibkj0rz/data/PhysioNet2022/training_data/85152_TV.wav,1.0,0.014313
/tmp/unfreezing_ablation_full_bibkj0rz/data/PhysioNet2022/training_data/85157_AV.wav,1.0,0.051796675
/tmp/unfreezing_ablation_full_bibkj0rz/data/PhysioNet2022/training_data/85157_MV.wav,1.0,0.5047363
/tmp/unfreezing_ablation_full_bibkj0rz/data/PhysioNet2022/training_data/85157_PV.wav,1.0,0.0062140124
/tmp/unfreezing_ablation_full_bibkj0rz/data/PhysioNet2022/training_data/85157_TV.wav,1.0,0.09247948
/tmp/unfreezing_ablation_full_bibkj0rz/data/PhysioNet2022/training_data/85162_AV.wav,1.0,0.029010171
/tmp/unfreezing_ablation_full_bibkj0rz/data/PhysioNet2022/training_data/85162_MV.wav,1.0,0.083774135
/tmp/unfreezing_ablation_full_bibkj0rz/data/PhysioNet2022/training_data/85162_PV.wav,1.0,0.0074785
/tmp/unfreezing_ablation_full_bibkj0rz/data/PhysioNet2022/training_data/85162_TV.wav,1.0,0.0690077
/tmp/unfreezing_ablation_full_bibkj0rz/data/PhysioNet2022/training_data/85163_AV.wav,1.0,0.0058618444
/tmp/unfreezing_ablation_full_bibkj0rz/data/PhysioNet2022/training_data/85163_MV.wav,1.0,0.008601122
/tmp/unfreezing_ablation_full_bibkj0rz/data/PhysioNet2022/training_data/85163_PV.wav,1.0,0.031006658
/tmp/unfreezing_ablation_full_bibkj0rz/data/PhysioNet2022/training_data/85163_TV.wav,1.0,0.038569506
/tmp/unfreezing_ablation_full_bibkj0rz/data/PhysioNet2022/training_data/85164_AV.wav,1.0,0.5542029
/tmp/unfreezing_ablation_full_bibkj0rz/data/PhysioNet2022/training_data/85164_MV.wav,1.0,0.006295284
/tmp/unfreezing_ablation_full_bibkj0rz/data/PhysioNet2022/training_data/85164_PV.wav,1.0,0.016851438
/tmp/unfreezing_ablation_full_bibkj0rz/data/PhysioNet2022/training_data/85164_TV.wav,1.0,0.021507267
/tmp/unfreezing_ablation_full_bibkj0rz/data/PhysioNet2022/training_data/85168_AV.wav,1.0,0.016390381
/tmp/unfreezing_ablation_full_bibkj0rz/data/PhysioNet2022/training_data/85168_MV.wav,1.0,0.47780585
/tmp/unfreezing_ablation_full_bibkj0rz/data/PhysioNet2022/training_data/85168_PV.wav,1.0,0.91930956
/tmp/unfreezing_ablation_full_bibkj0rz/data/PhysioNet2022/training_data/85168_TV.wav,1.0,0.030334642
/tmp/unfreezing_ablation_full_bibkj0rz/data/PhysioNet2022/training_data/85174_AV.wav,1.0,0.0257257
/tmp/unfreezing_ablation_full_bibkj0rz/data/PhysioNet2022/training_data/85174_MV.wav,1.0,0.012011248
/tmp/unfreezing_ablation_full_bibkj0rz/data/PhysioNet2022/training_data/85174_PV.wav,1.0,0.44502014
/tmp/unfreezing_ablation_full_bibkj0rz/data/PhysioNet2022/training_data/85174_TV.wav,1.0,0.8072644
/tmp/unfreezing_ablation_full_bibkj0rz/data/PhysioNet2022/training_data/85175_AV.wav,1.0,0.0151322
/tmp/unfreezing_ablation_full_bibkj0rz/data/PhysioNet2022/training_data/85175_MV.wav,1.0,0.006976033
/tmp/unfreezing_ablation_full_bibkj0rz/data/PhysioNet2022/training_data/85175_PV.wav,1.0,0.0036459973
/tmp/unfreezing_ablation_full_bibkj0rz/data/PhysioNet2022/training_data/85175_TV.wav,1.0,0.11138401
/tmp/unfreezing_ablation_full_bibkj0rz/data/PhysioNet2022/training_data/85186_AV.wav,1.0,0.023985539
/tmp/unfreezing_ablation_full_bibkj0rz/data/PhysioNet2022/training_data/85186_PV.wav,1.0,0.017536204
/tmp/unfreezing_ablation_full_bibkj0rz/data/PhysioNet2022/training_data/85186_TV.wav,1.0,0.019741008
/tmp/unfreezing_ablation_full_bibkj0rz/data/PhysioNet2022/training_data/85202_AV.wav,1.0,0.03138529
/tmp/unfreezing_ablation_full_bibkj0rz/data/PhysioNet2022/training_data/85202_MV.wav,1.0,0.04803965
/tmp/unfreezing_ablation_full_bibkj0rz/data/PhysioNet2022/training_data/85207_AV.wav,1.0,0.11647421
/tmp/unfreezing_ablation_full_bibkj0rz/data/PhysioNet2022/training_data/85207_MV.wav,1.0,0.04219324
/tmp/unfreezing_ablation_full_bibkj0rz/data/PhysioNet2022/training_data/85207_PV.wav,1.0,0.09913282
/tmp/unfreezing_ablation_full_bibkj0rz/data/PhysioNet2022/training_data/85207_TV.wav,1.0,0.0068401033
/tmp/unfreezing_ablation_full_bibkj0rz/data/PhysioNet2022/training_data/85212_AV.wav,1.0,0.01490245
/tmp/unfreezing_ablation_full_bibkj0rz/data/PhysioNet2022/training_data/85212_MV.wav,1.0,0.041534107
/tmp/unfreezing_ablation_full_bibkj0rz/data/PhysioNet2022/training_data/85212_PV.wav,1.0,0.004811387
/tmp/unfreezing_ablation_full_bibkj0rz/data/PhysioNet2022/training_data/85212_TV.wav,1.0,0.01790514
/tmp/unfreezing_ablation_full_bibkj0rz/data/PhysioNet2022/training_data/85216_AV.wav,1.0,0.004303329
/tmp/unfreezing_ablation_full_bibkj0rz/data/PhysioNet2022/training_data/85216_MV.wav,1.0,0.016251871
/tmp/unfreezing_ablation_full_bibkj0rz/data/PhysioNet2022/training_data/85216_PV.wav,1.0,0.04319762
/tmp/unfreezing_ablation_full_bibkj0rz/data/PhysioNet2022/training_data/85216_TV.wav,1.0,0.004860622
/tmp/unfreezing_ablation_full_bibkj0rz/data/PhysioNet2022/training_data/85230_AV.wav,1.0,0.02974183
/tmp/unfreezing_ablation_full_bibkj0rz/data/PhysioNet2022/training_data/85230_MV.wav,1.0,0.0852572
/tmp/unfreezing_ablation_full_bibkj0rz/data/PhysioNet2022/training_data/85230_PV.wav,1.0,0.017393919
/tmp/unfreezing_ablation_full_bibkj0rz/data/PhysioNet2022/training_data/85230_TV.wav,1.0,0.023557946
/tmp/unfreezing_ablation_full_bibkj0rz/data/PhysioNet2022/training_data/85234_AV.wav,1.0,0.43150735
/tmp/unfreezing_ablation_full_bibkj0rz/data/PhysioNet2022/training_data/85234_MV.wav,1.0,0.05430987
/tmp/unfreezing_ablation_full_bibkj0rz/data/PhysioNet2022/training_data/85234_PV.wav,1.0,0.0042578224
/tmp/unfreezing_ablation_full_bibkj0rz/data/PhysioNet2022/training_data/85234_TV.wav,1.0,0.11422165
/tmp/unfreezing_ablation_full_bibkj0rz/data/PhysioNet2022/training_data/85236_AV.wav,1.0,0.09932293
/tmp/unfreezing_ablation_full_bibkj0rz/data/PhysioNet2022/training_data/85236_MV.wav,1.0,0.123287246
/tmp/unfreezing_ablation_full_bibkj0rz/data/PhysioNet2022/training_data/85236_PV.wav,1.0,0.009122426
/tmp/unfreezing_ablation_full_bibkj0rz/data/PhysioNet2022/training_data/85236_TV.wav,1.0,0.0041681263
/tmp/unfreezing_ablation_full_bibkj0rz/data/PhysioNet2022/training_data/85239_AV.wav,1.0,0.058996595
/tmp/unfreezing_ablation_full_bibkj0rz/data/PhysioNet2022/training_data/85239_MV.wav,1.0,0.14916308
/tmp/unfreezing_ablation_full_bibkj0rz/data/PhysioNet2022/training_data/85239_PV.wav,1.0,0.26146856
/tmp/unfreezing_ablation_full_bibkj0rz/data/PhysioNet2022/training_data/85239_TV.wav,1.0,0.21959251
/tmp/unfreezing_ablation_full_bibkj0rz/data/PhysioNet2022/training_data/85244_AV.wav,1.0,0.088352695
/tmp/unfreezing_ablation_full_bibkj0rz/data/PhysioNet2022/training_data/85244_MV.wav,1.0,0.091523446
/tmp/unfreezing_ablation_full_bibkj0rz/data/PhysioNet2022/training_data/85244_PV.wav,1.0,0.46113306
/tmp/unfreezing_ablation_full_bibkj0rz/data/PhysioNet2022/training_data/85244_TV.wav,1.0,0.09003107
/tmp/unfreezing_ablation_full_bibkj0rz/data/PhysioNet2022/training_data/85247_AV.wav,1.0,0.004206418
/tmp/unfreezing_ablation_full_bibkj0rz/data/PhysioNet2022/training_data/85247_MV.wav,1.0,0.024661139
/tmp/unfreezing_ablation_full_bibkj0rz/data/PhysioNet2022/training_data/85247_PV.wav,1.0,0.061027687
/tmp/unfreezing_ablation_full_bibkj0rz/data/PhysioNet2022/training_data/85247_TV.wav,1.0,0.25815323
/tmp/unfreezing_ablation_full_bibkj0rz/data/PhysioNet2022/training_data/85252_AV.wav,1.0,0.09275131
/tmp/unfreezing_ablation_full_bibkj0rz/data/PhysioNet2022/training_data/85252_MV.wav,1.0,0.009131304
/tmp/unfreezing_ablation_full_bibkj0rz/data/PhysioNet2022/training_data/85252_PV.wav,1.0,0.0063353484
/tmp/unfreezing_ablation_full_bibkj0rz/data/PhysioNet2022/training_data/85252_TV.wav,1.0,0.014048117
/tmp/unfreezing_ablation_full_bibkj0rz/data/PhysioNet2022/training_data/85253_AV.wav,1.0,0.012268276
/tmp/unfreezing_ablation_full_bibkj0rz/data/PhysioNet2022/training_data/85253_MV.wav,1.0,0.011346053
/tmp/unfreezing_ablation_full_bibkj0rz/data/PhysioNet2022/training_data/85253_PV.wav,1.0,0.082976766
/tmp/unfreezing_ablation_full_bibkj0rz/data/PhysioNet2022/training_data/85253_TV.wav,1.0,0.06938834
/tmp/unfreezing_ablation_full_bibkj0rz/data/PhysioNet2022/training_data/85258_AV.wav,1.0,0.024149505
/tmp/unfreezing_ablation_full_bibkj0rz/data/PhysioNet2022/training_data/85258_MV.wav,1.0,0.01798595
/tmp/unfreezing_ablation_full_bibkj0rz/data/PhysioNet2022/training_data/85258_PV.wav,1.0,0.107844956
/tmp/unfreezing_ablation_full_bibkj0rz/data/PhysioNet2022/training_data/85258_TV.wav,1.0,0.017323896
/tmp/unfreezing_ablation_full_bibkj0rz/data/PhysioNet2022/training_data/85276_MV.wav,1.0,0.017247537
/tmp/unfreezing_ablation_full_bibkj0rz/data/PhysioNet2022/training_data/85277_AV.wav,1.0,0.013435748
/tmp/unfreezing_ablation_full_bibkj0rz/data/PhysioNet2022/training_data/85277_MV.wav,1.0,0.007044297
/tmp/unfreezing_ablation_full_bibkj0rz/data/PhysioNet2022/training_data/85277_PV.wav,1.0,0.02318851
/tmp/unfreezing_ablation_full_bibkj0rz/data/PhysioNet2022/training_data/85277_TV.wav,1.0,0.014944615
/tmp/unfreezing_ablation_full_bibkj0rz/data/PhysioNet2022/training_data/85282_AV.wav,1.0,0.09896204
/tmp/unfreezing_ablation_full_bibkj0rz/data/PhysioNet2022/training_data/85282_MV.wav,1.0,0.610561
/tmp/unfreezing_ablation_full_bibkj0rz/data/PhysioNet2022/training_data/85282_PV.wav,1.0,0.03966693
/tmp/unfreezing_ablation_full_bibkj0rz/data/PhysioNet2022/training_data/85282_TV.wav,1.0,0.016972553
/tmp/unfreezing_ablation_full_bibkj0rz/data/PhysioNet2022/training_data/85285_AV.wav,1.0,0.004089685
/tmp/unfreezing_ablation_full_bibkj0rz/data/PhysioNet2022/training_data/85285_MV.wav,1.0,0.37899765
/tmp/unfreezing_ablation_full_bibkj0rz/data/PhysioNet2022/training_data/85285_PV.wav,1.0,0.06392044
/tmp/unfreezing_ablation_full_bibkj0rz/data/PhysioNet2022/training_data/85285_TV.wav,1.0,0.14691123
/tmp/unfreezing_ablation_full_bibkj0rz/data/PhysioNet2022/training_data/85293_AV.wav,1.0,0.023729356
/tmp/unfreezing_ablation_full_bibkj0rz/data/PhysioNet2022/training_data/85293_MV.wav,1.0,0.015933935
/tmp/unfreezing_ablation_full_bibkj0rz/data/PhysioNet2022/training_data/85293_PV.wav,1.0,0.008630692
/tmp/unfreezing_ablation_full_bibkj0rz/data/PhysioNet2022/training_data/85293_TV.wav,1.0,0.04783328
/tmp/unfreezing_ablation_full_bibkj0rz/data/PhysioNet2022/training_data/85312_AV.wav,1.0,0.06253942
/tmp/unfreezing_ablation_full_bibkj0rz/data/PhysioNet2022/training_data/85312_MV.wav,1.0,0.8524789
/tmp/unfreezing_ablation_full_bibkj0rz/data/PhysioNet2022/training_data/85312_PV.wav,1.0,0.10194964
/tmp/unfreezing_ablation_full_bibkj0rz/data/PhysioNet2022/training_data/85312_TV.wav,1.0,0.007016628
/tmp/unfreezing_ablation_full_bibkj0rz/data/PhysioNet2022/training_data/85317_AV.wav,1.0,0.022090143
/tmp/unfreezing_ablation_full_bibkj0rz/data/PhysioNet2022/training_data/85323_PV.wav,1.0,0.03233112
/tmp/unfreezing_ablation_full_bibkj0rz/data/PhysioNet2022/training_data/85326_AV.wav,1.0,0.031597435
/tmp/unfreezing_ablation_full_bibkj0rz/data/PhysioNet2022/training_data/85326_MV.wav,1.0,0.01546608
/tmp/unfreezing_ablation_full_bibkj0rz/data/PhysioNet2022/training_data/85326_PV.wav,1.0,0.17689201
/tmp/unfreezing_ablation_full_bibkj0rz/data/PhysioNet2022/training_data/85326_TV.wav,1.0,0.017397823
/tmp/unfreezing_ablation_full_bibkj0rz/data/PhysioNet2022/training_data/85334_AV.wav,1.0,0.9498982
/tmp/unfreezing_ablation_full_bibkj0rz/data/PhysioNet2022/training_data/85334_MV.wav,1.0,0.012959616
/tmp/unfreezing_ablation_full_bibkj0rz/data/PhysioNet2022/training_data/85334_PV.wav,1.0,0.9772978
/tmp/unfreezing_ablation_full_bibkj0rz/data/PhysioNet2022/training_data/85334_TV.wav,1.0,0.017325724
/tmp/unfreezing_ablation_full_bibkj0rz/data/PhysioNet2022/training_data/85339_MV.wav,1.0,0.011069692
/tmp/unfreezing_ablation_full_bibkj0rz/data/PhysioNet2022/training_data/85345_AV.wav,1.0,0.097806476
/tmp/unfreezing_ablation_full_bibkj0rz/data/PhysioNet2022/training_data/85345_PV.wav,1.0,0.09960166
/tmp/unfreezing_ablation_full_bibkj0rz/data/PhysioNet2022/training_data/85349_AV.wav,1.0,0.012920693
/tmp/unfreezing_ablation_full_bibkj0rz/data/PhysioNet2022/training_data/85349_PV.wav,1.0,0.048307266
/tmp/unfreezing_ablation_full_bibkj0rz/data/PhysioNet2022/training_data/85349_TV.wav,1.0,0.13686526
noise,0.0,0.024429176
noise,0.0,0.0047136378
noise,0.0,0.015045688
noise,0.0,0.68545556
noise,0.0,0.06992427
noise,0.0,0.095380954
noise,0.0,0.044056058
noise,0.0,0.01449368
noise,0.0,0.016739342
noise,0.0,0.75727075
noise,0.0,0.015625633
noise,0.0,0.07374857
noise,0.0,0.010253653
noise,0.0,0.7216367
noise,0.0,0.94714653
noise,0.0,0.012710657
noise,0.0,0.033600684
noise,0.0,0.019030882
noise,0.0,0.009266831
noise,0.0,0.009704364
noise,0.0,0.015055352
noise,0.0,0.0058284607
noise,0.0,0.042766634
noise,0.0,0.022572367
noise,0.0,0.11213546
noise,0.0,0.011202275
noise,0.0,0.007062652
noise,0.0,0.0715858
noise,0.0,0.37014022
noise,0.0,0.016018847
noise,0.0,0.010859531
noise,0.0,0.46711978
noise,0.0,0.00934634
noise,0.0,0.1760606
noise,0.0,0.019817209
noise,0.0,0.1320835
noise,0.0,0.010256707
noise,0.0,0.08165458
noise,0.0,0.031469602
noise,0.0,0.025728058
noise,0.0,0.027741142
noise,0.0,0.01548167
noise,0.0,0.012017515
noise,0.0,0.050436217
noise,0.0,0.015333695
noise,0.0,0.00894532
noise,0.0,0.024429176
noise,0.0,0.0066719837
noise,0.0,0.012355468
noise,0.0,0.014996726
noise,0.0,0.19633317
noise,0.0,0.006552527
noise,0.0,0.65251136
noise,0.0,0.59780467
noise,0.0,0.012533449
noise,0.0,0.26936045
noise,0.0,0.013557774
noise,0.0,0.16480584
noise,0.0,0.0050992975
noise,0.0,0.0062191794
noise,0.0,0.02654418
noise,0.0,0.0042792284
noise,0.0,0.047315005
noise,0.0,0.004718891
noise,0.0,0.75532943
noise,0.0,0.014359804
noise,0.0,0.006379619
noise,0.0,0.009758524
noise,0.0,0.06905501
noise,0.0,0.021355953
noise,0.0,0.009456131
noise,0.0,0.02509828
noise,0.0,0.004880913
noise,0.0,0.20231949
noise,0.0,0.3296348
noise,0.0,0.03629195
noise,0.0,0.011686029
noise,0.0,0.017587632
noise,0.0,0.011348065
noise,0.0,0.0043045697
noise,0.0,0.016584147
noise,0.0,0.04087353
noise,0.0,0.0038463203
noise,0.0,0.01065886
noise,0.0,0.5617582
noise,0.0,0.05340927
noise,0.0,0.006591979
noise,0.0,0.027198045
noise,0.0,0.003927169
noise,0.0,0.093536936
noise,0.0,0.0049231905
noise,0.0,0.061548468
noise,0.0,0.00880196
noise,0.0,0.013086048
noise,0.0,0.9830109
noise,0.0,0.08408755
noise,0.0,0.017790595
noise,0.0,0.005306579
noise,0.0,0.05168143
noise,0.0,0.004944921
noise,0.0,0.13691549
noise,0.0,0.036974676
noise,0.0,0.8019049
noise,0.0,0.0073159253
noise,0.0,0.040126543
noise,0.0,0.006831576
noise,0.0,0.016050482
noise,0.0,0.09922527
noise,0.0,0.6110179
noise,0.0,0.007556719
noise,0.0,0.021919621
noise,0.0,0.008187209
noise,0.0,0.00660216
noise,0.0,0.059669815
noise,0.0,0.02504933
noise,0.0,0.030299598
noise,0.0,0.08742102
noise,0.0,0.004806485
noise,0.0,0.21641207
noise,0.0,0.018735982
noise,0.0,0.0056458986
noise,0.0,0.010676253
noise,0.0,0.042009342
noise,0.0,0.027746096
noise,0.0,0.015845414
noise,0.0,0.071883515
noise,0.0,0.02320817
noise,0.0,0.013879753
noise,0.0,0.011811884
noise,0.0,0.14919294
noise,0.0,0.09592353
noise,0.0,0.022354588
noise,0.0,0.22501525
noise,0.0,0.010449721
noise,0.0,0.75645626
noise,0.0,0.00790562
noise,0.0,0.030999435
noise,0.0,0.008545401
noise,0.0,0.9737951
noise,0.0,0.008759611
noise,0.0,0.046372145
noise,0.0,0.025129192
noise,0.0,0.022433862
noise,0.0,0.016492723
noise,0.0,0.020784358
noise,0.0,0.036598057
noise,0.0,0.09150826
noise,0.0,0.0039166855
noise,0.0,0.040911984
noise,0.0,0.040612925
noise,0.0,0.01769408
noise,0.0,0.726658
noise,0.0,0.015571129
noise,0.0,0.005782329
noise,0.0,0.1627439
noise,0.0,0.05168143
noise,0.0,0.042102292
noise,0.0,0.082627974
noise,0.0,0.04433651
noise,0.0,0.6841678
noise,0.0,0.2009364
noise,0.0,0.010344352
noise,0.0,0.056862622
noise,0.0,0.994826
noise,0.0,0.04748945
noise,0.0,0.009486067
noise,0.0,0.012053883
noise,0.0,0.016714372
noise,0.0,0.39724672
noise,0.0,0.0079137245
noise,0.0,0.009874581
noise,0.0,0.009585797
noise,0.0,0.0044585145
noise,0.0,0.9580501
noise,0.0,0.86053413
noise,0.0,0.005368427
noise,0.0,0.009489357
noise,0.0,0.014452117
noise,0.0,0.0065941527
noise,0.0,0.076994665
noise,0.0,0.04831011
noise,0.0,0.033653438
noise,0.0,0.30931625
noise,0.0,0.011457622
noise,0.0,0.37561256
noise,0.0,0.013929194
noise,0.0,0.11763698
noise,0.0,0.0075902576
noise,0.0,0.03405053
noise,0.0,0.025873914
noise,0.0,0.36521745
noise,0.0,0.014084245
noise,0.0,0.0042898394
noise,0.0,0.14116521
noise,0.0,0.57578504
noise,0.0,0.020540701
noise,0.0,0.006746986
noise,0.0,0.004032064
noise,0.0,0.029249161
noise,0.0,0.19692497
noise,0.0,0.10049775
noise,0.0,0.14897738
noise,0.0,0.013637009
noise,0.0,0.0037399975
noise,0.0,0.004514901
noise,0.0,0.0076404493
noise,0.0,0.03286721
noise,0.0,0.0046641217
noise,0.0,0.049474522
noise,0.0,0.009327242
noise,0.0,0.023949375
noise,0.0,0.9232673
noise,0.0,0.11796221
noise,0.0,0.020660773
noise,0.0,0.019512746
noise,0.0,0.15935908
noise,0.0,0.7064298
noise,0.0,0.008395322
noise,0.0,0.10047716
noise,0.0,0.0076748864
noise,0.0,0.037265673
noise,0.0,0.0039614365
noise,0.0,0.027156547
noise,0.0,0.021507796
noise,0.0,0.00827492
noise,0.0,0.104557455
noise,0.0,0.036769137
noise,0.0,0.0044168644
noise,0.0,0.07879262
noise,0.0,0.0041685775
noise,0.0,0.011519259
noise,0.0,0.89792037
noise,0.0,0.016665079
noise,0.0,0.006659849
noise,0.0,0.0045249336
noise,0.0,0.019085314
noise,0.0,0.015571961
noise,0.0,0.004314944
noise,0.0,0.0049563646
noise,0.0,0.36555982
noise,0.0,0.017823303
noise,0.0,0.04286286
noise,0.0,0.0059631686
noise,0.0,0.19013862
noise,0.0,0.18917605
noise,0.0,0.029370567
noise,0.0,0.0041222568
noise,0.0,0.089737505
noise,0.0,0.016409041
noise,0.0,0.03219714
noise,0.0,0.060222425
noise,0.0,0.009914363
noise,0.0,0.010672989
noise,0.0,0.06171814
noise,0.0,0.009648477
noise,0.0,0.006070504
noise,0.0,0.030094596
noise,0.0,0.012025222
noise,0.0,0.93811035
noise,0.0,0.008130498
noise,0.0,0.012524888
noise,0.0,0.036563538
noise,0.0,0.0037401218
noise,0.0,0.0345711
noise,0.0,0.013906706
noise,0.0,0.053216185
noise,0.0,0.012561856
noise,0.0,0.56691617
noise,0.0,0.13993698
noise,0.0,0.10883252
noise,0.0,0.0063114963
noise,0.0,0.0042162105
noise,0.0,0.11322502
noise,0.0,0.6914191
noise,0.0,0.01887673
noise,0.0,0.79026145
noise,0.0,0.014197751
noise,0.0,0.015248572
noise,0.0,0.013319656
noise,0.0,0.019883864
noise,0.0,0.91883874
noise,0.0,0.007866726
noise,0.0,0.005549672
noise,0.0,0.03411766
noise,0.0,0.010166682
noise,0.0,0.012264787
noise,0.0,0.9531382
noise,0.0,0.021291252
noise,0.0,0.5172407
noise,0.0,0.015787013
noise,0.0,0.027979346
noise,0.0,0.010419946
noise,0.0,0.028043306
noise,0.0,0.03115209
noise,0.0,0.04642376
noise,0.0,0.1896106
noise,0.0,0.004465621
noise,0.0,0.0060972585
noise,0.0,0.013587568
noise,0.0,0.0046872008
noise,0.0,0.5531454
noise,0.0,0.77521
noise,0.0,0.012674911
noise,0.0,0.0046306937
noise,0.0,0.017040014
noise,0.0,0.008548686
noise,0.0,0.044989903
noise,0.0,0.32782796
noise,0.0,0.004075236
noise,0.0,0.017721293
noise,0.0,0.004600936
noise,0.0,0.012157423
noise,0.0,0.030544046
noise,0.0,0.012431375
noise,0.0,0.01243306
noise,0.0,0.013361552
noise,0.0,0.16666062
noise,0.0,0.031254966
noise,0.0,0.003988149
noise,0.0,0.013539961
noise,0.0,0.047765065
noise,0.0,0.011523906
noise,0.0,0.009324194
noise,0.0,0.007923254
noise,0.0,0.0035726475
noise,0.0,0.013531022
noise,0.0,0.041582823
noise,0.0,0.020474115
noise,0.0,0.011586277
noise,0.0,0.70405054
noise,0.0,0.03577094
noise,0.0,0.024093607
noise,0.0,0.013574792
noise,0.0,0.06684355
noise,0.0,0.96968484
noise,0.0,0.04858927
noise,0.0,0.2635086
noise,0.0,0.015119022
noise,0.0,0.014995184
noise,0.0,0.056080163
noise,0.0,0.79300016
noise,0.0,0.019303476
noise,0.0,0.029296625
noise,0.0,0.011824509
noise,0.0,0.015352808
noise,0.0,0.97004426
noise,0.0,0.042210463
noise,0.0,0.023808626
noise,0.0,0.05852481
noise,0.0,0.014394158
noise,0.0,0.98882455
noise,0.0,0.6835512
noise,0.0,0.0063584833
noise,0.0,0.020788277
noise,0.0,0.0849045
noise,0.0,0.90156454
noise,0.0,0.015936328
noise,0.0,0.010429106
noise,0.0,0.014897915
noise,0.0,0.60777014
noise,0.0,0.11153301
noise,0.0,0.008992773
noise,0.0,0.006304485
noise,0.0,0.040883947
noise,0.0,0.017894996
noise,0.0,0.02042499
noise,0.0,0.049528778
noise,0.0,0.012222874
noise,0.0,0.020045774
noise,0.0,0.011827981
noise,0.0,0.08253138
noise,0.0,0.025153453
noise,0.0,0.5857676
noise,0.0,0.026610067
noise,0.0,0.018911848
noise,0.0,0.08105959
noise,0.0,0.43605128
noise,0.0,0.06983911
noise,0.0,0.05980682
noise,0.0,0.024991851
noise,0.0,0.07128285
noise,0.0,0.026183482
noise,0.0,0.061952718
noise,0.0,0.080155514
noise,0.0,0.025389919
noise,0.0,0.06954105
noise,0.0,0.19562058
noise,0.0,0.042851835
noise,0.0,0.003418778
noise,0.0,0.005769227
noise,0.0,0.034433354
noise,0.0,0.013671886
noise,0.0,0.0081177335
noise,0.0,0.0051579396
noise,0.0,0.0059740376
noise,0.0,0.006871252
noise,0.0,0.035198674
noise,0.0,0.019650392
noise,0.0,0.004933081
noise,0.0,0.029249249
noise,0.0,0.0405261
noise,0.0,0.27369466
noise,0.0,0.015044383
noise,0.0,0.012520059
noise,0.0,0.13839537
noise,0.0,0.033757787
noise,0.0,0.048827052
noise,0.0,0.010824564
noise,0.0,0.014316385
noise,0.0,0.0045763245
noise,0.0,0.08914354
noise,0.0,0.011705061
noise,0.0,0.007821604
noise,0.0,0.006879358
noise,0.0,0.01655016
noise,0.0,0.013509526
noise,0.0,0.050605673
noise,0.0,0.17211577
noise,0.0,0.01453103
noise,0.0,0.0051583922
noise,0.0,0.01748554
noise,0.0,0.046159737
noise,0.0,0.039709084
noise,0.0,0.013827066
noise,0.0,0.017467583
noise,0.0,0.01010918
noise,0.0,0.3843095
noise,0.0,0.53205603
noise,0.0,0.009901612
noise,0.0,0.0042420384
noise,0.0,0.28806037
noise,0.0,0.0047316444
noise,0.0,0.0060113375
noise,0.0,0.035123874
noise,0.0,0.006417945
noise,0.0,0.0068443706
noise,0.0,0.8431622
noise,0.0,0.029456437
noise,0.0,0.021800358
noise,0.0,0.4587318
noise,0.0,0.091708705
noise,0.0,0.017351443
noise,0.0,0.015399597
noise,0.0,0.014996726
noise,0.0,0.06728561
noise,0.0,0.022962661
noise,0.0,0.35324222
noise,0.0,0.19492444
noise,0.0,0.020902863
noise,0.0,0.06651786
noise,0.0,0.02116011
noise,0.0,0.003898745
noise,0.0,0.0038675698
noise,0.0,0.03265348
noise,0.0,0.012639306
noise,0.0,0.011714724
noise,0.0,0.17181985
noise,0.0,0.009952983
noise,0.0,0.05381969
noise,0.0,0.0144329695
noise,0.0,0.75471276
noise,0.0,0.013415165
noise,0.0,0.1043479
noise,0.0,0.008803045
noise,0.0,0.020804329
noise,0.0,0.07803971
noise,0.0,0.003276179
noise,0.0,0.017303858
noise,0.0,0.039225716
noise,0.0,0.10406374
noise,0.0,0.0074647795
noise,0.0,0.012924238
noise,0.0,0.94300526
noise,0.0,0.0054274863
noise,0.0,0.092845075
noise,0.0,0.03962866
noise,0.0,0.41721934
noise,0.0,0.013041164
noise,0.0,0.0037508549
noise,0.0,0.8975228
noise,0.0,0.017716091
noise,0.0,0.006074044
noise,0.0,0.021605382
noise,0.0,0.006158867
noise,0.0,0.0041442043
noise,0.0,0.01285044
noise,0.0,0.9384198
noise,0.0,0.018224396
noise,0.0,0.006537484
noise,0.0,0.008624806
noise,0.0,0.08708581
noise,0.0,0.010059702
noise,0.0,0.3819848
noise,0.0,0.021618329
noise,0.0,0.024834596
noise,0.0,0.023053952
noise,0.0,0.069321565
noise,0.0,0.042434882
noise,0.0,0.007343355
noise,0.0,0.023518162
noise,0.0,0.17805374
noise,0.0,0.8785183
noise,0.0,0.048764363
noise,0.0,0.87856203
noise,0.0,0.053773347
noise,0.0,0.012712009
noise,0.0,0.10122157
noise,0.0,0.0069397786
noise,0.0,0.011012657
noise,0.0,0.53385013
noise,0.0,0.014348565
noise,0.0,0.24506275
noise,0.0,0.105744824
noise,0.0,0.004239284
noise,0.0,0.004688246
noise,0.0,0.09677579
noise,0.0,0.0037130483
noise,0.0,0.00408382
noise,0.0,0.012382018
noise,0.0,0.01625351
noise,0.0,0.024927681
noise,0.0,0.023400934
noise,0.0,0.008321518
noise,0.0,0.010859531
noise,0.0,0.021881498
noise,0.0,0.024337476
noise,0.0,0.028425729
noise,0.0,0.043353584
noise,0.0,0.00666518
noise,0.0,0.44459906
noise,0.0,0.007856982
noise,0.0,0.011717374
noise,0.0,0.023218673
noise,0.0,0.085264094
noise,0.0,0.028008591
noise,0.0,0.00682507
noise,0.0,0.0052238684
noise,0.0,0.008206514
noise,0.0,0.031170404
noise,0.0,0.011265022
noise,0.0,0.021308178
noise,0.0,0.023879953
noise,0.0,0.68712056
noise,0.0,0.01387602
noise,0.0,0.009599179
noise,0.0,0.03471106
noise,0.0,0.014852685
noise,0.0,0.016818346
noise,0.0,0.012632934
noise,0.0,0.025461286
noise,0.0,0.015372797
noise,0.0,0.013469093
noise,0.0,0.05278663
noise,0.0,0.028864766
noise,0.0,0.019974349
noise,0.0,0.009407033
noise,0.0,0.011009343
noise,0.0,0.12356475
noise,0.0,0.0113856485
noise,0.0,0.016710015
noise,0.0,0.012187966
noise,0.0,0.017351443
noise,0.0,0.07808768
noise,0.0,0.6966613
noise,0.0,0.0052366923
noise,0.0,0.92525625
noise,0.0,0.89795023
noise,0.0,0.014571256
noise,0.0,0.004807156
noise,0.0,0.57831854
noise,0.0,0.10970334
noise,0.0,0.054606475
noise,0.0,0.06407507
noise,0.0,0.42403406
noise,0.0,0.123500526
noise,0.0,0.0071156826
noise,0.0,0.017074231
noise,0.0,0.046578776
noise,0.0,0.020637684
noise,0.0,0.1056196
noise,0.0,0.7887855
noise,0.0,0.23637488
noise,0.0,0.010291986
noise,0.0,0.012939771
noise,0.0,0.02118907
noise,0.0,0.016988343
noise,0.0,0.017330838
noise,0.0,0.021479638
noise,0.0,0.0226956
noise,0.0,0.0076054945
noise,0.0,0.0075610685
noise,0.0,0.0120652085
noise,0.0,0.023239478
noise,0.0,0.0053549386
noise,0.0,0.005660668
noise,0.0,0.17526202
noise,0.0,0.03089221
noise,0.0,0.017183471
noise,0.0,0.004508615
noise,0.0,0.02662764
noise,0.0,0.008295896
noise,0.0,0.31527007
noise,0.0,0.014988474
noise,0.0,0.011954293
noise,0.0,0.010994661
noise,0.0,0.096393764
noise,0.0,0.011436982
noise,0.0,0.007767394
noise,0.0,0.037195362
noise,0.0,0.05682195
noise,0.0,0.67622846
noise,0.0,0.31536952
noise,0.0,0.037935447
noise,0.0,0.0041027144
noise,0.0,0.55239016
noise,0.0,0.009896154
noise,0.0,0.011394272
noise,0.0,0.009701525
noise,0.0,0.015269328
noise,0.0,0.09763558
noise,0.0,0.42156208
noise,0.0,0.013089459
noise,0.0,0.011251019
noise,0.0,0.020634282
noise,0.0,0.015732473
noise,0.0,0.19488181
noise,0.0,0.016920995
noise,0.0,0.024330681
noise,0.0,0.02815538
noise,0.0,0.008614647
noise,0.0,0.017556196
noise,0.0,0.72820425
noise,0.0,0.08618663
noise,0.0,0.008565268
noise,0.0,0.39688316
noise,0.0,0.06817916
noise,0.0,0.006928217
noise,0.0,0.07359334
noise,0.0,0.6551541
noise,0.0,0.0067295586
noise,0.0,0.025052823
noise,0.0,0.017285686
noise,0.0,0.014377118
noise,0.0,0.060611196
noise,0.0,0.017510543
noise,0.0,0.010108244
noise,0.0,0.15135536
noise,0.0,0.010848847
noise,0.0,0.03431002
noise,0.0,0.014744087
noise,0.0,0.911274
noise,0.0,0.08184128
noise,0.0,0.013573324
noise,0.0,0.06648197
noise,0.0,0.043204125
noise,0.0,0.014092119
noise,0.0,0.0058996785
noise,0.0,0.02015231
noise,0.0,0.057561856
noise,0.0,0.1585978
noise,0.0,0.060135536
noise,0.0,0.009897658
noise,0.0,0.22162522
noise,0.0,0.0052707605
noise,0.0,0.018141093
noise,0.0,0.023723975
noise,0.0,0.020235192
noise,0.0,0.043172725
noise,0.0,0.012414848
noise,0.0,0.009953297
noise,0.0,0.0051632808
noise,0.0,0.027797144
noise,0.0,0.01688944
noise,0.0,0.011069201
noise,0.0,0.004856728
noise,0.0,0.14172378
noise,0.0,0.030843388
noise,0.0,0.0044161766
noise,0.0,0.26278684
noise,0.0,0.0079524685
noise,0.0,0.04201908
noise,0.0,0.005590633
noise,0.0,0.010693622
noise,0.0,0.0065383017
noise,0.0,0.04746523
noise,0.0,0.00568048
noise,0.0,0.14568566
noise,0.0,0.044004034
noise,0.0,0.4758066
noise,0.0,0.0058040894
noise,0.0,0.01073342
noise,0.0,0.011854578
noise,0.0,0.007863619
noise,0.0,0.7638583
noise,0.0,0.006031098
noise,0.0,0.28461528
noise,0.0,0.008906057
noise,0.0,0.014022014
noise,0.0,0.016286107
noise,0.0,0.022488244
noise,0.0,0.05692294
noise,0.0,0.7817852
noise,0.0,0.03815123
noise,0.0,0.0124386
noise,0.0,0.008984736
noise,0.0,0.020848224
noise,0.0,0.06483971
noise,0.0,0.010771314
noise,0.0,0.04133604
noise,0.0,0.048903525
noise,0.0,0.7314994
noise,0.0,0.38397047
noise,0.0,0.5435767
noise,0.0,0.033637077
noise,0.0,0.61006886
noise,0.0,0.038657747
noise,0.0,0.053654578
noise,0.0,0.04791039
noise,0.0,0.0053262194
noise,0.0,0.0071456437
noise,0.0,0.005907332
noise,0.0,0.9534973
noise,0.0,0.003978476
noise,0.0,0.010446102
noise,0.0,0.009489312
noise,0.0,0.004392368
noise,0.0,0.7362987
noise,0.0,0.008682817
noise,0.0,0.046218954
noise,0.0,0.11774506
noise,0.0,0.54365283
noise,0.0,0.007856982
noise,0.0,0.023390273
noise,0.0,0.022421777
noise,0.0,0.0043808282
noise,0.0,0.0074321744
noise,0.0,0.44959864
noise,0.0,0.00934362
noise,0.0,0.012766836
noise,0.0,0.02348208
noise,0.0,0.012661825
noise,0.0,0.015356522
noise,0.0,0.97934383
noise,0.0,0.0076583633
noise,0.0,0.00495716
noise,0.0,0.011656504
noise,0.0,0.006087246
noise,0.0,0.6759724
noise,0.0,0.0079524685
noise,0.0,0.059634976
noise,0.0,0.016655112
noise,0.0,0.0043577077
noise,0.0,0.057466187
noise,0.0,0.040130682
noise,0.0,0.029054098
noise,0.0,0.042328853
noise,0.0,0.019516716
noise,0.0,0.030196393
noise,0.0,0.98941714
noise,0.0,0.21624257
noise,0.0,0.010085259
noise,0.0,0.10545496
noise,0.0,0.43325844
noise,0.0,0.023480957
noise,0.0,0.032922547
noise,0.0,0.37482965
noise,0.0,0.02548227
noise,0.0,0.024050388
noise,0.0,0.0053888774
noise,0.0,0.03207495
noise,0.0,0.013864645
noise,0.0,0.045319747
noise,0.0,0.04132535
noise,0.0,0.011890156
noise,0.0,0.7517028
noise,0.0,0.03249779
noise,0.0,0.090967216
noise,0.0,0.116673924
noise,0.0,0.0036115113
noise,0.0,0.0072430084
noise,0.0,0.048071817
noise,0.0,0.0039159656
noise,0.0,0.03582061
noise,0.0,0.04030127
noise,0.0,0.026275625
noise,0.0,0.039950415
noise,0.0,0.008192414
noise,0.0,0.5500805
noise,0.0,0.0047895974
noise,0.0,0.27240425
noise,0.0,0.033943433
noise,0.0,0.025700845
noise,0.0,0.7900739
noise,0.0,0.009353557
noise,0.0,0.0045519955
noise,0.0,0.03223622
noise,0.0,0.0078239655
noise,0.0,0.018803956
noise,0.0,0.020157102
noise,0.0,0.043387357
noise,0.0,0.010579505
noise,0.0,0.01843954
noise,0.0,0.009946616
noise,0.0,0.066095196
noise,0.0,0.0097838435
noise,0.0,0.1342274
noise,0.0,0.014878097
noise,0.0,0.8094571
noise,0.0,0.013106824
noise,0.0,0.005572466
noise,0.0,0.015832836
noise,0.0,0.015357033
noise,0.0,0.0050226417
noise,0.0,0.05105877
noise,0.0,0.26328382
noise,0.0,0.047223605
noise,0.0,0.022593543
noise,0.0,0.0064999326
noise,0.0,0.23801453
noise,0.0,0.034448147
noise,0.0,0.9537331
noise,0.0,0.01794555
noise,0.0,0.5252475
noise,0.0,0.10257893
noise,0.0,0.007874359
noise,0.0,0.30032024
noise,0.0,0.015167609
noise,0.0,0.014111345
noise,0.0,0.018259786
noise,0.0,0.005349159
noise,0.0,0.010271752
noise,0.0,0.0067262216
noise,0.0,0.010112377
noise,0.0,0.021943009
noise,0.0,0.0039376924
noise,0.0,0.010767818
noise,0.0,0.03192915
noise,0.0,0.037581693
noise,0.0,0.056693237
noise,0.0,0.037058346
noise,0.0,0.08536481
noise,0.0,0.22986098
noise,0.0,0.055472486
noise,0.0,0.8567732
noise,0.0,0.07332285
noise,0.0,0.02694029
noise,0.0,0.04576175
noise,0.0,0.0055564293
noise,0.0,0.7521588
noise,0.0,0.009630027
noise,0.0,0.049828313
noise,0.0,0.0047314065
noise,0.0,0.021387113
noise,0.0,0.27001303
noise,0.0,0.013880229
noise,0.0,0.21479128
noise,0.0,0.08857287
noise,0.0,0.00735166
noise,0.0,0.009400268
noise,0.0,0.034216754
noise,0.0,0.010231238
noise,0.0,0.015752215
noise,0.0,0.0062294314
noise,0.0,0.47694945
noise,0.0,0.004413339
noise,0.0,0.01059138
noise,0.0,0.009796963
noise,0.0,0.03184828
noise,0.0,0.025096491
noise,0.0,0.016841518
noise,0.0,0.009931073
noise,0.0,0.0076791327
noise,0.0,0.3898231
noise,0.0,0.0054632784
noise,0.0,0.1493162
noise,0.0,0.021102238
noise,0.0,0.004783848
noise,0.0,0.3619481
noise,0.0,0.055564187
noise,0.0,0.006892337
noise,0.0,0.9219733
noise,0.0,0.0693609
noise,0.0,0.59121585
noise,0.0,0.19272065
noise,0.0,0.0113638565
noise,0.0,0.03336059
noise,0.0,0.29903743
noise,0.0,0.02179105
noise,0.0,0.008662192
noise,0.0,0.01024972
noise,0.0,0.009326405
noise,0.0,0.033427488
noise,0.0,0.028849725
noise,0.0,0.0057425746
noise,0.0,0.004180995
noise,0.0,0.011846531
noise,0.0,0.15948634
noise,0.0,0.14104697
noise,0.0,0.059818722
noise,0.0,0.05602321
noise,0.0,0.10257816
noise,0.0,0.018017808
noise,0.0,0.009219178
noise,0.0,0.0217132
noise,0.0,0.02256207
noise,0.0,0.012834342
noise,0.0,0.007912025
noise,0.0,0.48211676
noise,0.0,0.012169202
noise,0.0,0.0056522195
noise,0.0,0.029361026
noise,0.0,0.0029918998
noise,0.0,0.8034745
noise,0.0,0.013090729
noise,0.0,0.0043926197
noise,0.0,0.0054592793
noise,0.0,0.17766407
noise,0.0,0.0041165235
noise,0.0,0.0102157155
noise,0.0,0.045626033
noise,0.0,0.011251148
noise,0.0,0.007626268
noise,0.0,0.005909161
noise,0.0,0.009831866
noise,0.0,0.014556467
noise,0.0,0.6526589
noise,0.0,0.008890507
noise,0.0,0.0456115
noise,0.0,0.032174934
noise,0.0,0.0049881376
noise,0.0,0.7397672
noise,0.0,0.014774471
noise,0.0,0.025631111
noise,0.0,0.1034813
noise,0.0,0.004135478
noise,0.0,0.09744
noise,0.0,0.011307862
noise,0.0,0.009718242
noise,0.0,0.8570658
noise,0.0,0.02027658
noise,0.0,0.9821369
noise,0.0,0.029293235
noise,0.0,0.011436784
noise,0.0,0.07320135
noise,0.0,0.03468196
noise,0.0,0.023096766
noise,0.0,0.017882165
noise,0.0,0.03219597
noise,0.0,0.07144221
noise,0.0,0.6612386
noise,0.0,0.61713684
noise,0.0,0.40478292
noise,0.0,0.0036286076
noise,0.0,0.7701852
noise,0.0,0.004077567
noise,0.0,0.06046425
noise,0.0,0.02731577
noise,0.0,0.16691114
noise,0.0,0.01460719
noise,0.0,0.010643047
noise,0.0,0.010112501
noise,0.0,0.01818916
noise,0.0,0.05459976
noise,0.0,0.019362334
noise,0.0,0.021677786
noise,0.0,0.305706
noise,0.0,0.011577466
noise,0.0,0.1388386
noise,0.0,0.010402417
noise,0.0,0.23838766
noise,0.0,0.031054446
noise,0.0,0.021120751
noise,0.0,0.02090562
noise,0.0,0.006413641
noise,0.0,0.035437703
noise,0.0,0.013614238
noise,0.0,0.017342487
noise,0.0,0.014063145
noise,0.0,0.01570974
noise,0.0,0.0063291863
noise,0.0,0.030451879
noise,0.0,0.024914067
noise,0.0,0.0062422794
noise,0.0,0.42695892
noise,0.0,0.03610243
noise,0.0,0.111393765
noise,0.0,0.023015553
noise,0.0,0.0107393665
noise,0.0,0.012222839
noise,0.0,0.5940069
noise,0.0,0.11986912
noise,0.0,0.020962005
noise,0.0,0.020258982
noise,0.0,0.012959494
noise,0.0,0.0166056
noise,0.0,0.0056183473
noise,0.0,0.8091465
noise,0.0,0.0106779905
noise,0.0,0.011816766
noise,0.0,0.033385284
noise,0.0,0.012607764
noise,0.0,0.016676193
noise,0.0,0.04081365
noise,0.0,0.020220969
noise,0.0,0.07537613
noise,0.0,0.014147905
noise,0.0,0.041296203
noise,0.0,0.07008445
noise,0.0,0.013035942
noise,0.0,0.09845829
noise,0.0,0.00386559
noise,0.0,0.010235175
noise,0.0,0.043219108
noise,0.0,0.015518633
noise,0.0,0.059522364
noise,0.0,0.22901338
noise,0.0,0.038534902
noise,0.0,0.06463499
noise,0.0,0.06608288
noise,0.0,0.009758938
noise,0.0,0.009526412
noise,0.0,0.011003484
noise,0.0,0.03888575
noise,0.0,0.020983888
noise,0.0,0.13897571
noise,0.0,0.006817856
noise,0.0,0.07260161
noise,0.0,0.011193953
noise,0.0,0.70577747
noise,0.0,0.015817301
noise,0.0,0.2846283
noise,0.0,0.011140857
noise,0.0,0.008871719
noise,0.0,0.012617455
noise,0.0,0.015383192
noise,0.0,0.05060013
noise,0.0,0.12999363
noise,0.0,0.097774036
noise,0.0,0.0719496
noise,0.0,0.011924794
noise,0.0,0.10361125
noise,0.0,0.008240337
noise,0.0,0.012825391
noise,0.0,0.009184294
noise,0.0,0.06571619
noise,0.0,0.90124255
noise,0.0,0.0126070045
noise,0.0,0.046571437
noise,0.0,0.021363318
noise,0.0,0.0045757596
noise,0.0,0.012728081
noise,0.0,0.006837969
noise,0.0,0.22001845
noise,0.0,0.006457607
noise,0.0,0.051700886
noise,0.0,0.0039386516
noise,0.0,0.008247264
noise,0.0,0.67961335
noise,0.0,0.0053007756
noise,0.0,0.03731999
noise,0.0,0.0060919733
noise,0.0,0.013220253
noise,0.0,0.011887938
noise,0.0,0.6836005
noise,0.0,0.065137
noise,0.0,0.011029563
noise,0.0,0.018063659
noise,0.0,0.017925259
noise,0.0,0.45160437
noise,0.0,0.029978191
