filename,y_true,probs
/tmp/backbone_swap_hubert_h_t1xf1t/data/PhysioNet2022/training_data/13918_AV.wav,1.0,0.021259423
/tmp/backbone_swap_hubert_h_t1xf1t/data/PhysioNet2022/training_data/13918_MV.wav,1.0,0.022514606
/tmp/backbone_swap_hubert_h_t1xf1t/data/PhysioNet2022/training_data/13918_PV.wav,1.0,0.033720672
/tmp/backbone_swap_hubert_h_t1xf1t/data/PhysioNet2022/training_data/13918_TV.wav,1.0,0.4536611
/tmp/backbone_swap_hubert_h_t1xf1t/data/PhysioNet2022/training_data/14998_AV.wav,1.0,0.37611023
/tmp/backbone_swap_hubert_h_t1xf1t/data/PhysioNet2022/training_data/14998_MV.wav,1.0,0.024544131
/tmp/backbone_swap_hubert_h_t1xf1t/data/PhysioNet2022/training_data/14998_PV.wav,1.0,0.06566088
/tmp/backbone_swap_hubert_h_t1xf1t/data/PhysioNet2022/training_data/14998_TV.wav,1.0,0.046357054
/tmp/backbone_swap_hubert_h_t1xf1t/data/PhysioNet2022/training_data/2530_AV.wav,1.0,0.026249183
/tmp/backbone_swap_hubert_h_t1xf1t/data/PhysioNet2022/training_data/2530_MV.wav,1.0,0.6864338
/tmp/backbone_swap_hubert_h_t1xf1t/data/PhysioNet2022/training_data/2530_PV.wav,1.0,0.06559712
/tmp/backbone_swap_hubert_h_t1xf1t/data/PhysioNet2022/training_data/2530_TV.wav,1.0,0.034447633
/tmp/backbone_swap_hubert_h_t1xf1t/data/PhysioNet2022/training_data/29378_AV.wav,1.0,0.022864727
/tmp/backbone_swap_hubert_h_t1xf1t/data/PhysioNet2022/training_data/29378_MV.wav,1.0,0.022223704
/tmp/backbone_swap_hubert_h_t1xf1t/data/PhysioNet2022/training_data/36327_AV.wav,1.0,0.026142696
/tmp/backbone_swap_hubert_h_t1xf1t/data/PhysioNet2022/training_data/36327_MV.wav,1.0,0.025598232
/tmp/backbone_swap_hubert_h_t1xf1t/data/PhysioNet2022/training_data/36327_PV.wav,1.0,0.022952693
/tmp/backbone_swap_hubert_h_t1xf1t/data/PhysioNet2022/training_data/36327_TV.wav,1.0,0.109777704
/tmp/backbone_swap_hubert_h_t1xf1t/data/PhysioNet2022/training_data/46579_AV.wav,1.0,0.02469322
/tmp/backbone_swap_hubert_h_t1xf1t/data/PhysioNet2022/training_data/46579_MV.wav,1.0,0.02710153
/tmp/backbone_swap_hubert_h_t1xf1t/data/PhysioNet2022/training_data/46579_PV.wav,1.0,0.028026115
/tmp/backbone_swap_hubert_h_t1xf1t/data/PhysioNet2022/training_data/46579_TV.wav,1.0,0.024033513
/tmp/backbone_swap_hubert_h_t1xf1t/data/PhysioNet2022/training_data/47002_AV.wav,1.0,0.026733253
/tmp/backbone_swap_hubert_h_t1xf1t/data/PhysioNet2022/training_data/47002_MV.wav,1.0,0.02657577
/tmp/backbone_swap_hubert_h_t1xf1t/data/PhysioNet2022/training_data/49568_AV.wav,1.0,0.10363637
/tmp/backbone_swap_hubert_h_t1xf1t/data/PhysioNet2022/training_data/49568_MV.wav,1.0,0.30778387
/tmp/backbone_swap_hubert_h_t1xf1t/data/PhysioNet2022/training_data/49568_PV.wav,1.0,0.022193572
/tmp/backbone_swap_hubert_h_t1xf1t/data/PhysioNet2022/training_data/49568_TV.wav,1.0,0.022819718
/tmp/backbone_swap_hubert_h_t1xf1t/data/PhysioNet2022/training_data/49572_MV.wav,1.0,0.561369
/tmp/backbone_swap_hubert_h_t1xf1t/data/PhysioNet2022/training_data/49572_PV.wav,1.0,0.025358569
/tmp/backbone_swap_hubert_h_t1xf1t/data/PhysioNet2022/training_data/49572_TV.wav,1.0,0.02655082
/tmp/backbone_swap_hubert_h_t1xf1t/data/PhysioNet2022/training_data/49574_AV.wav,1.0,0.09144052
/tmp/backbone_swap_hubert_h_t1xf1t/data/PhysioNet2022/training_data/49574_MV.wav,1.0,0.022359513
/tmp/backbone_swap_hubert_h_t1xf1t/data/PhysioNet2022/training_data/49574_PV.wav,1.0,0.035306007
/tmp/backbone_swap_hubert_h_t1xf1t/data/PhysioNet2022/training_data/49574_TV.wav,1.0,0.021713883
/tmp/backbone_swap_hubert_h_t1xf1t/data/PhysioNet2022/training_data/49585_AV.wav,1.0,0.0639186
/tmp/backbone_swap_hubert_h_t1xf1t/data/PhysioNet2022/training_data/49585_MV.wav,1.0,0.022811638
/tmp/backbone_swap_hubert_h_t1xf1t/data/PhysioNet2022/training_data/49585_PV.wav,1.0,0.06556457
/tmp/backbone_swap_hubert_h_t1xf1t/data/PhysioNet2022/training_data/49585_TV.wav,1.0,0.16412136
/tmp/backbone_swap_hubert_h_t1xf1t/data/PhysioNet2022/training_data/49622_AV.wav,1.0,0.029438632
/tmp/backbone_swap_hubert_h_t1xf1t/data/PhysioNet2022/training_data/49622_MV.wav,1.0,0.318463
/tmp/backbone_swap_hubert_h_t1xf1t/data/PhysioNet2022/training_data/49638_AV.wav,1.0,0.15123402
/tmp/backbone_swap_hubert_h_t1xf1t/data/PhysioNet2022/training_data/49638_MV.wav,1.0,0.08442049
/tmp/backbone_swap_hubert_h_t1xf1t/data/PhysioNet2022/training_data/49638_PV.wav,1.0,0.02669766
/tmp/backbone_swap_hubert_h_t1xf1t/data/PhysioNet2022/training_data/49669_MV.wav,1.0,0.028846458
/tmp/backbone_swap_hubert_h_t1xf1t/data/PhysioNet2022/training_data/49669_PV.wav,1.0,0.3108061
/tmp/backbone_swap_hubert_h_t1xf1t/data/PhysioNet2022/training_data/49704_AV.wav,1.0,0.039969303
/tmp/backbone_swap_hubert_h_t1xf1t/data/PhysioNet2022/training_data/49704_MV.wav,1.0,0.026941514
/tmp/backbone_swap_hubert_h_t1xf1t/data/PhysioNet2022/training_data/49712_AV.wav,1.0,0.062726535
/tmp/backbone_swap_hubert_h_t1xf1t/data/PhysioNet2022/training_data/49712_MV.wav,1.0,0.022835832
/tmp/backbone_swap_hubert_h_t1xf1t/data/PhysioNet2022/training_data/49712_PV.wav,1.0,0.023892928
/tmp/backbone_swap_hubert_h_t1xf1t/data/PhysioNet2022/training_data/49712_TV.wav,1.0,0.3149798
/tmp/backbone_swap_hubert_h_t1xf1t/data/PhysioNet2022/training_data/49745_AV.wav,1.0,0.02254168
/tmp/backbone_swap_hubert_h_t1xf1t/data/PhysioNet2022/training_data/49745_MV.wav,1.0,0.024264805
/tmp/backbone_swap_hubert_h_t1xf1t/data/PhysioNet2022/training_data/49745_PV.wav,1.0,0.02161551
/tmp/backbone_swap_hubert_h_t1xf1t/data/PhysioNet2022/training_data/49745_TV.wav,1.0,0.041457154
/tmp/backbone_swap_hubert_h_t1xf1t/data/PhysioNet2022/training_data/49748_AV_1.wav,1.0,0.025024438
/tmp/backbone_swap_hubert_h_t1xf1t/data/PhysioNet2022/training_data/49748_AV_2.wav,1.0,0.025250768
/tmp/backbone_swap_hubert_h_t1xf1t/data/PhysioNet2022/training_data/49748_MV.wav,1.0,0.7026243
/tmp/backbone_swap_hubert_h_t1xf1t/data/PhysioNet2022/training_data/49748_PV_1.wav,1.0,0.02227265
/tmp/backbone_swap_hubert_h_t1xf1t/data/PhysioNet2022/training_data/49748_PV_2.wav,1.0,0.042651482
/tmp/backbone_swap_hubert_h_t1xf1t/data/PhysioNet2022/training_data/49748_TV.wav,1.0,0.021343404
/tmp/backbone_swap_hubert_h_t1xf1t/data/PhysioNet2022/training_data/49761_AV.wav,1.0,0.045128718
/tmp/backbone_swap_hubert_h_t1xf1t/data/PhysioNet2022/training_data/49761_MV.wav,1.0,0.02373693
/tmp/backbone_swap_hubert_h_t1xf1t/data/PhysioNet2022/training_data/49808_MV.wav,1.0,0.0840053
/tmp/backbone_swap_hubert_h_t1xf1t/data/PhysioNet2022/training_data/49808_PV.wav,1.0,0.025587466
/tmp/backbone_swap_hubert_h_t1xf1t/data/PhysioNet2022/training_data/49808_TV.wav,1.0,0.023691835
/tmp/backbone_swap_hubert_h_t1xf1t/data/PhysioNet2022/training_data/49821_AV.wav,1.0,0.027375562
/tmp/backbone_swap_hubert_h_t1xf1t/data/PhysioNet2022/training_data/49821_MV.wav,1.0,0.121506125
/tmp/backbone_swap_hubert_h_t1xf1t/data/PhysioNet2022/training_data/49821_PV.wav,1.0,0.028255686
/tmp/backbone_swap_hubert_h_t1xf1t/data/PhysioNet2022/training_data/49821_TV.wav,1.0,0.025369242
/tmp/backbone_swap_hubert_h_t1xf1t/data/PhysioNet2022/training_data/49823_MV.wav,1.0,0.061130207
/tmp/backbone_swap_hubert_h_t1xf1t/data/PhysioNet2022/training_data/49823_PV.wav,1.0,0.030128384
/tmp/backbone_swap_hubert_h_t1xf1t/data/PhysioNet2022/training_data/49823_TV.wav,1.0,0.022349283
/tmp/backbone_swap_hubert_h_t1xf1t/data/PhysioNet2022/training_data/49829_AV.wav,1.0,0.024054637
/tmp/backbone_swap_hubert_h_t1xf1t/data/PhysioNet2022/training_data/49829_MV.wav,1.0,0.027846849
/tmp/backbone_swap_hubert_h_t1xf1t/data/PhysioNet2022/training_data/49829_PV.wav,1.0,0.024271388
/tmp/backbone_swap_hubert_h_t1xf1t/data/PhysioNet2022/training_data/49829_TV.wav,1.0,0.025891637
/tmp/backbone_swap_hubert_h_t1xf1t/data/PhysioNet2022/training_data/49832_AV.wav,1.0,0.029586347
/tmp/backbone_swap_hubert_h_t1xf1t/data/PhysioNet2022/training_data/49832_MV.wav,1.0,0.022435702
/tmp/backbone_swap_hubert_h_t1xf1t/data/PhysioNet2022/training_data/49839_AV.wav,1.0,0.08753824
/tmp/backbone_swap_hubert_h_t1xf1t/data/PhysioNet2022/training_data/49839_MV.wav,1.0,0.024451662
/tmp/backbone_swap_hubert_h_t1xf1t/data/PhysioNet2022/training_data/49839_PV.wav,1.0,0.030969728
/tmp/backbone_swap_hubert_h_t1xf1t/data/PhysioNet2022/training_data/49839_TV.wav,1.0,0.714302
/tmp/backbone_swap_hubert_h_t1xf1t/data/PhysioNet2022/training_data/49854_AV.wav,1.0,0.27256435
/tmp/backbone_swap_hubert_h_t1xf1t/data/PhysioNet2022/training_data/49854_MV.wav,1.0,0.02461829
/tmp/backbone_swap_hubert_h_t1xf1t/data/PhysioNet2022/training_data/49854_PV.wav,1.0,0.040522546
/tmp/backbone_swap_hubert_h_t1xf1t/data/PhysioNet2022/training_data/49854_TV.wav,1.0,0.079202875
/tmp/backbone_swap_hubert_h_t1xf1t/data/PhysioNet2022/training_data/49873_AV.wav,1.0,0.022985728
/tmp/backbone_swap_hubert_h_t1xf1t/data/PhysioNet2022/training_data/49873_MV.wav,1.0,0.095391
/tmp/backbone_swap_hubert_h_t1xf1t/data/PhysioNet2022/training_data/49876_AV.wav,1.0,0.044791806
/tmp/backbone_swap_hubert_h_t1xf1t/data/PhysioNet2022/training_data/49876_MV.wav,1.0,0.023530437
/tmp/backbone_swap_hubert_h_t1xf1t/data/PhysioNet2022/training_data/49876_PV.wav,1.0,0.022071986
/tmp/backbone_swap_hubert_h_t1xf1t/data/PhysioNet2022/training_data/49876_TV.wav,1.0,0.02841108
/tmp/backbone_swap_hubert_h_t1xf1t/data/PhysioNet2022/training_data/49896_AV.wav,1.0,0.022299904
/tmp/backbone_swap_hubert_h_t1xf1t/data/PhysioNet2022/training_data/49896_MV.wav,1.0,0.03478075
/tmp/backbone_swap_hubert_h_t1xf1t/data/PhysioNet2022/training_data/49896_PV.wav,1.0,0.024098653
/tmp/backbone_swap_hubert_h_t1xf1t/data/PhysioNet2022/training_data/49896_TV.wav,1.0,0.02342692
/tmp/backbone_swap_hubert_h_t1xf1t/data/PhysioNet2022/training_data/49900_AV.wav,1.0,0.024281079
/tmp/backbone_swap_hubert_h_t1xf1t/data/PhysioNet2022/training_data/49900_MV.wav,1.0,0.025585303
/tmp/backbone_swap_hubert_h_t1xf1t/data/PhysioNet2022/training_data/49930_AV.wav,1.0,0.025233159
/tmp/backbone_swap_hubert_h_t1xf1t/data/PhysioNet2022/training_data/49930_MV.wav,1.0,0.023400126
/tmp/backbone_swap_hubert_h_t1xf1t/data/PhysioNet2022/training_data/49930_PV.wav,1.0,0.16214642
/tmp/backbone_swap_hubert_h_t1xf1t/data/PhysioNet2022/training_data/49930_TV.wav,1.0,0.025324132
/tmp/backbone_swap_hubert_h_t1xf1t/data/PhysioNet2022/training_data/49946_MV.wav,1.0,0.02328871
/tmp/backbone_swap_hubert_h_t1xf1t/data/PhysioNet2022/training_data/49946_PV.wav,1.0,0.29955474
/tmp/backbone_swap_hubert_h_t1xf1t/data/PhysioNet2022/training_data/49946_TV.wav,1.0,0.021545473
/tmp/backbone_swap_hubert_h_t1xf1t/data/PhysioNet2022/training_data/49959_AV.wav,1.0,0.026352318
/tmp/backbone_swap_hubert_h_t1xf1t/data/PhysioNet2022/training_data/49959_MV.wav,1.0,0.24236546
/tmp/backbone_swap_hubert_h_t1xf1t/data/PhysioNet2022/training_data/49968_MV.wav,1.0,0.027729364
/tmp/backbone_swap_hubert_h_t1xf1t/data/PhysioNet2022/training_data/49968_PV.wav,1.0,0.027435794
/tmp/backbone_swap_hubert_h_t1xf1t/data/PhysioNet2022/training_data/49968_TV.wav,1.0,0.040640168
/tmp/backbone_swap_hubert_h_t1xf1t/data/PhysioNet2022/training_data/49980_AV.wav,1.0,0.12871106
/tmp/backbone_swap_hubert_h_t1xf1t/data/PhysioNet2022/training_data/49980_MV.wav,1.0,0.025775092
/tmp/backbone_swap_hubert_h_t1xf1t/data/PhysioNet2022/training_data/49980_PV.wav,1.0,0.023927087
/tmp/backbone_swap_hubert_h_t1xf1t/data/PhysioNet2022/training_data/49980_TV.wav,1.0,0.06470319
/tmp/backbone_swap_hubert_h_t1xf1t/data/PhysioNet2022/training_data/49983_AV.wav,1.0,0.029168231
/tmp/backbone_swap_hubert_h_t1xf1t/data/PhysioNet2022/training_data/49983_MV.wav,1.0,0.02825023
/tmp/backbone_swap_hubert_h_t1xf1t/data/PhysioNet2022/training_data/49983_PV.wav,1.0,0.023914801
/tmp/backbone_swap_hubert_h_t1xf1t/data/PhysioNet2022/training_data/49983_TV.wav,1.0,0.023398176
/tmp/backbone_swap_hubert_h_t1xf1t/data/PhysioNet2022/training_data/49989_MV.wav,1.0,0.721945
/tmp/backbone_swap_hubert_h_t1xf1t/data/PhysioNet2022/training_data/49989_PV.wav,1.0,0.021168038
/tmp/backbone_swap_hubert_h_t1xf1t/data/PhysioNet2022/training_data/49999_AV.wav,1.0,0.024966203
/tmp/backbone_swap_hubert_h_t1xf1t/data/PhysioNet2022/training_data/49999_MV.wav,1.0,0.02627702
/tmp/backbone_swap_hubert_h_t1xf1t/data/PhysioNet2022/training_data/49999_PV.wav,1.0,0.027470926
/tmp/backbone_swap_hubert_h_t1xf1t/data/PhysioNet2022/training_data/49999_TV.wav,1.0,0.03175372
/tmp/backbone_swap_hubert_h_t1xf1t/data/PhysioNet2022/training_data/50004_MV.wav,1.0,0.04267879
/tmp/backbone_swap_hubert_h_t1xf1t/data/PhysioNet2022/training_data/50004_PV.wav,1.0,0.03280741
/tmp/backbone_swap_hubert_h_t1xf1t/data/PhysioNet2022/training_data/50004_TV.wav,1.0,0.021913806
/tmp/backbone_swap_hubert_h_t1xf1t/data/PhysioNet2022/training_data/50005_MV.wav,1.0,0.038491666
/tmp/backbone_swap_hubert_h_t1xf1t/data/PhysioNet2022/training_data/50017_AV.wav,1.0,0.021697855
/tmp/backbone_swap_hubert_h_t1xf1t/data/PhysioNet2022/training_data/50017_MV.wav,1.0,0.03022965
/tmp/backbone_swap_hubert_h_t1xf1t/data/PhysioNet2022/training_data/50017_PV.wav,1.0,0.029542066
/tmp/backbone_swap_hubert_h_t1xf1t/data/PhysioNet2022/training_data/50017_TV.wav,1.0,0.022111785
/tmp/backbone_swap_hubert_h_t1xf1t/data/PhysioNet2022/training_data/50023_AV.wav,1.0,0.03788
/tmp/backbone_swap_hubert_h_t1xf1t/data/PhysioNet2022/training_data/50023_MV.wav,1.0,0.028222136
/tmp/backbone_swap_hubert_h_t1xf1t/data/PhysioNet2022/training_data/50023_PV.wav,1.0,0.036886014
/tmp/backbone_swap_hubert_h_t1xf1t/data/PhysioNet2022/training_data/50023_TV.wav,1.0,0.024250738
/tmp/backbone_swap_hubert_h_t1xf1t/data/PhysioNet2022/training_data/50049_AV.wav,1.0,0.040354613
/tmp/backbone_swap_hubert_h_t1xf1t/data/PhysioNet2022/training_data/50049_MV.wav,1.0,0.024304543
/tmp/backbone_swap_hubert_h_t1xf1t/data/PhysioNet2022/training_data/50049_PV.wav,1.0,0.022206178
/tmp/backbone_swap_hubert_h_t1xf1t/data/PhysioNet2022/training_data/50049_TV.wav,1.0,0.3997868
/tmp/backbone_swap_hubert_h_t1xf1t/data/PhysioNet2022/training_data/50054_AV.wav,1.0,0.036623213
/tmp/backbone_swap_hubert_h_t1xf1t/data/PhysioNet2022/training_data/50054_MV.wav,1.0,0.02498762
/tmp/backbone_swap_hubert_h_t1xf1t/data/PhysioNet2022/training_data/50054_PV.wav,1.0,0.022642048
/tmp/backbone_swap_hubert_h_t1xf1t/data/PhysioNet2022/training_data/50054_TV.wav,1.0,0.024264183
/tmp/backbone_swap_hubert_h_t1xf1t/data/PhysioNet2022/training_data/50057_MV.wav,1.0,0.05622984
/tmp/backbone_swap_hubert_h_t1xf1t/data/PhysioNet2022/training_data/50057_PV.wav,1.0,0.025563255
/tmp/backbone_swap_hubert_h_t1xf1t/data/PhysioNet2022/training_data/50057_TV.wav,1.0,0.54848874
/tmp/backbone_swap_hubert_h_t1xf1t/data/PhysioNet2022/training_data/50061_AV.wav,1.0,0.45748162
/tmp/backbone_swap_hubert_h_t1xf1t/data/PhysioNet2022/training_data/50061_MV.wav,1.0,0.026307112
/tmp/backbone_swap_hubert_h_t1xf1t/data/PhysioNet2022/training_data/50061_PV.wav,1.0,0.02888789
/tmp/backbone_swap_hubert_h_t1xf1t/data/PhysioNet2022/training_data/50061_TV.wav,1.0,0.2910121
/tmp/backbone_swap_hubert_h_t1xf1t/data/PhysioNet2022/training_data/50066_AV.wav,1.0,0.023508009
/tmp/backbone_swap_hubert_h_t1xf1t/data/PhysioNet2022/training_data/50066_MV.wav,1.0,0.025315974
/tmp/backbone_swap_hubert_h_t1xf1t/data/PhysioNet2022/training_data/50070_AV.wav,1.0,0.09942303
/tmp/backbone_swap_hubert_h_t1xf1t/data/PhysioNet2022/training_data/50070_MV.wav,1.0,0.4666272
/tmp/backbone_swap_hubert_h_t1xf1t/data/PhysioNet2022/training_data/50070_PV.wav,1.0,0.030500771
/tmp/backbone_swap_hubert_h_t1xf1t/data/PhysioNet2022/training_data/50070_TV.wav,1.0,0.06923368
/tmp/backbone_swap_hubert_h_t1xf1t/data/PhysioNet2022/training_data/50074_AV.wav,1.0,0.2452997
/tmp/backbone_swap_hubert_h_t1xf1t/data/PhysioNet2022/training_data/50074_MV.wav,1.0,0.16082688
/tmp/backbone_swap_hubert_h_t1xf1t/data/PhysioNet2022/training_data/50074_PV.wav,1.0,0.02352578
/tmp/backbone_swap_hubert_h_t1xf1t/data/PhysioNet2022/training_data/50074_TV.wav,1.0,0.023557665
/tmp/backbone_swap_hubert_h_t1xf1t/data/PhysioNet2022/training_data/50077_MV.wav,1.0,0.021308687
/tmp/backbone_swap_hubert_h_t1xf1t/data/PhysioNet2022/training_data/50085_AV.wav,1.0,0.025544837
/tmp/backbone_swap_hubert_h_t1xf1t/data/PhysioNet2022/training_data/50085_MV.wav,1.0,0.06168641
/tmp/backbone_swap_hubert_h_t1xf1t/data/PhysioNet2022/training_data/50085_PV.wav,1.0,0.1914678
/tmp/backbone_swap_hubert_h_t1xf1t/data/PhysioNet2022/training_data/50085_TV.wav,1.0,0.032142807
/tmp/backbone_swap_hubert_h_t1xf1t/data/PhysioNet2022/training_data/50100_AV.wav,1.0,0.5020263
/tmp/backbone_swap_hubert_h_t1xf1t/data/PhysioNet2022/training_data/50100_MV.wav,1.0,0.024259973
/tmp/backbone_swap_hubert_h_t1xf1t/data/PhysioNet2022/training_data/50105_MV.wav,1.0,0.021740407
/tmp/backbone_swap_hubert_h_t1xf1t/data/PhysioNet2022/training_data/50105_PV.wav,1.0,0.03160473
/tmp/backbone_swap_hubert_h_t1xf1t/data/PhysioNet2022/training_data/50105_TV.wav,1.0,0.022323435
/tmp/backbone_swap_hubert_h_t1xf1t/data/PhysioNet2022/training_data/50118_MV.wav,1.0,0.45064515
/tmp/backbone_swap_hubert_h_t1xf1t/data/PhysioNet2022/training_data/50118_PV.wav,1.0,0.039051335
/tmp/backbone_swap_hubert_h_t1xf1t/data/PhysioNet2022/training_data/50118_TV.wav,1.0,0.028393822
/tmp/backbone_swap_hubert_h_t1xf1t/data/PhysioNet2022/training_data/50122_MV.wav,1.0,0.9850728
/tmp/backbone_swap_hubert_h_t1xf1t/data/PhysioNet2022/training_data/50122_PV.wav,1.0,0.027064906
/tmp/backbone_swap_hubert_h_t1xf1t/data/PhysioNet2022/training_data/50122_TV.wav,1.0,0.069577664
/tmp/backbone_swap_hubert_h_t1xf1t/data/PhysioNet2022/training_data/50127_AV.wav,1.0,0.031540006
/tmp/backbone_swap_hubert_h_t1xf1t/data/PhysioNet2022/training_data/50127_MV.wav,1.0,0.025969777
/tmp/backbone_swap_hubert_h_t1xf1t/data/PhysioNet2022/training_data/50127_PV.wav,1.0,0.023507424
/tmp/backbone_swap_hubert_h_t1xf1t/data/PhysioNet2022/training_data/50127_TV.wav,1.0,0.9547223
/tmp/backbone_swap_hubert_h_t1xf1t/data/PhysioNet2022/training_data/50129_AV.wav,1.0,0.5124254
/tmp/backbone_swap_hubert_h_t1xf1t/data/PhysioNet2022/training_data/50129_MV.wav,1.0,0.022628693
/tmp/backbone_swap_hubert_h_t1xf1t/data/PhysioNet2022/training_data/50129_PV.wav,1.0,0.022076106
/tmp/backbone_swap_hubert_h_t1xf1t/data/PhysioNet2022/training_data/50129_TV.wav,1.0,0.026730679
/tmp/backbone_swap_hubert_h_t1xf1t/data/PhysioNet2022/training_data/50143_PV.wav,1.0,0.023336744
/tmp/backbone_swap_hubert_h_t1xf1t/data/PhysioNet2022/training_data/50143_TV.wav,1.0,0.060373083
/tmp/backbone_swap_hubert_h_t1xf1t/data/PhysioNet2022/training_data/50161_MV.wav,1.0,0.055831525
/tmp/backbone_swap_hubert_h_t1xf1t/data/PhysioNet2022/training_data/50161_PV.wav,1.0,0.05529588
/tmp/backbone_swap_hubert_h_t1xf1t/data/PhysioNet2022/training_data/50161_TV.wav,1.0,0.028094523
/tmp/backbone_swap_hubert_h_t1xf1t/data/PhysioNet2022/training_data/50168_MV.wav,1.0,0.025732465
/tmp/backbone_swap_hubert_h_t1xf1t/data/PhysioNet2022/training_data/50168_PV.wav,1.0,0.02398147
/tmp/backbone_swap_hubert_h_t1xf1t/data/PhysioNet2022/training_data/50168_TV.wav,1.0,0.025413891
/tmp/backbone_swap_hubert_h_t1xf1t/data/PhysioNet2022/training_data/50204_AV.wav,1.0,0.02488492
/tmp/backbone_swap_hubert_h_t1xf1t/data/PhysioNet2022/training_data/50204_MV_1.wav,1.0,0.028069844
/tmp/backbone_swap_hubert_h_t1xf1t/data/PhysioNet2022/training_data/50204_MV_2.wav,1.0,0.029089134
/tmp/backbone_swap_hubert_h_t1xf1t/data/PhysioNet2022/training_data/50206_MV.wav,1.0,0.023836564
/tmp/backbone_swap_hubert_h_t1xf1t/data/PhysioNet2022/training_data/50206_PV.wav,1.0,0.023048889
/tmp/backbone_swap_hubert_h_t1xf1t/data/PhysioNet2022/training_data/50206_TV.wav,1.0,0.11053991
/tmp/backbone_swap_hubert_h_t1xf1t/data/PhysioNet2022/training_data/50214_AV.wav,1.0,0.04496373
/tmp/backbone_swap_hubert_h_t1xf1t/data/PhysioNet2022/training_data/50214_MV.wav,1.0,0.027539348
/tmp/backbone_swap_hubert_h_t1xf1t/data/PhysioNet2022/training_data/50219_AV.wav,1.0,0.023605393
/tmp/backbone_swap_hubert_h_t1xf1t/data/PhysioNet2022/training_data/50219_MV.wav,1.0,0.06056027
/tmp/backbone_swap_hubert_h_t1xf1t/data/PhysioNet2022/training_data/50219_PV.wav,1.0,0.02361577
/tmp/backbone_swap_hubert_h_t1xf1t/data/PhysioNet2022/training_data/50220_AV.wav,1.0,0.5795622
/tmp/backbone_swap_hubert_h_t1xf1t/data/PhysioNet2022/training_data/50220_MV.wav,1.0,0.052842524
/tmp/backbone_swap_hubert_h_t1xf1t/data/PhysioNet2022/training_data/50221_AV.wav,1.0,0.6797232
/tmp/backbone_swap_hubert_h_t1xf1t/data/PhysioNet2022/training_data/50221_MV.wav,1.0,0.044611435
/tmp/backbone_swap_hubert_h_t1xf1t/data/PhysioNet2022/training_data/50222_PV.wav,1.0,0.17189717
/tmp/backbone_swap_hubert_h_t1xf1t/data/PhysioNet2022/training_data/50222_TV.wav,1.0,0.027394548
/tmp/backbone_swap_hubert_h_t1xf1t/data/PhysioNet2022/training_data/50225_AV.wav,1.0,0.028625581
/tmp/backbone_swap_hubert_h_t1xf1t/data/PhysioNet2022/training_data/50225_MV.wav,1.0,0.02476267
/tmp/backbone_swap_hubert_h_t1xf1t/data/PhysioNet2022/training_data/50225_PV.wav,1.0,0.02549279
/tmp/backbone_swap_hubert_h_t1xf1t/data/PhysioNet2022/training_data/50225_TV.wav,1.0,0.04038115
/tmp/backbone_swap_hubert_h_t1xf1t/data/PhysioNet2022/training_data/50228_AV.wav,1.0,0.08948613
/tmp/backbone_swap_hubert_h_t1xf1t/data/PhysioNet2022/training_data/50228_MV.wav,1.0,0.021915901
/tmp/backbone_swap_hubert_h_t1xf1t/data/PhysioNet2022/training_data/50230_AV.wav,1.0,0.95216674
/tmp/backbone_swap_hubert_h_t1xf1t/data/PhysioNet2022/training_data/50230_MV.wav,1.0,0.02264896
/tmp/backbone_swap_hubert_h_t1xf1t/data/PhysioNet2022/training_data/50230_PV.wav,1.0,0.0449147
/tmp/backbone_swap_hubert_h_t1xf1t/data/PhysioNet2022/training_data/50230_TV.wav,1.0,0.02320971
/tmp/backbone_swap_hubert_h_t1xf1t/data/PhysioNet2022/training_data/50238_AV.wav,1.0,0.026092922
/tmp/backbone_swap_hubert_h_t1xf1t/data/PhysioNet2022/training_data/50238_MV.wav,1.0,0.10977151
/tmp/backbone_swap_hubert_h_t1xf1t/data/PhysioNet2022/training_data/50238_PV.wav,1.0,0.7185657
/tmp/backbone_swap_hubert_h_t1xf1t/data/PhysioNet2022/training_data/50238_TV.wav,1.0,0.02374314
/tmp/backbone_swap_hubert_h_t1xf1t/data/PhysioNet2022/training_data/50254_AV.wav,1.0,0.023763476
/tmp/backbone_swap_hubert_h_t1xf1t/data/PhysioNet2022/training_data/50254_MV.wav,1.0,0.021309566
/tmp/backbone_swap_hubert_h_t1xf1t/data/PhysioNet2022/training_data/50254_PV.wav,1.0,0.022818558
/tmp/backbone_swap_hubert_h_t1xf1t/data/PhysioNet2022/training_data/50254_TV.wav,1.0,0.027028538
/tmp/backbone_swap_hubert_h_t1xf1t/data/PhysioNet2022/training_data/50255_AV.wav,1.0,0.22947352
/tmp/backbone_swap_hubert_h_t1xf1t/data/PhysioNet2022/training_data/50255_MV.wav,1.0,0.053717446
/tmp/backbone_swap_hubert_h_t1xf1t/data/PhysioNet2022/training_data/50260_AV.wav,1.0,0.0725125
/tmp/backbone_swap_hubert_h_t1xf1t/data/PhysioNet2022/training_data/50260_MV.wav,1.0,0.30469346
/tmp/backbone_swap_hubert_h_t1xf1t/data/PhysioNet2022/training_data/50260_PV.wav,1.0,0.02992105
/tmp/backbone_swap_hubert_h_t1xf1t/data/PhysioNet2022/training_data/50260_TV.wav,1.0,0.021645172
/tmp/backbone_swap_hubert_h_t1xf1t/data/PhysioNet2022/training_data/50271_AV.wav,1.0,0.029879078
/tmp/backbone_swap_hubert_h_t1xf1t/data/PhysioNet2022/training_data/50271_MV.wav,1.0,0.8610634
/tmp/backbone_swap_hubert_h_t1xf1t/data/PhysioNet2022/training_data/50271_PV.wav,1.0,0.022360116
/tmp/backbone_swap_hubert_h_t1xf1t/data/PhysioNet2022/training_data/50271_TV.wav,1.0,0.3807524
/tmp/backbone_swap_hubert_h_t1xf1t/data/PhysioNet2022/training_data/50276_AV.wav,1.0,0.025208646
/tmp/backbone_swap_hubert_h_t1xf1t/data/PhysioNet2022/training_data/50276_MV.wav,1.0,0.041400764
/tmp/backbone_swap_hubert_h_t1xf1t/data/PhysioNet2022/training_data/50276_PV.wav,1.0,0.034517977
/tmp/backbone_swap_hubert_h_t1xf1t/data/PhysioNet2022/training_data/50276_TV.wav,1.0,0.024382763
/tmp/backbone_swap_hubert_h_t1xf1t/data/PhysioNet2022/training_data/50284_AV.wav,1.0,0.9223889
/tmp/backbone_swap_hubert_h_t1xf1t/data/PhysioNet2022/training_data/50284_MV.wav,1.0,0.025261698
/tmp/backbone_swap_hubert_h_t1xf1t/data/PhysioNet2022/training_data/50284_PV.wav,1.0,0.025911339
/tmp/backbone_swap_hubert_h_t1xf1t/data/PhysioNet2022/training_data/50284_TV.wav,1.0,0.026910156
/tmp/backbone_swap_hubert_h_t1xf1t/data/PhysioNet2022/training_data/50291_AV.wav,1.0,0.025237193
/tmp/backbone_swap_hubert_h_t1xf1t/data/PhysioNet2022/training_data/50291_MV.wav,1.0,0.03516846
/tmp/backbone_swap_hubert_h_t1xf1t/data/PhysioNet2022/training_data/50291_PV.wav,1.0,0.48264158
/tmp/backbone_swap_hubert_h_t1xf1t/data/PhysioNet2022/training_data/50297_AV.wav,1.0,0.021557495
/tmp/backbone_swap_hubert_h_t1xf1t/data/PhysioNet2022/training_data/50297_MV.wav,1.0,0.042498086
/tmp/backbone_swap_hubert_h_t1xf1t/data/PhysioNet2022/training_data/50297_PV.wav,1.0,0.9397535
/tmp/backbone_swap_hubert_h_t1xf1t/data/PhysioNet2022/training_data/50297_TV.wav,1.0,0.035373125
/tmp/backbone_swap_hubert_h_t1xf1t/data/PhysioNet2022/training_data/50303_AV.wav,1.0,0.03244259
/tmp/backbone_swap_hubert_h_t1xf1t/data/PhysioNet2022/training_data/50303_MV.wav,1.0,0.039714605
/tmp/backbone_swap_hubert_h_t1xf1t/data/PhysioNet2022/training_data/50303_PV.wav,1.0,0.20810288
/tmp/backbone_swap_hubert_h_t1xf1t/data/PhysioNet2022/training_data/50314_AV.wav,1.0,0.021580832
/tmp/backbone_swap_hubert_h_t1xf1t/data/PhysioNet2022/training_data/50314_MV.wav,1.0,0.5032059
/tmp/backbone_swap_hubert_h_t1xf1t/data/PhysioNet2022/training_data/50314_PV.wav,1.0,0.02817152
/tmp/backbone_swap_hubert_h_t1xf1t/data/PhysioNet2022/training_data/50314_TV.wav,1.0,0.027714137
/tmp/backbone_swap_hubert_h_t1xf1t/data/PhysioNet2022/training_data/50316_AV.wav,1.0,0.15219684
/tmp/backbone_swap_hubert_h_t1xf1t/data/PhysioNet2022/training_data/50316_MV.wav,1.0,0.023992222
/tmp/backbone_swap_hubert_h_t1xf1t/data/PhysioNet2022/training_data/50317_AV.wav,1.0,0.026234608
/tmp/backbone_swap_hubert_h_t1xf1t/data/PhysioNet2022/training_data/50317_PV.wav,1.0,0.024121193
/tmp/backbone_swap_hubert_h_t1xf1t/data/PhysioNet2022/training_data/50317_TV.wav,1.0,0.48991668
/tmp/backbone_swap_hubert_h_t1xf1t/data/PhysioNet2022/training_data/50323_AV.wav,1.0,0.4813234
/tmp/backbone_swap_hubert_h_t1xf1t/data/PhysioNet2022/training_data/50323_MV.wav,1.0,0.28606752
/tmp/backbone_swap_hubert_h_t1xf1t/data/PhysioNet2022/training_data/50323_PV.wav,1.0,0.04176803
/tmp/backbone_swap_hubert_h_t1xf1t/data/PhysioNet2022/training_data/50323_TV.wav,1.0,0.02368576
/tmp/backbone_swap_hubert_h_t1xf1t/data/PhysioNet2022/training_data/50325_AV.wav,1.0,0.41072065
/tmp/backbone_swap_hubert_h_t1xf1t/data/PhysioNet2022/training_data/50325_MV.wav,1.0,0.05896847
/tmp/backbone_swap_hubert_h_t1xf1t/data/PhysioNet2022/training_data/50325_PV.wav,1.0,0.026223384
/tmp/backbone_swap_hubert_h_t1xf1t/data/PhysioNet2022/training_data/50325_TV.wav,1.0,0.032621283
/tmp/backbone_swap_hubert_h_t1xf1t/data/PhysioNet2022/training_data/50336_MV.wav,1.0,0.025347222
/tmp/backbone_swap_hubert_h_t1xf1t/data/PhysioNet2022/training_data/50336_PV.wav,1.0,0.065919444
/tmp/backbone_swap_hubert_h_t1xf1t/data/PhysioNet2022/training_data/50336_TV.wav,1.0,0.026032863
/tmp/backbone_swap_hubert_h_t1xf1t/data/PhysioNet2022/training_data/50337_MV.wav,1.0,0.025101326
/tmp/backbone_swap_hubert_h_t1xf1t/data/PhysioNet2022/training_data/50337_PV.wav,1.0,0.24365667
/tmp/backbone_swap_hubert_h_t1xf1t/data/PhysioNet2022/training_data/50337_TV.wav,1.0,0.024577893
/tmp/backbone_swap_hubert_h_t1xf1t/data/PhysioNet2022/training_data/50345_MV.wav,1.0,0.024056345
/tmp/backbone_swap_hubert_h_t1xf1t/data/PhysioNet2022/training_data/50345_PV.wav,1.0,0.039125606
/tmp/backbone_swap_hubert_h_t1xf1t/data/PhysioNet2022/training_data/50345_TV.wav,1.0,0.08367695
/tmp/backbone_swap_hubert_h_t1xf1t/data/PhysioNet2022/training_data/50348_AV_1.wav,1.0,0.023931699
/tmp/backbone_swap_hubert_h_t1xf1t/data/PhysioNet2022/training_data/50348_AV_2.wav,1.0,0.028923053
/tmp/backbone_swap_hubert_h_t1xf1t/data/PhysioNet2022/training_data/50348_MV.wav,1.0,0.6435464
/tmp/backbone_swap_hubert_h_t1xf1t/data/PhysioNet2022/training_data/50348_PV.wav,1.0,0.022992786
/tmp/backbone_swap_hubert_h_t1xf1t/data/PhysioNet2022/training_data/50348_TV.wav,1.0,0.06513815
/tmp/backbone_swap_hubert_h_t1xf1t/data/PhysioNet2022/training_data/50359_AV.wav,1.0,0.48632804
/tmp/backbone_swap_hubert_h_t1xf1t/data/PhysioNet2022/training_data/50359_MV.wav,1.0,0.28277013
/tmp/backbone_swap_hubert_h_t1xf1t/data/PhysioNet2022/training_data/50359_PV.wav,1.0,0.023143351
/tmp/backbone_swap_hubert_h_t1xf1t/data/PhysioNet2022/training_data/50359_TV.wav,1.0,0.026421113
/tmp/backbone_swap_hubert_h_t1xf1t/data/PhysioNet2022/training_data/50385_AV.wav,1.0,0.04386808
/tmp/backbone_swap_hubert_h_t1xf1t/data/PhysioNet2022/training_data/50385_MV.wav,1.0,0.023413727
/tmp/backbone_swap_hubert_h_t1xf1t/data/PhysioNet2022/training_data/50385_PV.wav,1.0,0.03172728
/tmp/backbone_swap_hubert_h_t1xf1t/data/PhysioNet2022/training_data/50385_TV.wav,1.0,0.02813641
/tmp/backbone_swap_hubert_h_t1xf1t/data/PhysioNet2022/training_data/50386_AV.wav,1.0,0.096791305
/tmp/backbone_swap_hubert_h_t1xf1t/data/PhysioNet2022/training_data/50386_MV.wav,1.0,0.97167003
/tmp/backbone_swap_hubert_h_t1xf1t/data/PhysioNet2022/training_data/50386_PV.wav,1.0,0.024035774
/tmp/backbone_swap_hubert_h_t1xf1t/data/PhysioNet2022/training_data/50386_TV.wav,1.0,0.023056418
/tmp/backbone_swap_hubert_h_t1xf1t/data/PhysioNet2022/training_data/50388_AV.wav,1.0,0.06995397
/tmp/backbone_swap_hubert_h_t1xf1t/data/PhysioNet2022/training_data/50388_MV.wav,1.0,0.0396694
/tmp/backbone_swap_hubert_h_t1xf1t/data/PhysioNet2022/training_data/50388_PV.wav,1.0,0.024964355
/tmp/backbone_swap_hubert_h_t1xf1t/data/PhysioNet2022/training_data/50388_TV.wav,1.0,0.029209517
/tmp/backbone_swap_hubert_h_t1xf1t/data/PhysioNet2022/training_data/50393_AV.wav,1.0,0.8610378
/tmp/backbone_swap_hubert_h_t1xf1t/data/PhysioNet2022/training_data/50393_MV.wav,1.0,0.023059994
/tmp/backbone_swap_hubert_h_t1xf1t/data/PhysioNet2022/training_data/50393_PV.wav,1.0,0.3491739
/tmp/backbone_swap_hubert_h_t1xf1t/data/PhysioNet2022/training_data/50393_TV.wav,1.0,0.10029824
/tmp/backbone_swap_hubert_h_t1xf1t/data/PhysioNet2022/training_data/50620_PV.wav,1.0,0.025756216
/tmp/backbone_swap_hubert_h_t1xf1t/data/PhysioNet2022/training_data/50620_TV.wav,1.0,0.026454166
/tmp/backbone_swap_hubert_h_t1xf1t/data/PhysioNet2022/training_data/50624_AV.wav,1.0,0.023341218
/tmp/backbone_swap_hubert_h_t1xf1t/data/PhysioNet2022/training_data/50624_MV.wav,1.0,0.0602769
/tmp/backbone_swap_hubert_h_t1xf1t/data/PhysioNet2022/training_data/50624_PV.wav,1.0,0.04512618
/tmp/backbone_swap_hubert_h_t1xf1t/data/PhysioNet2022/training_data/50624_TV.wav,1.0,0.026195882
/tmp/backbone_swap_hubert_h_t1xf1t/data/PhysioNet2022/training_data/50625_AV.wav,1.0,0.022624243
/tmp/backbone_swap_hubert_h_t1xf1t/data/PhysioNet2022/training_data/50625_MV.wav,1.0,0.9918515
/tmp/backbone_swap_hubert_h_t1xf1t/data/PhysioNet2022/training_data/50626_AV.wav,1.0,0.023636855
/tmp/backbone_swap_hubert_h_t1xf1t/data/PhysioNet2022/training_data/50626_MV.wav,1.0,0.031491686
/tmp/backbone_swap_hubert_h_t1xf1t/data/PhysioNet2022/training_data/50629_AV.wav,1.0,0.024228519
/tmp/backbone_swap_hubert_h_t1xf1t/data/PhysioNet2022/training_data/50629_MV.wav,1.0,0.025562981
/tmp/backbone_swap_hubert_h_t1xf1t/data/PhysioNet2022/training_data/50636_AV.wav,1.0,0.039900545
/tmp/backbone_swap_hubert_h_t1xf1t/data/PhysioNet2022/training_data/50636_MV.wav,1.0,0.025113082
/tmp/backbone_swap_hubert_h_t1xf1t/data/PhysioNet2022/training_data/50639_PV.wav,1.0,0.024427254
/tmp/backbone_swap_hubert_h_t1xf1t/data/PhysioNet2022/training_data/50639_TV.wav,1.0,0.3241154
/tmp/backbone_swap_hubert_h_t1xf1t/data/PhysioNet2022/training_data/50640_MV.wav,1.0,0.024722144
/tmp/backbone_swap_hubert_h_t1xf1t/data/PhysioNet2022/training_data/50643_AV.wav,1.0,0.42744076
/tmp/backbone_swap_hubert_h_t1xf1t/data/PhysioNet2022/training_data/50643_MV.wav,1.0,0.02571455
/tmp/backbone_swap_hubert_h_t1xf1t/data/PhysioNet2022/training_data/50644_AV.wav,1.0,0.026144601
/tmp/backbone_swap_hubert_h_t1xf1t/data/PhysioNet2022/training_data/50644_MV.wav,1.0,0.025136607
/tmp/backbone_swap_hubert_h_t1xf1t/data/PhysioNet2022/training_data/50645_AV.wav,1.0,0.072436064
/tmp/backbone_swap_hubert_h_t1xf1t/data/PhysioNet2022/training_data/50645_MV.wav,1.0,0.022591833
/tmp/backbone_swap_hubert_h_t1xf1t/data/PhysioNet2022/training_data/50645_PV.wav,1.0,0.024458239
/tmp/backbone_swap_hubert_h_t1xf1t/data/PhysioNet2022/training_data/50645_TV.wav,1.0,0.02632573
/tmp/backbone_swap_hubert_h_t1xf1t/data/PhysioNet2022/training_data/50646_AV.wav,1.0,0.026448347
/tmp/backbone_swap_hubert_h_t1xf1t/data/PhysioNet2022/training_data/50646_MV.wav,1.0,0.0466891
/tmp/backbone_swap_hubert_h_t1xf1t/data/PhysioNet2022/training_data/50649_AV.wav,1.0,0.025392503
/tmp/backbone_swap_hubert_h_t1xf1t/data/PhysioNet2022/training_data/50649_MV.wav,1.0,0.028503083
/tmp/backbone_swap_hubert_h_t1xf1t/data/PhysioNet2022/training_data/50649_PV.wav,1.0,0.022658104
/tmp/backbone_swap_hubert_h_t1xf1t/data/PhysioNet2022/training_data/50649_TV.wav,1.0,0.02976461
/tmp/backbone_swap_hubert_h_t1xf1t/data/PhysioNet2022/training_data/50654_AV.wav,1.0,0.026371049
/tmp/backbone_swap_hubert_h_t1xf1t/data/PhysioNet2022/training_data/50654_PV.wav,1.0,0.022485314
/tmp/backbone_swap_hubert_h_t1xf1t/data/PhysioNet2022/training_data/50654_TV.wav,1.0,0.20849198
/tmp/backbone_swap_hubert_h_t1xf1t/data/PhysioNet2022/training_data/50656_AV.wav,1.0,0.035806958
/tmp/backbone_swap_hubert_h_t1xf1t/data/PhysioNet2022/training_data/50656_MV.wav,1.0,0.02130046
/tmp/backbone_swap_hubert_h_t1xf1t/data/PhysioNet2022/training_data/50656_PV.wav,1.0,0.024819069
/tmp/backbone_swap_hubert_h_t1xf1t/data/PhysioNet2022/training_data/50656_TV_1.wav,1.0,0.04496984
/tmp/backbone_swap_hubert_h_t1xf1t/data/PhysioNet2022/training_data/50656_TV_2.wav,1.0,0.02219193
/tmp/backbone_swap_hubert_h_t1xf1t/data/PhysioNet2022/training_data/50657_AV.wav,1.0,0.021403432
/tmp/backbone_swap_hubert_h_t1xf1t/data/PhysioNet2022/training_data/50657_MV.wav,1.0,0.046185303
/tmp/backbone_swap_hubert_h_t1xf1t/data/PhysioNet2022/training_data/50657_PV.wav,1.0,0.02358807
/tmp/backbone_swap_hubert_h_t1xf1t/data/PhysioNet2022/training_data/50657_TV.wav,1.0,0.021689394
/tmp/backbone_swap_hubert_h_t1xf1t/data/PhysioNet2022/training_data/50659_AV.wav,1.0,0.30113286
/tmp/backbone_swap_hubert_h_t1xf1t/data/PhysioNet2022/training_data/50659_MV.wav,1.0,0.027815744
/tmp/backbone_swap_hubert_h_t1xf1t/data/PhysioNet2022/training_data/50659_PV.wav,1.0,0.028282309
/tmp/backbone_swap_hubert_h_t1xf1t/data/PhysioNet2022/training_data/50659_TV.wav,1.0,0.023071624
/tmp/backbone_swap_hubert_h_t1xf1t/data/PhysioNet2022/training_data/50664_AV.wav,1.0,0.025822405
/tmp/backbone_swap_hubert_h_t1xf1t/data/PhysioNet2022/training_data/50664_PV.wav,1.0,0.23176853
/tmp/backbone_swap_hubert_h_t1xf1t/data/PhysioNet2022/training_data/50668_AV.wav,1.0,0.022986395
/tmp/backbone_swap_hubert_h_t1xf1t/data/PhysioNet2022/training_data/50668_MV.wav,1.0,0.025642736
/tmp/backbone_swap_hubert_h_t1xf1t/data/PhysioNet2022/training_data/50668_PV.wav,1.0,0.02477451
/tmp/backbone_swap_hubert_h_t1xf1t/data/PhysioNet2022/training_data/50668_TV.wav,1.0,0.86294943
/tmp/backbone_swap_hubert_h_t1xf1t/data/PhysioNet2022/training_data/50669_AV.wav,1.0,0.023651002
/tmp/backbone_swap_hubert_h_t1xf1t/data/PhysioNet2022/training_data/50669_MV.wav,1.0,0.02497936
/tmp/backbone_swap_hubert_h_t1xf1t/data/PhysioNet2022/training_data/50669_PV.wav,1.0,0.57308114
/tmp/backbone_swap_hubert_h_t1xf1t/data/PhysioNet2022/training_data/50669_TV.wav,1.0,0.026908034
/tmp/backbone_swap_hubert_h_t1xf1t/data/PhysioNet2022/training_data/50671_MV.wav,1.0,0.02398967
/tmp/backbone_swap_hubert_h_t1xf1t/data/PhysioNet2022/training_data/50677_AV.wav,1.0,0.83552
/tmp/backbone_swap_hubert_h_t1xf1t/data/PhysioNet2022/training_data/50677_PV.wav,1.0,0.2829463
/tmp/backbone_swap_hubert_h_t1xf1t/data/PhysioNet2022/training_data/50678_MV.wav,1.0,0.03413711
/tmp/backbone_swap_hubert_h_t1xf1t/data/PhysioNet2022/training_data/50678_PV.wav,1.0,0.114835046
/tmp/backbone_swap_hubert_h_t1xf1t/data/PhysioNet2022/training_data/50678_TV.wav,1.0,0.024279417
/tmp/backbone_swap_hubert_h_t1xf1t/data/PhysioNet2022/training_data/50680_AV.wav,1.0,0.021293068
/tmp/backbone_swap_hubert_h_t1xf1t/data/PhysioNet2022/training_data/50680_MV.wav,1.0,0.022394342
/tmp/backbone_swap_hubert_h_t1xf1t/data/PhysioNet2022/training_data/50680_PV.wav,1.0,0.041955173
/tmp/backbone_swap_hubert_h_t1xf1t/data/PhysioNet2022/training_data/50680_TV.wav,1.0,0.025664398
/tmp/backbone_swap_hubert_h_t1xf1t/data/PhysioNet2022/training_data/50685_AV.wav,1.0,0.60874915
/tmp/backbone_swap_hubert_h_t1xf1t/data/PhysioNet2022/training_data/50685_MV.wav,1.0,0.9616633
/tmp/backbone_swap_hubert_h_t1xf1t/data/PhysioNet2022/training_data/50685_TV.wav,1.0,0.031620257
/tmp/backbone_swap_hubert_h_t1xf1t/data/PhysioNet2022/training_data/50704_AV.wav,1.0,0.03692023
/tmp/backbone_swap_hubert_h_t1xf1t/data/PhysioNet2022/training_data/50704_MV.wav,1.0,0.3649856
/tmp/backbone_swap_hubert_h_t1xf1t/data/PhysioNet2022/training_data/50708_AV.wav,1.0,0.025996637
/tmp/backbone_swap_hubert_h_t1xf1t/data/PhysioNet2022/training_data/50708_MV.wav,1.0,0.02604109
/tmp/backbone_swap_hubert_h_t1xf1t/data/PhysioNet2022/training_data/50708_PV.wav,1.0,0.049100973
/tmp/backbone_swap_hubert_h_t1xf1t/data/PhysioNet2022/training_data/50708_TV.wav,1.0,0.045914166
/tmp/backbone_swap_hubert_h_t1xf1t/data/PhysioNet2022/training_data/50715_AV.wav,1.0,0.021957824
/tmp/backbone_swap_hubert_h_t1xf1t/data/PhysioNet2022/training_data/50715_MV.wav,1.0,0.1464674
/tmp/backbone_swap_hubert_h_t1xf1t/data/PhysioNet2022/training_data/50715_PV.wav,1.0,0.02568244
/tmp/backbone_swap_hubert_h_t1xf1t/data/PhysioNet2022/training_data/50715_TV.wav,1.0,0.50657666
/tmp/backbone_swap_hubert_h_t1xf1t/data/PhysioNet2022/training_data/50723_AV.wav,1.0,0.023630925
/tmp/backbone_swap_hubert_h_t1xf1t/data/PhysioNet2022/training_data/50723_MV.wav,1.0,0.025690595
/tmp/backbone_swap_hubert_h_t1xf1t/data/PhysioNet2022/training_data/50723_PV.wav,1.0,0.10756844
/tmp/backbone_swap_hubert_h_t1xf1t/data/PhysioNet2022/training_data/50723_TV.wav,1.0,0.022298397
/tmp/backbone_swap_hubert_h_t1xf1t/data/PhysioNet2022/training_data/50725_AV.wav,1.0,0.025575943
/tmp/backbone_swap_hubert_h_t1xf1t/data/PhysioNet2022/training_data/50725_MV.wav,1.0,0.043658696
/tmp/backbone_swap_hubert_h_t1xf1t/data/PhysioNet2022/training_data/50725_PV.wav,1.0,0.026523937
/tmp/backbone_swap_hubert_h_t1xf1t/data/PhysioNet2022/training_data/50725_TV.wav,1.0,0.026314039
/tmp/backbone_swap_hubert_h_t1xf1t/data/PhysioNet2022/training_data/50735_AV.wav,1.0,0.92381
/tmp/backbone_swap_hubert_h_t1xf1t/data/PhysioNet2022/training_data/50735_MV.wav,1.0,0.024418354
/tmp/backbone_swap_hubert_h_t1xf1t/data/PhysioNet2022/training_data/50735_PV.wav,1.0,0.27402714
/tmp/backbone_swap_hubert_h_t1xf1t/data/PhysioNet2022/training_data/50735_TV.wav,1.0,0.025298074
/tmp/backbone_swap_hubert_h_t1xf1t/data/PhysioNet2022/training_data/50739_AV.wav,1.0,0.022073435
/tmp/backbone_swap_hubert_h_t1xf1t/data/PhysioNet2022/training_data/50739_MV.wav,1.0,0.024195658
/tmp/backbone_swap_hubert_h_t1xf1t/data/PhysioNet2022/training_data/50740_AV.wav,1.0,0.11601576
/tmp/backbone_swap_hubert_h_t1xf1t/data/PhysioNet2022/training_data/50740_MV.wav,1.0,0.021539077
/tmp/backbone_swap_hubert_h_t1xf1t/data/PhysioNet2022/training_data/50740_PV.wav,1.0,0.05497327
/tmp/backbone_swap_hubert_h_t1xf1t/data/PhysioNet2022/training_data/50740_TV.wav,1.0,0.02813543
/tmp/backbone_swap_hubert_h_t1xf1t/data/PhysioNet2022/training_data/50742_AV.wav,1.0,0.027202746
/tmp/backbone_swap_hubert_h_t1xf1t/data/PhysioNet2022/training_data/50742_MV.wav,1.0,0.03527092
/tmp/backbone_swap_hubert_h_t1xf1t/data/PhysioNet2022/training_data/50742_PV.wav,1.0,0.033980057
/tmp/backbone_swap_hubert_h_t1xf1t/data/PhysioNet2022/training_data/50742_TV.wav,1.0,0.02269279
/tmp/backbone_swap_hubert_h_t1xf1t/data/PhysioNet2022/training_data/50744_AV.wav,1.0,0.02613641
/tmp/backbone_swap_hubert_h_t1xf1t/data/PhysioNet2022/training_data/50744_MV.wav,1.0,0.023272548
/tmp/backbone_swap_hubert_h_t1xf1t/data/PhysioNet2022/training_data/50744_PV.wav,1.0,0.023980867
/tmp/backbone_swap_hubert_h_t1xf1t/data/PhysioNet2022/training_data/50744_TV.wav,1.0,0.029133882
/tmp/backbone_swap_hubert_h_t1xf1t/data/PhysioNet2022/training_data/50751_AV.wav,1.0,0.028014868
/tmp/backbone_swap_hubert_h_t1xf1t/data/PhysioNet2022/training_data/50751_MV.wav,1.0,0.024682807
/tmp/backbone_swap_hubert_h_t1xf1t/data/PhysioNet2022/training_data/50751_PV.wav,1.0,0.14986537
/tmp/backbone_swap_hubert_h_t1xf1t/data/PhysioNet2022/training_data/50751_TV.wav,1.0,0.02159148
/tmp/backbone_swap_hubert_h_t1xf1t/data/PhysioNet2022/training_data/50752_AV.wav,1.0,0.025561236
/tmp/backbone_swap_hubert_h_t1xf1t/data/PhysioNet2022/training_data/50752_MV.wav,1.0,0.04305715
/tmp/backbone_swap_hubert_h_t1xf1t/data/PhysioNet2022/training_data/50752_PV.wav,1.0,0.07320043
/tmp/backbone_swap_hubert_h_t1xf1t/data/PhysioNet2022/training_data/50752_TV.wav,1.0,0.09037115
/tmp/backbone_swap_hubert_h_t1xf1t/data/PhysioNet2022/training_data/50762_AV.wav,1.0,0.026923375
/tmp/backbone_swap_hubert_h_t1xf1t/data/PhysioNet2022/training_data/50762_MV.wav,1.0,0.027301349
/tmp/backbone_swap_hubert_h_t1xf1t/data/PhysioNet2022/training_data/50762_PV.wav,1.0,0.10529363
/tmp/backbone_swap_hubert_h_t1xf1t/data/PhysioNet2022/training_data/50762_TV.wav,1.0,0.026755912
/tmp/backbone_swap_hubert_h_t1xf1t/data/PhysioNet2022/training_data/50768_AV.wav,1.0,0.027735457
/tmp/backbone_swap_hubert_h_t1xf1t/data/PhysioNet2022/training_data/50770_AV.wav,1.0,0.021865902
/tmp/backbone_swap_hubert_h_t1xf1t/data/PhysioNet2022/training_data/50770_MV.wav,1.0,0.2440453
/tmp/backbone_swap_hubert_h_t1xf1t/data/PhysioNet2022/training_data/50770_PV.wav,1.0,0.18291433
/tmp/backbone_swap_hubert_h_t1xf1t/data/PhysioNet2022/training_data/50770_TV.wav,1.0,0.023553316
/tmp/backbone_swap_hubert_h_t1xf1t/data/PhysioNet2022/training_data/50771_AV.wav,1.0,0.029957393
/tmp/backbone_swap_hubert_h_t1xf1t/data/PhysioNet2022/training_data/50771_MV.wav,1.0,0.1658332
/tmp/backbone_swap_hubert_h_t1xf1t/data/PhysioNet2022/training_data/50771_PV.wav,1.0,0.035968527
/tmp/backbone_swap_hubert_h_t1xf1t/data/PhysioNet2022/training_data/50771_TV.wav,1.0,0.035155866
/tmp/backbone_swap_hubert_h_t1xf1t/data/PhysioNet2022/training_data/50793_MV.wav,1.0,0.023789307
/tmp/backbone_swap_hubert_h_t1xf1t/data/PhysioNet2022/training_data/50793_PV.wav,1.0,0.0314051
/tmp/backbone_swap_hubert_h_t1xf1t/data/PhysioNet2022/training_data/50793_TV.wav,1.0,0.02738675
/tmp/backbone_swap_hubert_h_t1xf1t/data/PhysioNet2022/training_data/50812_AV.wav,1.0,0.02295548
/tmp/backbone_swap_hubert_h_t1xf1t/data/PhysioNet2022/training_data/50812_MV.wav,1.0,0.026857952
/tmp/backbone_swap_hubert_h_t1xf1t/data/PhysioNet2022/training_data/50812_PV.wav,1.0,0.023688324
/tmp/backbone_swap_hubert_h_t1xf1t/data/PhysioNet2022/training_data/50812_TV.wav,1.0,0.56928104
/tmp/backbone_swap_hubert_h_t1xf1t/data/PhysioNet2022/training_data/50815_AV.wav,1.0,0.026763072
/tmp/backbone_swap_hubert_h_t1xf1t/data/PhysioNet2022/training_data/50815_MV.wav,1.0,0.87960136
/tmp/backbone_swap_hubert_h_t1xf1t/data/PhysioNet2022/training_data/50815_PV.wav,1.0,0.9890926
/tmp/backbone_swap_hubert_h_t1xf1t/data/PhysioNet2022/training_data/50815_TV.wav,1.0,0.21971099
/tmp/backbone_swap_hubert_h_t1xf1t/data/PhysioNet2022/training_data/50820_AV.wav,1.0,0.55975616
/tmp/backbone_swap_hubert_h_t1xf1t/data/PhysioNet2022/training_data/50820_MV.wav,1.0,0.023761084
/tmp/backbone_swap_hubert_h_t1xf1t/data/PhysioNet2022/training_data/50820_PV.wav,1.0,0.79165566
/tmp/backbone_swap_hubert_h_t1xf1t/data/PhysioNet2022/training_data/50820_TV.wav,1.0,0.024501972
/tmp/backbone_swap_hubert_h_t1xf1t/data/PhysioNet2022/training_data/51064_MV.wav,1.0,0.04623047
/tmp/backbone_swap_hubert_h_t1xf1t/data/PhysioNet2022/training_data/59536_AV.wav,1.0,0.17115712
/tmp/backbone_swap_hubert_h_t1xf1t/data/PhysioNet2022/training_data/59536_MV.wav,1.0,0.10150385
/tmp/backbone_swap_hubert_h_t1xf1t/data/PhysioNet2022/training_data/63456_AV.wav,1.0,0.02280218
/tmp/backbone_swap_hubert_h_t1xf1t/data/PhysioNet2022/training_data/63456_MV.wav,1.0,0.11402637
/tmp/backbone_swap_hubert_h_t1xf1t/data/PhysioNet2022/training_data/63456_PV.wav,1.0,0.04169327
/tmp/backbone_swap_hubert_h_t1xf1t/data/PhysioNet2022/training_data/63456_TV.wav,1.0,0.024138257
/tmp/backbone_swap_hubert_h_t1xf1t/data/PhysioNet2022/training_data/64256_MV.wav,1.0,0.02750808
/tmp/backbone_swap_hubert_h_t1xf1t/data/PhysioNet2022/training_data/64256_PV.wav,1.0,0.028820714
/tmp/backbone_swap_hubert_h_t1xf1t/data/PhysioNet2022/training_data/64256_TV.wav,1.0,0.050438613
/tmp/backbone_swap_hubert_h_t1xf1t/data/PhysioNet2022/training_data/64715_MV.wav,1.0,0.024336802
/tmp/backbone_swap_hubert_h_t1xf1t/data/PhysioNet2022/training_data/64715_PV.wav,1.0,0.023764336
/tmp/backbone_swap_hubert_h_t1xf1t/data/PhysioNet2022/training_data/64715_TV.wav,1.0,0.029544197
/tmp/backbone_swap_hubert_h_t1xf1t/data/PhysioNet2022/training_data/68182_AV.wav,1.0,0.028776575
/tmp/backbone_swap_hubert_h_t1xf1t/data/PhysioNet2022/training_data/68182_MV.wav,1.0,0.06745911
/tmp/backbone_swap_hubert_h_t1xf1t/data/PhysioNet2022/training_data/68182_PV.wav,1.0,0.031299032
/tmp/backbone_swap_hubert_h_t1xf1t/data/PhysioNet2022/training_data/68182_TV.wav,1.0,0.035149526
/tmp/backbone_swap_hubert_h_t1xf1t/data/PhysioNet2022/training_data/68213_AV.wav,1.0,0.04752162
/tmp/backbone_swap_hubert_h_t1xf1t/data/PhysioNet2022/training_data/68213_MV.wav,1.0,0.027434345
/tmp/backbone_swap_hubert_h_t1xf1t/data/PhysioNet2022/training_data/68213_PV.wav,1.0,0.024962261
/tmp/backbone_swap_hubert_h_t1xf1t/data/PhysioNet2022/training_data/68213_TV.wav,1.0,0.023407558
/tmp/backbone_swap_hubert_h_t1xf1t/data/PhysioNet2022/training_data/68219_AV.wav,1.0,0.024504473
/tmp/backbone_swap_hubert_h_t1xf1t/data/PhysioNet2022/training_data/68219_MV.wav,1.0,0.02888864
/tmp/backbone_swap_hubert_h_t1xf1t/data/PhysioNet2022/training_data/68219_PV.wav,1.0,0.03696029
/tmp/backbone_swap_hubert_h_t1xf1t/data/PhysioNet2022/training_data/68219_TV.wav,1.0,0.03596165
/tmp/backbone_swap_hubert_h_t1xf1t/data/PhysioNet2022/training_data/68260_AV.wav,1.0,0.02207696
/tmp/backbone_swap_hubert_h_t1xf1t/data/PhysioNet2022/training_data/68260_MV.wav,1.0,0.02427783
/tmp/backbone_swap_hubert_h_t1xf1t/data/PhysioNet2022/training_data/68260_PV.wav,1.0,0.02386067
/tmp/backbone_swap_hubert_h_t1xf1t/data/PhysioNet2022/training_data/68260_TV.wav,1.0,0.02481948
/tmp/backbone_swap_hubert_h_t1xf1t/data/PhysioNet2022/training_data/68292_AV.wav,1.0,0.029473633
/tmp/backbone_swap_hubert_h_t1xf1t/data/PhysioNet2022/training_data/68292_MV.wav,1.0,0.024081215
/tmp/backbone_swap_hubert_h_t1xf1t/data/PhysioNet2022/training_data/68292_PV.wav,1.0,0.0316595
/tmp/backbone_swap_hubert_h_t1xf1t/data/PhysioNet2022/training_data/68292_TV.wav,1.0,0.024848446
/tmp/backbone_swap_hubert_h_t1xf1t/data/PhysioNet2022/training_data/68306_AV.wav,1.0,0.118678786
/tmp/backbone_swap_hubert_h_t1xf1t/data/PhysioNet2022/training_data/68306_MV.wav,1.0,0.023712184
/tmp/backbone_swap_hubert_h_t1xf1t/data/PhysioNet2022/training_data/68306_PV.wav,1.0,0.3170456
/tmp/backbone_swap_hubert_h_t1xf1t/data/PhysioNet2022/training_data/68306_TV.wav,1.0,0.060613066
/tmp/backbone_swap_hubert_h_t1xf1t/data/PhysioNet2022/training_data/68316_AV.wav,1.0,0.025790537
/tmp/backbone_swap_hubert_h_t1xf1t/data/PhysioNet2022/training_data/68316_MV.wav,1.0,0.022667272
/tmp/backbone_swap_hubert_h_t1xf1t/data/PhysioNet2022/training_data/68316_PV.wav,1.0,0.0341363
/tmp/backbone_swap_hubert_h_t1xf1t/data/PhysioNet2022/training_data/68316_TV.wav,1.0,0.09807477
/tmp/backbone_swap_hubert_h_t1xf1t/data/PhysioNet2022/training_data/68327_AV.wav,1.0,0.021913448
/tmp/backbone_swap_hubert_h_t1xf1t/data/PhysioNet2022/training_data/68327_MV.wav,1.0,0.06760349
/tmp/backbone_swap_hubert_h_t1xf1t/data/PhysioNet2022/training_data/68327_PV.wav,1.0,0.023258435
/tmp/backbone_swap_hubert_h_t1xf1t/data/PhysioNet2022/training_data/68327_TV.wav,1.0,0.028350435
/tmp/backbone_swap_hubert_h_t1xf1t/data/PhysioNet2022/training_data/68337_AV.wav,1.0,0.18791528
/tmp/backbone_swap_hubert_h_t1xf1t/data/PhysioNet2022/training_data/68337_MV.wav,1.0,0.030459441
/tmp/backbone_swap_hubert_h_t1xf1t/data/PhysioNet2022/training_data/68337_PV.wav,1.0,0.06935115
/tmp/backbone_swap_hubert_h_t1xf1t/data/PhysioNet2022/training_data/68337_TV.wav,1.0,0.025094377
/tmp/backbone_swap_hubert_h_t1xf1t/data/PhysioNet2022/training_data/68363_AV.wav,1.0,0.02351433
/tmp/backbone_swap_hubert_h_t1xf1t/data/PhysioNet2022/training_data/68363_MV.wav,1.0,0.0232715
/tmp/backbone_swap_hubert_h_t1xf1t/data/PhysioNet2022/training_data/68368_AV.wav,1.0,0.09863712
/tmp/backbone_swap_hubert_h_t1xf1t/data/PhysioNet2022/training_data/68368_MV.wav,1.0,0.344155
/tmp/backbone_swap_hubert_h_t1xf1t/data/PhysioNet2022/training_data/68368_PV.wav,1.0,0.02474859
/tmp/backbone_swap_hubert_h_t1xf1t/data/PhysioNet2022/training_data/68368_TV.wav,1.0,0.02276481
/tmp/backbone_swap_hubert_h_t1xf1t/data/PhysioNet2022/training_data/68374_AV.wav,1.0,0.021094207
/tmp/backbone_swap_hubert_h_t1xf1t/data/PhysioNet2022/training_data/68374_MV.wav,1.0,0.05981687
/tmp/backbone_swap_hubert_h_t1xf1t/data/PhysioNet2022/training_data/68379_AV.wav,1.0,0.029693622
/tmp/backbone_swap_hubert_h_t1xf1t/data/PhysioNet2022/training_data/68379_MV.wav,1.0,0.024769325
/tmp/backbone_swap_hubert_h_t1xf1t/data/PhysioNet2022/training_data/68379_PV.wav,1.0,0.048035603
/tmp/backbone_swap_hubert_h_t1xf1t/data/PhysioNet2022/training_data/68379_TV.wav,1.0,0.028906064
/tmp/backbone_swap_hubert_h_t1xf1t/data/PhysioNet2022/training_data/68395_PV.wav,1.0,0.024391042
/tmp/backbone_swap_hubert_h_t1xf1t/data/PhysioNet2022/training_data/68395_TV.wav,1.0,0.044915553
/tmp/backbone_swap_hubert_h_t1xf1t/data/PhysioNet2022/training_data/68407_AV.wav,1.0,0.021980809
/tmp/backbone_swap_hubert_h_t1xf1t/data/PhysioNet2022/training_data/68407_MV.wav,1.0,0.024025103
/tmp/backbone_swap_hubert_h_t1xf1t/data/PhysioNet2022/training_data/68407_PV.wav,1.0,0.09121995
/tmp/backbone_swap_hubert_h_t1xf1t/data/PhysioNet2022/training_data/68407_TV.wav,1.0,0.023987096
/tmp/backbone_swap_hubert_h_t1xf1t/data/PhysioNet2022/training_data/68412_AV.wav,1.0,0.12531053
/tmp/backbone_swap_hubert_h_t1xf1t/data/PhysioNet2022/training_data/68412_MV.wav,1.0,0.02942076
/tmp/backbone_swap_hubert_h_t1xf1t/data/PhysioNet2022/training_data/68412_PV.wav,1.0,0.026540266
/tmp/backbone_swap_hubert_h_t1xf1t/data/PhysioNet2022/training_data/68412_TV.wav,1.0,0.022308301
/tmp/backbone_swap_hubert_h_t1xf1t/data/PhysioNet2022/training_data/68435_AV.wav,1.0,0.022065103
/tmp/backbone_swap_hubert_h_t1xf1t/data/PhysioNet2022/training_data/68435_MV.wav,1.0,0.8510169
/tmp/backbone_swap_hubert_h_t1xf1t/data/PhysioNet2022/training_data/68444_AV.wav,1.0,0.027747117
/tmp/backbone_swap_hubert_h_t1xf1t/data/PhysioNet2022/training_data/68444_MV.wav,1.0,0.13157041
/tmp/backbone_swap_hubert_h_t1xf1t/data/PhysioNet2022/training_data/68444_PV.wav,1.0,0.024243606
/tmp/backbone_swap_hubert_h_t1xf1t/data/PhysioNet2022/training_data/68444_TV.wav,1.0,0.021402398
/tmp/backbone_swap_hubert_h_t1xf1t/data/PhysioNet2022/training_data/68487_AV.wav,1.0,0.039391838
/tmp/backbone_swap_hubert_h_t1xf1t/data/PhysioNet2022/training_data/68487_MV.wav,1.0,0.31885394
/tmp/backbone_swap_hubert_h_t1xf1t/data/PhysioNet2022/training_data/68487_PV.wav,1.0,0.025157223
/tmp/backbone_swap_hubert_h_t1xf1t/data/PhysioNet2022/training_data/68487_TV.wav,1.0,0.72143185
/tmp/backbone_swap_hubert_h_t1xf1t/data/PhysioNet2022/training_data/68498_AV.wav,1.0,0.024675865
/tmp/backbone_swap_hubert_h_t1xf1t/data/PhysioNet2022/training_data/68498_MV.wav,1.0,0.022174414
/tmp/backbone_swap_hubert_h_t1xf1t/data/PhysioNet2022/training_data/68498_PV.wav,1.0,0.15915968
/tmp/backbone_swap_hubert_h_t1xf1t/data/PhysioNet2022/training_data/68498_TV.wav,1.0,0.088435754
/tmp/backbone_swap_hubert_h_t1xf1t/data/PhysioNet2022/training_data/68504_AV.wav,1.0,0.029677896
/tmp/backbone_swap_hubert_h_t1xf1t/data/PhysioNet2022/training_data/68504_MV.wav,1.0,0.19230857
/tmp/backbone_swap_hubert_h_t1xf1t/data/PhysioNet2022/training_data/68504_PV.wav,1.0,0.0229727
/tmp/backbone_swap_hubert_h_t1xf1t/data/PhysioNet2022/training_data/68504_TV.wav,1.0,0.024806613
/tmp/backbone_swap_hubert_h_t1xf1t/data/PhysioNet2022/training_data/68545_AV.wav,1.0,0.28696737
/tmp/backbone_swap_hubert_h_t1xf1t/data/PhysioNet2022/training_data/68545_MV.wav,1.0,0.028222589
/tmp/backbone_swap_hubert_h_t1xf1t/data/PhysioNet2022/training_data/68545_PV.wav,1.0,0.0804734
/tmp/backbone_swap_hubert_h_t1xf1t/data/PhysioNet2022/training_data/68545_TV.wav,1.0,0.049363207
/tmp/backbone_swap_hubert_h_t1xf1t/data/PhysioNet2022/training_data/68556_AV.wav,1.0,0.051398
/tmp/backbone_swap_hubert_h_t1xf1t/data/PhysioNet2022/training_data/68556_MV.wav,1.0,0.12854591
/tmp/backbone_swap_hubert_h_t1xf1t/data/PhysioNet2022/training_data/68576_AV.wav,1.0,0.026222978
/tmp/backbone_swap_hubert_h_t1xf1t/data/PhysioNet2022/training_data/68576_MV.wav,1.0,0.03028786
/tmp/backbone_swap_hubert_h_t1xf1t/data/PhysioNet2022/training_data/68698_AV.wav,1.0,0.027488627
/tmp/backbone_swap_hubert_h_t1xf1t/data/PhysioNet2022/training_data/68698_MV.wav,1.0,0.27813184
/tmp/backbone_swap_hubert_h_t1xf1t/data/PhysioNet2022/training_data/68698_PV.wav,1.0,0.026896624
/tmp/backbone_swap_hubert_h_t1xf1t/data/PhysioNet2022/training_data/68698_TV.wav,1.0,0.35825524
/tmp/backbone_swap_hubert_h_t1xf1t/data/PhysioNet2022/training_data/68702_AV.wav,1.0,0.023434792
/tmp/backbone_swap_hubert_h_t1xf1t/data/PhysioNet2022/training_data/68702_MV.wav,1.0,0.100848444
/tmp/backbone_swap_hubert_h_t1xf1t/data/PhysioNet2022/training_data/68702_PV.wav,1.0,0.038267236
/tmp/backbone_swap_hubert_h_t1xf1t/data/PhysioNet2022/training_data/68702_TV.wav,1.0,0.02580114
/tmp/backbone_swap_hubert_h_t1xf1t/data/PhysioNet2022/training_data/68738_AV.wav,1.0,0.023426801
/tmp/backbone_swap_hubert_h_t1xf1t/data/PhysioNet2022/training_data/68738_MV.wav,1.0,0.02400355
/tmp/backbone_swap_hubert_h_t1xf1t/data/PhysioNet2022/training_data/68738_PV.wav,1.0,0.036793463
/tmp/backbone_swap_hubert_h_t1xf1t/data/PhysioNet2022/training_data/68738_TV.wav,1.0,0.022030119
/tmp/backbone_swap_hubert_h_t1xf1t/data/PhysioNet2022/training_data/68740_AV.wav,1.0,0.02846963
/tmp/backbone_swap_hubert_h_t1xf1t/data/PhysioNet2022/training_data/68740_MV.wav,1.0,0.070689455
/tmp/backbone_swap_hubert_h_t1xf1t/data/PhysioNet2022/training_data/68740_PV.wav,1.0,0.05270087
/tmp/backbone_swap_hubert_h_t1xf1t/data/PhysioNet2022/training_data/68740_TV.wav,1.0,0.08284624
/tmp/backbone_swap_hubert_h_t1xf1t/data/PhysioNet2022/training_data/68796_AV.wav,1.0,0.022526843
/tmp/backbone_swap_hubert_h_t1xf1t/data/PhysioNet2022/training_data/68796_MV.wav,1.0,0.042779353
/tmp/backbone_swap_hubert_h_t1xf1t/data/PhysioNet2022/training_data/68796_PV.wav,1.0,0.02395384
/tmp/backbone_swap_hubert_h_t1xf1t/data/PhysioNet2022/training_data/68796_TV.wav,1.0,0.023756916
/tmp/backbone_swap_hubert_h_t1xf1t/data/PhysioNet2022/training_data/68827_AV.wav,1.0,0.023270698
/tmp/backbone_swap_hubert_h_t1xf1t/data/PhysioNet2022/training_data/68827_PV.wav,1.0,0.04520364
/tmp/backbone_swap_hubert_h_t1xf1t/data/PhysioNet2022/training_data/68827_TV.wav,1.0,0.27755886
/tmp/backbone_swap_hubert_h_t1xf1t/data/PhysioNet2022/training_data/68874_AV.wav,1.0,0.18783209
/tmp/backbone_swap_hubert_h_t1xf1t/data/PhysioNet2022/training_data/68874_MV.wav,1.0,0.024114039
/tmp/backbone_swap_hubert_h_t1xf1t/data/PhysioNet2022/training_data/68874_PV.wav,1.0,0.034698065
/tmp/backbone_swap_hubert_h_t1xf1t/data/PhysioNet2022/training_data/68874_TV.wav,1.0,0.11172329
/tmp/backbone_swap_hubert_h_t1xf1t/data/PhysioNet2022/training_data/68886_AV.wav,1.0,0.23429075
/tmp/backbone_swap_hubert_h_t1xf1t/data/PhysioNet2022/training_data/68886_MV.wav,1.0,0.024271885
/tmp/backbone_swap_hubert_h_t1xf1t/data/PhysioNet2022/training_data/68886_PV.wav,1.0,0.024929438
/tmp/backbone_swap_hubert_h_t1xf1t/data/PhysioNet2022/training_data/68886_TV.wav,1.0,0.6697801
/tmp/backbone_swap_hubert_h_t1xf1t/data/PhysioNet2022/training_data/68888_AV.wav,1.0,0.52621377
/tmp/backbone_swap_hubert_h_t1xf1t/data/PhysioNet2022/training_data/68888_MV.wav,1.0,0.022586592
/tmp/backbone_swap_hubert_h_t1xf1t/data/PhysioNet2022/training_data/68888_PV.wav,1.0,0.026464764
/tmp/backbone_swap_hubert_h_t1xf1t/data/PhysioNet2022/training_data/68888_TV.wav,1.0,0.022263868
/tmp/backbone_swap_hubert_h_t1xf1t/data/PhysioNet2022/training_data/68901_AV.wav,1.0,0.5120815
/tmp/backbone_swap_hubert_h_t1xf1t/data/PhysioNet2022/training_data/68901_MV.wav,1.0,0.022492535
/tmp/backbone_swap_hubert_h_t1xf1t/data/PhysioNet2022/training_data/68901_PV.wav,1.0,0.034710206
/tmp/backbone_swap_hubert_h_t1xf1t/data/PhysioNet2022/training_data/68901_TV.wav,1.0,0.51838964
/tmp/backbone_swap_hubert_h_t1xf1t/data/PhysioNet2022/training_data/68952_AV.wav,1.0,0.030823275
/tmp/backbone_swap_hubert_h_t1xf1t/data/PhysioNet2022/training_data/68952_MV.wav,1.0,0.026571034
/tmp/backbone_swap_hubert_h_t1xf1t/data/PhysioNet2022/training_data/68952_PV.wav,1.0,0.02769347
/tmp/backbone_swap_hubert_h_t1xf1t/data/PhysioNet2022/training_data/68952_TV.wav,1.0,0.02577812
/tmp/backbone_swap_hubert_h_t1xf1t/data/PhysioNet2022/training_data/69060_AV.wav,1.0,0.21498168
/tmp/backbone_swap_hubert_h_t1xf1t/data/PhysioNet2022/training_data/69060_MV.wav,1.0,0.023459883
/tmp/backbone_swap_hubert_h_t1xf1t/data/PhysioNet2022/training_data/69060_PV.wav,1.0,0.024392242
/tmp/backbone_swap_hubert_h_t1xf1t/data/PhysioNet2022/training_data/69060_TV.wav,1.0,0.031776965
/tmp/backbone_swap_hubert_h_t1xf1t/data/PhysioNet2022/training_data/69066_AV.wav,1.0,0.09449555
/tmp/backbone_swap_hubert_h_t1xf1t/data/PhysioNet2022/training_data/69066_MV.wav,1.0,0.5610524
/tmp/backbone_swap_hubert_h_t1xf1t/data/PhysioNet2022/training_data/69066_PV.wav,1.0,0.025280356
/tmp/backbone_swap_hubert_h_t1xf1t/data/PhysioNet2022/training_data/69066_TV.wav,1.0,0.9962088
/tmp/backbone_swap_hubert_h_t1xf1t/data/PhysioNet2022/training_data/69068_AV.wav,1.0,0.04161406
/tmp/backbone_swap_hubert_h_t1xf1t/data/PhysioNet2022/training_data/69068_MV.wav,1.0,0.6281005
/tmp/backbone_swap_hubert_h_t1xf1t/data/PhysioNet2022/training_data/69068_PV.wav,1.0,0.117178865
/tmp/backbone_swap_hubert_h_t1xf1t/data/PhysioNet2022/training_data/69068_TV.wav,1.0,0.036565762
/tmp/backbone_swap_hubert_h_t1xf1t/data/PhysioNet2022/training_data/69093_AV.wav,1.0,0.02993854
/tmp/backbone_swap_hubert_h_t1xf1t/data/PhysioNet2022/training_data/69093_MV.wav,1.0,0.6216936
/tmp/backbone_swap_hubert_h_t1xf1t/data/PhysioNet2022/training_data/69093_PV.wav,1.0,0.0286752
/tmp/backbone_swap_hubert_h_t1xf1t/data/PhysioNet2022/training_data/69093_TV.wav,1.0,0.025242317
/tmp/backbone_swap_hubert_h_t1xf1t/data/PhysioNet2022/training_data/69112_AV.wav,1.0,0.021690924
/tmp/backbone_swap_hubert_h_t1xf1t/data/PhysioNet2022/training_data/69112_MV.wav,1.0,0.02243448
/tmp/backbone_swap_hubert_h_t1xf1t/data/PhysioNet2022/training_data/69112_PV.wav,1.0,0.02343147
/tmp/backbone_swap_hubert_h_t1xf1t/data/PhysioNet2022/training_data/69112_TV.wav,1.0,0.21916223
/tmp/backbone_swap_hubert_h_t1xf1t/data/PhysioNet2022/training_data/69120_AV.wav,1.0,0.025926512
/tmp/backbone_swap_hubert_h_t1xf1t/data/PhysioNet2022/training_data/69120_MV.wav,1.0,0.034621347
/tmp/backbone_swap_hubert_h_t1xf1t/data/PhysioNet2022/training_data/69120_PV.wav,1.0,0.023826782
/tmp/backbone_swap_hubert_h_t1xf1t/data/PhysioNet2022/training_data/69120_TV.wav,1.0,0.024273658
/tmp/backbone_swap_hubert_h_t1xf1t/data/PhysioNet2022/training_data/69125_AV.wav,1.0,0.025396474
/tmp/backbone_swap_hubert_h_t1xf1t/data/PhysioNet2022/training_data/69125_MV.wav,1.0,0.13124949
/tmp/backbone_swap_hubert_h_t1xf1t/data/PhysioNet2022/training_data/69125_PV.wav,1.0,0.09272965
/tmp/backbone_swap_hubert_h_t1xf1t/data/PhysioNet2022/training_data/69125_TV.wav,1.0,0.9815554
/tmp/backbone_swap_hubert_h_t1xf1t/data/PhysioNet2022/training_data/69144_AV.wav,1.0,0.022787705
/tmp/backbone_swap_hubert_h_t1xf1t/data/PhysioNet2022/training_data/69144_MV.wav,1.0,0.022389801
/tmp/backbone_swap_hubert_h_t1xf1t/data/PhysioNet2022/training_data/69144_PV.wav,1.0,0.023525523
/tmp/backbone_swap_hubert_h_t1xf1t/data/PhysioNet2022/training_data/69144_TV.wav,1.0,0.9420077
/tmp/backbone_swap_hubert_h_t1xf1t/data/PhysioNet2022/training_data/69155_MV.wav,1.0,0.025128545
/tmp/backbone_swap_hubert_h_t1xf1t/data/PhysioNet2022/training_data/69155_PV.wav,1.0,0.023702411
/tmp/backbone_swap_hubert_h_t1xf1t/data/PhysioNet2022/training_data/69155_TV.wav,1.0,0.02388664
/tmp/backbone_swap_hubert_h_t1xf1t/data/PhysioNet2022/training_data/69161_AV.wav,1.0,0.024633624
/tmp/backbone_swap_hubert_h_t1xf1t/data/PhysioNet2022/training_data/69161_MV.wav,1.0,0.11188625
/tmp/backbone_swap_hubert_h_t1xf1t/data/PhysioNet2022/training_data/69161_PV.wav,1.0,0.027179165
/tmp/backbone_swap_hubert_h_t1xf1t/data/PhysioNet2022/training_data/69161_TV.wav,1.0,0.029335199
/tmp/backbone_swap_hubert_h_t1xf1t/data/PhysioNet2022/training_data/69174_AV.wav,1.0,0.20803122
/tmp/backbone_swap_hubert_h_t1xf1t/data/PhysioNet2022/training_data/69174_MV.wav,1.0,0.031229584
/tmp/backbone_swap_hubert_h_t1xf1t/data/PhysioNet2022/training_data/69174_PV.wav,1.0,0.025669716
/tmp/backbone_swap_hubert_h_t1xf1t/data/PhysioNet2022/training_data/69174_TV.wav,1.0,0.028289305
/tmp/backbone_swap_hubert_h_t1xf1t/data/PhysioNet2022/training_data/69176_AV.wav,1.0,0.9961479
/tmp/backbone_swap_hubert_h_t1xf1t/data/PhysioNet2022/training_data/69176_MV.wav,1.0,0.5197849
/tmp/backbone_swap_hubert_h_t1xf1t/data/PhysioNet2022/training_data/69176_PV.wav,1.0,0.03163704
/tmp/backbone_swap_hubert_h_t1xf1t/data/PhysioNet2022/training_data/69176_TV.wav,1.0,0.02410946
/tmp/backbone_swap_hubert_h_t1xf1t/data/PhysioNet2022/training_data/72288_PV.wav,1.0,0.02385142
/tmp/backbone_swap_hubert_h_t1xf1t/data/PhysioNet2022/training_data/73497_AV.wav,1.0,0.03152083
/tmp/backbone_swap_hubert_h_t1xf1t/data/PhysioNet2022/training_data/73497_MV.wav,1.0,0.024864234
/tmp/backbone_swap_hubert_h_t1xf1t/data/PhysioNet2022/training_data/73497_PV.wav,1.0,0.025058959
/tmp/backbone_swap_hubert_h_t1xf1t/data/PhysioNet2022/training_data/73497_TV.wav,1.0,0.13674097
/tmp/backbone_swap_hubert_h_t1xf1t/data/PhysioNet2022/training_data/74420_AV.wav,1.0,0.022890272
/tmp/backbone_swap_hubert_h_t1xf1t/data/PhysioNet2022/training_data/74420_MV.wav,1.0,0.026811229
/tmp/backbone_swap_hubert_h_t1xf1t/data/PhysioNet2022/training_data/75440_AV.wav,1.0,0.033664256
/tmp/backbone_swap_hubert_h_t1xf1t/data/PhysioNet2022/training_data/75440_MV.wav,1.0,0.030529717
/tmp/backbone_swap_hubert_h_t1xf1t/data/PhysioNet2022/training_data/75440_PV.wav,1.0,0.38358375
/tmp/backbone_swap_hubert_h_t1xf1t/data/PhysioNet2022/training_data/75440_TV.wav,1.0,0.02382154
/tmp/backbone_swap_hubert_h_t1xf1t/data/PhysioNet2022/training_data/78592_AV.wav,1.0,0.02715158
/tmp/backbone_swap_hubert_h_t1xf1t/data/PhysioNet2022/training_data/78592_MV.wav,1.0,0.18767025
/tmp/backbone_swap_hubert_h_t1xf1t/data/PhysioNet2022/training_data/78592_PV.wav,1.0,0.031175159
/tmp/backbone_swap_hubert_h_t1xf1t/data/PhysioNet2022/training_data/78592_TV.wav,1.0,0.02647118
/tmp/backbone_swap_hubert_h_t1xf1t/data/PhysioNet2022/training_data/84688_MV.wav,1.0,0.045370173
/tmp/backbone_swap_hubert_h_t1xf1t/data/PhysioNet2022/training_data/84689_AV.wav,1.0,0.02250821
/tmp/backbone_swap_hubert_h_t1xf1t/data/PhysioNet2022/training_data/84689_MV.wav,1.0,0.023265189
/tmp/backbone_swap_hubert_h_t1xf1t/data/PhysioNet2022/training_data/84689_PV.wav,1.0,0.026353542
/tmp/backbone_swap_hubert_h_t1xf1t/data/PhysioNet2022/training_data/84689_TV.wav,1.0,0.029126292
/tmp/backbone_swap_hubert_h_t1xf1t/data/PhysioNet2022/training_data/84692_AV.wav,1.0,0.02554574
/tmp/backbone_swap_hubert_h_t1xf1t/data/PhysioNet2022/training_data/84692_MV.wav,1.0,0.044331588
/tmp/backbone_swap_hubert_h_t1xf1t/data/PhysioNet2022/training_data/84692_PV.wav,1.0,0.023430614
/tmp/backbone_swap_hubert_h_t1xf1t/data/PhysioNet2022/training_data/84692_TV.wav,1.0,0.024791842
/tmp/backbone_swap_hubert_h_t1xf1t/data/PhysioNet2022/training_data/84699_AV.wav,1.0,0.021801816
/tmp/backbone_swap_hubert_h_t1xf1t/data/PhysioNet2022/training_data/84699_MV.wav,1.0,0.027602633
/tmp/backbone_swap_hubert_h_t1xf1t/data/PhysioNet2022/training_data/84699_PV.wav,1.0,0.03753278
/tmp/backbone_swap_hubert_h_t1xf1t/data/PhysioNet2022/training_data/84699_TV.wav,1.0,0.024259036
/tmp/backbone_swap_hubert_h_t1xf1t/data/PhysioNet2022/training_data/84709_AV.wav,1.0,0.028393053
/tmp/backbone_swap_hubert_h_t1xf1t/data/PhysioNet2022/training_data/84709_MV.wav,1.0,0.024117265
/tmp/backbone_swap_hubert_h_t1xf1t/data/PhysioNet2022/training_data/84709_PV.wav,1.0,0.22397643
/tmp/backbone_swap_hubert_h_t1xf1t/data/PhysioNet2022/training_data/84709_TV.wav,1.0,0.0648493
/tmp/backbone_swap_hubert_h_t1xf1t/data/PhysioNet2022/training_data/84711_AV.wav,1.0,0.026566645
/tmp/backbone_swap_hubert_h_t1xf1t/data/PhysioNet2022/training_data/84711_MV.wav,1.0,0.055943597
/tmp/backbone_swap_hubert_h_t1xf1t/data/PhysioNet2022/training_data/84711_PV.wav,1.0,0.032456644
/tmp/backbone_swap_hubert_h_t1xf1t/data/PhysioNet2022/training_data/84711_TV.wav,1.0,0.025922922
/tmp/backbone_swap_hubert_h_t1xf1t/data/PhysioNet2022/training_data/84714_AV.wav,1.0,0.025866585
/tmp/backbone_swap_hubert_h_t1xf1t/data/PhysioNet2022/training_data/84714_MV.wav,1.0,0.041180108
/tmp/backbone_swap_hubert_h_t1xf1t/data/PhysioNet2022/training_data/84714_TV.wav,1.0,0.046586312
/tmp/backbone_swap_hubert_h_t1xf1t/data/PhysioNet2022/training_data/84720_AV.wav,1.0,0.2520654
/tmp/backbone_swap_hubert_h_t1xf1t/data/PhysioNet2022/training_data/84724_AV.wav,1.0,0.02616003
/tmp/backbone_swap_hubert_h_t1xf1t/data/PhysioNet2022/training_data/84724_MV.wav,1.0,0.024394784
/tmp/backbone_swap_hubert_h_t1xf1t/data/PhysioNet2022/training_data/84724_PV.wav,1.0,0.29891747
/tmp/backbone_swap_hubert_h_t1xf1t/data/PhysioNet2022/training_data/84724_TV.wav,1.0,0.022898935
/tmp/backbone_swap_hubert_h_t1xf1t/data/PhysioNet2022/training_data/84727_AV.wav,1.0,0.08538388
/tmp/backbone_swap_hubert_h_t1xf1t/data/PhysioNet2022/training_data/84727_MV.wav,1.0,0.075334795
/tmp/backbone_swap_hubert_h_t1xf1t/data/PhysioNet2022/training_data/84727_PV.wav,1.0,0.02739445
/tmp/backbone_swap_hubert_h_t1xf1t/data/PhysioNet2022/training_data/84727_TV.wav,1.0,0.023620227
/tmp/backbone_swap_hubert_h_t1xf1t/data/PhysioNet2022/training_data/84735_AV.wav,1.0,0.09006485
/tmp/backbone_swap_hubert_h_t1xf1t/data/PhysioNet2022/training_data/84735_MV.wav,1.0,0.025700934
/tmp/backbone_swap_hubert_h_t1xf1t/data/PhysioNet2022/training_data/84735_PV.wav,1.0,0.02167405
/tmp/backbone_swap_hubert_h_t1xf1t/data/PhysioNet2022/training_data/84735_TV.wav,1.0,0.04493542
/tmp/backbone_swap_hubert_h_t1xf1t/data/PhysioNet2022/training_data/84736_AV.wav,1.0,0.022882888
/tmp/backbone_swap_hubert_h_t1xf1t/data/PhysioNet2022/training_data/84736_MV.wav,1.0,0.027639419
/tmp/backbone_swap_hubert_h_t1xf1t/data/PhysioNet2022/training_data/84742_AV.wav,1.0,0.8911062
/tmp/backbone_swap_hubert_h_t1xf1t/data/PhysioNet2022/training_data/84742_MV.wav,1.0,0.022079905
/tmp/backbone_swap_hubert_h_t1xf1t/data/PhysioNet2022/training_data/84742_PV.wav,1.0,0.048727624
/tmp/backbone_swap_hubert_h_t1xf1t/data/PhysioNet2022/training_data/84742_TV.wav,1.0,0.028630368
/tmp/backbone_swap_hubert_h_t1xf1t/data/PhysioNet2022/training_data/84743_AV.wav,1.0,0.03677247
/tmp/backbone_swap_hubert_h_t1xf1t/data/PhysioNet2022/training_data/84743_MV.wav,1.0,0.029437412
/tmp/backbone_swap_hubert_h_t1xf1t/data/PhysioNet2022/training_data/84743_PV.wav,1.0,0.024975378
/tmp/backbone_swap_hubert_h_t1xf1t/data/PhysioNet2022/training_data/84743_TV.wav,1.0,0.025169194
/tmp/backbone_swap_hubert_h_t1xf1t/data/PhysioNet2022/training_data/84747_TV.wav,1.0,0.94553983
/tmp/backbone_swap_hubert_h_t1xf1t/data/PhysioNet2022/training_data/84749_AV.wav,1.0,0.026766753
/tmp/backbone_swap_hubert_h_t1xf1t/data/PhysioNet2022/training_data/84749_MV.wav,1.0,0.09900233
/tmp/backbone_swap_hubert_h_t1xf1t/data/PhysioNet2022/training_data/84749_PV.wav,1.0,0.3950715
/tmp/backbone_swap_hubert_h_t1xf1t/data/PhysioNet2022/training_data/84749_TV.wav,1.0,0.99160635
/tmp/backbone_swap_hubert_h_t1xf1t/data/PhysioNet2022/training_data/84750_AV.wav,1.0,0.021271253
/tmp/backbone_swap_hubert_h_t1xf1t/data/PhysioNet2022/training_data/84750_MV.wav,1.0,0.052595686
/tmp/backbone_swap_hubert_h_t1xf1t/data/PhysioNet2022/training_data/84750_PV.wav,1.0,0.022653287
/tmp/backbone_swap_hubert_h_t1xf1t/data/PhysioNet2022/training_data/84750_TV.wav,1.0,0.05580736
/tmp/backbone_swap_hubert_h_t1xf1t/data/PhysioNet2022/training_data/84758_AV.wav,1.0,0.09592971
/tmp/backbone_swap_hubert_h_t1xf1t/data/PhysioNet2022/training_data/84758_MV.wav,1.0,0.026218265
/tmp/backbone_swap_hubert_h_t1xf1t/data/PhysioNet2022/training_data/84758_PV.wav,1.0,0.026667839
/tmp/backbone_swap_hubert_h_t1xf1t/data/PhysioNet2022/training_data/84758_TV.wav,1.0,0.022859761
/tmp/backbone_swap_hubert_h_t1xf1t/data/PhysioNet2022/training_data/84761_AV.wav,1.0,0.28082454
/tmp/backbone_swap_hubert_h_t1xf1t/data/PhysioNet2022/training_data/84761_MV.wav,1.0,0.020980142
/tmp/backbone_swap_hubert_h_t1xf1t/data/PhysioNet2022/training_data/84761_PV.wav,1.0,0.022689043
/tmp/backbone_swap_hubert_h_t1xf1t/data/PhysioNet2022/training_data/84761_TV.wav,1.0,0.025816938
/tmp/backbone_swap_hubert_h_t1xf1t/data/PhysioNet2022/training_data/84776_AV.wav,1.0,0.06663765
/tmp/backbone_swap_hubert_h_t1xf1t/data/PhysioNet2022/training_data/84776_MV.wav,1.0,0.024674878
/tmp/backbone_swap_hubert_h_t1xf1t/data/PhysioNet2022/training_data/84776_PV.wav,1.0,0.48491865
/tmp/backbone_swap_hubert_h_t1xf1t/data/PhysioNet2022/training_data/84776_TV.wav,1.0,0.18747754
/tmp/backbone_swap_hubert_h_t1xf1t/data/PhysioNet2022/training_data/84778_AV.wav,1.0,0.024995068
/tmp/backbone_swap_hubert_h_t1xf1t/data/PhysioNet2022/training_data/84778_MV.wav,1.0,0.3823985
/tmp/backbone_swap_hubert_h_t1xf1t/data/PhysioNet2022/training_data/84778_PV.wav,1.0,0.02635637
/tmp/backbone_swap_hubert_h_t1xf1t/data/PhysioNet2022/training_data/84778_TV.wav,1.0,0.04856745
/tmp/backbone_swap_hubert_h_t1xf1t/data/PhysioNet2022/training_data/84785_AV.wav,1.0,0.024101537
/tmp/backbone_swap_hubert_h_t1xf1t/data/PhysioNet2022/training_data/84785_MV.wav,1.0,0.023111904
/tmp/backbone_swap_hubert_h_t1xf1t/data/PhysioNet2022/training_data/84785_PV.wav,1.0,0.028602984
/tmp/backbone_swap_hubert_h_t1xf1t/data/PhysioNet2022/training_data/84785_TV.wav,1.0,0.0660653
/tmp/backbone_swap_hubert_h_t1xf1t/data/PhysioNet2022/training_data/84796_AV.wav,1.0,0.08992611
/tmp/backbone_swap_hubert_h_t1xf1t/data/PhysioNet2022/training_data/84796_MV.wav,1.0,0.022510024
/tmp/backbone_swap_hubert_h_t1xf1t/data/PhysioNet2022/training_data/84798_AV.wav,1.0,0.024761613
/tmp/backbone_swap_hubert_h_t1xf1t/data/PhysioNet2022/training_data/84798_MV.wav,1.0,0.06416778
/tmp/backbone_swap_hubert_h_t1xf1t/data/PhysioNet2022/training_data/84798_PV.wav,1.0,0.023895297
/tmp/backbone_swap_hubert_h_t1xf1t/data/PhysioNet2022/training_data/84798_TV.wav,1.0,0.021745864
/tmp/backbone_swap_hubert_h_t1xf1t/data/PhysioNet2022/training_data/84809_AV.wav,1.0,0.058162034
/tmp/backbone_swap_hubert_h_t1xf1t/data/PhysioNet2022/training_data/84809_MV.wav,1.0,0.025980987
/tmp/backbone_swap_hubert_h_t1xf1t/data/PhysioNet2022/training_data/84809_PV.wav,1.0,0.022824373
/tmp/backbone_swap_hubert_h_t1xf1t/data/PhysioNet2022/training_data/84809_TV.wav,1.0,0.03193308
/tmp/backbone_swap_hubert_h_t1xf1t/data/PhysioNet2022/training_data/84835_AV.wav,1.0,0.23242818
/tmp/backbone_swap_hubert_h_t1xf1t/data/PhysioNet2022/training_data/84835_MV.wav,1.0,0.025175845
/tmp/backbone_swap_hubert_h_t1xf1t/data/PhysioNet2022/training_data/84835_PV.wav,1.0,0.028794331
/tmp/backbone_swap_hubert_h_t1xf1t/data/PhysioNet2022/training_data/84835_TV.wav,1.0,0.023463499
/tmp/backbone_swap_hubert_h_t1xf1t/data/PhysioNet2022/training_data/84837_AV.wav,1.0,0.024311168
/tmp/backbone_swap_hubert_h_t1xf1t/data/PhysioNet2022/training_data/84837_PV.wav,1.0,0.8838971
/tmp/backbone_swap_hubert_h_t1xf1t/data/PhysioNet2022/training_data/84840_MV.wav,1.0,0.0244045
/tmp/backbone_swap_hubert_h_t1xf1t/data/PhysioNet2022/training_data/84840_TV.wav,1.0,0.02515597
/tmp/backbone_swap_hubert_h_t1xf1t/data/PhysioNet2022/training_data/84852_AV.wav,1.0,0.025857178
/tmp/backbone_swap_hubert_h_t1xf1t/data/PhysioNet2022/training_data/84852_MV.wav,1.0,0.026544806
/tmp/backbone_swap_hubert_h_t1xf1t/data/PhysioNet2022/training_data/84852_PV.wav,1.0,0.027030937
/tmp/backbone_swap_hubert_h_t1xf1t/data/PhysioNet2022/training_data/84852_TV.wav,1.0,0.023187991
/tmp/backbone_swap_hubert_h_t1xf1t/data/PhysioNet2022/training_data/84861_AV.wav,1.0,0.025181802
/tmp/backbone_swap_hubert_h_t1xf1t/data/PhysioNet2022/training_data/84861_MV.wav,1.0,0.021255713
/tmp/backbone_swap_hubert_h_t1xf1t/data/PhysioNet2022/training_data/84861_PV.wav,1.0,0.07477918
/tmp/backbone_swap_hubert_h_t1xf1t/data/PhysioNet2022/training_data/84861_TV.wav,1.0,0.021184474
/tmp/backbone_swap_hubert_h_t1xf1t/data/PhysioNet2022/training_data/84864_AV.wav,1.0,0.025651785
/tmp/backbone_swap_hubert_h_t1xf1t/data/PhysioNet2022/training_data/84864_MV.wav,1.0,0.022639548
/tmp/backbone_swap_hubert_h_t1xf1t/data/PhysioNet2022/training_data/84864_PV.wav,1.0,0.036864303
/tmp/backbone_swap_hubert_h_t1xf1t/data/PhysioNet2022/training_data/84864_TV.wav,1.0,0.2378362
/tmp/backbone_swap_hubert_h_t1xf1t/data/PhysioNet2022/training_data/84870_AV.wav,1.0,0.024508571
/tmp/backbone_swap_hubert_h_t1xf1t/data/PhysioNet2022/training_data/84870_MV.wav,1.0,0.3771461
/tmp/backbone_swap_hubert_h_t1xf1t/data/PhysioNet2022/training_data/84870_PV.wav,1.0,0.35408327
/tmp/backbone_swap_hubert_h_t1xf1t/data/PhysioNet2022/training_data/84870_TV.wav,1.0,0.02475225
/tmp/backbone_swap_hubert_h_t1xf1t/data/PhysioNet2022/training_data/84877_AV.wav,1.0,0.13061589
/tmp/backbone_swap_hubert_h_t1xf1t/data/PhysioNet2022/training_data/84877_MV.wav,1.0,0.020878645
/tmp/backbone_swap_hubert_h_t1xf1t/data/PhysioNet2022/training_data/84877_PV.wav,1.0,0.023218405
/tmp/backbone_swap_hubert_h_t1xf1t/data/PhysioNet2022/training_data/84877_TV.wav,1.0,0.024891807
/tmp/backbone_swap_hubert_h_t1xf1t/data/PhysioNet2022/training_data/84881_AV.wav,1.0,0.02396429
/tmp/backbone_swap_hubert_h_t1xf1t/data/PhysioNet2022/training_data/84881_MV.wav,1.0,0.0224922
/tmp/backbone_swap_hubert_h_t1xf1t/data/PhysioNet2022/training_data/84881_PV.wav,1.0,0.07051202
/tmp/backbone_swap_hubert_h_t1xf1t/data/PhysioNet2022/training_data/84881_TV.wav,1.0,0.022761606
/tmp/backbone_swap_hubert_h_t1xf1t/data/PhysioNet2022/training_data/84885_AV.wav,1.0,0.022075826
/tmp/backbone_swap_hubert_h_t1xf1t/data/PhysioNet2022/training_data/84885_MV.wav,1.0,0.023496727
/tmp/backbone_swap_hubert_h_t1xf1t/data/PhysioNet2022/training_data/84890_AV.wav,1.0,0.023723595
/tmp/backbone_swap_hubert_h_t1xf1t/data/PhysioNet2022/training_data/84890_MV.wav,1.0,0.039420363
/tmp/backbone_swap_hubert_h_t1xf1t/data/PhysioNet2022/training_data/84890_PV.wav,1.0,0.022261824
/tmp/backbone_swap_hubert_h_t1xf1t/data/PhysioNet2022/training_data/84890_TV.wav,1.0,0.2888332
/tmp/backbone_swap_hubert_h_t1xf1t/data/PhysioNet2022/training_data/84893_AV.wav,1.0,0.025750568
/tmp/backbone_swap_hubert_h_t1xf1t/data/PhysioNet2022/training_data/84893_PV.wav,1.0,0.4322883
/tmp/backbone_swap_hubert_h_t1xf1t/data/PhysioNet2022/training_data/84894_AV.wav,1.0,0.021812892
/tmp/backbone_swap_hubert_h_t1xf1t/data/PhysioNet2022/training_data/84894_MV.wav,1.0,0.029447716
/tmp/backbone_swap_hubert_h_t1xf1t/data/PhysioNet2022/training_data/84894_PV.wav,1.0,0.023194164
/tmp/backbone_swap_hubert_h_t1xf1t/data/PhysioNet2022/training_data/84894_TV.wav,1.0,0.02693615
/tmp/backbone_swap_hubert_h_t1xf1t/data/PhysioNet2022/training_data/84917_AV.wav,1.0,0.102777876
/tmp/backbone_swap_hubert_h_t1xf1t/data/PhysioNet2022/training_data/84917_MV.wav,1.0,0.07615926
/tmp/backbone_swap_hubert_h_t1xf1t/data/PhysioNet2022/training_data/84917_PV.wav,1.0,0.026367739
/tmp/backbone_swap_hubert_h_t1xf1t/data/PhysioNet2022/training_data/84917_TV.wav,1.0,0.02928828
/tmp/backbone_swap_hubert_h_t1xf1t/data/PhysioNet2022/training_data/84921_AV.wav,1.0,0.02659807
/tmp/backbone_swap_hubert_h_t1xf1t/data/PhysioNet2022/training_data/84921_MV.wav,1.0,0.02912091
/tmp/backbone_swap_hubert_h_t1xf1t/data/PhysioNet2022/training_data/84921_PV.wav,1.0,0.024473041
/tmp/backbone_swap_hubert_h_t1xf1t/data/PhysioNet2022/training_data/84921_TV.wav,1.0,0.02292318
/tmp/backbone_swap_hubert_h_t1xf1t/data/PhysioNet2022/training_data/84922_AV.wav,1.0,0.7394113
/tmp/backbone_swap_hubert_h_t1xf1t/data/PhysioNet2022/training_data/84922_MV.wav,1.0,0.027912546
/tmp/backbone_swap_hubert_h_t1xf1t/data/PhysioNet2022/training_data/84930_AV.wav,1.0,0.041795846
/tmp/backbone_swap_hubert_h_t1xf1t/data/PhysioNet2022/training_data/84930_MV.wav,1.0,0.02897982
/tmp/backbone_swap_hubert_h_t1xf1t/data/PhysioNet2022/training_data/84930_PV.wav,1.0,0.023367006
/tmp/backbone_swap_hubert_h_t1xf1t/data/PhysioNet2022/training_data/84930_TV.wav,1.0,0.026676824
/tmp/backbone_swap_hubert_h_t1xf1t/data/PhysioNet2022/training_data/84937_AV.wav,1.0,0.029572442
/tmp/backbone_swap_hubert_h_t1xf1t/data/PhysioNet2022/training_data/84937_MV.wav,1.0,0.083688095
/tmp/backbone_swap_hubert_h_t1xf1t/data/PhysioNet2022/training_data/84937_PV.wav,1.0,0.055349804
/tmp/backbone_swap_hubert_h_t1xf1t/data/PhysioNet2022/training_data/84937_TV.wav,1.0,0.10560901
/tmp/backbone_swap_hubert_h_t1xf1t/data/PhysioNet2022/training_data/84939_AV.wav,1.0,0.0273552
/tmp/backbone_swap_hubert_h_t1xf1t/data/PhysioNet2022/training_data/84939_MV.wav,1.0,0.022929827
/tmp/backbone_swap_hubert_h_t1xf1t/data/PhysioNet2022/training_data/84939_PV.wav,1.0,0.025520694
/tmp/backbone_swap_hubert_h_t1xf1t/data/PhysioNet2022/training_data/84939_TV.wav,1.0,0.037321266
/tmp/backbone_swap_hubert_h_t1xf1t/data/PhysioNet2022/training_data/84945_AV.wav,1.0,0.053506546
/tmp/backbone_swap_hubert_h_t1xf1t/data/PhysioNet2022/training_data/84945_MV.wav,1.0,0.021948215
/tmp/backbone_swap_hubert_h_t1xf1t/data/PhysioNet2022/training_data/84945_PV.wav,1.0,0.02667477
/tmp/backbone_swap_hubert_h_t1xf1t/data/PhysioNet2022/training_data/84945_TV.wav,1.0,0.04060303
/tmp/backbone_swap_hubert_h_t1xf1t/data/PhysioNet2022/training_data/84947_AV.wav,1.0,0.071649216
/tmp/backbone_swap_hubert_h_t1xf1t/data/PhysioNet2022/training_data/84947_MV.wav,1.0,0.19192654
/tmp/backbone_swap_hubert_h_t1xf1t/data/PhysioNet2022/training_data/84947_PV.wav,1.0,0.022257725
/tmp/backbone_swap_hubert_h_t1xf1t/data/PhysioNet2022/training_data/84947_TV.wav,1.0,0.022595635
/tmp/backbone_swap_hubert_h_t1xf1t/data/PhysioNet2022/training_data/84969_MV.wav,1.0,0.39994636
/tmp/backbone_swap_hubert_h_t1xf1t/data/PhysioNet2022/training_data/84973_AV.wav,1.0,0.03286371
/tmp/backbone_swap_hubert_h_t1xf1t/data/PhysioNet2022/training_data/84973_MV.wav,1.0,0.027389042
/tmp/backbone_swap_hubert_h_t1xf1t/data/PhysioNet2022/training_data/84973_PV.wav,1.0,0.028897483
/tmp/backbone_swap_hubert_h_t1xf1t/data/PhysioNet2022/training_data/84973_TV.wav,1.0,0.03125878
/tmp/backbone_swap_hubert_h_t1xf1t/data/PhysioNet2022/training_data/84984_MV.wav,1.0,0.023393458
/tmp/backbone_swap_hubert_h_t1xf1t/data/PhysioNet2022/training_data/84984_PV.wav,1.0,0.021122165
/tmp/backbone_swap_hubert_h_t1xf1t/data/PhysioNet2022/training_data/84988_AV.wav,1.0,0.0286547
/tmp/backbone_swap_hubert_h_t1xf1t/data/PhysioNet2022/training_data/84988_MV.wav,1.0,0.047343556
/tmp/backbone_swap_hubert_h_t1xf1t/data/PhysioNet2022/training_data/84988_PV.wav,1.0,0.024397913
/tmp/backbone_swap_hubert_h_t1xf1t/data/PhysioNet2022/training_data/84992_AV.wav,1.0,0.02519609
/tmp/backbone_swap_hubert_h_t1xf1t/data/PhysioNet2022/training_data/84992_PV.wav,1.0,0.023021456
/tmp/backbone_swap_hubert_h_t1xf1t/data/PhysioNet2022/training_data/84992_TV.wav,1.0,0.14155503
/tmp/backbone_swap_hubert_h_t1xf1t/data/PhysioNet2022/training_data/84994_AV.wav,1.0,0.023810389
/tmp/backbone_swap_hubert_h_t1xf1t/data/PhysioNet2022/training_data/84994_MV.wav,1.0,0.36784017
/tmp/backbone_swap_hubert_h_t1xf1t/data/PhysioNet2022/training_data/84994_PV.wav,1.0,0.0894635
/tmp/backbone_swap_hubert_h_t1xf1t/data/PhysioNet2022/training_data/84994_TV.wav,1.0,0.021451054
/tmp/backbone_swap_hubert_h_t1xf1t/data/PhysioNet2022/training_data/85002_AV.wav,1.0,0.025268434
/tmp/backbone_swap_hubert_h_t1xf1t/data/PhysioNet2022/training_data/85002_MV.wav,1.0,0.057682037
/tmp/backbone_swap_hubert_h_t1xf1t/data/PhysioNet2022/training_data/85002_PV.wav,1.0,0.03356102
/tmp/backbone_swap_hubert_h_t1xf1t/data/PhysioNet2022/training_data/85002_TV.wav,1.0,0.026531497
/tmp/backbone_swap_hubert_h_t1xf1t/data/PhysioNet2022/training_data/85010_AV.wav,1.0,0.02383719
/tmp/backbone_swap_hubert_h_t1xf1t/data/PhysioNet2022/training_data/85010_MV.wav,1.0,0.024319166
/tmp/backbone_swap_hubert_h_t1xf1t/data/PhysioNet2022/training_data/85010_PV.wav,1.0,0.023054065
/tmp/backbone_swap_hubert_h_t1xf1t/data/PhysioNet2022/training_data/85010_TV.wav,1.0,0.31713337
/tmp/backbone_swap_hubert_h_t1xf1t/data/PhysioNet2022/training_data/85024_AV.wav,1.0,0.024374725
/tmp/backbone_swap_hubert_h_t1xf1t/data/PhysioNet2022/training_data/85024_MV.wav,1.0,0.03889626
/tmp/backbone_swap_hubert_h_t1xf1t/data/PhysioNet2022/training_data/85024_PV.wav,1.0,0.024486566
/tmp/backbone_swap_hubert_h_t1xf1t/data/PhysioNet2022/training_data/85024_TV.wav,1.0,0.025500057
/tmp/backbone_swap_hubert_h_t1xf1t/data/PhysioNet2022/training_data/85033_AV.wav,1.0,0.047047254
/tmp/backbone_swap_hubert_h_t1xf1t/data/PhysioNet2022/training_data/85033_MV.wav,1.0,0.024789387
/tmp/backbone_swap_hubert_h_t1xf1t/data/PhysioNet2022/training_data/85033_PV.wav,1.0,0.021990329
/tmp/backbone_swap_hubert_h_t1xf1t/data/PhysioNet2022/training_data/85033_TV.wav,1.0,0.025879072
/tmp/backbone_swap_hubert_h_t1xf1t/data/PhysioNet2022/training_data/85043_MV.wav,1.0,0.022215487
/tmp/backbone_swap_hubert_h_t1xf1t/data/PhysioNet2022/training_data/85043_PV.wav,1.0,0.024443578
/tmp/backbone_swap_hubert_h_t1xf1t/data/PhysioNet2022/training_data/85043_TV.wav,1.0,0.032627437
/tmp/backbone_swap_hubert_h_t1xf1t/data/PhysioNet2022/training_data/85044_AV.wav,1.0,0.026280707
/tmp/backbone_swap_hubert_h_t1xf1t/data/PhysioNet2022/training_data/85044_PV.wav,1.0,0.028472546
/tmp/backbone_swap_hubert_h_t1xf1t/data/PhysioNet2022/training_data/85048_AV.wav,1.0,0.030739745
/tmp/backbone_swap_hubert_h_t1xf1t/data/PhysioNet2022/training_data/85048_MV.wav,1.0,0.031770054
/tmp/backbone_swap_hubert_h_t1xf1t/data/PhysioNet2022/training_data/85048_PV.wav,1.0,0.026188174
/tmp/backbone_swap_hubert_h_t1xf1t/data/PhysioNet2022/training_data/85048_TV.wav,1.0,0.026904538
/tmp/backbone_swap_hubert_h_t1xf1t/data/PhysioNet2022/training_data/85075_AV.wav,1.0,0.022601055
/tmp/backbone_swap_hubert_h_t1xf1t/data/PhysioNet2022/training_data/85075_MV.wav,1.0,0.030723138
/tmp/backbone_swap_hubert_h_t1xf1t/data/PhysioNet2022/training_data/85075_PV.wav,1.0,0.021786667
/tmp/backbone_swap_hubert_h_t1xf1t/data/PhysioNet2022/training_data/85075_TV.wav,1.0,0.039467443
/tmp/backbone_swap_hubert_h_t1xf1t/data/PhysioNet2022/training_data/85076_MV.wav,1.0,0.022350227
/tmp/backbone_swap_hubert_h_t1xf1t/data/PhysioNet2022/training_data/85076_PV.wav,1.0,0.03403576
/tmp/backbone_swap_hubert_h_t1xf1t/data/PhysioNet2022/training_data/85084_AV.wav,1.0,0.024585629
/tmp/backbone_swap_hubert_h_t1xf1t/data/PhysioNet2022/training_data/85084_PV.wav,1.0,0.2756448
/tmp/backbone_swap_hubert_h_t1xf1t/data/PhysioNet2022/training_data/85084_TV.wav,1.0,0.022441907
/tmp/backbone_swap_hubert_h_t1xf1t/data/PhysioNet2022/training_data/85105_PV.wav,1.0,0.024954833
/tmp/backbone_swap_hubert_h_t1xf1t/data/PhysioNet2022/training_data/85105_TV.wav,1.0,0.024558175
/tmp/backbone_swap_hubert_h_t1xf1t/data/PhysioNet2022/training_data/85114_AV.wav,1.0,0.030704014
/tmp/backbone_swap_hubert_h_t1xf1t/data/PhysioNet2022/training_data/85114_MV.wav,1.0,0.027685314
/tmp/backbone_swap_hubert_h_t1xf1t/data/PhysioNet2022/training_data/85114_PV.wav,1.0,0.02114505
/tmp/backbone_swap_hubert_h_t1xf1t/data/PhysioNet2022/training_data/85114_TV.wav,1.0,0.021027911
/tmp/backbone_swap_hubert_h_t1xf1t/data/PhysioNet2022/training_data/85123_AV.wav,1.0,0.023998914
/tmp/backbone_swap_hubert_h_t1xf1t/data/PhysioNet2022/training_data/85123_MV.wav,1.0,0.030260043
/tmp/backbone_swap_hubert_h_t1xf1t/data/PhysioNet2022/training_data/85123_PV.wav,1.0,0.31479034
/tmp/backbone_swap_hubert_h_t1xf1t/data/PhysioNet2022/training_data/85123_TV.wav,1.0,0.023669772
/tmp/backbone_swap_hubert_h_t1xf1t/data/PhysioNet2022/training_data/85124_AV.wav,1.0,0.029087335
/tmp/backbone_swap_hubert_h_t1xf1t/data/PhysioNet2022/training_data/85124_MV.wav,1.0,0.024286665
/tmp/backbone_swap_hubert_h_t1xf1t/data/PhysioNet2022/training_data/85124_PV.wav,1.0,0.022704575
/tmp/backbone_swap_hubert_h_t1xf1t/data/PhysioNet2022/training_data/85124_TV.wav,1.0,0.022596693
/tmp/backbone_swap_hubert_h_t1xf1t/data/PhysioNet2022/training_data/85128_AV.wav,1.0,0.023965204
/tmp/backbone_swap_hubert_h_t1xf1t/data/PhysioNet2022/training_data/85128_MV.wav,1.0,0.021422002
/tmp/backbone_swap_hubert_h_t1xf1t/data/PhysioNet2022/training_data/85128_PV.wav,1.0,0.024900036
/tmp/backbone_swap_hubert_h_t1xf1t/data/PhysioNet2022/training_data/85128_TV.wav,1.0,0.02787843
/tmp/backbone_swap_hubert_h_t1xf1t/data/PhysioNet2022/training_data/85133_AV.wav,1.0,0.021257812
/tmp/backbone_swap_hubert_h_t1xf1t/data/PhysioNet2022/training_data/85133_MV.wav,1.0,0.04721703
/tmp/backbone_swap_hubert_h_t1xf1t/data/PhysioNet2022/training_data/85133_PV.wav,1.0,0.025690667
/tmp/backbone_swap_hubert_h_t1xf1t/data/PhysioNet2022/training_data/85133_TV.wav,1.0,0.024881328
/tmp/backbone_swap_hubert_h_t1xf1t/data/PhysioNet2022/training_data/85135_MV.wav,1.0,0.027797382
/tmp/backbone_swap_hubert_h_t1xf1t/data/PhysioNet2022/training_data/85135_PV.wav,1.0,0.021817146
/tmp/backbone_swap_hubert_h_t1xf1t/data/PhysioNet2022/training_data/85135_TV.wav,1.0,0.024165047
/tmp/backbone_swap_hubert_h_t1xf1t/data/PhysioNet2022/training_data/85136_AV.wav,1.0,0.022494005
/tmp/backbone_swap_hubert_h_t1xf1t/data/PhysioNet2022/training_data/85136_MV.wav,1.0,0.02259837
/tmp/backbone_swap_hubert_h_t1xf1t/data/PhysioNet2022/training_data/85136_PV.wav,1.0,0.023521092
/tmp/backbone_swap_hubert_h_t1xf1t/data/PhysioNet2022/training_data/85136_TV.wav,1.0,0.02142206
/tmp/backbone_swap_hubert_h_t1xf1t/data/PhysioNet2022/training_data/85140_AV.wav,1.0,0.02444483
/tmp/backbone_swap_hubert_h_t1xf1t/data/PhysioNet2022/training_data/85140_MV.wav,1.0,0.7725129
/tmp/backbone_swap_hubert_h_t1xf1t/data/PhysioNet2022/training_data/85140_PV.wav,1.0,0.021089118
/tmp/backbone_swap_hubert_h_t1xf1t/data/PhysioNet2022/training_data/85143_AV.wav,1.0,0.04973473
/tmp/backbone_swap_hubert_h_t1xf1t/data/PhysioNet2022/training_data/85143_MV.wav,1.0,0.02393494
/tmp/backbone_swap_hubert_h_t1xf1t/data/PhysioNet2022/training_data/85143_PV.wav,1.0,0.022563584
/tmp/backbone_swap_hubert_h_t1xf1t/data/PhysioNet2022/training_data/85143_TV.wav,1.0,0.022199843
/tmp/backbone_swap_hubert_h_t1xf1t/data/PhysioNet2022/training_data/85145_MV.wav,1.0,0.025014585
/tmp/backbone_swap_hubert_h_t1xf1t/data/PhysioNet2022/training_data/85148_AV.wav,1.0,0.0231923
/tmp/backbone_swap_hubert_h_t1xf1t/data/PhysioNet2022/training_data/85148_MV.wav,1.0,0.024820829
/tmp/backbone_swap_hubert_h_t1xf1t/data/PhysioNet2022/training_data/85148_PV.wav,1.0,0.022266792
/tmp/backbone_swap_hubert_h_t1xf1t/data/PhysioNet2022/training_data/85148_TV.wav,1.0,0.024867818
/tmp/backbone_swap_hubert_h_t1xf1t/data/PhysioNet2022/training_data/85151_AV.wav,1.0,0.033700947
/tmp/backbone_swap_hubert_h_t1xf1t/data/PhysioNet2022/training_data/85151_MV.wav,1.0,0.028924424
/tmp/backbone_swap_hubert_h_t1xf1t/data/PhysioNet2022/training_data/85151_PV.wav,1.0,0.023567704
/tmp/backbone_swap_hubert_h_t1xf1t/data/PhysioNet2022/training_data/85151_TV.wav,1.0,0.031799015
/tmp/backbone_swap_hubert_h_t1xf1t/data/PhysioNet2022/training_data/85155_AV.wav,1.0,0.021793127
/tmp/backbone_swap_hubert_h_t1xf1t/data/PhysioNet2022/training_data/85166_AV.wav,1.0,0.031211022
/tmp/backbone_swap_hubert_h_t1xf1t/data/PhysioNet2022/training_data/85166_MV.wav,1.0,0.022162694
/tmp/backbone_swap_hubert_h_t1xf1t/data/PhysioNet2022/training_data/85166_PV.wav,1.0,0.027333494
/tmp/backbone_swap_hubert_h_t1xf1t/data/PhysioNet2022/training_data/85166_TV.wav,1.0,0.022572782
/tmp/backbone_swap_hubert_h_t1xf1t/data/PhysioNet2022/training_data/85167_PV.wav,1.0,0.08725318
/tmp/backbone_swap_hubert_h_t1xf1t/data/PhysioNet2022/training_data/85167_TV.wav,1.0,0.027176013
/tmp/backbone_swap_hubert_h_t1xf1t/data/PhysioNet2022/training_data/85169_AV.wav,1.0,0.026547339
/tmp/backbone_swap_hubert_h_t1xf1t/data/PhysioNet2022/training_data/85169_MV.wav,1.0,0.030462846
/tmp/backbone_swap_hubert_h_t1xf1t/data/PhysioNet2022/training_data/85169_PV.wav,1.0,0.03033605
/tmp/backbone_swap_hubert_h_t1xf1t/data/PhysioNet2022/training_data/85169_TV.wav,1.0,0.026937502
/tmp/backbone_swap_hubert_h_t1xf1t/data/PhysioNet2022/training_data/85176_AV.wav,1.0,0.05061295
/tmp/backbone_swap_hubert_h_t1xf1t/data/PhysioNet2022/training_data/85176_MV.wav,1.0,0.024008086
/tmp/backbone_swap_hubert_h_t1xf1t/data/PhysioNet2022/training_data/85176_PV.wav,1.0,0.02359232
/tmp/backbone_swap_hubert_h_t1xf1t/data/PhysioNet2022/training_data/85176_TV.wav,1.0,0.027681002
/tmp/backbone_swap_hubert_h_t1xf1t/data/PhysioNet2022/training_data/85180_AV.wav,1.0,0.023937939
/tmp/backbone_swap_hubert_h_t1xf1t/data/PhysioNet2022/training_data/85180_MV.wav,1.0,0.03667774
/tmp/backbone_swap_hubert_h_t1xf1t/data/PhysioNet2022/training_data/85180_PV.wav,1.0,0.02405044
/tmp/backbone_swap_hubert_h_t1xf1t/data/PhysioNet2022/training_data/85180_TV.wav,1.0,0.05333082
/tmp/backbone_swap_hubert_h_t1xf1t/data/PhysioNet2022/training_data/85181_AV.wav,1.0,0.039062697
/tmp/backbone_swap_hubert_h_t1xf1t/data/PhysioNet2022/training_data/85181_PV.wav,1.0,0.41841108
/tmp/backbone_swap_hubert_h_t1xf1t/data/PhysioNet2022/training_data/85182_AV.wav,1.0,0.03082679
/tmp/backbone_swap_hubert_h_t1xf1t/data/PhysioNet2022/training_data/85182_MV.wav,1.0,0.0410077
/tmp/backbone_swap_hubert_h_t1xf1t/data/PhysioNet2022/training_data/85182_PV.wav,1.0,0.023519028
/tmp/backbone_swap_hubert_h_t1xf1t/data/PhysioNet2022/training_data/85182_TV.wav,1.0,0.033689562
/tmp/backbone_swap_hubert_h_t1xf1t/data/PhysioNet2022/training_data/85184_AV.wav,1.0,0.036795914
/tmp/backbone_swap_hubert_h_t1xf1t/data/PhysioNet2022/training_data/85184_MV.wav,1.0,0.02704451
/tmp/backbone_swap_hubert_h_t1xf1t/data/PhysioNet2022/training_data/85184_PV.wav,1.0,0.033208262
/tmp/backbone_swap_hubert_h_t1xf1t/data/PhysioNet2022/training_data/85184_TV.wav,1.0,0.021329733
/tmp/backbone_swap_hubert_h_t1xf1t/data/PhysioNet2022/training_data/85192_AV.wav,1.0,0.02370667
/tmp/backbone_swap_hubert_h_t1xf1t/data/PhysioNet2022/training_data/85192_MV.wav,1.0,0.033075638
/tmp/backbone_swap_hubert_h_t1xf1t/data/PhysioNet2022/training_data/85192_PV.wav,1.0,0.3937204
/tmp/backbone_swap_hubert_h_t1xf1t/data/PhysioNet2022/training_data/85192_TV.wav,1.0,0.029669913
/tmp/backbone_swap_hubert_h_t1xf1t/data/PhysioNet2022/training_data/85196_AV.wav,1.0,0.02470904
/tmp/backbone_swap_hubert_h_t1xf1t/data/PhysioNet2022/training_data/85196_MV.wav,1.0,0.44736895
/tmp/backbone_swap_hubert_h_t1xf1t/data/PhysioNet2022/training_data/85196_PV.wav,1.0,0.025725687
/tmp/backbone_swap_hubert_h_t1xf1t/data/PhysioNet2022/training_data/85196_TV.wav,1.0,0.9881803
/tmp/backbone_swap_hubert_h_t1xf1t/data/PhysioNet2022/training_data/85197_AV.wav,1.0,0.02172748
/tmp/backbone_swap_hubert_h_t1xf1t/data/PhysioNet2022/training_data/85197_MV.wav,1.0,0.0240456
/tmp/backbone_swap_hubert_h_t1xf1t/data/PhysioNet2022/training_data/85197_PV.wav,1.0,0.031243073
/tmp/backbone_swap_hubert_h_t1xf1t/data/PhysioNet2022/training_data/85197_TV.wav,1.0,0.42294508
/tmp/backbone_swap_hubert_h_t1xf1t/data/PhysioNet2022/training_data/85199_AV.wav,1.0,0.99713
/tmp/backbone_swap_hubert_h_t1xf1t/data/PhysioNet2022/training_data/85199_PV.wav,1.0,0.025594369
/tmp/backbone_swap_hubert_h_t1xf1t/data/PhysioNet2022/training_data/85213_AV.wav,1.0,0.023464225
/tmp/backbone_swap_hubert_h_t1xf1t/data/PhysioNet2022/training_data/85213_MV.wav,1.0,0.021812787
/tmp/backbone_swap_hubert_h_t1xf1t/data/PhysioNet2022/training_data/85213_PV.wav,1.0,0.022853484
/tmp/backbone_swap_hubert_h_t1xf1t/data/PhysioNet2022/training_data/85213_TV.wav,1.0,0.02425217
/tmp/backbone_swap_hubert_h_t1xf1t/data/PhysioNet2022/training_data/85214_AV.wav,1.0,0.02205893
/tmp/backbone_swap_hubert_h_t1xf1t/data/PhysioNet2022/training_data/85214_MV.wav,1.0,0.02313495
/tmp/backbone_swap_hubert_h_t1xf1t/data/PhysioNet2022/training_data/85214_PV.wav,1.0,0.02715134
/tmp/backbone_swap_hubert_h_t1xf1t/data/PhysioNet2022/training_data/85214_TV.wav,1.0,0.023402654
/tmp/backbone_swap_hubert_h_t1xf1t/data/PhysioNet2022/training_data/85222_AV.wav,1.0,0.8610902
/tmp/backbone_swap_hubert_h_t1xf1t/data/PhysioNet2022/training_data/85222_PV.wav,1.0,0.03389395
/tmp/backbone_swap_hubert_h_t1xf1t/data/PhysioNet2022/training_data/85222_TV.wav,1.0,0.023138985
/tmp/backbone_swap_hubert_h_t1xf1t/data/PhysioNet2022/training_data/85225_AV.wav,1.0,0.05793636
/tmp/backbone_swap_hubert_h_t1xf1t/data/PhysioNet2022/training_data/85225_MV.wav,1.0,0.023736
/tmp/backbone_swap_hubert_h_t1xf1t/data/PhysioNet2022/training_data/85225_PV.wav,1.0,0.08086016
/tmp/backbone_swap_hubert_h_t1xf1t/data/PhysioNet2022/training_data/85225_TV.wav,1.0,0.987603
/tmp/backbone_swap_hubert_h_t1xf1t/data/PhysioNet2022/training_data/85226_MV.wav,1.0,0.09003223
/tmp/backbone_swap_hubert_h_t1xf1t/data/PhysioNet2022/training_data/85226_PV.wav,1.0,0.027132139
/tmp/backbone_swap_hubert_h_t1xf1t/data/PhysioNet2022/training_data/85226_TV.wav,1.0,0.028871855
/tmp/backbone_swap_hubert_h_t1xf1t/data/PhysioNet2022/training_data/85229_MV.wav,1.0,0.021490432
/tmp/backbone_swap_hubert_h_t1xf1t/data/PhysioNet2022/training_data/85229_PV.wav,1.0,0.9881171
/tmp/backbone_swap_hubert_h_t1xf1t/data/PhysioNet2022/training_data/85229_TV.wav,1.0,0.023691935
/tmp/backbone_swap_hubert_h_t1xf1t/data/PhysioNet2022/training_data/85235_AV.wav,1.0,0.026732095
/tmp/backbone_swap_hubert_h_t1xf1t/data/PhysioNet2022/training_data/85235_MV.wav,1.0,0.031532343
/tmp/backbone_swap_hubert_h_t1xf1t/data/PhysioNet2022/training_data/85235_PV.wav,1.0,0.024669962
/tmp/backbone_swap_hubert_h_t1xf1t/data/PhysioNet2022/training_data/85235_TV.wav,1.0,0.05185118
/tmp/backbone_swap_hubert_h_t1xf1t/data/PhysioNet2022/training_data/85241_AV.wav,1.0,0.022519737
/tmp/backbone_swap_hubert_h_t1xf1t/data/PhysioNet2022/training_data/85241_MV.wav,1.0,0.02237563
/tmp/backbone_swap_hubert_h_t1xf1t/data/PhysioNet2022/training_data/85241_PV.wav,1.0,0.024021212
/tmp/backbone_swap_hubert_h_t1xf1t/data/PhysioNet2022/training_data/85241_TV.wav,1.0,0.034388445
/tmp/backbone_swap_hubert_h_t1xf1t/data/PhysioNet2022/training_data/85242_MV.wav,1.0,0.023577647
/tmp/backbone_swap_hubert_h_t1xf1t/data/PhysioNet2022/training_data/85243_AV.wav,1.0,0.024238437
/tmp/backbone_swap_hubert_h_t1xf1t/data/PhysioNet2022/training_data/85243_PV.wav,1.0,0.025581017
/tmp/backbone_swap_hubert_h_t1xf1t/data/PhysioNet2022/training_data/85245_AV.wav,1.0,0.2711823
/tmp/backbone_swap_hubert_h_t1xf1t/data/PhysioNet2022/training_data/85245_PV.wav,1.0,0.024648463
/tmp/backbone_swap_hubert_h_t1xf1t/data/PhysioNet2022/training_data/85245_TV.wav,1.0,0.022460116
/tmp/backbone_swap_hubert_h_t1xf1t/data/PhysioNet2022/training_data/85246_AV.wav,1.0,0.023944868
/tmp/backbone_swap_hubert_h_t1xf1t/data/PhysioNet2022/training_data/85246_MV.wav,1.0,0.030102806
/tmp/backbone_swap_hubert_h_t1xf1t/data/PhysioNet2022/training_data/85246_PV.wav,1.0,0.035407394
/tmp/backbone_swap_hubert_h_t1xf1t/data/PhysioNet2022/training_data/85246_TV.wav,1.0,0.059191167
/tmp/backbone_swap_hubert_h_t1xf1t/data/PhysioNet2022/training_data/85249_AV.wav,1.0,0.0742201
/tmp/backbone_swap_hubert_h_t1xf1t/data/PhysioNet2022/training_data/85249_MV.wav,1.0,0.021912578
/tmp/backbone_swap_hubert_h_t1xf1t/data/PhysioNet2022/training_data/85249_PV.wav,1.0,0.02321238
/tmp/backbone_swap_hubert_h_t1xf1t/data/PhysioNet2022/training_data/85249_TV.wav,1.0,0.030495016
/tmp/backbone_swap_hubert_h_t1xf1t/data/PhysioNet2022/training_data/85261_AV.wav,1.0,0.023647962
/tmp/backbone_swap_hubert_h_t1xf1t/data/PhysioNet2022/training_data/85261_MV.wav,1.0,0.023937145
/tmp/backbone_swap_hubert_h_t1xf1t/data/PhysioNet2022/training_data/85261_PV.wav,1.0,0.021508487
/tmp/backbone_swap_hubert_h_t1xf1t/data/PhysioNet2022/training_data/85261_TV.wav,1.0,0.022895558
/tmp/backbone_swap_hubert_h_t1xf1t/data/PhysioNet2022/training_data/85262_AV.wav,1.0,0.0216096
/tmp/backbone_swap_hubert_h_t1xf1t/data/PhysioNet2022/training_data/85262_MV.wav,1.0,0.028372534
/tmp/backbone_swap_hubert_h_t1xf1t/data/PhysioNet2022/training_data/85262_PV.wav,1.0,0.025871811
/tmp/backbone_swap_hubert_h_t1xf1t/data/PhysioNet2022/training_data/85262_TV.wav,1.0,0.33587825
/tmp/backbone_swap_hubert_h_t1xf1t/data/PhysioNet2022/training_data/85265_AV.wav,1.0,0.022851275
/tmp/backbone_swap_hubert_h_t1xf1t/data/PhysioNet2022/training_data/85265_MV.wav,1.0,0.02293725
/tmp/backbone_swap_hubert_h_t1xf1t/data/PhysioNet2022/training_data/85265_PV.wav,1.0,0.03895825
/tmp/backbone_swap_hubert_h_t1xf1t/data/PhysioNet2022/training_data/85265_TV.wav,1.0,0.07426292
/tmp/backbone_swap_hubert_h_t1xf1t/data/PhysioNet2022/training_data/85270_AV.wav,1.0,0.031293735
/tmp/backbone_swap_hubert_h_t1xf1t/data/PhysioNet2022/training_data/85270_MV.wav,1.0,0.04857033
/tmp/backbone_swap_hubert_h_t1xf1t/data/PhysioNet2022/training_data/85270_PV.wav,1.0,0.028777907
/tmp/backbone_swap_hubert_h_t1xf1t/data/PhysioNet2022/training_data/85270_TV.wav,1.0,0.024885975
/tmp/backbone_swap_hubert_h_t1xf1t/data/PhysioNet2022/training_data/85279_AV.wav,1.0,0.021747202
/tmp/backbone_swap_hubert_h_t1xf1t/data/PhysioNet2022/training_data/85279_MV.wav,1.0,0.023772538
/tmp/backbone_swap_hubert_h_t1xf1t/data/PhysioNet2022/training_data/85279_PV.wav,1.0,0.051747177
/tmp/backbone_swap_hubert_h_t1xf1t/data/PhysioNet2022/training_data/85279_TV.wav,1.0,0.021902556
/tmp/backbone_swap_hubert_h_t1xf1t/data/PhysioNet2022/training_data/85286_AV.wav,1.0,0.022188371
/tmp/backbone_swap_hubert_h_t1xf1t/data/PhysioNet2022/training_data/85286_MV.wav,1.0,0.023414852
/tmp/backbone_swap_hubert_h_t1xf1t/data/PhysioNet2022/training_data/85286_PV.wav,1.0,0.027361967
/tmp/backbone_swap_hubert_h_t1xf1t/data/PhysioNet2022/training_data/85286_TV.wav,1.0,0.024155134
/tmp/backbone_swap_hubert_h_t1xf1t/data/PhysioNet2022/training_data/85287_MV.wav,1.0,0.024184698
/tmp/backbone_swap_hubert_h_t1xf1t/data/PhysioNet2022/training_data/85287_PV.wav,1.0,0.023354216
/tmp/backbone_swap_hubert_h_t1xf1t/data/PhysioNet2022/training_data/85287_TV.wav,1.0,0.03744019
/tmp/backbone_swap_hubert_h_t1xf1t/data/PhysioNet2022/training_data/85288_AV.wav,1.0,0.052684966
/tmp/backbone_swap_hubert_h_t1xf1t/data/PhysioNet2022/training_data/85288_MV.wav,1.0,0.022962393
/tmp/backbone_swap_hubert_h_t1xf1t/data/PhysioNet2022/training_data/85288_PV.wav,1.0,0.024457574
/tmp/backbone_swap_hubert_h_t1xf1t/data/PhysioNet2022/training_data/85288_TV.wav,1.0,0.022974566
/tmp/backbone_swap_hubert_h_t1xf1t/data/PhysioNet2022/training_data/85313_MV.wav,1.0,0.04605957
/tmp/backbone_swap_hubert_h_t1xf1t/data/PhysioNet2022/training_data/85313_PV.wav,1.0,0.024243077
/tmp/backbone_swap_hubert_h_t1xf1t/data/PhysioNet2022/training_data/85313_TV.wav,1.0,0.023158206
/tmp/backbone_swap_hubert_h_t1xf1t/data/PhysioNet2022/training_data/85315_AV.wav,1.0,0.028742785
/tmp/backbone_swap_hubert_h_t1xf1t/data/PhysioNet2022/training_data/85315_MV.wav,1.0,0.02266969
/tmp/backbone_swap_hubert_h_t1xf1t/data/PhysioNet2022/training_data/85315_PV.wav,1.0,0.319757
/tmp/backbone_swap_hubert_h_t1xf1t/data/PhysioNet2022/training_data/85315_TV.wav,1.0,0.03918048
/tmp/backbone_swap_hubert_h_t1xf1t/data/PhysioNet2022/training_data/85319_AV.wav,1.0,0.021227617
/tmp/backbone_swap_hubert_h_t1xf1t/data/PhysioNet2022/training_data/85319_MV.wav,1.0,0.028177995
/tmp/backbone_swap_hubert_h_t1xf1t/data/PhysioNet2022/training_data/85319_PV.wav,1.0,0.03761764
/tmp/backbone_swap_hubert_h_t1xf1t/data/PhysioNet2022/training_data/85319_TV.wav,1.0,0.024029117
/tmp/backbone_swap_hubert_h_t1xf1t/data/PhysioNet2022/training_data/85321_PV.wav,1.0,0.8965638
/tmp/backbone_swap_hubert_h_t1xf1t/data/PhysioNet2022/training_data/85321_TV.wav,1.0,0.09630533
/tmp/backbone_swap_hubert_h_t1xf1t/data/PhysioNet2022/training_data/85331_AV.wav,1.0,0.0409863
/tmp/backbone_swap_hubert_h_t1xf1t/data/PhysioNet2022/training_data/85331_MV.wav,1.0,0.021242453
/tmp/backbone_swap_hubert_h_t1xf1t/data/PhysioNet2022/training_data/85331_PV.wav,1.0,0.073686406
/tmp/backbone_swap_hubert_h_t1xf1t/data/PhysioNet2022/training_data/85331_TV.wav,1.0,0.031808544
/tmp/backbone_swap_hubert_h_t1xf1t/data/PhysioNet2022/training_data/85336_AV.wav,1.0,0.02251303
/tmp/backbone_swap_hubert_h_t1xf1t/data/PhysioNet2022/training_data/85336_MV.wav,1.0,0.058793865
/tmp/backbone_swap_hubert_h_t1xf1t/data/PhysioNet2022/training_data/85338_AV.wav,1.0,0.031154826
/tmp/backbone_swap_hubert_h_t1xf1t/data/PhysioNet2022/training_data/85338_MV.wav,1.0,0.11724811
/tmp/backbone_swap_hubert_h_t1xf1t/data/PhysioNet2022/training_data/85338_PV.wav,1.0,0.024549976
/tmp/backbone_swap_hubert_h_t1xf1t/data/PhysioNet2022/training_data/85338_TV.wav,1.0,0.15996276
/tmp/backbone_swap_hubert_h_t1xf1t/data/PhysioNet2022/training_data/85341_AV.wav,1.0,0.022102568
/tmp/backbone_swap_hubert_h_t1xf1t/data/PhysioNet2022/training_data/85341_MV.wav,1.0,0.028264238
/tmp/backbone_swap_hubert_h_t1xf1t/data/PhysioNet2022/training_data/85341_PV.wav,1.0,0.02362332
/tmp/backbone_swap_hubert_h_t1xf1t/data/PhysioNet2022/training_data/85341_TV.wav,1.0,0.023322014
/tmp/backbone_swap_hubert_h_t1xf1t/data/PhysioNet2022/training_data/85343_AV.wav,1.0,0.294746
/tmp/backbone_swap_hubert_h_t1xf1t/data/PhysioNet2022/training_data/85343_MV.wav,1.0,0.021572521
/tmp/backbone_swap_hubert_h_t1xf1t/data/PhysioNet2022/training_data/85343_PV.wav,1.0,0.023316486
/tmp/backbone_swap_hubert_h_t1xf1t/data/PhysioNet2022/training_data/85343_TV.wav,1.0,0.022178994
noise,0.0,0.0298872
noise,0.0,0.023304077
noise,0.0,0.022521699
noise,0.0,0.022279486
noise,0.0,0.0275592
noise,0.0,0.03172831
noise,0.0,0.026384264
noise,0.0,0.021497902
noise,0.0,0.022952057
noise,0.0,0.022561498
noise,0.0,0.10812461
noise,0.0,0.022473797
noise,0.0,0.2130796
noise,0.0,0.027947681
noise,0.0,0.022174073
noise,0.0,0.027997047
noise,0.0,0.038905483
noise,0.0,0.022751214
noise,0.0,0.023136182
noise,0.0,0.24120139
noise,0.0,0.023969589
noise,0.0,0.026274916
noise,0.0,0.025374152
noise,0.0,0.024168195
noise,0.0,0.048380375
noise,0.0,0.02808892
noise,0.0,0.3122384
noise,0.0,0.034814347
noise,0.0,0.02252907
noise,0.0,0.52869225
noise,0.0,0.025032803
noise,0.0,0.023178764
noise,0.0,0.025753714
noise,0.0,0.029763991
noise,0.0,0.03888865
noise,0.0,0.021252548
noise,0.0,0.021543484
noise,0.0,0.022538995
noise,0.0,0.029248679
noise,0.0,0.023557106
noise,0.0,0.023826865
noise,0.0,0.024913251
noise,0.0,0.026786804
noise,0.0,0.81683034
noise,0.0,0.021063022
noise,0.0,0.023136565
noise,0.0,0.021282822
noise,0.0,0.024281813
noise,0.0,0.16722953
noise,0.0,0.024719931
noise,0.0,0.055280995
noise,0.0,0.026748717
noise,0.0,0.022489233
noise,0.0,0.023018613
noise,0.0,0.7942536
noise,0.0,0.021382542
noise,0.0,0.027796924
noise,0.0,0.023892175
noise,0.0,0.97312355
noise,0.0,0.027947681
noise,0.0,0.03210175
noise,0.0,0.02196155
noise,0.0,0.023778103
noise,0.0,0.026032234
noise,0.0,0.15493776
noise,0.0,0.021655984
noise,0.0,0.02583462
noise,0.0,0.026586747
noise,0.0,0.12205705
noise,0.0,0.023029672
noise,0.0,0.036939155
noise,0.0,0.02668322
noise,0.0,0.03344045
noise,0.0,0.028261447
noise,0.0,0.037980556
noise,0.0,0.08095676
noise,0.0,0.02207696
noise,0.0,0.025498161
noise,0.0,0.062306292
noise,0.0,0.027299177
noise,0.0,0.029920734
noise,0.0,0.31984535
noise,0.0,0.023789883
noise,0.0,0.36077565
noise,0.0,0.023164095
noise,0.0,0.02954175
noise,0.0,0.027017673
noise,0.0,0.11041589
noise,0.0,0.113212444
noise,0.0,0.026904838
noise,0.0,0.024316767
noise,0.0,0.021156184
noise,0.0,0.03215388
noise,0.0,0.025417974
noise,0.0,0.022242961
noise,0.0,0.64238334
noise,0.0,0.025376383
noise,0.0,0.073282406
noise,0.0,0.11231697
noise,0.0,0.030278267
noise,0.0,0.024183985
noise,0.0,0.022971226
noise,0.0,0.022187538
noise,0.0,0.024455871
noise,0.0,0.14407319
noise,0.0,0.049234547
noise,0.0,0.3251328
noise,0.0,0.02329466
noise,0.0,0.031523813
noise,0.0,0.16246097
noise,0.0,0.021322867
noise,0.0,0.99228585
noise,0.0,0.024227664
noise,0.0,0.02158633
noise,0.0,0.027775373
noise,0.0,0.11979572
noise,0.0,0.021431899
noise,0.0,0.023902956
noise,0.0,0.28168443
noise,0.0,0.024344916
noise,0.0,0.026547857
noise,0.0,0.1564664
noise,0.0,0.056835804
noise,0.0,0.06870711
noise,0.0,0.02436719
noise,0.0,0.023452936
noise,0.0,0.0394211
noise,0.0,0.021125233
noise,0.0,0.038241826
noise,0.0,0.11635191
noise,0.0,0.022333115
noise,0.0,0.028477712
noise,0.0,0.050874
noise,0.0,0.025191402
noise,0.0,0.025407616
noise,0.0,0.02234657
noise,0.0,0.021387523
noise,0.0,0.021095887
noise,0.0,0.23344368
noise,0.0,0.41215265
noise,0.0,0.04495376
noise,0.0,0.027587034
noise,0.0,0.02725216
noise,0.0,0.023454906
noise,0.0,0.026490813
noise,0.0,0.26090434
noise,0.0,0.022642722
noise,0.0,0.024624182
noise,0.0,0.023413708
noise,0.0,0.023472587
noise,0.0,0.8427842
noise,0.0,0.026777903
noise,0.0,0.029612714
noise,0.0,0.021166079
noise,0.0,0.031283323
noise,0.0,0.025308577
noise,0.0,0.30330673
noise,0.0,0.026270982
noise,0.0,0.023942538
noise,0.0,0.022106754
noise,0.0,0.272304
noise,0.0,0.023518004
noise,0.0,0.06542543
noise,0.0,0.0250002
noise,0.0,0.029613728
noise,0.0,0.023240155
noise,0.0,0.024175143
noise,0.0,0.03088183
noise,0.0,0.99228585
noise,0.0,0.021254819
noise,0.0,0.021764932
noise,0.0,0.029527668
noise,0.0,0.022020428
noise,0.0,0.030053966
noise,0.0,0.030618612
noise,0.0,0.022107422
noise,0.0,0.025262015
noise,0.0,0.02447394
noise,0.0,0.7327565
noise,0.0,0.10712319
noise,0.0,0.024114804
noise,0.0,0.025532637
noise,0.0,0.024931662
noise,0.0,0.10161985
noise,0.0,0.32012218
noise,0.0,0.93717545
noise,0.0,0.07285342
noise,0.0,0.02215186
noise,0.0,0.025070999
noise,0.0,0.023312433
noise,0.0,0.051908594
noise,0.0,0.022271022
noise,0.0,0.99801123
noise,0.0,0.023430023
noise,0.0,0.023461893
noise,0.0,0.021134106
noise,0.0,0.024447085
noise,0.0,0.023829482
noise,0.0,0.021869553
noise,0.0,0.022507071
noise,0.0,0.029475193
noise,0.0,0.035003107
noise,0.0,0.023914384
noise,0.0,0.023899239
noise,0.0,0.06144789
noise,0.0,0.0518894
noise,0.0,0.09443413
noise,0.0,0.029027488
noise,0.0,0.35383046
noise,0.0,0.07890938
noise,0.0,0.025892075
noise,0.0,0.4141206
noise,0.0,0.05594332
noise,0.0,0.02897721
noise,0.0,0.026210366
noise,0.0,0.023665886
noise,0.0,0.20876044
noise,0.0,0.13182963
noise,0.0,0.45270786
noise,0.0,0.09091649
noise,0.0,0.14735876
noise,0.0,0.18728553
noise,0.0,0.02306118
noise,0.0,0.051138338
noise,0.0,0.026344955
noise,0.0,0.024965394
noise,0.0,0.026284356
noise,0.0,0.031652145
noise,0.0,0.29694134
noise,0.0,0.06684957
noise,0.0,0.025184684
noise,0.0,0.022549024
noise,0.0,0.027727226
noise,0.0,0.03891881
noise,0.0,0.28349268
noise,0.0,0.025910903
noise,0.0,0.025660608
noise,0.0,0.024033716
noise,0.0,0.022066144
noise,0.0,0.022507384
noise,0.0,0.02602561
noise,0.0,0.022591485
noise,0.0,0.02446155
noise,0.0,0.22304855
noise,0.0,0.025012074
noise,0.0,0.036937114
noise,0.0,0.02270056
noise,0.0,0.023812495
noise,0.0,0.026419606
noise,0.0,0.4422296
noise,0.0,0.041399807
noise,0.0,0.039895047
noise,0.0,0.021777408
noise,0.0,0.02637711
noise,0.0,0.05558506
noise,0.0,0.023898538
noise,0.0,0.021072788
noise,0.0,0.023657553
noise,0.0,0.02136982
noise,0.0,0.023208726
noise,0.0,0.7770113
noise,0.0,0.04883765
noise,0.0,0.022067789
noise,0.0,0.026359843
noise,0.0,0.026240967
noise,0.0,0.021999646
noise,0.0,0.026130464
noise,0.0,0.025682906
noise,0.0,0.10092372
noise,0.0,0.09486415
noise,0.0,0.031193975
noise,0.0,0.040992092
noise,0.0,0.0384436
noise,0.0,0.031536743
noise,0.0,0.057688143
noise,0.0,0.023298813
noise,0.0,0.025094325
noise,0.0,0.021097345
noise,0.0,0.08033147
noise,0.0,0.02429933
noise,0.0,0.028755182
noise,0.0,0.12590487
noise,0.0,0.021866128
noise,0.0,0.033337384
noise,0.0,0.05356339
noise,0.0,0.023338474
noise,0.0,0.038884528
noise,0.0,0.022121416
noise,0.0,0.043381352
noise,0.0,0.030834021
noise,0.0,0.82149607
noise,0.0,0.027934905
noise,0.0,0.023067435
noise,0.0,0.034771655
noise,0.0,0.09273098
noise,0.0,0.021691317
noise,0.0,0.02613925
noise,0.0,0.75641847
noise,0.0,0.9257773
noise,0.0,0.028953483
noise,0.0,0.024824865
noise,0.0,0.02669915
noise,0.0,0.021284947
noise,0.0,0.023759747
noise,0.0,0.06566498
noise,0.0,0.025975943
noise,0.0,0.028811272
noise,0.0,0.024273595
noise,0.0,0.11765061
noise,0.0,0.09884481
noise,0.0,0.022761712
noise,0.0,0.023019718
noise,0.0,0.023657497
noise,0.0,0.025008209
noise,0.0,0.029316315
noise,0.0,0.02282916
noise,0.0,0.022181757
noise,0.0,0.02377871
noise,0.0,0.29184544
noise,0.0,0.09176734
noise,0.0,0.2569005
noise,0.0,0.20522472
noise,0.0,0.023698064
noise,0.0,0.09375633
noise,0.0,0.022853939
noise,0.0,0.021521065
noise,0.0,0.3449455
noise,0.0,0.021679895
noise,0.0,0.023487257
noise,0.0,0.026291657
noise,0.0,0.039807778
noise,0.0,0.025383707
noise,0.0,0.029251102
noise,0.0,0.022171678
noise,0.0,0.02616936
noise,0.0,0.028026933
noise,0.0,0.025201416
noise,0.0,0.030185513
noise,0.0,0.036756914
noise,0.0,0.02112154
noise,0.0,0.024138048
noise,0.0,0.4920952
noise,0.0,0.076422155
noise,0.0,0.02961083
noise,0.0,0.02486779
noise,0.0,0.06576546
noise,0.0,0.028971633
noise,0.0,0.025239198
noise,0.0,0.022207886
noise,0.0,0.02356768
noise,0.0,0.021419497
noise,0.0,0.026773598
noise,0.0,0.023828289
noise,0.0,0.19850531
noise,0.0,0.022227775
noise,0.0,0.025646675
noise,0.0,0.022273619
noise,0.0,0.022994515
noise,0.0,0.022289302
noise,0.0,0.02370505
noise,0.0,0.026800692
noise,0.0,0.104575515
noise,0.0,0.023892421
noise,0.0,0.027321162
noise,0.0,0.02184869
noise,0.0,0.04136485
noise,0.0,0.025557458
noise,0.0,0.032747213
noise,0.0,0.024392195
noise,0.0,0.029382313
noise,0.0,0.7327123
noise,0.0,0.023202036
noise,0.0,0.042526253
noise,0.0,0.027167732
noise,0.0,0.025874559
noise,0.0,0.023601057
noise,0.0,0.024201242
noise,0.0,0.124218844
noise,0.0,0.02877455
noise,0.0,0.025511678
noise,0.0,0.45419523
noise,0.0,0.02188929
noise,0.0,0.02287945
noise,0.0,0.024260184
noise,0.0,0.04217418
noise,0.0,0.03185599
noise,0.0,0.025139028
noise,0.0,0.023878913
noise,0.0,0.03388906
noise,0.0,0.036425393
noise,0.0,0.03047249
noise,0.0,0.026936397
noise,0.0,0.027017372
noise,0.0,0.07577217
noise,0.0,0.29689905
noise,0.0,0.02488695
noise,0.0,0.021496888
noise,0.0,0.26750797
noise,0.0,0.026310464
noise,0.0,0.13272046
noise,0.0,0.022031534
noise,0.0,0.023573937
noise,0.0,0.101843186
noise,0.0,0.022946315
noise,0.0,0.028926356
noise,0.0,0.10629545
noise,0.0,0.024810582
noise,0.0,0.023201538
noise,0.0,0.026122486
noise,0.0,0.024256453
noise,0.0,0.052052114
noise,0.0,0.026894672
noise,0.0,0.022771303
noise,0.0,0.02646799
noise,0.0,0.046927392
noise,0.0,0.032019693
noise,0.0,0.9212374
noise,0.0,0.032521427
noise,0.0,0.023862002
noise,0.0,0.02413966
noise,0.0,0.024438262
noise,0.0,0.060044076
noise,0.0,0.029004673
noise,0.0,0.025022032
noise,0.0,0.022764258
noise,0.0,0.02957
noise,0.0,0.03672716
noise,0.0,0.7880356
noise,0.0,0.023012068
noise,0.0,0.058577884
noise,0.0,0.026282646
noise,0.0,0.02719903
noise,0.0,0.024003057
noise,0.0,0.03484711
noise,0.0,0.025549106
noise,0.0,0.021060504
noise,0.0,0.024656752
noise,0.0,0.024994127
noise,0.0,0.04570081
noise,0.0,0.15886712
noise,0.0,0.042377234
noise,0.0,0.041032225
noise,0.0,0.87267905
noise,0.0,0.023008037
noise,0.0,0.02502884
noise,0.0,0.021841863
noise,0.0,0.03293525
noise,0.0,0.022895975
noise,0.0,0.023210272
noise,0.0,0.03184918
noise,0.0,0.023254482
noise,0.0,0.034658056
noise,0.0,0.047537345
noise,0.0,0.024719447
noise,0.0,0.023158863
noise,0.0,0.029796641
noise,0.0,0.023778103
noise,0.0,0.023624795
noise,0.0,0.43905684
noise,0.0,0.045964126
noise,0.0,0.021269485
noise,0.0,0.024837323
noise,0.0,0.35352683
noise,0.0,0.022900958
noise,0.0,0.033633478
noise,0.0,0.034440335
noise,0.0,0.022837343
noise,0.0,0.25087002
noise,0.0,0.028608812
noise,0.0,0.02155839
noise,0.0,0.7813174
noise,0.0,0.10554092
noise,0.0,0.024268024
noise,0.0,0.02693579
noise,0.0,0.21012922
noise,0.0,0.021914199
noise,0.0,0.10822147
noise,0.0,0.023052968
noise,0.0,0.022418825
noise,0.0,0.025104744
noise,0.0,0.024616208
noise,0.0,0.027333925
noise,0.0,0.024921253
noise,0.0,0.031517424
noise,0.0,0.033040266
noise,0.0,0.021294
noise,0.0,0.61185527
noise,0.0,0.021034049
noise,0.0,0.022513188
noise,0.0,0.114551924
noise,0.0,0.023469497
noise,0.0,0.027030746
noise,0.0,0.024536679
noise,0.0,0.026572453
noise,0.0,0.021588426
noise,0.0,0.07138142
noise,0.0,0.029094461
noise,0.0,0.022774443
noise,0.0,0.21216322
noise,0.0,0.026186898
noise,0.0,0.04170535
noise,0.0,0.03837751
noise,0.0,0.025104761
noise,0.0,0.33086762
noise,0.0,0.02960344
noise,0.0,0.031347938
noise,0.0,0.02419004
noise,0.0,0.025984982
noise,0.0,0.023824861
noise,0.0,0.02524909
noise,0.0,0.02172063
noise,0.0,0.15349291
noise,0.0,0.02512243
noise,0.0,0.05301955
noise,0.0,0.021562656
noise,0.0,0.022253511
noise,0.0,0.021644223
noise,0.0,0.025323695
noise,0.0,0.024756461
noise,0.0,0.024227835
noise,0.0,0.043305565
noise,0.0,0.022915749
noise,0.0,0.021551546
noise,0.0,0.021314297
noise,0.0,0.023345834
noise,0.0,0.031531543
noise,0.0,0.025474226
noise,0.0,0.040926684
noise,0.0,0.020928334
noise,0.0,0.025574625
noise,0.0,0.022777362
noise,0.0,0.028177794
noise,0.0,0.025388539
noise,0.0,0.49376324
noise,0.0,0.025529055
noise,0.0,0.023412442
noise,0.0,0.81683034
noise,0.0,0.02179173
noise,0.0,0.024604302
noise,0.0,0.022688927
noise,0.0,0.055755597
noise,0.0,0.21389413
noise,0.0,0.02182358
noise,0.0,0.046256684
noise,0.0,0.3754311
noise,0.0,0.022337196
noise,0.0,0.096974224
noise,0.0,0.045385234
noise,0.0,0.02526354
noise,0.0,0.026828779
noise,0.0,0.023671849
noise,0.0,0.057829764
noise,0.0,0.05546654
noise,0.0,0.024273826
noise,0.0,0.025256844
noise,0.0,0.027317991
noise,0.0,0.17969298
noise,0.0,0.025606891
noise,0.0,0.025387116
noise,0.0,0.020838369
noise,0.0,0.046328563
noise,0.0,0.022412641
noise,0.0,0.07092164
noise,0.0,0.023294702
noise,0.0,0.021057002
noise,0.0,0.027404271
noise,0.0,0.021521768
noise,0.0,0.022463324
noise,0.0,0.023396447
noise,0.0,0.025920276
noise,0.0,0.6924244
noise,0.0,0.022491897
noise,0.0,0.1720021
noise,0.0,0.023505608
noise,0.0,0.023158863
noise,0.0,0.022347085
noise,0.0,0.036501
noise,0.0,0.024287065
noise,0.0,0.022162227
noise,0.0,0.039501134
noise,0.0,0.029730808
noise,0.0,0.022943242
noise,0.0,0.28261852
noise,0.0,0.023176944
noise,0.0,0.023396136
noise,0.0,0.026649877
noise,0.0,0.16352801
noise,0.0,0.03338183
noise,0.0,0.02387779
noise,0.0,0.029839931
noise,0.0,0.021996917
noise,0.0,0.16296777
noise,0.0,0.027428957
noise,0.0,0.024356216
noise,0.0,0.13497888
noise,0.0,0.027126305
noise,0.0,0.02281808
noise,0.0,0.23683327
noise,0.0,0.023596644
noise,0.0,0.26510656
noise,0.0,0.68924546
noise,0.0,0.024504498
noise,0.0,0.028468603
noise,0.0,0.025388308
noise,0.0,0.08417869
noise,0.0,0.026602633
noise,0.0,0.044952005
noise,0.0,0.022136139
noise,0.0,0.023372503
noise,0.0,0.027661247
noise,0.0,0.024371428
noise,0.0,0.08510739
noise,0.0,0.07118006
noise,0.0,0.025663437
noise,0.0,0.025685538
noise,0.0,0.025806302
noise,0.0,0.021907043
noise,0.0,0.023549642
noise,0.0,0.025797011
noise,0.0,0.04157723
noise,0.0,0.025673606
noise,0.0,0.025090571
noise,0.0,0.022991762
noise,0.0,0.022283651
noise,0.0,0.030644795
noise,0.0,0.024533184
noise,0.0,0.025169598
noise,0.0,0.055159226
noise,0.0,0.029971553
noise,0.0,0.62901294
noise,0.0,0.025534976
noise,0.0,0.02236659
noise,0.0,0.025560237
noise,0.0,0.03296466
noise,0.0,0.022287443
noise,0.0,0.023177754
noise,0.0,0.022446515
noise,0.0,0.83953786
noise,0.0,0.02278717
noise,0.0,0.039698597
noise,0.0,0.02981595
noise,0.0,0.21197653
noise,0.0,0.02580834
noise,0.0,0.024168437
noise,0.0,0.1713956
noise,0.0,0.021705512
noise,0.0,0.02280917
noise,0.0,0.5681567
noise,0.0,0.026205217
noise,0.0,0.04667749
noise,0.0,0.04628425
noise,0.0,0.021547545
noise,0.0,0.02687443
noise,0.0,0.041721877
noise,0.0,0.02634033
noise,0.0,0.027229384
noise,0.0,0.02327949
noise,0.0,0.023829093
noise,0.0,0.036295075
noise,0.0,0.028696856
noise,0.0,0.20917544
noise,0.0,0.039046843
noise,0.0,0.02122625
noise,0.0,0.027194034
noise,0.0,0.022903591
noise,0.0,0.04882895
noise,0.0,0.027238574
noise,0.0,0.025399914
noise,0.0,0.02481438
noise,0.0,0.14330882
noise,0.0,0.025457801
noise,0.0,0.022908298
noise,0.0,0.12169018
noise,0.0,0.024181223
noise,0.0,0.024946585
noise,0.0,0.023919292
noise,0.0,0.06312418
noise,0.0,0.030511415
noise,0.0,0.021786304
noise,0.0,0.28501984
noise,0.0,0.02871684
noise,0.0,0.02496624
noise,0.0,0.024641631
noise,0.0,0.15160605
noise,0.0,0.02478519
noise,0.0,0.028089471
noise,0.0,0.021181706
noise,0.0,0.022631388
noise,0.0,0.6629114
noise,0.0,0.023293465
noise,0.0,0.023774099
noise,0.0,0.022266764
noise,0.0,0.023199955
noise,0.0,0.022446327
noise,0.0,0.040812332
noise,0.0,0.025026098
noise,0.0,0.053340126
noise,0.0,0.02592816
noise,0.0,0.030235484
noise,0.0,0.026203465
noise,0.0,0.027619176
noise,0.0,0.02243902
noise,0.0,0.022221206
noise,0.0,0.045496836
noise,0.0,0.025777869
noise,0.0,0.02659144
noise,0.0,0.021590037
noise,0.0,0.61234874
noise,0.0,0.026892792
noise,0.0,0.03251561
noise,0.0,0.023672383
noise,0.0,0.025249712
noise,0.0,0.025303883
noise,0.0,0.024707764
noise,0.0,0.022991259
noise,0.0,0.744257
noise,0.0,0.025993582
noise,0.0,0.026318204
noise,0.0,0.023756474
noise,0.0,0.057084154
noise,0.0,0.02148474
noise,0.0,0.15233047
noise,0.0,0.022849636
noise,0.0,0.025899598
noise,0.0,0.029052652
noise,0.0,0.23812726
noise,0.0,0.022490429
noise,0.0,0.035333626
noise,0.0,0.12900245
noise,0.0,0.025040276
noise,0.0,0.023137454
noise,0.0,0.025891187
noise,0.0,0.03353559
noise,0.0,0.03358842
noise,0.0,0.028357808
noise,0.0,0.030615602
noise,0.0,0.025369544
noise,0.0,0.123572685
noise,0.0,0.024400989
noise,0.0,0.14751482
noise,0.0,0.062647454
noise,0.0,0.02502771
noise,0.0,0.02347799
noise,0.0,0.024858732
noise,0.0,0.046256684
noise,0.0,0.021755625
noise,0.0,0.027938668
noise,0.0,0.08635662
noise,0.0,0.024021527
noise,0.0,0.03711038
noise,0.0,0.029568693
noise,0.0,0.026080305
noise,0.0,0.93025684
noise,0.0,0.93507165
noise,0.0,0.09292718
noise,0.0,0.021662941
noise,0.0,0.023466175
noise,0.0,0.02495328
noise,0.0,0.02225831
noise,0.0,0.028773522
noise,0.0,0.023387782
noise,0.0,0.023199955
noise,0.0,0.024799187
noise,0.0,0.030269772
noise,0.0,0.09348491
noise,0.0,0.22090124
noise,0.0,0.03730038
noise,0.0,0.027690014
noise,0.0,0.028916812
noise,0.0,0.02771429
noise,0.0,0.67789555
noise,0.0,0.023948317
noise,0.0,0.02191351
noise,0.0,0.36308417
noise,0.0,0.025058277
noise,0.0,0.021679966
noise,0.0,0.024165947
noise,0.0,0.052220702
noise,0.0,0.25334057
noise,0.0,0.024395367
noise,0.0,0.025697418
noise,0.0,0.024970954
noise,0.0,0.024978423
noise,0.0,0.024736658
noise,0.0,0.046417892
noise,0.0,0.031381994
noise,0.0,0.3136926
noise,0.0,0.02221876
noise,0.0,0.022739194
noise,0.0,0.07709848
noise,0.0,0.020984113
noise,0.0,0.07036522
noise,0.0,0.042460162
noise,0.0,0.024130877
noise,0.0,0.025807373
noise,0.0,0.028208656
noise,0.0,0.02341749
noise,0.0,0.024500724
noise,0.0,0.057255603
noise,0.0,0.020957695
noise,0.0,0.061397877
noise,0.0,0.021881232
noise,0.0,0.06265697
noise,0.0,0.027205741
noise,0.0,0.025518727
noise,0.0,0.9908894
noise,0.0,0.030955877
noise,0.0,0.022996947
noise,0.0,0.52331614
noise,0.0,0.039884124
noise,0.0,0.05907326
noise,0.0,0.02508531
noise,0.0,0.021781698
noise,0.0,0.024482489
noise,0.0,0.024490805
noise,0.0,0.116956286
noise,0.0,0.02962221
noise,0.0,0.02240209
noise,0.0,0.027505118
noise,0.0,0.091924734
noise,0.0,0.023576539
noise,0.0,0.02776777
noise,0.0,0.042533472
noise,0.0,0.024767954
noise,0.0,0.025236584
noise,0.0,0.024552826
noise,0.0,0.024864923
noise,0.0,0.022144927
noise,0.0,0.024268694
noise,0.0,0.027092753
noise,0.0,0.026999928
noise,0.0,0.09926137
noise,0.0,0.026589418
noise,0.0,0.024998834
noise,0.0,0.13467239
noise,0.0,0.11322602
noise,0.0,0.030169908
noise,0.0,0.02900278
noise,0.0,0.652292
noise,0.0,0.025369171
noise,0.0,0.02396962
noise,0.0,0.0252459
noise,0.0,0.41890827
noise,0.0,0.025334716
noise,0.0,0.24584946
noise,0.0,0.023901697
noise,0.0,0.52267003
noise,0.0,0.035144377
noise,0.0,0.6001658
noise,0.0,0.031835847
noise,0.0,0.049844943
noise,0.0,0.77842236
noise,0.0,0.022457879
noise,0.0,0.028172184
noise,0.0,0.051077396
noise,0.0,0.02449902
noise,0.0,0.15530391
noise,0.0,0.0231229
noise,0.0,0.14648105
noise,0.0,0.022797016
noise,0.0,0.023141088
noise,0.0,0.22504099
noise,0.0,0.022328757
noise,0.0,0.025329433
noise,0.0,0.023951331
noise,0.0,0.026480256
noise,0.0,0.023092227
noise,0.0,0.022510933
noise,0.0,0.023941634
noise,0.0,0.08127155
noise,0.0,0.3007334
noise,0.0,0.02168648
noise,0.0,0.024395065
noise,0.0,0.027292764
noise,0.0,0.023264658
noise,0.0,0.0239277
noise,0.0,0.022119658
noise,0.0,0.022605577
noise,0.0,0.02157328
noise,0.0,0.3805412
noise,0.0,0.02231766
noise,0.0,0.0792829
noise,0.0,0.021976871
noise,0.0,0.024567213
noise,0.0,0.022148963
noise,0.0,0.023655474
noise,0.0,0.036861993
noise,0.0,0.16711642
noise,0.0,0.35401812
noise,0.0,0.024037393
noise,0.0,0.021464366
noise,0.0,0.025032759
noise,0.0,0.021474184
noise,0.0,0.022128988
noise,0.0,0.34152126
noise,0.0,0.02169636
noise,0.0,0.021457868
noise,0.0,0.045888506
noise,0.0,0.025168322
noise,0.0,0.023368746
noise,0.0,0.0228572
noise,0.0,0.024475079
noise,0.0,0.31186712
noise,0.0,0.026874607
noise,0.0,0.02678699
noise,0.0,0.032901265
noise,0.0,0.021286577
noise,0.0,0.05792332
noise,0.0,0.025546132
noise,0.0,0.8659382
noise,0.0,0.041108016
noise,0.0,0.022210091
noise,0.0,0.022553092
noise,0.0,0.02311086
noise,0.0,0.030184247
noise,0.0,0.027658118
noise,0.0,0.09499247
noise,0.0,0.02170001
noise,0.0,0.026813034
noise,0.0,0.02388624
noise,0.0,0.02673066
noise,0.0,0.50567514
noise,0.0,0.029119337
noise,0.0,0.022535026
noise,0.0,0.04002825
noise,0.0,0.9561097
noise,0.0,0.02131085
noise,0.0,0.029583165
noise,0.0,0.0221274
noise,0.0,0.022916993
noise,0.0,0.15735792
noise,0.0,0.026215637
noise,0.0,0.021269783
noise,0.0,0.023763243
noise,0.0,0.02885778
noise,0.0,0.08078319
noise,0.0,0.021864535
noise,0.0,0.06586526
noise,0.0,0.10521581
noise,0.0,0.025139365
noise,0.0,0.024791012
noise,0.0,0.14663684
noise,0.0,0.024751656
noise,0.0,0.024579272
noise,0.0,0.024443949
noise,0.0,0.024192229
noise,0.0,0.053389773
noise,0.0,0.03297389
noise,0.0,0.026010592
noise,0.0,0.032877978
noise,0.0,0.02799713
noise,0.0,0.024500785
noise,0.0,0.02446196
noise,0.0,0.025186133
noise,0.0,0.024997799
noise,0.0,0.029122652
noise,0.0,0.05384748
noise,0.0,0.022944776
noise,0.0,0.03120207
noise,0.0,0.1611556
noise,0.0,0.04122912
noise,0.0,0.02280035
noise,0.0,0.022243418
noise,0.0,0.023889724
noise,0.0,0.030485554
noise,0.0,0.021686632
noise,0.0,0.08037432
noise,0.0,0.022699712
noise,0.0,0.024387963
noise,0.0,0.11017948
noise,0.0,0.02195649
noise,0.0,0.29513958
noise,0.0,0.027780432
noise,0.0,0.021469494
noise,0.0,0.02559262
noise,0.0,0.043931518
noise,0.0,0.03010514
noise,0.0,0.058576293
noise,0.0,0.021685073
noise,0.0,0.021656837
noise,0.0,0.021993257
noise,0.0,0.023331203
noise,0.0,0.026591219
noise,0.0,0.02486979
noise,0.0,0.86406463
noise,0.0,0.02153227
noise,0.0,0.026328998
noise,0.0,0.25561476
noise,0.0,0.024683123
noise,0.0,0.025796484
noise,0.0,0.034320742
noise,0.0,0.04761791
noise,0.0,0.03416318
noise,0.0,0.031477187
noise,0.0,0.024730412
noise,0.0,0.22368447
noise,0.0,0.024577258
noise,0.0,0.026417691
noise,0.0,0.023210028
noise,0.0,0.4903056
noise,0.0,0.02105903
noise,0.0,0.026763892
noise,0.0,0.024801055
noise,0.0,0.021551512
noise,0.0,0.023934083
noise,0.0,0.021716852
noise,0.0,0.0246547
noise,0.0,0.124287754
noise,0.0,0.021897674
noise,0.0,0.048224784
noise,0.0,0.022235923
noise,0.0,0.032034192
noise,0.0,0.023223778
noise,0.0,0.024144303
noise,0.0,0.033093452
noise,0.0,0.023874158
noise,0.0,0.022540562
noise,0.0,0.028459268
noise,0.0,0.021318128
noise,0.0,0.03232989
noise,0.0,0.025075551
noise,0.0,0.025248773
noise,0.0,0.022151101
noise,0.0,0.045365777
noise,0.0,0.023993108
noise,0.0,0.02264106
noise,0.0,0.07500493
noise,0.0,0.041023184
noise,0.0,0.02490743
noise,0.0,0.027596708
noise,0.0,0.08807588
noise,0.0,0.025798881
noise,0.0,0.023533149
noise,0.0,0.059280466
noise,0.0,0.023419464
noise,0.0,0.024447694
noise,0.0,0.022476746
noise,0.0,0.054823432
noise,0.0,0.02306457
noise,0.0,0.023261853
noise,0.0,0.026023205
noise,0.0,0.021972055
noise,0.0,0.06472195
noise,0.0,0.024227003
noise,0.0,0.024319246
noise,0.0,0.025961274
noise,0.0,0.058924947
noise,0.0,0.02270767
noise,0.0,0.038171228
noise,0.0,0.037518475
noise,0.0,0.027825957
noise,0.0,0.09422659
noise,0.0,0.024735047
noise,0.0,0.022861676
noise,0.0,0.023546107
noise,0.0,0.023180822
noise,0.0,0.02821177
