filename,y_true,probs
/tmp/unfreezing_ablation_full_bibkj0rz/data/PhysioNet2022/training_data/23625_AV.wav,1.0,0.07736575
/tmp/unfreezing_ablation_full_bibkj0rz/data/PhysioNet2022/training_data/23625_MV.wav,1.0,0.113976814
/tmp/unfreezing_ablation_full_bibkj0rz/data/PhysioNet2022/training_data/23625_PV.wav,1.0,0.06402997
/tmp/unfreezing_ablation_full_bibkj0rz/data/PhysioNet2022/training_data/23625_TV.wav,1.0,0.103061594
/tmp/unfreezing_ablation_full_bibkj0rz/data/PhysioNet2022/training_data/29045_AV.wav,1.0,0.04272763
/tmp/unfreezing_ablation_full_bibkj0rz/data/PhysioNet2022/training_data/29045_MV.wav,1.0,0.8670758
/tmp/unfreezing_ablation_full_bibkj0rz/data/PhysioNet2022/training_data/29045_PV.wav,1.0,0.918307
/tmp/unfreezing_ablation_full_bibkj0rz/data/PhysioNet2022/training_data/29045_TV.wav,1.0,0.25961143
/tmp/unfreezing_ablation_full_bibkj0rz/data/PhysioNet2022/training_data/33151_AV.wav,1.0,0.053407725
/tmp/unfreezing_ablation_full_bibkj0rz/data/PhysioNet2022/training_data/33151_MV.wav,1.0,0.02858111
/tmp/unfreezing_ablation_full_bibkj0rz/data/PhysioNet2022/training_data/33151_PV.wav,1.0,0.04146062
/tmp/unfreezing_ablation_full_bibkj0rz/data/PhysioNet2022/training_data/33151_TV.wav,1.0,0.012562221
/tmp/unfreezing_ablation_full_bibkj0rz/data/PhysioNet2022/training_data/38337_AV.wav,1.0,0.011392618
/tmp/unfreezing_ablation_full_bibkj0rz/data/PhysioNet2022/training_data/38337_MV.wav,1.0,0.009278435
/tmp/unfreezing_ablation_full_bibkj0rz/data/PhysioNet2022/training_data/39043_AV.wav,1.0,0.023185631
/tmp/unfreezing_ablation_full_bibkj0rz/data/PhysioNet2022/training_data/39043_MV.wav,1.0,0.09392313
/tmp/unfreezing_ablation_full_bibkj0rz/data/PhysioNet2022/training_data/39043_PV.wav,1.0,0.36281875
/tmp/unfreezing_ablation_full_bibkj0rz/data/PhysioNet2022/training_data/39043_TV.wav,1.0,0.10392195
/tmp/unfreezing_ablation_full_bibkj0rz/data/PhysioNet2022/training_data/40058_AV.wav,1.0,0.013902249
/tmp/unfreezing_ablation_full_bibkj0rz/data/PhysioNet2022/training_data/40058_MV.wav,1.0,0.044907674
/tmp/unfreezing_ablation_full_bibkj0rz/data/PhysioNet2022/training_data/40058_PV.wav,1.0,0.060121875
/tmp/unfreezing_ablation_full_bibkj0rz/data/PhysioNet2022/training_data/40058_TV.wav,1.0,0.025170961
/tmp/unfreezing_ablation_full_bibkj0rz/data/PhysioNet2022/training_data/40798_AV.wav,1.0,0.030321691
/tmp/unfreezing_ablation_full_bibkj0rz/data/PhysioNet2022/training_data/40798_MV.wav,1.0,0.041245062
/tmp/unfreezing_ablation_full_bibkj0rz/data/PhysioNet2022/training_data/40798_PV.wav,1.0,0.06676551
/tmp/unfreezing_ablation_full_bibkj0rz/data/PhysioNet2022/training_data/40798_TV.wav,1.0,0.56727326
/tmp/unfreezing_ablation_full_bibkj0rz/data/PhysioNet2022/training_data/40840_AV.wav,1.0,0.8017402
/tmp/unfreezing_ablation_full_bibkj0rz/data/PhysioNet2022/training_data/40840_MV.wav,1.0,0.1877813
/tmp/unfreezing_ablation_full_bibkj0rz/data/PhysioNet2022/training_data/40840_PV.wav,1.0,0.10989759
/tmp/unfreezing_ablation_full_bibkj0rz/data/PhysioNet2022/training_data/40840_TV.wav,1.0,0.83886784
/tmp/unfreezing_ablation_full_bibkj0rz/data/PhysioNet2022/training_data/43852_AV.wav,1.0,0.044707574
/tmp/unfreezing_ablation_full_bibkj0rz/data/PhysioNet2022/training_data/43852_MV.wav,1.0,0.07528417
/tmp/unfreezing_ablation_full_bibkj0rz/data/PhysioNet2022/training_data/43852_PV.wav,1.0,0.024264436
/tmp/unfreezing_ablation_full_bibkj0rz/data/PhysioNet2022/training_data/43852_TV.wav,1.0,0.03382215
/tmp/unfreezing_ablation_full_bibkj0rz/data/PhysioNet2022/training_data/44514_AV.wav,1.0,0.0669441
/tmp/unfreezing_ablation_full_bibkj0rz/data/PhysioNet2022/training_data/44514_MV.wav,1.0,0.03337387
/tmp/unfreezing_ablation_full_bibkj0rz/data/PhysioNet2022/training_data/44514_PV.wav,1.0,0.19214289
/tmp/unfreezing_ablation_full_bibkj0rz/data/PhysioNet2022/training_data/44514_TV.wav,1.0,0.046291888
/tmp/unfreezing_ablation_full_bibkj0rz/data/PhysioNet2022/training_data/46532_AV.wav,1.0,0.033813994
/tmp/unfreezing_ablation_full_bibkj0rz/data/PhysioNet2022/training_data/46778_MV.wav,1.0,0.05606782
/tmp/unfreezing_ablation_full_bibkj0rz/data/PhysioNet2022/training_data/49558_AV.wav,1.0,0.12745899
/tmp/unfreezing_ablation_full_bibkj0rz/data/PhysioNet2022/training_data/49558_MV.wav,1.0,0.018635798
/tmp/unfreezing_ablation_full_bibkj0rz/data/PhysioNet2022/training_data/49562_AV.wav,1.0,0.008144626
/tmp/unfreezing_ablation_full_bibkj0rz/data/PhysioNet2022/training_data/49562_MV.wav,1.0,0.22342427
/tmp/unfreezing_ablation_full_bibkj0rz/data/PhysioNet2022/training_data/49562_PV.wav,1.0,0.10828446
/tmp/unfreezing_ablation_full_bibkj0rz/data/PhysioNet2022/training_data/49562_TV.wav,1.0,0.038303297
/tmp/unfreezing_ablation_full_bibkj0rz/data/PhysioNet2022/training_data/49610_AV.wav,1.0,0.7307171
/tmp/unfreezing_ablation_full_bibkj0rz/data/PhysioNet2022/training_data/49610_MV.wav,1.0,0.016710492
/tmp/unfreezing_ablation_full_bibkj0rz/data/PhysioNet2022/training_data/49610_PV.wav,1.0,0.0077647488
/tmp/unfreezing_ablation_full_bibkj0rz/data/PhysioNet2022/training_data/49610_TV.wav,1.0,0.031065421
/tmp/unfreezing_ablation_full_bibkj0rz/data/PhysioNet2022/training_data/49618_AV.wav,1.0,0.045662027
/tmp/unfreezing_ablation_full_bibkj0rz/data/PhysioNet2022/training_data/49618_MV.wav,1.0,0.018534482
/tmp/unfreezing_ablation_full_bibkj0rz/data/PhysioNet2022/training_data/49628_AV.wav,1.0,0.10698121
/tmp/unfreezing_ablation_full_bibkj0rz/data/PhysioNet2022/training_data/49628_MV.wav,1.0,0.17062747
/tmp/unfreezing_ablation_full_bibkj0rz/data/PhysioNet2022/training_data/49628_PV.wav,1.0,0.07580733
/tmp/unfreezing_ablation_full_bibkj0rz/data/PhysioNet2022/training_data/49628_TV.wav,1.0,0.7736265
/tmp/unfreezing_ablation_full_bibkj0rz/data/PhysioNet2022/training_data/49630_AV.wav,1.0,0.99227715
/tmp/unfreezing_ablation_full_bibkj0rz/data/PhysioNet2022/training_data/49630_MV.wav,1.0,0.053857096
/tmp/unfreezing_ablation_full_bibkj0rz/data/PhysioNet2022/training_data/49630_PV.wav,1.0,0.011151414
/tmp/unfreezing_ablation_full_bibkj0rz/data/PhysioNet2022/training_data/49630_TV.wav,1.0,0.6680226
/tmp/unfreezing_ablation_full_bibkj0rz/data/PhysioNet2022/training_data/49631_AV.wav,1.0,0.03662011
/tmp/unfreezing_ablation_full_bibkj0rz/data/PhysioNet2022/training_data/49631_MV.wav,1.0,0.26922125
/tmp/unfreezing_ablation_full_bibkj0rz/data/PhysioNet2022/training_data/49641_AV.wav,1.0,0.75299215
/tmp/unfreezing_ablation_full_bibkj0rz/data/PhysioNet2022/training_data/49641_MV.wav,1.0,0.17932145
/tmp/unfreezing_ablation_full_bibkj0rz/data/PhysioNet2022/training_data/49641_PV.wav,1.0,0.005508903
/tmp/unfreezing_ablation_full_bibkj0rz/data/PhysioNet2022/training_data/49641_TV.wav,1.0,0.027167473
/tmp/unfreezing_ablation_full_bibkj0rz/data/PhysioNet2022/training_data/49653_AV.wav,1.0,0.02471319
/tmp/unfreezing_ablation_full_bibkj0rz/data/PhysioNet2022/training_data/49653_MV.wav,1.0,0.009661111
/tmp/unfreezing_ablation_full_bibkj0rz/data/PhysioNet2022/training_data/49653_PV.wav,1.0,0.049635127
/tmp/unfreezing_ablation_full_bibkj0rz/data/PhysioNet2022/training_data/49653_TV.wav,1.0,0.107228026
/tmp/unfreezing_ablation_full_bibkj0rz/data/PhysioNet2022/training_data/49661_AV.wav,1.0,0.05024075
/tmp/unfreezing_ablation_full_bibkj0rz/data/PhysioNet2022/training_data/49661_MV.wav,1.0,0.095071085
/tmp/unfreezing_ablation_full_bibkj0rz/data/PhysioNet2022/training_data/49678_AV.wav,1.0,0.014233582
/tmp/unfreezing_ablation_full_bibkj0rz/data/PhysioNet2022/training_data/49678_MV.wav,1.0,0.006701955
/tmp/unfreezing_ablation_full_bibkj0rz/data/PhysioNet2022/training_data/49678_PV.wav,1.0,0.106940284
/tmp/unfreezing_ablation_full_bibkj0rz/data/PhysioNet2022/training_data/49678_TV.wav,1.0,0.06512059
/tmp/unfreezing_ablation_full_bibkj0rz/data/PhysioNet2022/training_data/49683_AV.wav,1.0,0.0476332
/tmp/unfreezing_ablation_full_bibkj0rz/data/PhysioNet2022/training_data/49683_MV.wav,1.0,0.030677745
/tmp/unfreezing_ablation_full_bibkj0rz/data/PhysioNet2022/training_data/49683_PV.wav,1.0,0.023787081
/tmp/unfreezing_ablation_full_bibkj0rz/data/PhysioNet2022/training_data/49683_TV.wav,1.0,0.021985792
/tmp/unfreezing_ablation_full_bibkj0rz/data/PhysioNet2022/training_data/49719_AV.wav,1.0,0.11764207
/tmp/unfreezing_ablation_full_bibkj0rz/data/PhysioNet2022/training_data/49719_MV.wav,1.0,0.030668266
/tmp/unfreezing_ablation_full_bibkj0rz/data/PhysioNet2022/training_data/49719_PV.wav,1.0,0.053967427
/tmp/unfreezing_ablation_full_bibkj0rz/data/PhysioNet2022/training_data/49719_TV.wav,1.0,0.4187493
/tmp/unfreezing_ablation_full_bibkj0rz/data/PhysioNet2022/training_data/49729_AV.wav,1.0,0.044060938
/tmp/unfreezing_ablation_full_bibkj0rz/data/PhysioNet2022/training_data/49729_MV.wav,1.0,0.10299032
/tmp/unfreezing_ablation_full_bibkj0rz/data/PhysioNet2022/training_data/49729_PV.wav,1.0,0.05406973
/tmp/unfreezing_ablation_full_bibkj0rz/data/PhysioNet2022/training_data/49729_TV.wav,1.0,0.024666192
/tmp/unfreezing_ablation_full_bibkj0rz/data/PhysioNet2022/training_data/49751_AV.wav,1.0,0.040756855
/tmp/unfreezing_ablation_full_bibkj0rz/data/PhysioNet2022/training_data/49751_MV.wav,1.0,0.9694642
/tmp/unfreezing_ablation_full_bibkj0rz/data/PhysioNet2022/training_data/49751_PV.wav,1.0,0.14322583
/tmp/unfreezing_ablation_full_bibkj0rz/data/PhysioNet2022/training_data/49751_TV.wav,1.0,0.08277082
/tmp/unfreezing_ablation_full_bibkj0rz/data/PhysioNet2022/training_data/49824_AV.wav,1.0,0.00817135
/tmp/unfreezing_ablation_full_bibkj0rz/data/PhysioNet2022/training_data/49824_MV.wav,1.0,0.011437419
/tmp/unfreezing_ablation_full_bibkj0rz/data/PhysioNet2022/training_data/49824_PV.wav,1.0,0.019359134
/tmp/unfreezing_ablation_full_bibkj0rz/data/PhysioNet2022/training_data/49842_AV.wav,1.0,0.02170034
/tmp/unfreezing_ablation_full_bibkj0rz/data/PhysioNet2022/training_data/49842_MV.wav,1.0,0.10442069
/tmp/unfreezing_ablation_full_bibkj0rz/data/PhysioNet2022/training_data/49842_PV.wav,1.0,0.02816972
/tmp/unfreezing_ablation_full_bibkj0rz/data/PhysioNet2022/training_data/49842_TV.wav,1.0,0.13063301
/tmp/unfreezing_ablation_full_bibkj0rz/data/PhysioNet2022/training_data/49850_AV.wav,1.0,0.8776512
/tmp/unfreezing_ablation_full_bibkj0rz/data/PhysioNet2022/training_data/49850_MV.wav,1.0,0.2573039
/tmp/unfreezing_ablation_full_bibkj0rz/data/PhysioNet2022/training_data/49853_AV.wav,1.0,0.067251064
/tmp/unfreezing_ablation_full_bibkj0rz/data/PhysioNet2022/training_data/49853_MV.wav,1.0,0.013763917
/tmp/unfreezing_ablation_full_bibkj0rz/data/PhysioNet2022/training_data/49853_PV.wav,1.0,0.0024906253
/tmp/unfreezing_ablation_full_bibkj0rz/data/PhysioNet2022/training_data/49853_TV.wav,1.0,0.007323756
/tmp/unfreezing_ablation_full_bibkj0rz/data/PhysioNet2022/training_data/49931_AV.wav,1.0,0.037704445
/tmp/unfreezing_ablation_full_bibkj0rz/data/PhysioNet2022/training_data/49931_PV.wav,1.0,0.017845154
/tmp/unfreezing_ablation_full_bibkj0rz/data/PhysioNet2022/training_data/49931_TV.wav,1.0,0.17767577
/tmp/unfreezing_ablation_full_bibkj0rz/data/PhysioNet2022/training_data/49963_AV.wav,1.0,0.98121613
/tmp/unfreezing_ablation_full_bibkj0rz/data/PhysioNet2022/training_data/49963_MV.wav,1.0,0.04516135
/tmp/unfreezing_ablation_full_bibkj0rz/data/PhysioNet2022/training_data/49963_PV.wav,1.0,0.10458993
/tmp/unfreezing_ablation_full_bibkj0rz/data/PhysioNet2022/training_data/49963_TV.wav,1.0,0.03647124
/tmp/unfreezing_ablation_full_bibkj0rz/data/PhysioNet2022/training_data/49966_MV.wav,1.0,0.0128471
/tmp/unfreezing_ablation_full_bibkj0rz/data/PhysioNet2022/training_data/49970_AV.wav,1.0,0.054619864
/tmp/unfreezing_ablation_full_bibkj0rz/data/PhysioNet2022/training_data/49970_MV.wav,1.0,0.16948968
/tmp/unfreezing_ablation_full_bibkj0rz/data/PhysioNet2022/training_data/49974_AV.wav,1.0,0.09163266
/tmp/unfreezing_ablation_full_bibkj0rz/data/PhysioNet2022/training_data/49974_MV.wav,1.0,0.0073114526
/tmp/unfreezing_ablation_full_bibkj0rz/data/PhysioNet2022/training_data/49974_PV.wav,1.0,0.87633985
/tmp/unfreezing_ablation_full_bibkj0rz/data/PhysioNet2022/training_data/49974_TV.wav,1.0,0.06840963
/tmp/unfreezing_ablation_full_bibkj0rz/data/PhysioNet2022/training_data/49978_PV.wav,1.0,0.07442584
/tmp/unfreezing_ablation_full_bibkj0rz/data/PhysioNet2022/training_data/49988_AV.wav,1.0,0.08155195
/tmp/unfreezing_ablation_full_bibkj0rz/data/PhysioNet2022/training_data/49988_MV.wav,1.0,0.20554349
/tmp/unfreezing_ablation_full_bibkj0rz/data/PhysioNet2022/training_data/49988_PV.wav,1.0,0.30651277
/tmp/unfreezing_ablation_full_bibkj0rz/data/PhysioNet2022/training_data/49988_TV.wav,1.0,0.08694525
/tmp/unfreezing_ablation_full_bibkj0rz/data/PhysioNet2022/training_data/49994_AV.wav,1.0,0.05212195
/tmp/unfreezing_ablation_full_bibkj0rz/data/PhysioNet2022/training_data/49994_MV.wav,1.0,0.033500254
/tmp/unfreezing_ablation_full_bibkj0rz/data/PhysioNet2022/training_data/49994_PV.wav,1.0,0.03726673
/tmp/unfreezing_ablation_full_bibkj0rz/data/PhysioNet2022/training_data/49994_TV.wav,1.0,0.0221563
/tmp/unfreezing_ablation_full_bibkj0rz/data/PhysioNet2022/training_data/50001_AV.wav,1.0,0.7980684
/tmp/unfreezing_ablation_full_bibkj0rz/data/PhysioNet2022/training_data/50001_MV.wav,1.0,0.028414737
/tmp/unfreezing_ablation_full_bibkj0rz/data/PhysioNet2022/training_data/50001_PV.wav,1.0,0.19369464
/tmp/unfreezing_ablation_full_bibkj0rz/data/PhysioNet2022/training_data/50001_TV.wav,1.0,0.982127
/tmp/unfreezing_ablation_full_bibkj0rz/data/PhysioNet2022/training_data/50006_AV.wav,1.0,0.0058086086
/tmp/unfreezing_ablation_full_bibkj0rz/data/PhysioNet2022/training_data/50006_MV.wav,1.0,0.005587344
/tmp/unfreezing_ablation_full_bibkj0rz/data/PhysioNet2022/training_data/50008_AV.wav,1.0,0.18321985
/tmp/unfreezing_ablation_full_bibkj0rz/data/PhysioNet2022/training_data/50008_MV.wav,1.0,0.061741922
/tmp/unfreezing_ablation_full_bibkj0rz/data/PhysioNet2022/training_data/50008_PV.wav,1.0,0.27786353
/tmp/unfreezing_ablation_full_bibkj0rz/data/PhysioNet2022/training_data/50008_TV.wav,1.0,0.07103107
/tmp/unfreezing_ablation_full_bibkj0rz/data/PhysioNet2022/training_data/50009_AV.wav,1.0,0.022512479
/tmp/unfreezing_ablation_full_bibkj0rz/data/PhysioNet2022/training_data/50012_MV.wav,1.0,0.18391913
/tmp/unfreezing_ablation_full_bibkj0rz/data/PhysioNet2022/training_data/50014_AV.wav,1.0,0.006713682
/tmp/unfreezing_ablation_full_bibkj0rz/data/PhysioNet2022/training_data/50014_MV.wav,1.0,0.02793662
/tmp/unfreezing_ablation_full_bibkj0rz/data/PhysioNet2022/training_data/50014_PV.wav,1.0,0.0319238
/tmp/unfreezing_ablation_full_bibkj0rz/data/PhysioNet2022/training_data/50014_TV.wav,1.0,0.031229673
/tmp/unfreezing_ablation_full_bibkj0rz/data/PhysioNet2022/training_data/50015_AV.wav,1.0,0.017142443
/tmp/unfreezing_ablation_full_bibkj0rz/data/PhysioNet2022/training_data/50015_MV.wav,1.0,0.9710824
/tmp/unfreezing_ablation_full_bibkj0rz/data/PhysioNet2022/training_data/50015_PV.wav,1.0,0.012127217
/tmp/unfreezing_ablation_full_bibkj0rz/data/PhysioNet2022/training_data/50015_TV.wav,1.0,0.008664784
/tmp/unfreezing_ablation_full_bibkj0rz/data/PhysioNet2022/training_data/50030_MV.wav,1.0,0.05563323
/tmp/unfreezing_ablation_full_bibkj0rz/data/PhysioNet2022/training_data/50030_PV.wav,1.0,0.029279443
/tmp/unfreezing_ablation_full_bibkj0rz/data/PhysioNet2022/training_data/50030_TV.wav,1.0,0.003569356
/tmp/unfreezing_ablation_full_bibkj0rz/data/PhysioNet2022/training_data/50032_PV.wav,1.0,0.0050941333
/tmp/unfreezing_ablation_full_bibkj0rz/data/PhysioNet2022/training_data/50032_TV_1.wav,1.0,0.05588978
/tmp/unfreezing_ablation_full_bibkj0rz/data/PhysioNet2022/training_data/50032_TV_2.wav,1.0,0.07673711
/tmp/unfreezing_ablation_full_bibkj0rz/data/PhysioNet2022/training_data/50034_AV.wav,1.0,0.13571706
/tmp/unfreezing_ablation_full_bibkj0rz/data/PhysioNet2022/training_data/50034_MV.wav,1.0,0.10493692
/tmp/unfreezing_ablation_full_bibkj0rz/data/PhysioNet2022/training_data/50037_AV.wav,1.0,0.047934324
/tmp/unfreezing_ablation_full_bibkj0rz/data/PhysioNet2022/training_data/50037_MV.wav,1.0,0.9909279
/tmp/unfreezing_ablation_full_bibkj0rz/data/PhysioNet2022/training_data/50053_AV.wav,1.0,0.1002958
/tmp/unfreezing_ablation_full_bibkj0rz/data/PhysioNet2022/training_data/50053_PV.wav,1.0,0.07161497
/tmp/unfreezing_ablation_full_bibkj0rz/data/PhysioNet2022/training_data/50053_TV.wav,1.0,0.04490692
/tmp/unfreezing_ablation_full_bibkj0rz/data/PhysioNet2022/training_data/50072_MV.wav,1.0,0.695094
/tmp/unfreezing_ablation_full_bibkj0rz/data/PhysioNet2022/training_data/50072_PV.wav,1.0,0.098312385
/tmp/unfreezing_ablation_full_bibkj0rz/data/PhysioNet2022/training_data/50072_TV.wav,1.0,0.0043390044
/tmp/unfreezing_ablation_full_bibkj0rz/data/PhysioNet2022/training_data/50075_AV.wav,1.0,0.03459756
/tmp/unfreezing_ablation_full_bibkj0rz/data/PhysioNet2022/training_data/50075_MV.wav,1.0,0.05404959
/tmp/unfreezing_ablation_full_bibkj0rz/data/PhysioNet2022/training_data/50078_AV.wav,1.0,0.005290603
/tmp/unfreezing_ablation_full_bibkj0rz/data/PhysioNet2022/training_data/50078_MV.wav,1.0,0.11121059
/tmp/unfreezing_ablation_full_bibkj0rz/data/PhysioNet2022/training_data/50078_PV.wav,1.0,0.056117125
/tmp/unfreezing_ablation_full_bibkj0rz/data/PhysioNet2022/training_data/50078_TV.wav,1.0,0.95336616
/tmp/unfreezing_ablation_full_bibkj0rz/data/PhysioNet2022/training_data/50086_MV.wav,1.0,0.15351456
/tmp/unfreezing_ablation_full_bibkj0rz/data/PhysioNet2022/training_data/50086_PV.wav,1.0,0.04377194
/tmp/unfreezing_ablation_full_bibkj0rz/data/PhysioNet2022/training_data/50086_TV.wav,1.0,0.011649079
/tmp/unfreezing_ablation_full_bibkj0rz/data/PhysioNet2022/training_data/50094_MV.wav,1.0,0.069322124
/tmp/unfreezing_ablation_full_bibkj0rz/data/PhysioNet2022/training_data/50094_PV.wav,1.0,0.020540155
/tmp/unfreezing_ablation_full_bibkj0rz/data/PhysioNet2022/training_data/50094_TV.wav,1.0,0.022610882
/tmp/unfreezing_ablation_full_bibkj0rz/data/PhysioNet2022/training_data/50096_AV.wav,1.0,0.05309702
/tmp/unfreezing_ablation_full_bibkj0rz/data/PhysioNet2022/training_data/50096_MV.wav,1.0,0.03398324
/tmp/unfreezing_ablation_full_bibkj0rz/data/PhysioNet2022/training_data/50096_PV.wav,1.0,0.061683815
/tmp/unfreezing_ablation_full_bibkj0rz/data/PhysioNet2022/training_data/50096_TV.wav,1.0,0.038128216
/tmp/unfreezing_ablation_full_bibkj0rz/data/PhysioNet2022/training_data/50099_MV.wav,1.0,0.006677952
/tmp/unfreezing_ablation_full_bibkj0rz/data/PhysioNet2022/training_data/50099_PV.wav,1.0,0.007960523
/tmp/unfreezing_ablation_full_bibkj0rz/data/PhysioNet2022/training_data/50099_TV.wav,1.0,0.3544482
/tmp/unfreezing_ablation_full_bibkj0rz/data/PhysioNet2022/training_data/50104_AV.wav,1.0,0.076959446
/tmp/unfreezing_ablation_full_bibkj0rz/data/PhysioNet2022/training_data/50104_MV.wav,1.0,0.03245143
/tmp/unfreezing_ablation_full_bibkj0rz/data/PhysioNet2022/training_data/50104_PV.wav,1.0,0.04379299
/tmp/unfreezing_ablation_full_bibkj0rz/data/PhysioNet2022/training_data/50104_TV.wav,1.0,0.22470929
/tmp/unfreezing_ablation_full_bibkj0rz/data/PhysioNet2022/training_data/50115_AV.wav,1.0,0.05172088
/tmp/unfreezing_ablation_full_bibkj0rz/data/PhysioNet2022/training_data/50115_MV.wav,1.0,0.022807483
/tmp/unfreezing_ablation_full_bibkj0rz/data/PhysioNet2022/training_data/50115_PV_1.wav,1.0,0.16987611
/tmp/unfreezing_ablation_full_bibkj0rz/data/PhysioNet2022/training_data/50115_PV_2.wav,1.0,0.01406915
/tmp/unfreezing_ablation_full_bibkj0rz/data/PhysioNet2022/training_data/50115_TV_1.wav,1.0,0.029994695
/tmp/unfreezing_ablation_full_bibkj0rz/data/PhysioNet2022/training_data/50115_TV_2.wav,1.0,0.060877826
/tmp/unfreezing_ablation_full_bibkj0rz/data/PhysioNet2022/training_data/50116_AV.wav,1.0,0.99281245
/tmp/unfreezing_ablation_full_bibkj0rz/data/PhysioNet2022/training_data/50116_MV.wav,1.0,0.0047201947
/tmp/unfreezing_ablation_full_bibkj0rz/data/PhysioNet2022/training_data/50116_PV.wav,1.0,0.089681216
/tmp/unfreezing_ablation_full_bibkj0rz/data/PhysioNet2022/training_data/50116_TV.wav,1.0,0.21779315
/tmp/unfreezing_ablation_full_bibkj0rz/data/PhysioNet2022/training_data/50117_MV.wav,1.0,0.14524294
/tmp/unfreezing_ablation_full_bibkj0rz/data/PhysioNet2022/training_data/50117_PV.wav,1.0,0.009594584
/tmp/unfreezing_ablation_full_bibkj0rz/data/PhysioNet2022/training_data/50117_TV.wav,1.0,0.16426553
/tmp/unfreezing_ablation_full_bibkj0rz/data/PhysioNet2022/training_data/50121_PV.wav,1.0,0.026108515
/tmp/unfreezing_ablation_full_bibkj0rz/data/PhysioNet2022/training_data/50121_TV.wav,1.0,0.0396364
/tmp/unfreezing_ablation_full_bibkj0rz/data/PhysioNet2022/training_data/50123_MV.wav,1.0,0.019245043
/tmp/unfreezing_ablation_full_bibkj0rz/data/PhysioNet2022/training_data/50126_AV.wav,1.0,0.03013094
/tmp/unfreezing_ablation_full_bibkj0rz/data/PhysioNet2022/training_data/50126_MV.wav,1.0,0.031453885
/tmp/unfreezing_ablation_full_bibkj0rz/data/PhysioNet2022/training_data/50126_PV.wav,1.0,0.012000773
/tmp/unfreezing_ablation_full_bibkj0rz/data/PhysioNet2022/training_data/50126_TV.wav,1.0,0.04111485
/tmp/unfreezing_ablation_full_bibkj0rz/data/PhysioNet2022/training_data/50128_AV.wav,1.0,0.05303207
/tmp/unfreezing_ablation_full_bibkj0rz/data/PhysioNet2022/training_data/50128_MV.wav,1.0,0.08062206
/tmp/unfreezing_ablation_full_bibkj0rz/data/PhysioNet2022/training_data/50128_PV.wav,1.0,0.0036465207
/tmp/unfreezing_ablation_full_bibkj0rz/data/PhysioNet2022/training_data/50128_TV.wav,1.0,0.17913961
/tmp/unfreezing_ablation_full_bibkj0rz/data/PhysioNet2022/training_data/50133_MV.wav,1.0,0.06553453
/tmp/unfreezing_ablation_full_bibkj0rz/data/PhysioNet2022/training_data/50136_AV.wav,1.0,0.10660322
/tmp/unfreezing_ablation_full_bibkj0rz/data/PhysioNet2022/training_data/50136_MV.wav,1.0,0.038692567
/tmp/unfreezing_ablation_full_bibkj0rz/data/PhysioNet2022/training_data/50137_MV.wav,1.0,0.11900968
/tmp/unfreezing_ablation_full_bibkj0rz/data/PhysioNet2022/training_data/50137_PV.wav,1.0,0.96373516
/tmp/unfreezing_ablation_full_bibkj0rz/data/PhysioNet2022/training_data/50137_TV.wav,1.0,0.099164225
/tmp/unfreezing_ablation_full_bibkj0rz/data/PhysioNet2022/training_data/50138_AV.wav,1.0,0.040257808
/tmp/unfreezing_ablation_full_bibkj0rz/data/PhysioNet2022/training_data/50138_MV.wav,1.0,0.04090003
/tmp/unfreezing_ablation_full_bibkj0rz/data/PhysioNet2022/training_data/50141_AV.wav,1.0,0.009575498
/tmp/unfreezing_ablation_full_bibkj0rz/data/PhysioNet2022/training_data/50142_AV.wav,1.0,0.9953916
/tmp/unfreezing_ablation_full_bibkj0rz/data/PhysioNet2022/training_data/50142_MV.wav,1.0,0.0051372196
/tmp/unfreezing_ablation_full_bibkj0rz/data/PhysioNet2022/training_data/50145_MV.wav,1.0,0.07914705
/tmp/unfreezing_ablation_full_bibkj0rz/data/PhysioNet2022/training_data/50149_MV.wav,1.0,0.049167637
/tmp/unfreezing_ablation_full_bibkj0rz/data/PhysioNet2022/training_data/50149_PV.wav,1.0,0.29277286
/tmp/unfreezing_ablation_full_bibkj0rz/data/PhysioNet2022/training_data/50150_AV.wav,1.0,0.07092589
/tmp/unfreezing_ablation_full_bibkj0rz/data/PhysioNet2022/training_data/50150_MV.wav,1.0,0.10868279
/tmp/unfreezing_ablation_full_bibkj0rz/data/PhysioNet2022/training_data/50150_PV.wav,1.0,0.3656889
/tmp/unfreezing_ablation_full_bibkj0rz/data/PhysioNet2022/training_data/50150_TV.wav,1.0,0.010424613
/tmp/unfreezing_ablation_full_bibkj0rz/data/PhysioNet2022/training_data/50153_AV.wav,1.0,0.008154683
/tmp/unfreezing_ablation_full_bibkj0rz/data/PhysioNet2022/training_data/50153_MV.wav,1.0,0.004702537
/tmp/unfreezing_ablation_full_bibkj0rz/data/PhysioNet2022/training_data/50159_MV.wav,1.0,0.6853783
/tmp/unfreezing_ablation_full_bibkj0rz/data/PhysioNet2022/training_data/50159_PV.wav,1.0,0.04888963
/tmp/unfreezing_ablation_full_bibkj0rz/data/PhysioNet2022/training_data/50159_TV.wav,1.0,0.07700332
/tmp/unfreezing_ablation_full_bibkj0rz/data/PhysioNet2022/training_data/50164_MV.wav,1.0,0.04444286
/tmp/unfreezing_ablation_full_bibkj0rz/data/PhysioNet2022/training_data/50164_PV.wav,1.0,0.04781488
/tmp/unfreezing_ablation_full_bibkj0rz/data/PhysioNet2022/training_data/50164_TV.wav,1.0,0.0062388405
/tmp/unfreezing_ablation_full_bibkj0rz/data/PhysioNet2022/training_data/50165_AV.wav,1.0,0.044385973
/tmp/unfreezing_ablation_full_bibkj0rz/data/PhysioNet2022/training_data/50165_MV.wav,1.0,0.023483658
/tmp/unfreezing_ablation_full_bibkj0rz/data/PhysioNet2022/training_data/50165_PV.wav,1.0,0.22489141
/tmp/unfreezing_ablation_full_bibkj0rz/data/PhysioNet2022/training_data/50166_MV.wav,1.0,0.1373442
/tmp/unfreezing_ablation_full_bibkj0rz/data/PhysioNet2022/training_data/50213_AV.wav,1.0,0.070019126
/tmp/unfreezing_ablation_full_bibkj0rz/data/PhysioNet2022/training_data/50213_MV.wav,1.0,0.32184654
/tmp/unfreezing_ablation_full_bibkj0rz/data/PhysioNet2022/training_data/50213_PV.wav,1.0,0.082480855
/tmp/unfreezing_ablation_full_bibkj0rz/data/PhysioNet2022/training_data/50213_TV.wav,1.0,0.005098611
/tmp/unfreezing_ablation_full_bibkj0rz/data/PhysioNet2022/training_data/50241_MV.wav,1.0,0.38425004
/tmp/unfreezing_ablation_full_bibkj0rz/data/PhysioNet2022/training_data/50244_AV.wav,1.0,0.033664588
/tmp/unfreezing_ablation_full_bibkj0rz/data/PhysioNet2022/training_data/50244_MV.wav,1.0,0.0050094025
/tmp/unfreezing_ablation_full_bibkj0rz/data/PhysioNet2022/training_data/50244_PV.wav,1.0,0.2225722
/tmp/unfreezing_ablation_full_bibkj0rz/data/PhysioNet2022/training_data/50244_TV.wav,1.0,0.05357946
/tmp/unfreezing_ablation_full_bibkj0rz/data/PhysioNet2022/training_data/50247_AV.wav,1.0,0.026021512
/tmp/unfreezing_ablation_full_bibkj0rz/data/PhysioNet2022/training_data/50247_MV.wav,1.0,0.08356151
/tmp/unfreezing_ablation_full_bibkj0rz/data/PhysioNet2022/training_data/50247_PV.wav,1.0,0.07717113
/tmp/unfreezing_ablation_full_bibkj0rz/data/PhysioNet2022/training_data/50248_TV.wav,1.0,0.010846575
/tmp/unfreezing_ablation_full_bibkj0rz/data/PhysioNet2022/training_data/50250_AV.wav,1.0,0.65237194
/tmp/unfreezing_ablation_full_bibkj0rz/data/PhysioNet2022/training_data/50250_MV.wav,1.0,0.041315377
/tmp/unfreezing_ablation_full_bibkj0rz/data/PhysioNet2022/training_data/50250_PV.wav,1.0,0.033605054
/tmp/unfreezing_ablation_full_bibkj0rz/data/PhysioNet2022/training_data/50250_TV_1.wav,1.0,0.011239447
/tmp/unfreezing_ablation_full_bibkj0rz/data/PhysioNet2022/training_data/50250_TV_2.wav,1.0,0.43394348
/tmp/unfreezing_ablation_full_bibkj0rz/data/PhysioNet2022/training_data/50251_AV.wav,1.0,0.04470303
/tmp/unfreezing_ablation_full_bibkj0rz/data/PhysioNet2022/training_data/50251_MV.wav,1.0,0.16981207
/tmp/unfreezing_ablation_full_bibkj0rz/data/PhysioNet2022/training_data/50256_AV.wav,1.0,0.016054746
/tmp/unfreezing_ablation_full_bibkj0rz/data/PhysioNet2022/training_data/50256_MV.wav,1.0,0.02072979
/tmp/unfreezing_ablation_full_bibkj0rz/data/PhysioNet2022/training_data/50256_PV.wav,1.0,0.037747636
/tmp/unfreezing_ablation_full_bibkj0rz/data/PhysioNet2022/training_data/50256_TV.wav,1.0,0.05188973
/tmp/unfreezing_ablation_full_bibkj0rz/data/PhysioNet2022/training_data/50264_AV.wav,1.0,0.053260837
/tmp/unfreezing_ablation_full_bibkj0rz/data/PhysioNet2022/training_data/50264_MV.wav,1.0,0.042353865
/tmp/unfreezing_ablation_full_bibkj0rz/data/PhysioNet2022/training_data/50272_AV.wav,1.0,0.040379673
/tmp/unfreezing_ablation_full_bibkj0rz/data/PhysioNet2022/training_data/50272_MV.wav,1.0,0.0391029
/tmp/unfreezing_ablation_full_bibkj0rz/data/PhysioNet2022/training_data/50272_PV.wav,1.0,0.021220189
/tmp/unfreezing_ablation_full_bibkj0rz/data/PhysioNet2022/training_data/50272_TV.wav,1.0,0.0462276
/tmp/unfreezing_ablation_full_bibkj0rz/data/PhysioNet2022/training_data/50273_AV.wav,1.0,0.013071511
/tmp/unfreezing_ablation_full_bibkj0rz/data/PhysioNet2022/training_data/50273_MV.wav,1.0,0.6346716
/tmp/unfreezing_ablation_full_bibkj0rz/data/PhysioNet2022/training_data/50273_PV.wav,1.0,0.07433334
/tmp/unfreezing_ablation_full_bibkj0rz/data/PhysioNet2022/training_data/50273_TV.wav,1.0,0.13554825
/tmp/unfreezing_ablation_full_bibkj0rz/data/PhysioNet2022/training_data/50275_AV.wav,1.0,0.13841666
/tmp/unfreezing_ablation_full_bibkj0rz/data/PhysioNet2022/training_data/50275_MV.wav,1.0,0.068402305
/tmp/unfreezing_ablation_full_bibkj0rz/data/PhysioNet2022/training_data/50275_PV.wav,1.0,0.02823508
/tmp/unfreezing_ablation_full_bibkj0rz/data/PhysioNet2022/training_data/50275_TV.wav,1.0,0.0053034616
/tmp/unfreezing_ablation_full_bibkj0rz/data/PhysioNet2022/training_data/50285_MV.wav,1.0,0.02553446
/tmp/unfreezing_ablation_full_bibkj0rz/data/PhysioNet2022/training_data/50295_AV.wav,1.0,0.09389155
/tmp/unfreezing_ablation_full_bibkj0rz/data/PhysioNet2022/training_data/50295_MV.wav,1.0,0.93845046
/tmp/unfreezing_ablation_full_bibkj0rz/data/PhysioNet2022/training_data/50295_PV.wav,1.0,0.10700929
/tmp/unfreezing_ablation_full_bibkj0rz/data/PhysioNet2022/training_data/50295_TV.wav,1.0,0.03528572
/tmp/unfreezing_ablation_full_bibkj0rz/data/PhysioNet2022/training_data/50296_AV.wav,1.0,0.06661087
/tmp/unfreezing_ablation_full_bibkj0rz/data/PhysioNet2022/training_data/50296_MV.wav,1.0,0.052422427
/tmp/unfreezing_ablation_full_bibkj0rz/data/PhysioNet2022/training_data/50296_PV.wav,1.0,0.025793713
/tmp/unfreezing_ablation_full_bibkj0rz/data/PhysioNet2022/training_data/50296_TV.wav,1.0,0.020274732
/tmp/unfreezing_ablation_full_bibkj0rz/data/PhysioNet2022/training_data/50304_PV.wav,1.0,0.18575224
/tmp/unfreezing_ablation_full_bibkj0rz/data/PhysioNet2022/training_data/50306_AV.wav,1.0,0.9719027
/tmp/unfreezing_ablation_full_bibkj0rz/data/PhysioNet2022/training_data/50306_MV.wav,1.0,0.019006915
/tmp/unfreezing_ablation_full_bibkj0rz/data/PhysioNet2022/training_data/50306_PV.wav,1.0,0.1644101
/tmp/unfreezing_ablation_full_bibkj0rz/data/PhysioNet2022/training_data/50306_TV.wav,1.0,0.050862797
/tmp/unfreezing_ablation_full_bibkj0rz/data/PhysioNet2022/training_data/50311_MV.wav,1.0,0.032623682
/tmp/unfreezing_ablation_full_bibkj0rz/data/PhysioNet2022/training_data/50311_PV.wav,1.0,0.020776236
/tmp/unfreezing_ablation_full_bibkj0rz/data/PhysioNet2022/training_data/50311_TV.wav,1.0,0.17748526
/tmp/unfreezing_ablation_full_bibkj0rz/data/PhysioNet2022/training_data/50319_AV.wav,1.0,0.1399976
/tmp/unfreezing_ablation_full_bibkj0rz/data/PhysioNet2022/training_data/50319_MV.wav,1.0,0.037419032
/tmp/unfreezing_ablation_full_bibkj0rz/data/PhysioNet2022/training_data/50319_PV.wav,1.0,0.013871838
/tmp/unfreezing_ablation_full_bibkj0rz/data/PhysioNet2022/training_data/50319_TV.wav,1.0,0.020046566
/tmp/unfreezing_ablation_full_bibkj0rz/data/PhysioNet2022/training_data/50321_AV_1.wav,1.0,0.07762996
/tmp/unfreezing_ablation_full_bibkj0rz/data/PhysioNet2022/training_data/50321_AV_2.wav,1.0,0.09408919
/tmp/unfreezing_ablation_full_bibkj0rz/data/PhysioNet2022/training_data/50321_MV_1.wav,1.0,0.062324475
/tmp/unfreezing_ablation_full_bibkj0rz/data/PhysioNet2022/training_data/50321_MV_2.wav,1.0,0.03608979
/tmp/unfreezing_ablation_full_bibkj0rz/data/PhysioNet2022/training_data/50327_AV.wav,1.0,0.34239185
/tmp/unfreezing_ablation_full_bibkj0rz/data/PhysioNet2022/training_data/50327_MV.wav,1.0,0.54536164
/tmp/unfreezing_ablation_full_bibkj0rz/data/PhysioNet2022/training_data/50327_PV.wav,1.0,0.98709327
/tmp/unfreezing_ablation_full_bibkj0rz/data/PhysioNet2022/training_data/50327_TV.wav,1.0,0.035898928
/tmp/unfreezing_ablation_full_bibkj0rz/data/PhysioNet2022/training_data/50332_AV.wav,1.0,0.034955904
/tmp/unfreezing_ablation_full_bibkj0rz/data/PhysioNet2022/training_data/50332_MV.wav,1.0,0.43647683
/tmp/unfreezing_ablation_full_bibkj0rz/data/PhysioNet2022/training_data/50334_AV.wav,1.0,0.034727894
/tmp/unfreezing_ablation_full_bibkj0rz/data/PhysioNet2022/training_data/50334_MV.wav,1.0,0.01264187
/tmp/unfreezing_ablation_full_bibkj0rz/data/PhysioNet2022/training_data/50334_PV.wav,1.0,0.018979186
/tmp/unfreezing_ablation_full_bibkj0rz/data/PhysioNet2022/training_data/50334_TV.wav,1.0,0.010136669
/tmp/unfreezing_ablation_full_bibkj0rz/data/PhysioNet2022/training_data/50341_AV.wav,1.0,0.09546915
/tmp/unfreezing_ablation_full_bibkj0rz/data/PhysioNet2022/training_data/50341_MV.wav,1.0,0.03355092
/tmp/unfreezing_ablation_full_bibkj0rz/data/PhysioNet2022/training_data/50342_AV.wav,1.0,0.016643751
/tmp/unfreezing_ablation_full_bibkj0rz/data/PhysioNet2022/training_data/50342_MV.wav,1.0,0.044813152
/tmp/unfreezing_ablation_full_bibkj0rz/data/PhysioNet2022/training_data/50350_AV.wav,1.0,0.035660625
/tmp/unfreezing_ablation_full_bibkj0rz/data/PhysioNet2022/training_data/50350_MV.wav,1.0,0.0062867766
/tmp/unfreezing_ablation_full_bibkj0rz/data/PhysioNet2022/training_data/50350_PV.wav,1.0,0.031389453
/tmp/unfreezing_ablation_full_bibkj0rz/data/PhysioNet2022/training_data/50350_TV.wav,1.0,0.051778086
/tmp/unfreezing_ablation_full_bibkj0rz/data/PhysioNet2022/training_data/50352_AV.wav,1.0,0.05331437
/tmp/unfreezing_ablation_full_bibkj0rz/data/PhysioNet2022/training_data/50352_PV.wav,1.0,0.03774569
/tmp/unfreezing_ablation_full_bibkj0rz/data/PhysioNet2022/training_data/50352_TV.wav,1.0,0.22598238
/tmp/unfreezing_ablation_full_bibkj0rz/data/PhysioNet2022/training_data/50354_AV.wav,1.0,0.021559486
/tmp/unfreezing_ablation_full_bibkj0rz/data/PhysioNet2022/training_data/50354_MV.wav,1.0,0.024731103
/tmp/unfreezing_ablation_full_bibkj0rz/data/PhysioNet2022/training_data/50354_PV.wav,1.0,0.003403437
/tmp/unfreezing_ablation_full_bibkj0rz/data/PhysioNet2022/training_data/50354_TV.wav,1.0,0.06806542
/tmp/unfreezing_ablation_full_bibkj0rz/data/PhysioNet2022/training_data/50375_AV.wav,1.0,0.2685306
/tmp/unfreezing_ablation_full_bibkj0rz/data/PhysioNet2022/training_data/50375_MV.wav,1.0,0.0136152245
/tmp/unfreezing_ablation_full_bibkj0rz/data/PhysioNet2022/training_data/50384_AV.wav,1.0,0.033270273
/tmp/unfreezing_ablation_full_bibkj0rz/data/PhysioNet2022/training_data/50384_MV.wav,1.0,0.024308585
/tmp/unfreezing_ablation_full_bibkj0rz/data/PhysioNet2022/training_data/50384_PV.wav,1.0,0.018622149
/tmp/unfreezing_ablation_full_bibkj0rz/data/PhysioNet2022/training_data/50384_TV.wav,1.0,0.08328186
/tmp/unfreezing_ablation_full_bibkj0rz/data/PhysioNet2022/training_data/50628_AV.wav,1.0,0.140295
/tmp/unfreezing_ablation_full_bibkj0rz/data/PhysioNet2022/training_data/50628_MV.wav,1.0,0.052082736
/tmp/unfreezing_ablation_full_bibkj0rz/data/PhysioNet2022/training_data/50635_AV.wav,1.0,0.14715533
/tmp/unfreezing_ablation_full_bibkj0rz/data/PhysioNet2022/training_data/50635_MV.wav,1.0,0.010860275
/tmp/unfreezing_ablation_full_bibkj0rz/data/PhysioNet2022/training_data/50635_PV.wav,1.0,0.041894753
/tmp/unfreezing_ablation_full_bibkj0rz/data/PhysioNet2022/training_data/50635_TV.wav,1.0,0.053310588
/tmp/unfreezing_ablation_full_bibkj0rz/data/PhysioNet2022/training_data/50658_AV.wav,1.0,0.2384436
/tmp/unfreezing_ablation_full_bibkj0rz/data/PhysioNet2022/training_data/50658_MV.wav,1.0,0.06275316
/tmp/unfreezing_ablation_full_bibkj0rz/data/PhysioNet2022/training_data/50658_PV.wav,1.0,0.39223462
/tmp/unfreezing_ablation_full_bibkj0rz/data/PhysioNet2022/training_data/50658_TV.wav,1.0,0.01655733
/tmp/unfreezing_ablation_full_bibkj0rz/data/PhysioNet2022/training_data/50661_AV.wav,1.0,0.055545084
/tmp/unfreezing_ablation_full_bibkj0rz/data/PhysioNet2022/training_data/50661_MV.wav,1.0,0.08903118
/tmp/unfreezing_ablation_full_bibkj0rz/data/PhysioNet2022/training_data/50665_PV.wav,1.0,0.86025006
/tmp/unfreezing_ablation_full_bibkj0rz/data/PhysioNet2022/training_data/50665_TV.wav,1.0,0.009776861
/tmp/unfreezing_ablation_full_bibkj0rz/data/PhysioNet2022/training_data/50673_AV.wav,1.0,0.016156904
/tmp/unfreezing_ablation_full_bibkj0rz/data/PhysioNet2022/training_data/50673_MV.wav,1.0,0.04154247
/tmp/unfreezing_ablation_full_bibkj0rz/data/PhysioNet2022/training_data/50673_PV.wav,1.0,0.07777352
/tmp/unfreezing_ablation_full_bibkj0rz/data/PhysioNet2022/training_data/50673_TV.wav,1.0,0.37137994
/tmp/unfreezing_ablation_full_bibkj0rz/data/PhysioNet2022/training_data/50687_AV.wav,1.0,0.017024335
/tmp/unfreezing_ablation_full_bibkj0rz/data/PhysioNet2022/training_data/50687_MV.wav,1.0,0.063203454
/tmp/unfreezing_ablation_full_bibkj0rz/data/PhysioNet2022/training_data/50687_PV.wav,1.0,0.12798107
/tmp/unfreezing_ablation_full_bibkj0rz/data/PhysioNet2022/training_data/50687_TV.wav,1.0,0.04282498
/tmp/unfreezing_ablation_full_bibkj0rz/data/PhysioNet2022/training_data/50688_AV.wav,1.0,0.07375638
/tmp/unfreezing_ablation_full_bibkj0rz/data/PhysioNet2022/training_data/50688_MV.wav,1.0,0.021743948
/tmp/unfreezing_ablation_full_bibkj0rz/data/PhysioNet2022/training_data/50688_PV.wav,1.0,0.06522609
/tmp/unfreezing_ablation_full_bibkj0rz/data/PhysioNet2022/training_data/50688_TV.wav,1.0,0.223939
/tmp/unfreezing_ablation_full_bibkj0rz/data/PhysioNet2022/training_data/50690_AV.wav,1.0,0.019578269
/tmp/unfreezing_ablation_full_bibkj0rz/data/PhysioNet2022/training_data/50690_MV_1.wav,1.0,0.81865174
/tmp/unfreezing_ablation_full_bibkj0rz/data/PhysioNet2022/training_data/50690_MV_2.wav,1.0,0.078309126
/tmp/unfreezing_ablation_full_bibkj0rz/data/PhysioNet2022/training_data/50690_PV.wav,1.0,0.026718983
/tmp/unfreezing_ablation_full_bibkj0rz/data/PhysioNet2022/training_data/50690_TV.wav,1.0,0.064058915
/tmp/unfreezing_ablation_full_bibkj0rz/data/PhysioNet2022/training_data/50693_AV.wav,1.0,0.016873999
/tmp/unfreezing_ablation_full_bibkj0rz/data/PhysioNet2022/training_data/50693_MV.wav,1.0,0.03479697
/tmp/unfreezing_ablation_full_bibkj0rz/data/PhysioNet2022/training_data/50693_PV.wav,1.0,0.030294111
/tmp/unfreezing_ablation_full_bibkj0rz/data/PhysioNet2022/training_data/50693_TV.wav,1.0,0.70551455
/tmp/unfreezing_ablation_full_bibkj0rz/data/PhysioNet2022/training_data/50699_AV.wav,1.0,0.025628187
/tmp/unfreezing_ablation_full_bibkj0rz/data/PhysioNet2022/training_data/50699_MV.wav,1.0,0.012169235
/tmp/unfreezing_ablation_full_bibkj0rz/data/PhysioNet2022/training_data/50699_PV.wav,1.0,0.08427205
/tmp/unfreezing_ablation_full_bibkj0rz/data/PhysioNet2022/training_data/50699_TV.wav,1.0,0.022283303
/tmp/unfreezing_ablation_full_bibkj0rz/data/PhysioNet2022/training_data/50722_MV.wav,1.0,0.055594947
/tmp/unfreezing_ablation_full_bibkj0rz/data/PhysioNet2022/training_data/50722_PV.wav,1.0,0.023746379
/tmp/unfreezing_ablation_full_bibkj0rz/data/PhysioNet2022/training_data/50722_TV.wav,1.0,0.8474716
/tmp/unfreezing_ablation_full_bibkj0rz/data/PhysioNet2022/training_data/50727_AV.wav,1.0,0.015657203
/tmp/unfreezing_ablation_full_bibkj0rz/data/PhysioNet2022/training_data/50727_MV.wav,1.0,0.057947353
/tmp/unfreezing_ablation_full_bibkj0rz/data/PhysioNet2022/training_data/50729_AV.wav,1.0,0.060085453
/tmp/unfreezing_ablation_full_bibkj0rz/data/PhysioNet2022/training_data/50729_MV.wav,1.0,0.02525412
/tmp/unfreezing_ablation_full_bibkj0rz/data/PhysioNet2022/training_data/50731_MV.wav,1.0,0.9932487
/tmp/unfreezing_ablation_full_bibkj0rz/data/PhysioNet2022/training_data/50731_PV.wav,1.0,0.07662985
/tmp/unfreezing_ablation_full_bibkj0rz/data/PhysioNet2022/training_data/50731_TV.wav,1.0,0.050289042
/tmp/unfreezing_ablation_full_bibkj0rz/data/PhysioNet2022/training_data/50732_AV.wav,1.0,0.015120577
/tmp/unfreezing_ablation_full_bibkj0rz/data/PhysioNet2022/training_data/50732_MV.wav,1.0,0.011765036
/tmp/unfreezing_ablation_full_bibkj0rz/data/PhysioNet2022/training_data/50732_PV.wav,1.0,0.05271395
/tmp/unfreezing_ablation_full_bibkj0rz/data/PhysioNet2022/training_data/50732_TV.wav,1.0,0.047786586
/tmp/unfreezing_ablation_full_bibkj0rz/data/PhysioNet2022/training_data/50734_AV.wav,1.0,0.03315135
/tmp/unfreezing_ablation_full_bibkj0rz/data/PhysioNet2022/training_data/50734_MV.wav,1.0,0.014213624
/tmp/unfreezing_ablation_full_bibkj0rz/data/PhysioNet2022/training_data/50734_PV.wav,1.0,0.24919449
/tmp/unfreezing_ablation_full_bibkj0rz/data/PhysioNet2022/training_data/50734_Phc.wav,1.0,0.13082656
/tmp/unfreezing_ablation_full_bibkj0rz/data/PhysioNet2022/training_data/50734_TV.wav,1.0,0.024528531
/tmp/unfreezing_ablation_full_bibkj0rz/data/PhysioNet2022/training_data/50737_MV.wav,1.0,0.17379189
/tmp/unfreezing_ablation_full_bibkj0rz/data/PhysioNet2022/training_data/50737_PV.wav,1.0,0.004641249
/tmp/unfreezing_ablation_full_bibkj0rz/data/PhysioNet2022/training_data/50737_TV.wav,1.0,0.028448584
/tmp/unfreezing_ablation_full_bibkj0rz/data/PhysioNet2022/training_data/50738_AV.wav,1.0,0.013889977
/tmp/unfreezing_ablation_full_bibkj0rz/data/PhysioNet2022/training_data/50738_MV.wav,1.0,0.18602392
/tmp/unfreezing_ablation_full_bibkj0rz/data/PhysioNet2022/training_data/50738_PV.wav,1.0,0.08636976
/tmp/unfreezing_ablation_full_bibkj0rz/data/PhysioNet2022/training_data/50738_TV.wav,1.0,0.037083007
/tmp/unfreezing_ablation_full_bibkj0rz/data/PhysioNet2022/training_data/50743_AV_1.wav,1.0,0.019567931
/tmp/unfreezing_ablation_full_bibkj0rz/data/PhysioNet2022/training_data/50743_AV_2.wav,1.0,0.060810007
/tmp/unfreezing_ablation_full_bibkj0rz/data/PhysioNet2022/training_data/50743_AV_3.wav,1.0,0.0436949
/tmp/unfreezing_ablation_full_bibkj0rz/data/PhysioNet2022/training_data/50743_MV.wav,1.0,0.043263394
/tmp/unfreezing_ablation_full_bibkj0rz/data/PhysioNet2022/training_data/50747_AV.wav,1.0,0.019858204
/tmp/unfreezing_ablation_full_bibkj0rz/data/PhysioNet2022/training_data/50747_MV.wav,1.0,0.04820259
/tmp/unfreezing_ablation_full_bibkj0rz/data/PhysioNet2022/training_data/50747_PV.wav,1.0,0.058261614
/tmp/unfreezing_ablation_full_bibkj0rz/data/PhysioNet2022/training_data/50747_TV.wav,1.0,0.04393064
/tmp/unfreezing_ablation_full_bibkj0rz/data/PhysioNet2022/training_data/50748_AV.wav,1.0,0.038361646
/tmp/unfreezing_ablation_full_bibkj0rz/data/PhysioNet2022/training_data/50748_MV.wav,1.0,0.057582382
/tmp/unfreezing_ablation_full_bibkj0rz/data/PhysioNet2022/training_data/50749_AV.wav,1.0,0.024078958
/tmp/unfreezing_ablation_full_bibkj0rz/data/PhysioNet2022/training_data/50749_MV.wav,1.0,0.06787791
/tmp/unfreezing_ablation_full_bibkj0rz/data/PhysioNet2022/training_data/50749_PV.wav,1.0,0.03403037
/tmp/unfreezing_ablation_full_bibkj0rz/data/PhysioNet2022/training_data/50749_TV.wav,1.0,0.23985936
/tmp/unfreezing_ablation_full_bibkj0rz/data/PhysioNet2022/training_data/50756_AV.wav,1.0,0.050887696
/tmp/unfreezing_ablation_full_bibkj0rz/data/PhysioNet2022/training_data/50756_MV.wav,1.0,0.033070628
/tmp/unfreezing_ablation_full_bibkj0rz/data/PhysioNet2022/training_data/50756_PV.wav,1.0,0.12433378
/tmp/unfreezing_ablation_full_bibkj0rz/data/PhysioNet2022/training_data/50756_TV.wav,1.0,0.035266593
/tmp/unfreezing_ablation_full_bibkj0rz/data/PhysioNet2022/training_data/50757_AV.wav,1.0,0.16453134
/tmp/unfreezing_ablation_full_bibkj0rz/data/PhysioNet2022/training_data/50757_MV.wav,1.0,0.9907699
/tmp/unfreezing_ablation_full_bibkj0rz/data/PhysioNet2022/training_data/50757_PV.wav,1.0,0.060068324
/tmp/unfreezing_ablation_full_bibkj0rz/data/PhysioNet2022/training_data/50757_TV.wav,1.0,0.073441036
/tmp/unfreezing_ablation_full_bibkj0rz/data/PhysioNet2022/training_data/50772_AV.wav,1.0,0.031084076
/tmp/unfreezing_ablation_full_bibkj0rz/data/PhysioNet2022/training_data/50772_MV.wav,1.0,0.33384722
/tmp/unfreezing_ablation_full_bibkj0rz/data/PhysioNet2022/training_data/50772_PV.wav,1.0,0.076250434
/tmp/unfreezing_ablation_full_bibkj0rz/data/PhysioNet2022/training_data/50782_AV_1.wav,1.0,0.3042554
/tmp/unfreezing_ablation_full_bibkj0rz/data/PhysioNet2022/training_data/50782_AV_2.wav,1.0,0.023766557
/tmp/unfreezing_ablation_full_bibkj0rz/data/PhysioNet2022/training_data/50782_MV_1.wav,1.0,0.026998958
/tmp/unfreezing_ablation_full_bibkj0rz/data/PhysioNet2022/training_data/50782_MV_2.wav,1.0,0.08060932
/tmp/unfreezing_ablation_full_bibkj0rz/data/PhysioNet2022/training_data/50782_PV.wav,1.0,0.06221763
/tmp/unfreezing_ablation_full_bibkj0rz/data/PhysioNet2022/training_data/50782_TV.wav,1.0,0.05444878
/tmp/unfreezing_ablation_full_bibkj0rz/data/PhysioNet2022/training_data/50787_MV.wav,1.0,0.08199485
/tmp/unfreezing_ablation_full_bibkj0rz/data/PhysioNet2022/training_data/50790_AV.wav,1.0,0.077050485
/tmp/unfreezing_ablation_full_bibkj0rz/data/PhysioNet2022/training_data/50790_MV.wav,1.0,0.023193834
/tmp/unfreezing_ablation_full_bibkj0rz/data/PhysioNet2022/training_data/50795_AV.wav,1.0,0.05255342
/tmp/unfreezing_ablation_full_bibkj0rz/data/PhysioNet2022/training_data/50795_MV.wav,1.0,0.06875655
/tmp/unfreezing_ablation_full_bibkj0rz/data/PhysioNet2022/training_data/50796_MV.wav,1.0,0.9718374
/tmp/unfreezing_ablation_full_bibkj0rz/data/PhysioNet2022/training_data/50796_PV.wav,1.0,0.16476585
/tmp/unfreezing_ablation_full_bibkj0rz/data/PhysioNet2022/training_data/50796_TV.wav,1.0,0.06715346
/tmp/unfreezing_ablation_full_bibkj0rz/data/PhysioNet2022/training_data/50798_AV.wav,1.0,0.043873362
/tmp/unfreezing_ablation_full_bibkj0rz/data/PhysioNet2022/training_data/50798_MV.wav,1.0,0.032489184
/tmp/unfreezing_ablation_full_bibkj0rz/data/PhysioNet2022/training_data/50798_PV.wav,1.0,0.06168637
/tmp/unfreezing_ablation_full_bibkj0rz/data/PhysioNet2022/training_data/50798_TV.wav,1.0,0.11673867
/tmp/unfreezing_ablation_full_bibkj0rz/data/PhysioNet2022/training_data/50800_AV.wav,1.0,0.016852386
/tmp/unfreezing_ablation_full_bibkj0rz/data/PhysioNet2022/training_data/50800_MV.wav,1.0,0.058965996
/tmp/unfreezing_ablation_full_bibkj0rz/data/PhysioNet2022/training_data/50800_PV.wav,1.0,0.036005758
/tmp/unfreezing_ablation_full_bibkj0rz/data/PhysioNet2022/training_data/50800_TV.wav,1.0,0.05610094
/tmp/unfreezing_ablation_full_bibkj0rz/data/PhysioNet2022/training_data/50819_AV.wav,1.0,0.034769576
/tmp/unfreezing_ablation_full_bibkj0rz/data/PhysioNet2022/training_data/50819_MV.wav,1.0,0.039035905
/tmp/unfreezing_ablation_full_bibkj0rz/data/PhysioNet2022/training_data/50819_PV.wav,1.0,0.09827525
/tmp/unfreezing_ablation_full_bibkj0rz/data/PhysioNet2022/training_data/50819_TV.wav,1.0,0.06991369
/tmp/unfreezing_ablation_full_bibkj0rz/data/PhysioNet2022/training_data/50822_AV.wav,1.0,0.07629458
/tmp/unfreezing_ablation_full_bibkj0rz/data/PhysioNet2022/training_data/50822_MV.wav,1.0,0.03116377
/tmp/unfreezing_ablation_full_bibkj0rz/data/PhysioNet2022/training_data/50822_PV.wav,1.0,0.017988557
/tmp/unfreezing_ablation_full_bibkj0rz/data/PhysioNet2022/training_data/50822_TV.wav,1.0,0.012791489
/tmp/unfreezing_ablation_full_bibkj0rz/data/PhysioNet2022/training_data/50829_AV.wav,1.0,0.10747125
/tmp/unfreezing_ablation_full_bibkj0rz/data/PhysioNet2022/training_data/50829_MV.wav,1.0,0.015255741
/tmp/unfreezing_ablation_full_bibkj0rz/data/PhysioNet2022/training_data/50829_PV.wav,1.0,0.10549112
/tmp/unfreezing_ablation_full_bibkj0rz/data/PhysioNet2022/training_data/57706_AV.wav,1.0,0.009919241
/tmp/unfreezing_ablation_full_bibkj0rz/data/PhysioNet2022/training_data/57706_MV.wav,1.0,0.016579567
/tmp/unfreezing_ablation_full_bibkj0rz/data/PhysioNet2022/training_data/57706_PV.wav,1.0,0.0750759
/tmp/unfreezing_ablation_full_bibkj0rz/data/PhysioNet2022/training_data/57706_TV.wav,1.0,0.042028796
/tmp/unfreezing_ablation_full_bibkj0rz/data/PhysioNet2022/training_data/68175_AV.wav,1.0,0.11325356
/tmp/unfreezing_ablation_full_bibkj0rz/data/PhysioNet2022/training_data/68175_MV.wav,1.0,0.03749309
/tmp/unfreezing_ablation_full_bibkj0rz/data/PhysioNet2022/training_data/68175_PV.wav,1.0,0.7876299
/tmp/unfreezing_ablation_full_bibkj0rz/data/PhysioNet2022/training_data/68175_TV.wav,1.0,0.038734943
/tmp/unfreezing_ablation_full_bibkj0rz/data/PhysioNet2022/training_data/68186_AV.wav,1.0,0.08941795
/tmp/unfreezing_ablation_full_bibkj0rz/data/PhysioNet2022/training_data/68186_MV.wav,1.0,0.10383539
/tmp/unfreezing_ablation_full_bibkj0rz/data/PhysioNet2022/training_data/68186_PV.wav,1.0,0.0231875
/tmp/unfreezing_ablation_full_bibkj0rz/data/PhysioNet2022/training_data/68186_TV.wav,1.0,0.017557593
/tmp/unfreezing_ablation_full_bibkj0rz/data/PhysioNet2022/training_data/68204_AV.wav,1.0,0.47787276
/tmp/unfreezing_ablation_full_bibkj0rz/data/PhysioNet2022/training_data/68204_MV.wav,1.0,0.30651432
/tmp/unfreezing_ablation_full_bibkj0rz/data/PhysioNet2022/training_data/68204_PV.wav,1.0,0.097271234
/tmp/unfreezing_ablation_full_bibkj0rz/data/PhysioNet2022/training_data/68204_TV.wav,1.0,0.09873933
/tmp/unfreezing_ablation_full_bibkj0rz/data/PhysioNet2022/training_data/68222_AV.wav,1.0,0.01498128
/tmp/unfreezing_ablation_full_bibkj0rz/data/PhysioNet2022/training_data/68222_MV.wav,1.0,0.025564823
/tmp/unfreezing_ablation_full_bibkj0rz/data/PhysioNet2022/training_data/68222_PV.wav,1.0,0.0021084736
/tmp/unfreezing_ablation_full_bibkj0rz/data/PhysioNet2022/training_data/68222_TV.wav,1.0,0.020075072
/tmp/unfreezing_ablation_full_bibkj0rz/data/PhysioNet2022/training_data/68255_AV.wav,1.0,0.04642068
/tmp/unfreezing_ablation_full_bibkj0rz/data/PhysioNet2022/training_data/68255_MV.wav,1.0,0.055220913
/tmp/unfreezing_ablation_full_bibkj0rz/data/PhysioNet2022/training_data/68255_PV.wav,1.0,0.11716991
/tmp/unfreezing_ablation_full_bibkj0rz/data/PhysioNet2022/training_data/68255_TV.wav,1.0,0.01352957
/tmp/unfreezing_ablation_full_bibkj0rz/data/PhysioNet2022/training_data/68269_PV.wav,1.0,0.032013256
/tmp/unfreezing_ablation_full_bibkj0rz/data/PhysioNet2022/training_data/68269_TV.wav,1.0,0.080464594
/tmp/unfreezing_ablation_full_bibkj0rz/data/PhysioNet2022/training_data/68298_AV.wav,1.0,0.04502275
/tmp/unfreezing_ablation_full_bibkj0rz/data/PhysioNet2022/training_data/68298_MV.wav,1.0,0.004450375
/tmp/unfreezing_ablation_full_bibkj0rz/data/PhysioNet2022/training_data/68330_TV.wav,1.0,0.06892648
/tmp/unfreezing_ablation_full_bibkj0rz/data/PhysioNet2022/training_data/68347_AV.wav,1.0,0.08425711
/tmp/unfreezing_ablation_full_bibkj0rz/data/PhysioNet2022/training_data/68347_MV.wav,1.0,0.029430984
/tmp/unfreezing_ablation_full_bibkj0rz/data/PhysioNet2022/training_data/68347_PV.wav,1.0,0.03709632
/tmp/unfreezing_ablation_full_bibkj0rz/data/PhysioNet2022/training_data/68347_TV.wav,1.0,0.012749274
/tmp/unfreezing_ablation_full_bibkj0rz/data/PhysioNet2022/training_data/68359_AV.wav,1.0,0.0048141573
/tmp/unfreezing_ablation_full_bibkj0rz/data/PhysioNet2022/training_data/68359_MV.wav,1.0,0.020794997
/tmp/unfreezing_ablation_full_bibkj0rz/data/PhysioNet2022/training_data/68359_PV.wav,1.0,0.017072119
/tmp/unfreezing_ablation_full_bibkj0rz/data/PhysioNet2022/training_data/68359_TV.wav,1.0,0.10104681
/tmp/unfreezing_ablation_full_bibkj0rz/data/PhysioNet2022/training_data/68377_AV.wav,1.0,0.03563883
/tmp/unfreezing_ablation_full_bibkj0rz/data/PhysioNet2022/training_data/68377_MV.wav,1.0,0.010113924
/tmp/unfreezing_ablation_full_bibkj0rz/data/PhysioNet2022/training_data/68377_PV.wav,1.0,0.007358999
/tmp/unfreezing_ablation_full_bibkj0rz/data/PhysioNet2022/training_data/68377_TV.wav,1.0,0.014166932
/tmp/unfreezing_ablation_full_bibkj0rz/data/PhysioNet2022/training_data/68427_AV.wav,1.0,0.18448296
/tmp/unfreezing_ablation_full_bibkj0rz/data/PhysioNet2022/training_data/68427_MV.wav,1.0,0.037334815
/tmp/unfreezing_ablation_full_bibkj0rz/data/PhysioNet2022/training_data/68427_PV.wav,1.0,0.041416254
/tmp/unfreezing_ablation_full_bibkj0rz/data/PhysioNet2022/training_data/68427_TV.wav,1.0,0.015285088
/tmp/unfreezing_ablation_full_bibkj0rz/data/PhysioNet2022/training_data/68432_AV.wav,1.0,0.03562487
/tmp/unfreezing_ablation_full_bibkj0rz/data/PhysioNet2022/training_data/68432_MV.wav,1.0,0.014432739
/tmp/unfreezing_ablation_full_bibkj0rz/data/PhysioNet2022/training_data/68432_PV.wav,1.0,0.022751084
/tmp/unfreezing_ablation_full_bibkj0rz/data/PhysioNet2022/training_data/68432_TV.wav,1.0,0.29039013
/tmp/unfreezing_ablation_full_bibkj0rz/data/PhysioNet2022/training_data/68449_AV.wav,1.0,0.21722771
/tmp/unfreezing_ablation_full_bibkj0rz/data/PhysioNet2022/training_data/68449_PV.wav,1.0,0.042930733
/tmp/unfreezing_ablation_full_bibkj0rz/data/PhysioNet2022/training_data/68449_TV.wav,1.0,0.06757197
/tmp/unfreezing_ablation_full_bibkj0rz/data/PhysioNet2022/training_data/68456_AV.wav,1.0,0.12736289
/tmp/unfreezing_ablation_full_bibkj0rz/data/PhysioNet2022/training_data/68456_MV.wav,1.0,0.024886442
/tmp/unfreezing_ablation_full_bibkj0rz/data/PhysioNet2022/training_data/68456_PV.wav,1.0,0.093509175
/tmp/unfreezing_ablation_full_bibkj0rz/data/PhysioNet2022/training_data/68456_TV.wav,1.0,0.13445161
/tmp/unfreezing_ablation_full_bibkj0rz/data/PhysioNet2022/training_data/68460_AV.wav,1.0,0.0029253769
/tmp/unfreezing_ablation_full_bibkj0rz/data/PhysioNet2022/training_data/68460_MV.wav,1.0,0.40613115
/tmp/unfreezing_ablation_full_bibkj0rz/data/PhysioNet2022/training_data/68460_PV.wav,1.0,0.03275891
/tmp/unfreezing_ablation_full_bibkj0rz/data/PhysioNet2022/training_data/68460_TV.wav,1.0,0.02430019
/tmp/unfreezing_ablation_full_bibkj0rz/data/PhysioNet2022/training_data/68477_AV.wav,1.0,0.069080465
/tmp/unfreezing_ablation_full_bibkj0rz/data/PhysioNet2022/training_data/68477_MV.wav,1.0,0.07441539
/tmp/unfreezing_ablation_full_bibkj0rz/data/PhysioNet2022/training_data/68477_PV.wav,1.0,0.0041032075
/tmp/unfreezing_ablation_full_bibkj0rz/data/PhysioNet2022/training_data/68477_TV.wav,1.0,0.03513876
/tmp/unfreezing_ablation_full_bibkj0rz/data/PhysioNet2022/training_data/68532_AV.wav,1.0,0.0046619684
/tmp/unfreezing_ablation_full_bibkj0rz/data/PhysioNet2022/training_data/68532_MV.wav,1.0,0.034379635
/tmp/unfreezing_ablation_full_bibkj0rz/data/PhysioNet2022/training_data/68532_PV.wav,1.0,0.14035265
/tmp/unfreezing_ablation_full_bibkj0rz/data/PhysioNet2022/training_data/68532_TV.wav,1.0,0.009096343
/tmp/unfreezing_ablation_full_bibkj0rz/data/PhysioNet2022/training_data/68560_AV.wav,1.0,0.07774729
/tmp/unfreezing_ablation_full_bibkj0rz/data/PhysioNet2022/training_data/68560_MV.wav,1.0,0.03194885
/tmp/unfreezing_ablation_full_bibkj0rz/data/PhysioNet2022/training_data/68560_PV.wav,1.0,0.90499145
/tmp/unfreezing_ablation_full_bibkj0rz/data/PhysioNet2022/training_data/68560_TV.wav,1.0,0.023754267
/tmp/unfreezing_ablation_full_bibkj0rz/data/PhysioNet2022/training_data/68582_AV.wav,1.0,0.006439198
/tmp/unfreezing_ablation_full_bibkj0rz/data/PhysioNet2022/training_data/68582_MV.wav,1.0,0.060946967
/tmp/unfreezing_ablation_full_bibkj0rz/data/PhysioNet2022/training_data/68582_PV.wav,1.0,0.049816597
/tmp/unfreezing_ablation_full_bibkj0rz/data/PhysioNet2022/training_data/68582_TV.wav,1.0,0.057863463
/tmp/unfreezing_ablation_full_bibkj0rz/data/PhysioNet2022/training_data/68624_AV.wav,1.0,0.048337232
/tmp/unfreezing_ablation_full_bibkj0rz/data/PhysioNet2022/training_data/68624_MV.wav,1.0,0.07529751
/tmp/unfreezing_ablation_full_bibkj0rz/data/PhysioNet2022/training_data/68624_PV.wav,1.0,0.08785236
/tmp/unfreezing_ablation_full_bibkj0rz/data/PhysioNet2022/training_data/68624_TV.wav,1.0,0.98985565
/tmp/unfreezing_ablation_full_bibkj0rz/data/PhysioNet2022/training_data/68659_AV.wav,1.0,0.051500067
/tmp/unfreezing_ablation_full_bibkj0rz/data/PhysioNet2022/training_data/68659_MV.wav,1.0,0.011582897
/tmp/unfreezing_ablation_full_bibkj0rz/data/PhysioNet2022/training_data/68659_PV.wav,1.0,0.04010641
/tmp/unfreezing_ablation_full_bibkj0rz/data/PhysioNet2022/training_data/68659_TV.wav,1.0,0.41008842
/tmp/unfreezing_ablation_full_bibkj0rz/data/PhysioNet2022/training_data/68705_AV.wav,1.0,0.10172063
/tmp/unfreezing_ablation_full_bibkj0rz/data/PhysioNet2022/training_data/68705_MV.wav,1.0,0.04816758
/tmp/unfreezing_ablation_full_bibkj0rz/data/PhysioNet2022/training_data/68705_PV.wav,1.0,0.07658312
/tmp/unfreezing_ablation_full_bibkj0rz/data/PhysioNet2022/training_data/68705_TV.wav,1.0,0.9784453
/tmp/unfreezing_ablation_full_bibkj0rz/data/PhysioNet2022/training_data/68711_AV.wav,1.0,0.10683031
/tmp/unfreezing_ablation_full_bibkj0rz/data/PhysioNet2022/training_data/68711_MV.wav,1.0,0.060486063
/tmp/unfreezing_ablation_full_bibkj0rz/data/PhysioNet2022/training_data/68711_PV.wav,1.0,0.243599
/tmp/unfreezing_ablation_full_bibkj0rz/data/PhysioNet2022/training_data/68711_TV.wav,1.0,0.00692317
/tmp/unfreezing_ablation_full_bibkj0rz/data/PhysioNet2022/training_data/68741_AV.wav,1.0,0.5136676
/tmp/unfreezing_ablation_full_bibkj0rz/data/PhysioNet2022/training_data/68741_MV.wav,1.0,0.30626625
/tmp/unfreezing_ablation_full_bibkj0rz/data/PhysioNet2022/training_data/68741_PV.wav,1.0,0.024022179
/tmp/unfreezing_ablation_full_bibkj0rz/data/PhysioNet2022/training_data/68741_TV.wav,1.0,0.98676646
/tmp/unfreezing_ablation_full_bibkj0rz/data/PhysioNet2022/training_data/68755_AV.wav,1.0,0.012384888
/tmp/unfreezing_ablation_full_bibkj0rz/data/PhysioNet2022/training_data/68755_MV.wav,1.0,0.024957055
/tmp/unfreezing_ablation_full_bibkj0rz/data/PhysioNet2022/training_data/68755_PV.wav,1.0,0.077902116
/tmp/unfreezing_ablation_full_bibkj0rz/data/PhysioNet2022/training_data/68755_TV.wav,1.0,0.40941533
/tmp/unfreezing_ablation_full_bibkj0rz/data/PhysioNet2022/training_data/68861_AV.wav,1.0,0.041673854
/tmp/unfreezing_ablation_full_bibkj0rz/data/PhysioNet2022/training_data/68861_MV.wav,1.0,0.065966025
/tmp/unfreezing_ablation_full_bibkj0rz/data/PhysioNet2022/training_data/68861_PV.wav,1.0,0.29806417
/tmp/unfreezing_ablation_full_bibkj0rz/data/PhysioNet2022/training_data/68861_TV.wav,1.0,0.5095259
/tmp/unfreezing_ablation_full_bibkj0rz/data/PhysioNet2022/training_data/68864_MV.wav,1.0,0.06445073
/tmp/unfreezing_ablation_full_bibkj0rz/data/PhysioNet2022/training_data/68864_PV.wav,1.0,0.033229757
/tmp/unfreezing_ablation_full_bibkj0rz/data/PhysioNet2022/training_data/68864_TV.wav,1.0,0.03878899
/tmp/unfreezing_ablation_full_bibkj0rz/data/PhysioNet2022/training_data/68887_AV.wav,1.0,0.9670994
/tmp/unfreezing_ablation_full_bibkj0rz/data/PhysioNet2022/training_data/68887_MV.wav,1.0,0.007416035
/tmp/unfreezing_ablation_full_bibkj0rz/data/PhysioNet2022/training_data/68887_TV.wav,1.0,0.087537594
/tmp/unfreezing_ablation_full_bibkj0rz/data/PhysioNet2022/training_data/68895_AV.wav,1.0,0.017427005
/tmp/unfreezing_ablation_full_bibkj0rz/data/PhysioNet2022/training_data/68895_MV.wav,1.0,0.056328863
/tmp/unfreezing_ablation_full_bibkj0rz/data/PhysioNet2022/training_data/68895_PV.wav,1.0,0.017871315
/tmp/unfreezing_ablation_full_bibkj0rz/data/PhysioNet2022/training_data/68895_TV.wav,1.0,0.009031569
/tmp/unfreezing_ablation_full_bibkj0rz/data/PhysioNet2022/training_data/68908_MV.wav,1.0,0.22855827
/tmp/unfreezing_ablation_full_bibkj0rz/data/PhysioNet2022/training_data/68908_PV.wav,1.0,0.012703634
/tmp/unfreezing_ablation_full_bibkj0rz/data/PhysioNet2022/training_data/68908_TV.wav,1.0,0.1917484
/tmp/unfreezing_ablation_full_bibkj0rz/data/PhysioNet2022/training_data/69079_AV.wav,1.0,0.004847063
/tmp/unfreezing_ablation_full_bibkj0rz/data/PhysioNet2022/training_data/69079_MV.wav,1.0,0.010798142
/tmp/unfreezing_ablation_full_bibkj0rz/data/PhysioNet2022/training_data/69079_PV.wav,1.0,0.09718305
/tmp/unfreezing_ablation_full_bibkj0rz/data/PhysioNet2022/training_data/69079_TV.wav,1.0,0.05456891
/tmp/unfreezing_ablation_full_bibkj0rz/data/PhysioNet2022/training_data/69095_AV.wav,1.0,0.9280721
/tmp/unfreezing_ablation_full_bibkj0rz/data/PhysioNet2022/training_data/69095_MV.wav,1.0,0.0063132253
/tmp/unfreezing_ablation_full_bibkj0rz/data/PhysioNet2022/training_data/69095_PV.wav,1.0,0.0573746
/tmp/unfreezing_ablation_full_bibkj0rz/data/PhysioNet2022/training_data/69095_TV.wav,1.0,0.075556874
/tmp/unfreezing_ablation_full_bibkj0rz/data/PhysioNet2022/training_data/69096_AV.wav,1.0,0.012913487
/tmp/unfreezing_ablation_full_bibkj0rz/data/PhysioNet2022/training_data/69096_MV.wav,1.0,0.006382258
/tmp/unfreezing_ablation_full_bibkj0rz/data/PhysioNet2022/training_data/69096_PV.wav,1.0,0.0319573
/tmp/unfreezing_ablation_full_bibkj0rz/data/PhysioNet2022/training_data/69096_TV.wav,1.0,0.06409976
/tmp/unfreezing_ablation_full_bibkj0rz/data/PhysioNet2022/training_data/69106_AV.wav,1.0,0.01884543
/tmp/unfreezing_ablation_full_bibkj0rz/data/PhysioNet2022/training_data/69106_MV.wav,1.0,0.0060831904
/tmp/unfreezing_ablation_full_bibkj0rz/data/PhysioNet2022/training_data/69106_PV.wav,1.0,0.009820666
/tmp/unfreezing_ablation_full_bibkj0rz/data/PhysioNet2022/training_data/69106_TV.wav,1.0,0.008721103
/tmp/unfreezing_ablation_full_bibkj0rz/data/PhysioNet2022/training_data/69129_AV.wav,1.0,0.010583653
/tmp/unfreezing_ablation_full_bibkj0rz/data/PhysioNet2022/training_data/69129_MV.wav,1.0,0.0056807334
/tmp/unfreezing_ablation_full_bibkj0rz/data/PhysioNet2022/training_data/69129_PV.wav,1.0,0.089387506
/tmp/unfreezing_ablation_full_bibkj0rz/data/PhysioNet2022/training_data/69129_TV.wav,1.0,0.13805676
/tmp/unfreezing_ablation_full_bibkj0rz/data/PhysioNet2022/training_data/69141_AV.wav,1.0,0.21793187
/tmp/unfreezing_ablation_full_bibkj0rz/data/PhysioNet2022/training_data/69141_MV.wav,1.0,0.08015546
/tmp/unfreezing_ablation_full_bibkj0rz/data/PhysioNet2022/training_data/69141_PV.wav,1.0,0.059485298
/tmp/unfreezing_ablation_full_bibkj0rz/data/PhysioNet2022/training_data/69141_TV.wav,1.0,0.3135172
/tmp/unfreezing_ablation_full_bibkj0rz/data/PhysioNet2022/training_data/69147_AV.wav,1.0,0.031201074
/tmp/unfreezing_ablation_full_bibkj0rz/data/PhysioNet2022/training_data/69147_MV.wav,1.0,0.044796307
/tmp/unfreezing_ablation_full_bibkj0rz/data/PhysioNet2022/training_data/69147_PV.wav,1.0,0.019879915
/tmp/unfreezing_ablation_full_bibkj0rz/data/PhysioNet2022/training_data/69147_TV.wav,1.0,0.105289795
/tmp/unfreezing_ablation_full_bibkj0rz/data/PhysioNet2022/training_data/69152_AV.wav,1.0,0.14924698
/tmp/unfreezing_ablation_full_bibkj0rz/data/PhysioNet2022/training_data/69152_MV.wav,1.0,0.50074583
/tmp/unfreezing_ablation_full_bibkj0rz/data/PhysioNet2022/training_data/69152_PV.wav,1.0,0.9356168
/tmp/unfreezing_ablation_full_bibkj0rz/data/PhysioNet2022/training_data/69152_TV.wav,1.0,0.049947716
/tmp/unfreezing_ablation_full_bibkj0rz/data/PhysioNet2022/training_data/69188_AV.wav,1.0,0.97553355
/tmp/unfreezing_ablation_full_bibkj0rz/data/PhysioNet2022/training_data/69188_MV.wav,1.0,0.778816
/tmp/unfreezing_ablation_full_bibkj0rz/data/PhysioNet2022/training_data/69188_PV.wav,1.0,0.04266423
/tmp/unfreezing_ablation_full_bibkj0rz/data/PhysioNet2022/training_data/69188_TV.wav,1.0,0.073894806
/tmp/unfreezing_ablation_full_bibkj0rz/data/PhysioNet2022/training_data/70280_AV.wav,1.0,0.029302336
/tmp/unfreezing_ablation_full_bibkj0rz/data/PhysioNet2022/training_data/70280_MV.wav,1.0,0.014796296
/tmp/unfreezing_ablation_full_bibkj0rz/data/PhysioNet2022/training_data/73316_AV.wav,1.0,0.024493288
/tmp/unfreezing_ablation_full_bibkj0rz/data/PhysioNet2022/training_data/73316_MV.wav,1.0,0.06847443
/tmp/unfreezing_ablation_full_bibkj0rz/data/PhysioNet2022/training_data/73316_PV.wav,1.0,0.34689558
/tmp/unfreezing_ablation_full_bibkj0rz/data/PhysioNet2022/training_data/73316_TV.wav,1.0,0.012111294
/tmp/unfreezing_ablation_full_bibkj0rz/data/PhysioNet2022/training_data/76758_MV.wav,1.0,0.006816174
/tmp/unfreezing_ablation_full_bibkj0rz/data/PhysioNet2022/training_data/78582_AV.wav,1.0,0.04123853
/tmp/unfreezing_ablation_full_bibkj0rz/data/PhysioNet2022/training_data/78582_MV.wav,1.0,0.04153356
/tmp/unfreezing_ablation_full_bibkj0rz/data/PhysioNet2022/training_data/80348_AV.wav,1.0,0.035082802
/tmp/unfreezing_ablation_full_bibkj0rz/data/PhysioNet2022/training_data/80348_MV.wav,1.0,0.060633965
/tmp/unfreezing_ablation_full_bibkj0rz/data/PhysioNet2022/training_data/80348_PV.wav,1.0,0.057467643
/tmp/unfreezing_ablation_full_bibkj0rz/data/PhysioNet2022/training_data/80348_TV.wav,1.0,0.0276263
/tmp/unfreezing_ablation_full_bibkj0rz/data/PhysioNet2022/training_data/84690_MV.wav,1.0,0.014935477
/tmp/unfreezing_ablation_full_bibkj0rz/data/PhysioNet2022/training_data/84690_Phc.wav,1.0,0.04494031
/tmp/unfreezing_ablation_full_bibkj0rz/data/PhysioNet2022/training_data/84690_TV.wav,1.0,0.13926774
/tmp/unfreezing_ablation_full_bibkj0rz/data/PhysioNet2022/training_data/84695_AV.wav,1.0,0.04802818
/tmp/unfreezing_ablation_full_bibkj0rz/data/PhysioNet2022/training_data/84695_MV.wav,1.0,0.9253484
/tmp/unfreezing_ablation_full_bibkj0rz/data/PhysioNet2022/training_data/84695_PV.wav,1.0,0.0067773825
/tmp/unfreezing_ablation_full_bibkj0rz/data/PhysioNet2022/training_data/84695_TV.wav,1.0,0.30887482
/tmp/unfreezing_ablation_full_bibkj0rz/data/PhysioNet2022/training_data/84702_MV.wav,1.0,0.1834435
/tmp/unfreezing_ablation_full_bibkj0rz/data/PhysioNet2022/training_data/84702_PV.wav,1.0,0.07372705
/tmp/unfreezing_ablation_full_bibkj0rz/data/PhysioNet2022/training_data/84702_TV.wav,1.0,0.014847627
/tmp/unfreezing_ablation_full_bibkj0rz/data/PhysioNet2022/training_data/84706_AV.wav,1.0,0.28146556
/tmp/unfreezing_ablation_full_bibkj0rz/data/PhysioNet2022/training_data/84706_MV.wav,1.0,0.31819996
/tmp/unfreezing_ablation_full_bibkj0rz/data/PhysioNet2022/training_data/84706_PV.wav,1.0,0.018714642
/tmp/unfreezing_ablation_full_bibkj0rz/data/PhysioNet2022/training_data/84706_TV.wav,1.0,0.23187806
/tmp/unfreezing_ablation_full_bibkj0rz/data/PhysioNet2022/training_data/84708_AV.wav,1.0,0.0794844
/tmp/unfreezing_ablation_full_bibkj0rz/data/PhysioNet2022/training_data/84708_MV.wav,1.0,0.008822089
/tmp/unfreezing_ablation_full_bibkj0rz/data/PhysioNet2022/training_data/84710_AV.wav,1.0,0.03407568
/tmp/unfreezing_ablation_full_bibkj0rz/data/PhysioNet2022/training_data/84710_MV.wav,1.0,0.059470654
/tmp/unfreezing_ablation_full_bibkj0rz/data/PhysioNet2022/training_data/84710_PV.wav,1.0,0.011617148
/tmp/unfreezing_ablation_full_bibkj0rz/data/PhysioNet2022/training_data/84710_TV.wav,1.0,0.06610532
/tmp/unfreezing_ablation_full_bibkj0rz/data/PhysioNet2022/training_data/84713_AV.wav,1.0,0.034968864
/tmp/unfreezing_ablation_full_bibkj0rz/data/PhysioNet2022/training_data/84713_PV.wav,1.0,0.022644078
/tmp/unfreezing_ablation_full_bibkj0rz/data/PhysioNet2022/training_data/84713_TV.wav,1.0,0.036937997
/tmp/unfreezing_ablation_full_bibkj0rz/data/PhysioNet2022/training_data/84716_AV.wav,1.0,0.043542765
/tmp/unfreezing_ablation_full_bibkj0rz/data/PhysioNet2022/training_data/84716_MV.wav,1.0,0.95090705
/tmp/unfreezing_ablation_full_bibkj0rz/data/PhysioNet2022/training_data/84716_PV.wav,1.0,0.12009888
/tmp/unfreezing_ablation_full_bibkj0rz/data/PhysioNet2022/training_data/84716_TV.wav,1.0,0.16304387
/tmp/unfreezing_ablation_full_bibkj0rz/data/PhysioNet2022/training_data/84721_AV.wav,1.0,0.0117726335
/tmp/unfreezing_ablation_full_bibkj0rz/data/PhysioNet2022/training_data/84721_MV.wav,1.0,0.0047996314
/tmp/unfreezing_ablation_full_bibkj0rz/data/PhysioNet2022/training_data/84721_PV.wav,1.0,0.0369159
/tmp/unfreezing_ablation_full_bibkj0rz/data/PhysioNet2022/training_data/84721_TV.wav,1.0,0.02254087
/tmp/unfreezing_ablation_full_bibkj0rz/data/PhysioNet2022/training_data/84725_MV.wav,1.0,0.009742225
/tmp/unfreezing_ablation_full_bibkj0rz/data/PhysioNet2022/training_data/84725_PV.wav,1.0,0.00885021
/tmp/unfreezing_ablation_full_bibkj0rz/data/PhysioNet2022/training_data/84725_TV.wav,1.0,0.024417631
/tmp/unfreezing_ablation_full_bibkj0rz/data/PhysioNet2022/training_data/84731_MV.wav,1.0,0.025545
/tmp/unfreezing_ablation_full_bibkj0rz/data/PhysioNet2022/training_data/84732_AV.wav,1.0,0.027074782
/tmp/unfreezing_ablation_full_bibkj0rz/data/PhysioNet2022/training_data/84732_MV.wav,1.0,0.27860802
/tmp/unfreezing_ablation_full_bibkj0rz/data/PhysioNet2022/training_data/84733_AV.wav,1.0,0.20925516
/tmp/unfreezing_ablation_full_bibkj0rz/data/PhysioNet2022/training_data/84733_MV.wav,1.0,0.04878016
/tmp/unfreezing_ablation_full_bibkj0rz/data/PhysioNet2022/training_data/84733_PV.wav,1.0,0.117746405
/tmp/unfreezing_ablation_full_bibkj0rz/data/PhysioNet2022/training_data/84733_TV.wav,1.0,0.058865827
/tmp/unfreezing_ablation_full_bibkj0rz/data/PhysioNet2022/training_data/84734_AV.wav,1.0,0.12764266
/tmp/unfreezing_ablation_full_bibkj0rz/data/PhysioNet2022/training_data/84734_MV.wav,1.0,0.07094332
/tmp/unfreezing_ablation_full_bibkj0rz/data/PhysioNet2022/training_data/84734_PV.wav,1.0,0.040020183
/tmp/unfreezing_ablation_full_bibkj0rz/data/PhysioNet2022/training_data/84734_TV.wav,1.0,0.061841853
/tmp/unfreezing_ablation_full_bibkj0rz/data/PhysioNet2022/training_data/84738_AV.wav,1.0,0.0594945
/tmp/unfreezing_ablation_full_bibkj0rz/data/PhysioNet2022/training_data/84738_MV.wav,1.0,0.010358117
/tmp/unfreezing_ablation_full_bibkj0rz/data/PhysioNet2022/training_data/84738_PV.wav,1.0,0.003442109
/tmp/unfreezing_ablation_full_bibkj0rz/data/PhysioNet2022/training_data/84738_TV.wav,1.0,0.04445603
/tmp/unfreezing_ablation_full_bibkj0rz/data/PhysioNet2022/training_data/84746_PV.wav,1.0,0.037702594
/tmp/unfreezing_ablation_full_bibkj0rz/data/PhysioNet2022/training_data/84764_AV.wav,1.0,0.0292586
/tmp/unfreezing_ablation_full_bibkj0rz/data/PhysioNet2022/training_data/84764_MV.wav,1.0,0.04164271
/tmp/unfreezing_ablation_full_bibkj0rz/data/PhysioNet2022/training_data/84764_PV.wav,1.0,0.060658958
/tmp/unfreezing_ablation_full_bibkj0rz/data/PhysioNet2022/training_data/84764_TV.wav,1.0,0.01875384
/tmp/unfreezing_ablation_full_bibkj0rz/data/PhysioNet2022/training_data/84765_AV.wav,1.0,0.09019681
/tmp/unfreezing_ablation_full_bibkj0rz/data/PhysioNet2022/training_data/84765_MV.wav,1.0,0.056545652
/tmp/unfreezing_ablation_full_bibkj0rz/data/PhysioNet2022/training_data/84765_PV.wav,1.0,0.008842969
/tmp/unfreezing_ablation_full_bibkj0rz/data/PhysioNet2022/training_data/84765_TV.wav,1.0,0.11439572
/tmp/unfreezing_ablation_full_bibkj0rz/data/PhysioNet2022/training_data/84768_PV.wav,1.0,0.056523893
/tmp/unfreezing_ablation_full_bibkj0rz/data/PhysioNet2022/training_data/84768_TV.wav,1.0,0.96280324
/tmp/unfreezing_ablation_full_bibkj0rz/data/PhysioNet2022/training_data/84769_MV.wav,1.0,0.026186993
/tmp/unfreezing_ablation_full_bibkj0rz/data/PhysioNet2022/training_data/84769_PV.wav,1.0,0.09119672
/tmp/unfreezing_ablation_full_bibkj0rz/data/PhysioNet2022/training_data/84779_AV.wav,1.0,0.053198654
/tmp/unfreezing_ablation_full_bibkj0rz/data/PhysioNet2022/training_data/84779_MV.wav,1.0,0.93727946
/tmp/unfreezing_ablation_full_bibkj0rz/data/PhysioNet2022/training_data/84779_PV.wav,1.0,0.13401818
/tmp/unfreezing_ablation_full_bibkj0rz/data/PhysioNet2022/training_data/84779_TV.wav,1.0,0.05994354
/tmp/unfreezing_ablation_full_bibkj0rz/data/PhysioNet2022/training_data/84786_AV.wav,1.0,0.049376957
/tmp/unfreezing_ablation_full_bibkj0rz/data/PhysioNet2022/training_data/84786_MV.wav,1.0,0.018950572
/tmp/unfreezing_ablation_full_bibkj0rz/data/PhysioNet2022/training_data/84786_PV.wav,1.0,0.053565126
/tmp/unfreezing_ablation_full_bibkj0rz/data/PhysioNet2022/training_data/84793_AV.wav,1.0,0.009210949
/tmp/unfreezing_ablation_full_bibkj0rz/data/PhysioNet2022/training_data/84793_MV.wav,1.0,0.045645904
/tmp/unfreezing_ablation_full_bibkj0rz/data/PhysioNet2022/training_data/84793_PV.wav,1.0,0.0044252216
/tmp/unfreezing_ablation_full_bibkj0rz/data/PhysioNet2022/training_data/84793_TV.wav,1.0,0.036304317
/tmp/unfreezing_ablation_full_bibkj0rz/data/PhysioNet2022/training_data/84799_AV.wav,1.0,0.5365217
/tmp/unfreezing_ablation_full_bibkj0rz/data/PhysioNet2022/training_data/84799_MV.wav,1.0,0.068938166
/tmp/unfreezing_ablation_full_bibkj0rz/data/PhysioNet2022/training_data/84799_PV.wav,1.0,0.022302447
/tmp/unfreezing_ablation_full_bibkj0rz/data/PhysioNet2022/training_data/84799_TV.wav,1.0,0.033667658
/tmp/unfreezing_ablation_full_bibkj0rz/data/PhysioNet2022/training_data/84803_AV.wav,1.0,0.04081452
/tmp/unfreezing_ablation_full_bibkj0rz/data/PhysioNet2022/training_data/84803_MV.wav,1.0,0.014334071
/tmp/unfreezing_ablation_full_bibkj0rz/data/PhysioNet2022/training_data/84803_PV.wav,1.0,0.05617967
/tmp/unfreezing_ablation_full_bibkj0rz/data/PhysioNet2022/training_data/84803_TV.wav,1.0,0.02344915
/tmp/unfreezing_ablation_full_bibkj0rz/data/PhysioNet2022/training_data/84804_MV.wav,1.0,0.088500306
/tmp/unfreezing_ablation_full_bibkj0rz/data/PhysioNet2022/training_data/84805_AV.wav,1.0,0.1215169
/tmp/unfreezing_ablation_full_bibkj0rz/data/PhysioNet2022/training_data/84805_MV.wav,1.0,0.02471646
/tmp/unfreezing_ablation_full_bibkj0rz/data/PhysioNet2022/training_data/84805_PV.wav,1.0,0.9960949
/tmp/unfreezing_ablation_full_bibkj0rz/data/PhysioNet2022/training_data/84805_TV.wav,1.0,0.042689573
/tmp/unfreezing_ablation_full_bibkj0rz/data/PhysioNet2022/training_data/84807_AV.wav,1.0,0.045577336
/tmp/unfreezing_ablation_full_bibkj0rz/data/PhysioNet2022/training_data/84807_MV.wav,1.0,0.0063162735
/tmp/unfreezing_ablation_full_bibkj0rz/data/PhysioNet2022/training_data/84823_AV.wav,1.0,0.09592154
/tmp/unfreezing_ablation_full_bibkj0rz/data/PhysioNet2022/training_data/84823_MV.wav,1.0,0.041549522
/tmp/unfreezing_ablation_full_bibkj0rz/data/PhysioNet2022/training_data/84823_PV.wav,1.0,0.040152494
/tmp/unfreezing_ablation_full_bibkj0rz/data/PhysioNet2022/training_data/84823_TV.wav,1.0,0.05219952
/tmp/unfreezing_ablation_full_bibkj0rz/data/PhysioNet2022/training_data/84824_AV.wav,1.0,0.028704561
/tmp/unfreezing_ablation_full_bibkj0rz/data/PhysioNet2022/training_data/84824_MV.wav,1.0,0.041518345
/tmp/unfreezing_ablation_full_bibkj0rz/data/PhysioNet2022/training_data/84838_AV.wav,1.0,0.044028845
/tmp/unfreezing_ablation_full_bibkj0rz/data/PhysioNet2022/training_data/84838_MV.wav,1.0,0.06635682
/tmp/unfreezing_ablation_full_bibkj0rz/data/PhysioNet2022/training_data/84838_PV.wav,1.0,0.05406774
/tmp/unfreezing_ablation_full_bibkj0rz/data/PhysioNet2022/training_data/84838_TV.wav,1.0,0.26181102
/tmp/unfreezing_ablation_full_bibkj0rz/data/PhysioNet2022/training_data/84839_AV.wav,1.0,0.003981294
/tmp/unfreezing_ablation_full_bibkj0rz/data/PhysioNet2022/training_data/84839_MV.wav,1.0,0.04177525
/tmp/unfreezing_ablation_full_bibkj0rz/data/PhysioNet2022/training_data/84839_PV.wav,1.0,0.058428925
/tmp/unfreezing_ablation_full_bibkj0rz/data/PhysioNet2022/training_data/84839_TV.wav,1.0,0.031750325
/tmp/unfreezing_ablation_full_bibkj0rz/data/PhysioNet2022/training_data/84853_AV.wav,1.0,0.019493457
/tmp/unfreezing_ablation_full_bibkj0rz/data/PhysioNet2022/training_data/84853_MV.wav,1.0,0.016506163
/tmp/unfreezing_ablation_full_bibkj0rz/data/PhysioNet2022/training_data/84853_PV.wav,1.0,0.048104193
/tmp/unfreezing_ablation_full_bibkj0rz/data/PhysioNet2022/training_data/84853_TV.wav,1.0,0.03240125
/tmp/unfreezing_ablation_full_bibkj0rz/data/PhysioNet2022/training_data/84854_AV.wav,1.0,0.16707179
/tmp/unfreezing_ablation_full_bibkj0rz/data/PhysioNet2022/training_data/84854_MV.wav,1.0,0.025972886
/tmp/unfreezing_ablation_full_bibkj0rz/data/PhysioNet2022/training_data/84854_PV.wav,1.0,0.04496845
/tmp/unfreezing_ablation_full_bibkj0rz/data/PhysioNet2022/training_data/84854_TV.wav,1.0,0.1057126
/tmp/unfreezing_ablation_full_bibkj0rz/data/PhysioNet2022/training_data/84855_MV.wav,1.0,0.0048363334
/tmp/unfreezing_ablation_full_bibkj0rz/data/PhysioNet2022/training_data/84855_PV.wav,1.0,0.030478373
/tmp/unfreezing_ablation_full_bibkj0rz/data/PhysioNet2022/training_data/84855_TV.wav,1.0,0.03489284
/tmp/unfreezing_ablation_full_bibkj0rz/data/PhysioNet2022/training_data/84857_AV.wav,1.0,0.05307141
/tmp/unfreezing_ablation_full_bibkj0rz/data/PhysioNet2022/training_data/84857_MV.wav,1.0,0.5016098
/tmp/unfreezing_ablation_full_bibkj0rz/data/PhysioNet2022/training_data/84865_AV.wav,1.0,0.053341597
/tmp/unfreezing_ablation_full_bibkj0rz/data/PhysioNet2022/training_data/84865_MV.wav,1.0,0.08669629
/tmp/unfreezing_ablation_full_bibkj0rz/data/PhysioNet2022/training_data/84865_PV.wav,1.0,0.08730417
/tmp/unfreezing_ablation_full_bibkj0rz/data/PhysioNet2022/training_data/84865_TV.wav,1.0,0.0060934364
/tmp/unfreezing_ablation_full_bibkj0rz/data/PhysioNet2022/training_data/84866_AV.wav,1.0,0.04624825
/tmp/unfreezing_ablation_full_bibkj0rz/data/PhysioNet2022/training_data/84866_MV.wav,1.0,0.0022922067
/tmp/unfreezing_ablation_full_bibkj0rz/data/PhysioNet2022/training_data/84866_PV.wav,1.0,0.032357536
/tmp/unfreezing_ablation_full_bibkj0rz/data/PhysioNet2022/training_data/84866_TV.wav,1.0,0.023039976
/tmp/unfreezing_ablation_full_bibkj0rz/data/PhysioNet2022/training_data/84874_AV.wav,1.0,0.039879076
/tmp/unfreezing_ablation_full_bibkj0rz/data/PhysioNet2022/training_data/84874_MV.wav,1.0,0.013635803
/tmp/unfreezing_ablation_full_bibkj0rz/data/PhysioNet2022/training_data/84874_PV.wav,1.0,0.052267175
/tmp/unfreezing_ablation_full_bibkj0rz/data/PhysioNet2022/training_data/84874_TV.wav,1.0,0.04347
/tmp/unfreezing_ablation_full_bibkj0rz/data/PhysioNet2022/training_data/84875_PV.wav,1.0,0.016052984
/tmp/unfreezing_ablation_full_bibkj0rz/data/PhysioNet2022/training_data/84875_TV.wav,1.0,0.12663038
/tmp/unfreezing_ablation_full_bibkj0rz/data/PhysioNet2022/training_data/84878_AV.wav,1.0,0.045299966
/tmp/unfreezing_ablation_full_bibkj0rz/data/PhysioNet2022/training_data/84878_MV.wav,1.0,0.0078034527
/tmp/unfreezing_ablation_full_bibkj0rz/data/PhysioNet2022/training_data/84878_PV.wav,1.0,0.13438654
/tmp/unfreezing_ablation_full_bibkj0rz/data/PhysioNet2022/training_data/84878_TV.wav,1.0,0.023266071
/tmp/unfreezing_ablation_full_bibkj0rz/data/PhysioNet2022/training_data/84886_PV.wav,1.0,0.8266353
/tmp/unfreezing_ablation_full_bibkj0rz/data/PhysioNet2022/training_data/84900_AV.wav,1.0,0.009286061
/tmp/unfreezing_ablation_full_bibkj0rz/data/PhysioNet2022/training_data/84900_MV.wav,1.0,0.008787648
/tmp/unfreezing_ablation_full_bibkj0rz/data/PhysioNet2022/training_data/84912_AV.wav,1.0,0.0072594574
/tmp/unfreezing_ablation_full_bibkj0rz/data/PhysioNet2022/training_data/84912_MV.wav,1.0,0.018991282
/tmp/unfreezing_ablation_full_bibkj0rz/data/PhysioNet2022/training_data/84912_PV.wav,1.0,0.052035928
/tmp/unfreezing_ablation_full_bibkj0rz/data/PhysioNet2022/training_data/84912_TV.wav,1.0,0.027798438
/tmp/unfreezing_ablation_full_bibkj0rz/data/PhysioNet2022/training_data/84920_AV.wav,1.0,0.04399473
/tmp/unfreezing_ablation_full_bibkj0rz/data/PhysioNet2022/training_data/84920_MV.wav,1.0,0.0151736
/tmp/unfreezing_ablation_full_bibkj0rz/data/PhysioNet2022/training_data/84920_PV.wav,1.0,0.07834128
/tmp/unfreezing_ablation_full_bibkj0rz/data/PhysioNet2022/training_data/84920_TV.wav,1.0,0.03708422
/tmp/unfreezing_ablation_full_bibkj0rz/data/PhysioNet2022/training_data/84928_AV.wav,1.0,0.17364842
/tmp/unfreezing_ablation_full_bibkj0rz/data/PhysioNet2022/training_data/84928_MV.wav,1.0,0.33983406
/tmp/unfreezing_ablation_full_bibkj0rz/data/PhysioNet2022/training_data/84928_PV.wav,1.0,0.06092567
/tmp/unfreezing_ablation_full_bibkj0rz/data/PhysioNet2022/training_data/84928_TV.wav,1.0,0.0618606
/tmp/unfreezing_ablation_full_bibkj0rz/data/PhysioNet2022/training_data/84950_AV.wav,1.0,0.019617327
/tmp/unfreezing_ablation_full_bibkj0rz/data/PhysioNet2022/training_data/84950_PV.wav,1.0,0.03822472
/tmp/unfreezing_ablation_full_bibkj0rz/data/PhysioNet2022/training_data/84950_TV.wav,1.0,0.011473236
/tmp/unfreezing_ablation_full_bibkj0rz/data/PhysioNet2022/training_data/84952_AV.wav,1.0,0.017201746
/tmp/unfreezing_ablation_full_bibkj0rz/data/PhysioNet2022/training_data/84952_PV.wav,1.0,0.039457235
/tmp/unfreezing_ablation_full_bibkj0rz/data/PhysioNet2022/training_data/84952_TV.wav,1.0,0.079158485
/tmp/unfreezing_ablation_full_bibkj0rz/data/PhysioNet2022/training_data/84957_AV.wav,1.0,0.953794
/tmp/unfreezing_ablation_full_bibkj0rz/data/PhysioNet2022/training_data/84957_MV.wav,1.0,0.050502315
/tmp/unfreezing_ablation_full_bibkj0rz/data/PhysioNet2022/training_data/84957_PV.wav,1.0,0.013746761
/tmp/unfreezing_ablation_full_bibkj0rz/data/PhysioNet2022/training_data/84957_TV.wav,1.0,0.05644452
/tmp/unfreezing_ablation_full_bibkj0rz/data/PhysioNet2022/training_data/84960_AV.wav,1.0,0.027102508
/tmp/unfreezing_ablation_full_bibkj0rz/data/PhysioNet2022/training_data/84960_MV.wav,1.0,0.0052207
/tmp/unfreezing_ablation_full_bibkj0rz/data/PhysioNet2022/training_data/84960_PV.wav,1.0,0.018863324
/tmp/unfreezing_ablation_full_bibkj0rz/data/PhysioNet2022/training_data/84960_TV.wav,1.0,0.14957435
/tmp/unfreezing_ablation_full_bibkj0rz/data/PhysioNet2022/training_data/84961_AV.wav,1.0,0.08352339
/tmp/unfreezing_ablation_full_bibkj0rz/data/PhysioNet2022/training_data/84961_MV.wav,1.0,0.20542727
/tmp/unfreezing_ablation_full_bibkj0rz/data/PhysioNet2022/training_data/84961_PV.wav,1.0,0.018483398
/tmp/unfreezing_ablation_full_bibkj0rz/data/PhysioNet2022/training_data/84961_TV.wav,1.0,0.018789046
/tmp/unfreezing_ablation_full_bibkj0rz/data/PhysioNet2022/training_data/84965_AV.wav,1.0,0.039587766
/tmp/unfreezing_ablation_full_bibkj0rz/data/PhysioNet2022/training_data/84965_MV.wav,1.0,0.043481957
/tmp/unfreezing_ablation_full_bibkj0rz/data/PhysioNet2022/training_data/84965_PV.wav,1.0,0.059572477
/tmp/unfreezing_ablation_full_bibkj0rz/data/PhysioNet2022/training_data/84965_TV.wav,1.0,0.016523674
/tmp/unfreezing_ablation_full_bibkj0rz/data/PhysioNet2022/training_data/84974_AV.wav,1.0,0.011501458
/tmp/unfreezing_ablation_full_bibkj0rz/data/PhysioNet2022/training_data/84974_MV.wav,1.0,0.019609043
/tmp/unfreezing_ablation_full_bibkj0rz/data/PhysioNet2022/training_data/84974_PV.wav,1.0,0.07960018
/tmp/unfreezing_ablation_full_bibkj0rz/data/PhysioNet2022/training_data/84974_TV.wav,1.0,0.07558471
/tmp/unfreezing_ablation_full_bibkj0rz/data/PhysioNet2022/training_data/84986_AV.wav,1.0,0.020130757
/tmp/unfreezing_ablation_full_bibkj0rz/data/PhysioNet2022/training_data/84986_MV.wav,1.0,0.013109872
/tmp/unfreezing_ablation_full_bibkj0rz/data/PhysioNet2022/training_data/84986_PV.wav,1.0,0.09996397
/tmp/unfreezing_ablation_full_bibkj0rz/data/PhysioNet2022/training_data/84986_TV.wav,1.0,0.038487546
/tmp/unfreezing_ablation_full_bibkj0rz/data/PhysioNet2022/training_data/84987_AV.wav,1.0,0.048603635
/tmp/unfreezing_ablation_full_bibkj0rz/data/PhysioNet2022/training_data/84987_MV.wav,1.0,0.923643
/tmp/unfreezing_ablation_full_bibkj0rz/data/PhysioNet2022/training_data/84987_PV.wav,1.0,0.12701494
/tmp/unfreezing_ablation_full_bibkj0rz/data/PhysioNet2022/training_data/84987_TV.wav,1.0,0.017826451
/tmp/unfreezing_ablation_full_bibkj0rz/data/PhysioNet2022/training_data/84993_AV.wav,1.0,0.009613642
/tmp/unfreezing_ablation_full_bibkj0rz/data/PhysioNet2022/training_data/84993_MV.wav,1.0,0.008154748
/tmp/unfreezing_ablation_full_bibkj0rz/data/PhysioNet2022/training_data/84993_PV.wav,1.0,0.0069256625
/tmp/unfreezing_ablation_full_bibkj0rz/data/PhysioNet2022/training_data/84993_TV.wav,1.0,0.01631999
/tmp/unfreezing_ablation_full_bibkj0rz/data/PhysioNet2022/training_data/85000_AV.wav,1.0,0.9381908
/tmp/unfreezing_ablation_full_bibkj0rz/data/PhysioNet2022/training_data/85000_MV.wav,1.0,0.49420872
/tmp/unfreezing_ablation_full_bibkj0rz/data/PhysioNet2022/training_data/85000_PV.wav,1.0,0.6744849
/tmp/unfreezing_ablation_full_bibkj0rz/data/PhysioNet2022/training_data/85000_TV.wav,1.0,0.042167928
/tmp/unfreezing_ablation_full_bibkj0rz/data/PhysioNet2022/training_data/85011_AV.wav,1.0,0.010154975
/tmp/unfreezing_ablation_full_bibkj0rz/data/PhysioNet2022/training_data/85011_MV.wav,1.0,0.0638561
/tmp/unfreezing_ablation_full_bibkj0rz/data/PhysioNet2022/training_data/85018_AV.wav,1.0,0.045348853
/tmp/unfreezing_ablation_full_bibkj0rz/data/PhysioNet2022/training_data/85018_MV.wav,1.0,0.014072483
/tmp/unfreezing_ablation_full_bibkj0rz/data/PhysioNet2022/training_data/85023_AV.wav,1.0,0.09158916
/tmp/unfreezing_ablation_full_bibkj0rz/data/PhysioNet2022/training_data/85023_MV.wav,1.0,0.004937828
/tmp/unfreezing_ablation_full_bibkj0rz/data/PhysioNet2022/training_data/85023_PV.wav,1.0,0.058203913
/tmp/unfreezing_ablation_full_bibkj0rz/data/PhysioNet2022/training_data/85023_TV.wav,1.0,0.01306798
/tmp/unfreezing_ablation_full_bibkj0rz/data/PhysioNet2022/training_data/85026_AV.wav,1.0,0.033507895
/tmp/unfreezing_ablation_full_bibkj0rz/data/PhysioNet2022/training_data/85026_MV.wav,1.0,0.3147485
/tmp/unfreezing_ablation_full_bibkj0rz/data/PhysioNet2022/training_data/85027_AV.wav,1.0,0.025279393
/tmp/unfreezing_ablation_full_bibkj0rz/data/PhysioNet2022/training_data/85027_MV.wav,1.0,0.0061276928
/tmp/unfreezing_ablation_full_bibkj0rz/data/PhysioNet2022/training_data/85027_PV.wav,1.0,0.24078399
/tmp/unfreezing_ablation_full_bibkj0rz/data/PhysioNet2022/training_data/85027_TV.wav,1.0,0.0058228713
/tmp/unfreezing_ablation_full_bibkj0rz/data/PhysioNet2022/training_data/85028_AV.wav,1.0,0.14387862
/tmp/unfreezing_ablation_full_bibkj0rz/data/PhysioNet2022/training_data/85028_MV.wav,1.0,0.8728559
/tmp/unfreezing_ablation_full_bibkj0rz/data/PhysioNet2022/training_data/85028_PV.wav,1.0,0.018977199
/tmp/unfreezing_ablation_full_bibkj0rz/data/PhysioNet2022/training_data/85028_TV.wav,1.0,0.02854672
/tmp/unfreezing_ablation_full_bibkj0rz/data/PhysioNet2022/training_data/85029_AV.wav,1.0,0.061588746
/tmp/unfreezing_ablation_full_bibkj0rz/data/PhysioNet2022/training_data/85029_MV.wav,1.0,0.062002376
/tmp/unfreezing_ablation_full_bibkj0rz/data/PhysioNet2022/training_data/85029_PV.wav,1.0,0.301593
/tmp/unfreezing_ablation_full_bibkj0rz/data/PhysioNet2022/training_data/85029_TV.wav,1.0,0.012698246
/tmp/unfreezing_ablation_full_bibkj0rz/data/PhysioNet2022/training_data/85030_AV.wav,1.0,0.080173045
/tmp/unfreezing_ablation_full_bibkj0rz/data/PhysioNet2022/training_data/85030_MV.wav,1.0,0.07947562
/tmp/unfreezing_ablation_full_bibkj0rz/data/PhysioNet2022/training_data/85030_PV.wav,1.0,0.043589525
/tmp/unfreezing_ablation_full_bibkj0rz/data/PhysioNet2022/training_data/85030_TV.wav,1.0,0.28813192
/tmp/unfreezing_ablation_full_bibkj0rz/data/PhysioNet2022/training_data/85031_AV.wav,1.0,0.010577917
/tmp/unfreezing_ablation_full_bibkj0rz/data/PhysioNet2022/training_data/85031_MV.wav,1.0,0.0358283
/tmp/unfreezing_ablation_full_bibkj0rz/data/PhysioNet2022/training_data/85031_PV.wav,1.0,0.09388259
/tmp/unfreezing_ablation_full_bibkj0rz/data/PhysioNet2022/training_data/85031_TV.wav,1.0,0.04246781
/tmp/unfreezing_ablation_full_bibkj0rz/data/PhysioNet2022/training_data/85036_AV.wav,1.0,0.19856483
/tmp/unfreezing_ablation_full_bibkj0rz/data/PhysioNet2022/training_data/85036_MV.wav,1.0,0.13314342
/tmp/unfreezing_ablation_full_bibkj0rz/data/PhysioNet2022/training_data/85036_PV.wav,1.0,0.019560577
/tmp/unfreezing_ablation_full_bibkj0rz/data/PhysioNet2022/training_data/85036_TV.wav,1.0,0.065224536
/tmp/unfreezing_ablation_full_bibkj0rz/data/PhysioNet2022/training_data/85037_AV.wav,1.0,0.039674297
/tmp/unfreezing_ablation_full_bibkj0rz/data/PhysioNet2022/training_data/85037_MV.wav,1.0,0.07466192
/tmp/unfreezing_ablation_full_bibkj0rz/data/PhysioNet2022/training_data/85037_PV.wav,1.0,0.0658301
/tmp/unfreezing_ablation_full_bibkj0rz/data/PhysioNet2022/training_data/85037_TV.wav,1.0,0.051499285
/tmp/unfreezing_ablation_full_bibkj0rz/data/PhysioNet2022/training_data/85038_AV.wav,1.0,0.03328199
/tmp/unfreezing_ablation_full_bibkj0rz/data/PhysioNet2022/training_data/85038_MV.wav,1.0,0.41012833
/tmp/unfreezing_ablation_full_bibkj0rz/data/PhysioNet2022/training_data/85038_PV.wav,1.0,0.7485902
/tmp/unfreezing_ablation_full_bibkj0rz/data/PhysioNet2022/training_data/85038_TV.wav,1.0,0.042343855
/tmp/unfreezing_ablation_full_bibkj0rz/data/PhysioNet2022/training_data/85055_AV.wav,1.0,0.053372283
/tmp/unfreezing_ablation_full_bibkj0rz/data/PhysioNet2022/training_data/85055_PV.wav,1.0,0.014513901
/tmp/unfreezing_ablation_full_bibkj0rz/data/PhysioNet2022/training_data/85055_TV.wav,1.0,0.032508954
/tmp/unfreezing_ablation_full_bibkj0rz/data/PhysioNet2022/training_data/85064_AV.wav,1.0,0.012085392
/tmp/unfreezing_ablation_full_bibkj0rz/data/PhysioNet2022/training_data/85064_MV.wav,1.0,0.0051049963
/tmp/unfreezing_ablation_full_bibkj0rz/data/PhysioNet2022/training_data/85064_PV.wav,1.0,0.9604471
/tmp/unfreezing_ablation_full_bibkj0rz/data/PhysioNet2022/training_data/85064_TV.wav,1.0,0.024882874
/tmp/unfreezing_ablation_full_bibkj0rz/data/PhysioNet2022/training_data/85079_AV.wav,1.0,0.9874703
/tmp/unfreezing_ablation_full_bibkj0rz/data/PhysioNet2022/training_data/85079_MV.wav,1.0,0.021050662
/tmp/unfreezing_ablation_full_bibkj0rz/data/PhysioNet2022/training_data/85079_PV.wav,1.0,0.095858164
/tmp/unfreezing_ablation_full_bibkj0rz/data/PhysioNet2022/training_data/85079_TV.wav,1.0,0.018814985
/tmp/unfreezing_ablation_full_bibkj0rz/data/PhysioNet2022/training_data/85080_AV.wav,1.0,0.019647889
/tmp/unfreezing_ablation_full_bibkj0rz/data/PhysioNet2022/training_data/85080_MV.wav,1.0,0.0031092449
/tmp/unfreezing_ablation_full_bibkj0rz/data/PhysioNet2022/training_data/85080_PV.wav,1.0,0.071166225
/tmp/unfreezing_ablation_full_bibkj0rz/data/PhysioNet2022/training_data/85080_TV.wav,1.0,0.04044612
/tmp/unfreezing_ablation_full_bibkj0rz/data/PhysioNet2022/training_data/85086_AV.wav,1.0,0.065376334
/tmp/unfreezing_ablation_full_bibkj0rz/data/PhysioNet2022/training_data/85086_MV.wav,1.0,0.04659767
/tmp/unfreezing_ablation_full_bibkj0rz/data/PhysioNet2022/training_data/85086_PV.wav,1.0,0.036203176
/tmp/unfreezing_ablation_full_bibkj0rz/data/PhysioNet2022/training_data/85086_TV.wav,1.0,0.24476741
/tmp/unfreezing_ablation_full_bibkj0rz/data/PhysioNet2022/training_data/85087_AV.wav,1.0,0.051286884
/tmp/unfreezing_ablation_full_bibkj0rz/data/PhysioNet2022/training_data/85087_MV.wav,1.0,0.64514977
/tmp/unfreezing_ablation_full_bibkj0rz/data/PhysioNet2022/training_data/85087_PV.wav,1.0,0.30247426
/tmp/unfreezing_ablation_full_bibkj0rz/data/PhysioNet2022/training_data/85087_TV.wav,1.0,0.9656006
/tmp/unfreezing_ablation_full_bibkj0rz/data/PhysioNet2022/training_data/85090_MV.wav,1.0,0.97494704
/tmp/unfreezing_ablation_full_bibkj0rz/data/PhysioNet2022/training_data/85090_PV.wav,1.0,0.029351365
/tmp/unfreezing_ablation_full_bibkj0rz/data/PhysioNet2022/training_data/85090_TV.wav,1.0,0.060294252
/tmp/unfreezing_ablation_full_bibkj0rz/data/PhysioNet2022/training_data/85091_AV.wav,1.0,0.011165604
/tmp/unfreezing_ablation_full_bibkj0rz/data/PhysioNet2022/training_data/85091_MV.wav,1.0,0.33001208
/tmp/unfreezing_ablation_full_bibkj0rz/data/PhysioNet2022/training_data/85093_AV.wav,1.0,0.014505589
/tmp/unfreezing_ablation_full_bibkj0rz/data/PhysioNet2022/training_data/85093_MV.wav,1.0,0.03193
/tmp/unfreezing_ablation_full_bibkj0rz/data/PhysioNet2022/training_data/85093_PV.wav,1.0,0.06489221
/tmp/unfreezing_ablation_full_bibkj0rz/data/PhysioNet2022/training_data/85093_TV.wav,1.0,0.1561389
/tmp/unfreezing_ablation_full_bibkj0rz/data/PhysioNet2022/training_data/85112_AV.wav,1.0,0.027065799
/tmp/unfreezing_ablation_full_bibkj0rz/data/PhysioNet2022/training_data/85112_MV.wav,1.0,0.008899267
/tmp/unfreezing_ablation_full_bibkj0rz/data/PhysioNet2022/training_data/85112_PV.wav,1.0,0.084735736
/tmp/unfreezing_ablation_full_bibkj0rz/data/PhysioNet2022/training_data/85112_TV.wav,1.0,0.0523042
/tmp/unfreezing_ablation_full_bibkj0rz/data/PhysioNet2022/training_data/85113_AV.wav,1.0,0.9629863
/tmp/unfreezing_ablation_full_bibkj0rz/data/PhysioNet2022/training_data/85113_MV.wav,1.0,0.050155357
/tmp/unfreezing_ablation_full_bibkj0rz/data/PhysioNet2022/training_data/85113_PV.wav,1.0,0.04062346
/tmp/unfreezing_ablation_full_bibkj0rz/data/PhysioNet2022/training_data/85113_TV.wav,1.0,0.41851944
/tmp/unfreezing_ablation_full_bibkj0rz/data/PhysioNet2022/training_data/85116_AV.wav,1.0,0.020500533
/tmp/unfreezing_ablation_full_bibkj0rz/data/PhysioNet2022/training_data/85116_MV.wav,1.0,0.06291603
/tmp/unfreezing_ablation_full_bibkj0rz/data/PhysioNet2022/training_data/85116_PV.wav,1.0,0.08863445
/tmp/unfreezing_ablation_full_bibkj0rz/data/PhysioNet2022/training_data/85116_TV.wav,1.0,0.98717505
/tmp/unfreezing_ablation_full_bibkj0rz/data/PhysioNet2022/training_data/85122_AV.wav,1.0,0.35796642
/tmp/unfreezing_ablation_full_bibkj0rz/data/PhysioNet2022/training_data/85122_MV.wav,1.0,0.07754549
/tmp/unfreezing_ablation_full_bibkj0rz/data/PhysioNet2022/training_data/85122_PV.wav,1.0,0.018972035
/tmp/unfreezing_ablation_full_bibkj0rz/data/PhysioNet2022/training_data/85122_TV.wav,1.0,0.04093624
/tmp/unfreezing_ablation_full_bibkj0rz/data/PhysioNet2022/training_data/85127_AV.wav,1.0,0.22669078
/tmp/unfreezing_ablation_full_bibkj0rz/data/PhysioNet2022/training_data/85127_MV.wav,1.0,0.27059892
/tmp/unfreezing_ablation_full_bibkj0rz/data/PhysioNet2022/training_data/85127_PV.wav,1.0,0.06126011
/tmp/unfreezing_ablation_full_bibkj0rz/data/PhysioNet2022/training_data/85127_TV.wav,1.0,0.034445044
/tmp/unfreezing_ablation_full_bibkj0rz/data/PhysioNet2022/training_data/85132_AV.wav,1.0,0.005258188
/tmp/unfreezing_ablation_full_bibkj0rz/data/PhysioNet2022/training_data/85132_MV.wav,1.0,0.052428417
/tmp/unfreezing_ablation_full_bibkj0rz/data/PhysioNet2022/training_data/85132_PV.wav,1.0,0.039148603
/tmp/unfreezing_ablation_full_bibkj0rz/data/PhysioNet2022/training_data/85132_TV.wav,1.0,0.027377144
/tmp/unfreezing_ablation_full_bibkj0rz/data/PhysioNet2022/training_data/85147_AV.wav,1.0,0.032170944
/tmp/unfreezing_ablation_full_bibkj0rz/data/PhysioNet2022/training_data/85147_MV.wav,1.0,0.32019785
/tmp/unfreezing_ablation_full_bibkj0rz/data/PhysioNet2022/training_data/85147_PV.wav,1.0,0.050534774
/tmp/unfreezing_ablation_full_bibkj0rz/data/PhysioNet2022/training_data/85147_TV.wav,1.0,0.007963966
/tmp/unfreezing_ablation_full_bibkj0rz/data/PhysioNet2022/training_data/85153_AV.wav,1.0,0.9907755
/tmp/unfreezing_ablation_full_bibkj0rz/data/PhysioNet2022/training_data/85153_PV.wav,1.0,0.02517959
/tmp/unfreezing_ablation_full_bibkj0rz/data/PhysioNet2022/training_data/85154_AV.wav,1.0,0.024094293
/tmp/unfreezing_ablation_full_bibkj0rz/data/PhysioNet2022/training_data/85154_MV.wav,1.0,0.019581135
/tmp/unfreezing_ablation_full_bibkj0rz/data/PhysioNet2022/training_data/85154_PV.wav,1.0,0.07723304
/tmp/unfreezing_ablation_full_bibkj0rz/data/PhysioNet2022/training_data/85154_TV.wav,1.0,0.058753982
/tmp/unfreezing_ablation_full_bibkj0rz/data/PhysioNet2022/training_data/85159_AV.wav,1.0,0.04358598
/tmp/unfreezing_ablation_full_bibkj0rz/data/PhysioNet2022/training_data/85159_MV.wav,1.0,0.11173522
/tmp/unfreezing_ablation_full_bibkj0rz/data/PhysioNet2022/training_data/85161_AV.wav,1.0,0.013728839
/tmp/unfreezing_ablation_full_bibkj0rz/data/PhysioNet2022/training_data/85161_MV.wav,1.0,0.017864209
/tmp/unfreezing_ablation_full_bibkj0rz/data/PhysioNet2022/training_data/85161_PV.wav,1.0,0.061267007
/tmp/unfreezing_ablation_full_bibkj0rz/data/PhysioNet2022/training_data/85161_TV.wav,1.0,0.045972887
/tmp/unfreezing_ablation_full_bibkj0rz/data/PhysioNet2022/training_data/85165_AV.wav,1.0,0.03942817
/tmp/unfreezing_ablation_full_bibkj0rz/data/PhysioNet2022/training_data/85165_MV.wav,1.0,0.043109007
/tmp/unfreezing_ablation_full_bibkj0rz/data/PhysioNet2022/training_data/85172_AV.wav,1.0,0.073148035
/tmp/unfreezing_ablation_full_bibkj0rz/data/PhysioNet2022/training_data/85172_MV.wav,1.0,0.015693916
/tmp/unfreezing_ablation_full_bibkj0rz/data/PhysioNet2022/training_data/85172_PV.wav,1.0,0.02611454
/tmp/unfreezing_ablation_full_bibkj0rz/data/PhysioNet2022/training_data/85172_TV.wav,1.0,0.031063654
/tmp/unfreezing_ablation_full_bibkj0rz/data/PhysioNet2022/training_data/85198_AV.wav,1.0,0.049149226
/tmp/unfreezing_ablation_full_bibkj0rz/data/PhysioNet2022/training_data/85198_MV.wav,1.0,0.041696977
/tmp/unfreezing_ablation_full_bibkj0rz/data/PhysioNet2022/training_data/85198_PV.wav,1.0,0.045684054
/tmp/unfreezing_ablation_full_bibkj0rz/data/PhysioNet2022/training_data/85198_TV.wav,1.0,0.11945443
/tmp/unfreezing_ablation_full_bibkj0rz/data/PhysioNet2022/training_data/85203_AV.wav,1.0,0.005096734
/tmp/unfreezing_ablation_full_bibkj0rz/data/PhysioNet2022/training_data/85203_MV.wav,1.0,0.030736538
/tmp/unfreezing_ablation_full_bibkj0rz/data/PhysioNet2022/training_data/85210_AV.wav,1.0,0.063461654
/tmp/unfreezing_ablation_full_bibkj0rz/data/PhysioNet2022/training_data/85210_MV.wav,1.0,0.05568827
/tmp/unfreezing_ablation_full_bibkj0rz/data/PhysioNet2022/training_data/85210_PV.wav,1.0,0.055923797
/tmp/unfreezing_ablation_full_bibkj0rz/data/PhysioNet2022/training_data/85210_TV.wav,1.0,0.021907665
/tmp/unfreezing_ablation_full_bibkj0rz/data/PhysioNet2022/training_data/85217_AV.wav,1.0,0.04019161
/tmp/unfreezing_ablation_full_bibkj0rz/data/PhysioNet2022/training_data/85217_MV.wav,1.0,0.010937699
/tmp/unfreezing_ablation_full_bibkj0rz/data/PhysioNet2022/training_data/85217_PV.wav,1.0,0.044589583
/tmp/unfreezing_ablation_full_bibkj0rz/data/PhysioNet2022/training_data/85217_TV.wav,1.0,0.104912415
/tmp/unfreezing_ablation_full_bibkj0rz/data/PhysioNet2022/training_data/85219_AV.wav,1.0,0.067689076
/tmp/unfreezing_ablation_full_bibkj0rz/data/PhysioNet2022/training_data/85219_MV.wav,1.0,0.010883217
/tmp/unfreezing_ablation_full_bibkj0rz/data/PhysioNet2022/training_data/85219_PV.wav,1.0,0.24132568
/tmp/unfreezing_ablation_full_bibkj0rz/data/PhysioNet2022/training_data/85219_TV.wav,1.0,0.01995808
/tmp/unfreezing_ablation_full_bibkj0rz/data/PhysioNet2022/training_data/85227_AV.wav,1.0,0.03154817
/tmp/unfreezing_ablation_full_bibkj0rz/data/PhysioNet2022/training_data/85227_MV.wav,1.0,0.032068744
/tmp/unfreezing_ablation_full_bibkj0rz/data/PhysioNet2022/training_data/85227_PV.wav,1.0,0.0061409087
/tmp/unfreezing_ablation_full_bibkj0rz/data/PhysioNet2022/training_data/85227_TV.wav,1.0,0.03242769
/tmp/unfreezing_ablation_full_bibkj0rz/data/PhysioNet2022/training_data/85240_AV.wav,1.0,0.0826915
/tmp/unfreezing_ablation_full_bibkj0rz/data/PhysioNet2022/training_data/85240_PV.wav,1.0,0.0518446
/tmp/unfreezing_ablation_full_bibkj0rz/data/PhysioNet2022/training_data/85240_TV.wav,1.0,0.009425349
/tmp/unfreezing_ablation_full_bibkj0rz/data/PhysioNet2022/training_data/85250_AV.wav,1.0,0.024721304
/tmp/unfreezing_ablation_full_bibkj0rz/data/PhysioNet2022/training_data/85250_MV.wav,1.0,0.05949042
/tmp/unfreezing_ablation_full_bibkj0rz/data/PhysioNet2022/training_data/85250_PV.wav,1.0,0.3036984
/tmp/unfreezing_ablation_full_bibkj0rz/data/PhysioNet2022/training_data/85250_TV.wav,1.0,0.6248237
/tmp/unfreezing_ablation_full_bibkj0rz/data/PhysioNet2022/training_data/85259_AV.wav,1.0,0.0419856
/tmp/unfreezing_ablation_full_bibkj0rz/data/PhysioNet2022/training_data/85259_MV.wav,1.0,0.98658377
/tmp/unfreezing_ablation_full_bibkj0rz/data/PhysioNet2022/training_data/85264_MV.wav,1.0,0.19208136
/tmp/unfreezing_ablation_full_bibkj0rz/data/PhysioNet2022/training_data/85269_AV.wav,1.0,0.01699807
/tmp/unfreezing_ablation_full_bibkj0rz/data/PhysioNet2022/training_data/85269_PV.wav,1.0,0.035684153
/tmp/unfreezing_ablation_full_bibkj0rz/data/PhysioNet2022/training_data/85278_AV.wav,1.0,0.08848281
/tmp/unfreezing_ablation_full_bibkj0rz/data/PhysioNet2022/training_data/85278_MV.wav,1.0,0.059521258
/tmp/unfreezing_ablation_full_bibkj0rz/data/PhysioNet2022/training_data/85278_PV.wav,1.0,0.056926858
/tmp/unfreezing_ablation_full_bibkj0rz/data/PhysioNet2022/training_data/85278_TV.wav,1.0,0.025306877
/tmp/unfreezing_ablation_full_bibkj0rz/data/PhysioNet2022/training_data/85294_AV.wav,1.0,0.09856683
/tmp/unfreezing_ablation_full_bibkj0rz/data/PhysioNet2022/training_data/85294_MV.wav,1.0,0.0061357627
/tmp/unfreezing_ablation_full_bibkj0rz/data/PhysioNet2022/training_data/85296_AV.wav,1.0,0.06606104
/tmp/unfreezing_ablation_full_bibkj0rz/data/PhysioNet2022/training_data/85296_MV.wav,1.0,0.079540655
/tmp/unfreezing_ablation_full_bibkj0rz/data/PhysioNet2022/training_data/85296_PV.wav,1.0,0.061684396
/tmp/unfreezing_ablation_full_bibkj0rz/data/PhysioNet2022/training_data/85296_TV.wav,1.0,0.08736168
/tmp/unfreezing_ablation_full_bibkj0rz/data/PhysioNet2022/training_data/85299_AV.wav,1.0,0.24806419
/tmp/unfreezing_ablation_full_bibkj0rz/data/PhysioNet2022/training_data/85299_MV.wav,1.0,0.02607339
/tmp/unfreezing_ablation_full_bibkj0rz/data/PhysioNet2022/training_data/85299_PV.wav,1.0,0.029655386
/tmp/unfreezing_ablation_full_bibkj0rz/data/PhysioNet2022/training_data/85299_TV.wav,1.0,0.036999084
/tmp/unfreezing_ablation_full_bibkj0rz/data/PhysioNet2022/training_data/85300_AV.wav,1.0,0.3672799
/tmp/unfreezing_ablation_full_bibkj0rz/data/PhysioNet2022/training_data/85300_MV.wav,1.0,0.036217067
/tmp/unfreezing_ablation_full_bibkj0rz/data/PhysioNet2022/training_data/85301_AV.wav,1.0,0.11583741
/tmp/unfreezing_ablation_full_bibkj0rz/data/PhysioNet2022/training_data/85301_MV.wav,1.0,0.05420922
/tmp/unfreezing_ablation_full_bibkj0rz/data/PhysioNet2022/training_data/85301_PV.wav,1.0,0.06259556
/tmp/unfreezing_ablation_full_bibkj0rz/data/PhysioNet2022/training_data/85301_TV.wav,1.0,0.058592077
/tmp/unfreezing_ablation_full_bibkj0rz/data/PhysioNet2022/training_data/85305_AV.wav,1.0,0.04426401
/tmp/unfreezing_ablation_full_bibkj0rz/data/PhysioNet2022/training_data/85305_MV.wav,1.0,0.03597812
/tmp/unfreezing_ablation_full_bibkj0rz/data/PhysioNet2022/training_data/85305_PV.wav,1.0,0.017946484
/tmp/unfreezing_ablation_full_bibkj0rz/data/PhysioNet2022/training_data/85305_TV.wav,1.0,0.011209884
/tmp/unfreezing_ablation_full_bibkj0rz/data/PhysioNet2022/training_data/85306_AV.wav,1.0,0.04738878
/tmp/unfreezing_ablation_full_bibkj0rz/data/PhysioNet2022/training_data/85306_MV.wav,1.0,0.003917947
/tmp/unfreezing_ablation_full_bibkj0rz/data/PhysioNet2022/training_data/85308_AV.wav,1.0,0.06583332
/tmp/unfreezing_ablation_full_bibkj0rz/data/PhysioNet2022/training_data/85308_MV.wav,1.0,0.9861292
/tmp/unfreezing_ablation_full_bibkj0rz/data/PhysioNet2022/training_data/85308_PV.wav,1.0,0.018685019
/tmp/unfreezing_ablation_full_bibkj0rz/data/PhysioNet2022/training_data/85308_TV.wav,1.0,0.036233585
/tmp/unfreezing_ablation_full_bibkj0rz/data/PhysioNet2022/training_data/85316_AV.wav,1.0,0.0223502
/tmp/unfreezing_ablation_full_bibkj0rz/data/PhysioNet2022/training_data/85316_MV.wav,1.0,0.039963804
/tmp/unfreezing_ablation_full_bibkj0rz/data/PhysioNet2022/training_data/85316_PV.wav,1.0,0.04049569
/tmp/unfreezing_ablation_full_bibkj0rz/data/PhysioNet2022/training_data/85316_TV.wav,1.0,0.059563536
/tmp/unfreezing_ablation_full_bibkj0rz/data/PhysioNet2022/training_data/85322_TV.wav,1.0,0.05610314
/tmp/unfreezing_ablation_full_bibkj0rz/data/PhysioNet2022/training_data/85327_AV.wav,1.0,0.035298813
/tmp/unfreezing_ablation_full_bibkj0rz/data/PhysioNet2022/training_data/85327_MV.wav,1.0,0.06740877
/tmp/unfreezing_ablation_full_bibkj0rz/data/PhysioNet2022/training_data/85327_PV.wav,1.0,0.09260105
/tmp/unfreezing_ablation_full_bibkj0rz/data/PhysioNet2022/training_data/85327_TV.wav,1.0,0.009583963
/tmp/unfreezing_ablation_full_bibkj0rz/data/PhysioNet2022/training_data/85328_AV.wav,1.0,0.0031056495
/tmp/unfreezing_ablation_full_bibkj0rz/data/PhysioNet2022/training_data/85328_MV.wav,1.0,0.9827968
/tmp/unfreezing_ablation_full_bibkj0rz/data/PhysioNet2022/training_data/85328_PV.wav,1.0,0.018816775
/tmp/unfreezing_ablation_full_bibkj0rz/data/PhysioNet2022/training_data/85328_TV.wav,1.0,0.04580541
/tmp/unfreezing_ablation_full_bibkj0rz/data/PhysioNet2022/training_data/85329_AV.wav,1.0,0.04478094
/tmp/unfreezing_ablation_full_bibkj0rz/data/PhysioNet2022/training_data/85329_MV.wav,1.0,0.19604617
/tmp/unfreezing_ablation_full_bibkj0rz/data/PhysioNet2022/training_data/85329_PV.wav,1.0,0.046876725
/tmp/unfreezing_ablation_full_bibkj0rz/data/PhysioNet2022/training_data/85329_TV.wav,1.0,0.078453854
/tmp/unfreezing_ablation_full_bibkj0rz/data/PhysioNet2022/training_data/85332_AV.wav,1.0,0.30991006
/tmp/unfreezing_ablation_full_bibkj0rz/data/PhysioNet2022/training_data/85332_PV.wav,1.0,0.029191863
/tmp/unfreezing_ablation_full_bibkj0rz/data/PhysioNet2022/training_data/85335_AV.wav,1.0,0.046709426
/tmp/unfreezing_ablation_full_bibkj0rz/data/PhysioNet2022/training_data/85335_PV.wav,1.0,0.096386425
/tmp/unfreezing_ablation_full_bibkj0rz/data/PhysioNet2022/training_data/85335_TV.wav,1.0,0.04561949
/tmp/unfreezing_ablation_full_bibkj0rz/data/PhysioNet2022/training_data/85337_AV.wav,1.0,0.048115443
/tmp/unfreezing_ablation_full_bibkj0rz/data/PhysioNet2022/training_data/85337_MV.wav,1.0,0.4878829
/tmp/unfreezing_ablation_full_bibkj0rz/data/PhysioNet2022/training_data/85337_PV.wav,1.0,0.12867002
/tmp/unfreezing_ablation_full_bibkj0rz/data/PhysioNet2022/training_data/85337_TV.wav,1.0,0.08007153
/tmp/unfreezing_ablation_full_bibkj0rz/data/PhysioNet2022/training_data/85340_AV.wav,1.0,0.013517465
/tmp/unfreezing_ablation_full_bibkj0rz/data/PhysioNet2022/training_data/85340_MV.wav,1.0,0.003965371
/tmp/unfreezing_ablation_full_bibkj0rz/data/PhysioNet2022/training_data/85340_PV.wav,1.0,0.018224636
/tmp/unfreezing_ablation_full_bibkj0rz/data/PhysioNet2022/training_data/85340_TV.wav,1.0,0.11525942
/tmp/unfreezing_ablation_full_bibkj0rz/data/PhysioNet2022/training_data/9979_AV.wav,1.0,0.24885546
/tmp/unfreezing_ablation_full_bibkj0rz/data/PhysioNet2022/training_data/9979_MV.wav,1.0,0.1444101
/tmp/unfreezing_ablation_full_bibkj0rz/data/PhysioNet2022/training_data/9979_PV.wav,1.0,0.32817298
/tmp/unfreezing_ablation_full_bibkj0rz/data/PhysioNet2022/training_data/9979_TV.wav,1.0,0.93011886
/tmp/unfreezing_ablation_full_bibkj0rz/data/PhysioNet2022/training_data/9983_AV.wav,1.0,0.0045381817
/tmp/unfreezing_ablation_full_bibkj0rz/data/PhysioNet2022/training_data/9983_MV.wav,1.0,0.007141342
/tmp/unfreezing_ablation_full_bibkj0rz/data/PhysioNet2022/training_data/9983_PV.wav,1.0,0.16975167
/tmp/unfreezing_ablation_full_bibkj0rz/data/PhysioNet2022/training_data/9983_TV.wav,1.0,0.03999686
noise,0.0,0.04783325
noise,0.0,0.113844745
noise,0.0,0.52279454
noise,0.0,0.005519365
noise,0.0,0.24544519
noise,0.0,0.047105994
noise,0.0,0.017600035
noise,0.0,0.052761864
noise,0.0,0.013409373
noise,0.0,0.13204855
noise,0.0,0.8632034
noise,0.0,0.96040463
noise,0.0,0.028111158
noise,0.0,0.015411567
noise,0.0,0.0811711
noise,0.0,0.0440701
noise,0.0,0.39512858
noise,0.0,0.026405131
noise,0.0,0.068805814
noise,0.0,0.09787373
noise,0.0,0.01334572
noise,0.0,0.06870131
noise,0.0,0.21626545
noise,0.0,0.7018948
noise,0.0,0.041732356
noise,0.0,0.030914987
noise,0.0,0.092980586
noise,0.0,0.4877075
noise,0.0,0.039653372
noise,0.0,0.034722008
noise,0.0,0.11623302
noise,0.0,0.011880636
noise,0.0,0.004961056
noise,0.0,0.033741098
noise,0.0,0.047202222
noise,0.0,0.20413576
noise,0.0,0.018828865
noise,0.0,0.054303087
noise,0.0,0.028197242
noise,0.0,0.05061226
noise,0.0,0.015221401
noise,0.0,0.024249237
noise,0.0,0.18629816
noise,0.0,0.03655851
noise,0.0,0.069010094
noise,0.0,0.049674053
noise,0.0,0.07215647
noise,0.0,0.054329563
noise,0.0,0.11101813
noise,0.0,0.10329757
noise,0.0,0.42829105
noise,0.0,0.8812458
noise,0.0,0.22979476
noise,0.0,0.010063716
noise,0.0,0.012867763
noise,0.0,0.057988454
noise,0.0,0.014856054
noise,0.0,0.04375455
noise,0.0,0.04409662
noise,0.0,0.042496216
noise,0.0,0.01932219
noise,0.0,0.032903295
noise,0.0,0.087746486
noise,0.0,0.06439535
noise,0.0,0.05915593
noise,0.0,0.63461995
noise,0.0,0.05229672
noise,0.0,0.051221654
noise,0.0,0.029857246
noise,0.0,0.04319496
noise,0.0,0.011947328
noise,0.0,0.053695932
noise,0.0,0.01877625
noise,0.0,0.0066668205
noise,0.0,0.066400036
noise,0.0,0.3699595
noise,0.0,0.9539906
noise,0.0,0.20461568
noise,0.0,0.09721663
noise,0.0,0.03214516
noise,0.0,0.047202222
noise,0.0,0.18597215
noise,0.0,0.004735009
noise,0.0,0.35693085
noise,0.0,0.04007526
noise,0.0,0.040694483
noise,0.0,0.080029316
noise,0.0,0.0443327
noise,0.0,0.03092344
noise,0.0,0.035919406
noise,0.0,0.05161231
noise,0.0,0.07041081
noise,0.0,0.038666364
noise,0.0,0.044622775
noise,0.0,0.011098213
noise,0.0,0.18007992
noise,0.0,0.043880958
noise,0.0,0.0030715493
noise,0.0,0.026533369
noise,0.0,0.0074276584
noise,0.0,0.14161961
noise,0.0,0.13233002
noise,0.0,0.025310546
noise,0.0,0.0033573967
noise,0.0,0.032997433
noise,0.0,0.06811836
noise,0.0,0.033625387
noise,0.0,0.018540543
noise,0.0,0.022540875
noise,0.0,0.9891509
noise,0.0,0.048434287
noise,0.0,0.06816623
noise,0.0,0.006169875
noise,0.0,0.6444964
noise,0.0,0.004924022
noise,0.0,0.005789302
noise,0.0,0.9845137
noise,0.0,0.06281951
noise,0.0,0.03440057
noise,0.0,0.1392453
noise,0.0,0.93231493
noise,0.0,0.05181456
noise,0.0,0.07566894
noise,0.0,0.110961035
noise,0.0,0.049255956
noise,0.0,0.035020176
noise,0.0,0.04208049
noise,0.0,0.03590369
noise,0.0,0.054580364
noise,0.0,0.24180795
noise,0.0,0.15252991
noise,0.0,0.072137125
noise,0.0,0.112148896
noise,0.0,0.04112557
noise,0.0,0.03421978
noise,0.0,0.13272522
noise,0.0,0.10495583
noise,0.0,0.019847402
noise,0.0,0.085731834
noise,0.0,0.030086737
noise,0.0,0.06813968
noise,0.0,0.027125651
noise,0.0,0.04896101
noise,0.0,0.039786614
noise,0.0,0.34271613
noise,0.0,0.0044995113
noise,0.0,0.0231606
noise,0.0,0.013409373
noise,0.0,0.16771632
noise,0.0,0.45507962
noise,0.0,0.11220377
noise,0.0,0.006680461
noise,0.0,0.005697035
noise,0.0,0.048643474
noise,0.0,0.04868388
noise,0.0,0.17863847
noise,0.0,0.0038647032
noise,0.0,0.020797532
noise,0.0,0.022689756
noise,0.0,0.029656764
noise,0.0,0.5287862
noise,0.0,0.106388
noise,0.0,0.01173195
noise,0.0,0.04223235
noise,0.0,0.02915735
noise,0.0,0.04524507
noise,0.0,0.0976127
noise,0.0,0.030758847
noise,0.0,0.03640443
noise,0.0,0.030411914
noise,0.0,0.029510017
noise,0.0,0.03228729
noise,0.0,0.04828373
noise,0.0,0.036353413
noise,0.0,0.0323256
noise,0.0,0.087563135
noise,0.0,0.16470411
noise,0.0,0.006089802
noise,0.0,0.09097951
noise,0.0,0.06139004
noise,0.0,0.01196753
noise,0.0,0.0058022765
noise,0.0,0.072120756
noise,0.0,0.036459897
noise,0.0,0.03403566
noise,0.0,0.024035571
noise,0.0,0.049273543
noise,0.0,0.012016591
noise,0.0,0.026141137
noise,0.0,0.112148896
noise,0.0,0.036903154
noise,0.0,0.03801049
noise,0.0,0.22086322
noise,0.0,0.16854978
noise,0.0,0.008939225
noise,0.0,0.07413827
noise,0.0,0.051171407
noise,0.0,0.023346633
noise,0.0,0.120908745
noise,0.0,0.0071833776
noise,0.0,0.021827381
noise,0.0,0.37089637
noise,0.0,0.013097378
noise,0.0,0.058875635
noise,0.0,0.01940287
noise,0.0,0.96146333
noise,0.0,0.024326794
noise,0.0,0.057528324
noise,0.0,0.025152052
noise,0.0,0.0126074795
noise,0.0,0.07658853
noise,0.0,0.039069135
noise,0.0,0.9699377
noise,0.0,0.003628866
noise,0.0,0.038630586
noise,0.0,0.055118755
noise,0.0,0.02697677
noise,0.0,0.013984723
noise,0.0,0.028020432
noise,0.0,0.02019528
noise,0.0,0.019586844
noise,0.0,0.7306457
noise,0.0,0.011374491
noise,0.0,0.012290721
noise,0.0,0.07869023
noise,0.0,0.0021376538
noise,0.0,0.057879996
noise,0.0,0.04443476
noise,0.0,0.08537531
noise,0.0,0.006913001
noise,0.0,0.05744259
noise,0.0,0.065127715
noise,0.0,0.117217846
noise,0.0,0.03237262
noise,0.0,0.034489498
noise,0.0,0.028998496
noise,0.0,0.0052956995
noise,0.0,0.041337628
noise,0.0,0.030391604
noise,0.0,0.9942979
noise,0.0,0.025012383
noise,0.0,0.06965058
noise,0.0,0.02710106
noise,0.0,0.03523354
noise,0.0,0.024191786
noise,0.0,0.016584147
noise,0.0,0.14976001
noise,0.0,0.07609797
noise,0.0,0.34994966
noise,0.0,0.09454918
noise,0.0,0.010095103
noise,0.0,0.06739737
noise,0.0,0.053293962
noise,0.0,0.05781492
noise,0.0,0.046177197
noise,0.0,0.7976391
noise,0.0,0.0261916
noise,0.0,0.05892247
noise,0.0,0.059105646
noise,0.0,0.08865512
noise,0.0,0.08018353
noise,0.0,0.04196544
noise,0.0,0.17146598
noise,0.0,0.042824343
noise,0.0,0.61535066
noise,0.0,0.05511923
noise,0.0,0.04742755
noise,0.0,0.08719466
noise,0.0,0.018383233
noise,0.0,0.2870571
noise,0.0,0.02666243
noise,0.0,0.052345462
noise,0.0,0.17602663
noise,0.0,0.00349607
noise,0.0,0.025862847
noise,0.0,0.013517103
noise,0.0,0.029429726
noise,0.0,0.028628094
noise,0.0,0.032415655
noise,0.0,0.00841394
noise,0.0,0.003870194
noise,0.0,0.019500611
noise,0.0,0.17316304
noise,0.0,0.09804573
noise,0.0,0.044651307
noise,0.0,0.07429618
noise,0.0,0.030197866
noise,0.0,0.025651356
noise,0.0,0.029861804
noise,0.0,0.058243427
noise,0.0,0.03232733
noise,0.0,0.011935484
noise,0.0,0.02569269
noise,0.0,0.048652243
noise,0.0,0.074115984
noise,0.0,0.027059251
noise,0.0,0.0042384826
noise,0.0,0.05938884
noise,0.0,0.0041295453
noise,0.0,0.017728891
noise,0.0,0.016622165
noise,0.0,0.10374424
noise,0.0,0.04603205
noise,0.0,0.96371037
noise,0.0,0.012207116
noise,0.0,0.077581696
noise,0.0,0.15740778
noise,0.0,0.048663624
noise,0.0,0.03589897
noise,0.0,0.09450287
noise,0.0,0.25372362
noise,0.0,0.035470907
noise,0.0,0.06412348
noise,0.0,0.051472634
noise,0.0,0.09380879
noise,0.0,0.021050401
noise,0.0,0.1873941
noise,0.0,0.038217086
noise,0.0,0.8378054
noise,0.0,0.057285424
noise,0.0,0.036465365
noise,0.0,0.058576155
noise,0.0,0.0052418835
noise,0.0,0.022664571
noise,0.0,0.0774399
noise,0.0,0.9858403
noise,0.0,0.025352389
noise,0.0,0.0038522608
noise,0.0,0.028701529
noise,0.0,0.006121774
noise,0.0,0.013385347
noise,0.0,0.08842854
noise,0.0,0.0084473
noise,0.0,0.097030155
noise,0.0,0.031729545
noise,0.0,0.10453491
noise,0.0,0.029398285
noise,0.0,0.06939778
noise,0.0,0.017450364
noise,0.0,0.9354128
noise,0.0,0.2958735
noise,0.0,0.023670338
noise,0.0,0.16769107
noise,0.0,0.034123924
noise,0.0,0.074829035
noise,0.0,0.007411074
noise,0.0,0.026967527
noise,0.0,0.9851891
noise,0.0,0.010005401
noise,0.0,0.006953667
noise,0.0,0.02991923
noise,0.0,0.038344324
noise,0.0,0.02494042
noise,0.0,0.053777255
noise,0.0,0.027933786
noise,0.0,0.19030415
noise,0.0,0.030762717
noise,0.0,0.029173821
noise,0.0,0.9913016
noise,0.0,0.008330573
noise,0.0,0.026610726
noise,0.0,0.03896715
noise,0.0,0.05826822
noise,0.0,0.023880498
noise,0.0,0.08277126
noise,0.0,0.012102455
noise,0.0,0.015525921
noise,0.0,0.7957725
noise,0.0,0.00539227
noise,0.0,0.016602205
noise,0.0,0.032942556
noise,0.0,0.0073287287
noise,0.0,0.0147226285
noise,0.0,0.9539272
noise,0.0,0.93552256
noise,0.0,0.034109868
noise,0.0,0.042528644
noise,0.0,0.07609023
noise,0.0,0.292047
noise,0.0,0.020775061
noise,0.0,0.025343083
noise,0.0,0.04358264
noise,0.0,0.0097220335
noise,0.0,0.08323218
noise,0.0,0.09219251
noise,0.0,0.050400443
noise,0.0,0.84617674
noise,0.0,0.09422547
noise,0.0,0.32747844
noise,0.0,0.044513345
noise,0.0,0.025587462
noise,0.0,0.058556635
noise,0.0,0.05168323
noise,0.0,0.05394592
noise,0.0,0.015834263
noise,0.0,0.091503546
noise,0.0,0.037008986
noise,0.0,0.019867674
noise,0.0,0.027741177
noise,0.0,0.8708886
noise,0.0,0.050763007
noise,0.0,0.031420328
noise,0.0,0.018978996
noise,0.0,0.05454253
noise,0.0,0.09898996
noise,0.0,0.024435114
noise,0.0,0.0043451595
noise,0.0,0.23481032
noise,0.0,0.03983025
noise,0.0,0.032300062
noise,0.0,0.0074400688
noise,0.0,0.0034167937
noise,0.0,0.090891846
noise,0.0,0.040828615
noise,0.0,0.041295666
noise,0.0,0.05664432
noise,0.0,0.041057188
noise,0.0,0.021607544
noise,0.0,0.12119881
noise,0.0,0.060598858
noise,0.0,0.041440528
noise,0.0,0.963659
noise,0.0,0.14563859
noise,0.0,0.005362271
noise,0.0,0.0070445403
noise,0.0,0.111789726
noise,0.0,0.062265933
noise,0.0,0.050471913
noise,0.0,0.020618465
noise,0.0,0.015936852
noise,0.0,0.032813333
noise,0.0,0.039560214
noise,0.0,0.16191168
noise,0.0,0.0422631
noise,0.0,0.0108205965
noise,0.0,0.05354192
noise,0.0,0.01445234
noise,0.0,0.99438584
noise,0.0,0.039832216
noise,0.0,0.00538034
noise,0.0,0.24577248
noise,0.0,0.024468374
noise,0.0,0.14461575
noise,0.0,0.029611727
noise,0.0,0.031839456
noise,0.0,0.0533977
noise,0.0,0.075697064
noise,0.0,0.054274075
noise,0.0,0.027878925
noise,0.0,0.058911353
noise,0.0,0.9878735
noise,0.0,0.090946734
noise,0.0,0.08334923
noise,0.0,0.056847945
noise,0.0,0.084627315
noise,0.0,0.056698784
noise,0.0,0.9900899
noise,0.0,0.04933557
noise,0.0,0.04527172
noise,0.0,0.5863143
noise,0.0,0.036217686
noise,0.0,0.13068959
noise,0.0,0.054308668
noise,0.0,0.3676697
noise,0.0,0.044631124
noise,0.0,0.043048576
noise,0.0,0.15033816
noise,0.0,0.27374008
noise,0.0,0.010329103
noise,0.0,0.0060702474
noise,0.0,0.09405816
noise,0.0,0.04358738
noise,0.0,0.2391242
noise,0.0,0.028295973
noise,0.0,0.010240131
noise,0.0,0.011943478
noise,0.0,0.046042204
noise,0.0,0.35693085
noise,0.0,0.9678734
noise,0.0,0.59321237
noise,0.0,0.02300133
noise,0.0,0.4023903
noise,0.0,0.91848147
noise,0.0,0.036308404
noise,0.0,0.13845547
noise,0.0,0.9772904
noise,0.0,0.029359233
noise,0.0,0.09883609
noise,0.0,0.1099813
noise,0.0,0.039085183
noise,0.0,0.06800255
noise,0.0,0.20337206
noise,0.0,0.10813002
noise,0.0,0.031018443
noise,0.0,0.0047455262
noise,0.0,0.081777796
noise,0.0,0.03134803
noise,0.0,0.029987235
noise,0.0,0.15561189
noise,0.0,0.017295167
noise,0.0,0.0040569515
noise,0.0,0.032122023
noise,0.0,0.021291882
noise,0.0,0.92832977
noise,0.0,0.0630679
noise,0.0,0.029131114
noise,0.0,0.05080635
noise,0.0,0.9693431
noise,0.0,0.047841433
noise,0.0,0.09311829
noise,0.0,0.08120011
noise,0.0,0.036773782
noise,0.0,0.056293245
noise,0.0,0.065380596
noise,0.0,0.028217444
noise,0.0,0.0031140286
noise,0.0,0.070438094
noise,0.0,0.032216243
noise,0.0,0.044793878
noise,0.0,0.04298824
noise,0.0,0.013034862
noise,0.0,0.0266799
noise,0.0,0.035539716
noise,0.0,0.03858485
noise,0.0,0.017844753
noise,0.0,0.07113675
noise,0.0,0.54845417
noise,0.0,0.024041427
noise,0.0,0.053586073
noise,0.0,0.03866638
noise,0.0,0.09584001
noise,0.0,0.0041919984
noise,0.0,0.030628163
noise,0.0,0.02357255
noise,0.0,0.023602111
noise,0.0,0.029832909
noise,0.0,0.04118872
noise,0.0,0.98701304
noise,0.0,0.022810973
noise,0.0,0.030984435
noise,0.0,0.060632877
noise,0.0,0.023614066
noise,0.0,0.8529357
noise,0.0,0.028846912
noise,0.0,0.020706253
noise,0.0,0.016835228
noise,0.0,0.03992744
noise,0.0,0.33114365
noise,0.0,0.99344033
noise,0.0,0.23505439
noise,0.0,0.025259003
noise,0.0,0.011866655
noise,0.0,0.012649432
noise,0.0,0.027027821
noise,0.0,0.22857796
noise,0.0,0.17076111
noise,0.0,0.05101434
noise,0.0,0.05915593
noise,0.0,0.03091248
noise,0.0,0.93224263
noise,0.0,0.094550975
noise,0.0,0.20042625
noise,0.0,0.100217216
noise,0.0,0.033815254
noise,0.0,0.05404783
noise,0.0,0.5969484
noise,0.0,0.012261073
noise,0.0,0.09003088
noise,0.0,0.087578475
noise,0.0,0.07873445
noise,0.0,0.010440745
noise,0.0,0.058442745
noise,0.0,0.0241319
noise,0.0,0.037663564
noise,0.0,0.094940975
noise,0.0,0.046351418
noise,0.0,0.051145934
noise,0.0,0.061876778
noise,0.0,0.061158895
noise,0.0,0.939879
noise,0.0,0.04937152
noise,0.0,0.04860042
noise,0.0,0.006453552
noise,0.0,0.036919482
noise,0.0,0.006813334
noise,0.0,0.22195007
noise,0.0,0.0715105
noise,0.0,0.043328002
noise,0.0,0.021045795
noise,0.0,0.18027648
noise,0.0,0.043220747
noise,0.0,0.10512777
noise,0.0,0.081696674
noise,0.0,0.04662967
noise,0.0,0.13803999
noise,0.0,0.011943478
noise,0.0,0.059247345
noise,0.0,0.09768313
noise,0.0,0.20360965
noise,0.0,0.015000306
noise,0.0,0.061147097
noise,0.0,0.10452518
noise,0.0,0.007709719
noise,0.0,0.004658012
noise,0.0,0.08186592
noise,0.0,0.07244754
noise,0.0,0.022597486
noise,0.0,0.06880126
noise,0.0,0.046025284
noise,0.0,0.06625738
noise,0.0,0.02340462
noise,0.0,0.04685193
noise,0.0,0.21903871
noise,0.0,0.04444126
noise,0.0,0.061358564
noise,0.0,0.0047905296
noise,0.0,0.049019784
noise,0.0,0.0109450985
noise,0.0,0.24008164
noise,0.0,0.09785748
noise,0.0,0.039602317
noise,0.0,0.048919715
noise,0.0,0.050222673
noise,0.0,0.08512079
noise,0.0,0.0605522
noise,0.0,0.0377555
noise,0.0,0.3104766
noise,0.0,0.017725386
noise,0.0,0.03216991
noise,0.0,0.019600315
noise,0.0,0.993722
noise,0.0,0.023961015
noise,0.0,0.014898041
noise,0.0,0.7007427
noise,0.0,0.043236293
noise,0.0,0.0023772041
noise,0.0,0.080143645
noise,0.0,0.059835147
noise,0.0,0.0038176551
noise,0.0,0.03059887
noise,0.0,0.04298076
noise,0.0,0.032416686
noise,0.0,0.04054106
noise,0.0,0.019544037
noise,0.0,0.003510277
noise,0.0,0.029383333
noise,0.0,0.055275917
noise,0.0,0.012217227
noise,0.0,0.021464154
noise,0.0,0.10177566
noise,0.0,0.023038246
noise,0.0,0.18606417
noise,0.0,0.4576736
noise,0.0,0.07368143
noise,0.0,0.028530072
noise,0.0,0.03422184
noise,0.0,0.02809256
noise,0.0,0.023313401
noise,0.0,0.050639547
noise,0.0,0.12673645
noise,0.0,0.065314084
noise,0.0,0.04504428
noise,0.0,0.07530458
noise,0.0,0.020160131
noise,0.0,0.0748423
noise,0.0,0.028890848
noise,0.0,0.05219389
noise,0.0,0.027204014
noise,0.0,0.05561244
noise,0.0,0.030414334
noise,0.0,0.00502544
noise,0.0,0.021250987
noise,0.0,0.09915143
noise,0.0,0.021255504
noise,0.0,0.019261913
noise,0.0,0.061994635
noise,0.0,0.044854328
noise,0.0,0.0022183033
noise,0.0,0.032078594
noise,0.0,0.23219049
noise,0.0,0.017656889
noise,0.0,0.009716167
noise,0.0,0.015608369
noise,0.0,0.7127319
noise,0.0,0.034524437
noise,0.0,0.1512717
noise,0.0,0.9845036
noise,0.0,0.032511022
noise,0.0,0.2363875
noise,0.0,0.045474943
noise,0.0,0.103368655
noise,0.0,0.059803035
noise,0.0,0.033448588
noise,0.0,0.022131955
noise,0.0,0.116066076
noise,0.0,0.08419536
noise,0.0,0.008548966
noise,0.0,0.009730474
noise,0.0,0.056167234
noise,0.0,0.039137613
noise,0.0,0.19569726
noise,0.0,0.09896861
noise,0.0,0.021689106
noise,0.0,0.011207674
noise,0.0,0.03585818
noise,0.0,0.2666881
noise,0.0,0.014651361
noise,0.0,0.17967245
noise,0.0,0.035736583
noise,0.0,0.13146144
noise,0.0,0.059121635
noise,0.0,0.1500963
noise,0.0,0.0075672828
noise,0.0,0.9617184
noise,0.0,0.06397867
noise,0.0,0.17986225
noise,0.0,0.9830063
noise,0.0,0.036480676
noise,0.0,0.10384712
noise,0.0,0.004663416
noise,0.0,0.004239308
noise,0.0,0.053363305
noise,0.0,0.14768806
noise,0.0,0.06172406
noise,0.0,0.04841573
noise,0.0,0.027358979
noise,0.0,0.021060102
noise,0.0,0.034460936
noise,0.0,0.09150511
noise,0.0,0.10358386
noise,0.0,0.0066918368
noise,0.0,0.01750562
noise,0.0,0.09075608
noise,0.0,0.96442056
noise,0.0,0.9851999
noise,0.0,0.026560225
noise,0.0,0.044536162
noise,0.0,0.039720867
noise,0.0,0.020782907
noise,0.0,0.12759024
noise,0.0,0.03313407
noise,0.0,0.022430068
noise,0.0,0.012388526
noise,0.0,0.92092043
noise,0.0,0.026033487
noise,0.0,0.016593833
noise,0.0,0.011811696
noise,0.0,0.039881196
noise,0.0,0.027985958
noise,0.0,0.06343741
noise,0.0,0.018125854
noise,0.0,0.98664665
noise,0.0,0.15318818
noise,0.0,0.058777254
noise,0.0,0.005898236
noise,0.0,0.0073253573
noise,0.0,0.0034321586
noise,0.0,0.019346498
noise,0.0,0.09832497
noise,0.0,0.07229573
noise,0.0,0.005131666
noise,0.0,0.036380082
noise,0.0,0.11293408
noise,0.0,0.06852168
noise,0.0,0.067255214
noise,0.0,0.05404783
noise,0.0,0.054518193
noise,0.0,0.10001989
noise,0.0,0.014701231
noise,0.0,0.024544923
noise,0.0,0.039242163
noise,0.0,0.006908571
noise,0.0,0.046423327
noise,0.0,0.05265626
noise,0.0,0.10096561
noise,0.0,0.06133042
noise,0.0,0.008786511
noise,0.0,0.005446908
noise,0.0,0.12146897
noise,0.0,0.13710374
noise,0.0,0.02103818
noise,0.0,0.08443897
noise,0.0,0.9617184
noise,0.0,0.52038676
noise,0.0,0.035458867
noise,0.0,0.009322203
noise,0.0,0.08240251
noise,0.0,0.014042605
noise,0.0,0.0107333595
noise,0.0,0.041016534
noise,0.0,0.0718
noise,0.0,0.072926946
noise,0.0,0.039700568
noise,0.0,0.017601024
noise,0.0,0.004708408
noise,0.0,0.023173591
noise,0.0,0.00886524
noise,0.0,0.026801227
noise,0.0,0.060483176
noise,0.0,0.03698116
noise,0.0,0.1011609
noise,0.0,0.01534434
noise,0.0,0.20202087
noise,0.0,0.38849184
noise,0.0,0.046102457
noise,0.0,0.039094795
noise,0.0,0.0417704
noise,0.0,0.47639826
noise,0.0,0.0058770636
noise,0.0,0.1319472
noise,0.0,0.021594593
noise,0.0,0.06187575
noise,0.0,0.03167144
noise,0.0,0.26057816
noise,0.0,0.09368239
noise,0.0,0.025850968
noise,0.0,0.021487078
noise,0.0,0.054274663
noise,0.0,0.289389
noise,0.0,0.14712062
noise,0.0,0.0768585
noise,0.0,0.040556386
noise,0.0,0.05918851
noise,0.0,0.054297116
noise,0.0,0.7660878
noise,0.0,0.030422755
noise,0.0,0.012756167
noise,0.0,0.017342811
noise,0.0,0.021402724
noise,0.0,0.055460546
noise,0.0,0.059139915
noise,0.0,0.039294604
noise,0.0,0.027046764
noise,0.0,0.12511979
noise,0.0,0.04705347
noise,0.0,0.040776677
noise,0.0,0.033763036
noise,0.0,0.039778054
noise,0.0,0.20869303
noise,0.0,0.016307939
noise,0.0,0.018900074
noise,0.0,0.012365853
noise,0.0,0.11005273
noise,0.0,0.0125816725
noise,0.0,0.70838046
noise,0.0,0.07035624
noise,0.0,0.009879432
noise,0.0,0.005855812
noise,0.0,0.07211395
noise,0.0,0.016027689
noise,0.0,0.023880782
noise,0.0,0.58610207
noise,0.0,0.106002234
noise,0.0,0.07601682
noise,0.0,0.024795992
noise,0.0,0.96581876
noise,0.0,0.08710007
noise,0.0,0.052552957
noise,0.0,0.05737166
noise,0.0,0.047489658
noise,0.0,0.02065542
noise,0.0,0.026795892
noise,0.0,0.022017557
noise,0.0,0.037823483
noise,0.0,0.01876407
noise,0.0,0.01955493
noise,0.0,0.024543315
noise,0.0,0.02298856
noise,0.0,0.03712978
noise,0.0,0.05833127
noise,0.0,0.2311858
noise,0.0,0.13167548
noise,0.0,0.08234369
noise,0.0,0.0062983604
noise,0.0,0.98731685
noise,0.0,0.021593295
noise,0.0,0.10641212
noise,0.0,0.024139982
noise,0.0,0.82829386
noise,0.0,0.03062124
noise,0.0,0.051665187
noise,0.0,0.016868921
noise,0.0,0.029632855
noise,0.0,0.019171229
noise,0.0,0.016173467
noise,0.0,0.059428368
noise,0.0,0.2809811
noise,0.0,0.026816605
noise,0.0,0.034725003
noise,0.0,0.91842806
noise,0.0,0.060209423
noise,0.0,0.0322618
noise,0.0,0.05099866
noise,0.0,0.14040613
noise,0.0,0.011433106
noise,0.0,0.03940831
noise,0.0,0.0191809
noise,0.0,0.018095743
noise,0.0,0.025766369
noise,0.0,0.0035981077
noise,0.0,0.5766841
noise,0.0,0.42563847
noise,0.0,0.02666725
noise,0.0,0.032580785
noise,0.0,0.3365559
noise,0.0,0.019099895
noise,0.0,0.0051368494
noise,0.0,0.3199935
noise,0.0,0.060073927
noise,0.0,0.033143897
noise,0.0,0.13759363
noise,0.0,0.079329014
noise,0.0,0.007515207
noise,0.0,0.051623758
noise,0.0,0.012387523
noise,0.0,0.029932365
noise,0.0,0.028646922
noise,0.0,0.043072097
noise,0.0,0.009758256
noise,0.0,0.05343132
noise,0.0,0.11976971
noise,0.0,0.01968785
noise,0.0,0.028301757
noise,0.0,0.14055674
noise,0.0,0.005486365
noise,0.0,0.029951507
noise,0.0,0.054669097
noise,0.0,0.015304537
noise,0.0,0.012927554
noise,0.0,0.056558285
noise,0.0,0.032748587
noise,0.0,0.01833011
noise,0.0,0.006724515
noise,0.0,0.047199193
noise,0.0,0.05146851
noise,0.0,0.10411625
noise,0.0,0.9800673
noise,0.0,0.13375555
noise,0.0,0.028123043
noise,0.0,0.76587296
noise,0.0,0.052432228
noise,0.0,0.05895496
noise,0.0,0.07190749
noise,0.0,0.05537114
noise,0.0,0.037779845
noise,0.0,0.0050121145
noise,0.0,0.01994953
noise,0.0,0.9747355
noise,0.0,0.038318485
noise,0.0,0.10582786
noise,0.0,0.099300705
noise,0.0,0.004717252
noise,0.0,0.00850323
noise,0.0,0.016244866
noise,0.0,0.011537929
noise,0.0,0.1527416
noise,0.0,0.11631394
noise,0.0,0.11947362
noise,0.0,0.012750295
noise,0.0,0.023085108
noise,0.0,0.03600951
noise,0.0,0.09048837
noise,0.0,0.012792795
noise,0.0,0.095092684
noise,0.0,0.037158955
noise,0.0,0.046896018
noise,0.0,0.042307325
noise,0.0,0.017536795
noise,0.0,0.006172949
noise,0.0,0.07714738
noise,0.0,0.039351344
noise,0.0,0.06744342
noise,0.0,0.018715663
noise,0.0,0.64878356
noise,0.0,0.03590326
noise,0.0,0.013518763
noise,0.0,0.038234353
noise,0.0,0.007851669
noise,0.0,0.025008628
noise,0.0,0.007167229
noise,0.0,0.044684086
noise,0.0,0.05793598
noise,0.0,0.024656435
noise,0.0,0.014643846
noise,0.0,0.052112546
noise,0.0,0.01653152
noise,0.0,0.04085172
noise,0.0,0.0642036
noise,0.0,0.058454316
noise,0.0,0.13517483
noise,0.0,0.0721426
noise,0.0,0.040841483
noise,0.0,0.03821351
noise,0.0,0.005857297
noise,0.0,0.34201214
noise,0.0,0.045549624
noise,0.0,0.02637311
noise,0.0,0.9682261
noise,0.0,0.13583674
noise,0.0,0.11493815
noise,0.0,0.07056968
noise,0.0,0.017821943
noise,0.0,0.095010854
noise,0.0,0.004656407
noise,0.0,0.09379542
noise,0.0,0.4042549
noise,0.0,0.0038513937
noise,0.0,0.4201513
noise,0.0,0.06597835
noise,0.0,0.056877803
noise,0.0,0.02938233
noise,0.0,0.008569221
noise,0.0,0.022268599
noise,0.0,0.044508602
noise,0.0,0.037101172
noise,0.0,0.07438919
noise,0.0,0.05022158
noise,0.0,0.023687314
noise,0.0,0.30042195
noise,0.0,0.04488163
noise,0.0,0.04299135
noise,0.0,0.043750003
noise,0.0,0.007000676
noise,0.0,0.07722749
noise,0.0,0.062313415
noise,0.0,0.012686045
noise,0.0,0.047217652
noise,0.0,0.007281346
noise,0.0,0.0084588025
noise,0.0,0.060423847
noise,0.0,0.056587886
noise,0.0,0.1298477
noise,0.0,0.055536542
noise,0.0,0.95397097
noise,0.0,0.03944934
noise,0.0,0.013482367
