filename,y_true,probs
/tmp/unfreezing_ablation_frozen_60k0cium/data/PhysioNet2022/training_data/23625_AV.wav,1.0,0.47801268
/tmp/unfreezing_ablation_frozen_60k0cium/data/PhysioNet2022/training_data/23625_MV.wav,1.0,0.043456193
/tmp/unfreezing_ablation_frozen_60k0cium/data/PhysioNet2022/training_data/23625_PV.wav,1.0,0.2331629
/tmp/unfreezing_ablation_frozen_60k0cium/data/PhysioNet2022/training_data/23625_TV.wav,1.0,0.17889912
/tmp/unfreezing_ablation_frozen_60k0cium/data/PhysioNet2022/training_data/29045_AV.wav,1.0,0.06545011
/tmp/unfreezing_ablation_frozen_60k0cium/data/PhysioNet2022/training_data/29045_MV.wav,1.0,0.1503106
/tmp/unfreezing_ablation_frozen_60k0cium/data/PhysioNet2022/training_data/29045_PV.wav,1.0,0.28138894
/tmp/unfreezing_ablation_frozen_60k0cium/data/PhysioNet2022/training_data/29045_TV.wav,1.0,0.36075756
/tmp/unfreezing_ablation_frozen_60k0cium/data/PhysioNet2022/training_data/33151_AV.wav,1.0,0.39785337
/tmp/unfreezing_ablation_frozen_60k0cium/data/PhysioNet2022/training_data/33151_MV.wav,1.0,0.02716845
/tmp/unfreezing_ablation_frozen_60k0cium/data/PhysioNet2022/training_data/33151_PV.wav,1.0,0.2527318
/tmp/unfreezing_ablation_frozen_60k0cium/data/PhysioNet2022/training_data/33151_TV.wav,1.0,0.040992595
/tmp/unfreezing_ablation_frozen_60k0cium/data/PhysioNet2022/training_data/38337_AV.wav,1.0,0.17921597
/tmp/unfreezing_ablation_frozen_60k0cium/data/PhysioNet2022/training_data/38337_MV.wav,1.0,0.11045461
/tmp/unfreezing_ablation_frozen_60k0cium/data/PhysioNet2022/training_data/39043_AV.wav,1.0,0.019931559
/tmp/unfreezing_ablation_frozen_60k0cium/data/PhysioNet2022/training_data/39043_MV.wav,1.0,0.4808074
/tmp/unfreezing_ablation_frozen_60k0cium/data/PhysioNet2022/training_data/39043_PV.wav,1.0,0.07845799
/tmp/unfreezing_ablation_frozen_60k0cium/data/PhysioNet2022/training_data/39043_TV.wav,1.0,0.04310653
/tmp/unfreezing_ablation_frozen_60k0cium/data/PhysioNet2022/training_data/40058_AV.wav,1.0,0.16400726
/tmp/unfreezing_ablation_frozen_60k0cium/data/PhysioNet2022/training_data/40058_MV.wav,1.0,0.7793572
/tmp/unfreezing_ablation_frozen_60k0cium/data/PhysioNet2022/training_data/40058_PV.wav,1.0,0.16060095
/tmp/unfreezing_ablation_frozen_60k0cium/data/PhysioNet2022/training_data/40058_TV.wav,1.0,0.05977983
/tmp/unfreezing_ablation_frozen_60k0cium/data/PhysioNet2022/training_data/40798_AV.wav,1.0,0.5592418
/tmp/unfreezing_ablation_frozen_60k0cium/data/PhysioNet2022/training_data/40798_MV.wav,1.0,0.23896025
/tmp/unfreezing_ablation_frozen_60k0cium/data/PhysioNet2022/training_data/40798_PV.wav,1.0,0.26976785
/tmp/unfreezing_ablation_frozen_60k0cium/data/PhysioNet2022/training_data/40798_TV.wav,1.0,0.36725673
/tmp/unfreezing_ablation_frozen_60k0cium/data/PhysioNet2022/training_data/40840_AV.wav,1.0,0.26851234
/tmp/unfreezing_ablation_frozen_60k0cium/data/PhysioNet2022/training_data/40840_MV.wav,1.0,0.38670173
/tmp/unfreezing_ablation_frozen_60k0cium/data/PhysioNet2022/training_data/40840_PV.wav,1.0,0.111010045
/tmp/unfreezing_ablation_frozen_60k0cium/data/PhysioNet2022/training_data/40840_TV.wav,1.0,0.45781094
/tmp/unfreezing_ablation_frozen_60k0cium/data/PhysioNet2022/training_data/43852_AV.wav,1.0,0.23846868
/tmp/unfreezing_ablation_frozen_60k0cium/data/PhysioNet2022/training_data/43852_MV.wav,1.0,0.24390644
/tmp/unfreezing_ablation_frozen_60k0cium/data/PhysioNet2022/training_data/43852_PV.wav,1.0,0.6483425
/tmp/unfreezing_ablation_frozen_60k0cium/data/PhysioNet2022/training_data/43852_TV.wav,1.0,0.10998394
/tmp/unfreezing_ablation_frozen_60k0cium/data/PhysioNet2022/training_data/44514_AV.wav,1.0,0.442661
/tmp/unfreezing_ablation_frozen_60k0cium/data/PhysioNet2022/training_data/44514_MV.wav,1.0,0.12191497
/tmp/unfreezing_ablation_frozen_60k0cium/data/PhysioNet2022/training_data/44514_PV.wav,1.0,0.068244256
/tmp/unfreezing_ablation_frozen_60k0cium/data/PhysioNet2022/training_data/44514_TV.wav,1.0,0.03744349
/tmp/unfreezing_ablation_frozen_60k0cium/data/PhysioNet2022/training_data/46532_AV.wav,1.0,0.27653113
/tmp/unfreezing_ablation_frozen_60k0cium/data/PhysioNet2022/training_data/46778_MV.wav,1.0,0.1657201
/tmp/unfreezing_ablation_frozen_60k0cium/data/PhysioNet2022/training_data/49558_AV.wav,1.0,0.28272533
/tmp/unfreezing_ablation_frozen_60k0cium/data/PhysioNet2022/training_data/49558_MV.wav,1.0,0.25709653
/tmp/unfreezing_ablation_frozen_60k0cium/data/PhysioNet2022/training_data/49562_AV.wav,1.0,0.22025774
/tmp/unfreezing_ablation_frozen_60k0cium/data/PhysioNet2022/training_data/49562_MV.wav,1.0,0.08880489
/tmp/unfreezing_ablation_frozen_60k0cium/data/PhysioNet2022/training_data/49562_PV.wav,1.0,0.04649144
/tmp/unfreezing_ablation_frozen_60k0cium/data/PhysioNet2022/training_data/49562_TV.wav,1.0,0.054707836
/tmp/unfreezing_ablation_frozen_60k0cium/data/PhysioNet2022/training_data/49610_AV.wav,1.0,0.13813554
/tmp/unfreezing_ablation_frozen_60k0cium/data/PhysioNet2022/training_data/49610_MV.wav,1.0,0.212879
/tmp/unfreezing_ablation_frozen_60k0cium/data/PhysioNet2022/training_data/49610_PV.wav,1.0,0.033259902
/tmp/unfreezing_ablation_frozen_60k0cium/data/PhysioNet2022/training_data/49610_TV.wav,1.0,0.080152705
/tmp/unfreezing_ablation_frozen_60k0cium/data/PhysioNet2022/training_data/49618_AV.wav,1.0,0.114946246
/tmp/unfreezing_ablation_frozen_60k0cium/data/PhysioNet2022/training_data/49618_MV.wav,1.0,0.264718
/tmp/unfreezing_ablation_frozen_60k0cium/data/PhysioNet2022/training_data/49628_AV.wav,1.0,0.79989266
/tmp/unfreezing_ablation_frozen_60k0cium/data/PhysioNet2022/training_data/49628_MV.wav,1.0,0.09917192
/tmp/unfreezing_ablation_frozen_60k0cium/data/PhysioNet2022/training_data/49628_PV.wav,1.0,0.05397938
/tmp/unfreezing_ablation_frozen_60k0cium/data/PhysioNet2022/training_data/49628_TV.wav,1.0,0.5201316
/tmp/unfreezing_ablation_frozen_60k0cium/data/PhysioNet2022/training_data/49630_AV.wav,1.0,0.52074337
/tmp/unfreezing_ablation_frozen_60k0cium/data/PhysioNet2022/training_data/49630_MV.wav,1.0,0.043717444
/tmp/unfreezing_ablation_frozen_60k0cium/data/PhysioNet2022/training_data/49630_PV.wav,1.0,0.62913734
/tmp/unfreezing_ablation_frozen_60k0cium/data/PhysioNet2022/training_data/49630_TV.wav,1.0,0.16380139
/tmp/unfreezing_ablation_frozen_60k0cium/data/PhysioNet2022/training_data/49631_AV.wav,1.0,0.6694062
/tmp/unfreezing_ablation_frozen_60k0cium/data/PhysioNet2022/training_data/49631_MV.wav,1.0,0.14782302
/tmp/unfreezing_ablation_frozen_60k0cium/data/PhysioNet2022/training_data/49641_AV.wav,1.0,0.05187163
/tmp/unfreezing_ablation_frozen_60k0cium/data/PhysioNet2022/training_data/49641_MV.wav,1.0,0.100963116
/tmp/unfreezing_ablation_frozen_60k0cium/data/PhysioNet2022/training_data/49641_PV.wav,1.0,0.055246156
/tmp/unfreezing_ablation_frozen_60k0cium/data/PhysioNet2022/training_data/49641_TV.wav,1.0,0.13825215
/tmp/unfreezing_ablation_frozen_60k0cium/data/PhysioNet2022/training_data/49653_AV.wav,1.0,0.073082685
/tmp/unfreezing_ablation_frozen_60k0cium/data/PhysioNet2022/training_data/49653_MV.wav,1.0,0.40607116
/tmp/unfreezing_ablation_frozen_60k0cium/data/PhysioNet2022/training_data/49653_PV.wav,1.0,0.03714981
/tmp/unfreezing_ablation_frozen_60k0cium/data/PhysioNet2022/training_data/49653_TV.wav,1.0,0.13278195
/tmp/unfreezing_ablation_frozen_60k0cium/data/PhysioNet2022/training_data/49661_AV.wav,1.0,0.20396954
/tmp/unfreezing_ablation_frozen_60k0cium/data/PhysioNet2022/training_data/49661_MV.wav,1.0,0.1318878
/tmp/unfreezing_ablation_frozen_60k0cium/data/PhysioNet2022/training_data/49678_AV.wav,1.0,0.050754968
/tmp/unfreezing_ablation_frozen_60k0cium/data/PhysioNet2022/training_data/49678_MV.wav,1.0,0.45671532
/tmp/unfreezing_ablation_frozen_60k0cium/data/PhysioNet2022/training_data/49678_PV.wav,1.0,0.1160369
/tmp/unfreezing_ablation_frozen_60k0cium/data/PhysioNet2022/training_data/49678_TV.wav,1.0,0.18738097
/tmp/unfreezing_ablation_frozen_60k0cium/data/PhysioNet2022/training_data/49683_AV.wav,1.0,0.6500848
/tmp/unfreezing_ablation_frozen_60k0cium/data/PhysioNet2022/training_data/49683_MV.wav,1.0,0.03981835
/tmp/unfreezing_ablation_frozen_60k0cium/data/PhysioNet2022/training_data/49683_PV.wav,1.0,0.15381497
/tmp/unfreezing_ablation_frozen_60k0cium/data/PhysioNet2022/training_data/49683_TV.wav,1.0,0.19470291
/tmp/unfreezing_ablation_frozen_60k0cium/data/PhysioNet2022/training_data/49719_AV.wav,1.0,0.6867839
/tmp/unfreezing_ablation_frozen_60k0cium/data/PhysioNet2022/training_data/49719_MV.wav,1.0,0.092974074
/tmp/unfreezing_ablation_frozen_60k0cium/data/PhysioNet2022/training_data/49719_PV.wav,1.0,0.028098596
/tmp/unfreezing_ablation_frozen_60k0cium/data/PhysioNet2022/training_data/49719_TV.wav,1.0,0.0857849
/tmp/unfreezing_ablation_frozen_60k0cium/data/PhysioNet2022/training_data/49729_AV.wav,1.0,0.1290664
/tmp/unfreezing_ablation_frozen_60k0cium/data/PhysioNet2022/training_data/49729_MV.wav,1.0,0.2397778
/tmp/unfreezing_ablation_frozen_60k0cium/data/PhysioNet2022/training_data/49729_PV.wav,1.0,0.17199206
/tmp/unfreezing_ablation_frozen_60k0cium/data/PhysioNet2022/training_data/49729_TV.wav,1.0,0.045737203
/tmp/unfreezing_ablation_frozen_60k0cium/data/PhysioNet2022/training_data/49751_AV.wav,1.0,0.08684812
/tmp/unfreezing_ablation_frozen_60k0cium/data/PhysioNet2022/training_data/49751_MV.wav,1.0,0.7080042
/tmp/unfreezing_ablation_frozen_60k0cium/data/PhysioNet2022/training_data/49751_PV.wav,1.0,0.14462714
/tmp/unfreezing_ablation_frozen_60k0cium/data/PhysioNet2022/training_data/49751_TV.wav,1.0,0.26309186
/tmp/unfreezing_ablation_frozen_60k0cium/data/PhysioNet2022/training_data/49824_AV.wav,1.0,0.35971275
/tmp/unfreezing_ablation_frozen_60k0cium/data/PhysioNet2022/training_data/49824_MV.wav,1.0,0.057409078
/tmp/unfreezing_ablation_frozen_60k0cium/data/PhysioNet2022/training_data/49824_PV.wav,1.0,0.055543248
/tmp/unfreezing_ablation_frozen_60k0cium/data/PhysioNet2022/training_data/49842_AV.wav,1.0,0.34423023
/tmp/unfreezing_ablation_frozen_60k0cium/data/PhysioNet2022/training_data/49842_MV.wav,1.0,0.081501655
/tmp/unfreezing_ablation_frozen_60k0cium/data/PhysioNet2022/training_data/49842_PV.wav,1.0,0.08585484
/tmp/unfreezing_ablation_frozen_60k0cium/data/PhysioNet2022/training_data/49842_TV.wav,1.0,0.056174673
/tmp/unfreezing_ablation_frozen_60k0cium/data/PhysioNet2022/training_data/49850_AV.wav,1.0,0.13211565
/tmp/unfreezing_ablation_frozen_60k0cium/data/PhysioNet2022/training_data/49850_MV.wav,1.0,0.16365488
/tmp/unfreezing_ablation_frozen_60k0cium/data/PhysioNet2022/training_data/49853_AV.wav,1.0,0.08600743
/tmp/unfreezing_ablation_frozen_60k0cium/data/PhysioNet2022/training_data/49853_MV.wav,1.0,0.08435667
/tmp/unfreezing_ablation_frozen_60k0cium/data/PhysioNet2022/training_data/49853_PV.wav,1.0,0.22582686
/tmp/unfreezing_ablation_frozen_60k0cium/data/PhysioNet2022/training_data/49853_TV.wav,1.0,0.1716421
/tmp/unfreezing_ablation_frozen_60k0cium/data/PhysioNet2022/training_data/49931_AV.wav,1.0,0.04075055
/tmp/unfreezing_ablation_frozen_60k0cium/data/PhysioNet2022/training_data/49931_PV.wav,1.0,0.11558915
/tmp/unfreezing_ablation_frozen_60k0cium/data/PhysioNet2022/training_data/49931_TV.wav,1.0,0.480308
/tmp/unfreezing_ablation_frozen_60k0cium/data/PhysioNet2022/training_data/49963_AV.wav,1.0,0.558926
/tmp/unfreezing_ablation_frozen_60k0cium/data/PhysioNet2022/training_data/49963_MV.wav,1.0,0.1997624
/tmp/unfreezing_ablation_frozen_60k0cium/data/PhysioNet2022/training_data/49963_PV.wav,1.0,0.031979818
/tmp/unfreezing_ablation_frozen_60k0cium/data/PhysioNet2022/training_data/49963_TV.wav,1.0,0.1216494
/tmp/unfreezing_ablation_frozen_60k0cium/data/PhysioNet2022/training_data/49966_MV.wav,1.0,0.023968391
/tmp/unfreezing_ablation_frozen_60k0cium/data/PhysioNet2022/training_data/49970_AV.wav,1.0,0.3539752
/tmp/unfreezing_ablation_frozen_60k0cium/data/PhysioNet2022/training_data/49970_MV.wav,1.0,0.27025157
/tmp/unfreezing_ablation_frozen_60k0cium/data/PhysioNet2022/training_data/49974_AV.wav,1.0,0.36083794
/tmp/unfreezing_ablation_frozen_60k0cium/data/PhysioNet2022/training_data/49974_MV.wav,1.0,0.01580264
/tmp/unfreezing_ablation_frozen_60k0cium/data/PhysioNet2022/training_data/49974_PV.wav,1.0,0.122270025
/tmp/unfreezing_ablation_frozen_60k0cium/data/PhysioNet2022/training_data/49974_TV.wav,1.0,0.9493427
/tmp/unfreezing_ablation_frozen_60k0cium/data/PhysioNet2022/training_data/49978_PV.wav,1.0,0.041549325
/tmp/unfreezing_ablation_frozen_60k0cium/data/PhysioNet2022/training_data/49988_AV.wav,1.0,0.114903346
/tmp/unfreezing_ablation_frozen_60k0cium/data/PhysioNet2022/training_data/49988_MV.wav,1.0,0.14848523
/tmp/unfreezing_ablation_frozen_60k0cium/data/PhysioNet2022/training_data/49988_PV.wav,1.0,0.046903096
/tmp/unfreezing_ablation_frozen_60k0cium/data/PhysioNet2022/training_data/49988_TV.wav,1.0,0.2889208
/tmp/unfreezing_ablation_frozen_60k0cium/data/PhysioNet2022/training_data/49994_AV.wav,1.0,0.13669887
/tmp/unfreezing_ablation_frozen_60k0cium/data/PhysioNet2022/training_data/49994_MV.wav,1.0,0.037449848
/tmp/unfreezing_ablation_frozen_60k0cium/data/PhysioNet2022/training_data/49994_PV.wav,1.0,0.03933898
/tmp/unfreezing_ablation_frozen_60k0cium/data/PhysioNet2022/training_data/49994_TV.wav,1.0,0.24960491
/tmp/unfreezing_ablation_frozen_60k0cium/data/PhysioNet2022/training_data/50001_AV.wav,1.0,0.2574875
/tmp/unfreezing_ablation_frozen_60k0cium/data/PhysioNet2022/training_data/50001_MV.wav,1.0,0.111911826
/tmp/unfreezing_ablation_frozen_60k0cium/data/PhysioNet2022/training_data/50001_PV.wav,1.0,0.16732945
/tmp/unfreezing_ablation_frozen_60k0cium/data/PhysioNet2022/training_data/50001_TV.wav,1.0,0.5126497
/tmp/unfreezing_ablation_frozen_60k0cium/data/PhysioNet2022/training_data/50006_AV.wav,1.0,0.13623929
/tmp/unfreezing_ablation_frozen_60k0cium/data/PhysioNet2022/training_data/50006_MV.wav,1.0,0.02688075
/tmp/unfreezing_ablation_frozen_60k0cium/data/PhysioNet2022/training_data/50008_AV.wav,1.0,0.20214608
/tmp/unfreezing_ablation_frozen_60k0cium/data/PhysioNet2022/training_data/50008_MV.wav,1.0,0.061249778
/tmp/unfreezing_ablation_frozen_60k0cium/data/PhysioNet2022/training_data/50008_PV.wav,1.0,0.74871725
/tmp/unfreezing_ablation_frozen_60k0cium/data/PhysioNet2022/training_data/50008_TV.wav,1.0,0.12789829
/tmp/unfreezing_ablation_frozen_60k0cium/data/PhysioNet2022/training_data/50009_AV.wav,1.0,0.06906374
/tmp/unfreezing_ablation_frozen_60k0cium/data/PhysioNet2022/training_data/50012_MV.wav,1.0,0.8867994
/tmp/unfreezing_ablation_frozen_60k0cium/data/PhysioNet2022/training_data/50014_AV.wav,1.0,0.17566462
/tmp/unfreezing_ablation_frozen_60k0cium/data/PhysioNet2022/training_data/50014_MV.wav,1.0,0.17064966
/tmp/unfreezing_ablation_frozen_60k0cium/data/PhysioNet2022/training_data/50014_PV.wav,1.0,0.053219445
/tmp/unfreezing_ablation_frozen_60k0cium/data/PhysioNet2022/training_data/50014_TV.wav,1.0,0.30781496
/tmp/unfreezing_ablation_frozen_60k0cium/data/PhysioNet2022/training_data/50015_AV.wav,1.0,0.06465464
/tmp/unfreezing_ablation_frozen_60k0cium/data/PhysioNet2022/training_data/50015_MV.wav,1.0,0.5663701
/tmp/unfreezing_ablation_frozen_60k0cium/data/PhysioNet2022/training_data/50015_PV.wav,1.0,0.10395623
/tmp/unfreezing_ablation_frozen_60k0cium/data/PhysioNet2022/training_data/50015_TV.wav,1.0,0.04442821
/tmp/unfreezing_ablation_frozen_60k0cium/data/PhysioNet2022/training_data/50030_MV.wav,1.0,0.07522575
/tmp/unfreezing_ablation_frozen_60k0cium/data/PhysioNet2022/training_data/50030_PV.wav,1.0,0.103044204
/tmp/unfreezing_ablation_frozen_60k0cium/data/PhysioNet2022/training_data/50030_TV.wav,1.0,0.117898464
/tmp/unfreezing_ablation_frozen_60k0cium/data/PhysioNet2022/training_data/50032_PV.wav,1.0,0.14098445
/tmp/unfreezing_ablation_frozen_60k0cium/data/PhysioNet2022/training_data/50032_TV_1.wav,1.0,0.41752416
/tmp/unfreezing_ablation_frozen_60k0cium/data/PhysioNet2022/training_data/50032_TV_2.wav,1.0,0.1356249
/tmp/unfreezing_ablation_frozen_60k0cium/data/PhysioNet2022/training_data/50034_AV.wav,1.0,0.30607522
/tmp/unfreezing_ablation_frozen_60k0cium/data/PhysioNet2022/training_data/50034_MV.wav,1.0,0.276538
/tmp/unfreezing_ablation_frozen_60k0cium/data/PhysioNet2022/training_data/50037_AV.wav,1.0,0.1731961
/tmp/unfreezing_ablation_frozen_60k0cium/data/PhysioNet2022/training_data/50037_MV.wav,1.0,0.64420664
/tmp/unfreezing_ablation_frozen_60k0cium/data/PhysioNet2022/training_data/50053_AV.wav,1.0,0.2558158
/tmp/unfreezing_ablation_frozen_60k0cium/data/PhysioNet2022/training_data/50053_PV.wav,1.0,0.17214511
/tmp/unfreezing_ablation_frozen_60k0cium/data/PhysioNet2022/training_data/50053_TV.wav,1.0,0.12658086
/tmp/unfreezing_ablation_frozen_60k0cium/data/PhysioNet2022/training_data/50072_MV.wav,1.0,0.30749014
/tmp/unfreezing_ablation_frozen_60k0cium/data/PhysioNet2022/training_data/50072_PV.wav,1.0,0.04600426
/tmp/unfreezing_ablation_frozen_60k0cium/data/PhysioNet2022/training_data/50072_TV.wav,1.0,0.03841853
/tmp/unfreezing_ablation_frozen_60k0cium/data/PhysioNet2022/training_data/50075_AV.wav,1.0,0.08688342
/tmp/unfreezing_ablation_frozen_60k0cium/data/PhysioNet2022/training_data/50075_MV.wav,1.0,0.12429633
/tmp/unfreezing_ablation_frozen_60k0cium/data/PhysioNet2022/training_data/50078_AV.wav,1.0,0.13705394
/tmp/unfreezing_ablation_frozen_60k0cium/data/PhysioNet2022/training_data/50078_MV.wav,1.0,0.13435282
/tmp/unfreezing_ablation_frozen_60k0cium/data/PhysioNet2022/training_data/50078_PV.wav,1.0,0.12358439
/tmp/unfreezing_ablation_frozen_60k0cium/data/PhysioNet2022/training_data/50078_TV.wav,1.0,0.41583568
/tmp/unfreezing_ablation_frozen_60k0cium/data/PhysioNet2022/training_data/50086_MV.wav,1.0,0.028518828
/tmp/unfreezing_ablation_frozen_60k0cium/data/PhysioNet2022/training_data/50086_PV.wav,1.0,0.31391567
/tmp/unfreezing_ablation_frozen_60k0cium/data/PhysioNet2022/training_data/50086_TV.wav,1.0,0.15184204
/tmp/unfreezing_ablation_frozen_60k0cium/data/PhysioNet2022/training_data/50094_MV.wav,1.0,0.12790108
/tmp/unfreezing_ablation_frozen_60k0cium/data/PhysioNet2022/training_data/50094_PV.wav,1.0,0.038473293
/tmp/unfreezing_ablation_frozen_60k0cium/data/PhysioNet2022/training_data/50094_TV.wav,1.0,0.031731654
/tmp/unfreezing_ablation_frozen_60k0cium/data/PhysioNet2022/training_data/50096_AV.wav,1.0,0.30490616
/tmp/unfreezing_ablation_frozen_60k0cium/data/PhysioNet2022/training_data/50096_MV.wav,1.0,0.086604655
/tmp/unfreezing_ablation_frozen_60k0cium/data/PhysioNet2022/training_data/50096_PV.wav,1.0,0.07968051
/tmp/unfreezing_ablation_frozen_60k0cium/data/PhysioNet2022/training_data/50096_TV.wav,1.0,0.032568388
/tmp/unfreezing_ablation_frozen_60k0cium/data/PhysioNet2022/training_data/50099_MV.wav,1.0,0.11425391
/tmp/unfreezing_ablation_frozen_60k0cium/data/PhysioNet2022/training_data/50099_PV.wav,1.0,0.27115625
/tmp/unfreezing_ablation_frozen_60k0cium/data/PhysioNet2022/training_data/50099_TV.wav,1.0,0.2567542
/tmp/unfreezing_ablation_frozen_60k0cium/data/PhysioNet2022/training_data/50104_AV.wav,1.0,0.10346197
/tmp/unfreezing_ablation_frozen_60k0cium/data/PhysioNet2022/training_data/50104_MV.wav,1.0,0.13236426
/tmp/unfreezing_ablation_frozen_60k0cium/data/PhysioNet2022/training_data/50104_PV.wav,1.0,0.053990424
/tmp/unfreezing_ablation_frozen_60k0cium/data/PhysioNet2022/training_data/50104_TV.wav,1.0,0.13649371
/tmp/unfreezing_ablation_frozen_60k0cium/data/PhysioNet2022/training_data/50115_AV.wav,1.0,0.023044692
/tmp/unfreezing_ablation_frozen_60k0cium/data/PhysioNet2022/training_data/50115_MV.wav,1.0,0.019853234
/tmp/unfreezing_ablation_frozen_60k0cium/data/PhysioNet2022/training_data/50115_PV_1.wav,1.0,0.08049603
/tmp/unfreezing_ablation_frozen_60k0cium/data/PhysioNet2022/training_data/50115_PV_2.wav,1.0,0.055287085
/tmp/unfreezing_ablation_frozen_60k0cium/data/PhysioNet2022/training_data/50115_TV_1.wav,1.0,0.11420929
/tmp/unfreezing_ablation_frozen_60k0cium/data/PhysioNet2022/training_data/50115_TV_2.wav,1.0,0.24679516
/tmp/unfreezing_ablation_frozen_60k0cium/data/PhysioNet2022/training_data/50116_AV.wav,1.0,0.975415
/tmp/unfreezing_ablation_frozen_60k0cium/data/PhysioNet2022/training_data/50116_MV.wav,1.0,0.041142166
/tmp/unfreezing_ablation_frozen_60k0cium/data/PhysioNet2022/training_data/50116_PV.wav,1.0,0.39594328
/tmp/unfreezing_ablation_frozen_60k0cium/data/PhysioNet2022/training_data/50116_TV.wav,1.0,0.29174602
/tmp/unfreezing_ablation_frozen_60k0cium/data/PhysioNet2022/training_data/50117_MV.wav,1.0,0.35897344
/tmp/unfreezing_ablation_frozen_60k0cium/data/PhysioNet2022/training_data/50117_PV.wav,1.0,0.074953176
/tmp/unfreezing_ablation_frozen_60k0cium/data/PhysioNet2022/training_data/50117_TV.wav,1.0,0.18574207
/tmp/unfreezing_ablation_frozen_60k0cium/data/PhysioNet2022/training_data/50121_PV.wav,1.0,0.08748703
/tmp/unfreezing_ablation_frozen_60k0cium/data/PhysioNet2022/training_data/50121_TV.wav,1.0,0.14159906
/tmp/unfreezing_ablation_frozen_60k0cium/data/PhysioNet2022/training_data/50123_MV.wav,1.0,0.056043357
/tmp/unfreezing_ablation_frozen_60k0cium/data/PhysioNet2022/training_data/50126_AV.wav,1.0,0.020454487
/tmp/unfreezing_ablation_frozen_60k0cium/data/PhysioNet2022/training_data/50126_MV.wav,1.0,0.051675767
/tmp/unfreezing_ablation_frozen_60k0cium/data/PhysioNet2022/training_data/50126_PV.wav,1.0,0.42231974
/tmp/unfreezing_ablation_frozen_60k0cium/data/PhysioNet2022/training_data/50126_TV.wav,1.0,0.08082441
/tmp/unfreezing_ablation_frozen_60k0cium/data/PhysioNet2022/training_data/50128_AV.wav,1.0,0.062329978
/tmp/unfreezing_ablation_frozen_60k0cium/data/PhysioNet2022/training_data/50128_MV.wav,1.0,0.07992718
/tmp/unfreezing_ablation_frozen_60k0cium/data/PhysioNet2022/training_data/50128_PV.wav,1.0,0.092127696
/tmp/unfreezing_ablation_frozen_60k0cium/data/PhysioNet2022/training_data/50128_TV.wav,1.0,0.62608737
/tmp/unfreezing_ablation_frozen_60k0cium/data/PhysioNet2022/training_data/50133_MV.wav,1.0,0.35453814
/tmp/unfreezing_ablation_frozen_60k0cium/data/PhysioNet2022/training_data/50136_AV.wav,1.0,0.070598975
/tmp/unfreezing_ablation_frozen_60k0cium/data/PhysioNet2022/training_data/50136_MV.wav,1.0,0.024753798
/tmp/unfreezing_ablation_frozen_60k0cium/data/PhysioNet2022/training_data/50137_MV.wav,1.0,0.12537184
/tmp/unfreezing_ablation_frozen_60k0cium/data/PhysioNet2022/training_data/50137_PV.wav,1.0,0.24582116
/tmp/unfreezing_ablation_frozen_60k0cium/data/PhysioNet2022/training_data/50137_TV.wav,1.0,0.21498509
/tmp/unfreezing_ablation_frozen_60k0cium/data/PhysioNet2022/training_data/50138_AV.wav,1.0,0.11216972
/tmp/unfreezing_ablation_frozen_60k0cium/data/PhysioNet2022/training_data/50138_MV.wav,1.0,0.025607554
/tmp/unfreezing_ablation_frozen_60k0cium/data/PhysioNet2022/training_data/50141_AV.wav,1.0,0.10667587
/tmp/unfreezing_ablation_frozen_60k0cium/data/PhysioNet2022/training_data/50142_AV.wav,1.0,0.27094713
/tmp/unfreezing_ablation_frozen_60k0cium/data/PhysioNet2022/training_data/50142_MV.wav,1.0,0.22656493
/tmp/unfreezing_ablation_frozen_60k0cium/data/PhysioNet2022/training_data/50145_MV.wav,1.0,0.040656436
/tmp/unfreezing_ablation_frozen_60k0cium/data/PhysioNet2022/training_data/50149_MV.wav,1.0,0.03354406
/tmp/unfreezing_ablation_frozen_60k0cium/data/PhysioNet2022/training_data/50149_PV.wav,1.0,0.1872712
/tmp/unfreezing_ablation_frozen_60k0cium/data/PhysioNet2022/training_data/50150_AV.wav,1.0,0.0706907
/tmp/unfreezing_ablation_frozen_60k0cium/data/PhysioNet2022/training_data/50150_MV.wav,1.0,0.07935624
/tmp/unfreezing_ablation_frozen_60k0cium/data/PhysioNet2022/training_data/50150_PV.wav,1.0,0.27351952
/tmp/unfreezing_ablation_frozen_60k0cium/data/PhysioNet2022/training_data/50150_TV.wav,1.0,0.03720976
/tmp/unfreezing_ablation_frozen_60k0cium/data/PhysioNet2022/training_data/50153_AV.wav,1.0,0.20475665
/tmp/unfreezing_ablation_frozen_60k0cium/data/PhysioNet2022/training_data/50153_MV.wav,1.0,0.29986894
/tmp/unfreezing_ablation_frozen_60k0cium/data/PhysioNet2022/training_data/50159_MV.wav,1.0,0.1450707
/tmp/unfreezing_ablation_frozen_60k0cium/data/PhysioNet2022/training_data/50159_PV.wav,1.0,0.048731823
/tmp/unfreezing_ablation_frozen_60k0cium/data/PhysioNet2022/training_data/50159_TV.wav,1.0,0.417279
/tmp/unfreezing_ablation_frozen_60k0cium/data/PhysioNet2022/training_data/50164_MV.wav,1.0,0.020104926
/tmp/unfreezing_ablation_frozen_60k0cium/data/PhysioNet2022/training_data/50164_PV.wav,1.0,0.02495892
/tmp/unfreezing_ablation_frozen_60k0cium/data/PhysioNet2022/training_data/50164_TV.wav,1.0,0.17391731
/tmp/unfreezing_ablation_frozen_60k0cium/data/PhysioNet2022/training_data/50165_AV.wav,1.0,0.12919934
/tmp/unfreezing_ablation_frozen_60k0cium/data/PhysioNet2022/training_data/50165_MV.wav,1.0,0.33805835
/tmp/unfreezing_ablation_frozen_60k0cium/data/PhysioNet2022/training_data/50165_PV.wav,1.0,0.387516
/tmp/unfreezing_ablation_frozen_60k0cium/data/PhysioNet2022/training_data/50166_MV.wav,1.0,0.1608193
/tmp/unfreezing_ablation_frozen_60k0cium/data/PhysioNet2022/training_data/50213_AV.wav,1.0,0.27945864
/tmp/unfreezing_ablation_frozen_60k0cium/data/PhysioNet2022/training_data/50213_MV.wav,1.0,0.19845293
/tmp/unfreezing_ablation_frozen_60k0cium/data/PhysioNet2022/training_data/50213_PV.wav,1.0,0.05494922
/tmp/unfreezing_ablation_frozen_60k0cium/data/PhysioNet2022/training_data/50213_TV.wav,1.0,0.7000507
/tmp/unfreezing_ablation_frozen_60k0cium/data/PhysioNet2022/training_data/50241_MV.wav,1.0,0.17925389
/tmp/unfreezing_ablation_frozen_60k0cium/data/PhysioNet2022/training_data/50244_AV.wav,1.0,0.06817975
/tmp/unfreezing_ablation_frozen_60k0cium/data/PhysioNet2022/training_data/50244_MV.wav,1.0,0.6083781
/tmp/unfreezing_ablation_frozen_60k0cium/data/PhysioNet2022/training_data/50244_PV.wav,1.0,0.28179917
/tmp/unfreezing_ablation_frozen_60k0cium/data/PhysioNet2022/training_data/50244_TV.wav,1.0,0.08899386
/tmp/unfreezing_ablation_frozen_60k0cium/data/PhysioNet2022/training_data/50247_AV.wav,1.0,0.110292286
/tmp/unfreezing_ablation_frozen_60k0cium/data/PhysioNet2022/training_data/50247_MV.wav,1.0,0.14823844
/tmp/unfreezing_ablation_frozen_60k0cium/data/PhysioNet2022/training_data/50247_PV.wav,1.0,0.14737768
/tmp/unfreezing_ablation_frozen_60k0cium/data/PhysioNet2022/training_data/50248_TV.wav,1.0,0.81131643
/tmp/unfreezing_ablation_frozen_60k0cium/data/PhysioNet2022/training_data/50250_AV.wav,1.0,0.4304487
/tmp/unfreezing_ablation_frozen_60k0cium/data/PhysioNet2022/training_data/50250_MV.wav,1.0,0.18811636
/tmp/unfreezing_ablation_frozen_60k0cium/data/PhysioNet2022/training_data/50250_PV.wav,1.0,0.032717418
/tmp/unfreezing_ablation_frozen_60k0cium/data/PhysioNet2022/training_data/50250_TV_1.wav,1.0,0.0894743
/tmp/unfreezing_ablation_frozen_60k0cium/data/PhysioNet2022/training_data/50250_TV_2.wav,1.0,0.7875689
/tmp/unfreezing_ablation_frozen_60k0cium/data/PhysioNet2022/training_data/50251_AV.wav,1.0,0.140521
/tmp/unfreezing_ablation_frozen_60k0cium/data/PhysioNet2022/training_data/50251_MV.wav,1.0,0.1864405
/tmp/unfreezing_ablation_frozen_60k0cium/data/PhysioNet2022/training_data/50256_AV.wav,1.0,0.11987129
/tmp/unfreezing_ablation_frozen_60k0cium/data/PhysioNet2022/training_data/50256_MV.wav,1.0,0.07479376
/tmp/unfreezing_ablation_frozen_60k0cium/data/PhysioNet2022/training_data/50256_PV.wav,1.0,0.18842018
/tmp/unfreezing_ablation_frozen_60k0cium/data/PhysioNet2022/training_data/50256_TV.wav,1.0,0.15174164
/tmp/unfreezing_ablation_frozen_60k0cium/data/PhysioNet2022/training_data/50264_AV.wav,1.0,0.2270851
/tmp/unfreezing_ablation_frozen_60k0cium/data/PhysioNet2022/training_data/50264_MV.wav,1.0,0.17593047
/tmp/unfreezing_ablation_frozen_60k0cium/data/PhysioNet2022/training_data/50272_AV.wav,1.0,0.209064
/tmp/unfreezing_ablation_frozen_60k0cium/data/PhysioNet2022/training_data/50272_MV.wav,1.0,0.36709243
/tmp/unfreezing_ablation_frozen_60k0cium/data/PhysioNet2022/training_data/50272_PV.wav,1.0,0.03550174
/tmp/unfreezing_ablation_frozen_60k0cium/data/PhysioNet2022/training_data/50272_TV.wav,1.0,0.71530354
/tmp/unfreezing_ablation_frozen_60k0cium/data/PhysioNet2022/training_data/50273_AV.wav,1.0,0.613551
/tmp/unfreezing_ablation_frozen_60k0cium/data/PhysioNet2022/training_data/50273_MV.wav,1.0,0.1448304
/tmp/unfreezing_ablation_frozen_60k0cium/data/PhysioNet2022/training_data/50273_PV.wav,1.0,0.107106976
/tmp/unfreezing_ablation_frozen_60k0cium/data/PhysioNet2022/training_data/50273_TV.wav,1.0,0.113936044
/tmp/unfreezing_ablation_frozen_60k0cium/data/PhysioNet2022/training_data/50275_AV.wav,1.0,0.14099152
/tmp/unfreezing_ablation_frozen_60k0cium/data/PhysioNet2022/training_data/50275_MV.wav,1.0,0.18221073
/tmp/unfreezing_ablation_frozen_60k0cium/data/PhysioNet2022/training_data/50275_PV.wav,1.0,0.16820423
/tmp/unfreezing_ablation_frozen_60k0cium/data/PhysioNet2022/training_data/50275_TV.wav,1.0,0.020302223
/tmp/unfreezing_ablation_frozen_60k0cium/data/PhysioNet2022/training_data/50285_MV.wav,1.0,0.296063
/tmp/unfreezing_ablation_frozen_60k0cium/data/PhysioNet2022/training_data/50295_AV.wav,1.0,0.25934008
/tmp/unfreezing_ablation_frozen_60k0cium/data/PhysioNet2022/training_data/50295_MV.wav,1.0,0.2517658
/tmp/unfreezing_ablation_frozen_60k0cium/data/PhysioNet2022/training_data/50295_PV.wav,1.0,0.19865131
/tmp/unfreezing_ablation_frozen_60k0cium/data/PhysioNet2022/training_data/50295_TV.wav,1.0,0.3929681
/tmp/unfreezing_ablation_frozen_60k0cium/data/PhysioNet2022/training_data/50296_AV.wav,1.0,0.13028167
/tmp/unfreezing_ablation_frozen_60k0cium/data/PhysioNet2022/training_data/50296_MV.wav,1.0,0.14858642
/tmp/unfreezing_ablation_frozen_60k0cium/data/PhysioNet2022/training_data/50296_PV.wav,1.0,0.18469642
/tmp/unfreezing_ablation_frozen_60k0cium/data/PhysioNet2022/training_data/50296_TV.wav,1.0,0.016402518
/tmp/unfreezing_ablation_frozen_60k0cium/data/PhysioNet2022/training_data/50304_PV.wav,1.0,0.3246031
/tmp/unfreezing_ablation_frozen_60k0cium/data/PhysioNet2022/training_data/50306_AV.wav,1.0,0.21910095
/tmp/unfreezing_ablation_frozen_60k0cium/data/PhysioNet2022/training_data/50306_MV.wav,1.0,0.038996525
/tmp/unfreezing_ablation_frozen_60k0cium/data/PhysioNet2022/training_data/50306_PV.wav,1.0,0.10306742
/tmp/unfreezing_ablation_frozen_60k0cium/data/PhysioNet2022/training_data/50306_TV.wav,1.0,0.079136506
/tmp/unfreezing_ablation_frozen_60k0cium/data/PhysioNet2022/training_data/50311_MV.wav,1.0,0.22942501
/tmp/unfreezing_ablation_frozen_60k0cium/data/PhysioNet2022/training_data/50311_PV.wav,1.0,0.010416411
/tmp/unfreezing_ablation_frozen_60k0cium/data/PhysioNet2022/training_data/50311_TV.wav,1.0,0.033882897
/tmp/unfreezing_ablation_frozen_60k0cium/data/PhysioNet2022/training_data/50319_AV.wav,1.0,0.18922308
/tmp/unfreezing_ablation_frozen_60k0cium/data/PhysioNet2022/training_data/50319_MV.wav,1.0,0.053108364
/tmp/unfreezing_ablation_frozen_60k0cium/data/PhysioNet2022/training_data/50319_PV.wav,1.0,0.0532699
/tmp/unfreezing_ablation_frozen_60k0cium/data/PhysioNet2022/training_data/50319_TV.wav,1.0,0.015438889
/tmp/unfreezing_ablation_frozen_60k0cium/data/PhysioNet2022/training_data/50321_AV_1.wav,1.0,0.1923463
/tmp/unfreezing_ablation_frozen_60k0cium/data/PhysioNet2022/training_data/50321_AV_2.wav,1.0,0.045147583
/tmp/unfreezing_ablation_frozen_60k0cium/data/PhysioNet2022/training_data/50321_MV_1.wav,1.0,0.02306822
/tmp/unfreezing_ablation_frozen_60k0cium/data/PhysioNet2022/training_data/50321_MV_2.wav,1.0,0.073846735
/tmp/unfreezing_ablation_frozen_60k0cium/data/PhysioNet2022/training_data/50327_AV.wav,1.0,0.113521464
/tmp/unfreezing_ablation_frozen_60k0cium/data/PhysioNet2022/training_data/50327_MV.wav,1.0,0.44493693
/tmp/unfreezing_ablation_frozen_60k0cium/data/PhysioNet2022/training_data/50327_PV.wav,1.0,0.42609656
/tmp/unfreezing_ablation_frozen_60k0cium/data/PhysioNet2022/training_data/50327_TV.wav,1.0,0.052041244
/tmp/unfreezing_ablation_frozen_60k0cium/data/PhysioNet2022/training_data/50332_AV.wav,1.0,0.023130456
/tmp/unfreezing_ablation_frozen_60k0cium/data/PhysioNet2022/training_data/50332_MV.wav,1.0,0.4204643
/tmp/unfreezing_ablation_frozen_60k0cium/data/PhysioNet2022/training_data/50334_AV.wav,1.0,0.06705678
/tmp/unfreezing_ablation_frozen_60k0cium/data/PhysioNet2022/training_data/50334_MV.wav,1.0,0.17206503
/tmp/unfreezing_ablation_frozen_60k0cium/data/PhysioNet2022/training_data/50334_PV.wav,1.0,0.066792965
/tmp/unfreezing_ablation_frozen_60k0cium/data/PhysioNet2022/training_data/50334_TV.wav,1.0,0.07568465
/tmp/unfreezing_ablation_frozen_60k0cium/data/PhysioNet2022/training_data/50341_AV.wav,1.0,0.088686705
/tmp/unfreezing_ablation_frozen_60k0cium/data/PhysioNet2022/training_data/50341_MV.wav,1.0,0.18712701
/tmp/unfreezing_ablation_frozen_60k0cium/data/PhysioNet2022/training_data/50342_AV.wav,1.0,0.019749913
/tmp/unfreezing_ablation_frozen_60k0cium/data/PhysioNet2022/training_data/50342_MV.wav,1.0,0.11012528
/tmp/unfreezing_ablation_frozen_60k0cium/data/PhysioNet2022/training_data/50350_AV.wav,1.0,0.09439215
/tmp/unfreezing_ablation_frozen_60k0cium/data/PhysioNet2022/training_data/50350_MV.wav,1.0,0.02583084
/tmp/unfreezing_ablation_frozen_60k0cium/data/PhysioNet2022/training_data/50350_PV.wav,1.0,0.10797247
/tmp/unfreezing_ablation_frozen_60k0cium/data/PhysioNet2022/training_data/50350_TV.wav,1.0,0.061630245
/tmp/unfreezing_ablation_frozen_60k0cium/data/PhysioNet2022/training_data/50352_AV.wav,1.0,0.078795716
/tmp/unfreezing_ablation_frozen_60k0cium/data/PhysioNet2022/training_data/50352_PV.wav,1.0,0.23418903
/tmp/unfreezing_ablation_frozen_60k0cium/data/PhysioNet2022/training_data/50352_TV.wav,1.0,0.45762298
/tmp/unfreezing_ablation_frozen_60k0cium/data/PhysioNet2022/training_data/50354_AV.wav,1.0,0.07466335
/tmp/unfreezing_ablation_frozen_60k0cium/data/PhysioNet2022/training_data/50354_MV.wav,1.0,0.096376136
/tmp/unfreezing_ablation_frozen_60k0cium/data/PhysioNet2022/training_data/50354_PV.wav,1.0,0.85001975
/tmp/unfreezing_ablation_frozen_60k0cium/data/PhysioNet2022/training_data/50354_TV.wav,1.0,0.102046296
/tmp/unfreezing_ablation_frozen_60k0cium/data/PhysioNet2022/training_data/50375_AV.wav,1.0,0.74307024
/tmp/unfreezing_ablation_frozen_60k0cium/data/PhysioNet2022/training_data/50375_MV.wav,1.0,0.11439569
/tmp/unfreezing_ablation_frozen_60k0cium/data/PhysioNet2022/training_data/50384_AV.wav,1.0,0.0894723
/tmp/unfreezing_ablation_frozen_60k0cium/data/PhysioNet2022/training_data/50384_MV.wav,1.0,0.08217044
/tmp/unfreezing_ablation_frozen_60k0cium/data/PhysioNet2022/training_data/50384_PV.wav,1.0,0.42987028
/tmp/unfreezing_ablation_frozen_60k0cium/data/PhysioNet2022/training_data/50384_TV.wav,1.0,0.059378825
/tmp/unfreezing_ablation_frozen_60k0cium/data/PhysioNet2022/training_data/50628_AV.wav,1.0,0.027453778
/tmp/unfreezing_ablation_frozen_60k0cium/data/PhysioNet2022/training_data/50628_MV.wav,1.0,0.083082706
/tmp/unfreezing_ablation_frozen_60k0cium/data/PhysioNet2022/training_data/50635_AV.wav,1.0,0.20271185
/tmp/unfreezing_ablation_frozen_60k0cium/data/PhysioNet2022/training_data/50635_MV.wav,1.0,0.36507085
/tmp/unfreezing_ablation_frozen_60k0cium/data/PhysioNet2022/training_data/50635_PV.wav,1.0,0.042373285
/tmp/unfreezing_ablation_frozen_60k0cium/data/PhysioNet2022/training_data/50635_TV.wav,1.0,0.030236105
/tmp/unfreezing_ablation_frozen_60k0cium/data/PhysioNet2022/training_data/50658_AV.wav,1.0,0.08027102
/tmp/unfreezing_ablation_frozen_60k0cium/data/PhysioNet2022/training_data/50658_MV.wav,1.0,0.033779405
/tmp/unfreezing_ablation_frozen_60k0cium/data/PhysioNet2022/training_data/50658_PV.wav,1.0,0.7202117
/tmp/unfreezing_ablation_frozen_60k0cium/data/PhysioNet2022/training_data/50658_TV.wav,1.0,0.45309147
/tmp/unfreezing_ablation_frozen_60k0cium/data/PhysioNet2022/training_data/50661_AV.wav,1.0,0.02028741
/tmp/unfreezing_ablation_frozen_60k0cium/data/PhysioNet2022/training_data/50661_MV.wav,1.0,0.107278295
/tmp/unfreezing_ablation_frozen_60k0cium/data/PhysioNet2022/training_data/50665_PV.wav,1.0,0.38559562
/tmp/unfreezing_ablation_frozen_60k0cium/data/PhysioNet2022/training_data/50665_TV.wav,1.0,0.14599991
/tmp/unfreezing_ablation_frozen_60k0cium/data/PhysioNet2022/training_data/50673_AV.wav,1.0,0.16574436
/tmp/unfreezing_ablation_frozen_60k0cium/data/PhysioNet2022/training_data/50673_MV.wav,1.0,0.48019692
/tmp/unfreezing_ablation_frozen_60k0cium/data/PhysioNet2022/training_data/50673_PV.wav,1.0,0.054716
/tmp/unfreezing_ablation_frozen_60k0cium/data/PhysioNet2022/training_data/50673_TV.wav,1.0,0.03968706
/tmp/unfreezing_ablation_frozen_60k0cium/data/PhysioNet2022/training_data/50687_AV.wav,1.0,0.043891344
/tmp/unfreezing_ablation_frozen_60k0cium/data/PhysioNet2022/training_data/50687_MV.wav,1.0,0.06891296
/tmp/unfreezing_ablation_frozen_60k0cium/data/PhysioNet2022/training_data/50687_PV.wav,1.0,0.522671
/tmp/unfreezing_ablation_frozen_60k0cium/data/PhysioNet2022/training_data/50687_TV.wav,1.0,0.070615076
/tmp/unfreezing_ablation_frozen_60k0cium/data/PhysioNet2022/training_data/50688_AV.wav,1.0,0.2174009
/tmp/unfreezing_ablation_frozen_60k0cium/data/PhysioNet2022/training_data/50688_MV.wav,1.0,0.26226994
/tmp/unfreezing_ablation_frozen_60k0cium/data/PhysioNet2022/training_data/50688_PV.wav,1.0,0.17993739
/tmp/unfreezing_ablation_frozen_60k0cium/data/PhysioNet2022/training_data/50688_TV.wav,1.0,0.05070207
/tmp/unfreezing_ablation_frozen_60k0cium/data/PhysioNet2022/training_data/50690_AV.wav,1.0,0.020969842
/tmp/unfreezing_ablation_frozen_60k0cium/data/PhysioNet2022/training_data/50690_MV_1.wav,1.0,0.4420611
/tmp/unfreezing_ablation_frozen_60k0cium/data/PhysioNet2022/training_data/50690_MV_2.wav,1.0,0.13700038
/tmp/unfreezing_ablation_frozen_60k0cium/data/PhysioNet2022/training_data/50690_PV.wav,1.0,0.06287313
/tmp/unfreezing_ablation_frozen_60k0cium/data/PhysioNet2022/training_data/50690_TV.wav,1.0,0.06067759
/tmp/unfreezing_ablation_frozen_60k0cium/data/PhysioNet2022/training_data/50693_AV.wav,1.0,0.042048045
/tmp/unfreezing_ablation_frozen_60k0cium/data/PhysioNet2022/training_data/50693_MV.wav,1.0,0.15124743
/tmp/unfreezing_ablation_frozen_60k0cium/data/PhysioNet2022/training_data/50693_PV.wav,1.0,0.6370891
/tmp/unfreezing_ablation_frozen_60k0cium/data/PhysioNet2022/training_data/50693_TV.wav,1.0,0.05483763
/tmp/unfreezing_ablation_frozen_60k0cium/data/PhysioNet2022/training_data/50699_AV.wav,1.0,0.19614999
/tmp/unfreezing_ablation_frozen_60k0cium/data/PhysioNet2022/training_data/50699_MV.wav,1.0,0.14316183
/tmp/unfreezing_ablation_frozen_60k0cium/data/PhysioNet2022/training_data/50699_PV.wav,1.0,0.09158224
/tmp/unfreezing_ablation_frozen_60k0cium/data/PhysioNet2022/training_data/50699_TV.wav,1.0,0.08357964
/tmp/unfreezing_ablation_frozen_60k0cium/data/PhysioNet2022/training_data/50722_MV.wav,1.0,0.20244275
/tmp/unfreezing_ablation_frozen_60k0cium/data/PhysioNet2022/training_data/50722_PV.wav,1.0,0.07014494
/tmp/unfreezing_ablation_frozen_60k0cium/data/PhysioNet2022/training_data/50722_TV.wav,1.0,0.4269787
/tmp/unfreezing_ablation_frozen_60k0cium/data/PhysioNet2022/training_data/50727_AV.wav,1.0,0.018962972
/tmp/unfreezing_ablation_frozen_60k0cium/data/PhysioNet2022/training_data/50727_MV.wav,1.0,0.1804309
/tmp/unfreezing_ablation_frozen_60k0cium/data/PhysioNet2022/training_data/50729_AV.wav,1.0,0.16673951
/tmp/unfreezing_ablation_frozen_60k0cium/data/PhysioNet2022/training_data/50729_MV.wav,1.0,0.06110187
/tmp/unfreezing_ablation_frozen_60k0cium/data/PhysioNet2022/training_data/50731_MV.wav,1.0,0.7044912
/tmp/unfreezing_ablation_frozen_60k0cium/data/PhysioNet2022/training_data/50731_PV.wav,1.0,0.03530642
/tmp/unfreezing_ablation_frozen_60k0cium/data/PhysioNet2022/training_data/50731_TV.wav,1.0,0.046351004
/tmp/unfreezing_ablation_frozen_60k0cium/data/PhysioNet2022/training_data/50732_AV.wav,1.0,0.045884907
/tmp/unfreezing_ablation_frozen_60k0cium/data/PhysioNet2022/training_data/50732_MV.wav,1.0,0.028816542
/tmp/unfreezing_ablation_frozen_60k0cium/data/PhysioNet2022/training_data/50732_PV.wav,1.0,0.13255638
/tmp/unfreezing_ablation_frozen_60k0cium/data/PhysioNet2022/training_data/50732_TV.wav,1.0,0.1631938
/tmp/unfreezing_ablation_frozen_60k0cium/data/PhysioNet2022/training_data/50734_AV.wav,1.0,0.053861722
/tmp/unfreezing_ablation_frozen_60k0cium/data/PhysioNet2022/training_data/50734_MV.wav,1.0,0.12778609
/tmp/unfreezing_ablation_frozen_60k0cium/data/PhysioNet2022/training_data/50734_PV.wav,1.0,0.261838
/tmp/unfreezing_ablation_frozen_60k0cium/data/PhysioNet2022/training_data/50734_Phc.wav,1.0,0.20020828
/tmp/unfreezing_ablation_frozen_60k0cium/data/PhysioNet2022/training_data/50734_TV.wav,1.0,0.028838417
/tmp/unfreezing_ablation_frozen_60k0cium/data/PhysioNet2022/training_data/50737_MV.wav,1.0,0.062647544
/tmp/unfreezing_ablation_frozen_60k0cium/data/PhysioNet2022/training_data/50737_PV.wav,1.0,0.15879804
/tmp/unfreezing_ablation_frozen_60k0cium/data/PhysioNet2022/training_data/50737_TV.wav,1.0,0.112643085
/tmp/unfreezing_ablation_frozen_60k0cium/data/PhysioNet2022/training_data/50738_AV.wav,1.0,0.14918798
/tmp/unfreezing_ablation_frozen_60k0cium/data/PhysioNet2022/training_data/50738_MV.wav,1.0,0.07678785
/tmp/unfreezing_ablation_frozen_60k0cium/data/PhysioNet2022/training_data/50738_PV.wav,1.0,0.38755402
/tmp/unfreezing_ablation_frozen_60k0cium/data/PhysioNet2022/training_data/50738_TV.wav,1.0,0.14555031
/tmp/unfreezing_ablation_frozen_60k0cium/data/PhysioNet2022/training_data/50743_AV_1.wav,1.0,0.040394124
/tmp/unfreezing_ablation_frozen_60k0cium/data/PhysioNet2022/training_data/50743_AV_2.wav,1.0,0.15701671
/tmp/unfreezing_ablation_frozen_60k0cium/data/PhysioNet2022/training_data/50743_AV_3.wav,1.0,0.05287031
/tmp/unfreezing_ablation_frozen_60k0cium/data/PhysioNet2022/training_data/50743_MV.wav,1.0,0.104047745
/tmp/unfreezing_ablation_frozen_60k0cium/data/PhysioNet2022/training_data/50747_AV.wav,1.0,0.16045326
/tmp/unfreezing_ablation_frozen_60k0cium/data/PhysioNet2022/training_data/50747_MV.wav,1.0,0.060518935
/tmp/unfreezing_ablation_frozen_60k0cium/data/PhysioNet2022/training_data/50747_PV.wav,1.0,0.03721891
/tmp/unfreezing_ablation_frozen_60k0cium/data/PhysioNet2022/training_data/50747_TV.wav,1.0,0.040923215
/tmp/unfreezing_ablation_frozen_60k0cium/data/PhysioNet2022/training_data/50748_AV.wav,1.0,0.10275262
/tmp/unfreezing_ablation_frozen_60k0cium/data/PhysioNet2022/training_data/50748_MV.wav,1.0,0.32325712
/tmp/unfreezing_ablation_frozen_60k0cium/data/PhysioNet2022/training_data/50749_AV.wav,1.0,0.4508994
/tmp/unfreezing_ablation_frozen_60k0cium/data/PhysioNet2022/training_data/50749_MV.wav,1.0,0.10108921
/tmp/unfreezing_ablation_frozen_60k0cium/data/PhysioNet2022/training_data/50749_PV.wav,1.0,0.73762774
/tmp/unfreezing_ablation_frozen_60k0cium/data/PhysioNet2022/training_data/50749_TV.wav,1.0,0.29386145
/tmp/unfreezing_ablation_frozen_60k0cium/data/PhysioNet2022/training_data/50756_AV.wav,1.0,0.10469212
/tmp/unfreezing_ablation_frozen_60k0cium/data/PhysioNet2022/training_data/50756_MV.wav,1.0,0.10023621
/tmp/unfreezing_ablation_frozen_60k0cium/data/PhysioNet2022/training_data/50756_PV.wav,1.0,0.17858611
/tmp/unfreezing_ablation_frozen_60k0cium/data/PhysioNet2022/training_data/50756_TV.wav,1.0,0.17291087
/tmp/unfreezing_ablation_frozen_60k0cium/data/PhysioNet2022/training_data/50757_AV.wav,1.0,0.38215414
/tmp/unfreezing_ablation_frozen_60k0cium/data/PhysioNet2022/training_data/50757_MV.wav,1.0,0.28695703
/tmp/unfreezing_ablation_frozen_60k0cium/data/PhysioNet2022/training_data/50757_PV.wav,1.0,0.26528037
/tmp/unfreezing_ablation_frozen_60k0cium/data/PhysioNet2022/training_data/50757_TV.wav,1.0,0.029720824
/tmp/unfreezing_ablation_frozen_60k0cium/data/PhysioNet2022/training_data/50772_AV.wav,1.0,0.11733606
/tmp/unfreezing_ablation_frozen_60k0cium/data/PhysioNet2022/training_data/50772_MV.wav,1.0,0.19406329
/tmp/unfreezing_ablation_frozen_60k0cium/data/PhysioNet2022/training_data/50772_PV.wav,1.0,0.3711681
/tmp/unfreezing_ablation_frozen_60k0cium/data/PhysioNet2022/training_data/50782_AV_1.wav,1.0,0.6576452
/tmp/unfreezing_ablation_frozen_60k0cium/data/PhysioNet2022/training_data/50782_AV_2.wav,1.0,0.017525962
/tmp/unfreezing_ablation_frozen_60k0cium/data/PhysioNet2022/training_data/50782_MV_1.wav,1.0,0.7161529
/tmp/unfreezing_ablation_frozen_60k0cium/data/PhysioNet2022/training_data/50782_MV_2.wav,1.0,0.05569449
/tmp/unfreezing_ablation_frozen_60k0cium/data/PhysioNet2022/training_data/50782_PV.wav,1.0,0.5722955
/tmp/unfreezing_ablation_frozen_60k0cium/data/PhysioNet2022/training_data/50782_TV.wav,1.0,0.06798761
/tmp/unfreezing_ablation_frozen_60k0cium/data/PhysioNet2022/training_data/50787_MV.wav,1.0,0.053334527
/tmp/unfreezing_ablation_frozen_60k0cium/data/PhysioNet2022/training_data/50790_AV.wav,1.0,0.24303952
/tmp/unfreezing_ablation_frozen_60k0cium/data/PhysioNet2022/training_data/50790_MV.wav,1.0,0.28529072
/tmp/unfreezing_ablation_frozen_60k0cium/data/PhysioNet2022/training_data/50795_AV.wav,1.0,0.59390426
/tmp/unfreezing_ablation_frozen_60k0cium/data/PhysioNet2022/training_data/50795_MV.wav,1.0,0.06155998
/tmp/unfreezing_ablation_frozen_60k0cium/data/PhysioNet2022/training_data/50796_MV.wav,1.0,0.4846571
/tmp/unfreezing_ablation_frozen_60k0cium/data/PhysioNet2022/training_data/50796_PV.wav,1.0,0.03479371
/tmp/unfreezing_ablation_frozen_60k0cium/data/PhysioNet2022/training_data/50796_TV.wav,1.0,0.09827386
/tmp/unfreezing_ablation_frozen_60k0cium/data/PhysioNet2022/training_data/50798_AV.wav,1.0,0.0508398
/tmp/unfreezing_ablation_frozen_60k0cium/data/PhysioNet2022/training_data/50798_MV.wav,1.0,0.1742051
/tmp/unfreezing_ablation_frozen_60k0cium/data/PhysioNet2022/training_data/50798_PV.wav,1.0,0.1778165
/tmp/unfreezing_ablation_frozen_60k0cium/data/PhysioNet2022/training_data/50798_TV.wav,1.0,0.078953356
/tmp/unfreezing_ablation_frozen_60k0cium/data/PhysioNet2022/training_data/50800_AV.wav,1.0,0.047210615
/tmp/unfreezing_ablation_frozen_60k0cium/data/PhysioNet2022/training_data/50800_MV.wav,1.0,0.61977977
/tmp/unfreezing_ablation_frozen_60k0cium/data/PhysioNet2022/training_data/50800_PV.wav,1.0,0.07440788
/tmp/unfreezing_ablation_frozen_60k0cium/data/PhysioNet2022/training_data/50800_TV.wav,1.0,0.49110848
/tmp/unfreezing_ablation_frozen_60k0cium/data/PhysioNet2022/training_data/50819_AV.wav,1.0,0.18644077
/tmp/unfreezing_ablation_frozen_60k0cium/data/PhysioNet2022/training_data/50819_MV.wav,1.0,0.08193573
/tmp/unfreezing_ablation_frozen_60k0cium/data/PhysioNet2022/training_data/50819_PV.wav,1.0,0.272935
/tmp/unfreezing_ablation_frozen_60k0cium/data/PhysioNet2022/training_data/50819_TV.wav,1.0,0.17464764
/tmp/unfreezing_ablation_frozen_60k0cium/data/PhysioNet2022/training_data/50822_AV.wav,1.0,0.052611962
/tmp/unfreezing_ablation_frozen_60k0cium/data/PhysioNet2022/training_data/50822_MV.wav,1.0,0.015113145
/tmp/unfreezing_ablation_frozen_60k0cium/data/PhysioNet2022/training_data/50822_PV.wav,1.0,0.22923206
/tmp/unfreezing_ablation_frozen_60k0cium/data/PhysioNet2022/training_data/50822_TV.wav,1.0,0.020290643
/tmp/unfreezing_ablation_frozen_60k0cium/data/PhysioNet2022/training_data/50829_AV.wav,1.0,0.23945454
/tmp/unfreezing_ablation_frozen_60k0cium/data/PhysioNet2022/training_data/50829_MV.wav,1.0,0.09893644
/tmp/unfreezing_ablation_frozen_60k0cium/data/PhysioNet2022/training_data/50829_PV.wav,1.0,0.16591936
/tmp/unfreezing_ablation_frozen_60k0cium/data/PhysioNet2022/training_data/57706_AV.wav,1.0,0.6886538
/tmp/unfreezing_ablation_frozen_60k0cium/data/PhysioNet2022/training_data/57706_MV.wav,1.0,0.081034705
/tmp/unfreezing_ablation_frozen_60k0cium/data/PhysioNet2022/training_data/57706_PV.wav,1.0,0.34680453
/tmp/unfreezing_ablation_frozen_60k0cium/data/PhysioNet2022/training_data/57706_TV.wav,1.0,0.32325077
/tmp/unfreezing_ablation_frozen_60k0cium/data/PhysioNet2022/training_data/68175_AV.wav,1.0,0.19582964
/tmp/unfreezing_ablation_frozen_60k0cium/data/PhysioNet2022/training_data/68175_MV.wav,1.0,0.122690044
/tmp/unfreezing_ablation_frozen_60k0cium/data/PhysioNet2022/training_data/68175_PV.wav,1.0,0.52928424
/tmp/unfreezing_ablation_frozen_60k0cium/data/PhysioNet2022/training_data/68175_TV.wav,1.0,0.041181404
/tmp/unfreezing_ablation_frozen_60k0cium/data/PhysioNet2022/training_data/68186_AV.wav,1.0,0.5402806
/tmp/unfreezing_ablation_frozen_60k0cium/data/PhysioNet2022/training_data/68186_MV.wav,1.0,0.08776656
/tmp/unfreezing_ablation_frozen_60k0cium/data/PhysioNet2022/training_data/68186_PV.wav,1.0,0.27920222
/tmp/unfreezing_ablation_frozen_60k0cium/data/PhysioNet2022/training_data/68186_TV.wav,1.0,0.5082444
/tmp/unfreezing_ablation_frozen_60k0cium/data/PhysioNet2022/training_data/68204_AV.wav,1.0,0.16549051
/tmp/unfreezing_ablation_frozen_60k0cium/data/PhysioNet2022/training_data/68204_MV.wav,1.0,0.23715799
/tmp/unfreezing_ablation_frozen_60k0cium/data/PhysioNet2022/training_data/68204_PV.wav,1.0,0.24787666
/tmp/unfreezing_ablation_frozen_60k0cium/data/PhysioNet2022/training_data/68204_TV.wav,1.0,0.0674194
/tmp/unfreezing_ablation_frozen_60k0cium/data/PhysioNet2022/training_data/68222_AV.wav,1.0,0.03101727
/tmp/unfreezing_ablation_frozen_60k0cium/data/PhysioNet2022/training_data/68222_MV.wav,1.0,0.032229934
/tmp/unfreezing_ablation_frozen_60k0cium/data/PhysioNet2022/training_data/68222_PV.wav,1.0,0.04004228
/tmp/unfreezing_ablation_frozen_60k0cium/data/PhysioNet2022/training_data/68222_TV.wav,1.0,0.02439102
/tmp/unfreezing_ablation_frozen_60k0cium/data/PhysioNet2022/training_data/68255_AV.wav,1.0,0.07729541
/tmp/unfreezing_ablation_frozen_60k0cium/data/PhysioNet2022/training_data/68255_MV.wav,1.0,0.13081095
/tmp/unfreezing_ablation_frozen_60k0cium/data/PhysioNet2022/training_data/68255_PV.wav,1.0,0.18952788
/tmp/unfreezing_ablation_frozen_60k0cium/data/PhysioNet2022/training_data/68255_TV.wav,1.0,0.10754837
/tmp/unfreezing_ablation_frozen_60k0cium/data/PhysioNet2022/training_data/68269_PV.wav,1.0,0.0512508
/tmp/unfreezing_ablation_frozen_60k0cium/data/PhysioNet2022/training_data/68269_TV.wav,1.0,0.3576966
/tmp/unfreezing_ablation_frozen_60k0cium/data/PhysioNet2022/training_data/68298_AV.wav,1.0,0.07786887
/tmp/unfreezing_ablation_frozen_60k0cium/data/PhysioNet2022/training_data/68298_MV.wav,1.0,0.07580327
/tmp/unfreezing_ablation_frozen_60k0cium/data/PhysioNet2022/training_data/68330_TV.wav,1.0,0.20194677
/tmp/unfreezing_ablation_frozen_60k0cium/data/PhysioNet2022/training_data/68347_AV.wav,1.0,0.17970073
/tmp/unfreezing_ablation_frozen_60k0cium/data/PhysioNet2022/training_data/68347_MV.wav,1.0,0.1239383
/tmp/unfreezing_ablation_frozen_60k0cium/data/PhysioNet2022/training_data/68347_PV.wav,1.0,0.05559711
/tmp/unfreezing_ablation_frozen_60k0cium/data/PhysioNet2022/training_data/68347_TV.wav,1.0,0.11637096
/tmp/unfreezing_ablation_frozen_60k0cium/data/PhysioNet2022/training_data/68359_AV.wav,1.0,0.04730173
/tmp/unfreezing_ablation_frozen_60k0cium/data/PhysioNet2022/training_data/68359_MV.wav,1.0,0.05024798
/tmp/unfreezing_ablation_frozen_60k0cium/data/PhysioNet2022/training_data/68359_PV.wav,1.0,0.07750944
/tmp/unfreezing_ablation_frozen_60k0cium/data/PhysioNet2022/training_data/68359_TV.wav,1.0,0.1141344
/tmp/unfreezing_ablation_frozen_60k0cium/data/PhysioNet2022/training_data/68377_AV.wav,1.0,0.039442033
/tmp/unfreezing_ablation_frozen_60k0cium/data/PhysioNet2022/training_data/68377_MV.wav,1.0,0.40483102
/tmp/unfreezing_ablation_frozen_60k0cium/data/PhysioNet2022/training_data/68377_PV.wav,1.0,0.08008458
/tmp/unfreezing_ablation_frozen_60k0cium/data/PhysioNet2022/training_data/68377_TV.wav,1.0,0.18236274
/tmp/unfreezing_ablation_frozen_60k0cium/data/PhysioNet2022/training_data/68427_AV.wav,1.0,0.046344273
/tmp/unfreezing_ablation_frozen_60k0cium/data/PhysioNet2022/training_data/68427_MV.wav,1.0,0.8296851
/tmp/unfreezing_ablation_frozen_60k0cium/data/PhysioNet2022/training_data/68427_PV.wav,1.0,0.045476727
/tmp/unfreezing_ablation_frozen_60k0cium/data/PhysioNet2022/training_data/68427_TV.wav,1.0,0.052949745
/tmp/unfreezing_ablation_frozen_60k0cium/data/PhysioNet2022/training_data/68432_AV.wav,1.0,0.26184157
/tmp/unfreezing_ablation_frozen_60k0cium/data/PhysioNet2022/training_data/68432_MV.wav,1.0,0.05290265
/tmp/unfreezing_ablation_frozen_60k0cium/data/PhysioNet2022/training_data/68432_PV.wav,1.0,0.10608368
/tmp/unfreezing_ablation_frozen_60k0cium/data/PhysioNet2022/training_data/68432_TV.wav,1.0,0.11999266
/tmp/unfreezing_ablation_frozen_60k0cium/data/PhysioNet2022/training_data/68449_AV.wav,1.0,0.11686295
/tmp/unfreezing_ablation_frozen_60k0cium/data/PhysioNet2022/training_data/68449_PV.wav,1.0,0.046650846
/tmp/unfreezing_ablation_frozen_60k0cium/data/PhysioNet2022/training_data/68449_TV.wav,1.0,0.53322965
/tmp/unfreezing_ablation_frozen_60k0cium/data/PhysioNet2022/training_data/68456_AV.wav,1.0,0.14239398
/tmp/unfreezing_ablation_frozen_60k0cium/data/PhysioNet2022/training_data/68456_MV.wav,1.0,0.05458874
/tmp/unfreezing_ablation_frozen_60k0cium/data/PhysioNet2022/training_data/68456_PV.wav,1.0,0.49198616
/tmp/unfreezing_ablation_frozen_60k0cium/data/PhysioNet2022/training_data/68456_TV.wav,1.0,0.084032275
/tmp/unfreezing_ablation_frozen_60k0cium/data/PhysioNet2022/training_data/68460_AV.wav,1.0,0.047355756
/tmp/unfreezing_ablation_frozen_60k0cium/data/PhysioNet2022/training_data/68460_MV.wav,1.0,0.37211686
/tmp/unfreezing_ablation_frozen_60k0cium/data/PhysioNet2022/training_data/68460_PV.wav,1.0,0.05698562
/tmp/unfreezing_ablation_frozen_60k0cium/data/PhysioNet2022/training_data/68460_TV.wav,1.0,0.05509635
/tmp/unfreezing_ablation_frozen_60k0cium/data/PhysioNet2022/training_data/68477_AV.wav,1.0,0.14046724
/tmp/unfreezing_ablation_frozen_60k0cium/data/PhysioNet2022/training_data/68477_MV.wav,1.0,0.3642323
/tmp/unfreezing_ablation_frozen_60k0cium/data/PhysioNet2022/training_data/68477_PV.wav,1.0,0.10775404
/tmp/unfreezing_ablation_frozen_60k0cium/data/PhysioNet2022/training_data/68477_TV.wav,1.0,0.24262941
/tmp/unfreezing_ablation_frozen_60k0cium/data/PhysioNet2022/training_data/68532_AV.wav,1.0,0.41917628
/tmp/unfreezing_ablation_frozen_60k0cium/data/PhysioNet2022/training_data/68532_MV.wav,1.0,0.12121624
/tmp/unfreezing_ablation_frozen_60k0cium/data/PhysioNet2022/training_data/68532_PV.wav,1.0,0.059686963
/tmp/unfreezing_ablation_frozen_60k0cium/data/PhysioNet2022/training_data/68532_TV.wav,1.0,0.03536129
/tmp/unfreezing_ablation_frozen_60k0cium/data/PhysioNet2022/training_data/68560_AV.wav,1.0,0.14986676
/tmp/unfreezing_ablation_frozen_60k0cium/data/PhysioNet2022/training_data/68560_MV.wav,1.0,0.038581524
/tmp/unfreezing_ablation_frozen_60k0cium/data/PhysioNet2022/training_data/68560_PV.wav,1.0,0.21263243
/tmp/unfreezing_ablation_frozen_60k0cium/data/PhysioNet2022/training_data/68560_TV.wav,1.0,0.031750508
/tmp/unfreezing_ablation_frozen_60k0cium/data/PhysioNet2022/training_data/68582_AV.wav,1.0,0.038576856
/tmp/unfreezing_ablation_frozen_60k0cium/data/PhysioNet2022/training_data/68582_MV.wav,1.0,0.10253032
/tmp/unfreezing_ablation_frozen_60k0cium/data/PhysioNet2022/training_data/68582_PV.wav,1.0,0.028717462
/tmp/unfreezing_ablation_frozen_60k0cium/data/PhysioNet2022/training_data/68582_TV.wav,1.0,0.21730024
/tmp/unfreezing_ablation_frozen_60k0cium/data/PhysioNet2022/training_data/68624_AV.wav,1.0,0.40675604
/tmp/unfreezing_ablation_frozen_60k0cium/data/PhysioNet2022/training_data/68624_MV.wav,1.0,0.028787678
/tmp/unfreezing_ablation_frozen_60k0cium/data/PhysioNet2022/training_data/68624_PV.wav,1.0,0.4108595
/tmp/unfreezing_ablation_frozen_60k0cium/data/PhysioNet2022/training_data/68624_TV.wav,1.0,0.16533236
/tmp/unfreezing_ablation_frozen_60k0cium/data/PhysioNet2022/training_data/68659_AV.wav,1.0,0.14099681
/tmp/unfreezing_ablation_frozen_60k0cium/data/PhysioNet2022/training_data/68659_MV.wav,1.0,0.39407992
/tmp/unfreezing_ablation_frozen_60k0cium/data/PhysioNet2022/training_data/68659_PV.wav,1.0,0.25644195
/tmp/unfreezing_ablation_frozen_60k0cium/data/PhysioNet2022/training_data/68659_TV.wav,1.0,0.08575955
/tmp/unfreezing_ablation_frozen_60k0cium/data/PhysioNet2022/training_data/68705_AV.wav,1.0,0.28345394
/tmp/unfreezing_ablation_frozen_60k0cium/data/PhysioNet2022/training_data/68705_MV.wav,1.0,0.037398722
/tmp/unfreezing_ablation_frozen_60k0cium/data/PhysioNet2022/training_data/68705_PV.wav,1.0,0.13183157
/tmp/unfreezing_ablation_frozen_60k0cium/data/PhysioNet2022/training_data/68705_TV.wav,1.0,0.3088212
/tmp/unfreezing_ablation_frozen_60k0cium/data/PhysioNet2022/training_data/68711_AV.wav,1.0,0.20997873
/tmp/unfreezing_ablation_frozen_60k0cium/data/PhysioNet2022/training_data/68711_MV.wav,1.0,0.48131493
/tmp/unfreezing_ablation_frozen_60k0cium/data/PhysioNet2022/training_data/68711_PV.wav,1.0,0.28888384
/tmp/unfreezing_ablation_frozen_60k0cium/data/PhysioNet2022/training_data/68711_TV.wav,1.0,0.02323073
/tmp/unfreezing_ablation_frozen_60k0cium/data/PhysioNet2022/training_data/68741_AV.wav,1.0,0.45756856
/tmp/unfreezing_ablation_frozen_60k0cium/data/PhysioNet2022/training_data/68741_MV.wav,1.0,0.35433635
/tmp/unfreezing_ablation_frozen_60k0cium/data/PhysioNet2022/training_data/68741_PV.wav,1.0,0.1942608
/tmp/unfreezing_ablation_frozen_60k0cium/data/PhysioNet2022/training_data/68741_TV.wav,1.0,0.2695318
/tmp/unfreezing_ablation_frozen_60k0cium/data/PhysioNet2022/training_data/68755_AV.wav,1.0,0.07991437
/tmp/unfreezing_ablation_frozen_60k0cium/data/PhysioNet2022/training_data/68755_MV.wav,1.0,0.11368516
/tmp/unfreezing_ablation_frozen_60k0cium/data/PhysioNet2022/training_data/68755_PV.wav,1.0,0.17507534
/tmp/unfreezing_ablation_frozen_60k0cium/data/PhysioNet2022/training_data/68755_TV.wav,1.0,0.08544366
/tmp/unfreezing_ablation_frozen_60k0cium/data/PhysioNet2022/training_data/68861_AV.wav,1.0,0.11745953
/tmp/unfreezing_ablation_frozen_60k0cium/data/PhysioNet2022/training_data/68861_MV.wav,1.0,0.13989069
/tmp/unfreezing_ablation_frozen_60k0cium/data/PhysioNet2022/training_data/68861_PV.wav,1.0,0.14820851
/tmp/unfreezing_ablation_frozen_60k0cium/data/PhysioNet2022/training_data/68861_TV.wav,1.0,0.58606756
/tmp/unfreezing_ablation_frozen_60k0cium/data/PhysioNet2022/training_data/68864_MV.wav,1.0,0.057792366
/tmp/unfreezing_ablation_frozen_60k0cium/data/PhysioNet2022/training_data/68864_PV.wav,1.0,0.08979741
/tmp/unfreezing_ablation_frozen_60k0cium/data/PhysioNet2022/training_data/68864_TV.wav,1.0,0.112429045
/tmp/unfreezing_ablation_frozen_60k0cium/data/PhysioNet2022/training_data/68887_AV.wav,1.0,0.3284795
/tmp/unfreezing_ablation_frozen_60k0cium/data/PhysioNet2022/training_data/68887_MV.wav,1.0,0.103526294
/tmp/unfreezing_ablation_frozen_60k0cium/data/PhysioNet2022/training_data/68887_TV.wav,1.0,0.117042676
/tmp/unfreezing_ablation_frozen_60k0cium/data/PhysioNet2022/training_data/68895_AV.wav,1.0,0.032877326
/tmp/unfreezing_ablation_frozen_60k0cium/data/PhysioNet2022/training_data/68895_MV.wav,1.0,0.074749164
/tmp/unfreezing_ablation_frozen_60k0cium/data/PhysioNet2022/training_data/68895_PV.wav,1.0,0.084193505
/tmp/unfreezing_ablation_frozen_60k0cium/data/PhysioNet2022/training_data/68895_TV.wav,1.0,0.12842515
/tmp/unfreezing_ablation_frozen_60k0cium/data/PhysioNet2022/training_data/68908_MV.wav,1.0,0.43842188
/tmp/unfreezing_ablation_frozen_60k0cium/data/PhysioNet2022/training_data/68908_PV.wav,1.0,0.028400946
/tmp/unfreezing_ablation_frozen_60k0cium/data/PhysioNet2022/training_data/68908_TV.wav,1.0,0.18887825
/tmp/unfreezing_ablation_frozen_60k0cium/data/PhysioNet2022/training_data/69079_AV.wav,1.0,0.26718488
/tmp/unfreezing_ablation_frozen_60k0cium/data/PhysioNet2022/training_data/69079_MV.wav,1.0,0.25289315
/tmp/unfreezing_ablation_frozen_60k0cium/data/PhysioNet2022/training_data/69079_PV.wav,1.0,0.2520888
/tmp/unfreezing_ablation_frozen_60k0cium/data/PhysioNet2022/training_data/69079_TV.wav,1.0,0.029952893
/tmp/unfreezing_ablation_frozen_60k0cium/data/PhysioNet2022/training_data/69095_AV.wav,1.0,0.19339807
/tmp/unfreezing_ablation_frozen_60k0cium/data/PhysioNet2022/training_data/69095_MV.wav,1.0,0.23829167
/tmp/unfreezing_ablation_frozen_60k0cium/data/PhysioNet2022/training_data/69095_PV.wav,1.0,0.08423716
/tmp/unfreezing_ablation_frozen_60k0cium/data/PhysioNet2022/training_data/69095_TV.wav,1.0,0.045422304
/tmp/unfreezing_ablation_frozen_60k0cium/data/PhysioNet2022/training_data/69096_AV.wav,1.0,0.0917691
/tmp/unfreezing_ablation_frozen_60k0cium/data/PhysioNet2022/training_data/69096_MV.wav,1.0,0.109977685
/tmp/unfreezing_ablation_frozen_60k0cium/data/PhysioNet2022/training_data/69096_PV.wav,1.0,0.21065491
/tmp/unfreezing_ablation_frozen_60k0cium/data/PhysioNet2022/training_data/69096_TV.wav,1.0,0.16858895
/tmp/unfreezing_ablation_frozen_60k0cium/data/PhysioNet2022/training_data/69106_AV.wav,1.0,0.04251017
/tmp/unfreezing_ablation_frozen_60k0cium/data/PhysioNet2022/training_data/69106_MV.wav,1.0,0.26379764
/tmp/unfreezing_ablation_frozen_60k0cium/data/PhysioNet2022/training_data/69106_PV.wav,1.0,0.10159763
/tmp/unfreezing_ablation_frozen_60k0cium/data/PhysioNet2022/training_data/69106_TV.wav,1.0,0.014384289
/tmp/unfreezing_ablation_frozen_60k0cium/data/PhysioNet2022/training_data/69129_AV.wav,1.0,0.17884289
/tmp/unfreezing_ablation_frozen_60k0cium/data/PhysioNet2022/training_data/69129_MV.wav,1.0,0.09907862
/tmp/unfreezing_ablation_frozen_60k0cium/data/PhysioNet2022/training_data/69129_PV.wav,1.0,0.19115207
/tmp/unfreezing_ablation_frozen_60k0cium/data/PhysioNet2022/training_data/69129_TV.wav,1.0,0.15945338
/tmp/unfreezing_ablation_frozen_60k0cium/data/PhysioNet2022/training_data/69141_AV.wav,1.0,0.38910282
/tmp/unfreezing_ablation_frozen_60k0cium/data/PhysioNet2022/training_data/69141_MV.wav,1.0,0.056833837
/tmp/unfreezing_ablation_frozen_60k0cium/data/PhysioNet2022/training_data/69141_PV.wav,1.0,0.10083421
/tmp/unfreezing_ablation_frozen_60k0cium/data/PhysioNet2022/training_data/69141_TV.wav,1.0,0.28656477
/tmp/unfreezing_ablation_frozen_60k0cium/data/PhysioNet2022/training_data/69147_AV.wav,1.0,0.056247402
/tmp/unfreezing_ablation_frozen_60k0cium/data/PhysioNet2022/training_data/69147_MV.wav,1.0,0.4216041
/tmp/unfreezing_ablation_frozen_60k0cium/data/PhysioNet2022/training_data/69147_PV.wav,1.0,0.06854884
/tmp/unfreezing_ablation_frozen_60k0cium/data/PhysioNet2022/training_data/69147_TV.wav,1.0,0.32632092
/tmp/unfreezing_ablation_frozen_60k0cium/data/PhysioNet2022/training_data/69152_AV.wav,1.0,0.1270149
/tmp/unfreezing_ablation_frozen_60k0cium/data/PhysioNet2022/training_data/69152_MV.wav,1.0,0.13144995
/tmp/unfreezing_ablation_frozen_60k0cium/data/PhysioNet2022/training_data/69152_PV.wav,1.0,0.44896877
/tmp/unfreezing_ablation_frozen_60k0cium/data/PhysioNet2022/training_data/69152_TV.wav,1.0,0.09835765
/tmp/unfreezing_ablation_frozen_60k0cium/data/PhysioNet2022/training_data/69188_AV.wav,1.0,0.37774578
/tmp/unfreezing_ablation_frozen_60k0cium/data/PhysioNet2022/training_data/69188_MV.wav,1.0,0.1745176
/tmp/unfreezing_ablation_frozen_60k0cium/data/PhysioNet2022/training_data/69188_PV.wav,1.0,0.049998708
/tmp/unfreezing_ablation_frozen_60k0cium/data/PhysioNet2022/training_data/69188_TV.wav,1.0,0.07609522
/tmp/unfreezing_ablation_frozen_60k0cium/data/PhysioNet2022/training_data/70280_AV.wav,1.0,0.16188982
/tmp/unfreezing_ablation_frozen_60k0cium/data/PhysioNet2022/training_data/70280_MV.wav,1.0,0.039669946
/tmp/unfreezing_ablation_frozen_60k0cium/data/PhysioNet2022/training_data/73316_AV.wav,1.0,0.04200634
/tmp/unfreezing_ablation_frozen_60k0cium/data/PhysioNet2022/training_data/73316_MV.wav,1.0,0.10861183
/tmp/unfreezing_ablation_frozen_60k0cium/data/PhysioNet2022/training_data/73316_PV.wav,1.0,0.18767723
/tmp/unfreezing_ablation_frozen_60k0cium/data/PhysioNet2022/training_data/73316_TV.wav,1.0,0.24063243
/tmp/unfreezing_ablation_frozen_60k0cium/data/PhysioNet2022/training_data/76758_MV.wav,1.0,0.25890145
/tmp/unfreezing_ablation_frozen_60k0cium/data/PhysioNet2022/training_data/78582_AV.wav,1.0,0.14063549
/tmp/unfreezing_ablation_frozen_60k0cium/data/PhysioNet2022/training_data/78582_MV.wav,1.0,0.089348145
/tmp/unfreezing_ablation_frozen_60k0cium/data/PhysioNet2022/training_data/80348_AV.wav,1.0,0.2020336
/tmp/unfreezing_ablation_frozen_60k0cium/data/PhysioNet2022/training_data/80348_MV.wav,1.0,0.083181195
/tmp/unfreezing_ablation_frozen_60k0cium/data/PhysioNet2022/training_data/80348_PV.wav,1.0,0.22944078
/tmp/unfreezing_ablation_frozen_60k0cium/data/PhysioNet2022/training_data/80348_TV.wav,1.0,0.036629952
/tmp/unfreezing_ablation_frozen_60k0cium/data/PhysioNet2022/training_data/84690_MV.wav,1.0,0.074996255
/tmp/unfreezing_ablation_frozen_60k0cium/data/PhysioNet2022/training_data/84690_Phc.wav,1.0,0.54669946
/tmp/unfreezing_ablation_frozen_60k0cium/data/PhysioNet2022/training_data/84690_TV.wav,1.0,0.0931909
/tmp/unfreezing_ablation_frozen_60k0cium/data/PhysioNet2022/training_data/84695_AV.wav,1.0,0.045153897
/tmp/unfreezing_ablation_frozen_60k0cium/data/PhysioNet2022/training_data/84695_MV.wav,1.0,0.36661798
/tmp/unfreezing_ablation_frozen_60k0cium/data/PhysioNet2022/training_data/84695_PV.wav,1.0,0.30746958
/tmp/unfreezing_ablation_frozen_60k0cium/data/PhysioNet2022/training_data/84695_TV.wav,1.0,0.23307241
/tmp/unfreezing_ablation_frozen_60k0cium/data/PhysioNet2022/training_data/84702_MV.wav,1.0,0.30669728
/tmp/unfreezing_ablation_frozen_60k0cium/data/PhysioNet2022/training_data/84702_PV.wav,1.0,0.10800793
/tmp/unfreezing_ablation_frozen_60k0cium/data/PhysioNet2022/training_data/84702_TV.wav,1.0,0.06348861
/tmp/unfreezing_ablation_frozen_60k0cium/data/PhysioNet2022/training_data/84706_AV.wav,1.0,0.68834025
/tmp/unfreezing_ablation_frozen_60k0cium/data/PhysioNet2022/training_data/84706_MV.wav,1.0,0.17936896
/tmp/unfreezing_ablation_frozen_60k0cium/data/PhysioNet2022/training_data/84706_PV.wav,1.0,0.16620079
/tmp/unfreezing_ablation_frozen_60k0cium/data/PhysioNet2022/training_data/84706_TV.wav,1.0,0.38478327
/tmp/unfreezing_ablation_frozen_60k0cium/data/PhysioNet2022/training_data/84708_AV.wav,1.0,0.105850175
/tmp/unfreezing_ablation_frozen_60k0cium/data/PhysioNet2022/training_data/84708_MV.wav,1.0,0.055907547
/tmp/unfreezing_ablation_frozen_60k0cium/data/PhysioNet2022/training_data/84710_AV.wav,1.0,0.010422178
/tmp/unfreezing_ablation_frozen_60k0cium/data/PhysioNet2022/training_data/84710_MV.wav,1.0,0.20322102
/tmp/unfreezing_ablation_frozen_60k0cium/data/PhysioNet2022/training_data/84710_PV.wav,1.0,0.082868926
/tmp/unfreezing_ablation_frozen_60k0cium/data/PhysioNet2022/training_data/84710_TV.wav,1.0,0.60543525
/tmp/unfreezing_ablation_frozen_60k0cium/data/PhysioNet2022/training_data/84713_AV.wav,1.0,0.022328984
/tmp/unfreezing_ablation_frozen_60k0cium/data/PhysioNet2022/training_data/84713_PV.wav,1.0,0.14474791
/tmp/unfreezing_ablation_frozen_60k0cium/data/PhysioNet2022/training_data/84713_TV.wav,1.0,0.99335515
/tmp/unfreezing_ablation_frozen_60k0cium/data/PhysioNet2022/training_data/84716_AV.wav,1.0,0.27118477
/tmp/unfreezing_ablation_frozen_60k0cium/data/PhysioNet2022/training_data/84716_MV.wav,1.0,0.13221732
/tmp/unfreezing_ablation_frozen_60k0cium/data/PhysioNet2022/training_data/84716_PV.wav,1.0,0.044180863
/tmp/unfreezing_ablation_frozen_60k0cium/data/PhysioNet2022/training_data/84716_TV.wav,1.0,0.11109317
/tmp/unfreezing_ablation_frozen_60k0cium/data/PhysioNet2022/training_data/84721_AV.wav,1.0,0.17383234
/tmp/unfreezing_ablation_frozen_60k0cium/data/PhysioNet2022/training_data/84721_MV.wav,1.0,0.10747386
/tmp/unfreezing_ablation_frozen_60k0cium/data/PhysioNet2022/training_data/84721_PV.wav,1.0,0.10195045
/tmp/unfreezing_ablation_frozen_60k0cium/data/PhysioNet2022/training_data/84721_TV.wav,1.0,0.026953243
/tmp/unfreezing_ablation_frozen_60k0cium/data/PhysioNet2022/training_data/84725_MV.wav,1.0,0.06078249
/tmp/unfreezing_ablation_frozen_60k0cium/data/PhysioNet2022/training_data/84725_PV.wav,1.0,0.28062776
/tmp/unfreezing_ablation_frozen_60k0cium/data/PhysioNet2022/training_data/84725_TV.wav,1.0,0.18131235
/tmp/unfreezing_ablation_frozen_60k0cium/data/PhysioNet2022/training_data/84731_MV.wav,1.0,0.22089124
/tmp/unfreezing_ablation_frozen_60k0cium/data/PhysioNet2022/training_data/84732_AV.wav,1.0,0.016812779
/tmp/unfreezing_ablation_frozen_60k0cium/data/PhysioNet2022/training_data/84732_MV.wav,1.0,0.25176048
/tmp/unfreezing_ablation_frozen_60k0cium/data/PhysioNet2022/training_data/84733_AV.wav,1.0,0.19338666
/tmp/unfreezing_ablation_frozen_60k0cium/data/PhysioNet2022/training_data/84733_MV.wav,1.0,0.10941169
/tmp/unfreezing_ablation_frozen_60k0cium/data/PhysioNet2022/training_data/84733_PV.wav,1.0,0.60067785
/tmp/unfreezing_ablation_frozen_60k0cium/data/PhysioNet2022/training_data/84733_TV.wav,1.0,0.049600106
/tmp/unfreezing_ablation_frozen_60k0cium/data/PhysioNet2022/training_data/84734_AV.wav,1.0,0.2746173
/tmp/unfreezing_ablation_frozen_60k0cium/data/PhysioNet2022/training_data/84734_MV.wav,1.0,0.32269114
/tmp/unfreezing_ablation_frozen_60k0cium/data/PhysioNet2022/training_data/84734_PV.wav,1.0,0.14542595
/tmp/unfreezing_ablation_frozen_60k0cium/data/PhysioNet2022/training_data/84734_TV.wav,1.0,0.11131726
/tmp/unfreezing_ablation_frozen_60k0cium/data/PhysioNet2022/training_data/84738_AV.wav,1.0,0.8796882
/tmp/unfreezing_ablation_frozen_60k0cium/data/PhysioNet2022/training_data/84738_MV.wav,1.0,0.061543632
/tmp/unfreezing_ablation_frozen_60k0cium/data/PhysioNet2022/training_data/84738_PV.wav,1.0,0.095910564
/tmp/unfreezing_ablation_frozen_60k0cium/data/PhysioNet2022/training_data/84738_TV.wav,1.0,0.24035567
/tmp/unfreezing_ablation_frozen_60k0cium/data/PhysioNet2022/training_data/84746_PV.wav,1.0,0.08873678
/tmp/unfreezing_ablation_frozen_60k0cium/data/PhysioNet2022/training_data/84764_AV.wav,1.0,0.08309269
/tmp/unfreezing_ablation_frozen_60k0cium/data/PhysioNet2022/training_data/84764_MV.wav,1.0,0.048637602
/tmp/unfreezing_ablation_frozen_60k0cium/data/PhysioNet2022/training_data/84764_PV.wav,1.0,0.4727276
/tmp/unfreezing_ablation_frozen_60k0cium/data/PhysioNet2022/training_data/84764_TV.wav,1.0,0.024890816
/tmp/unfreezing_ablation_frozen_60k0cium/data/PhysioNet2022/training_data/84765_AV.wav,1.0,0.049568485
/tmp/unfreezing_ablation_frozen_60k0cium/data/PhysioNet2022/training_data/84765_MV.wav,1.0,0.3425405
/tmp/unfreezing_ablation_frozen_60k0cium/data/PhysioNet2022/training_data/84765_PV.wav,1.0,0.8150753
/tmp/unfreezing_ablation_frozen_60k0cium/data/PhysioNet2022/training_data/84765_TV.wav,1.0,0.39827
/tmp/unfreezing_ablation_frozen_60k0cium/data/PhysioNet2022/training_data/84768_PV.wav,1.0,0.162285
/tmp/unfreezing_ablation_frozen_60k0cium/data/PhysioNet2022/training_data/84768_TV.wav,1.0,0.6710888
/tmp/unfreezing_ablation_frozen_60k0cium/data/PhysioNet2022/training_data/84769_MV.wav,1.0,0.04355137
/tmp/unfreezing_ablation_frozen_60k0cium/data/PhysioNet2022/training_data/84769_PV.wav,1.0,0.6262066
/tmp/unfreezing_ablation_frozen_60k0cium/data/PhysioNet2022/training_data/84779_AV.wav,1.0,0.15293509
/tmp/unfreezing_ablation_frozen_60k0cium/data/PhysioNet2022/training_data/84779_MV.wav,1.0,0.15968293
/tmp/unfreezing_ablation_frozen_60k0cium/data/PhysioNet2022/training_data/84779_PV.wav,1.0,0.505016
/tmp/unfreezing_ablation_frozen_60k0cium/data/PhysioNet2022/training_data/84779_TV.wav,1.0,0.068728335
/tmp/unfreezing_ablation_frozen_60k0cium/data/PhysioNet2022/training_data/84786_AV.wav,1.0,0.11243365
/tmp/unfreezing_ablation_frozen_60k0cium/data/PhysioNet2022/training_data/84786_MV.wav,1.0,0.061625276
/tmp/unfreezing_ablation_frozen_60k0cium/data/PhysioNet2022/training_data/84786_PV.wav,1.0,0.3019521
/tmp/unfreezing_ablation_frozen_60k0cium/data/PhysioNet2022/training_data/84793_AV.wav,1.0,0.45102546
/tmp/unfreezing_ablation_frozen_60k0cium/data/PhysioNet2022/training_data/84793_MV.wav,1.0,0.39757
/tmp/unfreezing_ablation_frozen_60k0cium/data/PhysioNet2022/training_data/84793_PV.wav,1.0,0.030751158
/tmp/unfreezing_ablation_frozen_60k0cium/data/PhysioNet2022/training_data/84793_TV.wav,1.0,0.093919896
/tmp/unfreezing_ablation_frozen_60k0cium/data/PhysioNet2022/training_data/84799_AV.wav,1.0,0.33967915
/tmp/unfreezing_ablation_frozen_60k0cium/data/PhysioNet2022/training_data/84799_MV.wav,1.0,0.14041594
/tmp/unfreezing_ablation_frozen_60k0cium/data/PhysioNet2022/training_data/84799_PV.wav,1.0,0.11699965
/tmp/unfreezing_ablation_frozen_60k0cium/data/PhysioNet2022/training_data/84799_TV.wav,1.0,0.08818142
/tmp/unfreezing_ablation_frozen_60k0cium/data/PhysioNet2022/training_data/84803_AV.wav,1.0,0.1622049
/tmp/unfreezing_ablation_frozen_60k0cium/data/PhysioNet2022/training_data/84803_MV.wav,1.0,0.18629001
/tmp/unfreezing_ablation_frozen_60k0cium/data/PhysioNet2022/training_data/84803_PV.wav,1.0,0.037065968
/tmp/unfreezing_ablation_frozen_60k0cium/data/PhysioNet2022/training_data/84803_TV.wav,1.0,0.021354014
/tmp/unfreezing_ablation_frozen_60k0cium/data/PhysioNet2022/training_data/84804_MV.wav,1.0,0.097644575
/tmp/unfreezing_ablation_frozen_60k0cium/data/PhysioNet2022/training_data/84805_AV.wav,1.0,0.58240116
/tmp/unfreezing_ablation_frozen_60k0cium/data/PhysioNet2022/training_data/84805_MV.wav,1.0,0.24365112
/tmp/unfreezing_ablation_frozen_60k0cium/data/PhysioNet2022/training_data/84805_PV.wav,1.0,0.19044948
/tmp/unfreezing_ablation_frozen_60k0cium/data/PhysioNet2022/training_data/84805_TV.wav,1.0,0.09600954
/tmp/unfreezing_ablation_frozen_60k0cium/data/PhysioNet2022/training_data/84807_AV.wav,1.0,0.1369086
/tmp/unfreezing_ablation_frozen_60k0cium/data/PhysioNet2022/training_data/84807_MV.wav,1.0,0.0141612105
/tmp/unfreezing_ablation_frozen_60k0cium/data/PhysioNet2022/training_data/84823_AV.wav,1.0,0.11975022
/tmp/unfreezing_ablation_frozen_60k0cium/data/PhysioNet2022/training_data/84823_MV.wav,1.0,0.11397741
/tmp/unfreezing_ablation_frozen_60k0cium/data/PhysioNet2022/training_data/84823_PV.wav,1.0,0.036705334
/tmp/unfreezing_ablation_frozen_60k0cium/data/PhysioNet2022/training_data/84823_TV.wav,1.0,0.14094931
/tmp/unfreezing_ablation_frozen_60k0cium/data/PhysioNet2022/training_data/84824_AV.wav,1.0,0.15981585
/tmp/unfreezing_ablation_frozen_60k0cium/data/PhysioNet2022/training_data/84824_MV.wav,1.0,0.08667329
/tmp/unfreezing_ablation_frozen_60k0cium/data/PhysioNet2022/training_data/84838_AV.wav,1.0,0.1520116
/tmp/unfreezing_ablation_frozen_60k0cium/data/PhysioNet2022/training_data/84838_MV.wav,1.0,0.028349368
/tmp/unfreezing_ablation_frozen_60k0cium/data/PhysioNet2022/training_data/84838_PV.wav,1.0,0.043527566
/tmp/unfreezing_ablation_frozen_60k0cium/data/PhysioNet2022/training_data/84838_TV.wav,1.0,0.23000073
/tmp/unfreezing_ablation_frozen_60k0cium/data/PhysioNet2022/training_data/84839_AV.wav,1.0,0.18764216
/tmp/unfreezing_ablation_frozen_60k0cium/data/PhysioNet2022/training_data/84839_MV.wav,1.0,0.059577174
/tmp/unfreezing_ablation_frozen_60k0cium/data/PhysioNet2022/training_data/84839_PV.wav,1.0,0.041750293
/tmp/unfreezing_ablation_frozen_60k0cium/data/PhysioNet2022/training_data/84839_TV.wav,1.0,0.029479714
/tmp/unfreezing_ablation_frozen_60k0cium/data/PhysioNet2022/training_data/84853_AV.wav,1.0,0.10070379
/tmp/unfreezing_ablation_frozen_60k0cium/data/PhysioNet2022/training_data/84853_MV.wav,1.0,0.050872732
/tmp/unfreezing_ablation_frozen_60k0cium/data/PhysioNet2022/training_data/84853_PV.wav,1.0,0.06436528
/tmp/unfreezing_ablation_frozen_60k0cium/data/PhysioNet2022/training_data/84853_TV.wav,1.0,0.049394593
/tmp/unfreezing_ablation_frozen_60k0cium/data/PhysioNet2022/training_data/84854_AV.wav,1.0,0.8004497
/tmp/unfreezing_ablation_frozen_60k0cium/data/PhysioNet2022/training_data/84854_MV.wav,1.0,0.12900563
/tmp/unfreezing_ablation_frozen_60k0cium/data/PhysioNet2022/training_data/84854_PV.wav,1.0,0.11991017
/tmp/unfreezing_ablation_frozen_60k0cium/data/PhysioNet2022/training_data/84854_TV.wav,1.0,0.68943495
/tmp/unfreezing_ablation_frozen_60k0cium/data/PhysioNet2022/training_data/84855_MV.wav,1.0,0.022735402
/tmp/unfreezing_ablation_frozen_60k0cium/data/PhysioNet2022/training_data/84855_PV.wav,1.0,0.03414919
/tmp/unfreezing_ablation_frozen_60k0cium/data/PhysioNet2022/training_data/84855_TV.wav,1.0,0.08108531
/tmp/unfreezing_ablation_frozen_60k0cium/data/PhysioNet2022/training_data/84857_AV.wav,1.0,0.14761017
/tmp/unfreezing_ablation_frozen_60k0cium/data/PhysioNet2022/training_data/84857_MV.wav,1.0,0.34031036
/tmp/unfreezing_ablation_frozen_60k0cium/data/PhysioNet2022/training_data/84865_AV.wav,1.0,0.05463734
/tmp/unfreezing_ablation_frozen_60k0cium/data/PhysioNet2022/training_data/84865_MV.wav,1.0,0.62913394
/tmp/unfreezing_ablation_frozen_60k0cium/data/PhysioNet2022/training_data/84865_PV.wav,1.0,0.03571614
/tmp/unfreezing_ablation_frozen_60k0cium/data/PhysioNet2022/training_data/84865_TV.wav,1.0,0.043055765
/tmp/unfreezing_ablation_frozen_60k0cium/data/PhysioNet2022/training_data/84866_AV.wav,1.0,0.35027918
/tmp/unfreezing_ablation_frozen_60k0cium/data/PhysioNet2022/training_data/84866_MV.wav,1.0,0.054831993
/tmp/unfreezing_ablation_frozen_60k0cium/data/PhysioNet2022/training_data/84866_PV.wav,1.0,0.38074693
/tmp/unfreezing_ablation_frozen_60k0cium/data/PhysioNet2022/training_data/84866_TV.wav,1.0,0.07390073
/tmp/unfreezing_ablation_frozen_60k0cium/data/PhysioNet2022/training_data/84874_AV.wav,1.0,0.058383368
/tmp/unfreezing_ablation_frozen_60k0cium/data/PhysioNet2022/training_data/84874_MV.wav,1.0,0.048034996
/tmp/unfreezing_ablation_frozen_60k0cium/data/PhysioNet2022/training_data/84874_PV.wav,1.0,0.16243182
/tmp/unfreezing_ablation_frozen_60k0cium/data/PhysioNet2022/training_data/84874_TV.wav,1.0,0.07762146
/tmp/unfreezing_ablation_frozen_60k0cium/data/PhysioNet2022/training_data/84875_PV.wav,1.0,0.7633933
/tmp/unfreezing_ablation_frozen_60k0cium/data/PhysioNet2022/training_data/84875_TV.wav,1.0,0.42044523
/tmp/unfreezing_ablation_frozen_60k0cium/data/PhysioNet2022/training_data/84878_AV.wav,1.0,0.04974335
/tmp/unfreezing_ablation_frozen_60k0cium/data/PhysioNet2022/training_data/84878_MV.wav,1.0,0.013118807
/tmp/unfreezing_ablation_frozen_60k0cium/data/PhysioNet2022/training_data/84878_PV.wav,1.0,0.0757773
/tmp/unfreezing_ablation_frozen_60k0cium/data/PhysioNet2022/training_data/84878_TV.wav,1.0,0.35140482
/tmp/unfreezing_ablation_frozen_60k0cium/data/PhysioNet2022/training_data/84886_PV.wav,1.0,0.5825032
/tmp/unfreezing_ablation_frozen_60k0cium/data/PhysioNet2022/training_data/84900_AV.wav,1.0,0.35045287
/tmp/unfreezing_ablation_frozen_60k0cium/data/PhysioNet2022/training_data/84900_MV.wav,1.0,0.16340108
/tmp/unfreezing_ablation_frozen_60k0cium/data/PhysioNet2022/training_data/84912_AV.wav,1.0,0.46623674
/tmp/unfreezing_ablation_frozen_60k0cium/data/PhysioNet2022/training_data/84912_MV.wav,1.0,0.12416234
/tmp/unfreezing_ablation_frozen_60k0cium/data/PhysioNet2022/training_data/84912_PV.wav,1.0,0.0124084195
/tmp/unfreezing_ablation_frozen_60k0cium/data/PhysioNet2022/training_data/84912_TV.wav,1.0,0.6250024
/tmp/unfreezing_ablation_frozen_60k0cium/data/PhysioNet2022/training_data/84920_AV.wav,1.0,0.12039277
/tmp/unfreezing_ablation_frozen_60k0cium/data/PhysioNet2022/training_data/84920_MV.wav,1.0,0.025305491
/tmp/unfreezing_ablation_frozen_60k0cium/data/PhysioNet2022/training_data/84920_PV.wav,1.0,0.079170816
/tmp/unfreezing_ablation_frozen_60k0cium/data/PhysioNet2022/training_data/84920_TV.wav,1.0,0.016975367
/tmp/unfreezing_ablation_frozen_60k0cium/data/PhysioNet2022/training_data/84928_AV.wav,1.0,0.107855394
/tmp/unfreezing_ablation_frozen_60k0cium/data/PhysioNet2022/training_data/84928_MV.wav,1.0,0.29933172
/tmp/unfreezing_ablation_frozen_60k0cium/data/PhysioNet2022/training_data/84928_PV.wav,1.0,0.26818675
/tmp/unfreezing_ablation_frozen_60k0cium/data/PhysioNet2022/training_data/84928_TV.wav,1.0,0.14309448
/tmp/unfreezing_ablation_frozen_60k0cium/data/PhysioNet2022/training_data/84950_AV.wav,1.0,0.08463149
/tmp/unfreezing_ablation_frozen_60k0cium/data/PhysioNet2022/training_data/84950_PV.wav,1.0,0.1304504
/tmp/unfreezing_ablation_frozen_60k0cium/data/PhysioNet2022/training_data/84950_TV.wav,1.0,0.1370935
/tmp/unfreezing_ablation_frozen_60k0cium/data/PhysioNet2022/training_data/84952_AV.wav,1.0,0.055272218
/tmp/unfreezing_ablation_frozen_60k0cium/data/PhysioNet2022/training_data/84952_PV.wav,1.0,0.089293994
/tmp/unfreezing_ablation_frozen_60k0cium/data/PhysioNet2022/training_data/84952_TV.wav,1.0,0.102074616
/tmp/unfreezing_ablation_frozen_60k0cium/data/PhysioNet2022/training_data/84957_AV.wav,1.0,0.23671915
/tmp/unfreezing_ablation_frozen_60k0cium/data/PhysioNet2022/training_data/84957_MV.wav,1.0,0.22009768
/tmp/unfreezing_ablation_frozen_60k0cium/data/PhysioNet2022/training_data/84957_PV.wav,1.0,0.10208989
/tmp/unfreezing_ablation_frozen_60k0cium/data/PhysioNet2022/training_data/84957_TV.wav,1.0,0.13456365
/tmp/unfreezing_ablation_frozen_60k0cium/data/PhysioNet2022/training_data/84960_AV.wav,1.0,0.24268577
/tmp/unfreezing_ablation_frozen_60k0cium/data/PhysioNet2022/training_data/84960_MV.wav,1.0,0.017396495
/tmp/unfreezing_ablation_frozen_60k0cium/data/PhysioNet2022/training_data/84960_PV.wav,1.0,0.3649117
/tmp/unfreezing_ablation_frozen_60k0cium/data/PhysioNet2022/training_data/84960_TV.wav,1.0,0.2997643
/tmp/unfreezing_ablation_frozen_60k0cium/data/PhysioNet2022/training_data/84961_AV.wav,1.0,0.027292104
/tmp/unfreezing_ablation_frozen_60k0cium/data/PhysioNet2022/training_data/84961_MV.wav,1.0,0.103292845
/tmp/unfreezing_ablation_frozen_60k0cium/data/PhysioNet2022/training_data/84961_PV.wav,1.0,0.014054196
/tmp/unfreezing_ablation_frozen_60k0cium/data/PhysioNet2022/training_data/84961_TV.wav,1.0,0.10797502
/tmp/unfreezing_ablation_frozen_60k0cium/data/PhysioNet2022/training_data/84965_AV.wav,1.0,0.12230815
/tmp/unfreezing_ablation_frozen_60k0cium/data/PhysioNet2022/training_data/84965_MV.wav,1.0,0.03794684
/tmp/unfreezing_ablation_frozen_60k0cium/data/PhysioNet2022/training_data/84965_PV.wav,1.0,0.042812843
/tmp/unfreezing_ablation_frozen_60k0cium/data/PhysioNet2022/training_data/84965_TV.wav,1.0,0.053962458
/tmp/unfreezing_ablation_frozen_60k0cium/data/PhysioNet2022/training_data/84974_AV.wav,1.0,0.051467024
/tmp/unfreezing_ablation_frozen_60k0cium/data/PhysioNet2022/training_data/84974_MV.wav,1.0,0.10046836
/tmp/unfreezing_ablation_frozen_60k0cium/data/PhysioNet2022/training_data/84974_PV.wav,1.0,0.9958638
/tmp/unfreezing_ablation_frozen_60k0cium/data/PhysioNet2022/training_data/84974_TV.wav,1.0,0.18190424
/tmp/unfreezing_ablation_frozen_60k0cium/data/PhysioNet2022/training_data/84986_AV.wav,1.0,0.05079937
/tmp/unfreezing_ablation_frozen_60k0cium/data/PhysioNet2022/training_data/84986_MV.wav,1.0,0.015111675
/tmp/unfreezing_ablation_frozen_60k0cium/data/PhysioNet2022/training_data/84986_PV.wav,1.0,0.12867232
/tmp/unfreezing_ablation_frozen_60k0cium/data/PhysioNet2022/training_data/84986_TV.wav,1.0,0.34328824
/tmp/unfreezing_ablation_frozen_60k0cium/data/PhysioNet2022/training_data/84987_AV.wav,1.0,0.10044574
/tmp/unfreezing_ablation_frozen_60k0cium/data/PhysioNet2022/training_data/84987_MV.wav,1.0,0.30537754
/tmp/unfreezing_ablation_frozen_60k0cium/data/PhysioNet2022/training_data/84987_PV.wav,1.0,0.0880691
/tmp/unfreezing_ablation_frozen_60k0cium/data/PhysioNet2022/training_data/84987_TV.wav,1.0,0.019058324
/tmp/unfreezing_ablation_frozen_60k0cium/data/PhysioNet2022/training_data/84993_AV.wav,1.0,0.009287749
/tmp/unfreezing_ablation_frozen_60k0cium/data/PhysioNet2022/training_data/84993_MV.wav,1.0,0.06462909
/tmp/unfreezing_ablation_frozen_60k0cium/data/PhysioNet2022/training_data/84993_PV.wav,1.0,0.19760324
/tmp/unfreezing_ablation_frozen_60k0cium/data/PhysioNet2022/training_data/84993_TV.wav,1.0,0.026399389
/tmp/unfreezing_ablation_frozen_60k0cium/data/PhysioNet2022/training_data/85000_AV.wav,1.0,0.069316044
/tmp/unfreezing_ablation_frozen_60k0cium/data/PhysioNet2022/training_data/85000_MV.wav,1.0,0.13006105
/tmp/unfreezing_ablation_frozen_60k0cium/data/PhysioNet2022/training_data/85000_PV.wav,1.0,0.602519
/tmp/unfreezing_ablation_frozen_60k0cium/data/PhysioNet2022/training_data/85000_TV.wav,1.0,0.06530951
/tmp/unfreezing_ablation_frozen_60k0cium/data/PhysioNet2022/training_data/85011_AV.wav,1.0,0.008125738
/tmp/unfreezing_ablation_frozen_60k0cium/data/PhysioNet2022/training_data/85011_MV.wav,1.0,0.07231822
/tmp/unfreezing_ablation_frozen_60k0cium/data/PhysioNet2022/training_data/85018_AV.wav,1.0,0.1321026
/tmp/unfreezing_ablation_frozen_60k0cium/data/PhysioNet2022/training_data/85018_MV.wav,1.0,0.16630912
/tmp/unfreezing_ablation_frozen_60k0cium/data/PhysioNet2022/training_data/85023_AV.wav,1.0,0.56622624
/tmp/unfreezing_ablation_frozen_60k0cium/data/PhysioNet2022/training_data/85023_MV.wav,1.0,0.12208772
/tmp/unfreezing_ablation_frozen_60k0cium/data/PhysioNet2022/training_data/85023_PV.wav,1.0,0.04944169
/tmp/unfreezing_ablation_frozen_60k0cium/data/PhysioNet2022/training_data/85023_TV.wav,1.0,0.10289519
/tmp/unfreezing_ablation_frozen_60k0cium/data/PhysioNet2022/training_data/85026_AV.wav,1.0,0.36019075
/tmp/unfreezing_ablation_frozen_60k0cium/data/PhysioNet2022/training_data/85026_MV.wav,1.0,0.12182032
/tmp/unfreezing_ablation_frozen_60k0cium/data/PhysioNet2022/training_data/85027_AV.wav,1.0,0.08416703
/tmp/unfreezing_ablation_frozen_60k0cium/data/PhysioNet2022/training_data/85027_MV.wav,1.0,0.06760678
/tmp/unfreezing_ablation_frozen_60k0cium/data/PhysioNet2022/training_data/85027_PV.wav,1.0,0.20854625
/tmp/unfreezing_ablation_frozen_60k0cium/data/PhysioNet2022/training_data/85027_TV.wav,1.0,0.027812984
/tmp/unfreezing_ablation_frozen_60k0cium/data/PhysioNet2022/training_data/85028_AV.wav,1.0,0.05483109
/tmp/unfreezing_ablation_frozen_60k0cium/data/PhysioNet2022/training_data/85028_MV.wav,1.0,0.44025588
/tmp/unfreezing_ablation_frozen_60k0cium/data/PhysioNet2022/training_data/85028_PV.wav,1.0,0.015872035
/tmp/unfreezing_ablation_frozen_60k0cium/data/PhysioNet2022/training_data/85028_TV.wav,1.0,0.10753409
/tmp/unfreezing_ablation_frozen_60k0cium/data/PhysioNet2022/training_data/85029_AV.wav,1.0,0.31660575
/tmp/unfreezing_ablation_frozen_60k0cium/data/PhysioNet2022/training_data/85029_MV.wav,1.0,0.82001776
/tmp/unfreezing_ablation_frozen_60k0cium/data/PhysioNet2022/training_data/85029_PV.wav,1.0,0.13160641
/tmp/unfreezing_ablation_frozen_60k0cium/data/PhysioNet2022/training_data/85029_TV.wav,1.0,0.027295694
/tmp/unfreezing_ablation_frozen_60k0cium/data/PhysioNet2022/training_data/85030_AV.wav,1.0,0.24390888
/tmp/unfreezing_ablation_frozen_60k0cium/data/PhysioNet2022/training_data/85030_MV.wav,1.0,0.029080346
/tmp/unfreezing_ablation_frozen_60k0cium/data/PhysioNet2022/training_data/85030_PV.wav,1.0,0.12532218
/tmp/unfreezing_ablation_frozen_60k0cium/data/PhysioNet2022/training_data/85030_TV.wav,1.0,0.3784942
/tmp/unfreezing_ablation_frozen_60k0cium/data/PhysioNet2022/training_data/85031_AV.wav,1.0,0.069631904
/tmp/unfreezing_ablation_frozen_60k0cium/data/PhysioNet2022/training_data/85031_MV.wav,1.0,0.14438775
/tmp/unfreezing_ablation_frozen_60k0cium/data/PhysioNet2022/training_data/85031_PV.wav,1.0,0.12565477
/tmp/unfreezing_ablation_frozen_60k0cium/data/PhysioNet2022/training_data/85031_TV.wav,1.0,0.4456813
/tmp/unfreezing_ablation_frozen_60k0cium/data/PhysioNet2022/training_data/85036_AV.wav,1.0,0.032551676
/tmp/unfreezing_ablation_frozen_60k0cium/data/PhysioNet2022/training_data/85036_MV.wav,1.0,0.05162624
/tmp/unfreezing_ablation_frozen_60k0cium/data/PhysioNet2022/training_data/85036_PV.wav,1.0,0.08984896
/tmp/unfreezing_ablation_frozen_60k0cium/data/PhysioNet2022/training_data/85036_TV.wav,1.0,0.09242589
/tmp/unfreezing_ablation_frozen_60k0cium/data/PhysioNet2022/training_data/85037_AV.wav,1.0,0.2012706
/tmp/unfreezing_ablation_frozen_60k0cium/data/PhysioNet2022/training_data/85037_MV.wav,1.0,0.047867052
/tmp/unfreezing_ablation_frozen_60k0cium/data/PhysioNet2022/training_data/85037_PV.wav,1.0,0.03879453
/tmp/unfreezing_ablation_frozen_60k0cium/data/PhysioNet2022/training_data/85037_TV.wav,1.0,0.93569565
/tmp/unfreezing_ablation_frozen_60k0cium/data/PhysioNet2022/training_data/85038_AV.wav,1.0,0.025415437
/tmp/unfreezing_ablation_frozen_60k0cium/data/PhysioNet2022/training_data/85038_MV.wav,1.0,0.15785444
/tmp/unfreezing_ablation_frozen_60k0cium/data/PhysioNet2022/training_data/85038_PV.wav,1.0,0.3505127
/tmp/unfreezing_ablation_frozen_60k0cium/data/PhysioNet2022/training_data/85038_TV.wav,1.0,0.25698736
/tmp/unfreezing_ablation_frozen_60k0cium/data/PhysioNet2022/training_data/85055_AV.wav,1.0,0.109088115
/tmp/unfreezing_ablation_frozen_60k0cium/data/PhysioNet2022/training_data/85055_PV.wav,1.0,0.034612264
/tmp/unfreezing_ablation_frozen_60k0cium/data/PhysioNet2022/training_data/85055_TV.wav,1.0,0.017941913
/tmp/unfreezing_ablation_frozen_60k0cium/data/PhysioNet2022/training_data/85064_AV.wav,1.0,0.33679357
/tmp/unfreezing_ablation_frozen_60k0cium/data/PhysioNet2022/training_data/85064_MV.wav,1.0,0.18823546
/tmp/unfreezing_ablation_frozen_60k0cium/data/PhysioNet2022/training_data/85064_PV.wav,1.0,0.14363772
/tmp/unfreezing_ablation_frozen_60k0cium/data/PhysioNet2022/training_data/85064_TV.wav,1.0,0.055450194
/tmp/unfreezing_ablation_frozen_60k0cium/data/PhysioNet2022/training_data/85079_AV.wav,1.0,0.30429018
/tmp/unfreezing_ablation_frozen_60k0cium/data/PhysioNet2022/training_data/85079_MV.wav,1.0,0.057564195
/tmp/unfreezing_ablation_frozen_60k0cium/data/PhysioNet2022/training_data/85079_PV.wav,1.0,0.1168063
/tmp/unfreezing_ablation_frozen_60k0cium/data/PhysioNet2022/training_data/85079_TV.wav,1.0,0.6496399
/tmp/unfreezing_ablation_frozen_60k0cium/data/PhysioNet2022/training_data/85080_AV.wav,1.0,0.029184615
/tmp/unfreezing_ablation_frozen_60k0cium/data/PhysioNet2022/training_data/85080_MV.wav,1.0,0.01270428
/tmp/unfreezing_ablation_frozen_60k0cium/data/PhysioNet2022/training_data/85080_PV.wav,1.0,0.06618433
/tmp/unfreezing_ablation_frozen_60k0cium/data/PhysioNet2022/training_data/85080_TV.wav,1.0,0.06957609
/tmp/unfreezing_ablation_frozen_60k0cium/data/PhysioNet2022/training_data/85086_AV.wav,1.0,0.29986233
/tmp/unfreezing_ablation_frozen_60k0cium/data/PhysioNet2022/training_data/85086_MV.wav,1.0,0.08634298
/tmp/unfreezing_ablation_frozen_60k0cium/data/PhysioNet2022/training_data/85086_PV.wav,1.0,0.4266217
/tmp/unfreezing_ablation_frozen_60k0cium/data/PhysioNet2022/training_data/85086_TV.wav,1.0,0.09083186
/tmp/unfreezing_ablation_frozen_60k0cium/data/PhysioNet2022/training_data/85087_AV.wav,1.0,0.049843114
/tmp/unfreezing_ablation_frozen_60k0cium/data/PhysioNet2022/training_data/85087_MV.wav,1.0,0.036610607
/tmp/unfreezing_ablation_frozen_60k0cium/data/PhysioNet2022/training_data/85087_PV.wav,1.0,0.13330087
/tmp/unfreezing_ablation_frozen_60k0cium/data/PhysioNet2022/training_data/85087_TV.wav,1.0,0.29966995
/tmp/unfreezing_ablation_frozen_60k0cium/data/PhysioNet2022/training_data/85090_MV.wav,1.0,0.391412
/tmp/unfreezing_ablation_frozen_60k0cium/data/PhysioNet2022/training_data/85090_PV.wav,1.0,0.090618476
/tmp/unfreezing_ablation_frozen_60k0cium/data/PhysioNet2022/training_data/85090_TV.wav,1.0,0.1269006
/tmp/unfreezing_ablation_frozen_60k0cium/data/PhysioNet2022/training_data/85091_AV.wav,1.0,0.8141855
/tmp/unfreezing_ablation_frozen_60k0cium/data/PhysioNet2022/training_data/85091_MV.wav,1.0,0.25136438
/tmp/unfreezing_ablation_frozen_60k0cium/data/PhysioNet2022/training_data/85093_AV.wav,1.0,0.02401293
/tmp/unfreezing_ablation_frozen_60k0cium/data/PhysioNet2022/training_data/85093_MV.wav,1.0,0.13479103
/tmp/unfreezing_ablation_frozen_60k0cium/data/PhysioNet2022/training_data/85093_PV.wav,1.0,0.3935803
/tmp/unfreezing_ablation_frozen_60k0cium/data/PhysioNet2022/training_data/85093_TV.wav,1.0,0.261684
/tmp/unfreezing_ablation_frozen_60k0cium/data/PhysioNet2022/training_data/85112_AV.wav,1.0,0.035063494
/tmp/unfreezing_ablation_frozen_60k0cium/data/PhysioNet2022/training_data/85112_MV.wav,1.0,0.060812227
/tmp/unfreezing_ablation_frozen_60k0cium/data/PhysioNet2022/training_data/85112_PV.wav,1.0,0.2624834
/tmp/unfreezing_ablation_frozen_60k0cium/data/PhysioNet2022/training_data/85112_TV.wav,1.0,0.05703923
/tmp/unfreezing_ablation_frozen_60k0cium/data/PhysioNet2022/training_data/85113_AV.wav,1.0,0.1571874
/tmp/unfreezing_ablation_frozen_60k0cium/data/PhysioNet2022/training_data/85113_MV.wav,1.0,0.017543994
/tmp/unfreezing_ablation_frozen_60k0cium/data/PhysioNet2022/training_data/85113_PV.wav,1.0,0.16845806
/tmp/unfreezing_ablation_frozen_60k0cium/data/PhysioNet2022/training_data/85113_TV.wav,1.0,0.123070106
/tmp/unfreezing_ablation_frozen_60k0cium/data/PhysioNet2022/training_data/85116_AV.wav,1.0,0.028951494
/tmp/unfreezing_ablation_frozen_60k0cium/data/PhysioNet2022/training_data/85116_MV.wav,1.0,0.054772396
/tmp/unfreezing_ablation_frozen_60k0cium/data/PhysioNet2022/training_data/85116_PV.wav,1.0,0.31199747
/tmp/unfreezing_ablation_frozen_60k0cium/data/PhysioNet2022/training_data/85116_TV.wav,1.0,0.55664206
/tmp/unfreezing_ablation_frozen_60k0cium/data/PhysioNet2022/training_data/85122_AV.wav,1.0,0.15003602
/tmp/unfreezing_ablation_frozen_60k0cium/data/PhysioNet2022/training_data/85122_MV.wav,1.0,0.0631065
/tmp/unfreezing_ablation_frozen_60k0cium/data/PhysioNet2022/training_data/85122_PV.wav,1.0,0.01739035
/tmp/unfreezing_ablation_frozen_60k0cium/data/PhysioNet2022/training_data/85122_TV.wav,1.0,0.30393627
/tmp/unfreezing_ablation_frozen_60k0cium/data/PhysioNet2022/training_data/85127_AV.wav,1.0,0.07304069
/tmp/unfreezing_ablation_frozen_60k0cium/data/PhysioNet2022/training_data/85127_MV.wav,1.0,0.090305805
/tmp/unfreezing_ablation_frozen_60k0cium/data/PhysioNet2022/training_data/85127_PV.wav,1.0,0.22384004
/tmp/unfreezing_ablation_frozen_60k0cium/data/PhysioNet2022/training_data/85127_TV.wav,1.0,0.055852063
/tmp/unfreezing_ablation_frozen_60k0cium/data/PhysioNet2022/training_data/85132_AV.wav,1.0,0.015637768
/tmp/unfreezing_ablation_frozen_60k0cium/data/PhysioNet2022/training_data/85132_MV.wav,1.0,0.07388964
/tmp/unfreezing_ablation_frozen_60k0cium/data/PhysioNet2022/training_data/85132_PV.wav,1.0,0.27377373
/tmp/unfreezing_ablation_frozen_60k0cium/data/PhysioNet2022/training_data/85132_TV.wav,1.0,0.05172334
/tmp/unfreezing_ablation_frozen_60k0cium/data/PhysioNet2022/training_data/85147_AV.wav,1.0,0.19621947
/tmp/unfreezing_ablation_frozen_60k0cium/data/PhysioNet2022/training_data/85147_MV.wav,1.0,0.08883883
/tmp/unfreezing_ablation_frozen_60k0cium/data/PhysioNet2022/training_data/85147_PV.wav,1.0,0.22479497
/tmp/unfreezing_ablation_frozen_60k0cium/data/PhysioNet2022/training_data/85147_TV.wav,1.0,0.17048879
/tmp/unfreezing_ablation_frozen_60k0cium/data/PhysioNet2022/training_data/85153_AV.wav,1.0,0.49306026
/tmp/unfreezing_ablation_frozen_60k0cium/data/PhysioNet2022/training_data/85153_PV.wav,1.0,0.117578804
/tmp/unfreezing_ablation_frozen_60k0cium/data/PhysioNet2022/training_data/85154_AV.wav,1.0,0.15128097
/tmp/unfreezing_ablation_frozen_60k0cium/data/PhysioNet2022/training_data/85154_MV.wav,1.0,0.042733677
/tmp/unfreezing_ablation_frozen_60k0cium/data/PhysioNet2022/training_data/85154_PV.wav,1.0,0.09769752
/tmp/unfreezing_ablation_frozen_60k0cium/data/PhysioNet2022/training_data/85154_TV.wav,1.0,0.37628928
/tmp/unfreezing_ablation_frozen_60k0cium/data/PhysioNet2022/training_data/85159_AV.wav,1.0,0.15133747
/tmp/unfreezing_ablation_frozen_60k0cium/data/PhysioNet2022/training_data/85159_MV.wav,1.0,0.028885417
/tmp/unfreezing_ablation_frozen_60k0cium/data/PhysioNet2022/training_data/85161_AV.wav,1.0,0.056319296
/tmp/unfreezing_ablation_frozen_60k0cium/data/PhysioNet2022/training_data/85161_MV.wav,1.0,0.046139367
/tmp/unfreezing_ablation_frozen_60k0cium/data/PhysioNet2022/training_data/85161_PV.wav,1.0,0.06963384
/tmp/unfreezing_ablation_frozen_60k0cium/data/PhysioNet2022/training_data/85161_TV.wav,1.0,0.20872277
/tmp/unfreezing_ablation_frozen_60k0cium/data/PhysioNet2022/training_data/85165_AV.wav,1.0,0.03132236
/tmp/unfreezing_ablation_frozen_60k0cium/data/PhysioNet2022/training_data/85165_MV.wav,1.0,0.2261583
/tmp/unfreezing_ablation_frozen_60k0cium/data/PhysioNet2022/training_data/85172_AV.wav,1.0,0.19590023
/tmp/unfreezing_ablation_frozen_60k0cium/data/PhysioNet2022/training_data/85172_MV.wav,1.0,0.06282609
/tmp/unfreezing_ablation_frozen_60k0cium/data/PhysioNet2022/training_data/85172_PV.wav,1.0,0.090483494
/tmp/unfreezing_ablation_frozen_60k0cium/data/PhysioNet2022/training_data/85172_TV.wav,1.0,0.1317068
/tmp/unfreezing_ablation_frozen_60k0cium/data/PhysioNet2022/training_data/85198_AV.wav,1.0,0.16111197
/tmp/unfreezing_ablation_frozen_60k0cium/data/PhysioNet2022/training_data/85198_MV.wav,1.0,0.07275899
/tmp/unfreezing_ablation_frozen_60k0cium/data/PhysioNet2022/training_data/85198_PV.wav,1.0,0.056766573
/tmp/unfreezing_ablation_frozen_60k0cium/data/PhysioNet2022/training_data/85198_TV.wav,1.0,0.02938414
/tmp/unfreezing_ablation_frozen_60k0cium/data/PhysioNet2022/training_data/85203_AV.wav,1.0,0.23154473
/tmp/unfreezing_ablation_frozen_60k0cium/data/PhysioNet2022/training_data/85203_MV.wav,1.0,0.040753696
/tmp/unfreezing_ablation_frozen_60k0cium/data/PhysioNet2022/training_data/85210_AV.wav,1.0,0.1295319
/tmp/unfreezing_ablation_frozen_60k0cium/data/PhysioNet2022/training_data/85210_MV.wav,1.0,0.115861885
/tmp/unfreezing_ablation_frozen_60k0cium/data/PhysioNet2022/training_data/85210_PV.wav,1.0,0.15880962
/tmp/unfreezing_ablation_frozen_60k0cium/data/PhysioNet2022/training_data/85210_TV.wav,1.0,0.15631631
/tmp/unfreezing_ablation_frozen_60k0cium/data/PhysioNet2022/training_data/85217_AV.wav,1.0,0.4521485
/tmp/unfreezing_ablation_frozen_60k0cium/data/PhysioNet2022/training_data/85217_MV.wav,1.0,0.44412792
/tmp/unfreezing_ablation_frozen_60k0cium/data/PhysioNet2022/training_data/85217_PV.wav,1.0,0.19238926
/tmp/unfreezing_ablation_frozen_60k0cium/data/PhysioNet2022/training_data/85217_TV.wav,1.0,0.33691722
/tmp/unfreezing_ablation_frozen_60k0cium/data/PhysioNet2022/training_data/85219_AV.wav,1.0,0.27395666
/tmp/unfreezing_ablation_frozen_60k0cium/data/PhysioNet2022/training_data/85219_MV.wav,1.0,0.00645594
/tmp/unfreezing_ablation_frozen_60k0cium/data/PhysioNet2022/training_data/85219_PV.wav,1.0,0.05133733
/tmp/unfreezing_ablation_frozen_60k0cium/data/PhysioNet2022/training_data/85219_TV.wav,1.0,0.08276856
/tmp/unfreezing_ablation_frozen_60k0cium/data/PhysioNet2022/training_data/85227_AV.wav,1.0,0.07579683
/tmp/unfreezing_ablation_frozen_60k0cium/data/PhysioNet2022/training_data/85227_MV.wav,1.0,0.29858813
/tmp/unfreezing_ablation_frozen_60k0cium/data/PhysioNet2022/training_data/85227_PV.wav,1.0,0.043767978
/tmp/unfreezing_ablation_frozen_60k0cium/data/PhysioNet2022/training_data/85227_TV.wav,1.0,0.04690493
/tmp/unfreezing_ablation_frozen_60k0cium/data/PhysioNet2022/training_data/85240_AV.wav,1.0,0.062445115
/tmp/unfreezing_ablation_frozen_60k0cium/data/PhysioNet2022/training_data/85240_PV.wav,1.0,0.31516242
/tmp/unfreezing_ablation_frozen_60k0cium/data/PhysioNet2022/training_data/85240_TV.wav,1.0,0.21936029
/tmp/unfreezing_ablation_frozen_60k0cium/data/PhysioNet2022/training_data/85250_AV.wav,1.0,0.04297602
/tmp/unfreezing_ablation_frozen_60k0cium/data/PhysioNet2022/training_data/85250_MV.wav,1.0,0.13941957
/tmp/unfreezing_ablation_frozen_60k0cium/data/PhysioNet2022/training_data/85250_PV.wav,1.0,0.27014813
/tmp/unfreezing_ablation_frozen_60k0cium/data/PhysioNet2022/training_data/85250_TV.wav,1.0,0.10557493
/tmp/unfreezing_ablation_frozen_60k0cium/data/PhysioNet2022/training_data/85259_AV.wav,1.0,0.11559894
/tmp/unfreezing_ablation_frozen_60k0cium/data/PhysioNet2022/training_data/85259_MV.wav,1.0,0.42782086
/tmp/unfreezing_ablation_frozen_60k0cium/data/PhysioNet2022/training_data/85264_MV.wav,1.0,0.1257138
/tmp/unfreezing_ablation_frozen_60k0cium/data/PhysioNet2022/training_data/85269_AV.wav,1.0,0.15810992
/tmp/unfreezing_ablation_frozen_60k0cium/data/PhysioNet2022/training_data/85269_PV.wav,1.0,0.052420847
/tmp/unfreezing_ablation_frozen_60k0cium/data/PhysioNet2022/training_data/85278_AV.wav,1.0,0.048022464
/tmp/unfreezing_ablation_frozen_60k0cium/data/PhysioNet2022/training_data/85278_MV.wav,1.0,0.21472439
/tmp/unfreezing_ablation_frozen_60k0cium/data/PhysioNet2022/training_data/85278_PV.wav,1.0,0.15646389
/tmp/unfreezing_ablation_frozen_60k0cium/data/PhysioNet2022/training_data/85278_TV.wav,1.0,0.8645681
/tmp/unfreezing_ablation_frozen_60k0cium/data/PhysioNet2022/training_data/85294_AV.wav,1.0,0.05931449
/tmp/unfreezing_ablation_frozen_60k0cium/data/PhysioNet2022/training_data/85294_MV.wav,1.0,0.30601522
/tmp/unfreezing_ablation_frozen_60k0cium/data/PhysioNet2022/training_data/85296_AV.wav,1.0,0.053580597
/tmp/unfreezing_ablation_frozen_60k0cium/data/PhysioNet2022/training_data/85296_MV.wav,1.0,0.12457833
/tmp/unfreezing_ablation_frozen_60k0cium/data/PhysioNet2022/training_data/85296_PV.wav,1.0,0.10678606
/tmp/unfreezing_ablation_frozen_60k0cium/data/PhysioNet2022/training_data/85296_TV.wav,1.0,0.216256
/tmp/unfreezing_ablation_frozen_60k0cium/data/PhysioNet2022/training_data/85299_AV.wav,1.0,0.67860675
/tmp/unfreezing_ablation_frozen_60k0cium/data/PhysioNet2022/training_data/85299_MV.wav,1.0,0.06998736
/tmp/unfreezing_ablation_frozen_60k0cium/data/PhysioNet2022/training_data/85299_PV.wav,1.0,0.099434935
/tmp/unfreezing_ablation_frozen_60k0cium/data/PhysioNet2022/training_data/85299_TV.wav,1.0,0.16878404
/tmp/unfreezing_ablation_frozen_60k0cium/data/PhysioNet2022/training_data/85300_AV.wav,1.0,0.23365818
/tmp/unfreezing_ablation_frozen_60k0cium/data/PhysioNet2022/training_data/85300_MV.wav,1.0,0.09210389
/tmp/unfreezing_ablation_frozen_60k0cium/data/PhysioNet2022/training_data/85301_AV.wav,1.0,0.1736907
/tmp/unfreezing_ablation_frozen_60k0cium/data/PhysioNet2022/training_data/85301_MV.wav,1.0,0.12761346
/tmp/unfreezing_ablation_frozen_60k0cium/data/PhysioNet2022/training_data/85301_PV.wav,1.0,0.052583452
/tmp/unfreezing_ablation_frozen_60k0cium/data/PhysioNet2022/training_data/85301_TV.wav,1.0,0.492027
/tmp/unfreezing_ablation_frozen_60k0cium/data/PhysioNet2022/training_data/85305_AV.wav,1.0,0.17328547
/tmp/unfreezing_ablation_frozen_60k0cium/data/PhysioNet2022/training_data/85305_MV.wav,1.0,0.27808672
/tmp/unfreezing_ablation_frozen_60k0cium/data/PhysioNet2022/training_data/85305_PV.wav,1.0,0.52682287
/tmp/unfreezing_ablation_frozen_60k0cium/data/PhysioNet2022/training_data/85305_TV.wav,1.0,0.17880376
/tmp/unfreezing_ablation_frozen_60k0cium/data/PhysioNet2022/training_data/85306_AV.wav,1.0,0.10890344
/tmp/unfreezing_ablation_frozen_60k0cium/data/PhysioNet2022/training_data/85306_MV.wav,1.0,0.04148122
/tmp/unfreezing_ablation_frozen_60k0cium/data/PhysioNet2022/training_data/85308_AV.wav,1.0,0.07432411
/tmp/unfreezing_ablation_frozen_60k0cium/data/PhysioNet2022/training_data/85308_MV.wav,1.0,0.10021422
/tmp/unfreezing_ablation_frozen_60k0cium/data/PhysioNet2022/training_data/85308_PV.wav,1.0,0.21666835
/tmp/unfreezing_ablation_frozen_60k0cium/data/PhysioNet2022/training_data/85308_TV.wav,1.0,0.12078936
/tmp/unfreezing_ablation_frozen_60k0cium/data/PhysioNet2022/training_data/85316_AV.wav,1.0,0.25395775
/tmp/unfreezing_ablation_frozen_60k0cium/data/PhysioNet2022/training_data/85316_MV.wav,1.0,0.0523872
/tmp/unfreezing_ablation_frozen_60k0cium/data/PhysioNet2022/training_data/85316_PV.wav,1.0,0.008775861
/tmp/unfreezing_ablation_frozen_60k0cium/data/PhysioNet2022/training_data/85316_TV.wav,1.0,0.642884
/tmp/unfreezing_ablation_frozen_60k0cium/data/PhysioNet2022/training_data/85322_TV.wav,1.0,0.09775938
/tmp/unfreezing_ablation_frozen_60k0cium/data/PhysioNet2022/training_data/85327_AV.wav,1.0,0.2137173
/tmp/unfreezing_ablation_frozen_60k0cium/data/PhysioNet2022/training_data/85327_MV.wav,1.0,0.1285633
/tmp/unfreezing_ablation_frozen_60k0cium/data/PhysioNet2022/training_data/85327_PV.wav,1.0,0.21152364
/tmp/unfreezing_ablation_frozen_60k0cium/data/PhysioNet2022/training_data/85327_TV.wav,1.0,0.2168188
/tmp/unfreezing_ablation_frozen_60k0cium/data/PhysioNet2022/training_data/85328_AV.wav,1.0,0.048163783
/tmp/unfreezing_ablation_frozen_60k0cium/data/PhysioNet2022/training_data/85328_MV.wav,1.0,0.5561232
/tmp/unfreezing_ablation_frozen_60k0cium/data/PhysioNet2022/training_data/85328_PV.wav,1.0,0.15943941
/tmp/unfreezing_ablation_frozen_60k0cium/data/PhysioNet2022/training_data/85328_TV.wav,1.0,0.14754136
/tmp/unfreezing_ablation_frozen_60k0cium/data/PhysioNet2022/training_data/85329_AV.wav,1.0,0.13055629
/tmp/unfreezing_ablation_frozen_60k0cium/data/PhysioNet2022/training_data/85329_MV.wav,1.0,0.45090798
/tmp/unfreezing_ablation_frozen_60k0cium/data/PhysioNet2022/training_data/85329_PV.wav,1.0,0.12295213
/tmp/unfreezing_ablation_frozen_60k0cium/data/PhysioNet2022/training_data/85329_TV.wav,1.0,0.1531164
/tmp/unfreezing_ablation_frozen_60k0cium/data/PhysioNet2022/training_data/85332_AV.wav,1.0,0.42267373
/tmp/unfreezing_ablation_frozen_60k0cium/data/PhysioNet2022/training_data/85332_PV.wav,1.0,0.33612362
/tmp/unfreezing_ablation_frozen_60k0cium/data/PhysioNet2022/training_data/85335_AV.wav,1.0,0.12373766
/tmp/unfreezing_ablation_frozen_60k0cium/data/PhysioNet2022/training_data/85335_PV.wav,1.0,0.08675788
/tmp/unfreezing_ablation_frozen_60k0cium/data/PhysioNet2022/training_data/85335_TV.wav,1.0,0.34813857
/tmp/unfreezing_ablation_frozen_60k0cium/data/PhysioNet2022/training_data/85337_AV.wav,1.0,0.06867677
/tmp/unfreezing_ablation_frozen_60k0cium/data/PhysioNet2022/training_data/85337_MV.wav,1.0,0.11776922
/tmp/unfreezing_ablation_frozen_60k0cium/data/PhysioNet2022/training_data/85337_PV.wav,1.0,0.082026266
/tmp/unfreezing_ablation_frozen_60k0cium/data/PhysioNet2022/training_data/85337_TV.wav,1.0,0.21911511
/tmp/unfreezing_ablation_frozen_60k0cium/data/PhysioNet2022/training_data/85340_AV.wav,1.0,0.02720308
/tmp/unfreezing_ablation_frozen_60k0cium/data/PhysioNet2022/training_data/85340_MV.wav,1.0,0.20748338
/tmp/unfreezing_ablation_frozen_60k0cium/data/PhysioNet2022/training_data/85340_PV.wav,1.0,0.01776297
/tmp/unfreezing_ablation_frozen_60k0cium/data/PhysioNet2022/training_data/85340_TV.wav,1.0,0.046093263
/tmp/unfreezing_ablation_frozen_60k0cium/data/PhysioNet2022/training_data/9979_AV.wav,1.0,0.23711787
/tmp/unfreezing_ablation_frozen_60k0cium/data/PhysioNet2022/training_data/9979_MV.wav,1.0,0.4907324
/tmp/unfreezing_ablation_frozen_60k0cium/data/PhysioNet2022/training_data/9979_PV.wav,1.0,0.23960936
/tmp/unfreezing_ablation_frozen_60k0cium/data/PhysioNet2022/training_data/9979_TV.wav,1.0,0.529477
/tmp/unfreezing_ablation_frozen_60k0cium/data/PhysioNet2022/training_data/9983_AV.wav,1.0,0.12456211
/tmp/unfreezing_ablation_frozen_60k0cium/data/PhysioNet2022/training_data/9983_MV.wav,1.0,0.25363752
/tmp/unfreezing_ablation_frozen_60k0cium/data/PhysioNet2022/training_data/9983_PV.wav,1.0,0.6230218
/tmp/unfreezing_ablation_frozen_60k0cium/data/PhysioNet2022/training_data/9983_TV.wav,1.0,0.018309949
noise,0.0,0.035514954
noise,0.0,0.25398004
noise,0.0,0.1650383
noise,0.0,0.13718827
noise,0.0,0.12349197
noise,0.0,0.12726614
noise,0.0,0.03766805
noise,0.0,0.040698044
noise,0.0,0.052167654
noise,0.0,0.072059736
noise,0.0,0.5292932
noise,0.0,0.6236302
noise,0.0,0.024392711
noise,0.0,0.06600667
noise,0.0,0.3101693
noise,0.0,0.22029398
noise,0.0,0.13641073
noise,0.0,0.1607635
noise,0.0,0.15704754
noise,0.0,0.06383537
noise,0.0,0.29203102
noise,0.0,0.1723434
noise,0.0,0.12654285
noise,0.0,0.54642755
noise,0.0,0.05266518
noise,0.0,0.20350277
noise,0.0,0.59253067
noise,0.0,0.1068993
noise,0.0,0.032697428
noise,0.0,0.2834675
noise,0.0,0.031285755
noise,0.0,0.13315833
noise,0.0,0.08400593
noise,0.0,0.06595673
noise,0.0,0.2615536
noise,0.0,0.36516434
noise,0.0,0.27894247
noise,0.0,0.23636556
noise,0.0,0.23202991
noise,0.0,0.055639002
noise,0.0,0.018717138
noise,0.0,0.04017378
noise,0.0,0.28623056
noise,0.0,0.0119110085
noise,0.0,0.36486068
noise,0.0,0.02823341
noise,0.0,0.055652145
noise,0.0,0.09292056
noise,0.0,0.3187655
noise,0.0,0.22418591
noise,0.0,0.105618976
noise,0.0,0.36016008
noise,0.0,0.2411162
noise,0.0,0.28821483
noise,0.0,0.55859464
noise,0.0,0.012959335
noise,0.0,0.06412175
noise,0.0,0.10776715
noise,0.0,0.20487112
noise,0.0,0.006070098
noise,0.0,0.05060857
noise,0.0,0.09400417
noise,0.0,0.15969639
noise,0.0,0.16333663
noise,0.0,0.1876409
noise,0.0,0.10135919
noise,0.0,0.20808372
noise,0.0,0.089882076
noise,0.0,0.023482835
noise,0.0,0.087457836
noise,0.0,0.03015729
noise,0.0,0.1061238
noise,0.0,0.050709315
noise,0.0,0.05538395
noise,0.0,0.07000966
noise,0.0,0.3673508
noise,0.0,0.2646888
noise,0.0,0.26267374
noise,0.0,0.038571037
noise,0.0,0.0678679
noise,0.0,0.2615536
noise,0.0,0.04629963
noise,0.0,0.012279774
noise,0.0,0.16366552
noise,0.0,0.058326494
noise,0.0,0.103569135
noise,0.0,0.104128025
noise,0.0,0.0770793
noise,0.0,0.046487
noise,0.0,0.09094472
noise,0.0,0.5090572
noise,0.0,0.10559318
noise,0.0,0.11787722
noise,0.0,0.2308158
noise,0.0,0.449291
noise,0.0,0.041422985
noise,0.0,0.054028023
noise,0.0,0.14489593
noise,0.0,0.0393617
noise,0.0,0.17372715
noise,0.0,0.12896223
noise,0.0,0.09835483
noise,0.0,0.2026177
noise,0.0,0.09744759
noise,0.0,0.027607607
noise,0.0,0.027047172
noise,0.0,0.18324095
noise,0.0,0.084149025
noise,0.0,0.20103052
noise,0.0,0.43354264
noise,0.0,0.48230448
noise,0.0,0.0536927
noise,0.0,0.07330088
noise,0.0,0.017741533
noise,0.0,0.080850765
noise,0.0,0.40167907
noise,0.0,0.60603637
noise,0.0,0.10971691
noise,0.0,0.26037255
noise,0.0,0.15017886
noise,0.0,0.31996718
noise,0.0,0.35647157
noise,0.0,0.13538544
noise,0.0,0.21043622
noise,0.0,0.08020637
noise,0.0,0.025726287
noise,0.0,0.1663476
noise,0.0,0.13971096
noise,0.0,0.30579126
noise,0.0,0.15881872
noise,0.0,0.34334084
noise,0.0,0.37546778
noise,0.0,0.1285968
noise,0.0,0.11123455
noise,0.0,0.13945203
noise,0.0,0.3129565
noise,0.0,0.050655488
noise,0.0,0.14788134
noise,0.0,0.12793665
noise,0.0,0.25006786
noise,0.0,0.10010845
noise,0.0,0.058933027
noise,0.0,0.036185972
noise,0.0,0.27121067
noise,0.0,0.7086699
noise,0.0,0.018685058
noise,0.0,0.23884644
noise,0.0,0.052167654
noise,0.0,0.02816676
noise,0.0,0.37111259
noise,0.0,0.85695404
noise,0.0,0.057160687
noise,0.0,0.38524798
noise,0.0,0.060203243
noise,0.0,0.091463834
noise,0.0,0.062522575
noise,0.0,0.023734206
noise,0.0,0.80446935
noise,0.0,0.07744235
noise,0.0,0.08526053
noise,0.0,0.17111501
noise,0.0,0.13603912
noise,0.0,0.38052493
noise,0.0,0.2820863
noise,0.0,0.074966244
noise,0.0,0.041007355
noise,0.0,0.123069905
noise,0.0,0.15788655
noise,0.0,0.020055616
noise,0.0,0.14552233
noise,0.0,0.14249203
noise,0.0,0.1360926
noise,0.0,0.02152773
noise,0.0,0.14028636
noise,0.0,0.18718505
noise,0.0,0.044797864
noise,0.0,0.8957998
noise,0.0,0.106258966
noise,0.0,0.50659233
noise,0.0,0.5564611
noise,0.0,0.1047447
noise,0.0,0.12741666
noise,0.0,0.250545
noise,0.0,0.30178973
noise,0.0,0.1098134
noise,0.0,0.077113576
noise,0.0,0.39631572
noise,0.0,0.051511828
noise,0.0,0.024768813
noise,0.0,0.1285968
noise,0.0,0.43644902
noise,0.0,0.11232315
noise,0.0,0.04506252
noise,0.0,0.22742644
noise,0.0,0.018205386
noise,0.0,0.03458297
noise,0.0,0.23515223
noise,0.0,0.39120543
noise,0.0,0.07299703
noise,0.0,0.027548801
noise,0.0,0.045338243
noise,0.0,0.11318828
noise,0.0,0.05533713
noise,0.0,0.070977256
noise,0.0,0.14346787
noise,0.0,0.7004974
noise,0.0,0.08972504
noise,0.0,0.29189003
noise,0.0,0.1206952
noise,0.0,0.012040595
noise,0.0,0.101365276
noise,0.0,0.25180203
noise,0.0,0.861277
noise,0.0,0.0319425
noise,0.0,0.058845177
noise,0.0,0.4201182
noise,0.0,0.060404614
noise,0.0,0.16220802
noise,0.0,0.042257555
noise,0.0,0.012204206
noise,0.0,0.22862491
noise,0.0,0.1316993
noise,0.0,0.020839995
noise,0.0,0.27881724
noise,0.0,0.06130948
noise,0.0,0.009313568
noise,0.0,0.09429197
noise,0.0,0.05187454
noise,0.0,0.09015102
noise,0.0,0.77206177
noise,0.0,0.17623465
noise,0.0,0.23459719
noise,0.0,0.05658987
noise,0.0,0.050661694
noise,0.0,0.32763383
noise,0.0,0.06082828
noise,0.0,0.098029286
noise,0.0,0.07775989
noise,0.0,0.044223577
noise,0.0,0.36415678
noise,0.0,0.23570052
noise,0.0,0.09230501
noise,0.0,0.034349285
noise,0.0,0.07723017
noise,0.0,0.05342421
noise,0.0,0.025839936
noise,0.0,0.34784997
noise,0.0,0.07518467
noise,0.0,0.1388425
noise,0.0,0.08264686
noise,0.0,0.045430083
noise,0.0,0.2015779
noise,0.0,0.025650952
noise,0.0,0.09433757
noise,0.0,0.019711645
noise,0.0,0.87918276
noise,0.0,0.032434516
noise,0.0,0.3258541
noise,0.0,0.5461973
noise,0.0,0.05269119
noise,0.0,0.059642956
noise,0.0,0.025030665
noise,0.0,0.12091404
noise,0.0,0.016571412
noise,0.0,0.19237217
noise,0.0,0.31200168
noise,0.0,0.1367065
noise,0.0,0.24080457
noise,0.0,0.42036724
noise,0.0,0.051124796
noise,0.0,0.052934088
noise,0.0,0.06963686
noise,0.0,0.30468392
noise,0.0,0.12091315
noise,0.0,0.2567799
noise,0.0,0.07639454
noise,0.0,0.0726894
noise,0.0,0.02027129
noise,0.0,0.006675561
noise,0.0,0.04463481
noise,0.0,0.053683635
noise,0.0,0.19555904
noise,0.0,0.32170913
noise,0.0,0.21138293
noise,0.0,0.104385845
noise,0.0,0.10555806
noise,0.0,0.17997417
noise,0.0,0.45757344
noise,0.0,0.26914316
noise,0.0,0.057190634
noise,0.0,0.036586482
noise,0.0,0.08141596
noise,0.0,0.019741885
noise,0.0,0.21089803
noise,0.0,0.074059695
noise,0.0,0.14934292
noise,0.0,0.08982872
noise,0.0,0.12544936
noise,0.0,0.7331652
noise,0.0,0.05211535
noise,0.0,0.15492554
noise,0.0,0.31414723
noise,0.0,0.031756826
noise,0.0,0.3047211
noise,0.0,0.011059235
noise,0.0,0.2514768
noise,0.0,0.3205724
noise,0.0,0.060553975
noise,0.0,0.273751
noise,0.0,0.034528315
noise,0.0,0.045319486
noise,0.0,0.03804165
noise,0.0,0.069959246
noise,0.0,0.03601438
noise,0.0,0.021524912
noise,0.0,0.064522035
noise,0.0,0.16133562
noise,0.0,0.047635347
noise,0.0,0.20286329
noise,0.0,0.5479035
noise,0.0,0.1366837
noise,0.0,0.0973142
noise,0.0,0.1013331
noise,0.0,0.046360113
noise,0.0,0.14814036
noise,0.0,0.33502483
noise,0.0,0.078207605
noise,0.0,0.07146301
noise,0.0,0.04351761
noise,0.0,0.08675339
noise,0.0,0.48134935
noise,0.0,0.15598395
noise,0.0,0.16586502
noise,0.0,0.026490942
noise,0.0,0.41417983
noise,0.0,0.6835866
noise,0.0,0.046138573
noise,0.0,0.0335062
noise,0.0,0.15414086
noise,0.0,0.5732824
noise,0.0,0.36533886
noise,0.0,0.085240446
noise,0.0,0.052780494
noise,0.0,0.020300105
noise,0.0,0.036861986
noise,0.0,0.01394595
noise,0.0,0.07322793
noise,0.0,0.4920194
noise,0.0,0.038390584
noise,0.0,0.017932933
noise,0.0,0.0896951
noise,0.0,0.3267758
noise,0.0,0.05612133
noise,0.0,0.112721846
noise,0.0,0.107435144
noise,0.0,0.51106185
noise,0.0,0.014577954
noise,0.0,0.14129478
noise,0.0,0.5238324
noise,0.0,0.020080306
noise,0.0,0.058494955
noise,0.0,0.22343734
noise,0.0,0.08991713
noise,0.0,0.051264115
noise,0.0,0.34999263
noise,0.0,0.00816693
noise,0.0,0.07813169
noise,0.0,0.031970322
noise,0.0,0.44099903
noise,0.0,0.060555648
noise,0.0,0.24132477
noise,0.0,0.051992267
noise,0.0,0.03253088
noise,0.0,0.34212595
noise,0.0,0.026430795
noise,0.0,0.34726503
noise,0.0,0.36396572
noise,0.0,0.29607674
noise,0.0,0.1429718
noise,0.0,0.122666605
noise,0.0,0.07516329
noise,0.0,0.08506681
noise,0.0,0.032820612
noise,0.0,0.036498897
noise,0.0,0.75577056
noise,0.0,0.0459895
noise,0.0,0.49037158
noise,0.0,0.0076906965
noise,0.0,0.38570654
noise,0.0,0.24360499
noise,0.0,0.16275235
noise,0.0,0.08811343
noise,0.0,0.11468721
noise,0.0,0.08606791
noise,0.0,0.005510361
noise,0.0,0.098984644
noise,0.0,0.026706127
noise,0.0,0.35678303
noise,0.0,0.058548853
noise,0.0,0.60417736
noise,0.0,0.10962756
noise,0.0,0.13777296
noise,0.0,0.02628626
noise,0.0,0.096558064
noise,0.0,0.0411722
noise,0.0,0.048920248
noise,0.0,0.21447496
noise,0.0,0.13839617
noise,0.0,0.49225926
noise,0.0,0.1340392
noise,0.0,0.12452675
noise,0.0,0.38635173
noise,0.0,0.11680353
noise,0.0,0.039324135
noise,0.0,0.29933548
noise,0.0,0.051010672
noise,0.0,0.038698643
noise,0.0,0.10162281
noise,0.0,0.025183495
noise,0.0,0.20382348
noise,0.0,0.02503696
noise,0.0,0.34303012
noise,0.0,0.6301443
noise,0.0,0.020290798
noise,0.0,0.071967036
noise,0.0,0.0873578
noise,0.0,0.08022855
noise,0.0,0.20282015
noise,0.0,0.24524824
noise,0.0,0.10129432
noise,0.0,0.39711785
noise,0.0,0.051504094
noise,0.0,0.025595844
noise,0.0,0.110072665
noise,0.0,0.29386345
noise,0.0,0.27940065
noise,0.0,0.023030011
noise,0.0,0.20020828
noise,0.0,0.09722993
noise,0.0,0.111862555
noise,0.0,0.084322765
noise,0.0,0.041762725
noise,0.0,0.06993852
noise,0.0,0.5225058
noise,0.0,0.06891027
noise,0.0,0.24073057
noise,0.0,0.06463051
noise,0.0,0.11367237
noise,0.0,0.056778394
noise,0.0,0.22792797
noise,0.0,0.17219779
noise,0.0,0.38426024
noise,0.0,0.17581703
noise,0.0,0.070958406
noise,0.0,0.21147813
noise,0.0,0.12224166
noise,0.0,0.957928
noise,0.0,0.28235304
noise,0.0,0.4176311
noise,0.0,0.06450524
noise,0.0,0.16889699
noise,0.0,0.20858474
noise,0.0,0.26161334
noise,0.0,0.21400043
noise,0.0,0.07877966
noise,0.0,0.06930962
noise,0.0,0.37720183
noise,0.0,0.41794097
noise,0.0,0.3919684
noise,0.0,0.35777473
noise,0.0,0.04933352
noise,0.0,0.30623388
noise,0.0,0.2415328
noise,0.0,0.0127731245
noise,0.0,0.21615426
noise,0.0,0.22766039
noise,0.0,0.049160775
noise,0.0,0.16366552
noise,0.0,0.7136538
noise,0.0,0.46636924
noise,0.0,0.01999648
noise,0.0,0.07168764
noise,0.0,0.046698406
noise,0.0,0.5969541
noise,0.0,0.13592258
noise,0.0,0.6082083
noise,0.0,0.070732094
noise,0.0,0.3841433
noise,0.0,0.063656785
noise,0.0,0.51590884
noise,0.0,0.09896729
noise,0.0,0.045827247
noise,0.0,0.105658405
noise,0.0,0.29208007
noise,0.0,0.48057887
noise,0.0,0.10783757
noise,0.0,0.063047595
noise,0.0,0.089835435
noise,0.0,0.16368675
noise,0.0,0.053643327
noise,0.0,0.031339545
noise,0.0,0.22342877
noise,0.0,0.03674784
noise,0.0,0.77307945
noise,0.0,0.0962637
noise,0.0,0.1828859
noise,0.0,0.22008882
noise,0.0,0.18661083
noise,0.0,0.037049778
noise,0.0,0.115703255
noise,0.0,0.18380015
noise,0.0,0.0839888
noise,0.0,0.0911743
noise,0.0,0.13088277
noise,0.0,0.26463443
noise,0.0,0.11914043
noise,0.0,0.12347318
noise,0.0,0.009599569
noise,0.0,0.35129008
noise,0.0,0.043197777
noise,0.0,0.043812454
noise,0.0,0.054043043
noise,0.0,0.12041649
noise,0.0,0.1054669
noise,0.0,0.016329776
noise,0.0,0.30204463
noise,0.0,0.10616316
noise,0.0,0.044596918
noise,0.0,0.118952036
noise,0.0,0.47004178
noise,0.0,0.1730567
noise,0.0,0.060042612
noise,0.0,0.13217558
noise,0.0,0.13942982
noise,0.0,0.010982306
noise,0.0,0.6245137
noise,0.0,0.08151875
noise,0.0,0.5793722
noise,0.0,0.038254235
noise,0.0,0.10444268
noise,0.0,0.0705492
noise,0.0,0.031720698
noise,0.0,0.32277903
noise,0.0,0.01738398
noise,0.0,0.077965125
noise,0.0,0.09491943
noise,0.0,0.030854011
noise,0.0,0.19306879
noise,0.0,0.7180848
noise,0.0,0.2306856
noise,0.0,0.055625502
noise,0.0,0.03234863
noise,0.0,0.4147227
noise,0.0,0.122416265
noise,0.0,0.06599812
noise,0.0,0.15545319
noise,0.0,0.768835
noise,0.0,0.1876409
noise,0.0,0.09734354
noise,0.0,0.439248
noise,0.0,0.2779035
noise,0.0,0.25274017
noise,0.0,0.16847773
noise,0.0,0.042982377
noise,0.0,0.12237207
noise,0.0,0.5232978
noise,0.0,0.0051319585
noise,0.0,0.27878124
noise,0.0,0.086414225
noise,0.0,0.27753487
noise,0.0,0.028111216
noise,0.0,0.11958565
noise,0.0,0.13188252
noise,0.0,0.30450895
noise,0.0,0.18820553
noise,0.0,0.09853321
noise,0.0,0.040565066
noise,0.0,0.29755566
noise,0.0,0.5563648
noise,0.0,0.07162329
noise,0.0,0.046841234
noise,0.0,0.07919212
noise,0.0,0.31313914
noise,0.0,0.14168751
noise,0.0,0.6013102
noise,0.0,0.27527598
noise,0.0,0.09394183
noise,0.0,0.11330438
noise,0.0,0.22886477
noise,0.0,0.13394694
noise,0.0,0.19511454
noise,0.0,0.048439804
noise,0.0,0.09330831
noise,0.0,0.17739667
noise,0.0,0.053546414
noise,0.0,0.22766039
noise,0.0,0.053920146
noise,0.0,0.35403472
noise,0.0,0.217868
noise,0.0,0.34650433
noise,0.0,0.1958606
noise,0.0,0.28118643
noise,0.0,0.15571907
noise,0.0,0.10485145
noise,0.0,0.13954525
noise,0.0,0.15457475
noise,0.0,0.60161597
noise,0.0,0.26327497
noise,0.0,0.03228177
noise,0.0,0.056958683
noise,0.0,0.43036503
noise,0.0,0.15347157
noise,0.0,0.12552644
noise,0.0,0.031043625
noise,0.0,0.17859763
noise,0.0,0.1894458
noise,0.0,0.09051824
noise,0.0,0.11967572
noise,0.0,0.22480099
noise,0.0,0.058234207
noise,0.0,0.08688597
noise,0.0,0.20485377
noise,0.0,0.19901553
noise,0.0,0.2839374
noise,0.0,0.079106465
noise,0.0,0.061408963
noise,0.0,0.13585244
noise,0.0,0.03073932
noise,0.0,0.035693485
noise,0.0,0.6442066
noise,0.0,0.4985686
noise,0.0,0.06820916
noise,0.0,0.010143766
noise,0.0,0.1847662
noise,0.0,0.021577107
noise,0.0,0.042517766
noise,0.0,0.21823256
noise,0.0,0.36050966
noise,0.0,0.12739618
noise,0.0,0.47979048
noise,0.0,0.05108609
noise,0.0,0.05562929
noise,0.0,0.11267264
noise,0.0,0.046932817
noise,0.0,0.12709734
noise,0.0,0.03817984
noise,0.0,0.20143257
noise,0.0,0.30095452
noise,0.0,0.037575252
noise,0.0,0.21155241
noise,0.0,0.0466971
noise,0.0,0.23901905
noise,0.0,0.19498086
noise,0.0,0.37623292
noise,0.0,0.06310382
noise,0.0,0.16375707
noise,0.0,0.11963541
noise,0.0,0.03723377
noise,0.0,0.39590976
noise,0.0,0.21866325
noise,0.0,0.24433714
noise,0.0,0.06235671
noise,0.0,0.034590676
noise,0.0,0.055012986
noise,0.0,0.047715783
noise,0.0,0.08849618
noise,0.0,0.55069804
noise,0.0,0.18140326
noise,0.0,0.08112675
noise,0.0,0.14332023
noise,0.0,0.0747804
noise,0.0,0.07133409
noise,0.0,0.1171507
noise,0.0,0.037481267
noise,0.0,0.034972325
noise,0.0,0.07849025
noise,0.0,0.18834119
noise,0.0,0.056926202
noise,0.0,0.04845063
noise,0.0,0.676973
noise,0.0,0.05003084
noise,0.0,0.027135003
noise,0.0,0.47894022
noise,0.0,0.25916386
noise,0.0,0.042407513
noise,0.0,0.15124714
noise,0.0,0.18184714
noise,0.0,0.07474636
noise,0.0,0.14119636
noise,0.0,0.16374132
noise,0.0,0.21819727
noise,0.0,0.06388548
noise,0.0,0.037810393
noise,0.0,0.11707316
noise,0.0,0.040449843
noise,0.0,0.13244437
noise,0.0,0.03953886
noise,0.0,0.04931001
noise,0.0,0.37346607
noise,0.0,0.06362748
noise,0.0,0.32181877
noise,0.0,0.1912556
noise,0.0,0.22372547
noise,0.0,0.15978844
noise,0.0,0.060671743
noise,0.0,0.0920023
noise,0.0,0.07875958
noise,0.0,0.13820069
noise,0.0,0.117274195
noise,0.0,0.3749759
noise,0.0,0.03443299
noise,0.0,0.07400432
noise,0.0,0.089738965
noise,0.0,0.7688827
noise,0.0,0.05398184
noise,0.0,0.062275622
noise,0.0,0.46282855
noise,0.0,0.038358327
noise,0.0,0.2752393
noise,0.0,0.08414268
noise,0.0,0.008425592
noise,0.0,0.027081115
noise,0.0,0.1831497
noise,0.0,0.073228575
noise,0.0,0.16756469
noise,0.0,0.16148718
noise,0.0,0.51660174
noise,0.0,0.30901328
noise,0.0,0.1244634
noise,0.0,0.062466566
noise,0.0,0.033057358
noise,0.0,0.3527332
noise,0.0,0.8252772
noise,0.0,0.3156546
noise,0.0,0.06758982
noise,0.0,0.029230516
noise,0.0,0.09589585
noise,0.0,0.061600238
noise,0.0,0.07100283
noise,0.0,0.39323577
noise,0.0,0.0827351
noise,0.0,0.03041209
noise,0.0,0.012940735
noise,0.0,0.046080746
noise,0.0,0.04935817
noise,0.0,0.087843
noise,0.0,0.039838612
noise,0.0,0.28188697
noise,0.0,0.04458091
noise,0.0,0.036272194
noise,0.0,0.052667953
noise,0.0,0.69508225
noise,0.0,0.052653067
noise,0.0,0.21189028
noise,0.0,0.4509965
noise,0.0,0.2631669
noise,0.0,0.12079573
noise,0.0,0.050207097
noise,0.0,0.07354276
noise,0.0,0.81191397
noise,0.0,0.092477985
noise,0.0,0.017551687
noise,0.0,0.14230682
noise,0.0,0.11867062
noise,0.0,0.23927663
noise,0.0,0.12237207
noise,0.0,0.035997402
noise,0.0,0.2980308
noise,0.0,0.49245763
noise,0.0,0.014984714
noise,0.0,0.088718854
noise,0.0,0.11234062
noise,0.0,0.21963082
noise,0.0,0.12994026
noise,0.0,0.3492858
noise,0.0,0.049690858
noise,0.0,0.06625232
noise,0.0,0.17542751
noise,0.0,0.31380758
noise,0.0,0.2670834
noise,0.0,0.01632875
noise,0.0,0.12685287
noise,0.0,0.7688827
noise,0.0,0.089667924
noise,0.0,0.041193474
noise,0.0,0.082564436
noise,0.0,0.28365692
noise,0.0,0.107613355
noise,0.0,0.013056331
noise,0.0,0.024450539
noise,0.0,0.075320855
noise,0.0,0.074981466
noise,0.0,0.35854408
noise,0.0,0.051363114
noise,0.0,0.55198616
noise,0.0,0.09041032
noise,0.0,0.01691451
noise,0.0,0.072920024
noise,0.0,0.10443742
noise,0.0,0.1308222
noise,0.0,0.13854244
noise,0.0,0.07872092
noise,0.0,0.15549259
noise,0.0,0.3893004
noise,0.0,0.05152306
noise,0.0,0.2437218
noise,0.0,0.4360928
noise,0.0,0.103414126
noise,0.0,0.059173275
noise,0.0,0.7008332
noise,0.0,0.6383936
noise,0.0,0.14867589
noise,0.0,0.20470776
noise,0.0,0.20498437
noise,0.0,0.37545097
noise,0.0,0.039214853
noise,0.0,0.15074047
noise,0.0,0.26357806
noise,0.0,0.24107695
noise,0.0,0.5684082
noise,0.0,0.33567548
noise,0.0,0.5402767
noise,0.0,0.02554141
noise,0.0,0.105036035
noise,0.0,0.6204339
noise,0.0,0.17443714
noise,0.0,0.06126339
noise,0.0,0.067344695
noise,0.0,0.009057939
noise,0.0,0.09797679
noise,0.0,0.07202989
noise,0.0,0.18029734
noise,0.0,0.075766616
noise,0.0,0.30656037
noise,0.0,0.029809287
noise,0.0,0.23790833
noise,0.0,0.030813716
noise,0.0,0.075124934
noise,0.0,0.055189215
noise,0.0,0.020274606
noise,0.0,0.1435941
noise,0.0,0.8497887
noise,0.0,0.49987832
noise,0.0,0.07878666
noise,0.0,0.09452989
noise,0.0,0.30732256
noise,0.0,0.10916692
noise,0.0,0.104708716
noise,0.0,0.120781034
noise,0.0,0.5916536
noise,0.0,0.10876389
noise,0.0,0.09537487
noise,0.0,0.04614526
noise,0.0,0.21096238
noise,0.0,0.09201437
noise,0.0,0.5322473
noise,0.0,0.044192128
noise,0.0,0.11643097
noise,0.0,0.06171918
noise,0.0,0.09773764
noise,0.0,0.116969876
noise,0.0,0.106061704
noise,0.0,0.1265439
noise,0.0,0.15947494
noise,0.0,0.022519512
noise,0.0,0.1265234
noise,0.0,0.28180665
noise,0.0,0.049354855
noise,0.0,0.030303108
noise,0.0,0.4372035
noise,0.0,0.040719092
noise,0.0,0.16305017
noise,0.0,0.027641546
noise,0.0,0.18956682
noise,0.0,0.6519599
noise,0.0,0.29997557
noise,0.0,0.06408934
noise,0.0,0.032257766
noise,0.0,0.45120198
noise,0.0,0.104748994
noise,0.0,0.032852232
noise,0.0,0.26365453
noise,0.0,0.12300193
noise,0.0,0.04555305
noise,0.0,0.1084678
noise,0.0,0.093346074
noise,0.0,0.2721338
noise,0.0,0.11385356
noise,0.0,0.4188058
noise,0.0,0.19374122
noise,0.0,0.42255962
noise,0.0,0.049933337
noise,0.0,0.39938533
noise,0.0,0.14511171
noise,0.0,0.0066532725
noise,0.0,0.09494481
noise,0.0,0.46438777
noise,0.0,0.14584665
noise,0.0,0.13612664
noise,0.0,0.11078507
noise,0.0,0.11573009
noise,0.0,0.6979593
noise,0.0,0.19987884
noise,0.0,0.14388798
noise,0.0,0.11217118
noise,0.0,0.7932711
noise,0.0,0.10924212
noise,0.0,0.20897384
noise,0.0,0.22930473
noise,0.0,0.044414163
noise,0.0,0.16652073
noise,0.0,0.13927843
noise,0.0,0.050730642
noise,0.0,0.17428838
noise,0.0,0.60628116
noise,0.0,0.07351968
noise,0.0,0.06168344
noise,0.0,0.048465975
noise,0.0,0.065589786
noise,0.0,0.017823987
noise,0.0,0.19227293
noise,0.0,0.33811605
noise,0.0,0.058165416
noise,0.0,0.47996184
noise,0.0,0.085134506
noise,0.0,0.13088706
noise,0.0,0.057028726
noise,0.0,0.0034733436
noise,0.0,0.07240907
noise,0.0,0.41145888
noise,0.0,0.025433855
noise,0.0,0.11783792
noise,0.0,0.13568428
noise,0.0,0.113013
noise,0.0,0.10138626
noise,0.0,0.25630218
noise,0.0,0.23113641
noise,0.0,0.19769894
noise,0.0,0.025381783
noise,0.0,0.099974655
noise,0.0,0.16020304
noise,0.0,0.41731885
noise,0.0,0.051753785
noise,0.0,0.12697482
noise,0.0,0.4694981
noise,0.0,0.021632472
noise,0.0,0.10790895
noise,0.0,0.14053129
noise,0.0,0.2587354
noise,0.0,0.1821128
noise,0.0,0.25567666
noise,0.0,0.06568616
noise,0.0,0.05789889
noise,0.0,0.05145497
noise,0.0,0.055440642
noise,0.0,0.20470239
noise,0.0,0.33249176
noise,0.0,0.9469637
noise,0.0,0.083877526
noise,0.0,0.03725351
noise,0.0,0.0859696
noise,0.0,0.17251457
noise,0.0,0.04640928
noise,0.0,0.16008984
noise,0.0,0.07731685
noise,0.0,0.07105315
noise,0.0,0.1586123
noise,0.0,0.022758838
noise,0.0,0.045918178
noise,0.0,0.058487445
noise,0.0,0.060222223
noise,0.0,0.21722722
noise,0.0,0.066489264
noise,0.0,0.1366457
noise,0.0,0.053975996
noise,0.0,0.12093345
noise,0.0,0.14406182
noise,0.0,0.85766995
noise,0.0,0.5011697
noise,0.0,0.12289635
noise,0.0,0.2208037
noise,0.0,0.14243028
noise,0.0,0.08385756
noise,0.0,0.03989658
noise,0.0,0.12246848
noise,0.0,0.12465613
noise,0.0,0.5099736
noise,0.0,0.31551075
noise,0.0,0.86644137
noise,0.0,0.14533015
noise,0.0,0.19759697
noise,0.0,0.07385005
noise,0.0,0.057339497
noise,0.0,0.33622494
noise,0.0,0.3208985
noise,0.0,0.073486716
noise,0.0,0.15455724
noise,0.0,0.0882466
noise,0.0,0.057115167
noise,0.0,0.19057377
noise,0.0,0.18919538
noise,0.0,0.8678175
noise,0.0,0.07062775
noise,0.0,0.04797927
noise,0.0,0.23118417
noise,0.0,0.2112121
noise,0.0,0.03893346
noise,0.0,0.16294418
noise,0.0,0.042453248
noise,0.0,0.58067083
noise,0.0,0.056989368
noise,0.0,0.023794644
noise,0.0,0.029546551
noise,0.0,0.26030234
noise,0.0,0.092293404
noise,0.0,0.062637426
noise,0.0,0.08847155
noise,0.0,0.06959299
noise,0.0,0.13562705
noise,0.0,0.04745074
noise,0.0,0.082882725
noise,0.0,0.22487907
noise,0.0,0.042659417
noise,0.0,0.13205697
noise,0.0,0.3257688
noise,0.0,0.12287341
noise,0.0,0.1990991
noise,0.0,0.12212184
noise,0.0,0.25024077
noise,0.0,0.024326118
noise,0.0,0.31550285
noise,0.0,0.2477676
noise,0.0,0.10181059
noise,0.0,0.32692906
noise,0.0,0.16978942
noise,0.0,0.029703235
