filename,y_true,probs
/tmp/backbone_swap_hubert_h_t1xf1t/data/PhysioNet2022/training_data/14241_AV.wav,1.0,0.99977833
/tmp/backbone_swap_hubert_h_t1xf1t/data/PhysioNet2022/training_data/14241_MV.wav,1.0,0.9997987
/tmp/backbone_swap_hubert_h_t1xf1t/data/PhysioNet2022/training_data/14241_PV.wav,1.0,0.99976176
/tmp/backbone_swap_hubert_h_t1xf1t/data/PhysioNet2022/training_data/14241_TV.wav,1.0,0.9996612
/tmp/backbone_swap_hubert_h_t1xf1t/data/PhysioNet2022/training_data/24160_AV.wav,1.0,0.9998024
/tmp/backbone_swap_hubert_h_t1xf1t/data/PhysioNet2022/training_data/24160_MV.wav,1.0,0.9997962
/tmp/backbone_swap_hubert_h_t1xf1t/data/PhysioNet2022/training_data/24160_PV.wav,1.0,0.99968064
/tmp/backbone_swap_hubert_h_t1xf1t/data/PhysioNet2022/training_data/24160_TV.wav,1.0,0.9997477
/tmp/backbone_swap_hubert_h_t1xf1t/data/PhysioNet2022/training_data/31737_AV.wav,1.0,0.9997577
/tmp/backbone_swap_hubert_h_t1xf1t/data/PhysioNet2022/training_data/31737_MV.wav,1.0,0.99977547
/tmp/backbone_swap_hubert_h_t1xf1t/data/PhysioNet2022/training_data/31737_PV.wav,1.0,0.9997738
/tmp/backbone_swap_hubert_h_t1xf1t/data/PhysioNet2022/training_data/31737_TV.wav,1.0,0.999775
/tmp/backbone_swap_hubert_h_t1xf1t/data/PhysioNet2022/training_data/39403_AV.wav,1.0,0.99974126
/tmp/backbone_swap_hubert_h_t1xf1t/data/PhysioNet2022/training_data/39403_MV.wav,1.0,0.9995757
/tmp/backbone_swap_hubert_h_t1xf1t/data/PhysioNet2022/training_data/39403_PV.wav,1.0,0.9996996
/tmp/backbone_swap_hubert_h_t1xf1t/data/PhysioNet2022/training_data/39403_TV.wav,1.0,0.99970573
/tmp/backbone_swap_hubert_h_t1xf1t/data/PhysioNet2022/training_data/39456_MV.wav,1.0,0.99967813
/tmp/backbone_swap_hubert_h_t1xf1t/data/PhysioNet2022/training_data/39456_PV.wav,1.0,0.9990275
/tmp/backbone_swap_hubert_h_t1xf1t/data/PhysioNet2022/training_data/39456_TV.wav,1.0,0.9997069
/tmp/backbone_swap_hubert_h_t1xf1t/data/PhysioNet2022/training_data/45843_AV.wav,1.0,0.99978894
/tmp/backbone_swap_hubert_h_t1xf1t/data/PhysioNet2022/training_data/45843_MV.wav,1.0,0.99962044
/tmp/backbone_swap_hubert_h_t1xf1t/data/PhysioNet2022/training_data/45843_PV.wav,1.0,0.99964476
/tmp/backbone_swap_hubert_h_t1xf1t/data/PhysioNet2022/training_data/45843_TV.wav,1.0,0.99195135
/tmp/backbone_swap_hubert_h_t1xf1t/data/PhysioNet2022/training_data/46065_AV.wav,1.0,0.9930969
/tmp/backbone_swap_hubert_h_t1xf1t/data/PhysioNet2022/training_data/46065_MV.wav,1.0,0.9997906
/tmp/backbone_swap_hubert_h_t1xf1t/data/PhysioNet2022/training_data/46065_PV.wav,1.0,0.99978703
/tmp/backbone_swap_hubert_h_t1xf1t/data/PhysioNet2022/training_data/46065_TV.wav,1.0,0.99972874
/tmp/backbone_swap_hubert_h_t1xf1t/data/PhysioNet2022/training_data/49561_AV.wav,1.0,0.9997482
/tmp/backbone_swap_hubert_h_t1xf1t/data/PhysioNet2022/training_data/49561_MV.wav,1.0,0.99976104
/tmp/backbone_swap_hubert_h_t1xf1t/data/PhysioNet2022/training_data/49561_PV.wav,1.0,0.9997677
/tmp/backbone_swap_hubert_h_t1xf1t/data/PhysioNet2022/training_data/49561_TV.wav,1.0,0.9997851
/tmp/backbone_swap_hubert_h_t1xf1t/data/PhysioNet2022/training_data/49577_AV.wav,1.0,0.9997241
/tmp/backbone_swap_hubert_h_t1xf1t/data/PhysioNet2022/training_data/49577_MV.wav,1.0,0.99953663
/tmp/backbone_swap_hubert_h_t1xf1t/data/PhysioNet2022/training_data/49577_PV.wav,1.0,0.99974066
/tmp/backbone_swap_hubert_h_t1xf1t/data/PhysioNet2022/training_data/49577_TV.wav,1.0,0.9997503
/tmp/backbone_swap_hubert_h_t1xf1t/data/PhysioNet2022/training_data/49595_AV.wav,1.0,0.99973387
/tmp/backbone_swap_hubert_h_t1xf1t/data/PhysioNet2022/training_data/49595_MV.wav,1.0,0.9997538
/tmp/backbone_swap_hubert_h_t1xf1t/data/PhysioNet2022/training_data/49598_AV.wav,1.0,0.99978215
/tmp/backbone_swap_hubert_h_t1xf1t/data/PhysioNet2022/training_data/49598_MV.wav,1.0,0.9997508
/tmp/backbone_swap_hubert_h_t1xf1t/data/PhysioNet2022/training_data/49607_MV.wav,1.0,0.9991478
/tmp/backbone_swap_hubert_h_t1xf1t/data/PhysioNet2022/training_data/49627_AV.wav,1.0,0.9997185
/tmp/backbone_swap_hubert_h_t1xf1t/data/PhysioNet2022/training_data/49627_MV.wav,1.0,0.99955815
/tmp/backbone_swap_hubert_h_t1xf1t/data/PhysioNet2022/training_data/49627_PV.wav,1.0,0.9996
/tmp/backbone_swap_hubert_h_t1xf1t/data/PhysioNet2022/training_data/49627_TV.wav,1.0,0.99961287
/tmp/backbone_swap_hubert_h_t1xf1t/data/PhysioNet2022/training_data/49659_AV.wav,1.0,0.9997899
/tmp/backbone_swap_hubert_h_t1xf1t/data/PhysioNet2022/training_data/49659_MV.wav,1.0,0.99979
/tmp/backbone_swap_hubert_h_t1xf1t/data/PhysioNet2022/training_data/49659_PV.wav,1.0,0.9997657
/tmp/backbone_swap_hubert_h_t1xf1t/data/PhysioNet2022/training_data/49659_TV.wav,1.0,0.9997818
/tmp/backbone_swap_hubert_h_t1xf1t/data/PhysioNet2022/training_data/49687_AV.wav,1.0,0.99977475
/tmp/backbone_swap_hubert_h_t1xf1t/data/PhysioNet2022/training_data/49687_MV.wav,1.0,0.9997657
/tmp/backbone_swap_hubert_h_t1xf1t/data/PhysioNet2022/training_data/49687_PV.wav,1.0,0.99966335
/tmp/backbone_swap_hubert_h_t1xf1t/data/PhysioNet2022/training_data/49687_TV.wav,1.0,0.99977916
/tmp/backbone_swap_hubert_h_t1xf1t/data/PhysioNet2022/training_data/49691_AV.wav,1.0,0.9997757
/tmp/backbone_swap_hubert_h_t1xf1t/data/PhysioNet2022/training_data/49691_MV.wav,1.0,0.99977654
/tmp/backbone_swap_hubert_h_t1xf1t/data/PhysioNet2022/training_data/49691_PV.wav,1.0,0.9990055
/tmp/backbone_swap_hubert_h_t1xf1t/data/PhysioNet2022/training_data/49691_TV.wav,1.0,0.99974626
/tmp/backbone_swap_hubert_h_t1xf1t/data/PhysioNet2022/training_data/49735_MV.wav,1.0,0.9997863
/tmp/backbone_swap_hubert_h_t1xf1t/data/PhysioNet2022/training_data/49735_PV.wav,1.0,0.99960726
/tmp/backbone_swap_hubert_h_t1xf1t/data/PhysioNet2022/training_data/49735_TV.wav,1.0,0.99978584
/tmp/backbone_swap_hubert_h_t1xf1t/data/PhysioNet2022/training_data/49754_AV.wav,1.0,0.99978787
/tmp/backbone_swap_hubert_h_t1xf1t/data/PhysioNet2022/training_data/49754_MV.wav,1.0,0.9997098
/tmp/backbone_swap_hubert_h_t1xf1t/data/PhysioNet2022/training_data/49754_PV.wav,1.0,0.99962115
/tmp/backbone_swap_hubert_h_t1xf1t/data/PhysioNet2022/training_data/49754_TV.wav,1.0,0.99974805
/tmp/backbone_swap_hubert_h_t1xf1t/data/PhysioNet2022/training_data/49776_AV.wav,1.0,0.9997727
/tmp/backbone_swap_hubert_h_t1xf1t/data/PhysioNet2022/training_data/49776_MV.wav,1.0,0.99951756
/tmp/backbone_swap_hubert_h_t1xf1t/data/PhysioNet2022/training_data/49838_MV.wav,1.0,0.9997671
/tmp/backbone_swap_hubert_h_t1xf1t/data/PhysioNet2022/training_data/49897_AV.wav,1.0,0.99977475
/tmp/backbone_swap_hubert_h_t1xf1t/data/PhysioNet2022/training_data/49897_MV.wav,1.0,0.9996635
/tmp/backbone_swap_hubert_h_t1xf1t/data/PhysioNet2022/training_data/49897_PV.wav,1.0,0.9315196
/tmp/backbone_swap_hubert_h_t1xf1t/data/PhysioNet2022/training_data/49897_TV.wav,1.0,0.9997371
/tmp/backbone_swap_hubert_h_t1xf1t/data/PhysioNet2022/training_data/49952_AV.wav,1.0,0.9997683
/tmp/backbone_swap_hubert_h_t1xf1t/data/PhysioNet2022/training_data/49952_MV_1.wav,1.0,0.99968636
/tmp/backbone_swap_hubert_h_t1xf1t/data/PhysioNet2022/training_data/49952_MV_2.wav,1.0,0.99964404
/tmp/backbone_swap_hubert_h_t1xf1t/data/PhysioNet2022/training_data/49952_PV.wav,1.0,0.9997291
/tmp/backbone_swap_hubert_h_t1xf1t/data/PhysioNet2022/training_data/49952_TV.wav,1.0,0.99975246
/tmp/backbone_swap_hubert_h_t1xf1t/data/PhysioNet2022/training_data/49960_AV.wav,1.0,0.9995697
/tmp/backbone_swap_hubert_h_t1xf1t/data/PhysioNet2022/training_data/49960_MV.wav,1.0,0.99974483
/tmp/backbone_swap_hubert_h_t1xf1t/data/PhysioNet2022/training_data/49960_PV.wav,1.0,0.99964285
/tmp/backbone_swap_hubert_h_t1xf1t/data/PhysioNet2022/training_data/49960_TV.wav,1.0,0.99976915
/tmp/backbone_swap_hubert_h_t1xf1t/data/PhysioNet2022/training_data/49969_MV.wav,1.0,0.999572
/tmp/backbone_swap_hubert_h_t1xf1t/data/PhysioNet2022/training_data/49979_MV.wav,1.0,0.99873203
/tmp/backbone_swap_hubert_h_t1xf1t/data/PhysioNet2022/training_data/49986_AV.wav,1.0,0.9996619
/tmp/backbone_swap_hubert_h_t1xf1t/data/PhysioNet2022/training_data/49986_MV.wav,1.0,0.99971145
/tmp/backbone_swap_hubert_h_t1xf1t/data/PhysioNet2022/training_data/49987_AV.wav,1.0,0.99934024
/tmp/backbone_swap_hubert_h_t1xf1t/data/PhysioNet2022/training_data/49987_MV.wav,1.0,0.9973942
/tmp/backbone_swap_hubert_h_t1xf1t/data/PhysioNet2022/training_data/49990_AV.wav,1.0,0.99970716
/tmp/backbone_swap_hubert_h_t1xf1t/data/PhysioNet2022/training_data/49990_MV.wav,1.0,0.999785
/tmp/backbone_swap_hubert_h_t1xf1t/data/PhysioNet2022/training_data/49990_PV.wav,1.0,0.99975103
/tmp/backbone_swap_hubert_h_t1xf1t/data/PhysioNet2022/training_data/49990_TV.wav,1.0,0.9997484
/tmp/backbone_swap_hubert_h_t1xf1t/data/PhysioNet2022/training_data/49993_AV.wav,1.0,0.9997923
/tmp/backbone_swap_hubert_h_t1xf1t/data/PhysioNet2022/training_data/49993_MV.wav,1.0,0.9997936
/tmp/backbone_swap_hubert_h_t1xf1t/data/PhysioNet2022/training_data/49993_PV.wav,1.0,0.9995223
/tmp/backbone_swap_hubert_h_t1xf1t/data/PhysioNet2022/training_data/49993_TV.wav,1.0,0.99978906
/tmp/backbone_swap_hubert_h_t1xf1t/data/PhysioNet2022/training_data/49995_AV.wav,1.0,0.9997849
/tmp/backbone_swap_hubert_h_t1xf1t/data/PhysioNet2022/training_data/49995_MV.wav,1.0,0.9997861
/tmp/backbone_swap_hubert_h_t1xf1t/data/PhysioNet2022/training_data/49995_PV.wav,1.0,0.99977976
/tmp/backbone_swap_hubert_h_t1xf1t/data/PhysioNet2022/training_data/49995_TV.wav,1.0,0.99978167
/tmp/backbone_swap_hubert_h_t1xf1t/data/PhysioNet2022/training_data/49998_MV.wav,1.0,0.9997913
/tmp/backbone_swap_hubert_h_t1xf1t/data/PhysioNet2022/training_data/49998_PV.wav,1.0,0.9997801
/tmp/backbone_swap_hubert_h_t1xf1t/data/PhysioNet2022/training_data/49998_TV.wav,1.0,0.9996995
/tmp/backbone_swap_hubert_h_t1xf1t/data/PhysioNet2022/training_data/50007_AV.wav,1.0,0.99851257
/tmp/backbone_swap_hubert_h_t1xf1t/data/PhysioNet2022/training_data/50007_MV.wav,1.0,0.9964765
/tmp/backbone_swap_hubert_h_t1xf1t/data/PhysioNet2022/training_data/50007_PV.wav,1.0,0.9993093
/tmp/backbone_swap_hubert_h_t1xf1t/data/PhysioNet2022/training_data/50007_TV.wav,1.0,0.9993401
/tmp/backbone_swap_hubert_h_t1xf1t/data/PhysioNet2022/training_data/50018_AV.wav,1.0,0.9997837
/tmp/backbone_swap_hubert_h_t1xf1t/data/PhysioNet2022/training_data/50018_MV.wav,1.0,0.99979514
/tmp/backbone_swap_hubert_h_t1xf1t/data/PhysioNet2022/training_data/50026_AV.wav,1.0,0.99979335
/tmp/backbone_swap_hubert_h_t1xf1t/data/PhysioNet2022/training_data/50026_MV.wav,1.0,0.9997063
/tmp/backbone_swap_hubert_h_t1xf1t/data/PhysioNet2022/training_data/50027_AV.wav,1.0,0.9995223
/tmp/backbone_swap_hubert_h_t1xf1t/data/PhysioNet2022/training_data/50027_MV.wav,1.0,0.9997558
/tmp/backbone_swap_hubert_h_t1xf1t/data/PhysioNet2022/training_data/50029_AV.wav,1.0,0.9997526
/tmp/backbone_swap_hubert_h_t1xf1t/data/PhysioNet2022/training_data/50029_MV.wav,1.0,0.99977905
/tmp/backbone_swap_hubert_h_t1xf1t/data/PhysioNet2022/training_data/50029_PV.wav,1.0,0.9997081
/tmp/backbone_swap_hubert_h_t1xf1t/data/PhysioNet2022/training_data/50029_TV.wav,1.0,0.99979264
/tmp/backbone_swap_hubert_h_t1xf1t/data/PhysioNet2022/training_data/50043_AV.wav,1.0,0.9996563
/tmp/backbone_swap_hubert_h_t1xf1t/data/PhysioNet2022/training_data/50043_PV.wav,1.0,0.9997882
/tmp/backbone_swap_hubert_h_t1xf1t/data/PhysioNet2022/training_data/50043_TV.wav,1.0,0.9997825
/tmp/backbone_swap_hubert_h_t1xf1t/data/PhysioNet2022/training_data/50047_MV.wav,1.0,0.99979156
/tmp/backbone_swap_hubert_h_t1xf1t/data/PhysioNet2022/training_data/50047_PV.wav,1.0,0.999622
/tmp/backbone_swap_hubert_h_t1xf1t/data/PhysioNet2022/training_data/50047_TV.wav,1.0,0.9995504
/tmp/backbone_swap_hubert_h_t1xf1t/data/PhysioNet2022/training_data/50048_MV.wav,1.0,0.9996985
/tmp/backbone_swap_hubert_h_t1xf1t/data/PhysioNet2022/training_data/50048_PV.wav,1.0,0.99973184
/tmp/backbone_swap_hubert_h_t1xf1t/data/PhysioNet2022/training_data/50048_TV.wav,1.0,0.999529
/tmp/backbone_swap_hubert_h_t1xf1t/data/PhysioNet2022/training_data/50056_AV.wav,1.0,0.91793543
/tmp/backbone_swap_hubert_h_t1xf1t/data/PhysioNet2022/training_data/50056_MV.wav,1.0,0.9996344
/tmp/backbone_swap_hubert_h_t1xf1t/data/PhysioNet2022/training_data/50056_PV.wav,1.0,0.9995677
/tmp/backbone_swap_hubert_h_t1xf1t/data/PhysioNet2022/training_data/50056_TV.wav,1.0,0.90475804
/tmp/backbone_swap_hubert_h_t1xf1t/data/PhysioNet2022/training_data/50067_MV.wav,1.0,0.99936146
/tmp/backbone_swap_hubert_h_t1xf1t/data/PhysioNet2022/training_data/50067_PV.wav,1.0,0.9996952
/tmp/backbone_swap_hubert_h_t1xf1t/data/PhysioNet2022/training_data/50067_TV.wav,1.0,0.89641535
/tmp/backbone_swap_hubert_h_t1xf1t/data/PhysioNet2022/training_data/50076_AV.wav,1.0,0.9997701
/tmp/backbone_swap_hubert_h_t1xf1t/data/PhysioNet2022/training_data/50076_MV.wav,1.0,0.9997955
/tmp/backbone_swap_hubert_h_t1xf1t/data/PhysioNet2022/training_data/50076_PV.wav,1.0,0.9997706
/tmp/backbone_swap_hubert_h_t1xf1t/data/PhysioNet2022/training_data/50076_TV.wav,1.0,0.9992329
/tmp/backbone_swap_hubert_h_t1xf1t/data/PhysioNet2022/training_data/50079_AV.wav,1.0,0.9997764
/tmp/backbone_swap_hubert_h_t1xf1t/data/PhysioNet2022/training_data/50079_PV.wav,1.0,0.99977237
/tmp/backbone_swap_hubert_h_t1xf1t/data/PhysioNet2022/training_data/50079_TV.wav,1.0,0.99977654
/tmp/backbone_swap_hubert_h_t1xf1t/data/PhysioNet2022/training_data/50080_AV.wav,1.0,0.99882096
/tmp/backbone_swap_hubert_h_t1xf1t/data/PhysioNet2022/training_data/50080_MV.wav,1.0,0.9997712
/tmp/backbone_swap_hubert_h_t1xf1t/data/PhysioNet2022/training_data/50080_PV.wav,1.0,0.9994467
/tmp/backbone_swap_hubert_h_t1xf1t/data/PhysioNet2022/training_data/50080_TV.wav,1.0,0.999764
/tmp/backbone_swap_hubert_h_t1xf1t/data/PhysioNet2022/training_data/50089_AV.wav,1.0,0.99969375
/tmp/backbone_swap_hubert_h_t1xf1t/data/PhysioNet2022/training_data/50089_PV.wav,1.0,0.9994449
/tmp/backbone_swap_hubert_h_t1xf1t/data/PhysioNet2022/training_data/50089_TV.wav,1.0,0.99953556
/tmp/backbone_swap_hubert_h_t1xf1t/data/PhysioNet2022/training_data/50092_AV.wav,1.0,0.999764
/tmp/backbone_swap_hubert_h_t1xf1t/data/PhysioNet2022/training_data/50092_MV.wav,1.0,0.99973434
/tmp/backbone_swap_hubert_h_t1xf1t/data/PhysioNet2022/training_data/50092_PV.wav,1.0,0.9997178
/tmp/backbone_swap_hubert_h_t1xf1t/data/PhysioNet2022/training_data/50092_TV.wav,1.0,0.99973625
/tmp/backbone_swap_hubert_h_t1xf1t/data/PhysioNet2022/training_data/50103_AV.wav,1.0,0.9979134
/tmp/backbone_swap_hubert_h_t1xf1t/data/PhysioNet2022/training_data/50103_MV.wav,1.0,0.9997811
/tmp/backbone_swap_hubert_h_t1xf1t/data/PhysioNet2022/training_data/50103_PV.wav,1.0,0.9996458
/tmp/backbone_swap_hubert_h_t1xf1t/data/PhysioNet2022/training_data/50103_TV.wav,1.0,0.9997794
/tmp/backbone_swap_hubert_h_t1xf1t/data/PhysioNet2022/training_data/50109_AV.wav,1.0,0.99978787
/tmp/backbone_swap_hubert_h_t1xf1t/data/PhysioNet2022/training_data/50109_MV.wav,1.0,0.9997838
/tmp/backbone_swap_hubert_h_t1xf1t/data/PhysioNet2022/training_data/50109_PV.wav,1.0,0.99974495
/tmp/backbone_swap_hubert_h_t1xf1t/data/PhysioNet2022/training_data/50109_TV.wav,1.0,0.99928904
/tmp/backbone_swap_hubert_h_t1xf1t/data/PhysioNet2022/training_data/50111_AV.wav,1.0,0.99972767
/tmp/backbone_swap_hubert_h_t1xf1t/data/PhysioNet2022/training_data/50111_MV.wav,1.0,0.99977714
/tmp/backbone_swap_hubert_h_t1xf1t/data/PhysioNet2022/training_data/50111_PV.wav,1.0,0.9997907
/tmp/backbone_swap_hubert_h_t1xf1t/data/PhysioNet2022/training_data/50111_TV.wav,1.0,0.99977
/tmp/backbone_swap_hubert_h_t1xf1t/data/PhysioNet2022/training_data/50113_AV.wav,1.0,0.9997832
/tmp/backbone_swap_hubert_h_t1xf1t/data/PhysioNet2022/training_data/50113_MV.wav,1.0,0.9997904
/tmp/backbone_swap_hubert_h_t1xf1t/data/PhysioNet2022/training_data/50113_PV.wav,1.0,0.99977463
/tmp/backbone_swap_hubert_h_t1xf1t/data/PhysioNet2022/training_data/50113_TV.wav,1.0,0.9997428
/tmp/backbone_swap_hubert_h_t1xf1t/data/PhysioNet2022/training_data/50119_PV.wav,1.0,0.99976355
/tmp/backbone_swap_hubert_h_t1xf1t/data/PhysioNet2022/training_data/50125_MV.wav,1.0,0.9997894
/tmp/backbone_swap_hubert_h_t1xf1t/data/PhysioNet2022/training_data/50125_PV.wav,1.0,0.9997434
/tmp/backbone_swap_hubert_h_t1xf1t/data/PhysioNet2022/training_data/50125_TV.wav,1.0,0.9997303
/tmp/backbone_swap_hubert_h_t1xf1t/data/PhysioNet2022/training_data/50146_MV.wav,1.0,0.9996698
/tmp/backbone_swap_hubert_h_t1xf1t/data/PhysioNet2022/training_data/50151_PV.wav,1.0,0.9997975
/tmp/backbone_swap_hubert_h_t1xf1t/data/PhysioNet2022/training_data/50152_AV.wav,1.0,0.99976355
/tmp/backbone_swap_hubert_h_t1xf1t/data/PhysioNet2022/training_data/50152_MV.wav,1.0,0.9983658
/tmp/backbone_swap_hubert_h_t1xf1t/data/PhysioNet2022/training_data/50155_AV.wav,1.0,0.9997507
/tmp/backbone_swap_hubert_h_t1xf1t/data/PhysioNet2022/training_data/50155_PV.wav,1.0,0.9994281
/tmp/backbone_swap_hubert_h_t1xf1t/data/PhysioNet2022/training_data/50155_TV.wav,1.0,0.9997768
/tmp/backbone_swap_hubert_h_t1xf1t/data/PhysioNet2022/training_data/50160_MV.wav,1.0,0.9942621
/tmp/backbone_swap_hubert_h_t1xf1t/data/PhysioNet2022/training_data/50160_PV.wav,1.0,0.99978524
/tmp/backbone_swap_hubert_h_t1xf1t/data/PhysioNet2022/training_data/50160_TV.wav,1.0,0.9997758
/tmp/backbone_swap_hubert_h_t1xf1t/data/PhysioNet2022/training_data/50174_AV.wav,1.0,0.9995963
/tmp/backbone_swap_hubert_h_t1xf1t/data/PhysioNet2022/training_data/50174_MV.wav,1.0,0.999772
/tmp/backbone_swap_hubert_h_t1xf1t/data/PhysioNet2022/training_data/50174_PV.wav,1.0,0.999602
/tmp/backbone_swap_hubert_h_t1xf1t/data/PhysioNet2022/training_data/50174_TV.wav,1.0,0.9977876
/tmp/backbone_swap_hubert_h_t1xf1t/data/PhysioNet2022/training_data/50207_AV.wav,1.0,0.9997631
/tmp/backbone_swap_hubert_h_t1xf1t/data/PhysioNet2022/training_data/50207_MV.wav,1.0,0.99977285
/tmp/backbone_swap_hubert_h_t1xf1t/data/PhysioNet2022/training_data/50209_AV.wav,1.0,0.9997806
/tmp/backbone_swap_hubert_h_t1xf1t/data/PhysioNet2022/training_data/50209_MV.wav,1.0,0.9997764
/tmp/backbone_swap_hubert_h_t1xf1t/data/PhysioNet2022/training_data/50209_PV.wav,1.0,0.9997036
/tmp/backbone_swap_hubert_h_t1xf1t/data/PhysioNet2022/training_data/50209_TV.wav,1.0,0.9997446
/tmp/backbone_swap_hubert_h_t1xf1t/data/PhysioNet2022/training_data/50210_AV.wav,1.0,0.99979395
/tmp/backbone_swap_hubert_h_t1xf1t/data/PhysioNet2022/training_data/50210_MV_1.wav,1.0,0.99979645
/tmp/backbone_swap_hubert_h_t1xf1t/data/PhysioNet2022/training_data/50210_MV_2.wav,1.0,0.99979657
/tmp/backbone_swap_hubert_h_t1xf1t/data/PhysioNet2022/training_data/50210_PV.wav,1.0,0.9997787
/tmp/backbone_swap_hubert_h_t1xf1t/data/PhysioNet2022/training_data/50210_TV.wav,1.0,0.99973184
/tmp/backbone_swap_hubert_h_t1xf1t/data/PhysioNet2022/training_data/50216_AV.wav,1.0,0.99974865
/tmp/backbone_swap_hubert_h_t1xf1t/data/PhysioNet2022/training_data/50216_MV.wav,1.0,0.9997328
/tmp/backbone_swap_hubert_h_t1xf1t/data/PhysioNet2022/training_data/50216_PV.wav,1.0,0.9997446
/tmp/backbone_swap_hubert_h_t1xf1t/data/PhysioNet2022/training_data/50216_Phc_1.wav,1.0,0.99873275
/tmp/backbone_swap_hubert_h_t1xf1t/data/PhysioNet2022/training_data/50216_Phc_2.wav,1.0,0.9997749
/tmp/backbone_swap_hubert_h_t1xf1t/data/PhysioNet2022/training_data/50217_AV.wav,1.0,0.99973506
/tmp/backbone_swap_hubert_h_t1xf1t/data/PhysioNet2022/training_data/50217_PV.wav,1.0,0.9997836
/tmp/backbone_swap_hubert_h_t1xf1t/data/PhysioNet2022/training_data/50218_AV.wav,1.0,0.9997739
/tmp/backbone_swap_hubert_h_t1xf1t/data/PhysioNet2022/training_data/50218_MV.wav,1.0,0.99976724
/tmp/backbone_swap_hubert_h_t1xf1t/data/PhysioNet2022/training_data/50218_PV.wav,1.0,0.9966736
/tmp/backbone_swap_hubert_h_t1xf1t/data/PhysioNet2022/training_data/50218_TV.wav,1.0,0.9997179
/tmp/backbone_swap_hubert_h_t1xf1t/data/PhysioNet2022/training_data/50229_AV.wav,1.0,0.99922264
/tmp/backbone_swap_hubert_h_t1xf1t/data/PhysioNet2022/training_data/50229_MV.wav,1.0,0.9997756
/tmp/backbone_swap_hubert_h_t1xf1t/data/PhysioNet2022/training_data/50229_PV.wav,1.0,0.9881025
/tmp/backbone_swap_hubert_h_t1xf1t/data/PhysioNet2022/training_data/50229_TV.wav,1.0,0.9991697
/tmp/backbone_swap_hubert_h_t1xf1t/data/PhysioNet2022/training_data/50231_AV.wav,1.0,0.99976796
/tmp/backbone_swap_hubert_h_t1xf1t/data/PhysioNet2022/training_data/50231_MV.wav,1.0,0.99970216
/tmp/backbone_swap_hubert_h_t1xf1t/data/PhysioNet2022/training_data/50231_PV.wav,1.0,0.99972767
/tmp/backbone_swap_hubert_h_t1xf1t/data/PhysioNet2022/training_data/50231_TV.wav,1.0,0.9994246
/tmp/backbone_swap_hubert_h_t1xf1t/data/PhysioNet2022/training_data/50233_AV.wav,1.0,0.99975437
/tmp/backbone_swap_hubert_h_t1xf1t/data/PhysioNet2022/training_data/50233_MV.wav,1.0,0.99907434
/tmp/backbone_swap_hubert_h_t1xf1t/data/PhysioNet2022/training_data/50233_PV.wav,1.0,0.99970907
/tmp/backbone_swap_hubert_h_t1xf1t/data/PhysioNet2022/training_data/50233_TV.wav,1.0,0.9996259
/tmp/backbone_swap_hubert_h_t1xf1t/data/PhysioNet2022/training_data/50239_AV.wav,1.0,0.9997794
/tmp/backbone_swap_hubert_h_t1xf1t/data/PhysioNet2022/training_data/50239_MV.wav,1.0,0.9997111
/tmp/backbone_swap_hubert_h_t1xf1t/data/PhysioNet2022/training_data/50239_PV.wav,1.0,0.9997912
/tmp/backbone_swap_hubert_h_t1xf1t/data/PhysioNet2022/training_data/50239_TV.wav,1.0,0.9997781
/tmp/backbone_swap_hubert_h_t1xf1t/data/PhysioNet2022/training_data/50249_AV_1.wav,1.0,0.99919397
/tmp/backbone_swap_hubert_h_t1xf1t/data/PhysioNet2022/training_data/50249_AV_2.wav,1.0,0.9997749
/tmp/backbone_swap_hubert_h_t1xf1t/data/PhysioNet2022/training_data/50249_MV.wav,1.0,0.99921477
/tmp/backbone_swap_hubert_h_t1xf1t/data/PhysioNet2022/training_data/50258_MV.wav,1.0,0.9997694
/tmp/backbone_swap_hubert_h_t1xf1t/data/PhysioNet2022/training_data/50258_PV.wav,1.0,0.99972373
/tmp/backbone_swap_hubert_h_t1xf1t/data/PhysioNet2022/training_data/50258_TV.wav,1.0,0.9997776
/tmp/backbone_swap_hubert_h_t1xf1t/data/PhysioNet2022/training_data/50261_AV.wav,1.0,0.99976665
/tmp/backbone_swap_hubert_h_t1xf1t/data/PhysioNet2022/training_data/50261_MV.wav,1.0,0.99974567
/tmp/backbone_swap_hubert_h_t1xf1t/data/PhysioNet2022/training_data/50261_PV.wav,1.0,0.99976593
/tmp/backbone_swap_hubert_h_t1xf1t/data/PhysioNet2022/training_data/50261_TV.wav,1.0,0.9997875
/tmp/backbone_swap_hubert_h_t1xf1t/data/PhysioNet2022/training_data/50263_AV.wav,1.0,0.99980015
/tmp/backbone_swap_hubert_h_t1xf1t/data/PhysioNet2022/training_data/50263_MV.wav,1.0,0.9998005
/tmp/backbone_swap_hubert_h_t1xf1t/data/PhysioNet2022/training_data/50263_PV.wav,1.0,0.9997874
/tmp/backbone_swap_hubert_h_t1xf1t/data/PhysioNet2022/training_data/50263_TV_1.wav,1.0,0.99978775
/tmp/backbone_swap_hubert_h_t1xf1t/data/PhysioNet2022/training_data/50263_TV_2.wav,1.0,0.9997445
/tmp/backbone_swap_hubert_h_t1xf1t/data/PhysioNet2022/training_data/50277_AV.wav,1.0,0.9997111
/tmp/backbone_swap_hubert_h_t1xf1t/data/PhysioNet2022/training_data/50277_MV.wav,1.0,0.9997794
/tmp/backbone_swap_hubert_h_t1xf1t/data/PhysioNet2022/training_data/50277_PV.wav,1.0,0.9997756
/tmp/backbone_swap_hubert_h_t1xf1t/data/PhysioNet2022/training_data/50277_TV.wav,1.0,0.9997588
/tmp/backbone_swap_hubert_h_t1xf1t/data/PhysioNet2022/training_data/50278_AV.wav,1.0,0.9997749
/tmp/backbone_swap_hubert_h_t1xf1t/data/PhysioNet2022/training_data/50278_MV.wav,1.0,0.99979156
/tmp/backbone_swap_hubert_h_t1xf1t/data/PhysioNet2022/training_data/50278_PV.wav,1.0,0.99977535
/tmp/backbone_swap_hubert_h_t1xf1t/data/PhysioNet2022/training_data/50278_TV.wav,1.0,0.99976224
/tmp/backbone_swap_hubert_h_t1xf1t/data/PhysioNet2022/training_data/50280_AV.wav,1.0,0.99977154
/tmp/backbone_swap_hubert_h_t1xf1t/data/PhysioNet2022/training_data/50280_PV.wav,1.0,0.9980616
/tmp/backbone_swap_hubert_h_t1xf1t/data/PhysioNet2022/training_data/50280_TV.wav,1.0,0.9954829
/tmp/backbone_swap_hubert_h_t1xf1t/data/PhysioNet2022/training_data/50281_MV.wav,1.0,0.9997322
/tmp/backbone_swap_hubert_h_t1xf1t/data/PhysioNet2022/training_data/50281_PV.wav,1.0,0.9997124
/tmp/backbone_swap_hubert_h_t1xf1t/data/PhysioNet2022/training_data/50281_TV.wav,1.0,0.9996575
/tmp/backbone_swap_hubert_h_t1xf1t/data/PhysioNet2022/training_data/50289_AV.wav,1.0,0.9996475
/tmp/backbone_swap_hubert_h_t1xf1t/data/PhysioNet2022/training_data/50289_MV.wav,1.0,0.99979633
/tmp/backbone_swap_hubert_h_t1xf1t/data/PhysioNet2022/training_data/50289_PV.wav,1.0,0.9997745
/tmp/backbone_swap_hubert_h_t1xf1t/data/PhysioNet2022/training_data/50289_TV.wav,1.0,0.9997842
/tmp/backbone_swap_hubert_h_t1xf1t/data/PhysioNet2022/training_data/50298_MV.wav,1.0,0.999749
/tmp/backbone_swap_hubert_h_t1xf1t/data/PhysioNet2022/training_data/50298_PV.wav,1.0,0.9997533
/tmp/backbone_swap_hubert_h_t1xf1t/data/PhysioNet2022/training_data/50298_TV.wav,1.0,0.9997764
/tmp/backbone_swap_hubert_h_t1xf1t/data/PhysioNet2022/training_data/50299_AV.wav,1.0,0.99979573
/tmp/backbone_swap_hubert_h_t1xf1t/data/PhysioNet2022/training_data/50299_MV.wav,1.0,0.99978083
/tmp/backbone_swap_hubert_h_t1xf1t/data/PhysioNet2022/training_data/50299_PV.wav,1.0,0.9997979
/tmp/backbone_swap_hubert_h_t1xf1t/data/PhysioNet2022/training_data/50299_TV.wav,1.0,0.999764
/tmp/backbone_swap_hubert_h_t1xf1t/data/PhysioNet2022/training_data/50300_AV.wav,1.0,0.9969157
/tmp/backbone_swap_hubert_h_t1xf1t/data/PhysioNet2022/training_data/50300_MV.wav,1.0,0.9997838
/tmp/backbone_swap_hubert_h_t1xf1t/data/PhysioNet2022/training_data/50312_AV.wav,1.0,0.9996729
/tmp/backbone_swap_hubert_h_t1xf1t/data/PhysioNet2022/training_data/50312_MV.wav,1.0,0.99978274
/tmp/backbone_swap_hubert_h_t1xf1t/data/PhysioNet2022/training_data/50312_PV.wav,1.0,0.99971145
/tmp/backbone_swap_hubert_h_t1xf1t/data/PhysioNet2022/training_data/50312_TV.wav,1.0,0.99973077
/tmp/backbone_swap_hubert_h_t1xf1t/data/PhysioNet2022/training_data/50318_AV.wav,1.0,0.99975187
/tmp/backbone_swap_hubert_h_t1xf1t/data/PhysioNet2022/training_data/50318_MV.wav,1.0,0.999398
/tmp/backbone_swap_hubert_h_t1xf1t/data/PhysioNet2022/training_data/50318_PV.wav,1.0,0.99978393
/tmp/backbone_swap_hubert_h_t1xf1t/data/PhysioNet2022/training_data/50318_TV.wav,1.0,0.99977547
/tmp/backbone_swap_hubert_h_t1xf1t/data/PhysioNet2022/training_data/50326_AV.wav,1.0,0.9996536
/tmp/backbone_swap_hubert_h_t1xf1t/data/PhysioNet2022/training_data/50326_MV.wav,1.0,0.9997811
/tmp/backbone_swap_hubert_h_t1xf1t/data/PhysioNet2022/training_data/50326_PV.wav,1.0,0.9997856
/tmp/backbone_swap_hubert_h_t1xf1t/data/PhysioNet2022/training_data/50326_TV.wav,1.0,0.999694
/tmp/backbone_swap_hubert_h_t1xf1t/data/PhysioNet2022/training_data/50330_AV.wav,1.0,0.99978095
/tmp/backbone_swap_hubert_h_t1xf1t/data/PhysioNet2022/training_data/50330_MV.wav,1.0,0.9996619
/tmp/backbone_swap_hubert_h_t1xf1t/data/PhysioNet2022/training_data/50331_AV.wav,1.0,0.99964285
/tmp/backbone_swap_hubert_h_t1xf1t/data/PhysioNet2022/training_data/50331_MV.wav,1.0,0.9997652
/tmp/backbone_swap_hubert_h_t1xf1t/data/PhysioNet2022/training_data/50331_PV.wav,1.0,0.99807644
/tmp/backbone_swap_hubert_h_t1xf1t/data/PhysioNet2022/training_data/50331_TV.wav,1.0,0.99968326
/tmp/backbone_swap_hubert_h_t1xf1t/data/PhysioNet2022/training_data/50335_AV.wav,1.0,0.9997899
/tmp/backbone_swap_hubert_h_t1xf1t/data/PhysioNet2022/training_data/50335_MV.wav,1.0,0.9997942
/tmp/backbone_swap_hubert_h_t1xf1t/data/PhysioNet2022/training_data/50339_AV.wav,1.0,0.9997781
/tmp/backbone_swap_hubert_h_t1xf1t/data/PhysioNet2022/training_data/50339_MV.wav,1.0,0.9997968
/tmp/backbone_swap_hubert_h_t1xf1t/data/PhysioNet2022/training_data/50339_PV.wav,1.0,0.99975497
/tmp/backbone_swap_hubert_h_t1xf1t/data/PhysioNet2022/training_data/50339_TV.wav,1.0,0.9997042
/tmp/backbone_swap_hubert_h_t1xf1t/data/PhysioNet2022/training_data/50343_AV.wav,1.0,0.99974364
/tmp/backbone_swap_hubert_h_t1xf1t/data/PhysioNet2022/training_data/50343_MV.wav,1.0,0.99976915
/tmp/backbone_swap_hubert_h_t1xf1t/data/PhysioNet2022/training_data/50343_PV.wav,1.0,0.9996282
/tmp/backbone_swap_hubert_h_t1xf1t/data/PhysioNet2022/training_data/50343_TV.wav,1.0,0.999678
/tmp/backbone_swap_hubert_h_t1xf1t/data/PhysioNet2022/training_data/50349_AV.wav,1.0,0.99971277
/tmp/backbone_swap_hubert_h_t1xf1t/data/PhysioNet2022/training_data/50349_MV.wav,1.0,0.9997919
/tmp/backbone_swap_hubert_h_t1xf1t/data/PhysioNet2022/training_data/50349_PV.wav,1.0,0.9997782
/tmp/backbone_swap_hubert_h_t1xf1t/data/PhysioNet2022/training_data/50349_TV.wav,1.0,0.9997775
/tmp/backbone_swap_hubert_h_t1xf1t/data/PhysioNet2022/training_data/50379_AV.wav,1.0,0.99979585
/tmp/backbone_swap_hubert_h_t1xf1t/data/PhysioNet2022/training_data/50379_MV.wav,1.0,0.9997656
/tmp/backbone_swap_hubert_h_t1xf1t/data/PhysioNet2022/training_data/50379_PV.wav,1.0,0.99966323
/tmp/backbone_swap_hubert_h_t1xf1t/data/PhysioNet2022/training_data/50379_TV.wav,1.0,0.9997793
/tmp/backbone_swap_hubert_h_t1xf1t/data/PhysioNet2022/training_data/50391_MV.wav,1.0,0.99978215
/tmp/backbone_swap_hubert_h_t1xf1t/data/PhysioNet2022/training_data/50391_PV.wav,1.0,0.9997663
/tmp/backbone_swap_hubert_h_t1xf1t/data/PhysioNet2022/training_data/50391_TV.wav,1.0,0.9996736
/tmp/backbone_swap_hubert_h_t1xf1t/data/PhysioNet2022/training_data/50619_AV.wav,1.0,0.99978775
/tmp/backbone_swap_hubert_h_t1xf1t/data/PhysioNet2022/training_data/50619_MV.wav,1.0,0.99976844
/tmp/backbone_swap_hubert_h_t1xf1t/data/PhysioNet2022/training_data/50619_PV.wav,1.0,0.99977595
/tmp/backbone_swap_hubert_h_t1xf1t/data/PhysioNet2022/training_data/50619_TV.wav,1.0,0.99978834
/tmp/backbone_swap_hubert_h_t1xf1t/data/PhysioNet2022/training_data/50621_PV.wav,1.0,0.99975127
/tmp/backbone_swap_hubert_h_t1xf1t/data/PhysioNet2022/training_data/50631_AV.wav,1.0,0.99413246
/tmp/backbone_swap_hubert_h_t1xf1t/data/PhysioNet2022/training_data/50631_MV.wav,1.0,0.9823835
/tmp/backbone_swap_hubert_h_t1xf1t/data/PhysioNet2022/training_data/50641_MV.wav,1.0,0.9997899
/tmp/backbone_swap_hubert_h_t1xf1t/data/PhysioNet2022/training_data/50641_PV.wav,1.0,0.99974924
/tmp/backbone_swap_hubert_h_t1xf1t/data/PhysioNet2022/training_data/50641_TV.wav,1.0,0.99975115
/tmp/backbone_swap_hubert_h_t1xf1t/data/PhysioNet2022/training_data/50647_AV.wav,1.0,0.9997689
/tmp/backbone_swap_hubert_h_t1xf1t/data/PhysioNet2022/training_data/50647_MV.wav,1.0,0.99976975
/tmp/backbone_swap_hubert_h_t1xf1t/data/PhysioNet2022/training_data/50647_PV.wav,1.0,0.999724
/tmp/backbone_swap_hubert_h_t1xf1t/data/PhysioNet2022/training_data/50647_TV.wav,1.0,0.9997402
/tmp/backbone_swap_hubert_h_t1xf1t/data/PhysioNet2022/training_data/50652_AV.wav,1.0,0.9996568
/tmp/backbone_swap_hubert_h_t1xf1t/data/PhysioNet2022/training_data/50652_MV.wav,1.0,0.99829096
/tmp/backbone_swap_hubert_h_t1xf1t/data/PhysioNet2022/training_data/50655_AV.wav,1.0,0.99950826
/tmp/backbone_swap_hubert_h_t1xf1t/data/PhysioNet2022/training_data/50655_MV.wav,1.0,0.9997924
/tmp/backbone_swap_hubert_h_t1xf1t/data/PhysioNet2022/training_data/50667_AV.wav,1.0,0.9997836
/tmp/backbone_swap_hubert_h_t1xf1t/data/PhysioNet2022/training_data/50667_MV.wav,1.0,0.9997942
/tmp/backbone_swap_hubert_h_t1xf1t/data/PhysioNet2022/training_data/50667_PV.wav,1.0,0.99979013
/tmp/backbone_swap_hubert_h_t1xf1t/data/PhysioNet2022/training_data/50667_TV.wav,1.0,0.9997842
/tmp/backbone_swap_hubert_h_t1xf1t/data/PhysioNet2022/training_data/50676_AV.wav,1.0,0.9997937
/tmp/backbone_swap_hubert_h_t1xf1t/data/PhysioNet2022/training_data/50676_MV.wav,1.0,0.9996915
/tmp/backbone_swap_hubert_h_t1xf1t/data/PhysioNet2022/training_data/50676_PV.wav,1.0,0.9997749
/tmp/backbone_swap_hubert_h_t1xf1t/data/PhysioNet2022/training_data/50676_TV.wav,1.0,0.99976724
/tmp/backbone_swap_hubert_h_t1xf1t/data/PhysioNet2022/training_data/50689_AV.wav,1.0,0.99976164
/tmp/backbone_swap_hubert_h_t1xf1t/data/PhysioNet2022/training_data/50689_MV.wav,1.0,0.99979407
/tmp/backbone_swap_hubert_h_t1xf1t/data/PhysioNet2022/training_data/50689_PV.wav,1.0,0.99979407
/tmp/backbone_swap_hubert_h_t1xf1t/data/PhysioNet2022/training_data/50689_TV.wav,1.0,0.9997942
/tmp/backbone_swap_hubert_h_t1xf1t/data/PhysioNet2022/training_data/50691_AV.wav,1.0,0.99968874
/tmp/backbone_swap_hubert_h_t1xf1t/data/PhysioNet2022/training_data/50691_MV.wav,1.0,0.9992562
/tmp/backbone_swap_hubert_h_t1xf1t/data/PhysioNet2022/training_data/50691_PV.wav,1.0,0.9997714
/tmp/backbone_swap_hubert_h_t1xf1t/data/PhysioNet2022/training_data/50691_TV.wav,1.0,0.9997764
/tmp/backbone_swap_hubert_h_t1xf1t/data/PhysioNet2022/training_data/50707_AV.wav,1.0,0.99976474
/tmp/backbone_swap_hubert_h_t1xf1t/data/PhysioNet2022/training_data/50707_MV.wav,1.0,0.9997763
/tmp/backbone_swap_hubert_h_t1xf1t/data/PhysioNet2022/training_data/50707_TV.wav,1.0,0.9997776
/tmp/backbone_swap_hubert_h_t1xf1t/data/PhysioNet2022/training_data/50713_AV.wav,1.0,0.9996393
/tmp/backbone_swap_hubert_h_t1xf1t/data/PhysioNet2022/training_data/50713_MV.wav,1.0,0.99977463
/tmp/backbone_swap_hubert_h_t1xf1t/data/PhysioNet2022/training_data/50713_PV.wav,1.0,0.99975854
/tmp/backbone_swap_hubert_h_t1xf1t/data/PhysioNet2022/training_data/50713_TV.wav,1.0,0.99968505
/tmp/backbone_swap_hubert_h_t1xf1t/data/PhysioNet2022/training_data/50720_AV.wav,1.0,0.9997731
/tmp/backbone_swap_hubert_h_t1xf1t/data/PhysioNet2022/training_data/50720_MV.wav,1.0,0.9997676
/tmp/backbone_swap_hubert_h_t1xf1t/data/PhysioNet2022/training_data/50721_AV.wav,1.0,0.9997836
/tmp/backbone_swap_hubert_h_t1xf1t/data/PhysioNet2022/training_data/50721_MV.wav,1.0,0.9995454
/tmp/backbone_swap_hubert_h_t1xf1t/data/PhysioNet2022/training_data/50721_PV.wav,1.0,0.9997439
/tmp/backbone_swap_hubert_h_t1xf1t/data/PhysioNet2022/training_data/50721_TV.wav,1.0,0.9993988
/tmp/backbone_swap_hubert_h_t1xf1t/data/PhysioNet2022/training_data/50736_AV.wav,1.0,0.9997714
/tmp/backbone_swap_hubert_h_t1xf1t/data/PhysioNet2022/training_data/50736_PV.wav,1.0,0.9997241
/tmp/backbone_swap_hubert_h_t1xf1t/data/PhysioNet2022/training_data/50736_TV.wav,1.0,0.9997291
/tmp/backbone_swap_hubert_h_t1xf1t/data/PhysioNet2022/training_data/50746_AV.wav,1.0,0.99979824
/tmp/backbone_swap_hubert_h_t1xf1t/data/PhysioNet2022/training_data/50746_MV.wav,1.0,0.9997814
/tmp/backbone_swap_hubert_h_t1xf1t/data/PhysioNet2022/training_data/50746_PV.wav,1.0,0.9996081
/tmp/backbone_swap_hubert_h_t1xf1t/data/PhysioNet2022/training_data/50746_TV.wav,1.0,0.9997023
/tmp/backbone_swap_hubert_h_t1xf1t/data/PhysioNet2022/training_data/50753_AV.wav,1.0,0.9995956
/tmp/backbone_swap_hubert_h_t1xf1t/data/PhysioNet2022/training_data/50753_MV.wav,1.0,0.99969697
/tmp/backbone_swap_hubert_h_t1xf1t/data/PhysioNet2022/training_data/50753_PV.wav,1.0,0.99974126
/tmp/backbone_swap_hubert_h_t1xf1t/data/PhysioNet2022/training_data/50753_TV.wav,1.0,0.99965274
/tmp/backbone_swap_hubert_h_t1xf1t/data/PhysioNet2022/training_data/50754_AV.wav,1.0,0.9997003
/tmp/backbone_swap_hubert_h_t1xf1t/data/PhysioNet2022/training_data/50754_MV.wav,1.0,0.99979
/tmp/backbone_swap_hubert_h_t1xf1t/data/PhysioNet2022/training_data/50754_PV.wav,1.0,0.999757
/tmp/backbone_swap_hubert_h_t1xf1t/data/PhysioNet2022/training_data/50754_TV.wav,1.0,0.9989881
/tmp/backbone_swap_hubert_h_t1xf1t/data/PhysioNet2022/training_data/50758_AV.wav,1.0,0.99977785
/tmp/backbone_swap_hubert_h_t1xf1t/data/PhysioNet2022/training_data/50758_MV.wav,1.0,0.9997383
/tmp/backbone_swap_hubert_h_t1xf1t/data/PhysioNet2022/training_data/50758_PV.wav,1.0,0.9997664
/tmp/backbone_swap_hubert_h_t1xf1t/data/PhysioNet2022/training_data/50758_TV.wav,1.0,0.99976844
/tmp/backbone_swap_hubert_h_t1xf1t/data/PhysioNet2022/training_data/50763_AV.wav,1.0,0.99976605
/tmp/backbone_swap_hubert_h_t1xf1t/data/PhysioNet2022/training_data/50763_MV.wav,1.0,0.99979216
/tmp/backbone_swap_hubert_h_t1xf1t/data/PhysioNet2022/training_data/50763_PV.wav,1.0,0.99974436
/tmp/backbone_swap_hubert_h_t1xf1t/data/PhysioNet2022/training_data/50763_TV.wav,1.0,0.9997458
/tmp/backbone_swap_hubert_h_t1xf1t/data/PhysioNet2022/training_data/50766_AV.wav,1.0,0.9997491
/tmp/backbone_swap_hubert_h_t1xf1t/data/PhysioNet2022/training_data/50766_MV.wav,1.0,0.99976045
/tmp/backbone_swap_hubert_h_t1xf1t/data/PhysioNet2022/training_data/50766_PV.wav,1.0,0.9997689
/tmp/backbone_swap_hubert_h_t1xf1t/data/PhysioNet2022/training_data/50766_TV.wav,1.0,0.99974626
/tmp/backbone_swap_hubert_h_t1xf1t/data/PhysioNet2022/training_data/50773_AV.wav,1.0,0.9996113
/tmp/backbone_swap_hubert_h_t1xf1t/data/PhysioNet2022/training_data/50773_MV.wav,1.0,0.999767
/tmp/backbone_swap_hubert_h_t1xf1t/data/PhysioNet2022/training_data/50773_PV.wav,1.0,0.9997528
/tmp/backbone_swap_hubert_h_t1xf1t/data/PhysioNet2022/training_data/50773_TV.wav,1.0,0.999782
/tmp/backbone_swap_hubert_h_t1xf1t/data/PhysioNet2022/training_data/50774_AV.wav,1.0,0.99967194
/tmp/backbone_swap_hubert_h_t1xf1t/data/PhysioNet2022/training_data/50774_MV.wav,1.0,0.99964225
/tmp/backbone_swap_hubert_h_t1xf1t/data/PhysioNet2022/training_data/50774_TV.wav,1.0,0.9997875
/tmp/backbone_swap_hubert_h_t1xf1t/data/PhysioNet2022/training_data/50776_PV.wav,1.0,0.99978226
/tmp/backbone_swap_hubert_h_t1xf1t/data/PhysioNet2022/training_data/50781_AV.wav,1.0,0.9997987
/tmp/backbone_swap_hubert_h_t1xf1t/data/PhysioNet2022/training_data/50781_MV.wav,1.0,0.9998012
/tmp/backbone_swap_hubert_h_t1xf1t/data/PhysioNet2022/training_data/50781_PV.wav,1.0,0.9997793
/tmp/backbone_swap_hubert_h_t1xf1t/data/PhysioNet2022/training_data/50781_TV.wav,1.0,0.9997979
/tmp/backbone_swap_hubert_h_t1xf1t/data/PhysioNet2022/training_data/50784_AV.wav,1.0,0.99976975
/tmp/backbone_swap_hubert_h_t1xf1t/data/PhysioNet2022/training_data/50784_MV.wav,1.0,0.9997663
/tmp/backbone_swap_hubert_h_t1xf1t/data/PhysioNet2022/training_data/50784_PV.wav,1.0,0.9997174
/tmp/backbone_swap_hubert_h_t1xf1t/data/PhysioNet2022/training_data/50784_TV.wav,1.0,0.99979776
/tmp/backbone_swap_hubert_h_t1xf1t/data/PhysioNet2022/training_data/50788_AV.wav,1.0,0.9997714
/tmp/backbone_swap_hubert_h_t1xf1t/data/PhysioNet2022/training_data/50788_MV.wav,1.0,0.99967885
/tmp/backbone_swap_hubert_h_t1xf1t/data/PhysioNet2022/training_data/50788_PV.wav,1.0,0.9997967
/tmp/backbone_swap_hubert_h_t1xf1t/data/PhysioNet2022/training_data/50788_TV.wav,1.0,0.9997472
/tmp/backbone_swap_hubert_h_t1xf1t/data/PhysioNet2022/training_data/50789_AV.wav,1.0,0.99979097
/tmp/backbone_swap_hubert_h_t1xf1t/data/PhysioNet2022/training_data/50789_MV.wav,1.0,0.9997795
/tmp/backbone_swap_hubert_h_t1xf1t/data/PhysioNet2022/training_data/50789_PV.wav,1.0,0.9997651
/tmp/backbone_swap_hubert_h_t1xf1t/data/PhysioNet2022/training_data/50789_TV.wav,1.0,0.99974996
/tmp/backbone_swap_hubert_h_t1xf1t/data/PhysioNet2022/training_data/50797_AV.wav,1.0,0.99978083
/tmp/backbone_swap_hubert_h_t1xf1t/data/PhysioNet2022/training_data/50797_MV.wav,1.0,0.99979764
/tmp/backbone_swap_hubert_h_t1xf1t/data/PhysioNet2022/training_data/50797_PV.wav,1.0,0.99979764
/tmp/backbone_swap_hubert_h_t1xf1t/data/PhysioNet2022/training_data/50797_TV.wav,1.0,0.9997799
/tmp/backbone_swap_hubert_h_t1xf1t/data/PhysioNet2022/training_data/50802_AV.wav,1.0,0.9997584
/tmp/backbone_swap_hubert_h_t1xf1t/data/PhysioNet2022/training_data/50802_MV.wav,1.0,0.9997398
/tmp/backbone_swap_hubert_h_t1xf1t/data/PhysioNet2022/training_data/50802_PV.wav,1.0,0.99979883
/tmp/backbone_swap_hubert_h_t1xf1t/data/PhysioNet2022/training_data/50802_TV_1.wav,1.0,0.93569064
/tmp/backbone_swap_hubert_h_t1xf1t/data/PhysioNet2022/training_data/50802_TV_2.wav,1.0,0.999684
/tmp/backbone_swap_hubert_h_t1xf1t/data/PhysioNet2022/training_data/50803_AV.wav,1.0,0.99979013
/tmp/backbone_swap_hubert_h_t1xf1t/data/PhysioNet2022/training_data/50803_MV.wav,1.0,0.99977416
/tmp/backbone_swap_hubert_h_t1xf1t/data/PhysioNet2022/training_data/50803_PV.wav,1.0,0.9997919
/tmp/backbone_swap_hubert_h_t1xf1t/data/PhysioNet2022/training_data/50803_TV.wav,1.0,0.99979335
/tmp/backbone_swap_hubert_h_t1xf1t/data/PhysioNet2022/training_data/50805_MV.wav,1.0,0.9997938
/tmp/backbone_swap_hubert_h_t1xf1t/data/PhysioNet2022/training_data/50805_PV.wav,1.0,0.99979395
/tmp/backbone_swap_hubert_h_t1xf1t/data/PhysioNet2022/training_data/50805_TV.wav,1.0,0.99978703
/tmp/backbone_swap_hubert_h_t1xf1t/data/PhysioNet2022/training_data/50807_AV.wav,1.0,0.9997589
/tmp/backbone_swap_hubert_h_t1xf1t/data/PhysioNet2022/training_data/50807_MV.wav,1.0,0.99977106
/tmp/backbone_swap_hubert_h_t1xf1t/data/PhysioNet2022/training_data/50807_PV.wav,1.0,0.99974483
/tmp/backbone_swap_hubert_h_t1xf1t/data/PhysioNet2022/training_data/50807_TV.wav,1.0,0.9997652
/tmp/backbone_swap_hubert_h_t1xf1t/data/PhysioNet2022/training_data/50818_AV.wav,1.0,0.9997725
/tmp/backbone_swap_hubert_h_t1xf1t/data/PhysioNet2022/training_data/50818_MV.wav,1.0,0.9997789
/tmp/backbone_swap_hubert_h_t1xf1t/data/PhysioNet2022/training_data/50818_PV.wav,1.0,0.9997861
/tmp/backbone_swap_hubert_h_t1xf1t/data/PhysioNet2022/training_data/50818_TV.wav,1.0,0.9997683
/tmp/backbone_swap_hubert_h_t1xf1t/data/PhysioNet2022/training_data/50826_AV.wav,1.0,0.9997713
/tmp/backbone_swap_hubert_h_t1xf1t/data/PhysioNet2022/training_data/50826_MV.wav,1.0,0.9997801
/tmp/backbone_swap_hubert_h_t1xf1t/data/PhysioNet2022/training_data/50826_PV.wav,1.0,0.9997558
/tmp/backbone_swap_hubert_h_t1xf1t/data/PhysioNet2022/training_data/50826_TV.wav,1.0,0.9997969
/tmp/backbone_swap_hubert_h_t1xf1t/data/PhysioNet2022/training_data/51331_AV.wav,1.0,0.9872335
/tmp/backbone_swap_hubert_h_t1xf1t/data/PhysioNet2022/training_data/51331_MV.wav,1.0,0.9997291
/tmp/backbone_swap_hubert_h_t1xf1t/data/PhysioNet2022/training_data/51331_PV.wav,1.0,0.99978083
/tmp/backbone_swap_hubert_h_t1xf1t/data/PhysioNet2022/training_data/51331_TV.wav,1.0,0.99938095
/tmp/backbone_swap_hubert_h_t1xf1t/data/PhysioNet2022/training_data/55945_AV.wav,1.0,0.9997646
/tmp/backbone_swap_hubert_h_t1xf1t/data/PhysioNet2022/training_data/55945_MV.wav,1.0,0.9997762
/tmp/backbone_swap_hubert_h_t1xf1t/data/PhysioNet2022/training_data/55945_PV.wav,1.0,0.9997495
/tmp/backbone_swap_hubert_h_t1xf1t/data/PhysioNet2022/training_data/55945_TV.wav,1.0,0.99446046
/tmp/backbone_swap_hubert_h_t1xf1t/data/PhysioNet2022/training_data/57700_MV.wav,1.0,0.9997435
/tmp/backbone_swap_hubert_h_t1xf1t/data/PhysioNet2022/training_data/57700_PV.wav,1.0,0.9997751
/tmp/backbone_swap_hubert_h_t1xf1t/data/PhysioNet2022/training_data/57700_TV.wav,1.0,0.9996871
/tmp/backbone_swap_hubert_h_t1xf1t/data/PhysioNet2022/training_data/61117_AV.wav,1.0,0.9997123
/tmp/backbone_swap_hubert_h_t1xf1t/data/PhysioNet2022/training_data/61117_MV.wav,1.0,0.99973875
/tmp/backbone_swap_hubert_h_t1xf1t/data/PhysioNet2022/training_data/61117_PV.wav,1.0,0.99977404
/tmp/backbone_swap_hubert_h_t1xf1t/data/PhysioNet2022/training_data/61117_TV.wav,1.0,0.99929225
/tmp/backbone_swap_hubert_h_t1xf1t/data/PhysioNet2022/training_data/61610_AV.wav,1.0,0.9997501
/tmp/backbone_swap_hubert_h_t1xf1t/data/PhysioNet2022/training_data/61610_MV.wav,1.0,0.99976844
/tmp/backbone_swap_hubert_h_t1xf1t/data/PhysioNet2022/training_data/61610_PV.wav,1.0,0.999785
/tmp/backbone_swap_hubert_h_t1xf1t/data/PhysioNet2022/training_data/61610_TV.wav,1.0,0.9997009
/tmp/backbone_swap_hubert_h_t1xf1t/data/PhysioNet2022/training_data/63581_AV.wav,1.0,0.9997056
/tmp/backbone_swap_hubert_h_t1xf1t/data/PhysioNet2022/training_data/63581_MV.wav,1.0,0.999785
/tmp/backbone_swap_hubert_h_t1xf1t/data/PhysioNet2022/training_data/63581_PV.wav,1.0,0.999617
/tmp/backbone_swap_hubert_h_t1xf1t/data/PhysioNet2022/training_data/63581_TV.wav,1.0,0.99980325
/tmp/backbone_swap_hubert_h_t1xf1t/data/PhysioNet2022/training_data/68194_AV.wav,1.0,0.90276444
/tmp/backbone_swap_hubert_h_t1xf1t/data/PhysioNet2022/training_data/68194_MV.wav,1.0,0.9988626
/tmp/backbone_swap_hubert_h_t1xf1t/data/PhysioNet2022/training_data/68194_PV.wav,1.0,0.99978036
/tmp/backbone_swap_hubert_h_t1xf1t/data/PhysioNet2022/training_data/68194_TV.wav,1.0,0.9993388
/tmp/backbone_swap_hubert_h_t1xf1t/data/PhysioNet2022/training_data/68279_MV.wav,1.0,0.9997471
/tmp/backbone_swap_hubert_h_t1xf1t/data/PhysioNet2022/training_data/68279_PV.wav,1.0,0.999741
/tmp/backbone_swap_hubert_h_t1xf1t/data/PhysioNet2022/training_data/68279_TV.wav,1.0,0.9997919
/tmp/backbone_swap_hubert_h_t1xf1t/data/PhysioNet2022/training_data/68303_AV.wav,1.0,0.9994992
/tmp/backbone_swap_hubert_h_t1xf1t/data/PhysioNet2022/training_data/68303_MV.wav,1.0,0.9997781
/tmp/backbone_swap_hubert_h_t1xf1t/data/PhysioNet2022/training_data/68303_PV.wav,1.0,0.9526226
/tmp/backbone_swap_hubert_h_t1xf1t/data/PhysioNet2022/training_data/68303_TV.wav,1.0,0.9997929
/tmp/backbone_swap_hubert_h_t1xf1t/data/PhysioNet2022/training_data/68318_AV.wav,1.0,0.9935917
/tmp/backbone_swap_hubert_h_t1xf1t/data/PhysioNet2022/training_data/68318_MV.wav,1.0,0.9992675
/tmp/backbone_swap_hubert_h_t1xf1t/data/PhysioNet2022/training_data/68318_PV.wav,1.0,0.9997049
/tmp/backbone_swap_hubert_h_t1xf1t/data/PhysioNet2022/training_data/68318_TV.wav,1.0,0.9995875
/tmp/backbone_swap_hubert_h_t1xf1t/data/PhysioNet2022/training_data/68394_MV.wav,1.0,0.99978524
/tmp/backbone_swap_hubert_h_t1xf1t/data/PhysioNet2022/training_data/68394_PV.wav,1.0,0.99972004
/tmp/backbone_swap_hubert_h_t1xf1t/data/PhysioNet2022/training_data/68404_MV.wav,1.0,0.999772
/tmp/backbone_swap_hubert_h_t1xf1t/data/PhysioNet2022/training_data/68404_PV.wav,1.0,0.9782412
/tmp/backbone_swap_hubert_h_t1xf1t/data/PhysioNet2022/training_data/68404_TV.wav,1.0,0.99964464
/tmp/backbone_swap_hubert_h_t1xf1t/data/PhysioNet2022/training_data/68406_AV.wav,1.0,0.99979204
/tmp/backbone_swap_hubert_h_t1xf1t/data/PhysioNet2022/training_data/68406_MV.wav,1.0,0.999775
/tmp/backbone_swap_hubert_h_t1xf1t/data/PhysioNet2022/training_data/68406_PV.wav,1.0,0.9997975
/tmp/backbone_swap_hubert_h_t1xf1t/data/PhysioNet2022/training_data/68406_TV.wav,1.0,0.999721
/tmp/backbone_swap_hubert_h_t1xf1t/data/PhysioNet2022/training_data/68413_AV.wav,1.0,0.9997652
/tmp/backbone_swap_hubert_h_t1xf1t/data/PhysioNet2022/training_data/68413_MV.wav,1.0,0.99967086
/tmp/backbone_swap_hubert_h_t1xf1t/data/PhysioNet2022/training_data/68413_PV.wav,1.0,0.99959415
/tmp/backbone_swap_hubert_h_t1xf1t/data/PhysioNet2022/training_data/68413_TV.wav,1.0,0.99954456
/tmp/backbone_swap_hubert_h_t1xf1t/data/PhysioNet2022/training_data/68419_AV.wav,1.0,0.9997284
/tmp/backbone_swap_hubert_h_t1xf1t/data/PhysioNet2022/training_data/68419_MV.wav,1.0,0.9997825
/tmp/backbone_swap_hubert_h_t1xf1t/data/PhysioNet2022/training_data/68419_PV.wav,1.0,0.99975485
/tmp/backbone_swap_hubert_h_t1xf1t/data/PhysioNet2022/training_data/68419_TV.wav,1.0,0.99953055
/tmp/backbone_swap_hubert_h_t1xf1t/data/PhysioNet2022/training_data/68423_AV.wav,1.0,0.89943093
/tmp/backbone_swap_hubert_h_t1xf1t/data/PhysioNet2022/training_data/68423_MV.wav,1.0,0.9996113
/tmp/backbone_swap_hubert_h_t1xf1t/data/PhysioNet2022/training_data/68423_PV.wav,1.0,0.9522275
/tmp/backbone_swap_hubert_h_t1xf1t/data/PhysioNet2022/training_data/68423_TV.wav,1.0,0.9983694
/tmp/backbone_swap_hubert_h_t1xf1t/data/PhysioNet2022/training_data/68425_AV.wav,1.0,0.99257433
/tmp/backbone_swap_hubert_h_t1xf1t/data/PhysioNet2022/training_data/68425_MV.wav,1.0,0.99979347
/tmp/backbone_swap_hubert_h_t1xf1t/data/PhysioNet2022/training_data/68425_PV.wav,1.0,0.99410605
/tmp/backbone_swap_hubert_h_t1xf1t/data/PhysioNet2022/training_data/68425_TV.wav,1.0,0.9995914
/tmp/backbone_swap_hubert_h_t1xf1t/data/PhysioNet2022/training_data/68431_AV.wav,1.0,0.999795
/tmp/backbone_swap_hubert_h_t1xf1t/data/PhysioNet2022/training_data/68431_MV.wav,1.0,0.9997875
/tmp/backbone_swap_hubert_h_t1xf1t/data/PhysioNet2022/training_data/68431_PV.wav,1.0,0.9995085
/tmp/backbone_swap_hubert_h_t1xf1t/data/PhysioNet2022/training_data/68431_TV.wav,1.0,0.9997886
/tmp/backbone_swap_hubert_h_t1xf1t/data/PhysioNet2022/training_data/68436_AV.wav,1.0,0.9997241
/tmp/backbone_swap_hubert_h_t1xf1t/data/PhysioNet2022/training_data/68436_MV.wav,1.0,0.99962854
/tmp/backbone_swap_hubert_h_t1xf1t/data/PhysioNet2022/training_data/68436_PV.wav,1.0,0.9983487
/tmp/backbone_swap_hubert_h_t1xf1t/data/PhysioNet2022/training_data/68436_TV.wav,1.0,0.9905359
/tmp/backbone_swap_hubert_h_t1xf1t/data/PhysioNet2022/training_data/68465_AV.wav,1.0,0.99974364
/tmp/backbone_swap_hubert_h_t1xf1t/data/PhysioNet2022/training_data/68465_MV.wav,1.0,0.9997955
/tmp/backbone_swap_hubert_h_t1xf1t/data/PhysioNet2022/training_data/68465_PV.wav,1.0,0.9997342
/tmp/backbone_swap_hubert_h_t1xf1t/data/PhysioNet2022/training_data/68465_TV.wav,1.0,0.56882334
/tmp/backbone_swap_hubert_h_t1xf1t/data/PhysioNet2022/training_data/68470_MV.wav,1.0,0.99968755
/tmp/backbone_swap_hubert_h_t1xf1t/data/PhysioNet2022/training_data/68470_TV.wav,1.0,0.99966776
/tmp/backbone_swap_hubert_h_t1xf1t/data/PhysioNet2022/training_data/68478_AV.wav,1.0,0.9997243
/tmp/backbone_swap_hubert_h_t1xf1t/data/PhysioNet2022/training_data/68478_MV.wav,1.0,0.9997844
/tmp/backbone_swap_hubert_h_t1xf1t/data/PhysioNet2022/training_data/68478_PV.wav,1.0,0.9997385
/tmp/backbone_swap_hubert_h_t1xf1t/data/PhysioNet2022/training_data/68478_TV.wav,1.0,0.9996506
/tmp/backbone_swap_hubert_h_t1xf1t/data/PhysioNet2022/training_data/68482_AV.wav,1.0,0.999757
/tmp/backbone_swap_hubert_h_t1xf1t/data/PhysioNet2022/training_data/68482_MV.wav,1.0,0.99975985
/tmp/backbone_swap_hubert_h_t1xf1t/data/PhysioNet2022/training_data/68482_PV.wav,1.0,0.9997769
/tmp/backbone_swap_hubert_h_t1xf1t/data/PhysioNet2022/training_data/68482_TV.wav,1.0,0.99976677
/tmp/backbone_swap_hubert_h_t1xf1t/data/PhysioNet2022/training_data/68484_AV.wav,1.0,0.999678
/tmp/backbone_swap_hubert_h_t1xf1t/data/PhysioNet2022/training_data/68484_MV.wav,1.0,0.9997018
/tmp/backbone_swap_hubert_h_t1xf1t/data/PhysioNet2022/training_data/68484_PV.wav,1.0,0.99294007
/tmp/backbone_swap_hubert_h_t1xf1t/data/PhysioNet2022/training_data/68484_TV.wav,1.0,0.9995633
/tmp/backbone_swap_hubert_h_t1xf1t/data/PhysioNet2022/training_data/68567_AV.wav,1.0,0.9997968
/tmp/backbone_swap_hubert_h_t1xf1t/data/PhysioNet2022/training_data/68567_MV.wav,1.0,0.9996265
/tmp/backbone_swap_hubert_h_t1xf1t/data/PhysioNet2022/training_data/68567_PV.wav,1.0,0.9987185
/tmp/backbone_swap_hubert_h_t1xf1t/data/PhysioNet2022/training_data/68567_TV.wav,1.0,0.99979514
/tmp/backbone_swap_hubert_h_t1xf1t/data/PhysioNet2022/training_data/68632_AV.wav,1.0,0.9997826
/tmp/backbone_swap_hubert_h_t1xf1t/data/PhysioNet2022/training_data/68632_PV.wav,1.0,0.9997303
/tmp/backbone_swap_hubert_h_t1xf1t/data/PhysioNet2022/training_data/68632_TV.wav,1.0,0.9994617
/tmp/backbone_swap_hubert_h_t1xf1t/data/PhysioNet2022/training_data/68646_AV.wav,1.0,0.99978644
/tmp/backbone_swap_hubert_h_t1xf1t/data/PhysioNet2022/training_data/68646_MV.wav,1.0,0.9997931
/tmp/backbone_swap_hubert_h_t1xf1t/data/PhysioNet2022/training_data/68646_PV.wav,1.0,0.9997862
/tmp/backbone_swap_hubert_h_t1xf1t/data/PhysioNet2022/training_data/68646_TV.wav,1.0,0.99649054
/tmp/backbone_swap_hubert_h_t1xf1t/data/PhysioNet2022/training_data/68660_AV.wav,1.0,0.99972636
/tmp/backbone_swap_hubert_h_t1xf1t/data/PhysioNet2022/training_data/68660_MV.wav,1.0,0.9997311
/tmp/backbone_swap_hubert_h_t1xf1t/data/PhysioNet2022/training_data/68660_PV.wav,1.0,0.99956685
/tmp/backbone_swap_hubert_h_t1xf1t/data/PhysioNet2022/training_data/68660_TV.wav,1.0,0.9997123
/tmp/backbone_swap_hubert_h_t1xf1t/data/PhysioNet2022/training_data/68682_AV.wav,1.0,0.999736
/tmp/backbone_swap_hubert_h_t1xf1t/data/PhysioNet2022/training_data/68682_MV.wav,1.0,0.99978536
/tmp/backbone_swap_hubert_h_t1xf1t/data/PhysioNet2022/training_data/68682_PV.wav,1.0,0.9996779
/tmp/backbone_swap_hubert_h_t1xf1t/data/PhysioNet2022/training_data/68682_TV.wav,1.0,0.9997495
/tmp/backbone_swap_hubert_h_t1xf1t/data/PhysioNet2022/training_data/68708_AV.wav,1.0,0.999705
/tmp/backbone_swap_hubert_h_t1xf1t/data/PhysioNet2022/training_data/68708_MV.wav,1.0,0.99976367
/tmp/backbone_swap_hubert_h_t1xf1t/data/PhysioNet2022/training_data/68708_PV.wav,1.0,0.999767
/tmp/backbone_swap_hubert_h_t1xf1t/data/PhysioNet2022/training_data/68708_TV.wav,1.0,0.9978077
/tmp/backbone_swap_hubert_h_t1xf1t/data/PhysioNet2022/training_data/68737_AV.wav,1.0,0.99977535
/tmp/backbone_swap_hubert_h_t1xf1t/data/PhysioNet2022/training_data/68737_MV.wav,1.0,0.99977213
/tmp/backbone_swap_hubert_h_t1xf1t/data/PhysioNet2022/training_data/68737_PV.wav,1.0,0.9997397
/tmp/backbone_swap_hubert_h_t1xf1t/data/PhysioNet2022/training_data/68737_TV.wav,1.0,0.9996953
/tmp/backbone_swap_hubert_h_t1xf1t/data/PhysioNet2022/training_data/68752_AV.wav,1.0,0.9994093
/tmp/backbone_swap_hubert_h_t1xf1t/data/PhysioNet2022/training_data/68752_MV.wav,1.0,0.9995665
/tmp/backbone_swap_hubert_h_t1xf1t/data/PhysioNet2022/training_data/68752_PV.wav,1.0,0.99967813
/tmp/backbone_swap_hubert_h_t1xf1t/data/PhysioNet2022/training_data/68752_TV.wav,1.0,0.9588759
/tmp/backbone_swap_hubert_h_t1xf1t/data/PhysioNet2022/training_data/68756_MV.wav,1.0,0.99976224
/tmp/backbone_swap_hubert_h_t1xf1t/data/PhysioNet2022/training_data/68756_PV.wav,1.0,0.9997727
/tmp/backbone_swap_hubert_h_t1xf1t/data/PhysioNet2022/training_data/68756_TV.wav,1.0,0.99978334
/tmp/backbone_swap_hubert_h_t1xf1t/data/PhysioNet2022/training_data/68757_AV.wav,1.0,0.9992368
/tmp/backbone_swap_hubert_h_t1xf1t/data/PhysioNet2022/training_data/68757_PV.wav,1.0,0.9989711
/tmp/backbone_swap_hubert_h_t1xf1t/data/PhysioNet2022/training_data/68757_TV.wav,1.0,0.9997081
/tmp/backbone_swap_hubert_h_t1xf1t/data/PhysioNet2022/training_data/68831_AV.wav,1.0,0.99979824
/tmp/backbone_swap_hubert_h_t1xf1t/data/PhysioNet2022/training_data/68831_MV.wav,1.0,0.99952614
/tmp/backbone_swap_hubert_h_t1xf1t/data/PhysioNet2022/training_data/68831_PV.wav,1.0,0.9997278
/tmp/backbone_swap_hubert_h_t1xf1t/data/PhysioNet2022/training_data/68831_TV.wav,1.0,0.9994541
/tmp/backbone_swap_hubert_h_t1xf1t/data/PhysioNet2022/training_data/68849_AV.wav,1.0,0.99968326
/tmp/backbone_swap_hubert_h_t1xf1t/data/PhysioNet2022/training_data/68849_MV.wav,1.0,0.9997905
/tmp/backbone_swap_hubert_h_t1xf1t/data/PhysioNet2022/training_data/68849_PV.wav,1.0,0.99965537
/tmp/backbone_swap_hubert_h_t1xf1t/data/PhysioNet2022/training_data/68849_TV.wav,1.0,0.9997594
/tmp/backbone_swap_hubert_h_t1xf1t/data/PhysioNet2022/training_data/68857_MV.wav,1.0,0.5501993
/tmp/backbone_swap_hubert_h_t1xf1t/data/PhysioNet2022/training_data/68909_AV.wav,1.0,0.99935716
/tmp/backbone_swap_hubert_h_t1xf1t/data/PhysioNet2022/training_data/68909_MV.wav,1.0,0.9997149
/tmp/backbone_swap_hubert_h_t1xf1t/data/PhysioNet2022/training_data/68909_PV.wav,1.0,0.9997346
/tmp/backbone_swap_hubert_h_t1xf1t/data/PhysioNet2022/training_data/68909_TV.wav,1.0,0.9997687
/tmp/backbone_swap_hubert_h_t1xf1t/data/PhysioNet2022/training_data/69067_AV.wav,1.0,0.9995559
/tmp/backbone_swap_hubert_h_t1xf1t/data/PhysioNet2022/training_data/69067_MV.wav,1.0,0.9997962
/tmp/backbone_swap_hubert_h_t1xf1t/data/PhysioNet2022/training_data/69067_PV.wav,1.0,0.9997669
/tmp/backbone_swap_hubert_h_t1xf1t/data/PhysioNet2022/training_data/69067_TV.wav,1.0,0.9997676
/tmp/backbone_swap_hubert_h_t1xf1t/data/PhysioNet2022/training_data/69159_AV.wav,1.0,0.99903786
/tmp/backbone_swap_hubert_h_t1xf1t/data/PhysioNet2022/training_data/69159_MV.wav,1.0,0.9997385
/tmp/backbone_swap_hubert_h_t1xf1t/data/PhysioNet2022/training_data/69159_PV.wav,1.0,0.99966633
/tmp/backbone_swap_hubert_h_t1xf1t/data/PhysioNet2022/training_data/69159_TV.wav,1.0,0.99944645
/tmp/backbone_swap_hubert_h_t1xf1t/data/PhysioNet2022/training_data/72283_MV.wav,1.0,0.99926525
/tmp/backbone_swap_hubert_h_t1xf1t/data/PhysioNet2022/training_data/72283_PV.wav,1.0,0.9997359
/tmp/backbone_swap_hubert_h_t1xf1t/data/PhysioNet2022/training_data/72283_TV.wav,1.0,0.9997565
/tmp/backbone_swap_hubert_h_t1xf1t/data/PhysioNet2022/training_data/74417_AV.wav,1.0,0.9666222
/tmp/backbone_swap_hubert_h_t1xf1t/data/PhysioNet2022/training_data/74417_MV.wav,1.0,0.9997342
/tmp/backbone_swap_hubert_h_t1xf1t/data/PhysioNet2022/training_data/74417_PV.wav,1.0,0.99974173
/tmp/backbone_swap_hubert_h_t1xf1t/data/PhysioNet2022/training_data/74417_TV.wav,1.0,0.99966395
/tmp/backbone_swap_hubert_h_t1xf1t/data/PhysioNet2022/training_data/76240_AV.wav,1.0,0.9957398
/tmp/backbone_swap_hubert_h_t1xf1t/data/PhysioNet2022/training_data/76240_MV.wav,1.0,0.99972934
/tmp/backbone_swap_hubert_h_t1xf1t/data/PhysioNet2022/training_data/76240_PV.wav,1.0,0.99975365
/tmp/backbone_swap_hubert_h_t1xf1t/data/PhysioNet2022/training_data/76240_TV.wav,1.0,0.9997795
/tmp/backbone_swap_hubert_h_t1xf1t/data/PhysioNet2022/training_data/77373_AV.wav,1.0,0.99970007
/tmp/backbone_swap_hubert_h_t1xf1t/data/PhysioNet2022/training_data/77373_MV.wav,1.0,0.99979347
/tmp/backbone_swap_hubert_h_t1xf1t/data/PhysioNet2022/training_data/77373_PV.wav,1.0,0.9997285
/tmp/backbone_swap_hubert_h_t1xf1t/data/PhysioNet2022/training_data/77373_TV.wav,1.0,0.9997031
/tmp/backbone_swap_hubert_h_t1xf1t/data/PhysioNet2022/training_data/78280_AV.wav,1.0,0.9996183
/tmp/backbone_swap_hubert_h_t1xf1t/data/PhysioNet2022/training_data/78280_MV.wav,1.0,0.999729
/tmp/backbone_swap_hubert_h_t1xf1t/data/PhysioNet2022/training_data/81035_MV.wav,1.0,0.99909866
/tmp/backbone_swap_hubert_h_t1xf1t/data/PhysioNet2022/training_data/81297_AV.wav,1.0,0.99975663
/tmp/backbone_swap_hubert_h_t1xf1t/data/PhysioNet2022/training_data/81297_MV.wav,1.0,0.9998041
/tmp/backbone_swap_hubert_h_t1xf1t/data/PhysioNet2022/training_data/81297_PV.wav,1.0,0.9996761
/tmp/backbone_swap_hubert_h_t1xf1t/data/PhysioNet2022/training_data/81297_TV.wav,1.0,0.9997172
/tmp/backbone_swap_hubert_h_t1xf1t/data/PhysioNet2022/training_data/81501_AV.wav,1.0,0.9995053
/tmp/backbone_swap_hubert_h_t1xf1t/data/PhysioNet2022/training_data/81501_MV.wav,1.0,0.99886525
/tmp/backbone_swap_hubert_h_t1xf1t/data/PhysioNet2022/training_data/81501_PV.wav,1.0,0.9994499
/tmp/backbone_swap_hubert_h_t1xf1t/data/PhysioNet2022/training_data/81501_TV.wav,1.0,0.5857348
/tmp/backbone_swap_hubert_h_t1xf1t/data/PhysioNet2022/training_data/81638_AV.wav,1.0,0.99961025
/tmp/backbone_swap_hubert_h_t1xf1t/data/PhysioNet2022/training_data/81638_MV.wav,1.0,0.99965286
/tmp/backbone_swap_hubert_h_t1xf1t/data/PhysioNet2022/training_data/82275_AV.wav,1.0,0.9967219
/tmp/backbone_swap_hubert_h_t1xf1t/data/PhysioNet2022/training_data/82275_PV.wav,1.0,0.9997738
/tmp/backbone_swap_hubert_h_t1xf1t/data/PhysioNet2022/training_data/83094_MV.wav,1.0,0.9979038
/tmp/backbone_swap_hubert_h_t1xf1t/data/PhysioNet2022/training_data/84687_AV.wav,1.0,0.99970263
/tmp/backbone_swap_hubert_h_t1xf1t/data/PhysioNet2022/training_data/84687_MV.wav,1.0,0.99975747
/tmp/backbone_swap_hubert_h_t1xf1t/data/PhysioNet2022/training_data/84693_AV.wav,1.0,0.99647397
/tmp/backbone_swap_hubert_h_t1xf1t/data/PhysioNet2022/training_data/84693_MV.wav,1.0,0.9084435
/tmp/backbone_swap_hubert_h_t1xf1t/data/PhysioNet2022/training_data/84693_PV.wav,1.0,0.42194116
/tmp/backbone_swap_hubert_h_t1xf1t/data/PhysioNet2022/training_data/84693_TV.wav,1.0,0.82842547
/tmp/backbone_swap_hubert_h_t1xf1t/data/PhysioNet2022/training_data/84696_AV.wav,1.0,0.9997702
/tmp/backbone_swap_hubert_h_t1xf1t/data/PhysioNet2022/training_data/84696_MV.wav,1.0,0.9997576
/tmp/backbone_swap_hubert_h_t1xf1t/data/PhysioNet2022/training_data/84696_PV.wav,1.0,0.9996716
/tmp/backbone_swap_hubert_h_t1xf1t/data/PhysioNet2022/training_data/84696_TV.wav,1.0,0.99974567
/tmp/backbone_swap_hubert_h_t1xf1t/data/PhysioNet2022/training_data/84697_AV.wav,1.0,0.9996387
/tmp/backbone_swap_hubert_h_t1xf1t/data/PhysioNet2022/training_data/84697_MV.wav,1.0,0.9997719
/tmp/backbone_swap_hubert_h_t1xf1t/data/PhysioNet2022/training_data/84697_PV.wav,1.0,0.9997892
/tmp/backbone_swap_hubert_h_t1xf1t/data/PhysioNet2022/training_data/84697_TV.wav,1.0,0.99971193
/tmp/backbone_swap_hubert_h_t1xf1t/data/PhysioNet2022/training_data/84704_PV.wav,1.0,0.9997453
/tmp/backbone_swap_hubert_h_t1xf1t/data/PhysioNet2022/training_data/84718_AV.wav,1.0,0.9997892
/tmp/backbone_swap_hubert_h_t1xf1t/data/PhysioNet2022/training_data/84718_MV.wav,1.0,0.9997656
/tmp/backbone_swap_hubert_h_t1xf1t/data/PhysioNet2022/training_data/84718_PV.wav,1.0,0.99970394
/tmp/backbone_swap_hubert_h_t1xf1t/data/PhysioNet2022/training_data/84718_TV.wav,1.0,0.99975973
/tmp/backbone_swap_hubert_h_t1xf1t/data/PhysioNet2022/training_data/84730_AV.wav,1.0,0.9997422
/tmp/backbone_swap_hubert_h_t1xf1t/data/PhysioNet2022/training_data/84730_MV.wav,1.0,0.99967885
/tmp/backbone_swap_hubert_h_t1xf1t/data/PhysioNet2022/training_data/84730_PV.wav,1.0,0.9997414
/tmp/backbone_swap_hubert_h_t1xf1t/data/PhysioNet2022/training_data/84730_TV.wav,1.0,0.9997936
/tmp/backbone_swap_hubert_h_t1xf1t/data/PhysioNet2022/training_data/84740_AV.wav,1.0,0.9997234
/tmp/backbone_swap_hubert_h_t1xf1t/data/PhysioNet2022/training_data/84740_MV.wav,1.0,0.99929845
/tmp/backbone_swap_hubert_h_t1xf1t/data/PhysioNet2022/training_data/84740_PV.wav,1.0,0.9997856
/tmp/backbone_swap_hubert_h_t1xf1t/data/PhysioNet2022/training_data/84740_TV.wav,1.0,0.99971586
/tmp/backbone_swap_hubert_h_t1xf1t/data/PhysioNet2022/training_data/84751_AV.wav,1.0,0.99970955
/tmp/backbone_swap_hubert_h_t1xf1t/data/PhysioNet2022/training_data/84751_MV.wav,1.0,0.9997937
/tmp/backbone_swap_hubert_h_t1xf1t/data/PhysioNet2022/training_data/84751_PV.wav,1.0,0.9997317
/tmp/backbone_swap_hubert_h_t1xf1t/data/PhysioNet2022/training_data/84751_TV.wav,1.0,0.99893874
/tmp/backbone_swap_hubert_h_t1xf1t/data/PhysioNet2022/training_data/84753_AV.wav,1.0,0.99978
/tmp/backbone_swap_hubert_h_t1xf1t/data/PhysioNet2022/training_data/84753_MV.wav,1.0,0.96540403
/tmp/backbone_swap_hubert_h_t1xf1t/data/PhysioNet2022/training_data/84753_PV.wav,1.0,0.99976736
/tmp/backbone_swap_hubert_h_t1xf1t/data/PhysioNet2022/training_data/84753_TV.wav,1.0,0.99976736
/tmp/backbone_swap_hubert_h_t1xf1t/data/PhysioNet2022/training_data/84754_AV.wav,1.0,0.9997881
/tmp/backbone_swap_hubert_h_t1xf1t/data/PhysioNet2022/training_data/84754_MV.wav,1.0,0.9997342
/tmp/backbone_swap_hubert_h_t1xf1t/data/PhysioNet2022/training_data/84754_TV.wav,1.0,0.9998037
/tmp/backbone_swap_hubert_h_t1xf1t/data/PhysioNet2022/training_data/84755_MV.wav,1.0,0.9996666
/tmp/backbone_swap_hubert_h_t1xf1t/data/PhysioNet2022/training_data/84760_MV.wav,1.0,0.9997876
/tmp/backbone_swap_hubert_h_t1xf1t/data/PhysioNet2022/training_data/84760_PV.wav,1.0,0.9996971
/tmp/backbone_swap_hubert_h_t1xf1t/data/PhysioNet2022/training_data/84760_TV.wav,1.0,0.9997892
/tmp/backbone_swap_hubert_h_t1xf1t/data/PhysioNet2022/training_data/84762_AV.wav,1.0,0.99964523
/tmp/backbone_swap_hubert_h_t1xf1t/data/PhysioNet2022/training_data/84762_MV.wav,1.0,0.9997843
/tmp/backbone_swap_hubert_h_t1xf1t/data/PhysioNet2022/training_data/84762_PV.wav,1.0,0.9997677
/tmp/backbone_swap_hubert_h_t1xf1t/data/PhysioNet2022/training_data/84762_TV.wav,1.0,0.9995951
/tmp/backbone_swap_hubert_h_t1xf1t/data/PhysioNet2022/training_data/84775_AV.wav,1.0,0.9997925
/tmp/backbone_swap_hubert_h_t1xf1t/data/PhysioNet2022/training_data/84775_MV.wav,1.0,0.99978906
/tmp/backbone_swap_hubert_h_t1xf1t/data/PhysioNet2022/training_data/84775_PV.wav,1.0,0.9997725
/tmp/backbone_swap_hubert_h_t1xf1t/data/PhysioNet2022/training_data/84775_TV.wav,1.0,0.9997023
/tmp/backbone_swap_hubert_h_t1xf1t/data/PhysioNet2022/training_data/84780_AV.wav,1.0,0.9995678
/tmp/backbone_swap_hubert_h_t1xf1t/data/PhysioNet2022/training_data/84780_MV.wav,1.0,0.99975497
/tmp/backbone_swap_hubert_h_t1xf1t/data/PhysioNet2022/training_data/84780_PV.wav,1.0,0.99980086
/tmp/backbone_swap_hubert_h_t1xf1t/data/PhysioNet2022/training_data/84780_TV.wav,1.0,0.99960786
/tmp/backbone_swap_hubert_h_t1xf1t/data/PhysioNet2022/training_data/84784_AV.wav,1.0,0.97926986
/tmp/backbone_swap_hubert_h_t1xf1t/data/PhysioNet2022/training_data/84784_MV.wav,1.0,0.9995178
/tmp/backbone_swap_hubert_h_t1xf1t/data/PhysioNet2022/training_data/84790_AV.wav,1.0,0.9991303
/tmp/backbone_swap_hubert_h_t1xf1t/data/PhysioNet2022/training_data/84802_AV.wav,1.0,0.9997708
/tmp/backbone_swap_hubert_h_t1xf1t/data/PhysioNet2022/training_data/84802_MV.wav,1.0,0.99976844
/tmp/backbone_swap_hubert_h_t1xf1t/data/PhysioNet2022/training_data/84802_PV.wav,1.0,0.9997521
/tmp/backbone_swap_hubert_h_t1xf1t/data/PhysioNet2022/training_data/84802_TV.wav,1.0,0.9997861
/tmp/backbone_swap_hubert_h_t1xf1t/data/PhysioNet2022/training_data/84808_AV.wav,1.0,0.9996865
/tmp/backbone_swap_hubert_h_t1xf1t/data/PhysioNet2022/training_data/84808_MV.wav,1.0,0.9997609
/tmp/backbone_swap_hubert_h_t1xf1t/data/PhysioNet2022/training_data/84808_PV.wav,1.0,0.9997719
/tmp/backbone_swap_hubert_h_t1xf1t/data/PhysioNet2022/training_data/84808_TV.wav,1.0,0.99978966
/tmp/backbone_swap_hubert_h_t1xf1t/data/PhysioNet2022/training_data/84813_AV.wav,1.0,0.99952817
/tmp/backbone_swap_hubert_h_t1xf1t/data/PhysioNet2022/training_data/84813_MV.wav,1.0,0.9997749
/tmp/backbone_swap_hubert_h_t1xf1t/data/PhysioNet2022/training_data/84813_PV.wav,1.0,0.9997243
/tmp/backbone_swap_hubert_h_t1xf1t/data/PhysioNet2022/training_data/84813_TV.wav,1.0,0.99979657
/tmp/backbone_swap_hubert_h_t1xf1t/data/PhysioNet2022/training_data/84814_AV.wav,1.0,0.99978954
/tmp/backbone_swap_hubert_h_t1xf1t/data/PhysioNet2022/training_data/84814_PV.wav,1.0,0.9997687
/tmp/backbone_swap_hubert_h_t1xf1t/data/PhysioNet2022/training_data/84815_AV.wav,1.0,0.99088156
/tmp/backbone_swap_hubert_h_t1xf1t/data/PhysioNet2022/training_data/84815_MV.wav,1.0,0.99958354
/tmp/backbone_swap_hubert_h_t1xf1t/data/PhysioNet2022/training_data/84815_PV.wav,1.0,0.9997701
/tmp/backbone_swap_hubert_h_t1xf1t/data/PhysioNet2022/training_data/84815_TV.wav,1.0,0.3888157
/tmp/backbone_swap_hubert_h_t1xf1t/data/PhysioNet2022/training_data/84822_AV.wav,1.0,0.9995339
/tmp/backbone_swap_hubert_h_t1xf1t/data/PhysioNet2022/training_data/84822_MV.wav,1.0,0.993775
/tmp/backbone_swap_hubert_h_t1xf1t/data/PhysioNet2022/training_data/84822_PV.wav,1.0,0.9993436
/tmp/backbone_swap_hubert_h_t1xf1t/data/PhysioNet2022/training_data/84822_TV.wav,1.0,0.9997265
/tmp/backbone_swap_hubert_h_t1xf1t/data/PhysioNet2022/training_data/84826_AV.wav,1.0,0.9997799
/tmp/backbone_swap_hubert_h_t1xf1t/data/PhysioNet2022/training_data/84826_MV.wav,1.0,0.9997813
/tmp/backbone_swap_hubert_h_t1xf1t/data/PhysioNet2022/training_data/84826_PV.wav,1.0,0.99976975
/tmp/backbone_swap_hubert_h_t1xf1t/data/PhysioNet2022/training_data/84826_TV.wav,1.0,0.99945444
/tmp/backbone_swap_hubert_h_t1xf1t/data/PhysioNet2022/training_data/84829_AV.wav,1.0,0.9996636
/tmp/backbone_swap_hubert_h_t1xf1t/data/PhysioNet2022/training_data/84829_MV.wav,1.0,0.9996111
/tmp/backbone_swap_hubert_h_t1xf1t/data/PhysioNet2022/training_data/84829_PV.wav,1.0,0.9996371
/tmp/backbone_swap_hubert_h_t1xf1t/data/PhysioNet2022/training_data/84829_TV.wav,1.0,0.99979275
/tmp/backbone_swap_hubert_h_t1xf1t/data/PhysioNet2022/training_data/84831_AV.wav,1.0,0.999765
/tmp/backbone_swap_hubert_h_t1xf1t/data/PhysioNet2022/training_data/84831_MV.wav,1.0,0.99975663
/tmp/backbone_swap_hubert_h_t1xf1t/data/PhysioNet2022/training_data/84831_PV.wav,1.0,0.9997904
/tmp/backbone_swap_hubert_h_t1xf1t/data/PhysioNet2022/training_data/84831_TV.wav,1.0,0.99978787
/tmp/backbone_swap_hubert_h_t1xf1t/data/PhysioNet2022/training_data/84834_AV.wav,1.0,0.99975044
/tmp/backbone_swap_hubert_h_t1xf1t/data/PhysioNet2022/training_data/84834_MV.wav,1.0,0.9997116
/tmp/backbone_swap_hubert_h_t1xf1t/data/PhysioNet2022/training_data/84834_PV.wav,1.0,0.9997061
/tmp/backbone_swap_hubert_h_t1xf1t/data/PhysioNet2022/training_data/84834_TV.wav,1.0,0.9996265
/tmp/backbone_swap_hubert_h_t1xf1t/data/PhysioNet2022/training_data/84851_AV.wav,1.0,0.999605
/tmp/backbone_swap_hubert_h_t1xf1t/data/PhysioNet2022/training_data/84851_MV.wav,1.0,0.99977547
/tmp/backbone_swap_hubert_h_t1xf1t/data/PhysioNet2022/training_data/84851_PV.wav,1.0,0.9732381
/tmp/backbone_swap_hubert_h_t1xf1t/data/PhysioNet2022/training_data/84851_TV.wav,1.0,0.9994584
/tmp/backbone_swap_hubert_h_t1xf1t/data/PhysioNet2022/training_data/84856_AV.wav,1.0,0.9996469
/tmp/backbone_swap_hubert_h_t1xf1t/data/PhysioNet2022/training_data/84856_MV.wav,1.0,0.9996697
/tmp/backbone_swap_hubert_h_t1xf1t/data/PhysioNet2022/training_data/84856_PV.wav,1.0,0.9997603
/tmp/backbone_swap_hubert_h_t1xf1t/data/PhysioNet2022/training_data/84856_TV.wav,1.0,0.9995191
/tmp/backbone_swap_hubert_h_t1xf1t/data/PhysioNet2022/training_data/84859_AV.wav,1.0,0.99978846
/tmp/backbone_swap_hubert_h_t1xf1t/data/PhysioNet2022/training_data/84859_MV.wav,1.0,0.9997508
/tmp/backbone_swap_hubert_h_t1xf1t/data/PhysioNet2022/training_data/84859_PV.wav,1.0,0.99966323
/tmp/backbone_swap_hubert_h_t1xf1t/data/PhysioNet2022/training_data/84859_TV.wav,1.0,0.9988367
/tmp/backbone_swap_hubert_h_t1xf1t/data/PhysioNet2022/training_data/84863_AV.wav,1.0,0.9993291
/tmp/backbone_swap_hubert_h_t1xf1t/data/PhysioNet2022/training_data/84863_MV.wav,1.0,0.9996952
/tmp/backbone_swap_hubert_h_t1xf1t/data/PhysioNet2022/training_data/84863_PV.wav,1.0,0.999673
/tmp/backbone_swap_hubert_h_t1xf1t/data/PhysioNet2022/training_data/84863_TV.wav,1.0,0.9997074
/tmp/backbone_swap_hubert_h_t1xf1t/data/PhysioNet2022/training_data/84868_AV.wav,1.0,0.9997222
/tmp/backbone_swap_hubert_h_t1xf1t/data/PhysioNet2022/training_data/84868_MV.wav,1.0,0.9997584
/tmp/backbone_swap_hubert_h_t1xf1t/data/PhysioNet2022/training_data/84868_PV.wav,1.0,0.9988661
/tmp/backbone_swap_hubert_h_t1xf1t/data/PhysioNet2022/training_data/84868_TV.wav,1.0,0.9991805
/tmp/backbone_swap_hubert_h_t1xf1t/data/PhysioNet2022/training_data/84876_AV.wav,1.0,0.9986745
/tmp/backbone_swap_hubert_h_t1xf1t/data/PhysioNet2022/training_data/84876_MV.wav,1.0,0.9997824
/tmp/backbone_swap_hubert_h_t1xf1t/data/PhysioNet2022/training_data/84879_AV.wav,1.0,0.99976367
/tmp/backbone_swap_hubert_h_t1xf1t/data/PhysioNet2022/training_data/84879_MV.wav,1.0,0.99977165
/tmp/backbone_swap_hubert_h_t1xf1t/data/PhysioNet2022/training_data/84879_PV.wav,1.0,0.9997799
/tmp/backbone_swap_hubert_h_t1xf1t/data/PhysioNet2022/training_data/84879_TV.wav,1.0,0.9996669
/tmp/backbone_swap_hubert_h_t1xf1t/data/PhysioNet2022/training_data/84882_AV.wav,1.0,0.99968314
/tmp/backbone_swap_hubert_h_t1xf1t/data/PhysioNet2022/training_data/84882_MV.wav,1.0,0.99980146
/tmp/backbone_swap_hubert_h_t1xf1t/data/PhysioNet2022/training_data/84882_PV.wav,1.0,0.9991442
/tmp/backbone_swap_hubert_h_t1xf1t/data/PhysioNet2022/training_data/84882_TV.wav,1.0,0.9997267
/tmp/backbone_swap_hubert_h_t1xf1t/data/PhysioNet2022/training_data/84883_AV.wav,1.0,0.99975735
/tmp/backbone_swap_hubert_h_t1xf1t/data/PhysioNet2022/training_data/84883_MV.wav,1.0,0.99968946
/tmp/backbone_swap_hubert_h_t1xf1t/data/PhysioNet2022/training_data/84883_PV.wav,1.0,0.9990213
/tmp/backbone_swap_hubert_h_t1xf1t/data/PhysioNet2022/training_data/84883_TV.wav,1.0,0.993719
/tmp/backbone_swap_hubert_h_t1xf1t/data/PhysioNet2022/training_data/84884_AV.wav,1.0,0.9997842
/tmp/backbone_swap_hubert_h_t1xf1t/data/PhysioNet2022/training_data/84884_MV.wav,1.0,0.9997918
/tmp/backbone_swap_hubert_h_t1xf1t/data/PhysioNet2022/training_data/84884_PV.wav,1.0,0.9997836
/tmp/backbone_swap_hubert_h_t1xf1t/data/PhysioNet2022/training_data/84884_TV.wav,1.0,0.9997849
/tmp/backbone_swap_hubert_h_t1xf1t/data/PhysioNet2022/training_data/84887_AV.wav,1.0,0.9997794
/tmp/backbone_swap_hubert_h_t1xf1t/data/PhysioNet2022/training_data/84887_MV.wav,1.0,0.9997907
/tmp/backbone_swap_hubert_h_t1xf1t/data/PhysioNet2022/training_data/84887_PV.wav,1.0,0.99974185
/tmp/backbone_swap_hubert_h_t1xf1t/data/PhysioNet2022/training_data/84887_TV.wav,1.0,0.99979013
/tmp/backbone_swap_hubert_h_t1xf1t/data/PhysioNet2022/training_data/84892_AV.wav,1.0,0.99979264
/tmp/backbone_swap_hubert_h_t1xf1t/data/PhysioNet2022/training_data/84892_MV.wav,1.0,0.9997098
/tmp/backbone_swap_hubert_h_t1xf1t/data/PhysioNet2022/training_data/84892_PV.wav,1.0,0.9997433
/tmp/backbone_swap_hubert_h_t1xf1t/data/PhysioNet2022/training_data/84896_AV.wav,1.0,0.9993718
/tmp/backbone_swap_hubert_h_t1xf1t/data/PhysioNet2022/training_data/84896_MV.wav,1.0,0.99978584
/tmp/backbone_swap_hubert_h_t1xf1t/data/PhysioNet2022/training_data/84896_PV.wav,1.0,0.9997098
/tmp/backbone_swap_hubert_h_t1xf1t/data/PhysioNet2022/training_data/84896_TV.wav,1.0,0.99978405
/tmp/backbone_swap_hubert_h_t1xf1t/data/PhysioNet2022/training_data/84918_PV.wav,1.0,0.9997904
/tmp/backbone_swap_hubert_h_t1xf1t/data/PhysioNet2022/training_data/84919_PV.wav,1.0,0.9995989
/tmp/backbone_swap_hubert_h_t1xf1t/data/PhysioNet2022/training_data/84919_TV.wav,1.0,0.99979264
/tmp/backbone_swap_hubert_h_t1xf1t/data/PhysioNet2022/training_data/84923_AV.wav,1.0,0.9997254
/tmp/backbone_swap_hubert_h_t1xf1t/data/PhysioNet2022/training_data/84923_MV.wav,1.0,0.9997161
/tmp/backbone_swap_hubert_h_t1xf1t/data/PhysioNet2022/training_data/84923_PV.wav,1.0,0.9995505
/tmp/backbone_swap_hubert_h_t1xf1t/data/PhysioNet2022/training_data/84923_TV.wav,1.0,0.9997627
/tmp/backbone_swap_hubert_h_t1xf1t/data/PhysioNet2022/training_data/84931_AV.wav,1.0,0.99976104
/tmp/backbone_swap_hubert_h_t1xf1t/data/PhysioNet2022/training_data/84931_MV.wav,1.0,0.9997148
/tmp/backbone_swap_hubert_h_t1xf1t/data/PhysioNet2022/training_data/84931_PV.wav,1.0,0.99979454
/tmp/backbone_swap_hubert_h_t1xf1t/data/PhysioNet2022/training_data/84931_TV.wav,1.0,0.9997973
/tmp/backbone_swap_hubert_h_t1xf1t/data/PhysioNet2022/training_data/84933_AV.wav,1.0,0.9996978
/tmp/backbone_swap_hubert_h_t1xf1t/data/PhysioNet2022/training_data/84933_MV.wav,1.0,0.9997663
/tmp/backbone_swap_hubert_h_t1xf1t/data/PhysioNet2022/training_data/84933_PV.wav,1.0,0.99976104
/tmp/backbone_swap_hubert_h_t1xf1t/data/PhysioNet2022/training_data/84933_TV.wav,1.0,0.99973494
/tmp/backbone_swap_hubert_h_t1xf1t/data/PhysioNet2022/training_data/84934_AV.wav,1.0,0.96452224
/tmp/backbone_swap_hubert_h_t1xf1t/data/PhysioNet2022/training_data/84935_AV.wav,1.0,0.99972993
/tmp/backbone_swap_hubert_h_t1xf1t/data/PhysioNet2022/training_data/84935_MV.wav,1.0,0.9997609
/tmp/backbone_swap_hubert_h_t1xf1t/data/PhysioNet2022/training_data/84935_PV.wav,1.0,0.99976856
/tmp/backbone_swap_hubert_h_t1xf1t/data/PhysioNet2022/training_data/84935_TV.wav,1.0,0.99971646
/tmp/backbone_swap_hubert_h_t1xf1t/data/PhysioNet2022/training_data/84936_AV.wav,1.0,0.99979824
/tmp/backbone_swap_hubert_h_t1xf1t/data/PhysioNet2022/training_data/84936_MV.wav,1.0,0.9997969
/tmp/backbone_swap_hubert_h_t1xf1t/data/PhysioNet2022/training_data/84936_PV.wav,1.0,0.9997987
/tmp/backbone_swap_hubert_h_t1xf1t/data/PhysioNet2022/training_data/84936_TV.wav,1.0,0.99979633
/tmp/backbone_swap_hubert_h_t1xf1t/data/PhysioNet2022/training_data/84942_AV.wav,1.0,0.99975795
/tmp/backbone_swap_hubert_h_t1xf1t/data/PhysioNet2022/training_data/84942_PV.wav,1.0,0.9997719
/tmp/backbone_swap_hubert_h_t1xf1t/data/PhysioNet2022/training_data/84942_TV.wav,1.0,0.99978083
/tmp/backbone_swap_hubert_h_t1xf1t/data/PhysioNet2022/training_data/84946_AV.wav,1.0,0.99897885
/tmp/backbone_swap_hubert_h_t1xf1t/data/PhysioNet2022/training_data/84946_MV.wav,1.0,0.99972266
/tmp/backbone_swap_hubert_h_t1xf1t/data/PhysioNet2022/training_data/84946_PV.wav,1.0,0.9996805
/tmp/backbone_swap_hubert_h_t1xf1t/data/PhysioNet2022/training_data/84946_TV.wav,1.0,0.99926096
/tmp/backbone_swap_hubert_h_t1xf1t/data/PhysioNet2022/training_data/84949_AV.wav,1.0,0.99978334
/tmp/backbone_swap_hubert_h_t1xf1t/data/PhysioNet2022/training_data/84949_MV.wav,1.0,0.9997423
/tmp/backbone_swap_hubert_h_t1xf1t/data/PhysioNet2022/training_data/84949_PV.wav,1.0,0.99977714
/tmp/backbone_swap_hubert_h_t1xf1t/data/PhysioNet2022/training_data/84949_TV.wav,1.0,0.999642
/tmp/backbone_swap_hubert_h_t1xf1t/data/PhysioNet2022/training_data/84962_AV.wav,1.0,0.9981414
/tmp/backbone_swap_hubert_h_t1xf1t/data/PhysioNet2022/training_data/84962_MV.wav,1.0,0.9956256
/tmp/backbone_swap_hubert_h_t1xf1t/data/PhysioNet2022/training_data/84962_PV.wav,1.0,0.9997745
/tmp/backbone_swap_hubert_h_t1xf1t/data/PhysioNet2022/training_data/84962_TV.wav,1.0,0.99976236
/tmp/backbone_swap_hubert_h_t1xf1t/data/PhysioNet2022/training_data/84966_AV.wav,1.0,0.98887724
/tmp/backbone_swap_hubert_h_t1xf1t/data/PhysioNet2022/training_data/84966_PV.wav,1.0,0.99977964
/tmp/backbone_swap_hubert_h_t1xf1t/data/PhysioNet2022/training_data/84970_AV.wav,1.0,0.9997658
/tmp/backbone_swap_hubert_h_t1xf1t/data/PhysioNet2022/training_data/84970_MV.wav,1.0,0.9997589
/tmp/backbone_swap_hubert_h_t1xf1t/data/PhysioNet2022/training_data/84971_MV.wav,1.0,0.9997712
/tmp/backbone_swap_hubert_h_t1xf1t/data/PhysioNet2022/training_data/84971_PV.wav,1.0,0.9997949
/tmp/backbone_swap_hubert_h_t1xf1t/data/PhysioNet2022/training_data/84971_TV.wav,1.0,0.9997707
/tmp/backbone_swap_hubert_h_t1xf1t/data/PhysioNet2022/training_data/84976_AV.wav,1.0,0.99976176
/tmp/backbone_swap_hubert_h_t1xf1t/data/PhysioNet2022/training_data/84976_MV.wav,1.0,0.9997415
/tmp/backbone_swap_hubert_h_t1xf1t/data/PhysioNet2022/training_data/84976_PV.wav,1.0,0.9996964
/tmp/backbone_swap_hubert_h_t1xf1t/data/PhysioNet2022/training_data/84976_TV.wav,1.0,0.999778
/tmp/backbone_swap_hubert_h_t1xf1t/data/PhysioNet2022/training_data/84977_AV.wav,1.0,0.9988977
/tmp/backbone_swap_hubert_h_t1xf1t/data/PhysioNet2022/training_data/84977_MV.wav,1.0,0.99977976
/tmp/backbone_swap_hubert_h_t1xf1t/data/PhysioNet2022/training_data/84977_PV.wav,1.0,0.99978155
/tmp/backbone_swap_hubert_h_t1xf1t/data/PhysioNet2022/training_data/84977_TV.wav,1.0,0.9996958
/tmp/backbone_swap_hubert_h_t1xf1t/data/PhysioNet2022/training_data/84978_AV.wav,1.0,0.99973434
/tmp/backbone_swap_hubert_h_t1xf1t/data/PhysioNet2022/training_data/84978_MV.wav,1.0,0.9997445
/tmp/backbone_swap_hubert_h_t1xf1t/data/PhysioNet2022/training_data/84978_PV.wav,1.0,0.99964154
/tmp/backbone_swap_hubert_h_t1xf1t/data/PhysioNet2022/training_data/84978_TV.wav,1.0,0.99965966
/tmp/backbone_swap_hubert_h_t1xf1t/data/PhysioNet2022/training_data/84982_AV.wav,1.0,0.99979454
/tmp/backbone_swap_hubert_h_t1xf1t/data/PhysioNet2022/training_data/84982_MV.wav,1.0,0.999783
/tmp/backbone_swap_hubert_h_t1xf1t/data/PhysioNet2022/training_data/84982_PV.wav,1.0,0.9997886
/tmp/backbone_swap_hubert_h_t1xf1t/data/PhysioNet2022/training_data/84982_TV.wav,1.0,0.99979156
/tmp/backbone_swap_hubert_h_t1xf1t/data/PhysioNet2022/training_data/84983_MV.wav,1.0,0.999711
/tmp/backbone_swap_hubert_h_t1xf1t/data/PhysioNet2022/training_data/84983_PV.wav,1.0,0.99969923
/tmp/backbone_swap_hubert_h_t1xf1t/data/PhysioNet2022/training_data/84983_TV.wav,1.0,0.9995239
/tmp/backbone_swap_hubert_h_t1xf1t/data/PhysioNet2022/training_data/84985_AV.wav,1.0,0.99837315
/tmp/backbone_swap_hubert_h_t1xf1t/data/PhysioNet2022/training_data/84985_MV.wav,1.0,0.9997347
/tmp/backbone_swap_hubert_h_t1xf1t/data/PhysioNet2022/training_data/84985_PV.wav,1.0,0.9943666
/tmp/backbone_swap_hubert_h_t1xf1t/data/PhysioNet2022/training_data/84985_TV.wav,1.0,0.99977237
/tmp/backbone_swap_hubert_h_t1xf1t/data/PhysioNet2022/training_data/84990_AV.wav,1.0,0.99979943
/tmp/backbone_swap_hubert_h_t1xf1t/data/PhysioNet2022/training_data/84990_MV.wav,1.0,0.9997532
/tmp/backbone_swap_hubert_h_t1xf1t/data/PhysioNet2022/training_data/84990_PV.wav,1.0,0.9995782
/tmp/backbone_swap_hubert_h_t1xf1t/data/PhysioNet2022/training_data/84990_TV.wav,1.0,0.9984518
/tmp/backbone_swap_hubert_h_t1xf1t/data/PhysioNet2022/training_data/84991_AV.wav,1.0,0.99977964
/tmp/backbone_swap_hubert_h_t1xf1t/data/PhysioNet2022/training_data/84991_MV.wav,1.0,0.9994796
/tmp/backbone_swap_hubert_h_t1xf1t/data/PhysioNet2022/training_data/84991_PV.wav,1.0,0.99751043
/tmp/backbone_swap_hubert_h_t1xf1t/data/PhysioNet2022/training_data/84991_TV.wav,1.0,0.99976593
/tmp/backbone_swap_hubert_h_t1xf1t/data/PhysioNet2022/training_data/84995_AV.wav,1.0,0.99948275
/tmp/backbone_swap_hubert_h_t1xf1t/data/PhysioNet2022/training_data/84995_MV.wav,1.0,0.99968123
/tmp/backbone_swap_hubert_h_t1xf1t/data/PhysioNet2022/training_data/84996_AV.wav,1.0,0.99977297
/tmp/backbone_swap_hubert_h_t1xf1t/data/PhysioNet2022/training_data/84996_MV.wav,1.0,0.9997943
/tmp/backbone_swap_hubert_h_t1xf1t/data/PhysioNet2022/training_data/84996_PV.wav,1.0,0.9997979
/tmp/backbone_swap_hubert_h_t1xf1t/data/PhysioNet2022/training_data/84996_TV.wav,1.0,0.9997768
/tmp/backbone_swap_hubert_h_t1xf1t/data/PhysioNet2022/training_data/85004_MV.wav,1.0,0.9996357
/tmp/backbone_swap_hubert_h_t1xf1t/data/PhysioNet2022/training_data/85012_AV.wav,1.0,0.9997861
/tmp/backbone_swap_hubert_h_t1xf1t/data/PhysioNet2022/training_data/85012_MV.wav,1.0,0.99975306
/tmp/backbone_swap_hubert_h_t1xf1t/data/PhysioNet2022/training_data/85012_PV.wav,1.0,0.9517666
/tmp/backbone_swap_hubert_h_t1xf1t/data/PhysioNet2022/training_data/85012_TV.wav,1.0,0.999416
/tmp/backbone_swap_hubert_h_t1xf1t/data/PhysioNet2022/training_data/85019_AV.wav,1.0,0.92246604
/tmp/backbone_swap_hubert_h_t1xf1t/data/PhysioNet2022/training_data/85019_MV.wav,1.0,0.9994198
/tmp/backbone_swap_hubert_h_t1xf1t/data/PhysioNet2022/training_data/85020_AV.wav,1.0,0.9997836
/tmp/backbone_swap_hubert_h_t1xf1t/data/PhysioNet2022/training_data/85020_MV.wav,1.0,0.9997416
/tmp/backbone_swap_hubert_h_t1xf1t/data/PhysioNet2022/training_data/85020_PV.wav,1.0,0.9997218
/tmp/backbone_swap_hubert_h_t1xf1t/data/PhysioNet2022/training_data/85020_TV.wav,1.0,0.9997274
/tmp/backbone_swap_hubert_h_t1xf1t/data/PhysioNet2022/training_data/85034_AV.wav,1.0,0.99942136
/tmp/backbone_swap_hubert_h_t1xf1t/data/PhysioNet2022/training_data/85034_MV.wav,1.0,0.9996525
/tmp/backbone_swap_hubert_h_t1xf1t/data/PhysioNet2022/training_data/85035_AV.wav,1.0,0.9997837
/tmp/backbone_swap_hubert_h_t1xf1t/data/PhysioNet2022/training_data/85035_MV.wav,1.0,0.99977785
/tmp/backbone_swap_hubert_h_t1xf1t/data/PhysioNet2022/training_data/85035_PV.wav,1.0,0.99972636
/tmp/backbone_swap_hubert_h_t1xf1t/data/PhysioNet2022/training_data/85035_TV.wav,1.0,0.9997557
/tmp/backbone_swap_hubert_h_t1xf1t/data/PhysioNet2022/training_data/85042_AV.wav,1.0,0.99972266
/tmp/backbone_swap_hubert_h_t1xf1t/data/PhysioNet2022/training_data/85042_MV.wav,1.0,0.99966633
/tmp/backbone_swap_hubert_h_t1xf1t/data/PhysioNet2022/training_data/85042_PV.wav,1.0,0.9997063
/tmp/backbone_swap_hubert_h_t1xf1t/data/PhysioNet2022/training_data/85042_TV.wav,1.0,0.9997415
/tmp/backbone_swap_hubert_h_t1xf1t/data/PhysioNet2022/training_data/85046_AV.wav,1.0,0.9995813
/tmp/backbone_swap_hubert_h_t1xf1t/data/PhysioNet2022/training_data/85046_MV.wav,1.0,0.9997775
/tmp/backbone_swap_hubert_h_t1xf1t/data/PhysioNet2022/training_data/85046_PV.wav,1.0,0.9997414
/tmp/backbone_swap_hubert_h_t1xf1t/data/PhysioNet2022/training_data/85046_TV.wav,1.0,0.9997924
/tmp/backbone_swap_hubert_h_t1xf1t/data/PhysioNet2022/training_data/85052_MV.wav,1.0,0.9997886
/tmp/backbone_swap_hubert_h_t1xf1t/data/PhysioNet2022/training_data/85052_PV.wav,1.0,0.99978477
/tmp/backbone_swap_hubert_h_t1xf1t/data/PhysioNet2022/training_data/85052_TV.wav,1.0,0.99939585
/tmp/backbone_swap_hubert_h_t1xf1t/data/PhysioNet2022/training_data/85053_AV.wav,1.0,0.9997501
/tmp/backbone_swap_hubert_h_t1xf1t/data/PhysioNet2022/training_data/85053_MV.wav,1.0,0.9997578
/tmp/backbone_swap_hubert_h_t1xf1t/data/PhysioNet2022/training_data/85053_PV.wav,1.0,0.9986229
/tmp/backbone_swap_hubert_h_t1xf1t/data/PhysioNet2022/training_data/85053_TV.wav,1.0,0.9997415
/tmp/backbone_swap_hubert_h_t1xf1t/data/PhysioNet2022/training_data/85057_AV.wav,1.0,0.9866802
/tmp/backbone_swap_hubert_h_t1xf1t/data/PhysioNet2022/training_data/85057_MV.wav,1.0,0.9996257
/tmp/backbone_swap_hubert_h_t1xf1t/data/PhysioNet2022/training_data/85057_PV.wav,1.0,0.99971384
/tmp/backbone_swap_hubert_h_t1xf1t/data/PhysioNet2022/training_data/85057_TV.wav,1.0,0.99965966
/tmp/backbone_swap_hubert_h_t1xf1t/data/PhysioNet2022/training_data/85062_AV.wav,1.0,0.99968135
/tmp/backbone_swap_hubert_h_t1xf1t/data/PhysioNet2022/training_data/85062_MV.wav,1.0,0.9997739
/tmp/backbone_swap_hubert_h_t1xf1t/data/PhysioNet2022/training_data/85062_PV.wav,1.0,0.99978226
/tmp/backbone_swap_hubert_h_t1xf1t/data/PhysioNet2022/training_data/85062_TV.wav,1.0,0.99965394
/tmp/backbone_swap_hubert_h_t1xf1t/data/PhysioNet2022/training_data/85063_MV.wav,1.0,0.96960205
/tmp/backbone_swap_hubert_h_t1xf1t/data/PhysioNet2022/training_data/85066_MV.wav,1.0,0.9997763
/tmp/backbone_swap_hubert_h_t1xf1t/data/PhysioNet2022/training_data/85069_AV.wav,1.0,0.9996675
/tmp/backbone_swap_hubert_h_t1xf1t/data/PhysioNet2022/training_data/85069_MV.wav,1.0,0.9997694
/tmp/backbone_swap_hubert_h_t1xf1t/data/PhysioNet2022/training_data/85069_PV.wav,1.0,0.9997651
/tmp/backbone_swap_hubert_h_t1xf1t/data/PhysioNet2022/training_data/85069_TV.wav,1.0,0.9994821
/tmp/backbone_swap_hubert_h_t1xf1t/data/PhysioNet2022/training_data/85077_AV.wav,1.0,0.9997658
/tmp/backbone_swap_hubert_h_t1xf1t/data/PhysioNet2022/training_data/85077_MV.wav,1.0,0.99978095
/tmp/backbone_swap_hubert_h_t1xf1t/data/PhysioNet2022/training_data/85077_PV.wav,1.0,0.999746
/tmp/backbone_swap_hubert_h_t1xf1t/data/PhysioNet2022/training_data/85077_TV.wav,1.0,0.9997743
/tmp/backbone_swap_hubert_h_t1xf1t/data/PhysioNet2022/training_data/85081_AV.wav,1.0,0.9996582
/tmp/backbone_swap_hubert_h_t1xf1t/data/PhysioNet2022/training_data/85081_MV.wav,1.0,0.99975306
/tmp/backbone_swap_hubert_h_t1xf1t/data/PhysioNet2022/training_data/85094_AV.wav,1.0,0.99977225
/tmp/backbone_swap_hubert_h_t1xf1t/data/PhysioNet2022/training_data/85094_MV.wav,1.0,0.99979323
/tmp/backbone_swap_hubert_h_t1xf1t/data/PhysioNet2022/training_data/85094_PV.wav,1.0,0.9997862
/tmp/backbone_swap_hubert_h_t1xf1t/data/PhysioNet2022/training_data/85094_TV.wav,1.0,0.99923205
/tmp/backbone_swap_hubert_h_t1xf1t/data/PhysioNet2022/training_data/85096_AV.wav,1.0,0.999749
/tmp/backbone_swap_hubert_h_t1xf1t/data/PhysioNet2022/training_data/85096_MV.wav,1.0,0.9997707
/tmp/backbone_swap_hubert_h_t1xf1t/data/PhysioNet2022/training_data/85096_PV.wav,1.0,0.9996948
/tmp/backbone_swap_hubert_h_t1xf1t/data/PhysioNet2022/training_data/85096_TV.wav,1.0,0.99946326
/tmp/backbone_swap_hubert_h_t1xf1t/data/PhysioNet2022/training_data/85099_AV.wav,1.0,0.999635
/tmp/backbone_swap_hubert_h_t1xf1t/data/PhysioNet2022/training_data/85099_MV.wav,1.0,0.9997552
/tmp/backbone_swap_hubert_h_t1xf1t/data/PhysioNet2022/training_data/85099_PV.wav,1.0,0.9996518
/tmp/backbone_swap_hubert_h_t1xf1t/data/PhysioNet2022/training_data/85099_TV.wav,1.0,0.9997744
/tmp/backbone_swap_hubert_h_t1xf1t/data/PhysioNet2022/training_data/85100_AV.wav,1.0,0.99978155
/tmp/backbone_swap_hubert_h_t1xf1t/data/PhysioNet2022/training_data/85100_PV.wav,1.0,0.9997584
/tmp/backbone_swap_hubert_h_t1xf1t/data/PhysioNet2022/training_data/85102_AV.wav,1.0,0.9996449
/tmp/backbone_swap_hubert_h_t1xf1t/data/PhysioNet2022/training_data/85102_MV.wav,1.0,0.9998011
/tmp/backbone_swap_hubert_h_t1xf1t/data/PhysioNet2022/training_data/85102_PV.wav,1.0,0.99961746
/tmp/backbone_swap_hubert_h_t1xf1t/data/PhysioNet2022/training_data/85102_TV.wav,1.0,0.9997745
/tmp/backbone_swap_hubert_h_t1xf1t/data/PhysioNet2022/training_data/85103_AV.wav,1.0,0.99964476
/tmp/backbone_swap_hubert_h_t1xf1t/data/PhysioNet2022/training_data/85103_PV.wav,1.0,0.99976176
/tmp/backbone_swap_hubert_h_t1xf1t/data/PhysioNet2022/training_data/85103_TV.wav,1.0,0.9997749
/tmp/backbone_swap_hubert_h_t1xf1t/data/PhysioNet2022/training_data/85108_AV.wav,1.0,0.9997907
/tmp/backbone_swap_hubert_h_t1xf1t/data/PhysioNet2022/training_data/85108_MV.wav,1.0,0.99977714
/tmp/backbone_swap_hubert_h_t1xf1t/data/PhysioNet2022/training_data/85108_PV.wav,1.0,0.99961805
/tmp/backbone_swap_hubert_h_t1xf1t/data/PhysioNet2022/training_data/85108_TV.wav,1.0,0.99844736
/tmp/backbone_swap_hubert_h_t1xf1t/data/PhysioNet2022/training_data/85109_AV.wav,1.0,0.9995079
/tmp/backbone_swap_hubert_h_t1xf1t/data/PhysioNet2022/training_data/85109_MV.wav,1.0,0.99979514
/tmp/backbone_swap_hubert_h_t1xf1t/data/PhysioNet2022/training_data/85109_PV.wav,1.0,0.9997881
/tmp/backbone_swap_hubert_h_t1xf1t/data/PhysioNet2022/training_data/85109_TV.wav,1.0,0.9710892
/tmp/backbone_swap_hubert_h_t1xf1t/data/PhysioNet2022/training_data/85110_AV.wav,1.0,0.99972874
/tmp/backbone_swap_hubert_h_t1xf1t/data/PhysioNet2022/training_data/85110_MV.wav,1.0,0.99978334
/tmp/backbone_swap_hubert_h_t1xf1t/data/PhysioNet2022/training_data/85110_PV.wav,1.0,0.9997664
/tmp/backbone_swap_hubert_h_t1xf1t/data/PhysioNet2022/training_data/85110_TV.wav,1.0,0.9997842
/tmp/backbone_swap_hubert_h_t1xf1t/data/PhysioNet2022/training_data/85115_AV.wav,1.0,0.99973243
/tmp/backbone_swap_hubert_h_t1xf1t/data/PhysioNet2022/training_data/85115_MV.wav,1.0,0.9997882
/tmp/backbone_swap_hubert_h_t1xf1t/data/PhysioNet2022/training_data/85115_PV.wav,1.0,0.9997594
/tmp/backbone_swap_hubert_h_t1xf1t/data/PhysioNet2022/training_data/85115_TV.wav,1.0,0.99977285
/tmp/backbone_swap_hubert_h_t1xf1t/data/PhysioNet2022/training_data/85118_AV.wav,1.0,0.99975604
/tmp/backbone_swap_hubert_h_t1xf1t/data/PhysioNet2022/training_data/85118_MV.wav,1.0,0.9997962
/tmp/backbone_swap_hubert_h_t1xf1t/data/PhysioNet2022/training_data/85118_PV.wav,1.0,0.9991755
/tmp/backbone_swap_hubert_h_t1xf1t/data/PhysioNet2022/training_data/85118_TV.wav,1.0,0.99976295
/tmp/backbone_swap_hubert_h_t1xf1t/data/PhysioNet2022/training_data/85119_AV.wav,1.0,0.99972147
/tmp/backbone_swap_hubert_h_t1xf1t/data/PhysioNet2022/training_data/85119_MV.wav,1.0,0.99727625
/tmp/backbone_swap_hubert_h_t1xf1t/data/PhysioNet2022/training_data/85119_PV.wav,1.0,0.89569294
/tmp/backbone_swap_hubert_h_t1xf1t/data/PhysioNet2022/training_data/85119_TV.wav,1.0,0.99932766
/tmp/backbone_swap_hubert_h_t1xf1t/data/PhysioNet2022/training_data/85121_AV.wav,1.0,0.9997999
/tmp/backbone_swap_hubert_h_t1xf1t/data/PhysioNet2022/training_data/85121_MV.wav,1.0,0.9997862
/tmp/backbone_swap_hubert_h_t1xf1t/data/PhysioNet2022/training_data/85121_PV.wav,1.0,0.9997532
/tmp/backbone_swap_hubert_h_t1xf1t/data/PhysioNet2022/training_data/85121_TV.wav,1.0,0.99969685
/tmp/backbone_swap_hubert_h_t1xf1t/data/PhysioNet2022/training_data/85131_AV.wav,1.0,0.99961686
/tmp/backbone_swap_hubert_h_t1xf1t/data/PhysioNet2022/training_data/85131_MV.wav,1.0,0.9997161
/tmp/backbone_swap_hubert_h_t1xf1t/data/PhysioNet2022/training_data/85131_PV.wav,1.0,0.9997749
/tmp/backbone_swap_hubert_h_t1xf1t/data/PhysioNet2022/training_data/85131_TV.wav,1.0,0.99974936
/tmp/backbone_swap_hubert_h_t1xf1t/data/PhysioNet2022/training_data/85134_AV.wav,1.0,0.999734
/tmp/backbone_swap_hubert_h_t1xf1t/data/PhysioNet2022/training_data/85134_MV.wav,1.0,0.9997707
/tmp/backbone_swap_hubert_h_t1xf1t/data/PhysioNet2022/training_data/85134_PV.wav,1.0,0.9997862
/tmp/backbone_swap_hubert_h_t1xf1t/data/PhysioNet2022/training_data/85134_TV.wav,1.0,0.99975115
/tmp/backbone_swap_hubert_h_t1xf1t/data/PhysioNet2022/training_data/85139_MV.wav,1.0,0.99979967
/tmp/backbone_swap_hubert_h_t1xf1t/data/PhysioNet2022/training_data/85139_PV.wav,1.0,0.9997842
/tmp/backbone_swap_hubert_h_t1xf1t/data/PhysioNet2022/training_data/85139_TV.wav,1.0,0.9997912
/tmp/backbone_swap_hubert_h_t1xf1t/data/PhysioNet2022/training_data/85144_AV.wav,1.0,0.999566
/tmp/backbone_swap_hubert_h_t1xf1t/data/PhysioNet2022/training_data/85144_MV.wav,1.0,0.9994184
/tmp/backbone_swap_hubert_h_t1xf1t/data/PhysioNet2022/training_data/85150_AV.wav,1.0,0.9997842
/tmp/backbone_swap_hubert_h_t1xf1t/data/PhysioNet2022/training_data/85150_PV.wav,1.0,0.999793
/tmp/backbone_swap_hubert_h_t1xf1t/data/PhysioNet2022/training_data/85152_AV.wav,1.0,0.9997905
/tmp/backbone_swap_hubert_h_t1xf1t/data/PhysioNet2022/training_data/85152_MV.wav,1.0,0.999798
/tmp/backbone_swap_hubert_h_t1xf1t/data/PhysioNet2022/training_data/85152_PV.wav,1.0,0.9996381
/tmp/backbone_swap_hubert_h_t1xf1t/data/PhysioNet2022/training_data/85152_TV.wav,1.0,0.99978536
/tmp/backbone_swap_hubert_h_t1xf1t/data/PhysioNet2022/training_data/85157_AV.wav,1.0,0.9959317
/tmp/backbone_swap_hubert_h_t1xf1t/data/PhysioNet2022/training_data/85157_MV.wav,1.0,0.9997484
/tmp/backbone_swap_hubert_h_t1xf1t/data/PhysioNet2022/training_data/85157_PV.wav,1.0,0.9864959
/tmp/backbone_swap_hubert_h_t1xf1t/data/PhysioNet2022/training_data/85157_TV.wav,1.0,0.9995277
/tmp/backbone_swap_hubert_h_t1xf1t/data/PhysioNet2022/training_data/85162_AV.wav,1.0,0.99976593
/tmp/backbone_swap_hubert_h_t1xf1t/data/PhysioNet2022/training_data/85162_MV.wav,1.0,0.9997849
/tmp/backbone_swap_hubert_h_t1xf1t/data/PhysioNet2022/training_data/85162_PV.wav,1.0,0.99974793
/tmp/backbone_swap_hubert_h_t1xf1t/data/PhysioNet2022/training_data/85162_TV.wav,1.0,0.99975103
/tmp/backbone_swap_hubert_h_t1xf1t/data/PhysioNet2022/training_data/85163_AV.wav,1.0,0.9996885
/tmp/backbone_swap_hubert_h_t1xf1t/data/PhysioNet2022/training_data/85163_MV.wav,1.0,0.99748707
/tmp/backbone_swap_hubert_h_t1xf1t/data/PhysioNet2022/training_data/85163_PV.wav,1.0,0.99969494
/tmp/backbone_swap_hubert_h_t1xf1t/data/PhysioNet2022/training_data/85163_TV.wav,1.0,0.9997911
/tmp/backbone_swap_hubert_h_t1xf1t/data/PhysioNet2022/training_data/85164_AV.wav,1.0,0.9997992
/tmp/backbone_swap_hubert_h_t1xf1t/data/PhysioNet2022/training_data/85164_MV.wav,1.0,0.99973613
/tmp/backbone_swap_hubert_h_t1xf1t/data/PhysioNet2022/training_data/85164_PV.wav,1.0,0.9997727
/tmp/backbone_swap_hubert_h_t1xf1t/data/PhysioNet2022/training_data/85164_TV.wav,1.0,0.99980325
/tmp/backbone_swap_hubert_h_t1xf1t/data/PhysioNet2022/training_data/85168_AV.wav,1.0,0.9997913
/tmp/backbone_swap_hubert_h_t1xf1t/data/PhysioNet2022/training_data/85168_MV.wav,1.0,0.99976856
/tmp/backbone_swap_hubert_h_t1xf1t/data/PhysioNet2022/training_data/85168_PV.wav,1.0,0.9997981
/tmp/backbone_swap_hubert_h_t1xf1t/data/PhysioNet2022/training_data/85168_TV.wav,1.0,0.99977225
/tmp/backbone_swap_hubert_h_t1xf1t/data/PhysioNet2022/training_data/85174_AV.wav,1.0,0.9988908
/tmp/backbone_swap_hubert_h_t1xf1t/data/PhysioNet2022/training_data/85174_MV.wav,1.0,0.99959856
/tmp/backbone_swap_hubert_h_t1xf1t/data/PhysioNet2022/training_data/85174_PV.wav,1.0,0.99946016
/tmp/backbone_swap_hubert_h_t1xf1t/data/PhysioNet2022/training_data/85174_TV.wav,1.0,0.94870186
/tmp/backbone_swap_hubert_h_t1xf1t/data/PhysioNet2022/training_data/85175_AV.wav,1.0,0.99975234
/tmp/backbone_swap_hubert_h_t1xf1t/data/PhysioNet2022/training_data/85175_MV.wav,1.0,0.9997769
/tmp/backbone_swap_hubert_h_t1xf1t/data/PhysioNet2022/training_data/85175_PV.wav,1.0,0.9982311
/tmp/backbone_swap_hubert_h_t1xf1t/data/PhysioNet2022/training_data/85175_TV.wav,1.0,0.9997801
/tmp/backbone_swap_hubert_h_t1xf1t/data/PhysioNet2022/training_data/85186_AV.wav,1.0,0.9997235
/tmp/backbone_swap_hubert_h_t1xf1t/data/PhysioNet2022/training_data/85186_PV.wav,1.0,0.9997805
/tmp/backbone_swap_hubert_h_t1xf1t/data/PhysioNet2022/training_data/85186_TV.wav,1.0,0.9997744
/tmp/backbone_swap_hubert_h_t1xf1t/data/PhysioNet2022/training_data/85202_AV.wav,1.0,0.99978
/tmp/backbone_swap_hubert_h_t1xf1t/data/PhysioNet2022/training_data/85202_MV.wav,1.0,0.9997719
/tmp/backbone_swap_hubert_h_t1xf1t/data/PhysioNet2022/training_data/85207_AV.wav,1.0,0.9728937
/tmp/backbone_swap_hubert_h_t1xf1t/data/PhysioNet2022/training_data/85207_MV.wav,1.0,0.9997689
/tmp/backbone_swap_hubert_h_t1xf1t/data/PhysioNet2022/training_data/85207_PV.wav,1.0,0.99973625
/tmp/backbone_swap_hubert_h_t1xf1t/data/PhysioNet2022/training_data/85207_TV.wav,1.0,0.9997384
/tmp/backbone_swap_hubert_h_t1xf1t/data/PhysioNet2022/training_data/85212_AV.wav,1.0,0.9996686
/tmp/backbone_swap_hubert_h_t1xf1t/data/PhysioNet2022/training_data/85212_MV.wav,1.0,0.9996165
/tmp/backbone_swap_hubert_h_t1xf1t/data/PhysioNet2022/training_data/85212_PV.wav,1.0,0.9997551
/tmp/backbone_swap_hubert_h_t1xf1t/data/PhysioNet2022/training_data/85212_TV.wav,1.0,0.9995152
/tmp/backbone_swap_hubert_h_t1xf1t/data/PhysioNet2022/training_data/85216_AV.wav,1.0,0.9997162
/tmp/backbone_swap_hubert_h_t1xf1t/data/PhysioNet2022/training_data/85216_MV.wav,1.0,0.99977773
/tmp/backbone_swap_hubert_h_t1xf1t/data/PhysioNet2022/training_data/85216_PV.wav,1.0,0.9997336
/tmp/backbone_swap_hubert_h_t1xf1t/data/PhysioNet2022/training_data/85216_TV.wav,1.0,0.9997843
/tmp/backbone_swap_hubert_h_t1xf1t/data/PhysioNet2022/training_data/85230_AV.wav,1.0,0.99979144
/tmp/backbone_swap_hubert_h_t1xf1t/data/PhysioNet2022/training_data/85230_MV.wav,1.0,0.9997787
/tmp/backbone_swap_hubert_h_t1xf1t/data/PhysioNet2022/training_data/85230_PV.wav,1.0,0.99973804
/tmp/backbone_swap_hubert_h_t1xf1t/data/PhysioNet2022/training_data/85230_TV.wav,1.0,0.99972373
/tmp/backbone_swap_hubert_h_t1xf1t/data/PhysioNet2022/training_data/85234_AV.wav,1.0,0.9997886
/tmp/backbone_swap_hubert_h_t1xf1t/data/PhysioNet2022/training_data/85234_MV.wav,1.0,0.9997732
/tmp/backbone_swap_hubert_h_t1xf1t/data/PhysioNet2022/training_data/85234_PV.wav,1.0,0.9995086
/tmp/backbone_swap_hubert_h_t1xf1t/data/PhysioNet2022/training_data/85234_TV.wav,1.0,0.9996954
/tmp/backbone_swap_hubert_h_t1xf1t/data/PhysioNet2022/training_data/85236_AV.wav,1.0,0.36083826
/tmp/backbone_swap_hubert_h_t1xf1t/data/PhysioNet2022/training_data/85236_MV.wav,1.0,0.99979585
/tmp/backbone_swap_hubert_h_t1xf1t/data/PhysioNet2022/training_data/85236_PV.wav,1.0,0.9997911
/tmp/backbone_swap_hubert_h_t1xf1t/data/PhysioNet2022/training_data/85236_TV.wav,1.0,0.9994504
/tmp/backbone_swap_hubert_h_t1xf1t/data/PhysioNet2022/training_data/85239_AV.wav,1.0,0.99958247
/tmp/backbone_swap_hubert_h_t1xf1t/data/PhysioNet2022/training_data/85239_MV.wav,1.0,0.9997732
/tmp/backbone_swap_hubert_h_t1xf1t/data/PhysioNet2022/training_data/85239_PV.wav,1.0,0.99649745
/tmp/backbone_swap_hubert_h_t1xf1t/data/PhysioNet2022/training_data/85239_TV.wav,1.0,0.9995937
/tmp/backbone_swap_hubert_h_t1xf1t/data/PhysioNet2022/training_data/85244_AV.wav,1.0,0.9990916
/tmp/backbone_swap_hubert_h_t1xf1t/data/PhysioNet2022/training_data/85244_MV.wav,1.0,0.9997062
/tmp/backbone_swap_hubert_h_t1xf1t/data/PhysioNet2022/training_data/85244_PV.wav,1.0,0.9997955
/tmp/backbone_swap_hubert_h_t1xf1t/data/PhysioNet2022/training_data/85244_TV.wav,1.0,0.99957186
/tmp/backbone_swap_hubert_h_t1xf1t/data/PhysioNet2022/training_data/85247_AV.wav,1.0,0.9982663
/tmp/backbone_swap_hubert_h_t1xf1t/data/PhysioNet2022/training_data/85247_MV.wav,1.0,0.99978584
/tmp/backbone_swap_hubert_h_t1xf1t/data/PhysioNet2022/training_data/85247_PV.wav,1.0,0.99963236
/tmp/backbone_swap_hubert_h_t1xf1t/data/PhysioNet2022/training_data/85247_TV.wav,1.0,0.9997893
/tmp/backbone_swap_hubert_h_t1xf1t/data/PhysioNet2022/training_data/85252_AV.wav,1.0,0.9996153
/tmp/backbone_swap_hubert_h_t1xf1t/data/PhysioNet2022/training_data/85252_MV.wav,1.0,0.9997656
/tmp/backbone_swap_hubert_h_t1xf1t/data/PhysioNet2022/training_data/85252_PV.wav,1.0,0.994749
/tmp/backbone_swap_hubert_h_t1xf1t/data/PhysioNet2022/training_data/85252_TV.wav,1.0,0.9997818
/tmp/backbone_swap_hubert_h_t1xf1t/data/PhysioNet2022/training_data/85253_AV.wav,1.0,0.99976164
/tmp/backbone_swap_hubert_h_t1xf1t/data/PhysioNet2022/training_data/85253_MV.wav,1.0,0.99971026
/tmp/backbone_swap_hubert_h_t1xf1t/data/PhysioNet2022/training_data/85253_PV.wav,1.0,0.9996952
/tmp/backbone_swap_hubert_h_t1xf1t/data/PhysioNet2022/training_data/85253_TV.wav,1.0,0.9997003
/tmp/backbone_swap_hubert_h_t1xf1t/data/PhysioNet2022/training_data/85258_AV.wav,1.0,0.99957794
/tmp/backbone_swap_hubert_h_t1xf1t/data/PhysioNet2022/training_data/85258_MV.wav,1.0,0.99975353
/tmp/backbone_swap_hubert_h_t1xf1t/data/PhysioNet2022/training_data/85258_PV.wav,1.0,0.999054
/tmp/backbone_swap_hubert_h_t1xf1t/data/PhysioNet2022/training_data/85258_TV.wav,1.0,0.99971277
/tmp/backbone_swap_hubert_h_t1xf1t/data/PhysioNet2022/training_data/85276_MV.wav,1.0,0.99902654
/tmp/backbone_swap_hubert_h_t1xf1t/data/PhysioNet2022/training_data/85277_AV.wav,1.0,0.99887806
/tmp/backbone_swap_hubert_h_t1xf1t/data/PhysioNet2022/training_data/85277_MV.wav,1.0,0.9996383
/tmp/backbone_swap_hubert_h_t1xf1t/data/PhysioNet2022/training_data/85277_PV.wav,1.0,0.99978215
/tmp/backbone_swap_hubert_h_t1xf1t/data/PhysioNet2022/training_data/85277_TV.wav,1.0,0.9994821
/tmp/backbone_swap_hubert_h_t1xf1t/data/PhysioNet2022/training_data/85282_AV.wav,1.0,0.9997856
/tmp/backbone_swap_hubert_h_t1xf1t/data/PhysioNet2022/training_data/85282_MV.wav,1.0,0.9997359
/tmp/backbone_swap_hubert_h_t1xf1t/data/PhysioNet2022/training_data/85282_PV.wav,1.0,0.99975306
/tmp/backbone_swap_hubert_h_t1xf1t/data/PhysioNet2022/training_data/85282_TV.wav,1.0,0.99933213
/tmp/backbone_swap_hubert_h_t1xf1t/data/PhysioNet2022/training_data/85285_AV.wav,1.0,0.9973273
/tmp/backbone_swap_hubert_h_t1xf1t/data/PhysioNet2022/training_data/85285_MV.wav,1.0,0.9997069
/tmp/backbone_swap_hubert_h_t1xf1t/data/PhysioNet2022/training_data/85285_PV.wav,1.0,0.99975413
/tmp/backbone_swap_hubert_h_t1xf1t/data/PhysioNet2022/training_data/85285_TV.wav,1.0,0.99960726
/tmp/backbone_swap_hubert_h_t1xf1t/data/PhysioNet2022/training_data/85293_AV.wav,1.0,0.87588525
/tmp/backbone_swap_hubert_h_t1xf1t/data/PhysioNet2022/training_data/85293_MV.wav,1.0,0.9997899
/tmp/backbone_swap_hubert_h_t1xf1t/data/PhysioNet2022/training_data/85293_PV.wav,1.0,0.99976736
/tmp/backbone_swap_hubert_h_t1xf1t/data/PhysioNet2022/training_data/85293_TV.wav,1.0,0.9997478
/tmp/backbone_swap_hubert_h_t1xf1t/data/PhysioNet2022/training_data/85312_AV.wav,1.0,0.9997738
/tmp/backbone_swap_hubert_h_t1xf1t/data/PhysioNet2022/training_data/85312_MV.wav,1.0,0.9996649
/tmp/backbone_swap_hubert_h_t1xf1t/data/PhysioNet2022/training_data/85312_PV.wav,1.0,0.99974614
/tmp/backbone_swap_hubert_h_t1xf1t/data/PhysioNet2022/training_data/85312_TV.wav,1.0,0.9997601
/tmp/backbone_swap_hubert_h_t1xf1t/data/PhysioNet2022/training_data/85317_AV.wav,1.0,0.9992285
/tmp/backbone_swap_hubert_h_t1xf1t/data/PhysioNet2022/training_data/85323_PV.wav,1.0,0.99977535
/tmp/backbone_swap_hubert_h_t1xf1t/data/PhysioNet2022/training_data/85326_AV.wav,1.0,0.98014003
/tmp/backbone_swap_hubert_h_t1xf1t/data/PhysioNet2022/training_data/85326_MV.wav,1.0,0.9993105
/tmp/backbone_swap_hubert_h_t1xf1t/data/PhysioNet2022/training_data/85326_PV.wav,1.0,0.99973816
/tmp/backbone_swap_hubert_h_t1xf1t/data/PhysioNet2022/training_data/85326_TV.wav,1.0,0.9997341
/tmp/backbone_swap_hubert_h_t1xf1t/data/PhysioNet2022/training_data/85334_AV.wav,1.0,0.99968874
/tmp/backbone_swap_hubert_h_t1xf1t/data/PhysioNet2022/training_data/85334_MV.wav,1.0,0.99801254
/tmp/backbone_swap_hubert_h_t1xf1t/data/PhysioNet2022/training_data/85334_PV.wav,1.0,0.99963164
/tmp/backbone_swap_hubert_h_t1xf1t/data/PhysioNet2022/training_data/85334_TV.wav,1.0,0.9995395
/tmp/backbone_swap_hubert_h_t1xf1t/data/PhysioNet2022/training_data/85339_MV.wav,1.0,0.99637514
/tmp/backbone_swap_hubert_h_t1xf1t/data/PhysioNet2022/training_data/85345_AV.wav,1.0,0.9997656
/tmp/backbone_swap_hubert_h_t1xf1t/data/PhysioNet2022/training_data/85345_PV.wav,1.0,0.999537
/tmp/backbone_swap_hubert_h_t1xf1t/data/PhysioNet2022/training_data/85349_AV.wav,1.0,0.9997354
/tmp/backbone_swap_hubert_h_t1xf1t/data/PhysioNet2022/training_data/85349_PV.wav,1.0,0.9997317
/tmp/backbone_swap_hubert_h_t1xf1t/data/PhysioNet2022/training_data/85349_TV.wav,1.0,0.9997696
noise,0.0,0.03802198
noise,0.0,0.00868599
noise,0.0,0.025699114
noise,0.0,0.037623953
noise,0.0,0.49624318
noise,0.0,0.031498034
noise,0.0,0.010628271
noise,0.0,0.081348315
noise,0.0,0.027392954
noise,0.0,0.20466761
noise,0.0,0.018327188
noise,0.0,0.13030642
noise,0.0,0.23641059
noise,0.0,0.42534226
noise,0.0,0.15069525
noise,0.0,0.009131671
noise,0.0,0.008104283
noise,0.0,0.008594525
noise,0.0,0.094779745
noise,0.0,0.008693667
noise,0.0,0.026939623
noise,0.0,0.007827575
noise,0.0,0.02281226
noise,0.0,0.0092762485
noise,0.0,0.13195682
noise,0.0,0.008290038
noise,0.0,0.021156814
noise,0.0,0.8835262
noise,0.0,0.013640236
noise,0.0,0.02045634
noise,0.0,0.017666692
noise,0.0,0.033272967
noise,0.0,0.010618508
noise,0.0,0.017795026
noise,0.0,0.01262703
noise,0.0,0.45111123
noise,0.0,0.032852627
noise,0.0,0.08051064
noise,0.0,0.048426863
noise,0.0,0.013909657
noise,0.0,0.008247151
noise,0.0,0.017277064
noise,0.0,0.017427636
noise,0.0,0.025399555
noise,0.0,0.0105295135
noise,0.0,0.015254049
noise,0.0,0.03802198
noise,0.0,0.110132635
noise,0.0,0.016953668
noise,0.0,0.007936004
noise,0.0,0.012144521
noise,0.0,0.020521007
noise,0.0,0.87411755
noise,0.0,0.19004185
noise,0.0,0.050099775
noise,0.0,0.088244334
noise,0.0,0.36200866
noise,0.0,0.007794079
noise,0.0,0.009332073
noise,0.0,0.008470272
noise,0.0,0.05642025
noise,0.0,0.008635821
noise,0.0,0.014192386
noise,0.0,0.009423614
noise,0.0,0.014421403
noise,0.0,0.30478433
noise,0.0,0.008150534
noise,0.0,0.024041483
noise,0.0,0.063895404
noise,0.0,0.016267112
noise,0.0,0.12178382
noise,0.0,0.0397974
noise,0.0,0.008021599
noise,0.0,0.13189842
noise,0.0,0.39532894
noise,0.0,0.008816024
noise,0.0,0.015599464
noise,0.0,0.032047316
noise,0.0,0.13259646
noise,0.0,0.008233625
noise,0.0,0.03388461
noise,0.0,0.06679296
noise,0.0,0.008179685
noise,0.0,0.008121036
noise,0.0,0.9830179
noise,0.0,0.2883977
noise,0.0,0.01092562
noise,0.0,0.0094413
noise,0.0,0.011182154
noise,0.0,0.2753574
noise,0.0,0.008053389
noise,0.0,0.10671235
noise,0.0,0.008077641
noise,0.0,0.014279423
noise,0.0,0.38101327
noise,0.0,0.01988978
noise,0.0,0.028574452
noise,0.0,0.008581866
noise,0.0,0.047939066
noise,0.0,0.008681745
noise,0.0,0.11757121
noise,0.0,0.026230715
noise,0.0,0.275962
noise,0.0,0.015162054
noise,0.0,0.15802388
noise,0.0,0.013058985
noise,0.0,0.04776823
noise,0.0,0.008861984
noise,0.0,0.009429602
noise,0.0,0.11061867
noise,0.0,0.1727954
noise,0.0,0.016763037
noise,0.0,0.007920087
noise,0.0,0.023654101
noise,0.0,0.015821613
noise,0.0,0.015191475
noise,0.0,0.026513461
noise,0.0,0.007999043
noise,0.0,0.025331587
noise,0.0,0.013667894
noise,0.0,0.9496545
noise,0.0,0.021816852
noise,0.0,0.015147607
noise,0.0,0.008639268
noise,0.0,0.026367014
noise,0.0,0.72761977
noise,0.0,0.41930118
noise,0.0,0.0078885695
noise,0.0,0.0137218945
noise,0.0,0.017425805
noise,0.0,0.11752865
noise,0.0,0.017205099
noise,0.0,0.036019813
noise,0.0,0.052417886
noise,0.0,0.9194196
noise,0.0,0.036062874
noise,0.0,0.035262678
noise,0.0,0.007856306
noise,0.0,0.65934867
noise,0.0,0.00991433
noise,0.0,0.007997113
noise,0.0,0.015300276
noise,0.0,0.045553084
noise,0.0,0.022661246
noise,0.0,0.01271799
noise,0.0,0.12692665
noise,0.0,0.07028622
noise,0.0,0.008017081
noise,0.0,0.009349885
noise,0.0,0.007973939
noise,0.0,0.014962272
noise,0.0,0.98941994
noise,0.0,0.030487342
noise,0.0,0.008242176
noise,0.0,0.026592039
noise,0.0,0.047939066
noise,0.0,0.019463899
noise,0.0,0.20102167
noise,0.0,0.026363784
noise,0.0,0.40877318
noise,0.0,0.050107744
noise,0.0,0.03916923
noise,0.0,0.37269095
noise,0.0,0.16661383
noise,0.0,0.018945895
noise,0.0,0.015044671
noise,0.0,0.057701796
noise,0.0,0.012327133
noise,0.0,0.43390495
noise,0.0,0.008123003
noise,0.0,0.06298866
noise,0.0,0.0089267595
noise,0.0,0.008059719
noise,0.0,0.21624935
noise,0.0,0.74705386
noise,0.0,0.0078114374
noise,0.0,0.14037092
noise,0.0,0.007996924
noise,0.0,0.008233582
noise,0.0,0.012423605
noise,0.0,0.024394976
noise,0.0,0.03999265
noise,0.0,0.60588
noise,0.0,0.031750947
noise,0.0,0.31880468
noise,0.0,0.039828196
noise,0.0,0.16733731
noise,0.0,0.018611187
noise,0.0,0.04610304
noise,0.0,0.011660335
noise,0.0,0.010464187
noise,0.0,0.03803545
noise,0.0,0.008012247
noise,0.0,0.028638639
noise,0.0,0.06881277
noise,0.0,0.020016415
noise,0.0,0.008030274
noise,0.0,0.0084845405
noise,0.0,0.25640053
noise,0.0,0.03177082
noise,0.0,0.033040587
noise,0.0,0.008939154
noise,0.0,0.2689141
noise,0.0,0.009051218
noise,0.0,0.008745178
noise,0.0,0.063920096
noise,0.0,0.04392514
noise,0.0,0.0080337385
noise,0.0,0.78927493
noise,0.0,0.009288877
noise,0.0,0.015255102
noise,0.0,0.020964773
noise,0.0,0.028374715
noise,0.0,0.023005554
noise,0.0,0.028107798
noise,0.0,0.21478112
noise,0.0,0.058468178
noise,0.0,0.0078633735
noise,0.0,0.06656803
noise,0.0,0.019020172
noise,0.0,0.059082787
noise,0.0,0.008551426
noise,0.0,0.07820338
noise,0.0,0.05463878
noise,0.0,0.0086107105
noise,0.0,0.007760631
noise,0.0,0.29675424
noise,0.0,0.010474787
noise,0.0,0.008700767
noise,0.0,0.009261273
noise,0.0,0.24298961
noise,0.0,0.04798028
noise,0.0,0.033763845
noise,0.0,0.0075996774
noise,0.0,0.008760688
noise,0.0,0.012671928
noise,0.0,0.3101085
noise,0.0,0.008177407
noise,0.0,0.008430299
noise,0.0,0.99034727
noise,0.0,0.03835595
noise,0.0,0.029534377
noise,0.0,0.011114977
noise,0.0,0.025006074
noise,0.0,0.031041693
noise,0.0,0.03938983
noise,0.0,0.00818482
noise,0.0,0.23400669
noise,0.0,0.016002756
noise,0.0,0.01836653
noise,0.0,0.14588228
noise,0.0,0.011641703
noise,0.0,0.014327115
noise,0.0,0.059959814
noise,0.0,0.021408143
noise,0.0,0.010943111
noise,0.0,0.012962001
noise,0.0,0.017106302
noise,0.0,0.54593736
noise,0.0,0.014151888
noise,0.0,0.010174377
noise,0.0,0.016346268
noise,0.0,0.013479849
noise,0.0,0.17150003
noise,0.0,0.8566167
noise,0.0,0.19441478
noise,0.0,0.030125678
noise,0.0,0.30610648
noise,0.0,0.009120999
noise,0.0,0.019571627
noise,0.0,0.009086076
noise,0.0,0.00800647
noise,0.0,0.019107483
noise,0.0,0.38777217
noise,0.0,0.009718467
noise,0.0,0.007930926
noise,0.0,0.017186968
noise,0.0,0.43365154
noise,0.0,0.008029947
noise,0.0,0.018271226
noise,0.0,0.19047694
noise,0.0,0.009952681
noise,0.0,0.008652926
noise,0.0,0.0567982
noise,0.0,0.017557306
noise,0.0,0.010970203
noise,0.0,0.02400114
noise,0.0,0.014557952
noise,0.0,0.99629825
noise,0.0,0.009077249
noise,0.0,0.018021032
noise,0.0,0.020616086
noise,0.0,0.009355541
noise,0.0,0.008093236
noise,0.0,0.6447359
noise,0.0,0.012133268
noise,0.0,0.008432651
noise,0.0,0.024129922
noise,0.0,0.017903572
noise,0.0,0.008036798
noise,0.0,0.93127316
noise,0.0,0.0078057703
noise,0.0,0.012573034
noise,0.0,0.0152515145
noise,0.0,0.10243904
noise,0.0,0.007819062
noise,0.0,0.011998319
noise,0.0,0.2257502
noise,0.0,0.014377753
noise,0.0,0.056376994
noise,0.0,0.008614904
noise,0.0,0.008034962
noise,0.0,0.93052495
noise,0.0,0.011442844
noise,0.0,0.03703039
noise,0.0,0.011860004
noise,0.0,0.008358244
noise,0.0,0.008865839
noise,0.0,0.008229705
noise,0.0,0.008601938
noise,0.0,0.009284657
noise,0.0,0.026952475
noise,0.0,0.008365718
noise,0.0,0.04663839
noise,0.0,0.008326654
noise,0.0,0.045863967
noise,0.0,0.0078478055
noise,0.0,0.020189818
noise,0.0,0.11555845
noise,0.0,0.21914665
noise,0.0,0.014090596
noise,0.0,0.02781557
noise,0.0,0.01409353
noise,0.0,0.04534654
noise,0.0,0.078009136
noise,0.0,0.007907149
noise,0.0,0.02133372
noise,0.0,0.017892132
noise,0.0,0.2169812
noise,0.0,0.074490726
noise,0.0,0.19036815
noise,0.0,0.007999346
noise,0.0,0.0084701395
noise,0.0,0.02072213
noise,0.0,0.028573018
noise,0.0,0.07969577
noise,0.0,0.070986435
noise,0.0,0.0107317455
noise,0.0,0.07056112
noise,0.0,0.2160482
noise,0.0,0.753086
noise,0.0,0.21799162
noise,0.0,0.008761143
noise,0.0,0.06242047
noise,0.0,0.044532698
noise,0.0,0.062823504
noise,0.0,0.033859964
noise,0.0,0.05236094
noise,0.0,0.029835286
noise,0.0,0.37556568
noise,0.0,0.031977266
noise,0.0,0.012556154
noise,0.0,0.011334729
noise,0.0,0.018747838
noise,0.0,0.009313106
noise,0.0,0.030947667
noise,0.0,0.012614087
noise,0.0,0.021004518
noise,0.0,0.8544316
noise,0.0,0.0078786155
noise,0.0,0.051846158
noise,0.0,0.007931658
noise,0.0,0.2931693
noise,0.0,0.008489264
noise,0.0,0.1594616
noise,0.0,0.022510286
noise,0.0,0.026652748
noise,0.0,0.51503634
noise,0.0,0.11382098
noise,0.0,0.008047761
noise,0.0,0.016400434
noise,0.0,0.054126125
noise,0.0,0.015879551
noise,0.0,0.02449817
noise,0.0,0.009262668
noise,0.0,0.024084758
noise,0.0,0.017620081
noise,0.0,0.030765519
noise,0.0,0.008166184
noise,0.0,0.008403618
noise,0.0,0.99429804
noise,0.0,0.01635034
noise,0.0,0.007756902
noise,0.0,0.0079516
noise,0.0,0.008481104
noise,0.0,0.016455183
noise,0.0,0.017647853
noise,0.0,0.011322671
noise,0.0,0.008234626
noise,0.0,0.07421117
noise,0.0,0.009846048
noise,0.0,0.043625753
noise,0.0,0.013771161
noise,0.0,0.008497688
noise,0.0,0.08900945
noise,0.0,0.008513306
noise,0.0,0.039024476
noise,0.0,0.012677697
noise,0.0,0.011261793
noise,0.0,0.008974981
noise,0.0,0.02173225
noise,0.0,0.014822712
noise,0.0,0.10793978
noise,0.0,0.011649765
noise,0.0,0.029313317
noise,0.0,0.034487907
noise,0.0,0.008123041
noise,0.0,0.028293347
noise,0.0,0.3774308
noise,0.0,0.011747224
noise,0.0,0.00882196
noise,0.0,0.040408865
noise,0.0,0.021661915
noise,0.0,0.017216941
noise,0.0,0.09265255
noise,0.0,0.007797974
noise,0.0,0.025630942
noise,0.0,0.008693733
noise,0.0,0.035870355
noise,0.0,0.007947575
noise,0.0,0.15881142
noise,0.0,0.007839353
noise,0.0,0.008910849
noise,0.0,0.05053351
noise,0.0,0.007951407
noise,0.0,0.01554499
noise,0.0,0.9859299
noise,0.0,0.2391209
noise,0.0,0.01880378
noise,0.0,0.7182222
noise,0.0,0.13055879
noise,0.0,0.01846227
noise,0.0,0.24811472
noise,0.0,0.007936004
noise,0.0,0.2711021
noise,0.0,0.0077083656
noise,0.0,0.28836992
noise,0.0,0.017273769
noise,0.0,0.089524835
noise,0.0,0.1749221
noise,0.0,0.0080639245
noise,0.0,0.008599532
noise,0.0,0.007808305
noise,0.0,0.022473898
noise,0.0,0.0141498055
noise,0.0,0.030509327
noise,0.0,0.007679714
noise,0.0,0.008125769
noise,0.0,0.018992081
noise,0.0,0.053814463
noise,0.0,0.27762693
noise,0.0,0.008541212
noise,0.0,0.012472356
noise,0.0,0.035510004
noise,0.0,0.055503372
noise,0.0,0.022724792
noise,0.0,0.007848418
noise,0.0,0.32194078
noise,0.0,0.030489026
noise,0.0,0.044545185
noise,0.0,0.017147062
noise,0.0,0.014632692
noise,0.0,0.29424974
noise,0.0,0.008099623
noise,0.0,0.007889409
noise,0.0,0.061089523
noise,0.0,0.22132951
noise,0.0,0.009706382
noise,0.0,0.0075990665
noise,0.0,0.98408705
noise,0.0,0.092166975
noise,0.0,0.009001485
noise,0.0,0.008987263
noise,0.0,0.010376712
noise,0.0,0.008269052
noise,0.0,0.12557866
noise,0.0,0.036002174
noise,0.0,0.008280532
noise,0.0,0.009403635
noise,0.0,0.026661001
noise,0.0,0.08310328
noise,0.0,0.0079014655
noise,0.0,0.00786215
noise,0.0,0.056844126
noise,0.0,0.039653502
noise,0.0,0.009428216
noise,0.0,0.14586103
noise,0.0,0.25171348
noise,0.0,0.0077829664
noise,0.0,0.019607995
noise,0.0,0.36654928
noise,0.0,0.77484167
noise,0.0,0.008062541
noise,0.0,0.02197989
noise,0.0,0.017874712
noise,0.0,0.008164967
noise,0.0,0.48791787
noise,0.0,0.014764036
noise,0.0,0.017215181
noise,0.0,0.9928827
noise,0.0,0.008016122
noise,0.0,0.022130437
noise,0.0,0.13090734
noise,0.0,0.008418054
noise,0.0,0.007931628
noise,0.0,0.008278935
noise,0.0,0.008951358
noise,0.0,0.0135699855
noise,0.0,0.03807106
noise,0.0,0.044043552
noise,0.0,0.12941813
noise,0.0,0.048355717
noise,0.0,0.010843021
noise,0.0,0.017666692
noise,0.0,0.0097731175
noise,0.0,0.023142548
noise,0.0,0.8069662
noise,0.0,0.010485617
noise,0.0,0.009561503
noise,0.0,0.031999502
noise,0.0,0.018653141
noise,0.0,0.019352866
noise,0.0,0.05782256
noise,0.0,0.26631004
noise,0.0,0.008305168
noise,0.0,0.014687691
noise,0.0,0.00866211
noise,0.0,0.008314461
noise,0.0,0.66822743
noise,0.0,0.024202367
noise,0.0,0.018800518
noise,0.0,0.062294077
noise,0.0,0.14451386
noise,0.0,0.0082258405
noise,0.0,0.021403406
noise,0.0,0.025351822
noise,0.0,0.084820405
noise,0.0,0.20374079
noise,0.0,0.016213913
noise,0.0,0.013656899
noise,0.0,0.15775573
noise,0.0,0.009850029
noise,0.0,0.07313755
noise,0.0,0.0077158175
noise,0.0,0.069299996
noise,0.0,0.008037927
noise,0.0,0.02345339
noise,0.0,0.010297151
noise,0.0,0.0079634255
noise,0.0,0.009827744
noise,0.0,0.037812166
noise,0.0,0.01846227
noise,0.0,0.009808057
noise,0.0,0.41088668
noise,0.0,0.008093007
noise,0.0,0.07612847
noise,0.0,0.13280433
noise,0.0,0.026194118
noise,0.0,0.011269081
noise,0.0,0.12699872
noise,0.0,0.42931142
noise,0.0,0.008838929
noise,0.0,0.031340286
noise,0.0,0.095220245
noise,0.0,0.008529172
noise,0.0,0.009391139
noise,0.0,0.009872889
noise,0.0,0.14151427
noise,0.0,0.033643335
noise,0.0,0.9958189
noise,0.0,0.94866186
noise,0.0,0.34611654
noise,0.0,0.05776354
noise,0.0,0.4988753
noise,0.0,0.008767093
noise,0.0,0.100664884
noise,0.0,0.008936666
noise,0.0,0.012707755
noise,0.0,0.016549567
noise,0.0,0.0077907327
noise,0.0,0.0095949685
noise,0.0,0.008249507
noise,0.0,0.008957198
noise,0.0,0.007874553
noise,0.0,0.008265791
noise,0.0,0.02189381
noise,0.0,0.010913903
noise,0.0,0.13387227
noise,0.0,0.009758925
noise,0.0,0.04742321
noise,0.0,0.037539255
noise,0.0,0.32595855
noise,0.0,0.09714837
noise,0.0,0.010077245
noise,0.0,0.06488385
noise,0.0,0.18883416
noise,0.0,0.021105278
noise,0.0,0.007855964
noise,0.0,0.06945687
noise,0.0,0.19822374
noise,0.0,0.2547485
noise,0.0,0.12781677
noise,0.0,0.037026938
noise,0.0,0.007617983
noise,0.0,0.8319229
noise,0.0,0.038921196
noise,0.0,0.31689253
noise,0.0,0.023227666
noise,0.0,0.08052706
noise,0.0,0.02095056
noise,0.0,0.15132055
noise,0.0,0.019470932
noise,0.0,0.009455912
noise,0.0,0.63330466
noise,0.0,0.029930308
noise,0.0,0.07165789
noise,0.0,0.14175797
noise,0.0,0.1736953
noise,0.0,0.15501429
noise,0.0,0.021592299
noise,0.0,0.027464682
noise,0.0,0.9929636
noise,0.0,0.03394505
noise,0.0,0.0075739864
noise,0.0,0.13634819
noise,0.0,0.022503179
noise,0.0,0.0077369767
noise,0.0,0.12279368
noise,0.0,0.5003871
noise,0.0,0.010091648
noise,0.0,0.019453896
noise,0.0,0.10717956
noise,0.0,0.045005232
noise,0.0,0.009527262
noise,0.0,0.02243654
noise,0.0,0.00805798
noise,0.0,0.036748
noise,0.0,0.01082559
noise,0.0,0.009488026
noise,0.0,0.013843493
noise,0.0,0.20503366
noise,0.0,0.23274088
noise,0.0,0.104527526
noise,0.0,0.035623707
noise,0.0,0.036938936
noise,0.0,0.007997772
noise,0.0,0.035980344
noise,0.0,0.2399382
noise,0.0,0.07067623
noise,0.0,0.7433724
noise,0.0,0.018022787
noise,0.0,0.008396001
noise,0.0,0.13188645
noise,0.0,0.009256811
noise,0.0,0.05084488
noise,0.0,0.0111708855
noise,0.0,0.2571071
noise,0.0,0.057187065
noise,0.0,0.007999825
noise,0.0,0.011569846
noise,0.0,0.008310676
noise,0.0,0.008322616
noise,0.0,0.036536645
noise,0.0,0.012696023
noise,0.0,0.009264258
noise,0.0,0.7071908
noise,0.0,0.027021328
noise,0.0,0.007680611
noise,0.0,0.93180346
noise,0.0,0.00816725
noise,0.0,0.3545432
noise,0.0,0.007857703
noise,0.0,0.011468303
noise,0.0,0.017921086
noise,0.0,0.010746541
noise,0.0,0.013630537
noise,0.0,0.008097172
noise,0.0,0.2185239
noise,0.0,0.0657517
noise,0.0,0.013567329
noise,0.0,0.095640756
noise,0.0,0.2658327
noise,0.0,0.010155497
noise,0.0,0.07421407
noise,0.0,0.010592975
noise,0.0,0.03327611
noise,0.0,0.010087402
noise,0.0,0.07939215
noise,0.0,0.008131124
noise,0.0,0.07140716
noise,0.0,0.13669506
noise,0.0,0.017632533
noise,0.0,0.85986245
noise,0.0,0.047397733
noise,0.0,0.010554259
noise,0.0,0.09168943
noise,0.0,0.49535266
noise,0.0,0.008068247
noise,0.0,0.2282818
noise,0.0,0.040707406
noise,0.0,0.013651249
noise,0.0,0.08620933
noise,0.0,0.09382683
noise,0.0,0.010824746
noise,0.0,0.28551713
noise,0.0,0.010957174
noise,0.0,0.052038636
noise,0.0,0.0082133515
noise,0.0,0.00814158
noise,0.0,0.009320692
noise,0.0,0.008788807
noise,0.0,0.082088605
noise,0.0,0.0080660535
noise,0.0,0.02002687
noise,0.0,0.01563498
noise,0.0,0.0080406265
noise,0.0,0.95314956
noise,0.0,0.013505884
noise,0.0,0.16638118
noise,0.0,0.9892301
noise,0.0,0.9910445
noise,0.0,0.018653141
noise,0.0,0.24865378
noise,0.0,0.008284732
noise,0.0,0.008992123
noise,0.0,0.108849846
noise,0.0,0.02104456
noise,0.0,0.036532298
noise,0.0,0.30668393
noise,0.0,0.008278943
noise,0.0,0.015560832
noise,0.0,0.024010355
noise,0.0,0.56308496
noise,0.0,0.01289946
noise,0.0,0.007990806
noise,0.0,0.073938966
noise,0.0,0.1200896
noise,0.0,0.01459471
noise,0.0,0.00816725
noise,0.0,0.010618307
noise,0.0,0.53752667
noise,0.0,0.008462983
noise,0.0,0.007863767
noise,0.0,0.43059936
noise,0.0,0.12483042
noise,0.0,0.6359125
noise,0.0,0.032937076
noise,0.0,0.08683752
noise,0.0,0.4402111
noise,0.0,0.06765838
noise,0.0,0.02505526
noise,0.0,0.08620247
noise,0.0,0.28845766
noise,0.0,0.08715848
noise,0.0,0.028237449
noise,0.0,0.3241805
noise,0.0,0.009756777
noise,0.0,0.022925254
noise,0.0,0.008262555
noise,0.0,0.009037764
noise,0.0,0.029668946
noise,0.0,0.025195163
noise,0.0,0.013301946
noise,0.0,0.033553995
noise,0.0,0.007961588
noise,0.0,0.008113641
noise,0.0,0.014441614
noise,0.0,0.038368527
noise,0.0,0.0076954104
noise,0.0,0.008426904
noise,0.0,0.029121203
noise,0.0,0.008121496
noise,0.0,0.022538023
noise,0.0,0.032587785
noise,0.0,0.10854255
noise,0.0,0.038878836
noise,0.0,0.014274995
noise,0.0,0.13786612
noise,0.0,0.024724253
noise,0.0,0.038204048
noise,0.0,0.033210345
noise,0.0,0.09725213
noise,0.0,0.229295
noise,0.0,0.00781924
noise,0.0,0.008720085
noise,0.0,0.8079411
noise,0.0,0.0123913735
noise,0.0,0.06824133
noise,0.0,0.14300038
noise,0.0,0.754127
noise,0.0,0.09569324
noise,0.0,0.0077136997
noise,0.0,0.009059501
noise,0.0,0.045041163
noise,0.0,0.039892484
noise,0.0,0.07172476
noise,0.0,0.007766104
noise,0.0,0.15226805
noise,0.0,0.012253643
noise,0.0,0.007878719
noise,0.0,0.008673103
noise,0.0,0.008687143
noise,0.0,0.008104015
noise,0.0,0.1606245
noise,0.0,0.025596028
noise,0.0,0.009147974
noise,0.0,0.008457763
noise,0.0,0.0087476
noise,0.0,0.06044176
noise,0.0,0.019877782
noise,0.0,0.07492627
noise,0.0,0.011854729
noise,0.0,0.16073592
noise,0.0,0.036324635
noise,0.0,0.020135602
noise,0.0,0.24877514
noise,0.0,0.022023425
noise,0.0,0.11348316
noise,0.0,0.15897794
noise,0.0,0.008295971
noise,0.0,0.0129261
noise,0.0,0.14342217
noise,0.0,0.03363589
noise,0.0,0.015543495
noise,0.0,0.008153001
noise,0.0,0.008119223
noise,0.0,0.043218642
noise,0.0,0.0079780705
noise,0.0,0.13994657
noise,0.0,0.01926053
noise,0.0,0.019257452
noise,0.0,0.27052897
noise,0.0,0.059851307
noise,0.0,0.90172607
noise,0.0,0.009230627
noise,0.0,0.00980015
noise,0.0,0.01466681
noise,0.0,0.007966539
noise,0.0,0.05187868
noise,0.0,0.07909762
noise,0.0,0.08900956
noise,0.0,0.008983803
noise,0.0,0.8165919
noise,0.0,0.010795459
noise,0.0,0.008533891
noise,0.0,0.13926126
noise,0.0,0.10819091
noise,0.0,0.008240317
noise,0.0,0.011823372
noise,0.0,0.15648106
noise,0.0,0.017890498
noise,0.0,0.013707349
noise,0.0,0.011336958
noise,0.0,0.013778029
noise,0.0,0.008020233
noise,0.0,0.013607285
noise,0.0,0.01962973
noise,0.0,0.025653852
noise,0.0,0.008054475
noise,0.0,0.017304888
noise,0.0,0.026504232
noise,0.0,0.014951509
noise,0.0,0.00824992
noise,0.0,0.008281649
noise,0.0,0.25090656
noise,0.0,0.41576985
noise,0.0,0.008006463
noise,0.0,0.76904655
noise,0.0,0.008173939
noise,0.0,0.00770012
noise,0.0,0.19173189
noise,0.0,0.015544158
noise,0.0,0.010141042
noise,0.0,0.47078294
noise,0.0,0.038870897
noise,0.0,0.20985608
noise,0.0,0.00961856
noise,0.0,0.009268972
noise,0.0,0.08081447
noise,0.0,0.008063166
noise,0.0,0.013658531
noise,0.0,0.02133514
noise,0.0,0.018884148
noise,0.0,0.008702931
noise,0.0,0.008997772
noise,0.0,0.018579345
noise,0.0,0.32955822
noise,0.0,0.0811189
noise,0.0,0.009370693
noise,0.0,0.034214232
noise,0.0,0.1292299
noise,0.0,0.090300255
noise,0.0,0.033876114
noise,0.0,0.26015776
noise,0.0,0.017071847
noise,0.0,0.07569556
noise,0.0,0.007878518
noise,0.0,0.10484981
noise,0.0,0.009254922
noise,0.0,0.0078073214
noise,0.0,0.035773877
noise,0.0,0.008434206
noise,0.0,0.22130737
noise,0.0,0.08297584
noise,0.0,0.07960027
noise,0.0,0.0078107133
noise,0.0,0.01432774
noise,0.0,0.00800393
noise,0.0,0.016156942
noise,0.0,0.008185858
noise,0.0,0.016488863
noise,0.0,0.007904311
noise,0.0,0.008955585
noise,0.0,0.012194776
noise,0.0,0.04011611
noise,0.0,0.34154373
noise,0.0,0.013769232
noise,0.0,0.016195903
noise,0.0,0.01053318
noise,0.0,0.014680696
noise,0.0,0.030088374
noise,0.0,0.25148368
noise,0.0,0.017347777
noise,0.0,0.00824992
noise,0.0,0.008220443
noise,0.0,0.13077915
noise,0.0,0.09492733
noise,0.0,0.0077368296
noise,0.0,0.36540332
noise,0.0,0.009264704
noise,0.0,0.093983606
noise,0.0,0.015987588
noise,0.0,0.009343847
noise,0.0,0.16135955
noise,0.0,0.105705775
noise,0.0,0.16928175
noise,0.0,0.3015796
noise,0.0,0.02328294
noise,0.0,0.89416987
noise,0.0,0.11265567
noise,0.0,0.19687906
noise,0.0,0.17800076
noise,0.0,0.008085274
noise,0.0,0.51574284
noise,0.0,0.007969833
noise,0.0,0.019194242
noise,0.0,0.09759433
noise,0.0,0.026315033
noise,0.0,0.01991918
noise,0.0,0.017231984
noise,0.0,0.008295473
noise,0.0,0.030495742
noise,0.0,0.18838567
noise,0.0,0.020849625
noise,0.0,0.02166007
noise,0.0,0.028442899
noise,0.0,0.010599343
noise,0.0,0.009011162
noise,0.0,0.021674551
noise,0.0,0.04054953
noise,0.0,0.016610906
noise,0.0,0.05503799
noise,0.0,0.015163194
noise,0.0,0.9659126
noise,0.0,0.0255939
noise,0.0,0.013225975
noise,0.0,0.09568805
noise,0.0,0.014041759
noise,0.0,0.114045806
noise,0.0,0.4731963
noise,0.0,0.028302448
noise,0.0,0.016184678
noise,0.0,0.016342634
noise,0.0,0.08705215
noise,0.0,0.38597777
noise,0.0,0.021954367
noise,0.0,0.011970873
noise,0.0,0.8808138
noise,0.0,0.13842225
noise,0.0,0.5999987
noise,0.0,0.017424647
noise,0.0,0.52794105
noise,0.0,0.047880135
noise,0.0,0.011296911
noise,0.0,0.012005936
noise,0.0,0.020751048
noise,0.0,0.50029254
noise,0.0,0.014506578
noise,0.0,0.009489701
noise,0.0,0.031352606
noise,0.0,0.023055326
noise,0.0,0.011040887
noise,0.0,0.10568221
noise,0.0,0.04720824
noise,0.0,0.10708489
noise,0.0,0.02929069
noise,0.0,0.05368789
noise,0.0,0.024336286
noise,0.0,0.010897321
noise,0.0,0.009663853
noise,0.0,0.008023645
noise,0.0,0.07591766
noise,0.0,0.0194454
noise,0.0,0.02948115
noise,0.0,0.29720122
noise,0.0,0.012740714
noise,0.0,0.03135834
noise,0.0,0.23125124
noise,0.0,0.022372372
noise,0.0,0.1387516
noise,0.0,0.008515951
noise,0.0,0.01600437
noise,0.0,0.16601564
noise,0.0,0.0084516425
noise,0.0,0.019520558
noise,0.0,0.011157968
noise,0.0,0.12183435
noise,0.0,0.02222945
noise,0.0,0.9316317
noise,0.0,0.009348853
noise,0.0,0.044916105
noise,0.0,0.008335211
noise,0.0,0.013096755
noise,0.0,0.011983581
noise,0.0,0.012956633
noise,0.0,0.13722293
noise,0.0,0.017624002
noise,0.0,0.011776971
noise,0.0,0.063016444
noise,0.0,0.02547187
noise,0.0,0.00883451
noise,0.0,0.008591706
noise,0.0,0.011736854
noise,0.0,0.00790578
noise,0.0,0.022270171
noise,0.0,0.013102538
noise,0.0,0.008275851
noise,0.0,0.016927842
noise,0.0,0.039350186
noise,0.0,0.007874222
noise,0.0,0.23961641
noise,0.0,0.028215196
noise,0.0,0.025628427
noise,0.0,0.008157799
noise,0.0,0.2889111
noise,0.0,0.00838081
noise,0.0,0.049713504
noise,0.0,0.084283724
noise,0.0,0.008118167
noise,0.0,0.091421306
noise,0.0,0.007754422
noise,0.0,0.083341286
noise,0.0,0.013893086
noise,0.0,0.022097832
noise,0.0,0.76571095
noise,0.0,0.02194699
noise,0.0,0.038007718
noise,0.0,0.05246052
noise,0.0,0.99284077
noise,0.0,0.019724607
