filename,y_true,probs
/tmp/backbone_swap_yamnet_r0og9rwa/data/PhysioNet2022/training_data/23625_AV.wav,1.0,0.65738994
/tmp/backbone_swap_yamnet_r0og9rwa/data/PhysioNet2022/training_data/23625_MV.wav,1.0,0.19486098
/tmp/backbone_swap_yamnet_r0og9rwa/data/PhysioNet2022/training_data/23625_PV.wav,1.0,0.19516379
/tmp/backbone_swap_yamnet_r0og9rwa/data/PhysioNet2022/training_data/23625_TV.wav,1.0,0.18501781
/tmp/backbone_swap_yamnet_r0og9rwa/data/PhysioNet2022/training_data/29045_AV.wav,1.0,0.23047404
/tmp/backbone_swap_yamnet_r0og9rwa/data/PhysioNet2022/training_data/29045_MV.wav,1.0,0.19098932
/tmp/backbone_swap_yamnet_r0og9rwa/data/PhysioNet2022/training_data/29045_PV.wav,1.0,0.1897459
/tmp/backbone_swap_yamnet_r0og9rwa/data/PhysioNet2022/training_data/29045_TV.wav,1.0,0.21730009
/tmp/backbone_swap_yamnet_r0og9rwa/data/PhysioNet2022/training_data/33151_AV.wav,1.0,0.24939516
/tmp/backbone_swap_yamnet_r0og9rwa/data/PhysioNet2022/training_data/33151_MV.wav,1.0,0.18733822
/tmp/backbone_swap_yamnet_r0og9rwa/data/PhysioNet2022/training_data/33151_PV.wav,1.0,0.20818716
/tmp/backbone_swap_yamnet_r0og9rwa/data/PhysioNet2022/training_data/33151_TV.wav,1.0,0.22833249
/tmp/backbone_swap_yamnet_r0og9rwa/data/PhysioNet2022/training_data/38337_AV.wav,1.0,0.19396305
/tmp/backbone_swap_yamnet_r0og9rwa/data/PhysioNet2022/training_data/38337_MV.wav,1.0,0.18158884
/tmp/backbone_swap_yamnet_r0og9rwa/data/PhysioNet2022/training_data/39043_AV.wav,1.0,0.2663442
/tmp/backbone_swap_yamnet_r0og9rwa/data/PhysioNet2022/training_data/39043_MV.wav,1.0,0.21476373
/tmp/backbone_swap_yamnet_r0og9rwa/data/PhysioNet2022/training_data/39043_PV.wav,1.0,0.19474459
/tmp/backbone_swap_yamnet_r0og9rwa/data/PhysioNet2022/training_data/39043_TV.wav,1.0,0.21989326
/tmp/backbone_swap_yamnet_r0og9rwa/data/PhysioNet2022/training_data/40058_AV.wav,1.0,0.5530432
/tmp/backbone_swap_yamnet_r0og9rwa/data/PhysioNet2022/training_data/40058_MV.wav,1.0,0.23236021
/tmp/backbone_swap_yamnet_r0og9rwa/data/PhysioNet2022/training_data/40058_PV.wav,1.0,0.17103073
/tmp/backbone_swap_yamnet_r0og9rwa/data/PhysioNet2022/training_data/40058_TV.wav,1.0,0.19307832
/tmp/backbone_swap_yamnet_r0og9rwa/data/PhysioNet2022/training_data/40798_AV.wav,1.0,0.21054082
/tmp/backbone_swap_yamnet_r0og9rwa/data/PhysioNet2022/training_data/40798_MV.wav,1.0,0.18879566
/tmp/backbone_swap_yamnet_r0og9rwa/data/PhysioNet2022/training_data/40798_PV.wav,1.0,0.20648299
/tmp/backbone_swap_yamnet_r0og9rwa/data/PhysioNet2022/training_data/40798_TV.wav,1.0,0.22855136
/tmp/backbone_swap_yamnet_r0og9rwa/data/PhysioNet2022/training_data/40840_AV.wav,1.0,0.18321899
/tmp/backbone_swap_yamnet_r0og9rwa/data/PhysioNet2022/training_data/40840_MV.wav,1.0,0.20399836
/tmp/backbone_swap_yamnet_r0og9rwa/data/PhysioNet2022/training_data/40840_PV.wav,1.0,0.16123761
/tmp/backbone_swap_yamnet_r0og9rwa/data/PhysioNet2022/training_data/40840_TV.wav,1.0,0.19693437
/tmp/backbone_swap_yamnet_r0og9rwa/data/PhysioNet2022/training_data/43852_AV.wav,1.0,0.23552701
/tmp/backbone_swap_yamnet_r0og9rwa/data/PhysioNet2022/training_data/43852_MV.wav,1.0,0.1853185
/tmp/backbone_swap_yamnet_r0og9rwa/data/PhysioNet2022/training_data/43852_PV.wav,1.0,0.6966776
/tmp/backbone_swap_yamnet_r0og9rwa/data/PhysioNet2022/training_data/43852_TV.wav,1.0,0.17753236
/tmp/backbone_swap_yamnet_r0og9rwa/data/PhysioNet2022/training_data/44514_AV.wav,1.0,0.19060548
/tmp/backbone_swap_yamnet_r0og9rwa/data/PhysioNet2022/training_data/44514_MV.wav,1.0,0.21574816
/tmp/backbone_swap_yamnet_r0og9rwa/data/PhysioNet2022/training_data/44514_PV.wav,1.0,0.20543239
/tmp/backbone_swap_yamnet_r0og9rwa/data/PhysioNet2022/training_data/44514_TV.wav,1.0,0.18320893
/tmp/backbone_swap_yamnet_r0og9rwa/data/PhysioNet2022/training_data/46532_AV.wav,1.0,0.19650921
/tmp/backbone_swap_yamnet_r0og9rwa/data/PhysioNet2022/training_data/46778_MV.wav,1.0,0.18322124
/tmp/backbone_swap_yamnet_r0og9rwa/data/PhysioNet2022/training_data/49558_AV.wav,1.0,0.17187329
/tmp/backbone_swap_yamnet_r0og9rwa/data/PhysioNet2022/training_data/49558_MV.wav,1.0,0.19399829
/tmp/backbone_swap_yamnet_r0og9rwa/data/PhysioNet2022/training_data/49562_AV.wav,1.0,0.26432735
/tmp/backbone_swap_yamnet_r0og9rwa/data/PhysioNet2022/training_data/49562_MV.wav,1.0,0.18767363
/tmp/backbone_swap_yamnet_r0og9rwa/data/PhysioNet2022/training_data/49562_PV.wav,1.0,0.16933873
/tmp/backbone_swap_yamnet_r0og9rwa/data/PhysioNet2022/training_data/49562_TV.wav,1.0,0.18921502
/tmp/backbone_swap_yamnet_r0og9rwa/data/PhysioNet2022/training_data/49610_AV.wav,1.0,0.21939147
/tmp/backbone_swap_yamnet_r0og9rwa/data/PhysioNet2022/training_data/49610_MV.wav,1.0,0.18511027
/tmp/backbone_swap_yamnet_r0og9rwa/data/PhysioNet2022/training_data/49610_PV.wav,1.0,0.1848725
/tmp/backbone_swap_yamnet_r0og9rwa/data/PhysioNet2022/training_data/49610_TV.wav,1.0,0.22629414
/tmp/backbone_swap_yamnet_r0og9rwa/data/PhysioNet2022/training_data/49618_AV.wav,1.0,0.19705114
/tmp/backbone_swap_yamnet_r0og9rwa/data/PhysioNet2022/training_data/49618_MV.wav,1.0,0.16755739
/tmp/backbone_swap_yamnet_r0og9rwa/data/PhysioNet2022/training_data/49628_AV.wav,1.0,0.40207508
/tmp/backbone_swap_yamnet_r0og9rwa/data/PhysioNet2022/training_data/49628_MV.wav,1.0,0.18142134
/tmp/backbone_swap_yamnet_r0og9rwa/data/PhysioNet2022/training_data/49628_PV.wav,1.0,0.20471016
/tmp/backbone_swap_yamnet_r0og9rwa/data/PhysioNet2022/training_data/49628_TV.wav,1.0,0.22149043
/tmp/backbone_swap_yamnet_r0og9rwa/data/PhysioNet2022/training_data/49630_AV.wav,1.0,0.20291719
/tmp/backbone_swap_yamnet_r0og9rwa/data/PhysioNet2022/training_data/49630_MV.wav,1.0,0.18139102
/tmp/backbone_swap_yamnet_r0og9rwa/data/PhysioNet2022/training_data/49630_PV.wav,1.0,0.31818825
/tmp/backbone_swap_yamnet_r0og9rwa/data/PhysioNet2022/training_data/49630_TV.wav,1.0,0.19701241
/tmp/backbone_swap_yamnet_r0og9rwa/data/PhysioNet2022/training_data/49631_AV.wav,1.0,0.20959474
/tmp/backbone_swap_yamnet_r0og9rwa/data/PhysioNet2022/training_data/49631_MV.wav,1.0,0.2562517
/tmp/backbone_swap_yamnet_r0og9rwa/data/PhysioNet2022/training_data/49641_AV.wav,1.0,0.18213344
/tmp/backbone_swap_yamnet_r0og9rwa/data/PhysioNet2022/training_data/49641_MV.wav,1.0,0.18404357
/tmp/backbone_swap_yamnet_r0og9rwa/data/PhysioNet2022/training_data/49641_PV.wav,1.0,0.25450844
/tmp/backbone_swap_yamnet_r0og9rwa/data/PhysioNet2022/training_data/49641_TV.wav,1.0,0.18368286
/tmp/backbone_swap_yamnet_r0og9rwa/data/PhysioNet2022/training_data/49653_AV.wav,1.0,0.19055861
/tmp/backbone_swap_yamnet_r0og9rwa/data/PhysioNet2022/training_data/49653_MV.wav,1.0,0.43518153
/tmp/backbone_swap_yamnet_r0og9rwa/data/PhysioNet2022/training_data/49653_PV.wav,1.0,0.1757906
/tmp/backbone_swap_yamnet_r0og9rwa/data/PhysioNet2022/training_data/49653_TV.wav,1.0,0.20155548
/tmp/backbone_swap_yamnet_r0og9rwa/data/PhysioNet2022/training_data/49661_AV.wav,1.0,0.35097775
/tmp/backbone_swap_yamnet_r0og9rwa/data/PhysioNet2022/training_data/49661_MV.wav,1.0,0.18806706
/tmp/backbone_swap_yamnet_r0og9rwa/data/PhysioNet2022/training_data/49678_AV.wav,1.0,0.22362079
/tmp/backbone_swap_yamnet_r0og9rwa/data/PhysioNet2022/training_data/49678_MV.wav,1.0,0.2078638
/tmp/backbone_swap_yamnet_r0og9rwa/data/PhysioNet2022/training_data/49678_PV.wav,1.0,0.1951283
/tmp/backbone_swap_yamnet_r0og9rwa/data/PhysioNet2022/training_data/49678_TV.wav,1.0,0.2338672
/tmp/backbone_swap_yamnet_r0og9rwa/data/PhysioNet2022/training_data/49683_AV.wav,1.0,0.1876826
/tmp/backbone_swap_yamnet_r0og9rwa/data/PhysioNet2022/training_data/49683_MV.wav,1.0,0.21358988
/tmp/backbone_swap_yamnet_r0og9rwa/data/PhysioNet2022/training_data/49683_PV.wav,1.0,0.34897727
/tmp/backbone_swap_yamnet_r0og9rwa/data/PhysioNet2022/training_data/49683_TV.wav,1.0,0.9810192
/tmp/backbone_swap_yamnet_r0og9rwa/data/PhysioNet2022/training_data/49719_AV.wav,1.0,0.32324994
/tmp/backbone_swap_yamnet_r0og9rwa/data/PhysioNet2022/training_data/49719_MV.wav,1.0,0.22166507
/tmp/backbone_swap_yamnet_r0og9rwa/data/PhysioNet2022/training_data/49719_PV.wav,1.0,0.23172837
/tmp/backbone_swap_yamnet_r0og9rwa/data/PhysioNet2022/training_data/49719_TV.wav,1.0,0.19686724
/tmp/backbone_swap_yamnet_r0og9rwa/data/PhysioNet2022/training_data/49729_AV.wav,1.0,0.19905584
/tmp/backbone_swap_yamnet_r0og9rwa/data/PhysioNet2022/training_data/49729_MV.wav,1.0,0.19157432
/tmp/backbone_swap_yamnet_r0og9rwa/data/PhysioNet2022/training_data/49729_PV.wav,1.0,0.23567963
/tmp/backbone_swap_yamnet_r0og9rwa/data/PhysioNet2022/training_data/49729_TV.wav,1.0,0.1892663
/tmp/backbone_swap_yamnet_r0og9rwa/data/PhysioNet2022/training_data/49751_AV.wav,1.0,0.20979281
/tmp/backbone_swap_yamnet_r0og9rwa/data/PhysioNet2022/training_data/49751_MV.wav,1.0,0.18977669
/tmp/backbone_swap_yamnet_r0og9rwa/data/PhysioNet2022/training_data/49751_PV.wav,1.0,0.17262274
/tmp/backbone_swap_yamnet_r0og9rwa/data/PhysioNet2022/training_data/49751_TV.wav,1.0,0.19082639
/tmp/backbone_swap_yamnet_r0og9rwa/data/PhysioNet2022/training_data/49824_AV.wav,1.0,0.6635799
/tmp/backbone_swap_yamnet_r0og9rwa/data/PhysioNet2022/training_data/49824_MV.wav,1.0,0.20534368
/tmp/backbone_swap_yamnet_r0og9rwa/data/PhysioNet2022/training_data/49824_PV.wav,1.0,0.16594909
/tmp/backbone_swap_yamnet_r0og9rwa/data/PhysioNet2022/training_data/49842_AV.wav,1.0,0.24403775
/tmp/backbone_swap_yamnet_r0og9rwa/data/PhysioNet2022/training_data/49842_MV.wav,1.0,0.18679562
/tmp/backbone_swap_yamnet_r0og9rwa/data/PhysioNet2022/training_data/49842_PV.wav,1.0,0.204022
/tmp/backbone_swap_yamnet_r0og9rwa/data/PhysioNet2022/training_data/49842_TV.wav,1.0,0.1554199
/tmp/backbone_swap_yamnet_r0og9rwa/data/PhysioNet2022/training_data/49850_AV.wav,1.0,0.15592371
/tmp/backbone_swap_yamnet_r0og9rwa/data/PhysioNet2022/training_data/49850_MV.wav,1.0,0.18353264
/tmp/backbone_swap_yamnet_r0og9rwa/data/PhysioNet2022/training_data/49853_AV.wav,1.0,0.20879868
/tmp/backbone_swap_yamnet_r0og9rwa/data/PhysioNet2022/training_data/49853_MV.wav,1.0,0.21631587
/tmp/backbone_swap_yamnet_r0og9rwa/data/PhysioNet2022/training_data/49853_PV.wav,1.0,0.34947133
/tmp/backbone_swap_yamnet_r0og9rwa/data/PhysioNet2022/training_data/49853_TV.wav,1.0,0.20243317
/tmp/backbone_swap_yamnet_r0og9rwa/data/PhysioNet2022/training_data/49931_AV.wav,1.0,0.19432805
/tmp/backbone_swap_yamnet_r0og9rwa/data/PhysioNet2022/training_data/49931_PV.wav,1.0,0.19998395
/tmp/backbone_swap_yamnet_r0og9rwa/data/PhysioNet2022/training_data/49931_TV.wav,1.0,0.19029497
/tmp/backbone_swap_yamnet_r0og9rwa/data/PhysioNet2022/training_data/49963_AV.wav,1.0,0.18626669
/tmp/backbone_swap_yamnet_r0og9rwa/data/PhysioNet2022/training_data/49963_MV.wav,1.0,0.2121926
/tmp/backbone_swap_yamnet_r0og9rwa/data/PhysioNet2022/training_data/49963_PV.wav,1.0,0.20339203
/tmp/backbone_swap_yamnet_r0og9rwa/data/PhysioNet2022/training_data/49963_TV.wav,1.0,0.1996464
/tmp/backbone_swap_yamnet_r0og9rwa/data/PhysioNet2022/training_data/49966_MV.wav,1.0,0.18787508
/tmp/backbone_swap_yamnet_r0og9rwa/data/PhysioNet2022/training_data/49970_AV.wav,1.0,0.20305747
/tmp/backbone_swap_yamnet_r0og9rwa/data/PhysioNet2022/training_data/49970_MV.wav,1.0,0.18255985
/tmp/backbone_swap_yamnet_r0og9rwa/data/PhysioNet2022/training_data/49974_AV.wav,1.0,0.17516927
/tmp/backbone_swap_yamnet_r0og9rwa/data/PhysioNet2022/training_data/49974_MV.wav,1.0,0.18358353
/tmp/backbone_swap_yamnet_r0og9rwa/data/PhysioNet2022/training_data/49974_PV.wav,1.0,0.18024915
/tmp/backbone_swap_yamnet_r0og9rwa/data/PhysioNet2022/training_data/49974_TV.wav,1.0,0.19317457
/tmp/backbone_swap_yamnet_r0og9rwa/data/PhysioNet2022/training_data/49978_PV.wav,1.0,0.19878568
/tmp/backbone_swap_yamnet_r0og9rwa/data/PhysioNet2022/training_data/49988_AV.wav,1.0,0.2162279
/tmp/backbone_swap_yamnet_r0og9rwa/data/PhysioNet2022/training_data/49988_MV.wav,1.0,0.2914878
/tmp/backbone_swap_yamnet_r0og9rwa/data/PhysioNet2022/training_data/49988_PV.wav,1.0,0.17968567
/tmp/backbone_swap_yamnet_r0og9rwa/data/PhysioNet2022/training_data/49988_TV.wav,1.0,0.20538707
/tmp/backbone_swap_yamnet_r0og9rwa/data/PhysioNet2022/training_data/49994_AV.wav,1.0,0.17077439
/tmp/backbone_swap_yamnet_r0og9rwa/data/PhysioNet2022/training_data/49994_MV.wav,1.0,0.19676523
/tmp/backbone_swap_yamnet_r0og9rwa/data/PhysioNet2022/training_data/49994_PV.wav,1.0,0.16543297
/tmp/backbone_swap_yamnet_r0og9rwa/data/PhysioNet2022/training_data/49994_TV.wav,1.0,0.17535794
/tmp/backbone_swap_yamnet_r0og9rwa/data/PhysioNet2022/training_data/50001_AV.wav,1.0,0.23003654
/tmp/backbone_swap_yamnet_r0og9rwa/data/PhysioNet2022/training_data/50001_MV.wav,1.0,0.23472427
/tmp/backbone_swap_yamnet_r0og9rwa/data/PhysioNet2022/training_data/50001_PV.wav,1.0,0.28022227
/tmp/backbone_swap_yamnet_r0og9rwa/data/PhysioNet2022/training_data/50001_TV.wav,1.0,0.24276164
/tmp/backbone_swap_yamnet_r0og9rwa/data/PhysioNet2022/training_data/50006_AV.wav,1.0,0.25152004
/tmp/backbone_swap_yamnet_r0og9rwa/data/PhysioNet2022/training_data/50006_MV.wav,1.0,0.21370701
/tmp/backbone_swap_yamnet_r0og9rwa/data/PhysioNet2022/training_data/50008_AV.wav,1.0,0.1811173
/tmp/backbone_swap_yamnet_r0og9rwa/data/PhysioNet2022/training_data/50008_MV.wav,1.0,0.20647271
/tmp/backbone_swap_yamnet_r0og9rwa/data/PhysioNet2022/training_data/50008_PV.wav,1.0,0.30517533
/tmp/backbone_swap_yamnet_r0og9rwa/data/PhysioNet2022/training_data/50008_TV.wav,1.0,0.2079307
/tmp/backbone_swap_yamnet_r0og9rwa/data/PhysioNet2022/training_data/50009_AV.wav,1.0,0.17037137
/tmp/backbone_swap_yamnet_r0og9rwa/data/PhysioNet2022/training_data/50012_MV.wav,1.0,0.19611597
/tmp/backbone_swap_yamnet_r0og9rwa/data/PhysioNet2022/training_data/50014_AV.wav,1.0,0.17982277
/tmp/backbone_swap_yamnet_r0og9rwa/data/PhysioNet2022/training_data/50014_MV.wav,1.0,0.19953516
/tmp/backbone_swap_yamnet_r0og9rwa/data/PhysioNet2022/training_data/50014_PV.wav,1.0,0.18101566
/tmp/backbone_swap_yamnet_r0og9rwa/data/PhysioNet2022/training_data/50014_TV.wav,1.0,0.18574432
/tmp/backbone_swap_yamnet_r0og9rwa/data/PhysioNet2022/training_data/50015_AV.wav,1.0,0.18958148
/tmp/backbone_swap_yamnet_r0og9rwa/data/PhysioNet2022/training_data/50015_MV.wav,1.0,0.20058325
/tmp/backbone_swap_yamnet_r0og9rwa/data/PhysioNet2022/training_data/50015_PV.wav,1.0,0.21031523
/tmp/backbone_swap_yamnet_r0og9rwa/data/PhysioNet2022/training_data/50015_TV.wav,1.0,0.23777516
/tmp/backbone_swap_yamnet_r0og9rwa/data/PhysioNet2022/training_data/50030_MV.wav,1.0,0.31046054
/tmp/backbone_swap_yamnet_r0og9rwa/data/PhysioNet2022/training_data/50030_PV.wav,1.0,0.19361435
/tmp/backbone_swap_yamnet_r0og9rwa/data/PhysioNet2022/training_data/50030_TV.wav,1.0,0.27180073
/tmp/backbone_swap_yamnet_r0og9rwa/data/PhysioNet2022/training_data/50032_PV.wav,1.0,0.2486627
/tmp/backbone_swap_yamnet_r0og9rwa/data/PhysioNet2022/training_data/50032_TV_1.wav,1.0,0.19124447
/tmp/backbone_swap_yamnet_r0og9rwa/data/PhysioNet2022/training_data/50032_TV_2.wav,1.0,0.18576357
/tmp/backbone_swap_yamnet_r0og9rwa/data/PhysioNet2022/training_data/50034_AV.wav,1.0,0.19546919
/tmp/backbone_swap_yamnet_r0og9rwa/data/PhysioNet2022/training_data/50034_MV.wav,1.0,0.20856658
/tmp/backbone_swap_yamnet_r0og9rwa/data/PhysioNet2022/training_data/50037_AV.wav,1.0,0.31468162
/tmp/backbone_swap_yamnet_r0og9rwa/data/PhysioNet2022/training_data/50037_MV.wav,1.0,0.20367672
/tmp/backbone_swap_yamnet_r0og9rwa/data/PhysioNet2022/training_data/50053_AV.wav,1.0,0.19879599
/tmp/backbone_swap_yamnet_r0og9rwa/data/PhysioNet2022/training_data/50053_PV.wav,1.0,0.2214022
/tmp/backbone_swap_yamnet_r0og9rwa/data/PhysioNet2022/training_data/50053_TV.wav,1.0,0.16862267
/tmp/backbone_swap_yamnet_r0og9rwa/data/PhysioNet2022/training_data/50072_MV.wav,1.0,0.19895385
/tmp/backbone_swap_yamnet_r0og9rwa/data/PhysioNet2022/training_data/50072_PV.wav,1.0,0.1872874
/tmp/backbone_swap_yamnet_r0og9rwa/data/PhysioNet2022/training_data/50072_TV.wav,1.0,0.18542257
/tmp/backbone_swap_yamnet_r0og9rwa/data/PhysioNet2022/training_data/50075_AV.wav,1.0,0.20639578
/tmp/backbone_swap_yamnet_r0og9rwa/data/PhysioNet2022/training_data/50075_MV.wav,1.0,0.2599738
/tmp/backbone_swap_yamnet_r0og9rwa/data/PhysioNet2022/training_data/50078_AV.wav,1.0,0.20593996
/tmp/backbone_swap_yamnet_r0og9rwa/data/PhysioNet2022/training_data/50078_MV.wav,1.0,0.17079762
/tmp/backbone_swap_yamnet_r0og9rwa/data/PhysioNet2022/training_data/50078_PV.wav,1.0,0.2578349
/tmp/backbone_swap_yamnet_r0og9rwa/data/PhysioNet2022/training_data/50078_TV.wav,1.0,0.2860818
/tmp/backbone_swap_yamnet_r0og9rwa/data/PhysioNet2022/training_data/50086_MV.wav,1.0,0.2075588
/tmp/backbone_swap_yamnet_r0og9rwa/data/PhysioNet2022/training_data/50086_PV.wav,1.0,0.25024256
/tmp/backbone_swap_yamnet_r0og9rwa/data/PhysioNet2022/training_data/50086_TV.wav,1.0,0.17808232
/tmp/backbone_swap_yamnet_r0og9rwa/data/PhysioNet2022/training_data/50094_MV.wav,1.0,0.19520204
/tmp/backbone_swap_yamnet_r0og9rwa/data/PhysioNet2022/training_data/50094_PV.wav,1.0,0.19461794
/tmp/backbone_swap_yamnet_r0og9rwa/data/PhysioNet2022/training_data/50094_TV.wav,1.0,0.22149403
/tmp/backbone_swap_yamnet_r0og9rwa/data/PhysioNet2022/training_data/50096_AV.wav,1.0,0.1847428
/tmp/backbone_swap_yamnet_r0og9rwa/data/PhysioNet2022/training_data/50096_MV.wav,1.0,0.19133013
/tmp/backbone_swap_yamnet_r0og9rwa/data/PhysioNet2022/training_data/50096_PV.wav,1.0,0.20830128
/tmp/backbone_swap_yamnet_r0og9rwa/data/PhysioNet2022/training_data/50096_TV.wav,1.0,0.21026441
/tmp/backbone_swap_yamnet_r0og9rwa/data/PhysioNet2022/training_data/50099_MV.wav,1.0,0.2077419
/tmp/backbone_swap_yamnet_r0og9rwa/data/PhysioNet2022/training_data/50099_PV.wav,1.0,0.236235
/tmp/backbone_swap_yamnet_r0og9rwa/data/PhysioNet2022/training_data/50099_TV.wav,1.0,0.18945251
/tmp/backbone_swap_yamnet_r0og9rwa/data/PhysioNet2022/training_data/50104_AV.wav,1.0,0.17687194
/tmp/backbone_swap_yamnet_r0og9rwa/data/PhysioNet2022/training_data/50104_MV.wav,1.0,0.185826
/tmp/backbone_swap_yamnet_r0og9rwa/data/PhysioNet2022/training_data/50104_PV.wav,1.0,0.17892455
/tmp/backbone_swap_yamnet_r0og9rwa/data/PhysioNet2022/training_data/50104_TV.wav,1.0,0.21150461
/tmp/backbone_swap_yamnet_r0og9rwa/data/PhysioNet2022/training_data/50115_AV.wav,1.0,0.23075446
/tmp/backbone_swap_yamnet_r0og9rwa/data/PhysioNet2022/training_data/50115_MV.wav,1.0,0.19508934
/tmp/backbone_swap_yamnet_r0og9rwa/data/PhysioNet2022/training_data/50115_PV_1.wav,1.0,0.18121205
/tmp/backbone_swap_yamnet_r0og9rwa/data/PhysioNet2022/training_data/50115_PV_2.wav,1.0,0.19438232
/tmp/backbone_swap_yamnet_r0og9rwa/data/PhysioNet2022/training_data/50115_TV_1.wav,1.0,0.18836707
/tmp/backbone_swap_yamnet_r0og9rwa/data/PhysioNet2022/training_data/50115_TV_2.wav,1.0,0.1996412
/tmp/backbone_swap_yamnet_r0og9rwa/data/PhysioNet2022/training_data/50116_AV.wav,1.0,0.1969313
/tmp/backbone_swap_yamnet_r0og9rwa/data/PhysioNet2022/training_data/50116_MV.wav,1.0,0.22694756
/tmp/backbone_swap_yamnet_r0og9rwa/data/PhysioNet2022/training_data/50116_PV.wav,1.0,0.28748718
/tmp/backbone_swap_yamnet_r0og9rwa/data/PhysioNet2022/training_data/50116_TV.wav,1.0,0.2028942
/tmp/backbone_swap_yamnet_r0og9rwa/data/PhysioNet2022/training_data/50117_MV.wav,1.0,0.1789688
/tmp/backbone_swap_yamnet_r0og9rwa/data/PhysioNet2022/training_data/50117_PV.wav,1.0,0.25548083
/tmp/backbone_swap_yamnet_r0og9rwa/data/PhysioNet2022/training_data/50117_TV.wav,1.0,0.19667642
/tmp/backbone_swap_yamnet_r0og9rwa/data/PhysioNet2022/training_data/50121_PV.wav,1.0,0.18329482
/tmp/backbone_swap_yamnet_r0og9rwa/data/PhysioNet2022/training_data/50121_TV.wav,1.0,0.19036853
/tmp/backbone_swap_yamnet_r0og9rwa/data/PhysioNet2022/training_data/50123_MV.wav,1.0,0.21462838
/tmp/backbone_swap_yamnet_r0og9rwa/data/PhysioNet2022/training_data/50126_AV.wav,1.0,0.15812449
/tmp/backbone_swap_yamnet_r0og9rwa/data/PhysioNet2022/training_data/50126_MV.wav,1.0,0.1650122
/tmp/backbone_swap_yamnet_r0og9rwa/data/PhysioNet2022/training_data/50126_PV.wav,1.0,0.20020528
/tmp/backbone_swap_yamnet_r0og9rwa/data/PhysioNet2022/training_data/50126_TV.wav,1.0,0.1845712
/tmp/backbone_swap_yamnet_r0og9rwa/data/PhysioNet2022/training_data/50128_AV.wav,1.0,0.20471835
/tmp/backbone_swap_yamnet_r0og9rwa/data/PhysioNet2022/training_data/50128_MV.wav,1.0,0.20164295
/tmp/backbone_swap_yamnet_r0og9rwa/data/PhysioNet2022/training_data/50128_PV.wav,1.0,0.3027316
/tmp/backbone_swap_yamnet_r0og9rwa/data/PhysioNet2022/training_data/50128_TV.wav,1.0,0.18606044
/tmp/backbone_swap_yamnet_r0og9rwa/data/PhysioNet2022/training_data/50133_MV.wav,1.0,0.18093732
/tmp/backbone_swap_yamnet_r0og9rwa/data/PhysioNet2022/training_data/50136_AV.wav,1.0,0.21067959
/tmp/backbone_swap_yamnet_r0og9rwa/data/PhysioNet2022/training_data/50136_MV.wav,1.0,0.16892917
/tmp/backbone_swap_yamnet_r0og9rwa/data/PhysioNet2022/training_data/50137_MV.wav,1.0,0.19997017
/tmp/backbone_swap_yamnet_r0og9rwa/data/PhysioNet2022/training_data/50137_PV.wav,1.0,0.17289767
/tmp/backbone_swap_yamnet_r0og9rwa/data/PhysioNet2022/training_data/50137_TV.wav,1.0,0.1750785
/tmp/backbone_swap_yamnet_r0og9rwa/data/PhysioNet2022/training_data/50138_AV.wav,1.0,0.1790989
/tmp/backbone_swap_yamnet_r0og9rwa/data/PhysioNet2022/training_data/50138_MV.wav,1.0,0.17752461
/tmp/backbone_swap_yamnet_r0og9rwa/data/PhysioNet2022/training_data/50141_AV.wav,1.0,0.1844149
/tmp/backbone_swap_yamnet_r0og9rwa/data/PhysioNet2022/training_data/50142_AV.wav,1.0,0.32533404
/tmp/backbone_swap_yamnet_r0og9rwa/data/PhysioNet2022/training_data/50142_MV.wav,1.0,0.20279083
/tmp/backbone_swap_yamnet_r0og9rwa/data/PhysioNet2022/training_data/50145_MV.wav,1.0,0.22185844
/tmp/backbone_swap_yamnet_r0og9rwa/data/PhysioNet2022/training_data/50149_MV.wav,1.0,0.18611762
/tmp/backbone_swap_yamnet_r0og9rwa/data/PhysioNet2022/training_data/50149_PV.wav,1.0,0.19760677
/tmp/backbone_swap_yamnet_r0og9rwa/data/PhysioNet2022/training_data/50150_AV.wav,1.0,0.19589184
/tmp/backbone_swap_yamnet_r0og9rwa/data/PhysioNet2022/training_data/50150_MV.wav,1.0,0.1852802
/tmp/backbone_swap_yamnet_r0og9rwa/data/PhysioNet2022/training_data/50150_PV.wav,1.0,0.29753938
/tmp/backbone_swap_yamnet_r0og9rwa/data/PhysioNet2022/training_data/50150_TV.wav,1.0,0.21223806
/tmp/backbone_swap_yamnet_r0og9rwa/data/PhysioNet2022/training_data/50153_AV.wav,1.0,0.22139636
/tmp/backbone_swap_yamnet_r0og9rwa/data/PhysioNet2022/training_data/50153_MV.wav,1.0,0.24631858
/tmp/backbone_swap_yamnet_r0og9rwa/data/PhysioNet2022/training_data/50159_MV.wav,1.0,0.18288806
/tmp/backbone_swap_yamnet_r0og9rwa/data/PhysioNet2022/training_data/50159_PV.wav,1.0,0.2008253
/tmp/backbone_swap_yamnet_r0og9rwa/data/PhysioNet2022/training_data/50159_TV.wav,1.0,0.1895374
/tmp/backbone_swap_yamnet_r0og9rwa/data/PhysioNet2022/training_data/50164_MV.wav,1.0,0.17899792
/tmp/backbone_swap_yamnet_r0og9rwa/data/PhysioNet2022/training_data/50164_PV.wav,1.0,0.22267577
/tmp/backbone_swap_yamnet_r0og9rwa/data/PhysioNet2022/training_data/50164_TV.wav,1.0,0.18429573
/tmp/backbone_swap_yamnet_r0og9rwa/data/PhysioNet2022/training_data/50165_AV.wav,1.0,0.21148898
/tmp/backbone_swap_yamnet_r0og9rwa/data/PhysioNet2022/training_data/50165_MV.wav,1.0,0.25852516
/tmp/backbone_swap_yamnet_r0og9rwa/data/PhysioNet2022/training_data/50165_PV.wav,1.0,0.19552903
/tmp/backbone_swap_yamnet_r0og9rwa/data/PhysioNet2022/training_data/50166_MV.wav,1.0,0.21042505
/tmp/backbone_swap_yamnet_r0og9rwa/data/PhysioNet2022/training_data/50213_AV.wav,1.0,0.18461734
/tmp/backbone_swap_yamnet_r0og9rwa/data/PhysioNet2022/training_data/50213_MV.wav,1.0,0.19905555
/tmp/backbone_swap_yamnet_r0og9rwa/data/PhysioNet2022/training_data/50213_PV.wav,1.0,0.2037167
/tmp/backbone_swap_yamnet_r0og9rwa/data/PhysioNet2022/training_data/50213_TV.wav,1.0,0.42289594
/tmp/backbone_swap_yamnet_r0og9rwa/data/PhysioNet2022/training_data/50241_MV.wav,1.0,0.17271243
/tmp/backbone_swap_yamnet_r0og9rwa/data/PhysioNet2022/training_data/50244_AV.wav,1.0,0.21130177
/tmp/backbone_swap_yamnet_r0og9rwa/data/PhysioNet2022/training_data/50244_MV.wav,1.0,0.19696166
/tmp/backbone_swap_yamnet_r0og9rwa/data/PhysioNet2022/training_data/50244_PV.wav,1.0,0.15226106
/tmp/backbone_swap_yamnet_r0og9rwa/data/PhysioNet2022/training_data/50244_TV.wav,1.0,0.19468814
/tmp/backbone_swap_yamnet_r0og9rwa/data/PhysioNet2022/training_data/50247_AV.wav,1.0,0.23066583
/tmp/backbone_swap_yamnet_r0og9rwa/data/PhysioNet2022/training_data/50247_MV.wav,1.0,0.2327011
/tmp/backbone_swap_yamnet_r0og9rwa/data/PhysioNet2022/training_data/50247_PV.wav,1.0,0.19581227
/tmp/backbone_swap_yamnet_r0og9rwa/data/PhysioNet2022/training_data/50248_TV.wav,1.0,0.99999607
/tmp/backbone_swap_yamnet_r0og9rwa/data/PhysioNet2022/training_data/50250_AV.wav,1.0,0.19291304
/tmp/backbone_swap_yamnet_r0og9rwa/data/PhysioNet2022/training_data/50250_MV.wav,1.0,0.2058108
/tmp/backbone_swap_yamnet_r0og9rwa/data/PhysioNet2022/training_data/50250_PV.wav,1.0,0.21123146
/tmp/backbone_swap_yamnet_r0og9rwa/data/PhysioNet2022/training_data/50250_TV_1.wav,1.0,0.30814454
/tmp/backbone_swap_yamnet_r0og9rwa/data/PhysioNet2022/training_data/50250_TV_2.wav,1.0,0.26945913
/tmp/backbone_swap_yamnet_r0og9rwa/data/PhysioNet2022/training_data/50251_AV.wav,1.0,0.2486733
/tmp/backbone_swap_yamnet_r0og9rwa/data/PhysioNet2022/training_data/50251_MV.wav,1.0,0.17129378
/tmp/backbone_swap_yamnet_r0og9rwa/data/PhysioNet2022/training_data/50256_AV.wav,1.0,0.73777395
/tmp/backbone_swap_yamnet_r0og9rwa/data/PhysioNet2022/training_data/50256_MV.wav,1.0,0.17745893
/tmp/backbone_swap_yamnet_r0og9rwa/data/PhysioNet2022/training_data/50256_PV.wav,1.0,0.2012581
/tmp/backbone_swap_yamnet_r0og9rwa/data/PhysioNet2022/training_data/50256_TV.wav,1.0,0.197868
/tmp/backbone_swap_yamnet_r0og9rwa/data/PhysioNet2022/training_data/50264_AV.wav,1.0,0.17732053
/tmp/backbone_swap_yamnet_r0og9rwa/data/PhysioNet2022/training_data/50264_MV.wav,1.0,0.18328841
/tmp/backbone_swap_yamnet_r0og9rwa/data/PhysioNet2022/training_data/50272_AV.wav,1.0,0.20465553
/tmp/backbone_swap_yamnet_r0og9rwa/data/PhysioNet2022/training_data/50272_MV.wav,1.0,0.18818215
/tmp/backbone_swap_yamnet_r0og9rwa/data/PhysioNet2022/training_data/50272_PV.wav,1.0,0.19286408
/tmp/backbone_swap_yamnet_r0og9rwa/data/PhysioNet2022/training_data/50272_TV.wav,1.0,0.21974023
/tmp/backbone_swap_yamnet_r0og9rwa/data/PhysioNet2022/training_data/50273_AV.wav,1.0,0.20156236
/tmp/backbone_swap_yamnet_r0og9rwa/data/PhysioNet2022/training_data/50273_MV.wav,1.0,0.19799499
/tmp/backbone_swap_yamnet_r0og9rwa/data/PhysioNet2022/training_data/50273_PV.wav,1.0,0.24119028
/tmp/backbone_swap_yamnet_r0og9rwa/data/PhysioNet2022/training_data/50273_TV.wav,1.0,0.17361557
/tmp/backbone_swap_yamnet_r0og9rwa/data/PhysioNet2022/training_data/50275_AV.wav,1.0,0.17636845
/tmp/backbone_swap_yamnet_r0og9rwa/data/PhysioNet2022/training_data/50275_MV.wav,1.0,0.27705553
/tmp/backbone_swap_yamnet_r0og9rwa/data/PhysioNet2022/training_data/50275_PV.wav,1.0,0.19568394
/tmp/backbone_swap_yamnet_r0og9rwa/data/PhysioNet2022/training_data/50275_TV.wav,1.0,0.1958419
/tmp/backbone_swap_yamnet_r0og9rwa/data/PhysioNet2022/training_data/50285_MV.wav,1.0,0.5620769
/tmp/backbone_swap_yamnet_r0og9rwa/data/PhysioNet2022/training_data/50295_AV.wav,1.0,0.19015609
/tmp/backbone_swap_yamnet_r0og9rwa/data/PhysioNet2022/training_data/50295_MV.wav,1.0,0.22033365
/tmp/backbone_swap_yamnet_r0og9rwa/data/PhysioNet2022/training_data/50295_PV.wav,1.0,0.18495017
/tmp/backbone_swap_yamnet_r0og9rwa/data/PhysioNet2022/training_data/50295_TV.wav,1.0,0.18828602
/tmp/backbone_swap_yamnet_r0og9rwa/data/PhysioNet2022/training_data/50296_AV.wav,1.0,0.18599194
/tmp/backbone_swap_yamnet_r0og9rwa/data/PhysioNet2022/training_data/50296_MV.wav,1.0,0.18803649
/tmp/backbone_swap_yamnet_r0og9rwa/data/PhysioNet2022/training_data/50296_PV.wav,1.0,0.26588407
/tmp/backbone_swap_yamnet_r0og9rwa/data/PhysioNet2022/training_data/50296_TV.wav,1.0,0.20387563
/tmp/backbone_swap_yamnet_r0og9rwa/data/PhysioNet2022/training_data/50304_PV.wav,1.0,0.19552886
/tmp/backbone_swap_yamnet_r0og9rwa/data/PhysioNet2022/training_data/50306_AV.wav,1.0,0.18376505
/tmp/backbone_swap_yamnet_r0og9rwa/data/PhysioNet2022/training_data/50306_MV.wav,1.0,0.97877043
/tmp/backbone_swap_yamnet_r0og9rwa/data/PhysioNet2022/training_data/50306_PV.wav,1.0,0.20803374
/tmp/backbone_swap_yamnet_r0og9rwa/data/PhysioNet2022/training_data/50306_TV.wav,1.0,0.19441
/tmp/backbone_swap_yamnet_r0og9rwa/data/PhysioNet2022/training_data/50311_MV.wav,1.0,0.20360257
/tmp/backbone_swap_yamnet_r0og9rwa/data/PhysioNet2022/training_data/50311_PV.wav,1.0,0.1893542
/tmp/backbone_swap_yamnet_r0og9rwa/data/PhysioNet2022/training_data/50311_TV.wav,1.0,0.19295432
/tmp/backbone_swap_yamnet_r0og9rwa/data/PhysioNet2022/training_data/50319_AV.wav,1.0,0.17473601
/tmp/backbone_swap_yamnet_r0og9rwa/data/PhysioNet2022/training_data/50319_MV.wav,1.0,0.2053971
/tmp/backbone_swap_yamnet_r0og9rwa/data/PhysioNet2022/training_data/50319_PV.wav,1.0,0.18963039
/tmp/backbone_swap_yamnet_r0og9rwa/data/PhysioNet2022/training_data/50319_TV.wav,1.0,0.17038167
/tmp/backbone_swap_yamnet_r0og9rwa/data/PhysioNet2022/training_data/50321_AV_1.wav,1.0,0.2147935
/tmp/backbone_swap_yamnet_r0og9rwa/data/PhysioNet2022/training_data/50321_AV_2.wav,1.0,0.18603566
/tmp/backbone_swap_yamnet_r0og9rwa/data/PhysioNet2022/training_data/50321_MV_1.wav,1.0,0.18499857
/tmp/backbone_swap_yamnet_r0og9rwa/data/PhysioNet2022/training_data/50321_MV_2.wav,1.0,0.22872354
/tmp/backbone_swap_yamnet_r0og9rwa/data/PhysioNet2022/training_data/50327_AV.wav,1.0,0.23513362
/tmp/backbone_swap_yamnet_r0og9rwa/data/PhysioNet2022/training_data/50327_MV.wav,1.0,0.21163848
/tmp/backbone_swap_yamnet_r0og9rwa/data/PhysioNet2022/training_data/50327_PV.wav,1.0,0.992949
/tmp/backbone_swap_yamnet_r0og9rwa/data/PhysioNet2022/training_data/50327_TV.wav,1.0,0.19716272
/tmp/backbone_swap_yamnet_r0og9rwa/data/PhysioNet2022/training_data/50332_AV.wav,1.0,0.21697582
/tmp/backbone_swap_yamnet_r0og9rwa/data/PhysioNet2022/training_data/50332_MV.wav,1.0,0.19105537
/tmp/backbone_swap_yamnet_r0og9rwa/data/PhysioNet2022/training_data/50334_AV.wav,1.0,0.18883806
/tmp/backbone_swap_yamnet_r0og9rwa/data/PhysioNet2022/training_data/50334_MV.wav,1.0,0.19968635
/tmp/backbone_swap_yamnet_r0og9rwa/data/PhysioNet2022/training_data/50334_PV.wav,1.0,0.20121996
/tmp/backbone_swap_yamnet_r0og9rwa/data/PhysioNet2022/training_data/50334_TV.wav,1.0,0.17988768
/tmp/backbone_swap_yamnet_r0og9rwa/data/PhysioNet2022/training_data/50341_AV.wav,1.0,0.19663262
/tmp/backbone_swap_yamnet_r0og9rwa/data/PhysioNet2022/training_data/50341_MV.wav,1.0,0.18099152
/tmp/backbone_swap_yamnet_r0og9rwa/data/PhysioNet2022/training_data/50342_AV.wav,1.0,0.17374699
/tmp/backbone_swap_yamnet_r0og9rwa/data/PhysioNet2022/training_data/50342_MV.wav,1.0,0.3210495
/tmp/backbone_swap_yamnet_r0og9rwa/data/PhysioNet2022/training_data/50350_AV.wav,1.0,0.9965816
/tmp/backbone_swap_yamnet_r0og9rwa/data/PhysioNet2022/training_data/50350_MV.wav,1.0,0.19263045
/tmp/backbone_swap_yamnet_r0og9rwa/data/PhysioNet2022/training_data/50350_PV.wav,1.0,0.17822476
/tmp/backbone_swap_yamnet_r0og9rwa/data/PhysioNet2022/training_data/50350_TV.wav,1.0,0.18128745
/tmp/backbone_swap_yamnet_r0og9rwa/data/PhysioNet2022/training_data/50352_AV.wav,1.0,0.1844153
/tmp/backbone_swap_yamnet_r0og9rwa/data/PhysioNet2022/training_data/50352_PV.wav,1.0,0.24661456
/tmp/backbone_swap_yamnet_r0og9rwa/data/PhysioNet2022/training_data/50352_TV.wav,1.0,0.302117
/tmp/backbone_swap_yamnet_r0og9rwa/data/PhysioNet2022/training_data/50354_AV.wav,1.0,0.19417381
/tmp/backbone_swap_yamnet_r0og9rwa/data/PhysioNet2022/training_data/50354_MV.wav,1.0,0.24034055
/tmp/backbone_swap_yamnet_r0og9rwa/data/PhysioNet2022/training_data/50354_PV.wav,1.0,0.412235
/tmp/backbone_swap_yamnet_r0og9rwa/data/PhysioNet2022/training_data/50354_TV.wav,1.0,0.23028317
/tmp/backbone_swap_yamnet_r0og9rwa/data/PhysioNet2022/training_data/50375_AV.wav,1.0,0.18431692
/tmp/backbone_swap_yamnet_r0og9rwa/data/PhysioNet2022/training_data/50375_MV.wav,1.0,0.26141992
/tmp/backbone_swap_yamnet_r0og9rwa/data/PhysioNet2022/training_data/50384_AV.wav,1.0,0.19958428
/tmp/backbone_swap_yamnet_r0og9rwa/data/PhysioNet2022/training_data/50384_MV.wav,1.0,0.17938787
/tmp/backbone_swap_yamnet_r0og9rwa/data/PhysioNet2022/training_data/50384_PV.wav,1.0,0.21567015
/tmp/backbone_swap_yamnet_r0og9rwa/data/PhysioNet2022/training_data/50384_TV.wav,1.0,0.18748496
/tmp/backbone_swap_yamnet_r0og9rwa/data/PhysioNet2022/training_data/50628_AV.wav,1.0,0.19873407
/tmp/backbone_swap_yamnet_r0og9rwa/data/PhysioNet2022/training_data/50628_MV.wav,1.0,0.17613643
/tmp/backbone_swap_yamnet_r0og9rwa/data/PhysioNet2022/training_data/50635_AV.wav,1.0,0.19005355
/tmp/backbone_swap_yamnet_r0og9rwa/data/PhysioNet2022/training_data/50635_MV.wav,1.0,0.20351471
/tmp/backbone_swap_yamnet_r0og9rwa/data/PhysioNet2022/training_data/50635_PV.wav,1.0,0.18771516
/tmp/backbone_swap_yamnet_r0og9rwa/data/PhysioNet2022/training_data/50635_TV.wav,1.0,0.18599848
/tmp/backbone_swap_yamnet_r0og9rwa/data/PhysioNet2022/training_data/50658_AV.wav,1.0,0.37602985
/tmp/backbone_swap_yamnet_r0og9rwa/data/PhysioNet2022/training_data/50658_MV.wav,1.0,0.1869716
/tmp/backbone_swap_yamnet_r0og9rwa/data/PhysioNet2022/training_data/50658_PV.wav,1.0,0.1870031
/tmp/backbone_swap_yamnet_r0og9rwa/data/PhysioNet2022/training_data/50658_TV.wav,1.0,0.25758967
/tmp/backbone_swap_yamnet_r0og9rwa/data/PhysioNet2022/training_data/50661_AV.wav,1.0,0.17518428
/tmp/backbone_swap_yamnet_r0og9rwa/data/PhysioNet2022/training_data/50661_MV.wav,1.0,0.25657088
/tmp/backbone_swap_yamnet_r0og9rwa/data/PhysioNet2022/training_data/50665_PV.wav,1.0,0.17133056
/tmp/backbone_swap_yamnet_r0og9rwa/data/PhysioNet2022/training_data/50665_TV.wav,1.0,0.19182262
/tmp/backbone_swap_yamnet_r0og9rwa/data/PhysioNet2022/training_data/50673_AV.wav,1.0,0.18290749
/tmp/backbone_swap_yamnet_r0og9rwa/data/PhysioNet2022/training_data/50673_MV.wav,1.0,0.34615284
/tmp/backbone_swap_yamnet_r0og9rwa/data/PhysioNet2022/training_data/50673_PV.wav,1.0,0.20505315
/tmp/backbone_swap_yamnet_r0og9rwa/data/PhysioNet2022/training_data/50673_TV.wav,1.0,0.18533142
/tmp/backbone_swap_yamnet_r0og9rwa/data/PhysioNet2022/training_data/50687_AV.wav,1.0,0.16514657
/tmp/backbone_swap_yamnet_r0og9rwa/data/PhysioNet2022/training_data/50687_MV.wav,1.0,0.22916915
/tmp/backbone_swap_yamnet_r0og9rwa/data/PhysioNet2022/training_data/50687_PV.wav,1.0,0.1774211
/tmp/backbone_swap_yamnet_r0og9rwa/data/PhysioNet2022/training_data/50687_TV.wav,1.0,0.1958295
/tmp/backbone_swap_yamnet_r0og9rwa/data/PhysioNet2022/training_data/50688_AV.wav,1.0,0.23990996
/tmp/backbone_swap_yamnet_r0og9rwa/data/PhysioNet2022/training_data/50688_MV.wav,1.0,0.1576536
/tmp/backbone_swap_yamnet_r0og9rwa/data/PhysioNet2022/training_data/50688_PV.wav,1.0,0.19159842
/tmp/backbone_swap_yamnet_r0og9rwa/data/PhysioNet2022/training_data/50688_TV.wav,1.0,0.19327596
/tmp/backbone_swap_yamnet_r0og9rwa/data/PhysioNet2022/training_data/50690_AV.wav,1.0,0.22359961
/tmp/backbone_swap_yamnet_r0og9rwa/data/PhysioNet2022/training_data/50690_MV_1.wav,1.0,0.200589
/tmp/backbone_swap_yamnet_r0og9rwa/data/PhysioNet2022/training_data/50690_MV_2.wav,1.0,0.18826278
/tmp/backbone_swap_yamnet_r0og9rwa/data/PhysioNet2022/training_data/50690_PV.wav,1.0,0.30430844
/tmp/backbone_swap_yamnet_r0og9rwa/data/PhysioNet2022/training_data/50690_TV.wav,1.0,0.18503927
/tmp/backbone_swap_yamnet_r0og9rwa/data/PhysioNet2022/training_data/50693_AV.wav,1.0,0.18850446
/tmp/backbone_swap_yamnet_r0og9rwa/data/PhysioNet2022/training_data/50693_MV.wav,1.0,0.19255714
/tmp/backbone_swap_yamnet_r0og9rwa/data/PhysioNet2022/training_data/50693_PV.wav,1.0,0.18167487
/tmp/backbone_swap_yamnet_r0og9rwa/data/PhysioNet2022/training_data/50693_TV.wav,1.0,0.22221789
/tmp/backbone_swap_yamnet_r0og9rwa/data/PhysioNet2022/training_data/50699_AV.wav,1.0,0.19370879
/tmp/backbone_swap_yamnet_r0og9rwa/data/PhysioNet2022/training_data/50699_MV.wav,1.0,0.2788557
/tmp/backbone_swap_yamnet_r0og9rwa/data/PhysioNet2022/training_data/50699_PV.wav,1.0,0.25029743
/tmp/backbone_swap_yamnet_r0og9rwa/data/PhysioNet2022/training_data/50699_TV.wav,1.0,0.19360173
/tmp/backbone_swap_yamnet_r0og9rwa/data/PhysioNet2022/training_data/50722_MV.wav,1.0,0.17972946
/tmp/backbone_swap_yamnet_r0og9rwa/data/PhysioNet2022/training_data/50722_PV.wav,1.0,0.17584112
/tmp/backbone_swap_yamnet_r0og9rwa/data/PhysioNet2022/training_data/50722_TV.wav,1.0,0.19524051
/tmp/backbone_swap_yamnet_r0og9rwa/data/PhysioNet2022/training_data/50727_AV.wav,1.0,0.19204484
/tmp/backbone_swap_yamnet_r0og9rwa/data/PhysioNet2022/training_data/50727_MV.wav,1.0,0.20829289
/tmp/backbone_swap_yamnet_r0og9rwa/data/PhysioNet2022/training_data/50729_AV.wav,1.0,0.17359021
/tmp/backbone_swap_yamnet_r0og9rwa/data/PhysioNet2022/training_data/50729_MV.wav,1.0,0.18532497
/tmp/backbone_swap_yamnet_r0og9rwa/data/PhysioNet2022/training_data/50731_MV.wav,1.0,0.22927216
/tmp/backbone_swap_yamnet_r0og9rwa/data/PhysioNet2022/training_data/50731_PV.wav,1.0,0.17416698
/tmp/backbone_swap_yamnet_r0og9rwa/data/PhysioNet2022/training_data/50731_TV.wav,1.0,0.19593439
/tmp/backbone_swap_yamnet_r0og9rwa/data/PhysioNet2022/training_data/50732_AV.wav,1.0,0.19508986
/tmp/backbone_swap_yamnet_r0og9rwa/data/PhysioNet2022/training_data/50732_MV.wav,1.0,0.18046065
/tmp/backbone_swap_yamnet_r0og9rwa/data/PhysioNet2022/training_data/50732_PV.wav,1.0,0.22819473
/tmp/backbone_swap_yamnet_r0og9rwa/data/PhysioNet2022/training_data/50732_TV.wav,1.0,0.18423757
/tmp/backbone_swap_yamnet_r0og9rwa/data/PhysioNet2022/training_data/50734_AV.wav,1.0,0.18200201
/tmp/backbone_swap_yamnet_r0og9rwa/data/PhysioNet2022/training_data/50734_MV.wav,1.0,0.19279559
/tmp/backbone_swap_yamnet_r0og9rwa/data/PhysioNet2022/training_data/50734_PV.wav,1.0,0.16347119
/tmp/backbone_swap_yamnet_r0og9rwa/data/PhysioNet2022/training_data/50734_Phc.wav,1.0,0.20924509
/tmp/backbone_swap_yamnet_r0og9rwa/data/PhysioNet2022/training_data/50734_TV.wav,1.0,0.19666128
/tmp/backbone_swap_yamnet_r0og9rwa/data/PhysioNet2022/training_data/50737_MV.wav,1.0,0.19337104
/tmp/backbone_swap_yamnet_r0og9rwa/data/PhysioNet2022/training_data/50737_PV.wav,1.0,0.28140506
/tmp/backbone_swap_yamnet_r0og9rwa/data/PhysioNet2022/training_data/50737_TV.wav,1.0,0.20740364
/tmp/backbone_swap_yamnet_r0og9rwa/data/PhysioNet2022/training_data/50738_AV.wav,1.0,0.25953647
/tmp/backbone_swap_yamnet_r0og9rwa/data/PhysioNet2022/training_data/50738_MV.wav,1.0,0.19608289
/tmp/backbone_swap_yamnet_r0og9rwa/data/PhysioNet2022/training_data/50738_PV.wav,1.0,0.1994208
/tmp/backbone_swap_yamnet_r0og9rwa/data/PhysioNet2022/training_data/50738_TV.wav,1.0,0.20007388
/tmp/backbone_swap_yamnet_r0og9rwa/data/PhysioNet2022/training_data/50743_AV_1.wav,1.0,0.20786269
/tmp/backbone_swap_yamnet_r0og9rwa/data/PhysioNet2022/training_data/50743_AV_2.wav,1.0,0.19740023
/tmp/backbone_swap_yamnet_r0og9rwa/data/PhysioNet2022/training_data/50743_AV_3.wav,1.0,0.23075566
/tmp/backbone_swap_yamnet_r0og9rwa/data/PhysioNet2022/training_data/50743_MV.wav,1.0,0.21480532
/tmp/backbone_swap_yamnet_r0og9rwa/data/PhysioNet2022/training_data/50747_AV.wav,1.0,0.23709479
/tmp/backbone_swap_yamnet_r0og9rwa/data/PhysioNet2022/training_data/50747_MV.wav,1.0,0.19788675
/tmp/backbone_swap_yamnet_r0og9rwa/data/PhysioNet2022/training_data/50747_PV.wav,1.0,0.18720858
/tmp/backbone_swap_yamnet_r0og9rwa/data/PhysioNet2022/training_data/50747_TV.wav,1.0,0.19532558
/tmp/backbone_swap_yamnet_r0og9rwa/data/PhysioNet2022/training_data/50748_AV.wav,1.0,0.18680614
/tmp/backbone_swap_yamnet_r0og9rwa/data/PhysioNet2022/training_data/50748_MV.wav,1.0,0.21366206
/tmp/backbone_swap_yamnet_r0og9rwa/data/PhysioNet2022/training_data/50749_AV.wav,1.0,0.20229183
/tmp/backbone_swap_yamnet_r0og9rwa/data/PhysioNet2022/training_data/50749_MV.wav,1.0,0.20732881
/tmp/backbone_swap_yamnet_r0og9rwa/data/PhysioNet2022/training_data/50749_PV.wav,1.0,0.22766474
/tmp/backbone_swap_yamnet_r0og9rwa/data/PhysioNet2022/training_data/50749_TV.wav,1.0,0.19169396
/tmp/backbone_swap_yamnet_r0og9rwa/data/PhysioNet2022/training_data/50756_AV.wav,1.0,0.18778177
/tmp/backbone_swap_yamnet_r0og9rwa/data/PhysioNet2022/training_data/50756_MV.wav,1.0,0.21003382
/tmp/backbone_swap_yamnet_r0og9rwa/data/PhysioNet2022/training_data/50756_PV.wav,1.0,0.20335558
/tmp/backbone_swap_yamnet_r0og9rwa/data/PhysioNet2022/training_data/50756_TV.wav,1.0,0.21709117
/tmp/backbone_swap_yamnet_r0og9rwa/data/PhysioNet2022/training_data/50757_AV.wav,1.0,0.19405486
/tmp/backbone_swap_yamnet_r0og9rwa/data/PhysioNet2022/training_data/50757_MV.wav,1.0,0.986294
/tmp/backbone_swap_yamnet_r0og9rwa/data/PhysioNet2022/training_data/50757_PV.wav,1.0,0.21042083
/tmp/backbone_swap_yamnet_r0og9rwa/data/PhysioNet2022/training_data/50757_TV.wav,1.0,0.19738898
/tmp/backbone_swap_yamnet_r0og9rwa/data/PhysioNet2022/training_data/50772_AV.wav,1.0,0.17117655
/tmp/backbone_swap_yamnet_r0og9rwa/data/PhysioNet2022/training_data/50772_MV.wav,1.0,0.1952373
/tmp/backbone_swap_yamnet_r0og9rwa/data/PhysioNet2022/training_data/50772_PV.wav,1.0,0.19201693
/tmp/backbone_swap_yamnet_r0og9rwa/data/PhysioNet2022/training_data/50782_AV_1.wav,1.0,0.16517033
/tmp/backbone_swap_yamnet_r0og9rwa/data/PhysioNet2022/training_data/50782_AV_2.wav,1.0,0.18621098
/tmp/backbone_swap_yamnet_r0og9rwa/data/PhysioNet2022/training_data/50782_MV_1.wav,1.0,0.73035467
/tmp/backbone_swap_yamnet_r0og9rwa/data/PhysioNet2022/training_data/50782_MV_2.wav,1.0,0.18085751
/tmp/backbone_swap_yamnet_r0og9rwa/data/PhysioNet2022/training_data/50782_PV.wav,1.0,0.19806623
/tmp/backbone_swap_yamnet_r0og9rwa/data/PhysioNet2022/training_data/50782_TV.wav,1.0,0.23822534
/tmp/backbone_swap_yamnet_r0og9rwa/data/PhysioNet2022/training_data/50787_MV.wav,1.0,0.17909925
/tmp/backbone_swap_yamnet_r0og9rwa/data/PhysioNet2022/training_data/50790_AV.wav,1.0,0.22255644
/tmp/backbone_swap_yamnet_r0og9rwa/data/PhysioNet2022/training_data/50790_MV.wav,1.0,0.29908526
/tmp/backbone_swap_yamnet_r0og9rwa/data/PhysioNet2022/training_data/50795_AV.wav,1.0,0.21222888
/tmp/backbone_swap_yamnet_r0og9rwa/data/PhysioNet2022/training_data/50795_MV.wav,1.0,0.1959196
/tmp/backbone_swap_yamnet_r0og9rwa/data/PhysioNet2022/training_data/50796_MV.wav,1.0,0.18649708
/tmp/backbone_swap_yamnet_r0og9rwa/data/PhysioNet2022/training_data/50796_PV.wav,1.0,0.18824327
/tmp/backbone_swap_yamnet_r0og9rwa/data/PhysioNet2022/training_data/50796_TV.wav,1.0,0.196738
/tmp/backbone_swap_yamnet_r0og9rwa/data/PhysioNet2022/training_data/50798_AV.wav,1.0,0.185311
/tmp/backbone_swap_yamnet_r0og9rwa/data/PhysioNet2022/training_data/50798_MV.wav,1.0,0.18180493
/tmp/backbone_swap_yamnet_r0og9rwa/data/PhysioNet2022/training_data/50798_PV.wav,1.0,0.19904207
/tmp/backbone_swap_yamnet_r0og9rwa/data/PhysioNet2022/training_data/50798_TV.wav,1.0,0.19894864
/tmp/backbone_swap_yamnet_r0og9rwa/data/PhysioNet2022/training_data/50800_AV.wav,1.0,0.18363997
/tmp/backbone_swap_yamnet_r0og9rwa/data/PhysioNet2022/training_data/50800_MV.wav,1.0,0.20588496
/tmp/backbone_swap_yamnet_r0og9rwa/data/PhysioNet2022/training_data/50800_PV.wav,1.0,0.19408879
/tmp/backbone_swap_yamnet_r0og9rwa/data/PhysioNet2022/training_data/50800_TV.wav,1.0,0.20313258
/tmp/backbone_swap_yamnet_r0og9rwa/data/PhysioNet2022/training_data/50819_AV.wav,1.0,0.20002751
/tmp/backbone_swap_yamnet_r0og9rwa/data/PhysioNet2022/training_data/50819_MV.wav,1.0,0.1862708
/tmp/backbone_swap_yamnet_r0og9rwa/data/PhysioNet2022/training_data/50819_PV.wav,1.0,0.21545538
/tmp/backbone_swap_yamnet_r0og9rwa/data/PhysioNet2022/training_data/50819_TV.wav,1.0,0.16430593
/tmp/backbone_swap_yamnet_r0og9rwa/data/PhysioNet2022/training_data/50822_AV.wav,1.0,0.17571849
/tmp/backbone_swap_yamnet_r0og9rwa/data/PhysioNet2022/training_data/50822_MV.wav,1.0,0.21689434
/tmp/backbone_swap_yamnet_r0og9rwa/data/PhysioNet2022/training_data/50822_PV.wav,1.0,0.2019144
/tmp/backbone_swap_yamnet_r0og9rwa/data/PhysioNet2022/training_data/50822_TV.wav,1.0,0.17797245
/tmp/backbone_swap_yamnet_r0og9rwa/data/PhysioNet2022/training_data/50829_AV.wav,1.0,0.3972814
/tmp/backbone_swap_yamnet_r0og9rwa/data/PhysioNet2022/training_data/50829_MV.wav,1.0,0.1775743
/tmp/backbone_swap_yamnet_r0og9rwa/data/PhysioNet2022/training_data/50829_PV.wav,1.0,0.18873465
/tmp/backbone_swap_yamnet_r0og9rwa/data/PhysioNet2022/training_data/57706_AV.wav,1.0,0.64436114
/tmp/backbone_swap_yamnet_r0og9rwa/data/PhysioNet2022/training_data/57706_MV.wav,1.0,0.20539963
/tmp/backbone_swap_yamnet_r0og9rwa/data/PhysioNet2022/training_data/57706_PV.wav,1.0,0.20304088
/tmp/backbone_swap_yamnet_r0og9rwa/data/PhysioNet2022/training_data/57706_TV.wav,1.0,0.18848893
/tmp/backbone_swap_yamnet_r0og9rwa/data/PhysioNet2022/training_data/68175_AV.wav,1.0,0.16191144
/tmp/backbone_swap_yamnet_r0og9rwa/data/PhysioNet2022/training_data/68175_MV.wav,1.0,0.24701239
/tmp/backbone_swap_yamnet_r0og9rwa/data/PhysioNet2022/training_data/68175_PV.wav,1.0,0.19674382
/tmp/backbone_swap_yamnet_r0og9rwa/data/PhysioNet2022/training_data/68175_TV.wav,1.0,0.18774247
/tmp/backbone_swap_yamnet_r0og9rwa/data/PhysioNet2022/training_data/68186_AV.wav,1.0,0.1776259
/tmp/backbone_swap_yamnet_r0og9rwa/data/PhysioNet2022/training_data/68186_MV.wav,1.0,0.24012353
/tmp/backbone_swap_yamnet_r0og9rwa/data/PhysioNet2022/training_data/68186_PV.wav,1.0,0.18070714
/tmp/backbone_swap_yamnet_r0og9rwa/data/PhysioNet2022/training_data/68186_TV.wav,1.0,0.5197384
/tmp/backbone_swap_yamnet_r0og9rwa/data/PhysioNet2022/training_data/68204_AV.wav,1.0,0.20020472
/tmp/backbone_swap_yamnet_r0og9rwa/data/PhysioNet2022/training_data/68204_MV.wav,1.0,0.17276295
/tmp/backbone_swap_yamnet_r0og9rwa/data/PhysioNet2022/training_data/68204_PV.wav,1.0,0.20495288
/tmp/backbone_swap_yamnet_r0og9rwa/data/PhysioNet2022/training_data/68204_TV.wav,1.0,0.19135275
/tmp/backbone_swap_yamnet_r0og9rwa/data/PhysioNet2022/training_data/68222_AV.wav,1.0,0.20537871
/tmp/backbone_swap_yamnet_r0og9rwa/data/PhysioNet2022/training_data/68222_MV.wav,1.0,0.18235028
/tmp/backbone_swap_yamnet_r0og9rwa/data/PhysioNet2022/training_data/68222_PV.wav,1.0,0.5642749
/tmp/backbone_swap_yamnet_r0og9rwa/data/PhysioNet2022/training_data/68222_TV.wav,1.0,0.17594533
/tmp/backbone_swap_yamnet_r0og9rwa/data/PhysioNet2022/training_data/68255_AV.wav,1.0,0.21247482
/tmp/backbone_swap_yamnet_r0og9rwa/data/PhysioNet2022/training_data/68255_MV.wav,1.0,0.28937832
/tmp/backbone_swap_yamnet_r0og9rwa/data/PhysioNet2022/training_data/68255_PV.wav,1.0,0.41133884
/tmp/backbone_swap_yamnet_r0og9rwa/data/PhysioNet2022/training_data/68255_TV.wav,1.0,0.17836343
/tmp/backbone_swap_yamnet_r0og9rwa/data/PhysioNet2022/training_data/68269_PV.wav,1.0,0.23706517
/tmp/backbone_swap_yamnet_r0og9rwa/data/PhysioNet2022/training_data/68269_TV.wav,1.0,0.20491278
/tmp/backbone_swap_yamnet_r0og9rwa/data/PhysioNet2022/training_data/68298_AV.wav,1.0,0.21286924
/tmp/backbone_swap_yamnet_r0og9rwa/data/PhysioNet2022/training_data/68298_MV.wav,1.0,0.2863609
/tmp/backbone_swap_yamnet_r0og9rwa/data/PhysioNet2022/training_data/68330_TV.wav,1.0,0.18836357
/tmp/backbone_swap_yamnet_r0og9rwa/data/PhysioNet2022/training_data/68347_AV.wav,1.0,0.18514898
/tmp/backbone_swap_yamnet_r0og9rwa/data/PhysioNet2022/training_data/68347_MV.wav,1.0,0.20429306
/tmp/backbone_swap_yamnet_r0og9rwa/data/PhysioNet2022/training_data/68347_PV.wav,1.0,0.20094511
/tmp/backbone_swap_yamnet_r0og9rwa/data/PhysioNet2022/training_data/68347_TV.wav,1.0,0.43560213
/tmp/backbone_swap_yamnet_r0og9rwa/data/PhysioNet2022/training_data/68359_AV.wav,1.0,0.43183467
/tmp/backbone_swap_yamnet_r0og9rwa/data/PhysioNet2022/training_data/68359_MV.wav,1.0,0.20790897
/tmp/backbone_swap_yamnet_r0og9rwa/data/PhysioNet2022/training_data/68359_PV.wav,1.0,0.19191079
/tmp/backbone_swap_yamnet_r0og9rwa/data/PhysioNet2022/training_data/68359_TV.wav,1.0,0.19723944
/tmp/backbone_swap_yamnet_r0og9rwa/data/PhysioNet2022/training_data/68377_AV.wav,1.0,0.20909353
/tmp/backbone_swap_yamnet_r0og9rwa/data/PhysioNet2022/training_data/68377_MV.wav,1.0,0.18887527
/tmp/backbone_swap_yamnet_r0og9rwa/data/PhysioNet2022/training_data/68377_PV.wav,1.0,0.17485256
/tmp/backbone_swap_yamnet_r0og9rwa/data/PhysioNet2022/training_data/68377_TV.wav,1.0,0.18169184
/tmp/backbone_swap_yamnet_r0og9rwa/data/PhysioNet2022/training_data/68427_AV.wav,1.0,0.2141387
/tmp/backbone_swap_yamnet_r0og9rwa/data/PhysioNet2022/training_data/68427_MV.wav,1.0,0.1978466
/tmp/backbone_swap_yamnet_r0og9rwa/data/PhysioNet2022/training_data/68427_PV.wav,1.0,0.18447047
/tmp/backbone_swap_yamnet_r0og9rwa/data/PhysioNet2022/training_data/68427_TV.wav,1.0,0.20935445
/tmp/backbone_swap_yamnet_r0og9rwa/data/PhysioNet2022/training_data/68432_AV.wav,1.0,0.18376803
/tmp/backbone_swap_yamnet_r0og9rwa/data/PhysioNet2022/training_data/68432_MV.wav,1.0,0.18448608
/tmp/backbone_swap_yamnet_r0og9rwa/data/PhysioNet2022/training_data/68432_PV.wav,1.0,0.2599879
/tmp/backbone_swap_yamnet_r0og9rwa/data/PhysioNet2022/training_data/68432_TV.wav,1.0,0.20362413
/tmp/backbone_swap_yamnet_r0og9rwa/data/PhysioNet2022/training_data/68449_AV.wav,1.0,0.205149
/tmp/backbone_swap_yamnet_r0og9rwa/data/PhysioNet2022/training_data/68449_PV.wav,1.0,0.18799995
/tmp/backbone_swap_yamnet_r0og9rwa/data/PhysioNet2022/training_data/68449_TV.wav,1.0,0.2044988
/tmp/backbone_swap_yamnet_r0og9rwa/data/PhysioNet2022/training_data/68456_AV.wav,1.0,0.17448795
/tmp/backbone_swap_yamnet_r0og9rwa/data/PhysioNet2022/training_data/68456_MV.wav,1.0,0.17307603
/tmp/backbone_swap_yamnet_r0og9rwa/data/PhysioNet2022/training_data/68456_PV.wav,1.0,0.4075411
/tmp/backbone_swap_yamnet_r0og9rwa/data/PhysioNet2022/training_data/68456_TV.wav,1.0,0.23507439
/tmp/backbone_swap_yamnet_r0og9rwa/data/PhysioNet2022/training_data/68460_AV.wav,1.0,0.20132525
/tmp/backbone_swap_yamnet_r0og9rwa/data/PhysioNet2022/training_data/68460_MV.wav,1.0,0.1824043
/tmp/backbone_swap_yamnet_r0og9rwa/data/PhysioNet2022/training_data/68460_PV.wav,1.0,0.16660689
/tmp/backbone_swap_yamnet_r0og9rwa/data/PhysioNet2022/training_data/68460_TV.wav,1.0,0.17960098
/tmp/backbone_swap_yamnet_r0og9rwa/data/PhysioNet2022/training_data/68477_AV.wav,1.0,0.1892763
/tmp/backbone_swap_yamnet_r0og9rwa/data/PhysioNet2022/training_data/68477_MV.wav,1.0,0.17116958
/tmp/backbone_swap_yamnet_r0og9rwa/data/PhysioNet2022/training_data/68477_PV.wav,1.0,0.18812409
/tmp/backbone_swap_yamnet_r0og9rwa/data/PhysioNet2022/training_data/68477_TV.wav,1.0,0.20999664
/tmp/backbone_swap_yamnet_r0og9rwa/data/PhysioNet2022/training_data/68532_AV.wav,1.0,0.20836462
/tmp/backbone_swap_yamnet_r0og9rwa/data/PhysioNet2022/training_data/68532_MV.wav,1.0,0.20584494
/tmp/backbone_swap_yamnet_r0og9rwa/data/PhysioNet2022/training_data/68532_PV.wav,1.0,0.21281494
/tmp/backbone_swap_yamnet_r0og9rwa/data/PhysioNet2022/training_data/68532_TV.wav,1.0,0.19700427
/tmp/backbone_swap_yamnet_r0og9rwa/data/PhysioNet2022/training_data/68560_AV.wav,1.0,0.18120497
/tmp/backbone_swap_yamnet_r0og9rwa/data/PhysioNet2022/training_data/68560_MV.wav,1.0,0.18318214
/tmp/backbone_swap_yamnet_r0og9rwa/data/PhysioNet2022/training_data/68560_PV.wav,1.0,0.28011468
/tmp/backbone_swap_yamnet_r0og9rwa/data/PhysioNet2022/training_data/68560_TV.wav,1.0,0.21978122
/tmp/backbone_swap_yamnet_r0og9rwa/data/PhysioNet2022/training_data/68582_AV.wav,1.0,0.22977693
/tmp/backbone_swap_yamnet_r0og9rwa/data/PhysioNet2022/training_data/68582_MV.wav,1.0,0.24369116
/tmp/backbone_swap_yamnet_r0og9rwa/data/PhysioNet2022/training_data/68582_PV.wav,1.0,0.19644342
/tmp/backbone_swap_yamnet_r0og9rwa/data/PhysioNet2022/training_data/68582_TV.wav,1.0,0.17970715
/tmp/backbone_swap_yamnet_r0og9rwa/data/PhysioNet2022/training_data/68624_AV.wav,1.0,0.24989738
/tmp/backbone_swap_yamnet_r0og9rwa/data/PhysioNet2022/training_data/68624_MV.wav,1.0,0.1754901
/tmp/backbone_swap_yamnet_r0og9rwa/data/PhysioNet2022/training_data/68624_PV.wav,1.0,0.2105629
/tmp/backbone_swap_yamnet_r0og9rwa/data/PhysioNet2022/training_data/68624_TV.wav,1.0,0.90356314
/tmp/backbone_swap_yamnet_r0og9rwa/data/PhysioNet2022/training_data/68659_AV.wav,1.0,0.16391934
/tmp/backbone_swap_yamnet_r0og9rwa/data/PhysioNet2022/training_data/68659_MV.wav,1.0,0.42756963
/tmp/backbone_swap_yamnet_r0og9rwa/data/PhysioNet2022/training_data/68659_PV.wav,1.0,0.2047934
/tmp/backbone_swap_yamnet_r0og9rwa/data/PhysioNet2022/training_data/68659_TV.wav,1.0,0.1919201
/tmp/backbone_swap_yamnet_r0og9rwa/data/PhysioNet2022/training_data/68705_AV.wav,1.0,0.18414329
/tmp/backbone_swap_yamnet_r0og9rwa/data/PhysioNet2022/training_data/68705_MV.wav,1.0,0.21257316
/tmp/backbone_swap_yamnet_r0og9rwa/data/PhysioNet2022/training_data/68705_PV.wav,1.0,0.21508685
/tmp/backbone_swap_yamnet_r0og9rwa/data/PhysioNet2022/training_data/68705_TV.wav,1.0,0.47815734
/tmp/backbone_swap_yamnet_r0og9rwa/data/PhysioNet2022/training_data/68711_AV.wav,1.0,0.17122722
/tmp/backbone_swap_yamnet_r0og9rwa/data/PhysioNet2022/training_data/68711_MV.wav,1.0,0.22210741
/tmp/backbone_swap_yamnet_r0og9rwa/data/PhysioNet2022/training_data/68711_PV.wav,1.0,0.18428841
/tmp/backbone_swap_yamnet_r0og9rwa/data/PhysioNet2022/training_data/68711_TV.wav,1.0,0.1868618
/tmp/backbone_swap_yamnet_r0og9rwa/data/PhysioNet2022/training_data/68741_AV.wav,1.0,0.18609765
/tmp/backbone_swap_yamnet_r0og9rwa/data/PhysioNet2022/training_data/68741_MV.wav,1.0,0.16052437
/tmp/backbone_swap_yamnet_r0og9rwa/data/PhysioNet2022/training_data/68741_PV.wav,1.0,0.16454472
/tmp/backbone_swap_yamnet_r0og9rwa/data/PhysioNet2022/training_data/68741_TV.wav,1.0,0.21433116
/tmp/backbone_swap_yamnet_r0og9rwa/data/PhysioNet2022/training_data/68755_AV.wav,1.0,0.27066353
/tmp/backbone_swap_yamnet_r0og9rwa/data/PhysioNet2022/training_data/68755_MV.wav,1.0,0.18135478
/tmp/backbone_swap_yamnet_r0og9rwa/data/PhysioNet2022/training_data/68755_PV.wav,1.0,0.22304189
/tmp/backbone_swap_yamnet_r0og9rwa/data/PhysioNet2022/training_data/68755_TV.wav,1.0,0.20945707
/tmp/backbone_swap_yamnet_r0og9rwa/data/PhysioNet2022/training_data/68861_AV.wav,1.0,0.19310881
/tmp/backbone_swap_yamnet_r0og9rwa/data/PhysioNet2022/training_data/68861_MV.wav,1.0,0.1936492
/tmp/backbone_swap_yamnet_r0og9rwa/data/PhysioNet2022/training_data/68861_PV.wav,1.0,0.20871724
/tmp/backbone_swap_yamnet_r0og9rwa/data/PhysioNet2022/training_data/68861_TV.wav,1.0,0.9058705
/tmp/backbone_swap_yamnet_r0og9rwa/data/PhysioNet2022/training_data/68864_MV.wav,1.0,0.20906818
/tmp/backbone_swap_yamnet_r0og9rwa/data/PhysioNet2022/training_data/68864_PV.wav,1.0,0.18036751
/tmp/backbone_swap_yamnet_r0og9rwa/data/PhysioNet2022/training_data/68864_TV.wav,1.0,0.19986016
/tmp/backbone_swap_yamnet_r0og9rwa/data/PhysioNet2022/training_data/68887_AV.wav,1.0,0.18947062
/tmp/backbone_swap_yamnet_r0og9rwa/data/PhysioNet2022/training_data/68887_MV.wav,1.0,0.19436482
/tmp/backbone_swap_yamnet_r0og9rwa/data/PhysioNet2022/training_data/68887_TV.wav,1.0,0.16852906
/tmp/backbone_swap_yamnet_r0og9rwa/data/PhysioNet2022/training_data/68895_AV.wav,1.0,0.18053722
/tmp/backbone_swap_yamnet_r0og9rwa/data/PhysioNet2022/training_data/68895_MV.wav,1.0,0.17884144
/tmp/backbone_swap_yamnet_r0og9rwa/data/PhysioNet2022/training_data/68895_PV.wav,1.0,0.18121538
/tmp/backbone_swap_yamnet_r0og9rwa/data/PhysioNet2022/training_data/68895_TV.wav,1.0,0.18629806
/tmp/backbone_swap_yamnet_r0og9rwa/data/PhysioNet2022/training_data/68908_MV.wav,1.0,0.20685485
/tmp/backbone_swap_yamnet_r0og9rwa/data/PhysioNet2022/training_data/68908_PV.wav,1.0,0.18371226
/tmp/backbone_swap_yamnet_r0og9rwa/data/PhysioNet2022/training_data/68908_TV.wav,1.0,0.18883546
/tmp/backbone_swap_yamnet_r0og9rwa/data/PhysioNet2022/training_data/69079_AV.wav,1.0,0.45303655
/tmp/backbone_swap_yamnet_r0og9rwa/data/PhysioNet2022/training_data/69079_MV.wav,1.0,0.27317327
/tmp/backbone_swap_yamnet_r0og9rwa/data/PhysioNet2022/training_data/69079_PV.wav,1.0,0.56061697
/tmp/backbone_swap_yamnet_r0og9rwa/data/PhysioNet2022/training_data/69079_TV.wav,1.0,0.18383715
/tmp/backbone_swap_yamnet_r0og9rwa/data/PhysioNet2022/training_data/69095_AV.wav,1.0,0.20369147
/tmp/backbone_swap_yamnet_r0og9rwa/data/PhysioNet2022/training_data/69095_MV.wav,1.0,0.26493603
/tmp/backbone_swap_yamnet_r0og9rwa/data/PhysioNet2022/training_data/69095_PV.wav,1.0,0.19556206
/tmp/backbone_swap_yamnet_r0og9rwa/data/PhysioNet2022/training_data/69095_TV.wav,1.0,0.23798738
/tmp/backbone_swap_yamnet_r0og9rwa/data/PhysioNet2022/training_data/69096_AV.wav,1.0,0.20065765
/tmp/backbone_swap_yamnet_r0og9rwa/data/PhysioNet2022/training_data/69096_MV.wav,1.0,0.20927526
/tmp/backbone_swap_yamnet_r0og9rwa/data/PhysioNet2022/training_data/69096_PV.wav,1.0,0.20628452
/tmp/backbone_swap_yamnet_r0og9rwa/data/PhysioNet2022/training_data/69096_TV.wav,1.0,0.19257411
/tmp/backbone_swap_yamnet_r0og9rwa/data/PhysioNet2022/training_data/69106_AV.wav,1.0,0.19469666
/tmp/backbone_swap_yamnet_r0og9rwa/data/PhysioNet2022/training_data/69106_MV.wav,1.0,0.5290203
/tmp/backbone_swap_yamnet_r0og9rwa/data/PhysioNet2022/training_data/69106_PV.wav,1.0,0.17817213
/tmp/backbone_swap_yamnet_r0og9rwa/data/PhysioNet2022/training_data/69106_TV.wav,1.0,0.18668671
/tmp/backbone_swap_yamnet_r0og9rwa/data/PhysioNet2022/training_data/69129_AV.wav,1.0,0.18672967
/tmp/backbone_swap_yamnet_r0og9rwa/data/PhysioNet2022/training_data/69129_MV.wav,1.0,0.22913828
/tmp/backbone_swap_yamnet_r0og9rwa/data/PhysioNet2022/training_data/69129_PV.wav,1.0,0.23297486
/tmp/backbone_swap_yamnet_r0og9rwa/data/PhysioNet2022/training_data/69129_TV.wav,1.0,0.20489126
/tmp/backbone_swap_yamnet_r0og9rwa/data/PhysioNet2022/training_data/69141_AV.wav,1.0,0.19341312
/tmp/backbone_swap_yamnet_r0og9rwa/data/PhysioNet2022/training_data/69141_MV.wav,1.0,0.1860692
/tmp/backbone_swap_yamnet_r0og9rwa/data/PhysioNet2022/training_data/69141_PV.wav,1.0,0.18944246
/tmp/backbone_swap_yamnet_r0og9rwa/data/PhysioNet2022/training_data/69141_TV.wav,1.0,0.1858484
/tmp/backbone_swap_yamnet_r0og9rwa/data/PhysioNet2022/training_data/69147_AV.wav,1.0,0.20570736
/tmp/backbone_swap_yamnet_r0og9rwa/data/PhysioNet2022/training_data/69147_MV.wav,1.0,0.22192916
/tmp/backbone_swap_yamnet_r0og9rwa/data/PhysioNet2022/training_data/69147_PV.wav,1.0,0.28781524
/tmp/backbone_swap_yamnet_r0og9rwa/data/PhysioNet2022/training_data/69147_TV.wav,1.0,0.18872035
/tmp/backbone_swap_yamnet_r0og9rwa/data/PhysioNet2022/training_data/69152_AV.wav,1.0,0.18536526
/tmp/backbone_swap_yamnet_r0og9rwa/data/PhysioNet2022/training_data/69152_MV.wav,1.0,0.20862229
/tmp/backbone_swap_yamnet_r0og9rwa/data/PhysioNet2022/training_data/69152_PV.wav,1.0,0.23431057
/tmp/backbone_swap_yamnet_r0og9rwa/data/PhysioNet2022/training_data/69152_TV.wav,1.0,0.1816169
/tmp/backbone_swap_yamnet_r0og9rwa/data/PhysioNet2022/training_data/69188_AV.wav,1.0,0.18616502
/tmp/backbone_swap_yamnet_r0og9rwa/data/PhysioNet2022/training_data/69188_MV.wav,1.0,0.9999436
/tmp/backbone_swap_yamnet_r0og9rwa/data/PhysioNet2022/training_data/69188_PV.wav,1.0,0.1988991
/tmp/backbone_swap_yamnet_r0og9rwa/data/PhysioNet2022/training_data/69188_TV.wav,1.0,0.17896125
/tmp/backbone_swap_yamnet_r0og9rwa/data/PhysioNet2022/training_data/70280_AV.wav,1.0,0.16942014
/tmp/backbone_swap_yamnet_r0og9rwa/data/PhysioNet2022/training_data/70280_MV.wav,1.0,0.19327903
/tmp/backbone_swap_yamnet_r0og9rwa/data/PhysioNet2022/training_data/73316_AV.wav,1.0,0.20195816
/tmp/backbone_swap_yamnet_r0og9rwa/data/PhysioNet2022/training_data/73316_MV.wav,1.0,0.19480745
/tmp/backbone_swap_yamnet_r0og9rwa/data/PhysioNet2022/training_data/73316_PV.wav,1.0,0.18491258
/tmp/backbone_swap_yamnet_r0og9rwa/data/PhysioNet2022/training_data/73316_TV.wav,1.0,0.34321162
/tmp/backbone_swap_yamnet_r0og9rwa/data/PhysioNet2022/training_data/76758_MV.wav,1.0,0.39066473
/tmp/backbone_swap_yamnet_r0og9rwa/data/PhysioNet2022/training_data/78582_AV.wav,1.0,0.17071682
/tmp/backbone_swap_yamnet_r0og9rwa/data/PhysioNet2022/training_data/78582_MV.wav,1.0,0.18255506
/tmp/backbone_swap_yamnet_r0og9rwa/data/PhysioNet2022/training_data/80348_AV.wav,1.0,0.19721381
/tmp/backbone_swap_yamnet_r0og9rwa/data/PhysioNet2022/training_data/80348_MV.wav,1.0,0.22934683
/tmp/backbone_swap_yamnet_r0og9rwa/data/PhysioNet2022/training_data/80348_PV.wav,1.0,0.2387522
/tmp/backbone_swap_yamnet_r0og9rwa/data/PhysioNet2022/training_data/80348_TV.wav,1.0,0.20305221
/tmp/backbone_swap_yamnet_r0og9rwa/data/PhysioNet2022/training_data/84690_MV.wav,1.0,0.17910038
/tmp/backbone_swap_yamnet_r0og9rwa/data/PhysioNet2022/training_data/84690_Phc.wav,1.0,0.4348134
/tmp/backbone_swap_yamnet_r0og9rwa/data/PhysioNet2022/training_data/84690_TV.wav,1.0,0.19314621
/tmp/backbone_swap_yamnet_r0og9rwa/data/PhysioNet2022/training_data/84695_AV.wav,1.0,0.19490154
/tmp/backbone_swap_yamnet_r0og9rwa/data/PhysioNet2022/training_data/84695_MV.wav,1.0,0.22927332
/tmp/backbone_swap_yamnet_r0og9rwa/data/PhysioNet2022/training_data/84695_PV.wav,1.0,0.3775376
/tmp/backbone_swap_yamnet_r0og9rwa/data/PhysioNet2022/training_data/84695_TV.wav,1.0,0.20646013
/tmp/backbone_swap_yamnet_r0og9rwa/data/PhysioNet2022/training_data/84702_MV.wav,1.0,0.18104868
/tmp/backbone_swap_yamnet_r0og9rwa/data/PhysioNet2022/training_data/84702_PV.wav,1.0,0.21958327
/tmp/backbone_swap_yamnet_r0og9rwa/data/PhysioNet2022/training_data/84702_TV.wav,1.0,0.5377067
/tmp/backbone_swap_yamnet_r0og9rwa/data/PhysioNet2022/training_data/84706_AV.wav,1.0,0.9999999
/tmp/backbone_swap_yamnet_r0og9rwa/data/PhysioNet2022/training_data/84706_MV.wav,1.0,0.20293549
/tmp/backbone_swap_yamnet_r0og9rwa/data/PhysioNet2022/training_data/84706_PV.wav,1.0,0.24796076
/tmp/backbone_swap_yamnet_r0og9rwa/data/PhysioNet2022/training_data/84706_TV.wav,1.0,0.1830045
/tmp/backbone_swap_yamnet_r0og9rwa/data/PhysioNet2022/training_data/84708_AV.wav,1.0,0.19044769
/tmp/backbone_swap_yamnet_r0og9rwa/data/PhysioNet2022/training_data/84708_MV.wav,1.0,0.2876926
/tmp/backbone_swap_yamnet_r0og9rwa/data/PhysioNet2022/training_data/84710_AV.wav,1.0,0.19882408
/tmp/backbone_swap_yamnet_r0og9rwa/data/PhysioNet2022/training_data/84710_MV.wav,1.0,0.19081408
/tmp/backbone_swap_yamnet_r0og9rwa/data/PhysioNet2022/training_data/84710_PV.wav,1.0,0.19225562
/tmp/backbone_swap_yamnet_r0og9rwa/data/PhysioNet2022/training_data/84710_TV.wav,1.0,0.21437748
/tmp/backbone_swap_yamnet_r0og9rwa/data/PhysioNet2022/training_data/84713_AV.wav,1.0,0.26537195
/tmp/backbone_swap_yamnet_r0og9rwa/data/PhysioNet2022/training_data/84713_PV.wav,1.0,0.1860534
/tmp/backbone_swap_yamnet_r0og9rwa/data/PhysioNet2022/training_data/84713_TV.wav,1.0,0.17638506
/tmp/backbone_swap_yamnet_r0og9rwa/data/PhysioNet2022/training_data/84716_AV.wav,1.0,0.20038526
/tmp/backbone_swap_yamnet_r0og9rwa/data/PhysioNet2022/training_data/84716_MV.wav,1.0,0.16948771
/tmp/backbone_swap_yamnet_r0og9rwa/data/PhysioNet2022/training_data/84716_PV.wav,1.0,0.19767162
/tmp/backbone_swap_yamnet_r0og9rwa/data/PhysioNet2022/training_data/84716_TV.wav,1.0,0.17578724
/tmp/backbone_swap_yamnet_r0og9rwa/data/PhysioNet2022/training_data/84721_AV.wav,1.0,0.21248826
/tmp/backbone_swap_yamnet_r0og9rwa/data/PhysioNet2022/training_data/84721_MV.wav,1.0,0.17839114
/tmp/backbone_swap_yamnet_r0og9rwa/data/PhysioNet2022/training_data/84721_PV.wav,1.0,0.23577106
/tmp/backbone_swap_yamnet_r0og9rwa/data/PhysioNet2022/training_data/84721_TV.wav,1.0,0.16496746
/tmp/backbone_swap_yamnet_r0og9rwa/data/PhysioNet2022/training_data/84725_MV.wav,1.0,0.20190594
/tmp/backbone_swap_yamnet_r0og9rwa/data/PhysioNet2022/training_data/84725_PV.wav,1.0,0.24958542
/tmp/backbone_swap_yamnet_r0og9rwa/data/PhysioNet2022/training_data/84725_TV.wav,1.0,0.2145714
/tmp/backbone_swap_yamnet_r0og9rwa/data/PhysioNet2022/training_data/84731_MV.wav,1.0,0.16354297
/tmp/backbone_swap_yamnet_r0og9rwa/data/PhysioNet2022/training_data/84732_AV.wav,1.0,0.17925681
/tmp/backbone_swap_yamnet_r0og9rwa/data/PhysioNet2022/training_data/84732_MV.wav,1.0,0.2131606
/tmp/backbone_swap_yamnet_r0og9rwa/data/PhysioNet2022/training_data/84733_AV.wav,1.0,0.21952471
/tmp/backbone_swap_yamnet_r0og9rwa/data/PhysioNet2022/training_data/84733_MV.wav,1.0,0.9997242
/tmp/backbone_swap_yamnet_r0og9rwa/data/PhysioNet2022/training_data/84733_PV.wav,1.0,0.18350261
/tmp/backbone_swap_yamnet_r0og9rwa/data/PhysioNet2022/training_data/84733_TV.wav,1.0,0.2012132
/tmp/backbone_swap_yamnet_r0og9rwa/data/PhysioNet2022/training_data/84734_AV.wav,1.0,0.17129615
/tmp/backbone_swap_yamnet_r0og9rwa/data/PhysioNet2022/training_data/84734_MV.wav,1.0,0.27693954
/tmp/backbone_swap_yamnet_r0og9rwa/data/PhysioNet2022/training_data/84734_PV.wav,1.0,0.18453416
/tmp/backbone_swap_yamnet_r0og9rwa/data/PhysioNet2022/training_data/84734_TV.wav,1.0,0.19240744
/tmp/backbone_swap_yamnet_r0og9rwa/data/PhysioNet2022/training_data/84738_AV.wav,1.0,0.23726477
/tmp/backbone_swap_yamnet_r0og9rwa/data/PhysioNet2022/training_data/84738_MV.wav,1.0,0.19644804
/tmp/backbone_swap_yamnet_r0og9rwa/data/PhysioNet2022/training_data/84738_PV.wav,1.0,0.27152953
/tmp/backbone_swap_yamnet_r0og9rwa/data/PhysioNet2022/training_data/84738_TV.wav,1.0,0.17183454
/tmp/backbone_swap_yamnet_r0og9rwa/data/PhysioNet2022/training_data/84746_PV.wav,1.0,0.1729587
/tmp/backbone_swap_yamnet_r0og9rwa/data/PhysioNet2022/training_data/84764_AV.wav,1.0,0.18469602
/tmp/backbone_swap_yamnet_r0og9rwa/data/PhysioNet2022/training_data/84764_MV.wav,1.0,0.17859095
/tmp/backbone_swap_yamnet_r0og9rwa/data/PhysioNet2022/training_data/84764_PV.wav,1.0,0.18167506
/tmp/backbone_swap_yamnet_r0og9rwa/data/PhysioNet2022/training_data/84764_TV.wav,1.0,0.21357277
/tmp/backbone_swap_yamnet_r0og9rwa/data/PhysioNet2022/training_data/84765_AV.wav,1.0,0.20964628
/tmp/backbone_swap_yamnet_r0og9rwa/data/PhysioNet2022/training_data/84765_MV.wav,1.0,0.21127075
/tmp/backbone_swap_yamnet_r0og9rwa/data/PhysioNet2022/training_data/84765_PV.wav,1.0,0.6027816
/tmp/backbone_swap_yamnet_r0og9rwa/data/PhysioNet2022/training_data/84765_TV.wav,1.0,0.22914252
/tmp/backbone_swap_yamnet_r0og9rwa/data/PhysioNet2022/training_data/84768_PV.wav,1.0,0.20421831
/tmp/backbone_swap_yamnet_r0og9rwa/data/PhysioNet2022/training_data/84768_TV.wav,1.0,0.2043045
/tmp/backbone_swap_yamnet_r0og9rwa/data/PhysioNet2022/training_data/84769_MV.wav,1.0,0.18299995
/tmp/backbone_swap_yamnet_r0og9rwa/data/PhysioNet2022/training_data/84769_PV.wav,1.0,0.2013307
/tmp/backbone_swap_yamnet_r0og9rwa/data/PhysioNet2022/training_data/84779_AV.wav,1.0,0.21632461
/tmp/backbone_swap_yamnet_r0og9rwa/data/PhysioNet2022/training_data/84779_MV.wav,1.0,0.23027341
/tmp/backbone_swap_yamnet_r0og9rwa/data/PhysioNet2022/training_data/84779_PV.wav,1.0,0.18397498
/tmp/backbone_swap_yamnet_r0og9rwa/data/PhysioNet2022/training_data/84779_TV.wav,1.0,0.18784411
/tmp/backbone_swap_yamnet_r0og9rwa/data/PhysioNet2022/training_data/84786_AV.wav,1.0,0.18287337
/tmp/backbone_swap_yamnet_r0og9rwa/data/PhysioNet2022/training_data/84786_MV.wav,1.0,0.24196327
/tmp/backbone_swap_yamnet_r0og9rwa/data/PhysioNet2022/training_data/84786_PV.wav,1.0,0.19664256
/tmp/backbone_swap_yamnet_r0og9rwa/data/PhysioNet2022/training_data/84793_AV.wav,1.0,0.18088183
/tmp/backbone_swap_yamnet_r0og9rwa/data/PhysioNet2022/training_data/84793_MV.wav,1.0,0.20147352
/tmp/backbone_swap_yamnet_r0og9rwa/data/PhysioNet2022/training_data/84793_PV.wav,1.0,0.18879135
/tmp/backbone_swap_yamnet_r0og9rwa/data/PhysioNet2022/training_data/84793_TV.wav,1.0,0.1892505
/tmp/backbone_swap_yamnet_r0og9rwa/data/PhysioNet2022/training_data/84799_AV.wav,1.0,0.20441952
/tmp/backbone_swap_yamnet_r0og9rwa/data/PhysioNet2022/training_data/84799_MV.wav,1.0,0.22715731
/tmp/backbone_swap_yamnet_r0og9rwa/data/PhysioNet2022/training_data/84799_PV.wav,1.0,0.24808596
/tmp/backbone_swap_yamnet_r0og9rwa/data/PhysioNet2022/training_data/84799_TV.wav,1.0,0.20414184
/tmp/backbone_swap_yamnet_r0og9rwa/data/PhysioNet2022/training_data/84803_AV.wav,1.0,0.18797928
/tmp/backbone_swap_yamnet_r0og9rwa/data/PhysioNet2022/training_data/84803_MV.wav,1.0,0.2562491
/tmp/backbone_swap_yamnet_r0og9rwa/data/PhysioNet2022/training_data/84803_PV.wav,1.0,0.17034881
/tmp/backbone_swap_yamnet_r0og9rwa/data/PhysioNet2022/training_data/84803_TV.wav,1.0,0.20746247
/tmp/backbone_swap_yamnet_r0og9rwa/data/PhysioNet2022/training_data/84804_MV.wav,1.0,0.17826042
/tmp/backbone_swap_yamnet_r0og9rwa/data/PhysioNet2022/training_data/84805_AV.wav,1.0,0.24777552
/tmp/backbone_swap_yamnet_r0og9rwa/data/PhysioNet2022/training_data/84805_MV.wav,1.0,0.67211336
/tmp/backbone_swap_yamnet_r0og9rwa/data/PhysioNet2022/training_data/84805_PV.wav,1.0,0.20463473
/tmp/backbone_swap_yamnet_r0og9rwa/data/PhysioNet2022/training_data/84805_TV.wav,1.0,0.22629674
/tmp/backbone_swap_yamnet_r0og9rwa/data/PhysioNet2022/training_data/84807_AV.wav,1.0,0.20827097
/tmp/backbone_swap_yamnet_r0og9rwa/data/PhysioNet2022/training_data/84807_MV.wav,1.0,0.18661572
/tmp/backbone_swap_yamnet_r0og9rwa/data/PhysioNet2022/training_data/84823_AV.wav,1.0,0.18676044
/tmp/backbone_swap_yamnet_r0og9rwa/data/PhysioNet2022/training_data/84823_MV.wav,1.0,0.21412484
/tmp/backbone_swap_yamnet_r0og9rwa/data/PhysioNet2022/training_data/84823_PV.wav,1.0,0.38626733
/tmp/backbone_swap_yamnet_r0og9rwa/data/PhysioNet2022/training_data/84823_TV.wav,1.0,0.1906089
/tmp/backbone_swap_yamnet_r0og9rwa/data/PhysioNet2022/training_data/84824_AV.wav,1.0,0.20383798
/tmp/backbone_swap_yamnet_r0og9rwa/data/PhysioNet2022/training_data/84824_MV.wav,1.0,0.18618621
/tmp/backbone_swap_yamnet_r0og9rwa/data/PhysioNet2022/training_data/84838_AV.wav,1.0,0.20225634
/tmp/backbone_swap_yamnet_r0og9rwa/data/PhysioNet2022/training_data/84838_MV.wav,1.0,0.18976195
/tmp/backbone_swap_yamnet_r0og9rwa/data/PhysioNet2022/training_data/84838_PV.wav,1.0,0.18757872
/tmp/backbone_swap_yamnet_r0og9rwa/data/PhysioNet2022/training_data/84838_TV.wav,1.0,0.2006164
/tmp/backbone_swap_yamnet_r0og9rwa/data/PhysioNet2022/training_data/84839_AV.wav,1.0,0.43786368
/tmp/backbone_swap_yamnet_r0og9rwa/data/PhysioNet2022/training_data/84839_MV.wav,1.0,0.19128892
/tmp/backbone_swap_yamnet_r0og9rwa/data/PhysioNet2022/training_data/84839_PV.wav,1.0,0.22539218
/tmp/backbone_swap_yamnet_r0og9rwa/data/PhysioNet2022/training_data/84839_TV.wav,1.0,0.18850484
/tmp/backbone_swap_yamnet_r0og9rwa/data/PhysioNet2022/training_data/84853_AV.wav,1.0,0.9929796
/tmp/backbone_swap_yamnet_r0og9rwa/data/PhysioNet2022/training_data/84853_MV.wav,1.0,0.17751893
/tmp/backbone_swap_yamnet_r0og9rwa/data/PhysioNet2022/training_data/84853_PV.wav,1.0,0.18483403
/tmp/backbone_swap_yamnet_r0og9rwa/data/PhysioNet2022/training_data/84853_TV.wav,1.0,0.19932435
/tmp/backbone_swap_yamnet_r0og9rwa/data/PhysioNet2022/training_data/84854_AV.wav,1.0,0.21529113
/tmp/backbone_swap_yamnet_r0og9rwa/data/PhysioNet2022/training_data/84854_MV.wav,1.0,0.19319485
/tmp/backbone_swap_yamnet_r0og9rwa/data/PhysioNet2022/training_data/84854_PV.wav,1.0,0.17383955
/tmp/backbone_swap_yamnet_r0og9rwa/data/PhysioNet2022/training_data/84854_TV.wav,1.0,0.20241916
/tmp/backbone_swap_yamnet_r0og9rwa/data/PhysioNet2022/training_data/84855_MV.wav,1.0,0.18262704
/tmp/backbone_swap_yamnet_r0og9rwa/data/PhysioNet2022/training_data/84855_PV.wav,1.0,0.1998937
/tmp/backbone_swap_yamnet_r0og9rwa/data/PhysioNet2022/training_data/84855_TV.wav,1.0,0.22321688
/tmp/backbone_swap_yamnet_r0og9rwa/data/PhysioNet2022/training_data/84857_AV.wav,1.0,0.1744976
/tmp/backbone_swap_yamnet_r0og9rwa/data/PhysioNet2022/training_data/84857_MV.wav,1.0,0.19411072
/tmp/backbone_swap_yamnet_r0og9rwa/data/PhysioNet2022/training_data/84865_AV.wav,1.0,0.19738887
/tmp/backbone_swap_yamnet_r0og9rwa/data/PhysioNet2022/training_data/84865_MV.wav,1.0,0.17677529
/tmp/backbone_swap_yamnet_r0og9rwa/data/PhysioNet2022/training_data/84865_PV.wav,1.0,0.19144614
/tmp/backbone_swap_yamnet_r0og9rwa/data/PhysioNet2022/training_data/84865_TV.wav,1.0,0.26041633
/tmp/backbone_swap_yamnet_r0og9rwa/data/PhysioNet2022/training_data/84866_AV.wav,1.0,0.19843213
/tmp/backbone_swap_yamnet_r0og9rwa/data/PhysioNet2022/training_data/84866_MV.wav,1.0,0.23966476
/tmp/backbone_swap_yamnet_r0og9rwa/data/PhysioNet2022/training_data/84866_PV.wav,1.0,0.18603578
/tmp/backbone_swap_yamnet_r0og9rwa/data/PhysioNet2022/training_data/84866_TV.wav,1.0,0.18747321
/tmp/backbone_swap_yamnet_r0og9rwa/data/PhysioNet2022/training_data/84874_AV.wav,1.0,0.18213193
/tmp/backbone_swap_yamnet_r0og9rwa/data/PhysioNet2022/training_data/84874_MV.wav,1.0,0.19574174
/tmp/backbone_swap_yamnet_r0og9rwa/data/PhysioNet2022/training_data/84874_PV.wav,1.0,0.19641864
/tmp/backbone_swap_yamnet_r0og9rwa/data/PhysioNet2022/training_data/84874_TV.wav,1.0,0.20906433
/tmp/backbone_swap_yamnet_r0og9rwa/data/PhysioNet2022/training_data/84875_PV.wav,1.0,0.21809344
/tmp/backbone_swap_yamnet_r0og9rwa/data/PhysioNet2022/training_data/84875_TV.wav,1.0,0.19361883
/tmp/backbone_swap_yamnet_r0og9rwa/data/PhysioNet2022/training_data/84878_AV.wav,1.0,0.24335194
/tmp/backbone_swap_yamnet_r0og9rwa/data/PhysioNet2022/training_data/84878_MV.wav,1.0,0.17238109
/tmp/backbone_swap_yamnet_r0og9rwa/data/PhysioNet2022/training_data/84878_PV.wav,1.0,0.19468711
/tmp/backbone_swap_yamnet_r0og9rwa/data/PhysioNet2022/training_data/84878_TV.wav,1.0,0.18855727
/tmp/backbone_swap_yamnet_r0og9rwa/data/PhysioNet2022/training_data/84886_PV.wav,1.0,0.20157398
/tmp/backbone_swap_yamnet_r0og9rwa/data/PhysioNet2022/training_data/84900_AV.wav,1.0,0.20247658
/tmp/backbone_swap_yamnet_r0og9rwa/data/PhysioNet2022/training_data/84900_MV.wav,1.0,0.4924492
/tmp/backbone_swap_yamnet_r0og9rwa/data/PhysioNet2022/training_data/84912_AV.wav,1.0,0.2623135
/tmp/backbone_swap_yamnet_r0og9rwa/data/PhysioNet2022/training_data/84912_MV.wav,1.0,0.18711513
/tmp/backbone_swap_yamnet_r0og9rwa/data/PhysioNet2022/training_data/84912_PV.wav,1.0,0.21568945
/tmp/backbone_swap_yamnet_r0og9rwa/data/PhysioNet2022/training_data/84912_TV.wav,1.0,0.21753155
/tmp/backbone_swap_yamnet_r0og9rwa/data/PhysioNet2022/training_data/84920_AV.wav,1.0,0.16750331
/tmp/backbone_swap_yamnet_r0og9rwa/data/PhysioNet2022/training_data/84920_MV.wav,1.0,0.18446492
/tmp/backbone_swap_yamnet_r0og9rwa/data/PhysioNet2022/training_data/84920_PV.wav,1.0,0.22358851
/tmp/backbone_swap_yamnet_r0og9rwa/data/PhysioNet2022/training_data/84920_TV.wav,1.0,0.20745498
/tmp/backbone_swap_yamnet_r0og9rwa/data/PhysioNet2022/training_data/84928_AV.wav,1.0,0.18193415
/tmp/backbone_swap_yamnet_r0og9rwa/data/PhysioNet2022/training_data/84928_MV.wav,1.0,0.60119075
/tmp/backbone_swap_yamnet_r0og9rwa/data/PhysioNet2022/training_data/84928_PV.wav,1.0,0.21955931
/tmp/backbone_swap_yamnet_r0og9rwa/data/PhysioNet2022/training_data/84928_TV.wav,1.0,0.19801787
/tmp/backbone_swap_yamnet_r0og9rwa/data/PhysioNet2022/training_data/84950_AV.wav,1.0,0.19977449
/tmp/backbone_swap_yamnet_r0og9rwa/data/PhysioNet2022/training_data/84950_PV.wav,1.0,0.23289418
/tmp/backbone_swap_yamnet_r0og9rwa/data/PhysioNet2022/training_data/84950_TV.wav,1.0,0.42072287
/tmp/backbone_swap_yamnet_r0og9rwa/data/PhysioNet2022/training_data/84952_AV.wav,1.0,0.26374206
/tmp/backbone_swap_yamnet_r0og9rwa/data/PhysioNet2022/training_data/84952_PV.wav,1.0,0.18908925
/tmp/backbone_swap_yamnet_r0og9rwa/data/PhysioNet2022/training_data/84952_TV.wav,1.0,0.19375838
/tmp/backbone_swap_yamnet_r0og9rwa/data/PhysioNet2022/training_data/84957_AV.wav,1.0,0.51799625
/tmp/backbone_swap_yamnet_r0og9rwa/data/PhysioNet2022/training_data/84957_MV.wav,1.0,0.18749283
/tmp/backbone_swap_yamnet_r0og9rwa/data/PhysioNet2022/training_data/84957_PV.wav,1.0,0.22136395
/tmp/backbone_swap_yamnet_r0og9rwa/data/PhysioNet2022/training_data/84957_TV.wav,1.0,0.21094902
/tmp/backbone_swap_yamnet_r0og9rwa/data/PhysioNet2022/training_data/84960_AV.wav,1.0,0.42168826
/tmp/backbone_swap_yamnet_r0og9rwa/data/PhysioNet2022/training_data/84960_MV.wav,1.0,0.26327568
/tmp/backbone_swap_yamnet_r0og9rwa/data/PhysioNet2022/training_data/84960_PV.wav,1.0,0.81552225
/tmp/backbone_swap_yamnet_r0og9rwa/data/PhysioNet2022/training_data/84960_TV.wav,1.0,0.35178763
/tmp/backbone_swap_yamnet_r0og9rwa/data/PhysioNet2022/training_data/84961_AV.wav,1.0,0.20778494
/tmp/backbone_swap_yamnet_r0og9rwa/data/PhysioNet2022/training_data/84961_MV.wav,1.0,0.25325206
/tmp/backbone_swap_yamnet_r0og9rwa/data/PhysioNet2022/training_data/84961_PV.wav,1.0,0.19481575
/tmp/backbone_swap_yamnet_r0og9rwa/data/PhysioNet2022/training_data/84961_TV.wav,1.0,0.17591612
/tmp/backbone_swap_yamnet_r0og9rwa/data/PhysioNet2022/training_data/84965_AV.wav,1.0,0.20530514
/tmp/backbone_swap_yamnet_r0og9rwa/data/PhysioNet2022/training_data/84965_MV.wav,1.0,0.19556177
/tmp/backbone_swap_yamnet_r0og9rwa/data/PhysioNet2022/training_data/84965_PV.wav,1.0,0.19096304
/tmp/backbone_swap_yamnet_r0og9rwa/data/PhysioNet2022/training_data/84965_TV.wav,1.0,0.18313994
/tmp/backbone_swap_yamnet_r0og9rwa/data/PhysioNet2022/training_data/84974_AV.wav,1.0,0.24098952
/tmp/backbone_swap_yamnet_r0og9rwa/data/PhysioNet2022/training_data/84974_MV.wav,1.0,0.19672686
/tmp/backbone_swap_yamnet_r0og9rwa/data/PhysioNet2022/training_data/84974_PV.wav,1.0,0.18022522
/tmp/backbone_swap_yamnet_r0og9rwa/data/PhysioNet2022/training_data/84974_TV.wav,1.0,0.20412588
/tmp/backbone_swap_yamnet_r0og9rwa/data/PhysioNet2022/training_data/84986_AV.wav,1.0,0.19851835
/tmp/backbone_swap_yamnet_r0og9rwa/data/PhysioNet2022/training_data/84986_MV.wav,1.0,0.22593038
/tmp/backbone_swap_yamnet_r0og9rwa/data/PhysioNet2022/training_data/84986_PV.wav,1.0,0.20486899
/tmp/backbone_swap_yamnet_r0og9rwa/data/PhysioNet2022/training_data/84986_TV.wav,1.0,0.19924632
/tmp/backbone_swap_yamnet_r0og9rwa/data/PhysioNet2022/training_data/84987_AV.wav,1.0,0.1920825
/tmp/backbone_swap_yamnet_r0og9rwa/data/PhysioNet2022/training_data/84987_MV.wav,1.0,0.48628286
/tmp/backbone_swap_yamnet_r0og9rwa/data/PhysioNet2022/training_data/84987_PV.wav,1.0,0.18552169
/tmp/backbone_swap_yamnet_r0og9rwa/data/PhysioNet2022/training_data/84987_TV.wav,1.0,0.20235771
/tmp/backbone_swap_yamnet_r0og9rwa/data/PhysioNet2022/training_data/84993_AV.wav,1.0,0.18561074
/tmp/backbone_swap_yamnet_r0og9rwa/data/PhysioNet2022/training_data/84993_MV.wav,1.0,0.17330247
/tmp/backbone_swap_yamnet_r0og9rwa/data/PhysioNet2022/training_data/84993_PV.wav,1.0,0.21938825
/tmp/backbone_swap_yamnet_r0og9rwa/data/PhysioNet2022/training_data/84993_TV.wav,1.0,0.20412365
/tmp/backbone_swap_yamnet_r0og9rwa/data/PhysioNet2022/training_data/85000_AV.wav,1.0,0.95023066
/tmp/backbone_swap_yamnet_r0og9rwa/data/PhysioNet2022/training_data/85000_MV.wav,1.0,0.18720493
/tmp/backbone_swap_yamnet_r0og9rwa/data/PhysioNet2022/training_data/85000_PV.wav,1.0,0.34949574
/tmp/backbone_swap_yamnet_r0og9rwa/data/PhysioNet2022/training_data/85000_TV.wav,1.0,0.1937561
/tmp/backbone_swap_yamnet_r0og9rwa/data/PhysioNet2022/training_data/85011_AV.wav,1.0,0.1812764
/tmp/backbone_swap_yamnet_r0og9rwa/data/PhysioNet2022/training_data/85011_MV.wav,1.0,0.2229326
/tmp/backbone_swap_yamnet_r0og9rwa/data/PhysioNet2022/training_data/85018_AV.wav,1.0,0.20992239
/tmp/backbone_swap_yamnet_r0og9rwa/data/PhysioNet2022/training_data/85018_MV.wav,1.0,0.23674753
/tmp/backbone_swap_yamnet_r0og9rwa/data/PhysioNet2022/training_data/85023_AV.wav,1.0,0.18460372
/tmp/backbone_swap_yamnet_r0og9rwa/data/PhysioNet2022/training_data/85023_MV.wav,1.0,0.23756908
/tmp/backbone_swap_yamnet_r0og9rwa/data/PhysioNet2022/training_data/85023_PV.wav,1.0,0.23788005
/tmp/backbone_swap_yamnet_r0og9rwa/data/PhysioNet2022/training_data/85023_TV.wav,1.0,0.23131883
/tmp/backbone_swap_yamnet_r0og9rwa/data/PhysioNet2022/training_data/85026_AV.wav,1.0,0.18569164
/tmp/backbone_swap_yamnet_r0og9rwa/data/PhysioNet2022/training_data/85026_MV.wav,1.0,0.17819673
/tmp/backbone_swap_yamnet_r0og9rwa/data/PhysioNet2022/training_data/85027_AV.wav,1.0,0.18121676
/tmp/backbone_swap_yamnet_r0og9rwa/data/PhysioNet2022/training_data/85027_MV.wav,1.0,0.32255134
/tmp/backbone_swap_yamnet_r0og9rwa/data/PhysioNet2022/training_data/85027_PV.wav,1.0,0.18691148
/tmp/backbone_swap_yamnet_r0og9rwa/data/PhysioNet2022/training_data/85027_TV.wav,1.0,0.16610248
/tmp/backbone_swap_yamnet_r0og9rwa/data/PhysioNet2022/training_data/85028_AV.wav,1.0,0.23837519
/tmp/backbone_swap_yamnet_r0og9rwa/data/PhysioNet2022/training_data/85028_MV.wav,1.0,0.3429966
/tmp/backbone_swap_yamnet_r0og9rwa/data/PhysioNet2022/training_data/85028_PV.wav,1.0,0.1908779
/tmp/backbone_swap_yamnet_r0og9rwa/data/PhysioNet2022/training_data/85028_TV.wav,1.0,0.18410552
/tmp/backbone_swap_yamnet_r0og9rwa/data/PhysioNet2022/training_data/85029_AV.wav,1.0,0.207654
/tmp/backbone_swap_yamnet_r0og9rwa/data/PhysioNet2022/training_data/85029_MV.wav,1.0,0.6823668
/tmp/backbone_swap_yamnet_r0og9rwa/data/PhysioNet2022/training_data/85029_PV.wav,1.0,0.18006125
/tmp/backbone_swap_yamnet_r0og9rwa/data/PhysioNet2022/training_data/85029_TV.wav,1.0,0.20309012
/tmp/backbone_swap_yamnet_r0og9rwa/data/PhysioNet2022/training_data/85030_AV.wav,1.0,0.17724729
/tmp/backbone_swap_yamnet_r0og9rwa/data/PhysioNet2022/training_data/85030_MV.wav,1.0,0.26285565
/tmp/backbone_swap_yamnet_r0og9rwa/data/PhysioNet2022/training_data/85030_PV.wav,1.0,0.19193803
/tmp/backbone_swap_yamnet_r0og9rwa/data/PhysioNet2022/training_data/85030_TV.wav,1.0,0.22644353
/tmp/backbone_swap_yamnet_r0og9rwa/data/PhysioNet2022/training_data/85031_AV.wav,1.0,0.21204576
/tmp/backbone_swap_yamnet_r0og9rwa/data/PhysioNet2022/training_data/85031_MV.wav,1.0,0.18444413
/tmp/backbone_swap_yamnet_r0og9rwa/data/PhysioNet2022/training_data/85031_PV.wav,1.0,0.19372842
/tmp/backbone_swap_yamnet_r0og9rwa/data/PhysioNet2022/training_data/85031_TV.wav,1.0,0.98604715
/tmp/backbone_swap_yamnet_r0og9rwa/data/PhysioNet2022/training_data/85036_AV.wav,1.0,0.20487098
/tmp/backbone_swap_yamnet_r0og9rwa/data/PhysioNet2022/training_data/85036_MV.wav,1.0,0.20297278
/tmp/backbone_swap_yamnet_r0og9rwa/data/PhysioNet2022/training_data/85036_PV.wav,1.0,0.98359317
/tmp/backbone_swap_yamnet_r0og9rwa/data/PhysioNet2022/training_data/85036_TV.wav,1.0,0.19051878
/tmp/backbone_swap_yamnet_r0og9rwa/data/PhysioNet2022/training_data/85037_AV.wav,1.0,0.22181757
/tmp/backbone_swap_yamnet_r0og9rwa/data/PhysioNet2022/training_data/85037_MV.wav,1.0,0.19176427
/tmp/backbone_swap_yamnet_r0og9rwa/data/PhysioNet2022/training_data/85037_PV.wav,1.0,0.1983132
/tmp/backbone_swap_yamnet_r0og9rwa/data/PhysioNet2022/training_data/85037_TV.wav,1.0,0.9971648
/tmp/backbone_swap_yamnet_r0og9rwa/data/PhysioNet2022/training_data/85038_AV.wav,1.0,0.18721147
/tmp/backbone_swap_yamnet_r0og9rwa/data/PhysioNet2022/training_data/85038_MV.wav,1.0,0.17890082
/tmp/backbone_swap_yamnet_r0og9rwa/data/PhysioNet2022/training_data/85038_PV.wav,1.0,0.1853432
/tmp/backbone_swap_yamnet_r0og9rwa/data/PhysioNet2022/training_data/85038_TV.wav,1.0,0.29519188
/tmp/backbone_swap_yamnet_r0og9rwa/data/PhysioNet2022/training_data/85055_AV.wav,1.0,0.19093369
/tmp/backbone_swap_yamnet_r0og9rwa/data/PhysioNet2022/training_data/85055_PV.wav,1.0,0.20626931
/tmp/backbone_swap_yamnet_r0og9rwa/data/PhysioNet2022/training_data/85055_TV.wav,1.0,0.17677167
/tmp/backbone_swap_yamnet_r0og9rwa/data/PhysioNet2022/training_data/85064_AV.wav,1.0,0.18786727
/tmp/backbone_swap_yamnet_r0og9rwa/data/PhysioNet2022/training_data/85064_MV.wav,1.0,0.40098977
/tmp/backbone_swap_yamnet_r0og9rwa/data/PhysioNet2022/training_data/85064_PV.wav,1.0,0.22634521
/tmp/backbone_swap_yamnet_r0og9rwa/data/PhysioNet2022/training_data/85064_TV.wav,1.0,0.20588672
/tmp/backbone_swap_yamnet_r0og9rwa/data/PhysioNet2022/training_data/85079_AV.wav,1.0,0.21413635
/tmp/backbone_swap_yamnet_r0og9rwa/data/PhysioNet2022/training_data/85079_MV.wav,1.0,0.29119578
/tmp/backbone_swap_yamnet_r0og9rwa/data/PhysioNet2022/training_data/85079_PV.wav,1.0,0.1967408
/tmp/backbone_swap_yamnet_r0og9rwa/data/PhysioNet2022/training_data/85079_TV.wav,1.0,0.2302679
/tmp/backbone_swap_yamnet_r0og9rwa/data/PhysioNet2022/training_data/85080_AV.wav,1.0,0.22865896
/tmp/backbone_swap_yamnet_r0og9rwa/data/PhysioNet2022/training_data/85080_MV.wav,1.0,0.19292335
/tmp/backbone_swap_yamnet_r0og9rwa/data/PhysioNet2022/training_data/85080_PV.wav,1.0,0.17554922
/tmp/backbone_swap_yamnet_r0og9rwa/data/PhysioNet2022/training_data/85080_TV.wav,1.0,0.20562737
/tmp/backbone_swap_yamnet_r0og9rwa/data/PhysioNet2022/training_data/85086_AV.wav,1.0,0.22795936
/tmp/backbone_swap_yamnet_r0og9rwa/data/PhysioNet2022/training_data/85086_MV.wav,1.0,0.19190562
/tmp/backbone_swap_yamnet_r0og9rwa/data/PhysioNet2022/training_data/85086_PV.wav,1.0,0.1938415
/tmp/backbone_swap_yamnet_r0og9rwa/data/PhysioNet2022/training_data/85086_TV.wav,1.0,0.19334842
/tmp/backbone_swap_yamnet_r0og9rwa/data/PhysioNet2022/training_data/85087_AV.wav,1.0,0.20332415
/tmp/backbone_swap_yamnet_r0og9rwa/data/PhysioNet2022/training_data/85087_MV.wav,1.0,0.20304202
/tmp/backbone_swap_yamnet_r0og9rwa/data/PhysioNet2022/training_data/85087_PV.wav,1.0,0.22076207
/tmp/backbone_swap_yamnet_r0og9rwa/data/PhysioNet2022/training_data/85087_TV.wav,1.0,0.1873589
/tmp/backbone_swap_yamnet_r0og9rwa/data/PhysioNet2022/training_data/85090_MV.wav,1.0,0.17446524
/tmp/backbone_swap_yamnet_r0og9rwa/data/PhysioNet2022/training_data/85090_PV.wav,1.0,0.1913353
/tmp/backbone_swap_yamnet_r0og9rwa/data/PhysioNet2022/training_data/85090_TV.wav,1.0,0.22153372
/tmp/backbone_swap_yamnet_r0og9rwa/data/PhysioNet2022/training_data/85091_AV.wav,1.0,0.66217345
/tmp/backbone_swap_yamnet_r0og9rwa/data/PhysioNet2022/training_data/85091_MV.wav,1.0,0.27749234
/tmp/backbone_swap_yamnet_r0og9rwa/data/PhysioNet2022/training_data/85093_AV.wav,1.0,0.20246962
/tmp/backbone_swap_yamnet_r0og9rwa/data/PhysioNet2022/training_data/85093_MV.wav,1.0,0.19277023
/tmp/backbone_swap_yamnet_r0og9rwa/data/PhysioNet2022/training_data/85093_PV.wav,1.0,0.16645442
/tmp/backbone_swap_yamnet_r0og9rwa/data/PhysioNet2022/training_data/85093_TV.wav,1.0,0.19444108
/tmp/backbone_swap_yamnet_r0og9rwa/data/PhysioNet2022/training_data/85112_AV.wav,1.0,0.28074017
/tmp/backbone_swap_yamnet_r0og9rwa/data/PhysioNet2022/training_data/85112_MV.wav,1.0,0.3188543
/tmp/backbone_swap_yamnet_r0og9rwa/data/PhysioNet2022/training_data/85112_PV.wav,1.0,0.22275409
/tmp/backbone_swap_yamnet_r0og9rwa/data/PhysioNet2022/training_data/85112_TV.wav,1.0,0.17827605
/tmp/backbone_swap_yamnet_r0og9rwa/data/PhysioNet2022/training_data/85113_AV.wav,1.0,0.20733544
/tmp/backbone_swap_yamnet_r0og9rwa/data/PhysioNet2022/training_data/85113_MV.wav,1.0,0.17269781
/tmp/backbone_swap_yamnet_r0og9rwa/data/PhysioNet2022/training_data/85113_PV.wav,1.0,0.22307564
/tmp/backbone_swap_yamnet_r0og9rwa/data/PhysioNet2022/training_data/85113_TV.wav,1.0,0.22027645
/tmp/backbone_swap_yamnet_r0og9rwa/data/PhysioNet2022/training_data/85116_AV.wav,1.0,0.17348063
/tmp/backbone_swap_yamnet_r0og9rwa/data/PhysioNet2022/training_data/85116_MV.wav,1.0,0.16886732
/tmp/backbone_swap_yamnet_r0og9rwa/data/PhysioNet2022/training_data/85116_PV.wav,1.0,0.2052518
/tmp/backbone_swap_yamnet_r0og9rwa/data/PhysioNet2022/training_data/85116_TV.wav,1.0,0.19639836
/tmp/backbone_swap_yamnet_r0og9rwa/data/PhysioNet2022/training_data/85122_AV.wav,1.0,0.15749907
/tmp/backbone_swap_yamnet_r0og9rwa/data/PhysioNet2022/training_data/85122_MV.wav,1.0,0.19376986
/tmp/backbone_swap_yamnet_r0og9rwa/data/PhysioNet2022/training_data/85122_PV.wav,1.0,0.192118
/tmp/backbone_swap_yamnet_r0og9rwa/data/PhysioNet2022/training_data/85122_TV.wav,1.0,0.20437881
/tmp/backbone_swap_yamnet_r0og9rwa/data/PhysioNet2022/training_data/85127_AV.wav,1.0,0.20943668
/tmp/backbone_swap_yamnet_r0og9rwa/data/PhysioNet2022/training_data/85127_MV.wav,1.0,0.19887097
/tmp/backbone_swap_yamnet_r0og9rwa/data/PhysioNet2022/training_data/85127_PV.wav,1.0,0.18293475
/tmp/backbone_swap_yamnet_r0og9rwa/data/PhysioNet2022/training_data/85127_TV.wav,1.0,0.17831494
/tmp/backbone_swap_yamnet_r0og9rwa/data/PhysioNet2022/training_data/85132_AV.wav,1.0,0.21285783
/tmp/backbone_swap_yamnet_r0og9rwa/data/PhysioNet2022/training_data/85132_MV.wav,1.0,0.17366357
/tmp/backbone_swap_yamnet_r0og9rwa/data/PhysioNet2022/training_data/85132_PV.wav,1.0,0.21584582
/tmp/backbone_swap_yamnet_r0og9rwa/data/PhysioNet2022/training_data/85132_TV.wav,1.0,0.17995149
/tmp/backbone_swap_yamnet_r0og9rwa/data/PhysioNet2022/training_data/85147_AV.wav,1.0,0.18119256
/tmp/backbone_swap_yamnet_r0og9rwa/data/PhysioNet2022/training_data/85147_MV.wav,1.0,0.507844
/tmp/backbone_swap_yamnet_r0og9rwa/data/PhysioNet2022/training_data/85147_PV.wav,1.0,0.20652814
/tmp/backbone_swap_yamnet_r0og9rwa/data/PhysioNet2022/training_data/85147_TV.wav,1.0,0.24251373
/tmp/backbone_swap_yamnet_r0og9rwa/data/PhysioNet2022/training_data/85153_AV.wav,1.0,0.20650412
/tmp/backbone_swap_yamnet_r0og9rwa/data/PhysioNet2022/training_data/85153_PV.wav,1.0,0.20756684
/tmp/backbone_swap_yamnet_r0og9rwa/data/PhysioNet2022/training_data/85154_AV.wav,1.0,0.18704768
/tmp/backbone_swap_yamnet_r0og9rwa/data/PhysioNet2022/training_data/85154_MV.wav,1.0,0.2018242
/tmp/backbone_swap_yamnet_r0og9rwa/data/PhysioNet2022/training_data/85154_PV.wav,1.0,0.18012966
/tmp/backbone_swap_yamnet_r0og9rwa/data/PhysioNet2022/training_data/85154_TV.wav,1.0,0.1968357
/tmp/backbone_swap_yamnet_r0og9rwa/data/PhysioNet2022/training_data/85159_AV.wav,1.0,0.21539648
/tmp/backbone_swap_yamnet_r0og9rwa/data/PhysioNet2022/training_data/85159_MV.wav,1.0,0.18239488
/tmp/backbone_swap_yamnet_r0og9rwa/data/PhysioNet2022/training_data/85161_AV.wav,1.0,0.22535075
/tmp/backbone_swap_yamnet_r0og9rwa/data/PhysioNet2022/training_data/85161_MV.wav,1.0,0.19970901
/tmp/backbone_swap_yamnet_r0og9rwa/data/PhysioNet2022/training_data/85161_PV.wav,1.0,0.22887862
/tmp/backbone_swap_yamnet_r0og9rwa/data/PhysioNet2022/training_data/85161_TV.wav,1.0,0.18336041
/tmp/backbone_swap_yamnet_r0og9rwa/data/PhysioNet2022/training_data/85165_AV.wav,1.0,0.18227209
/tmp/backbone_swap_yamnet_r0og9rwa/data/PhysioNet2022/training_data/85165_MV.wav,1.0,0.22846185
/tmp/backbone_swap_yamnet_r0og9rwa/data/PhysioNet2022/training_data/85172_AV.wav,1.0,0.17095917
/tmp/backbone_swap_yamnet_r0og9rwa/data/PhysioNet2022/training_data/85172_MV.wav,1.0,0.20197912
/tmp/backbone_swap_yamnet_r0og9rwa/data/PhysioNet2022/training_data/85172_PV.wav,1.0,0.19046019
/tmp/backbone_swap_yamnet_r0og9rwa/data/PhysioNet2022/training_data/85172_TV.wav,1.0,0.18022719
/tmp/backbone_swap_yamnet_r0og9rwa/data/PhysioNet2022/training_data/85198_AV.wav,1.0,0.19098882
/tmp/backbone_swap_yamnet_r0og9rwa/data/PhysioNet2022/training_data/85198_MV.wav,1.0,0.16192985
/tmp/backbone_swap_yamnet_r0og9rwa/data/PhysioNet2022/training_data/85198_PV.wav,1.0,0.22936569
/tmp/backbone_swap_yamnet_r0og9rwa/data/PhysioNet2022/training_data/85198_TV.wav,1.0,0.18087631
/tmp/backbone_swap_yamnet_r0og9rwa/data/PhysioNet2022/training_data/85203_AV.wav,1.0,0.17947835
/tmp/backbone_swap_yamnet_r0og9rwa/data/PhysioNet2022/training_data/85203_MV.wav,1.0,0.19207652
/tmp/backbone_swap_yamnet_r0og9rwa/data/PhysioNet2022/training_data/85210_AV.wav,1.0,0.17905824
/tmp/backbone_swap_yamnet_r0og9rwa/data/PhysioNet2022/training_data/85210_MV.wav,1.0,0.23909622
/tmp/backbone_swap_yamnet_r0og9rwa/data/PhysioNet2022/training_data/85210_PV.wav,1.0,0.20169574
/tmp/backbone_swap_yamnet_r0og9rwa/data/PhysioNet2022/training_data/85210_TV.wav,1.0,0.18601574
/tmp/backbone_swap_yamnet_r0og9rwa/data/PhysioNet2022/training_data/85217_AV.wav,1.0,0.1888764
/tmp/backbone_swap_yamnet_r0og9rwa/data/PhysioNet2022/training_data/85217_MV.wav,1.0,0.25990084
/tmp/backbone_swap_yamnet_r0og9rwa/data/PhysioNet2022/training_data/85217_PV.wav,1.0,0.19996552
/tmp/backbone_swap_yamnet_r0og9rwa/data/PhysioNet2022/training_data/85217_TV.wav,1.0,0.20742397
/tmp/backbone_swap_yamnet_r0og9rwa/data/PhysioNet2022/training_data/85219_AV.wav,1.0,0.19567715
/tmp/backbone_swap_yamnet_r0og9rwa/data/PhysioNet2022/training_data/85219_MV.wav,1.0,0.21150059
/tmp/backbone_swap_yamnet_r0og9rwa/data/PhysioNet2022/training_data/85219_PV.wav,1.0,0.18976259
/tmp/backbone_swap_yamnet_r0og9rwa/data/PhysioNet2022/training_data/85219_TV.wav,1.0,0.21255325
/tmp/backbone_swap_yamnet_r0og9rwa/data/PhysioNet2022/training_data/85227_AV.wav,1.0,0.20363201
/tmp/backbone_swap_yamnet_r0og9rwa/data/PhysioNet2022/training_data/85227_MV.wav,1.0,0.18208939
/tmp/backbone_swap_yamnet_r0og9rwa/data/PhysioNet2022/training_data/85227_PV.wav,1.0,0.22161227
/tmp/backbone_swap_yamnet_r0og9rwa/data/PhysioNet2022/training_data/85227_TV.wav,1.0,0.19293265
/tmp/backbone_swap_yamnet_r0og9rwa/data/PhysioNet2022/training_data/85240_AV.wav,1.0,0.17415623
/tmp/backbone_swap_yamnet_r0og9rwa/data/PhysioNet2022/training_data/85240_PV.wav,1.0,0.26251283
/tmp/backbone_swap_yamnet_r0og9rwa/data/PhysioNet2022/training_data/85240_TV.wav,1.0,0.18811187
/tmp/backbone_swap_yamnet_r0og9rwa/data/PhysioNet2022/training_data/85250_AV.wav,1.0,0.1774738
/tmp/backbone_swap_yamnet_r0og9rwa/data/PhysioNet2022/training_data/85250_MV.wav,1.0,0.23963135
/tmp/backbone_swap_yamnet_r0og9rwa/data/PhysioNet2022/training_data/85250_PV.wav,1.0,0.17799525
/tmp/backbone_swap_yamnet_r0og9rwa/data/PhysioNet2022/training_data/85250_TV.wav,1.0,0.21674488
/tmp/backbone_swap_yamnet_r0og9rwa/data/PhysioNet2022/training_data/85259_AV.wav,1.0,0.18777947
/tmp/backbone_swap_yamnet_r0og9rwa/data/PhysioNet2022/training_data/85259_MV.wav,1.0,0.20000736
/tmp/backbone_swap_yamnet_r0og9rwa/data/PhysioNet2022/training_data/85264_MV.wav,1.0,0.2107835
/tmp/backbone_swap_yamnet_r0og9rwa/data/PhysioNet2022/training_data/85269_AV.wav,1.0,0.20398694
/tmp/backbone_swap_yamnet_r0og9rwa/data/PhysioNet2022/training_data/85269_PV.wav,1.0,0.17758359
/tmp/backbone_swap_yamnet_r0og9rwa/data/PhysioNet2022/training_data/85278_AV.wav,1.0,0.18202317
/tmp/backbone_swap_yamnet_r0og9rwa/data/PhysioNet2022/training_data/85278_MV.wav,1.0,0.18131395
/tmp/backbone_swap_yamnet_r0og9rwa/data/PhysioNet2022/training_data/85278_PV.wav,1.0,0.28202528
/tmp/backbone_swap_yamnet_r0og9rwa/data/PhysioNet2022/training_data/85278_TV.wav,1.0,0.20827645
/tmp/backbone_swap_yamnet_r0og9rwa/data/PhysioNet2022/training_data/85294_AV.wav,1.0,0.21643664
/tmp/backbone_swap_yamnet_r0og9rwa/data/PhysioNet2022/training_data/85294_MV.wav,1.0,0.22697473
/tmp/backbone_swap_yamnet_r0og9rwa/data/PhysioNet2022/training_data/85296_AV.wav,1.0,0.18671177
/tmp/backbone_swap_yamnet_r0og9rwa/data/PhysioNet2022/training_data/85296_MV.wav,1.0,0.20840938
/tmp/backbone_swap_yamnet_r0og9rwa/data/PhysioNet2022/training_data/85296_PV.wav,1.0,0.20925002
/tmp/backbone_swap_yamnet_r0og9rwa/data/PhysioNet2022/training_data/85296_TV.wav,1.0,0.29293734
/tmp/backbone_swap_yamnet_r0og9rwa/data/PhysioNet2022/training_data/85299_AV.wav,1.0,0.183288
/tmp/backbone_swap_yamnet_r0og9rwa/data/PhysioNet2022/training_data/85299_MV.wav,1.0,0.23731446
/tmp/backbone_swap_yamnet_r0og9rwa/data/PhysioNet2022/training_data/85299_PV.wav,1.0,0.17487091
/tmp/backbone_swap_yamnet_r0og9rwa/data/PhysioNet2022/training_data/85299_TV.wav,1.0,0.18951091
/tmp/backbone_swap_yamnet_r0og9rwa/data/PhysioNet2022/training_data/85300_AV.wav,1.0,0.18746111
/tmp/backbone_swap_yamnet_r0og9rwa/data/PhysioNet2022/training_data/85300_MV.wav,1.0,0.19379418
/tmp/backbone_swap_yamnet_r0og9rwa/data/PhysioNet2022/training_data/85301_AV.wav,1.0,0.19361219
/tmp/backbone_swap_yamnet_r0og9rwa/data/PhysioNet2022/training_data/85301_MV.wav,1.0,0.19822341
/tmp/backbone_swap_yamnet_r0og9rwa/data/PhysioNet2022/training_data/85301_PV.wav,1.0,0.17945983
/tmp/backbone_swap_yamnet_r0og9rwa/data/PhysioNet2022/training_data/85301_TV.wav,1.0,0.18117462
/tmp/backbone_swap_yamnet_r0og9rwa/data/PhysioNet2022/training_data/85305_AV.wav,1.0,0.18197788
/tmp/backbone_swap_yamnet_r0og9rwa/data/PhysioNet2022/training_data/85305_MV.wav,1.0,0.19284974
/tmp/backbone_swap_yamnet_r0og9rwa/data/PhysioNet2022/training_data/85305_PV.wav,1.0,0.31250814
/tmp/backbone_swap_yamnet_r0og9rwa/data/PhysioNet2022/training_data/85305_TV.wav,1.0,0.18931882
/tmp/backbone_swap_yamnet_r0og9rwa/data/PhysioNet2022/training_data/85306_AV.wav,1.0,0.17900126
/tmp/backbone_swap_yamnet_r0og9rwa/data/PhysioNet2022/training_data/85306_MV.wav,1.0,0.18708013
/tmp/backbone_swap_yamnet_r0og9rwa/data/PhysioNet2022/training_data/85308_AV.wav,1.0,0.21197106
/tmp/backbone_swap_yamnet_r0og9rwa/data/PhysioNet2022/training_data/85308_MV.wav,1.0,0.21883847
/tmp/backbone_swap_yamnet_r0og9rwa/data/PhysioNet2022/training_data/85308_PV.wav,1.0,0.18711288
/tmp/backbone_swap_yamnet_r0og9rwa/data/PhysioNet2022/training_data/85308_TV.wav,1.0,0.18751696
/tmp/backbone_swap_yamnet_r0og9rwa/data/PhysioNet2022/training_data/85316_AV.wav,1.0,0.18631701
/tmp/backbone_swap_yamnet_r0og9rwa/data/PhysioNet2022/training_data/85316_MV.wav,1.0,0.18545453
/tmp/backbone_swap_yamnet_r0og9rwa/data/PhysioNet2022/training_data/85316_PV.wav,1.0,0.1995938
/tmp/backbone_swap_yamnet_r0og9rwa/data/PhysioNet2022/training_data/85316_TV.wav,1.0,0.1892058
/tmp/backbone_swap_yamnet_r0og9rwa/data/PhysioNet2022/training_data/85322_TV.wav,1.0,0.18339722
/tmp/backbone_swap_yamnet_r0og9rwa/data/PhysioNet2022/training_data/85327_AV.wav,1.0,0.1851253
/tmp/backbone_swap_yamnet_r0og9rwa/data/PhysioNet2022/training_data/85327_MV.wav,1.0,0.17499982
/tmp/backbone_swap_yamnet_r0og9rwa/data/PhysioNet2022/training_data/85327_PV.wav,1.0,0.1819696
/tmp/backbone_swap_yamnet_r0og9rwa/data/PhysioNet2022/training_data/85327_TV.wav,1.0,0.17778982
/tmp/backbone_swap_yamnet_r0og9rwa/data/PhysioNet2022/training_data/85328_AV.wav,1.0,0.29300222
/tmp/backbone_swap_yamnet_r0og9rwa/data/PhysioNet2022/training_data/85328_MV.wav,1.0,0.22653717
/tmp/backbone_swap_yamnet_r0og9rwa/data/PhysioNet2022/training_data/85328_PV.wav,1.0,0.27623582
/tmp/backbone_swap_yamnet_r0og9rwa/data/PhysioNet2022/training_data/85328_TV.wav,1.0,0.17782599
/tmp/backbone_swap_yamnet_r0og9rwa/data/PhysioNet2022/training_data/85329_AV.wav,1.0,0.20746417
/tmp/backbone_swap_yamnet_r0og9rwa/data/PhysioNet2022/training_data/85329_MV.wav,1.0,0.18277924
/tmp/backbone_swap_yamnet_r0og9rwa/data/PhysioNet2022/training_data/85329_PV.wav,1.0,0.9620668
/tmp/backbone_swap_yamnet_r0og9rwa/data/PhysioNet2022/training_data/85329_TV.wav,1.0,0.20411092
/tmp/backbone_swap_yamnet_r0og9rwa/data/PhysioNet2022/training_data/85332_AV.wav,1.0,0.24477507
/tmp/backbone_swap_yamnet_r0og9rwa/data/PhysioNet2022/training_data/85332_PV.wav,1.0,0.20785089
/tmp/backbone_swap_yamnet_r0og9rwa/data/PhysioNet2022/training_data/85335_AV.wav,1.0,0.19136567
/tmp/backbone_swap_yamnet_r0og9rwa/data/PhysioNet2022/training_data/85335_PV.wav,1.0,0.19625928
/tmp/backbone_swap_yamnet_r0og9rwa/data/PhysioNet2022/training_data/85335_TV.wav,1.0,0.2139903
/tmp/backbone_swap_yamnet_r0og9rwa/data/PhysioNet2022/training_data/85337_AV.wav,1.0,0.19729792
/tmp/backbone_swap_yamnet_r0og9rwa/data/PhysioNet2022/training_data/85337_MV.wav,1.0,0.17980365
/tmp/backbone_swap_yamnet_r0og9rwa/data/PhysioNet2022/training_data/85337_PV.wav,1.0,0.18261154
/tmp/backbone_swap_yamnet_r0og9rwa/data/PhysioNet2022/training_data/85337_TV.wav,1.0,0.17570513
/tmp/backbone_swap_yamnet_r0og9rwa/data/PhysioNet2022/training_data/85340_AV.wav,1.0,0.18596557
/tmp/backbone_swap_yamnet_r0og9rwa/data/PhysioNet2022/training_data/85340_MV.wav,1.0,0.26873836
/tmp/backbone_swap_yamnet_r0og9rwa/data/PhysioNet2022/training_data/85340_PV.wav,1.0,0.171556
/tmp/backbone_swap_yamnet_r0og9rwa/data/PhysioNet2022/training_data/85340_TV.wav,1.0,0.1938453
/tmp/backbone_swap_yamnet_r0og9rwa/data/PhysioNet2022/training_data/9979_AV.wav,1.0,0.20341848
/tmp/backbone_swap_yamnet_r0og9rwa/data/PhysioNet2022/training_data/9979_MV.wav,1.0,0.18982142
/tmp/backbone_swap_yamnet_r0og9rwa/data/PhysioNet2022/training_data/9979_PV.wav,1.0,0.20648904
/tmp/backbone_swap_yamnet_r0og9rwa/data/PhysioNet2022/training_data/9979_TV.wav,1.0,0.28463462
/tmp/backbone_swap_yamnet_r0og9rwa/data/PhysioNet2022/training_data/9983_AV.wav,1.0,0.32474697
/tmp/backbone_swap_yamnet_r0og9rwa/data/PhysioNet2022/training_data/9983_MV.wav,1.0,0.98277587
/tmp/backbone_swap_yamnet_r0og9rwa/data/PhysioNet2022/training_data/9983_PV.wav,1.0,0.22269805
/tmp/backbone_swap_yamnet_r0og9rwa/data/PhysioNet2022/training_data/9983_TV.wav,1.0,0.16912039
noise,0.0,0.19015619
noise,0.0,0.19001438
noise,0.0,0.19071156
noise,0.0,0.20308307
noise,0.0,0.20404357
noise,0.0,0.15077944
noise,0.0,0.18912186
noise,0.0,0.21215327
noise,0.0,0.20413637
noise,0.0,0.18289813
noise,0.0,0.30713046
noise,0.0,0.97659427
noise,0.0,0.2700794
noise,0.0,0.21486107
noise,0.0,0.2058478
noise,0.0,0.18303512
noise,0.0,0.21024898
noise,0.0,0.18202537
noise,0.0,0.22422756
noise,0.0,0.23924556
noise,0.0,0.21020013
noise,0.0,0.20277098
noise,0.0,0.18063352
noise,0.0,0.21402296
noise,0.0,0.19339257
noise,0.0,0.20738605
noise,0.0,0.2872672
noise,0.0,0.18933353
noise,0.0,0.17993955
noise,0.0,0.18402204
noise,0.0,0.18315384
noise,0.0,0.20970254
noise,0.0,0.25813222
noise,0.0,0.19013365
noise,0.0,0.20605803
noise,0.0,0.18118481
noise,0.0,0.6035098
noise,0.0,0.20502445
noise,0.0,0.19381925
noise,0.0,0.20903775
noise,0.0,0.21317656
noise,0.0,0.19230528
noise,0.0,0.19370638
noise,0.0,0.1892618
noise,0.0,0.2083963
noise,0.0,0.17732543
noise,0.0,0.21062014
noise,0.0,0.19970085
noise,0.0,0.16352467
noise,0.0,0.19355091
noise,0.0,0.22087209
noise,0.0,0.1967051
noise,0.0,0.18322247
noise,0.0,0.19270484
noise,0.0,0.19175015
noise,0.0,0.18928047
noise,0.0,0.21120155
noise,0.0,0.1864246
noise,0.0,0.18051194
noise,0.0,0.20566177
noise,0.0,0.19570962
noise,0.0,0.16735564
noise,0.0,0.18756375
noise,0.0,0.19723581
noise,0.0,0.27685294
noise,0.0,0.20047982
noise,0.0,0.18755127
noise,0.0,0.21219271
noise,0.0,0.1897158
noise,0.0,0.19344598
noise,0.0,0.21996614
noise,0.0,0.19678937
noise,0.0,0.20375326
noise,0.0,0.29592308
noise,0.0,0.18898766
noise,0.0,0.18496475
noise,0.0,0.278408
noise,0.0,0.21350574
noise,0.0,0.17100953
noise,0.0,0.20769104
noise,0.0,0.20605803
noise,0.0,0.18846919
noise,0.0,0.24380998
noise,0.0,0.18029532
noise,0.0,0.18217617
noise,0.0,0.17087404
noise,0.0,0.19130932
noise,0.0,0.17695199
noise,0.0,0.25238943
noise,0.0,0.29326305
noise,0.0,0.16939856
noise,0.0,0.17886809
noise,0.0,0.18411428
noise,0.0,0.16688335
noise,0.0,0.17702043
noise,0.0,0.19357184
noise,0.0,0.16663387
noise,0.0,0.232243
noise,0.0,0.18216799
noise,0.0,0.1754131
noise,0.0,0.17829308
noise,0.0,0.2017442
noise,0.0,0.20411116
noise,0.0,0.1854027
noise,0.0,0.23361248
noise,0.0,0.19504063
noise,0.0,0.17781298
noise,0.0,0.16801478
noise,0.0,0.19718814
noise,0.0,0.99925464
noise,0.0,0.2577683
noise,0.0,0.20158197
noise,0.0,0.20212576
noise,0.0,0.15689614
noise,0.0,0.2356248
noise,0.0,0.15388295
noise,0.0,0.20490858
noise,0.0,0.18868524
noise,0.0,0.19384694
noise,0.0,0.18944229
noise,0.0,0.20062926
noise,0.0,0.19215377
noise,0.0,0.18722865
noise,0.0,0.19483618
noise,0.0,0.19845857
noise,0.0,0.19945577
noise,0.0,0.20636675
noise,0.0,0.19603641
noise,0.0,0.18257855
noise,0.0,0.17252825
noise,0.0,0.18393117
noise,0.0,0.20672406
noise,0.0,0.19734395
noise,0.0,0.18536426
noise,0.0,0.18724805
noise,0.0,0.19191237
noise,0.0,0.18898435
noise,0.0,0.17987955
noise,0.0,0.19120778
noise,0.0,0.20952582
noise,0.0,0.16784011
noise,0.0,0.23463286
noise,0.0,0.20803696
noise,0.0,0.2007139
noise,0.0,0.19619747
noise,0.0,0.6564745
noise,0.0,0.2381939
noise,0.0,0.20413637
noise,0.0,0.18486503
noise,0.0,0.23602372
noise,0.0,0.2865582
noise,0.0,0.24917734
noise,0.0,0.37392506
noise,0.0,0.18557233
noise,0.0,0.20392103
noise,0.0,0.17669123
noise,0.0,0.28456122
noise,0.0,0.99997544
noise,0.0,0.18023023
noise,0.0,0.2203589
noise,0.0,0.17878889
noise,0.0,0.19536473
noise,0.0,0.21203126
noise,0.0,0.1689226
noise,0.0,0.80840784
noise,0.0,0.1781149
noise,0.0,0.22606547
noise,0.0,0.19093893
noise,0.0,0.17992905
noise,0.0,0.22459546
noise,0.0,0.17849985
noise,0.0,0.19631629
noise,0.0,0.18862595
noise,0.0,0.19113393
noise,0.0,0.245699
noise,0.0,0.21478257
noise,0.0,0.18648727
noise,0.0,0.21674915
noise,0.0,0.35462573
noise,0.0,0.15004751
noise,0.0,0.36819193
noise,0.0,0.21670756
noise,0.0,0.26751462
noise,0.0,0.20561524
noise,0.0,0.20145066
noise,0.0,0.22980821
noise,0.0,0.20694916
noise,0.0,0.17444581
noise,0.0,0.2091082
noise,0.0,0.19734395
noise,0.0,0.19386858
noise,0.0,0.2068928
noise,0.0,0.22340263
noise,0.0,0.19745766
noise,0.0,0.2474497
noise,0.0,0.19739833
noise,0.0,0.20693164
noise,0.0,0.73815286
noise,0.0,0.19317143
noise,0.0,0.24693264
noise,0.0,0.19814442
noise,0.0,0.19722714
noise,0.0,0.20387816
noise,0.0,0.20768516
noise,0.0,0.24897118
noise,0.0,0.26641604
noise,0.0,0.1736974
noise,0.0,0.20560262
noise,0.0,0.19006673
noise,0.0,0.18541504
noise,0.0,0.1885754
noise,0.0,0.1865933
noise,0.0,0.19753686
noise,0.0,0.156271
noise,0.0,0.19725151
noise,0.0,0.17377573
noise,0.0,0.1951587
noise,0.0,0.21884753
noise,0.0,0.20773594
noise,0.0,0.20606521
noise,0.0,0.18230836
noise,0.0,0.97059846
noise,0.0,0.19431093
noise,0.0,0.17919268
noise,0.0,0.22257666
noise,0.0,0.26818696
noise,0.0,0.208157
noise,0.0,0.196105
noise,0.0,0.22340177
noise,0.0,0.1892982
noise,0.0,0.2111956
noise,0.0,0.19234724
noise,0.0,0.19988143
noise,0.0,0.23611814
noise,0.0,0.7151361
noise,0.0,0.19457956
noise,0.0,0.39638457
noise,0.0,0.1811292
noise,0.0,0.17092042
noise,0.0,0.20353082
noise,0.0,0.21297395
noise,0.0,0.21539834
noise,0.0,0.18325399
noise,0.0,0.18094353
noise,0.0,0.21113105
noise,0.0,0.22442928
noise,0.0,0.26969332
noise,0.0,0.18524383
noise,0.0,0.16500026
noise,0.0,0.1994517
noise,0.0,0.3079413
noise,0.0,0.19748205
noise,0.0,0.17231387
noise,0.0,0.18582384
noise,0.0,0.18352222
noise,0.0,0.1973241
noise,0.0,0.1875994
noise,0.0,0.20264108
noise,0.0,0.20630766
noise,0.0,0.18509144
noise,0.0,0.19505915
noise,0.0,0.19157407
noise,0.0,0.15297705
noise,0.0,0.18953073
noise,0.0,0.18153687
noise,0.0,0.20090997
noise,0.0,0.21454129
noise,0.0,0.19270253
noise,0.0,0.22566405
noise,0.0,0.19478422
noise,0.0,0.18343069
noise,0.0,0.20583674
noise,0.0,0.20405297
noise,0.0,0.31119972
noise,0.0,0.22467731
noise,0.0,0.20159598
noise,0.0,0.2189211
noise,0.0,0.19327706
noise,0.0,0.19008534
noise,0.0,0.25593123
noise,0.0,0.21499369
noise,0.0,0.19394796
noise,0.0,0.19013405
noise,0.0,0.18384598
noise,0.0,0.20268424
noise,0.0,0.2102843
noise,0.0,0.19235048
noise,0.0,0.1708866
noise,0.0,0.20347483
noise,0.0,0.17121835
noise,0.0,0.30084246
noise,0.0,0.20494613
noise,0.0,0.16485138
noise,0.0,0.30093786
noise,0.0,0.1826126
noise,0.0,0.23598488
noise,0.0,0.19764616
noise,0.0,0.31101078
noise,0.0,0.2739852
noise,0.0,0.22812673
noise,0.0,0.18342763
noise,0.0,0.19747604
noise,0.0,0.18669437
noise,0.0,0.17388137
noise,0.0,0.2651964
noise,0.0,0.20228302
noise,0.0,0.14845428
noise,0.0,0.20421615
noise,0.0,0.18254147
noise,0.0,0.30001628
noise,0.0,0.20919357
noise,0.0,0.2859985
noise,0.0,0.18837942
noise,0.0,0.17768541
noise,0.0,0.18859757
noise,0.0,0.197293
noise,0.0,0.17309995
noise,0.0,0.20072234
noise,0.0,0.2502215
noise,0.0,0.18746799
noise,0.0,0.19387265
noise,0.0,0.18860137
noise,0.0,0.23317195
noise,0.0,0.20318957
noise,0.0,0.17949915
noise,0.0,0.19610232
noise,0.0,0.17749745
noise,0.0,0.99987686
noise,0.0,0.18773372
noise,0.0,0.96290314
noise,0.0,0.25292185
noise,0.0,0.19427028
noise,0.0,0.2140107
noise,0.0,0.19734426
noise,0.0,0.19236319
noise,0.0,0.16905193
noise,0.0,0.18566541
noise,0.0,0.18182234
noise,0.0,0.20375136
noise,0.0,0.20087132
noise,0.0,0.18463439
noise,0.0,0.1642741
noise,0.0,0.20033334
noise,0.0,0.18881698
noise,0.0,0.19335546
noise,0.0,0.18416616
noise,0.0,0.21433498
noise,0.0,0.99984264
noise,0.0,0.17519537
noise,0.0,0.17536682
noise,0.0,0.2017498
noise,0.0,0.21388641
noise,0.0,0.20611848
noise,0.0,0.20774043
noise,0.0,0.18392587
noise,0.0,0.17870457
noise,0.0,0.18744346
noise,0.0,0.19581354
noise,0.0,0.8987213
noise,0.0,0.19684604
noise,0.0,0.24607535
noise,0.0,0.16914631
noise,0.0,0.16929457
noise,0.0,0.20895769
noise,0.0,0.16819997
noise,0.0,0.20597024
noise,0.0,0.18912525
noise,0.0,0.19934483
noise,0.0,0.7178055
noise,0.0,0.97632617
noise,0.0,0.20126663
noise,0.0,0.16038565
noise,0.0,0.18351398
noise,0.0,0.17997222
noise,0.0,0.18131498
noise,0.0,0.19615594
noise,0.0,0.20586212
noise,0.0,0.19092996
noise,0.0,0.21915644
noise,0.0,0.19351998
noise,0.0,0.23560742
noise,0.0,0.18487583
noise,0.0,0.18248683
noise,0.0,0.18866926
noise,0.0,0.21514852
noise,0.0,0.20525514
noise,0.0,0.19021958
noise,0.0,0.1848429
noise,0.0,0.17353176
noise,0.0,0.19749816
noise,0.0,0.19176045
noise,0.0,0.18967564
noise,0.0,0.20623645
noise,0.0,0.20570289
noise,0.0,0.17002551
noise,0.0,0.618748
noise,0.0,0.2207423
noise,0.0,0.18415621
noise,0.0,0.16386315
noise,0.0,0.33153373
noise,0.0,0.32724184
noise,0.0,0.18470694
noise,0.0,0.17223142
noise,0.0,0.16732305
noise,0.0,0.34034356
noise,0.0,0.1845387
noise,0.0,0.24582393
noise,0.0,0.19985302
noise,0.0,0.195691
noise,0.0,0.25282174
noise,0.0,0.18775941
noise,0.0,0.24892065
noise,0.0,0.18935181
noise,0.0,0.18245983
noise,0.0,0.19203365
noise,0.0,0.2233541
noise,0.0,0.19803633
noise,0.0,0.24931139
noise,0.0,0.19460572
noise,0.0,0.59503037
noise,0.0,0.20163178
noise,0.0,0.20651671
noise,0.0,0.18213546
noise,0.0,0.1643607
noise,0.0,0.17179084
noise,0.0,0.19612466
noise,0.0,0.18754508
noise,0.0,0.18528256
noise,0.0,0.37339365
noise,0.0,0.18909936
noise,0.0,0.22501461
noise,0.0,0.19378
noise,0.0,0.19579338
noise,0.0,0.17278674
noise,0.0,0.18169804
noise,0.0,0.2219111
noise,0.0,0.2803203
noise,0.0,0.4827134
noise,0.0,0.20792934
noise,0.0,0.1928077
noise,0.0,0.19356754
noise,0.0,0.18959203
noise,0.0,0.18391135
noise,0.0,0.1929756
noise,0.0,0.18688428
noise,0.0,0.22042626
noise,0.0,0.18443175
noise,0.0,0.18113318
noise,0.0,0.19742025
noise,0.0,0.19331397
noise,0.0,0.17924717
noise,0.0,0.1907803
noise,0.0,0.1945247
noise,0.0,0.22351788
noise,0.0,0.20733987
noise,0.0,0.20054412
noise,0.0,0.2494204
noise,0.0,0.22244358
noise,0.0,0.18504833
noise,0.0,0.19297422
noise,0.0,0.17726994
noise,0.0,0.16137391
noise,0.0,0.1911154
noise,0.0,0.1943902
noise,0.0,0.6064912
noise,0.0,0.18686122
noise,0.0,0.28342572
noise,0.0,0.2072083
noise,0.0,0.17513819
noise,0.0,0.19817401
noise,0.0,0.19115283
noise,0.0,0.18705577
noise,0.0,0.23384598
noise,0.0,0.19883917
noise,0.0,0.24646811
noise,0.0,0.2570431
noise,0.0,0.17480962
noise,0.0,0.18029532
noise,0.0,0.18848893
noise,0.0,0.3688784
noise,0.0,0.21029177
noise,0.0,0.19464098
noise,0.0,0.18110433
noise,0.0,0.23034902
noise,0.0,0.21796572
noise,0.0,0.17993833
noise,0.0,0.20368198
noise,0.0,0.2024905
noise,0.0,0.21150216
noise,0.0,0.27008113
noise,0.0,0.18634436
noise,0.0,0.287879
noise,0.0,0.1770588
noise,0.0,0.4583714
noise,0.0,0.19755861
noise,0.0,0.18399726
noise,0.0,0.17916007
noise,0.0,0.2048288
noise,0.0,0.18044773
noise,0.0,0.17693824
noise,0.0,0.28050157
noise,0.0,0.24511866
noise,0.0,0.1867352
noise,0.0,0.28297988
noise,0.0,0.21238692
noise,0.0,0.29687494
noise,0.0,0.18218012
noise,0.0,0.99907625
noise,0.0,0.22109258
noise,0.0,0.20835596
noise,0.0,0.16574848
noise,0.0,0.25166658
noise,0.0,0.23339683
noise,0.0,0.19490391
noise,0.0,0.16058217
noise,0.0,0.40906462
noise,0.0,0.2155298
noise,0.0,0.1782176
noise,0.0,0.1905021
noise,0.0,0.18712689
noise,0.0,0.18641052
noise,0.0,0.20468195
noise,0.0,0.18398865
noise,0.0,0.19522919
noise,0.0,0.20359695
noise,0.0,0.18357626
noise,0.0,0.19244167
noise,0.0,0.20047978
noise,0.0,0.20847598
noise,0.0,0.2888092
noise,0.0,0.16922896
noise,0.0,0.24065015
noise,0.0,0.16679089
noise,0.0,0.18845186
noise,0.0,0.1953068
noise,0.0,0.19115122
noise,0.0,0.19040385
noise,0.0,0.17758444
noise,0.0,0.23237738
noise,0.0,0.1875626
noise,0.0,0.16021225
noise,0.0,0.18401232
noise,0.0,0.30934095
noise,0.0,0.17385513
noise,0.0,0.19689396
noise,0.0,0.20907356
noise,0.0,0.20075414
noise,0.0,0.18477872
noise,0.0,0.21690641
noise,0.0,0.17657752
noise,0.0,0.21508911
noise,0.0,0.18382871
noise,0.0,0.22958113
noise,0.0,0.19529904
noise,0.0,0.1839706
noise,0.0,0.25508496
noise,0.0,0.1816058
noise,0.0,0.27685294
noise,0.0,0.18420982
noise,0.0,0.6624718
noise,0.0,0.19538249
noise,0.0,0.18693808
noise,0.0,0.46594495
noise,0.0,0.18015715
noise,0.0,0.196958
noise,0.0,0.17728212
noise,0.0,0.18874292
noise,0.0,0.87793016
noise,0.0,0.1822494
noise,0.0,0.19792868
noise,0.0,0.19636753
noise,0.0,0.1905112
noise,0.0,0.23084736
noise,0.0,0.18410316
noise,0.0,0.17697917
noise,0.0,0.19542243
noise,0.0,0.19051419
noise,0.0,0.18937685
noise,0.0,0.23326996
noise,0.0,0.20007987
noise,0.0,0.1936801
noise,0.0,0.20307322
noise,0.0,0.23112714
noise,0.0,0.17912546
noise,0.0,0.20139666
noise,0.0,0.17829897
noise,0.0,0.1972893
noise,0.0,0.18725725
noise,0.0,0.18265581
noise,0.0,0.20310314
noise,0.0,0.18800603
noise,0.0,0.20298876
noise,0.0,0.19758266
noise,0.0,0.17840318
noise,0.0,0.19557512
noise,0.0,0.2570431
noise,0.0,0.20304337
noise,0.0,0.19547704
noise,0.0,0.19179785
noise,0.0,0.17896535
noise,0.0,0.18673714
noise,0.0,0.24742435
noise,0.0,0.19908881
noise,0.0,0.21668236
noise,0.0,0.24139877
noise,0.0,0.1747378
noise,0.0,0.25355488
noise,0.0,0.1882474
noise,0.0,0.17114936
noise,0.0,0.19318193
noise,0.0,0.19766575
noise,0.0,0.19902314
noise,0.0,0.20127617
noise,0.0,0.18401141
noise,0.0,0.21680103
noise,0.0,0.23138626
noise,0.0,0.19539426
noise,0.0,0.20356007
noise,0.0,0.18294808
noise,0.0,0.19043136
noise,0.0,0.20062119
noise,0.0,0.2131434
noise,0.0,0.18126473
noise,0.0,0.5870502
noise,0.0,0.20799328
noise,0.0,0.3051987
noise,0.0,0.1894372
noise,0.0,0.21238023
noise,0.0,0.19586247
noise,0.0,0.2241615
noise,0.0,0.5928264
noise,0.0,0.18851954
noise,0.0,0.184001
noise,0.0,0.2054869
noise,0.0,0.21308444
noise,0.0,0.24701071
noise,0.0,0.21551718
noise,0.0,0.17802735
noise,0.0,0.22138937
noise,0.0,0.17902797
noise,0.0,0.18491484
noise,0.0,0.22785278
noise,0.0,0.19869259
noise,0.0,0.2133537
noise,0.0,0.19721434
noise,0.0,0.18861817
noise,0.0,0.17834918
noise,0.0,0.18887028
noise,0.0,0.17922522
noise,0.0,0.26479414
noise,0.0,0.1966274
noise,0.0,0.23598352
noise,0.0,0.18780312
noise,0.0,0.23647888
noise,0.0,0.22012135
noise,0.0,0.2021442
noise,0.0,0.188266
noise,0.0,0.20344663
noise,0.0,0.17626965
noise,0.0,0.18593468
noise,0.0,0.18042275
noise,0.0,0.18929225
noise,0.0,0.15416154
noise,0.0,0.18449731
noise,0.0,0.2541666
noise,0.0,0.17619152
noise,0.0,0.18299963
noise,0.0,0.19929518
noise,0.0,0.20800519
noise,0.0,0.18810268
noise,0.0,0.26054052
noise,0.0,0.25477463
noise,0.0,0.19042802
noise,0.0,0.19849563
noise,0.0,0.24484614
noise,0.0,0.2960107
noise,0.0,0.18812042
noise,0.0,0.19456378
noise,0.0,0.18366483
noise,0.0,0.18274292
noise,0.0,0.1963489
noise,0.0,0.30373615
noise,0.0,0.49905646
noise,0.0,0.19168103
noise,0.0,0.21414071
noise,0.0,0.1959993
noise,0.0,0.17910236
noise,0.0,0.16524097
noise,0.0,0.1970093
noise,0.0,0.19091438
noise,0.0,0.6619773
noise,0.0,0.17058682
noise,0.0,0.19156009
noise,0.0,0.26228172
noise,0.0,0.21010883
noise,0.0,0.19051571
noise,0.0,0.16531247
noise,0.0,0.19265035
noise,0.0,0.18240784
noise,0.0,0.23671062
noise,0.0,0.22068979
noise,0.0,0.20076501
noise,0.0,0.22646515
noise,0.0,0.17368293
noise,0.0,0.1933398
noise,0.0,0.18209651
noise,0.0,0.18001494
noise,0.0,0.17567532
noise,0.0,0.17872031
noise,0.0,0.20057164
noise,0.0,0.18158023
noise,0.0,0.1991873
noise,0.0,0.3064803
noise,0.0,0.23984957
noise,0.0,0.17891607
noise,0.0,0.18324043
noise,0.0,0.21479046
noise,0.0,0.17112143
noise,0.0,0.2468458
noise,0.0,0.24144898
noise,0.0,0.21772516
noise,0.0,0.18715486
noise,0.0,0.19732386
noise,0.0,0.20654388
noise,0.0,0.25847402
noise,0.0,0.29632044
noise,0.0,0.22737616
noise,0.0,0.19590697
noise,0.0,0.32953432
noise,0.0,0.18564877
noise,0.0,0.29088047
noise,0.0,0.17272362
noise,0.0,0.30696633
noise,0.0,0.5626622
noise,0.0,0.1859075
noise,0.0,0.17978042
noise,0.0,0.18374467
noise,0.0,0.19525693
noise,0.0,0.18271057
noise,0.0,0.18133746
noise,0.0,0.1742613
noise,0.0,0.2944284
noise,0.0,0.20025773
noise,0.0,0.20007919
noise,0.0,0.19593398
noise,0.0,0.19370855
noise,0.0,0.18515287
noise,0.0,0.16893248
noise,0.0,0.18706518
noise,0.0,0.22057399
noise,0.0,0.20584437
noise,0.0,0.18081473
noise,0.0,0.20117936
noise,0.0,0.31503224
noise,0.0,0.1959694
noise,0.0,0.21165775
noise,0.0,0.27171275
noise,0.0,0.44569653
noise,0.0,0.15296917
noise,0.0,0.22988439
noise,0.0,0.1596151
noise,0.0,0.18551175
noise,0.0,0.14631498
noise,0.0,0.17112923
noise,0.0,0.17516123
noise,0.0,0.196958
noise,0.0,0.18633337
noise,0.0,0.21612976
noise,0.0,0.19825807
noise,0.0,0.19020231
noise,0.0,0.19736831
noise,0.0,0.21296851
noise,0.0,0.1943075
noise,0.0,0.1961015
noise,0.0,0.20473874
noise,0.0,0.17545654
noise,0.0,0.23396753
noise,0.0,0.23913154
noise,0.0,0.26264954
noise,0.0,0.19254538
noise,0.0,0.18023707
noise,0.0,0.19235523
noise,0.0,0.23984957
noise,0.0,0.19337822
noise,0.0,0.19407497
noise,0.0,0.20840044
noise,0.0,0.1875622
noise,0.0,0.21697538
noise,0.0,0.1840295
noise,0.0,0.17774211
noise,0.0,0.19218813
noise,0.0,0.20448002
noise,0.0,0.19501528
noise,0.0,0.21623673
noise,0.0,0.32999167
noise,0.0,0.20293888
noise,0.0,0.21252218
noise,0.0,0.16977283
noise,0.0,0.18198745
noise,0.0,0.28660232
noise,0.0,0.20513141
noise,0.0,0.19755815
noise,0.0,0.18254916
noise,0.0,0.18394174
noise,0.0,0.20161544
noise,0.0,0.19814005
noise,0.0,0.23576497
noise,0.0,0.19697298
noise,0.0,0.28846774
noise,0.0,0.20248258
noise,0.0,0.18994431
noise,0.0,0.19351865
noise,0.0,0.31939283
noise,0.0,0.18300241
noise,0.0,0.165275
noise,0.0,0.19306813
noise,0.0,0.21489897
noise,0.0,0.21880223
noise,0.0,0.18974379
noise,0.0,0.1936
noise,0.0,0.19087304
noise,0.0,0.25272936
noise,0.0,0.22446068
noise,0.0,0.20055424
noise,0.0,0.18117948
noise,0.0,0.19585946
noise,0.0,0.18154931
noise,0.0,0.23199414
noise,0.0,0.1663975
noise,0.0,0.17672615
noise,0.0,0.19935119
noise,0.0,0.19126533
noise,0.0,0.19709925
noise,0.0,0.16465433
noise,0.0,0.20072116
noise,0.0,0.22855987
noise,0.0,0.17836016
noise,0.0,0.2339194
noise,0.0,0.20019044
noise,0.0,0.20862114
noise,0.0,0.55829704
noise,0.0,0.21736966
noise,0.0,0.28298005
noise,0.0,0.19582714
noise,0.0,0.18618098
noise,0.0,0.18857066
noise,0.0,0.19822396
noise,0.0,0.18755682
noise,0.0,0.20835969
noise,0.0,0.29269117
noise,0.0,0.21520084
noise,0.0,0.1801598
noise,0.0,0.18077137
noise,0.0,0.17313512
noise,0.0,0.19412705
noise,0.0,0.17885283
noise,0.0,0.22279812
noise,0.0,0.19036117
noise,0.0,0.19558571
noise,0.0,0.18606912
noise,0.0,0.2105502
noise,0.0,0.25001597
noise,0.0,0.16902629
noise,0.0,0.20280229
noise,0.0,0.204292
noise,0.0,0.23286025
noise,0.0,0.19294566
noise,0.0,0.2498067
noise,0.0,0.21786574
noise,0.0,0.20397803
noise,0.0,0.17266054
noise,0.0,0.18651131
noise,0.0,0.18465151
noise,0.0,0.20112284
noise,0.0,0.20337072
noise,0.0,0.2179926
noise,0.0,0.19575784
noise,0.0,0.19474107
noise,0.0,0.18323885
noise,0.0,0.22944427
noise,0.0,0.21768314
noise,0.0,0.21080777
noise,0.0,0.19715214
noise,0.0,0.2435673
noise,0.0,0.26687136
noise,0.0,0.21435934
noise,0.0,0.18215573
noise,0.0,0.21753217
noise,0.0,0.1821812
noise,0.0,0.20617108
noise,0.0,0.21810354
noise,0.0,0.19985315
noise,0.0,0.213107
noise,0.0,0.20287102
noise,0.0,0.21903263
noise,0.0,0.18213268
noise,0.0,0.2224001
noise,0.0,0.31207407
noise,0.0,0.1878653
noise,0.0,0.24566498
noise,0.0,0.5004682
noise,0.0,0.19281434
noise,0.0,0.1929444
noise,0.0,0.19980952
noise,0.0,0.39583188
noise,0.0,0.20617346
noise,0.0,0.7118221
noise,0.0,0.18698151
noise,0.0,0.25204447
noise,0.0,0.18444483
noise,0.0,0.18180786
noise,0.0,0.18525963
noise,0.0,0.20887417
noise,0.0,0.20928875
noise,0.0,0.65827125
noise,0.0,0.1920749
noise,0.0,0.23210913
noise,0.0,0.20260154
noise,0.0,0.20242934
noise,0.0,0.30556077
noise,0.0,0.20899718
noise,0.0,0.1893741
noise,0.0,0.19622259
noise,0.0,0.19838029
noise,0.0,0.2601514
noise,0.0,0.19250792
noise,0.0,0.18583703
noise,0.0,0.18615119
noise,0.0,0.18474457
noise,0.0,0.1986668
noise,0.0,0.18571867
noise,0.0,0.2210895
noise,0.0,0.28274637
noise,0.0,0.20011508
noise,0.0,0.18874077
noise,0.0,0.22144954
noise,0.0,0.32196397
noise,0.0,0.19238056
noise,0.0,0.18528947
noise,0.0,0.20950511
noise,0.0,0.18181033
noise,0.0,0.19154559
noise,0.0,0.19644526
noise,0.0,0.1975527
noise,0.0,0.19495581
noise,0.0,0.28474566
noise,0.0,0.29599002
noise,0.0,0.18311791
noise,0.0,0.18792929
noise,0.0,0.21723692
noise,0.0,0.20416036
noise,0.0,0.21699421
noise,0.0,0.20564868
noise,0.0,0.23124157
noise,0.0,0.58492744
noise,0.0,0.19929886
noise,0.0,0.22340813
noise,0.0,0.22651926
noise,0.0,0.22331561
noise,0.0,0.18999818
noise,0.0,0.18430594
noise,0.0,0.20086777
noise,0.0,0.19728349
noise,0.0,0.1740383
noise,0.0,0.19321501
noise,0.0,0.18877679
noise,0.0,0.19770673
noise,0.0,0.23597765
noise,0.0,0.18870635
noise,0.0,0.20283537
noise,0.0,0.17758627
noise,0.0,0.20647325
noise,0.0,0.1870383
noise,0.0,0.19417892
noise,0.0,0.18468907
noise,0.0,0.20575741
noise,0.0,0.32992843
noise,0.0,0.8979881
noise,0.0,0.24563666
noise,0.0,0.20287895
noise,0.0,0.18141475
noise,0.0,0.18771386
noise,0.0,0.18124107
noise,0.0,0.17663598
noise,0.0,0.19733423
noise,0.0,0.21533178
noise,0.0,0.17832421
noise,0.0,0.5192
noise,0.0,0.2236205
noise,0.0,0.17689064
noise,0.0,0.22254269
noise,0.0,0.18649036
noise,0.0,0.45346633
noise,0.0,0.20773214
noise,0.0,0.20113112
noise,0.0,0.21841183
noise,0.0,0.18923213
noise,0.0,0.9403812
noise,0.0,0.16655536
noise,0.0,0.19405426
noise,0.0,0.26575506
noise,0.0,0.17396508
noise,0.0,0.21711932
noise,0.0,0.1857523
noise,0.0,0.21005043
noise,0.0,0.19157714
noise,0.0,0.18609925
noise,0.0,0.1881466
noise,0.0,0.1960898
noise,0.0,0.2054753
noise,0.0,0.188838
noise,0.0,0.20684598
noise,0.0,0.19070774
noise,0.0,0.18890059
noise,0.0,0.25236154
noise,0.0,0.20251866
noise,0.0,0.19219239
noise,0.0,0.18181527
noise,0.0,0.17327479
noise,0.0,0.20144291
noise,0.0,0.20642637
noise,0.0,0.18371946
noise,0.0,0.18363771
noise,0.0,0.17943944
noise,0.0,0.18419586
noise,0.0,0.21063276
noise,0.0,0.216767
noise,0.0,0.17288236
noise,0.0,0.38356498
noise,0.0,0.2204204
noise,0.0,0.21621381
noise,0.0,0.20680161
noise,0.0,0.18629593
noise,0.0,0.2044929
noise,0.0,0.18996666
noise,0.0,0.18794425
