filename,y_true,probs
/tmp/backbone_swap_panns_p7fs97_5/data/PhysioNet2022/training_data/13918_AV.wav,1.0,0.22582155
/tmp/backbone_swap_panns_p7fs97_5/data/PhysioNet2022/training_data/13918_MV.wav,1.0,0.18268779
/tmp/backbone_swap_panns_p7fs97_5/data/PhysioNet2022/training_data/13918_PV.wav,1.0,0.35648972
/tmp/backbone_swap_panns_p7fs97_5/data/PhysioNet2022/training_data/13918_TV.wav,1.0,0.36139512
/tmp/backbone_swap_panns_p7fs97_5/data/PhysioNet2022/training_data/14998_AV.wav,1.0,0.16676669
/tmp/backbone_swap_panns_p7fs97_5/data/PhysioNet2022/training_data/14998_MV.wav,1.0,0.47794023
/tmp/backbone_swap_panns_p7fs97_5/data/PhysioNet2022/training_data/14998_PV.wav,1.0,0.19965209
/tmp/backbone_swap_panns_p7fs97_5/data/PhysioNet2022/training_data/14998_TV.wav,1.0,0.15194254
/tmp/backbone_swap_panns_p7fs97_5/data/PhysioNet2022/training_data/2530_AV.wav,1.0,0.21024978
/tmp/backbone_swap_panns_p7fs97_5/data/PhysioNet2022/training_data/2530_MV.wav,1.0,0.5293057
/tmp/backbone_swap_panns_p7fs97_5/data/PhysioNet2022/training_data/2530_PV.wav,1.0,0.26715145
/tmp/backbone_swap_panns_p7fs97_5/data/PhysioNet2022/training_data/2530_TV.wav,1.0,0.32036975
/tmp/backbone_swap_panns_p7fs97_5/data/PhysioNet2022/training_data/29378_AV.wav,1.0,0.2591211
/tmp/backbone_swap_panns_p7fs97_5/data/PhysioNet2022/training_data/29378_MV.wav,1.0,0.3352464
/tmp/backbone_swap_panns_p7fs97_5/data/PhysioNet2022/training_data/36327_AV.wav,1.0,0.2568682
/tmp/backbone_swap_panns_p7fs97_5/data/PhysioNet2022/training_data/36327_MV.wav,1.0,0.21599746
/tmp/backbone_swap_panns_p7fs97_5/data/PhysioNet2022/training_data/36327_PV.wav,1.0,0.45843896
/tmp/backbone_swap_panns_p7fs97_5/data/PhysioNet2022/training_data/36327_TV.wav,1.0,0.8245729
/tmp/backbone_swap_panns_p7fs97_5/data/PhysioNet2022/training_data/46579_AV.wav,1.0,0.13306208
/tmp/backbone_swap_panns_p7fs97_5/data/PhysioNet2022/training_data/46579_MV.wav,1.0,0.21343888
/tmp/backbone_swap_panns_p7fs97_5/data/PhysioNet2022/training_data/46579_PV.wav,1.0,0.18235497
/tmp/backbone_swap_panns_p7fs97_5/data/PhysioNet2022/training_data/46579_TV.wav,1.0,0.2808702
/tmp/backbone_swap_panns_p7fs97_5/data/PhysioNet2022/training_data/47002_AV.wav,1.0,0.31529933
/tmp/backbone_swap_panns_p7fs97_5/data/PhysioNet2022/training_data/47002_MV.wav,1.0,0.40413207
/tmp/backbone_swap_panns_p7fs97_5/data/PhysioNet2022/training_data/49568_AV.wav,1.0,0.23617351
/tmp/backbone_swap_panns_p7fs97_5/data/PhysioNet2022/training_data/49568_MV.wav,1.0,0.14030772
/tmp/backbone_swap_panns_p7fs97_5/data/PhysioNet2022/training_data/49568_PV.wav,1.0,0.26537666
/tmp/backbone_swap_panns_p7fs97_5/data/PhysioNet2022/training_data/49568_TV.wav,1.0,0.15070361
/tmp/backbone_swap_panns_p7fs97_5/data/PhysioNet2022/training_data/49572_MV.wav,1.0,0.39338708
/tmp/backbone_swap_panns_p7fs97_5/data/PhysioNet2022/training_data/49572_PV.wav,1.0,0.1346444
/tmp/backbone_swap_panns_p7fs97_5/data/PhysioNet2022/training_data/49572_TV.wav,1.0,0.22475967
/tmp/backbone_swap_panns_p7fs97_5/data/PhysioNet2022/training_data/49574_AV.wav,1.0,0.06237588
/tmp/backbone_swap_panns_p7fs97_5/data/PhysioNet2022/training_data/49574_MV.wav,1.0,0.36651152
/tmp/backbone_swap_panns_p7fs97_5/data/PhysioNet2022/training_data/49574_PV.wav,1.0,0.37326372
/tmp/backbone_swap_panns_p7fs97_5/data/PhysioNet2022/training_data/49574_TV.wav,1.0,0.34537306
/tmp/backbone_swap_panns_p7fs97_5/data/PhysioNet2022/training_data/49585_AV.wav,1.0,0.47672287
/tmp/backbone_swap_panns_p7fs97_5/data/PhysioNet2022/training_data/49585_MV.wav,1.0,0.34484106
/tmp/backbone_swap_panns_p7fs97_5/data/PhysioNet2022/training_data/49585_PV.wav,1.0,0.24418814
/tmp/backbone_swap_panns_p7fs97_5/data/PhysioNet2022/training_data/49585_TV.wav,1.0,0.11636607
/tmp/backbone_swap_panns_p7fs97_5/data/PhysioNet2022/training_data/49622_AV.wav,1.0,0.2820953
/tmp/backbone_swap_panns_p7fs97_5/data/PhysioNet2022/training_data/49622_MV.wav,1.0,0.35796437
/tmp/backbone_swap_panns_p7fs97_5/data/PhysioNet2022/training_data/49638_AV.wav,1.0,0.3236156
/tmp/backbone_swap_panns_p7fs97_5/data/PhysioNet2022/training_data/49638_MV.wav,1.0,0.2966402
/tmp/backbone_swap_panns_p7fs97_5/data/PhysioNet2022/training_data/49638_PV.wav,1.0,0.24325602
/tmp/backbone_swap_panns_p7fs97_5/data/PhysioNet2022/training_data/49669_MV.wav,1.0,0.3588311
/tmp/backbone_swap_panns_p7fs97_5/data/PhysioNet2022/training_data/49669_PV.wav,1.0,0.21708255
/tmp/backbone_swap_panns_p7fs97_5/data/PhysioNet2022/training_data/49704_AV.wav,1.0,0.20376514
/tmp/backbone_swap_panns_p7fs97_5/data/PhysioNet2022/training_data/49704_MV.wav,1.0,0.38664678
/tmp/backbone_swap_panns_p7fs97_5/data/PhysioNet2022/training_data/49712_AV.wav,1.0,0.22254297
/tmp/backbone_swap_panns_p7fs97_5/data/PhysioNet2022/training_data/49712_MV.wav,1.0,0.55746037
/tmp/backbone_swap_panns_p7fs97_5/data/PhysioNet2022/training_data/49712_PV.wav,1.0,0.4986422
/tmp/backbone_swap_panns_p7fs97_5/data/PhysioNet2022/training_data/49712_TV.wav,1.0,0.51078254
/tmp/backbone_swap_panns_p7fs97_5/data/PhysioNet2022/training_data/49745_AV.wav,1.0,0.16508852
/tmp/backbone_swap_panns_p7fs97_5/data/PhysioNet2022/training_data/49745_MV.wav,1.0,0.36104107
/tmp/backbone_swap_panns_p7fs97_5/data/PhysioNet2022/training_data/49745_PV.wav,1.0,0.1607005
/tmp/backbone_swap_panns_p7fs97_5/data/PhysioNet2022/training_data/49745_TV.wav,1.0,0.17563328
/tmp/backbone_swap_panns_p7fs97_5/data/PhysioNet2022/training_data/49748_AV_1.wav,1.0,0.35626182
/tmp/backbone_swap_panns_p7fs97_5/data/PhysioNet2022/training_data/49748_AV_2.wav,1.0,0.4913417
/tmp/backbone_swap_panns_p7fs97_5/data/PhysioNet2022/training_data/49748_MV.wav,1.0,0.31031904
/tmp/backbone_swap_panns_p7fs97_5/data/PhysioNet2022/training_data/49748_PV_1.wav,1.0,0.2023271
/tmp/backbone_swap_panns_p7fs97_5/data/PhysioNet2022/training_data/49748_PV_2.wav,1.0,0.33835772
/tmp/backbone_swap_panns_p7fs97_5/data/PhysioNet2022/training_data/49748_TV.wav,1.0,0.19678307
/tmp/backbone_swap_panns_p7fs97_5/data/PhysioNet2022/training_data/49761_AV.wav,1.0,0.28394476
/tmp/backbone_swap_panns_p7fs97_5/data/PhysioNet2022/training_data/49761_MV.wav,1.0,0.1634038
/tmp/backbone_swap_panns_p7fs97_5/data/PhysioNet2022/training_data/49808_MV.wav,1.0,0.19766696
/tmp/backbone_swap_panns_p7fs97_5/data/PhysioNet2022/training_data/49808_PV.wav,1.0,0.5803225
/tmp/backbone_swap_panns_p7fs97_5/data/PhysioNet2022/training_data/49808_TV.wav,1.0,0.26959166
/tmp/backbone_swap_panns_p7fs97_5/data/PhysioNet2022/training_data/49821_AV.wav,1.0,0.13052848
/tmp/backbone_swap_panns_p7fs97_5/data/PhysioNet2022/training_data/49821_MV.wav,1.0,0.22939754
/tmp/backbone_swap_panns_p7fs97_5/data/PhysioNet2022/training_data/49821_PV.wav,1.0,0.11806422
/tmp/backbone_swap_panns_p7fs97_5/data/PhysioNet2022/training_data/49821_TV.wav,1.0,0.26950103
/tmp/backbone_swap_panns_p7fs97_5/data/PhysioNet2022/training_data/49823_MV.wav,1.0,0.11990232
/tmp/backbone_swap_panns_p7fs97_5/data/PhysioNet2022/training_data/49823_PV.wav,1.0,0.20370975
/tmp/backbone_swap_panns_p7fs97_5/data/PhysioNet2022/training_data/49823_TV.wav,1.0,0.38765705
/tmp/backbone_swap_panns_p7fs97_5/data/PhysioNet2022/training_data/49829_AV.wav,1.0,0.4539862
/tmp/backbone_swap_panns_p7fs97_5/data/PhysioNet2022/training_data/49829_MV.wav,1.0,0.20753041
/tmp/backbone_swap_panns_p7fs97_5/data/PhysioNet2022/training_data/49829_PV.wav,1.0,0.22077022
/tmp/backbone_swap_panns_p7fs97_5/data/PhysioNet2022/training_data/49829_TV.wav,1.0,0.29986233
/tmp/backbone_swap_panns_p7fs97_5/data/PhysioNet2022/training_data/49832_AV.wav,1.0,0.60655695
/tmp/backbone_swap_panns_p7fs97_5/data/PhysioNet2022/training_data/49832_MV.wav,1.0,0.77090925
/tmp/backbone_swap_panns_p7fs97_5/data/PhysioNet2022/training_data/49839_AV.wav,1.0,0.569277
/tmp/backbone_swap_panns_p7fs97_5/data/PhysioNet2022/training_data/49839_MV.wav,1.0,0.34332433
/tmp/backbone_swap_panns_p7fs97_5/data/PhysioNet2022/training_data/49839_PV.wav,1.0,0.4524763
/tmp/backbone_swap_panns_p7fs97_5/data/PhysioNet2022/training_data/49839_TV.wav,1.0,0.3320257
/tmp/backbone_swap_panns_p7fs97_5/data/PhysioNet2022/training_data/49854_AV.wav,1.0,0.30733183
/tmp/backbone_swap_panns_p7fs97_5/data/PhysioNet2022/training_data/49854_MV.wav,1.0,0.30045703
/tmp/backbone_swap_panns_p7fs97_5/data/PhysioNet2022/training_data/49854_PV.wav,1.0,0.26372653
/tmp/backbone_swap_panns_p7fs97_5/data/PhysioNet2022/training_data/49854_TV.wav,1.0,0.36681396
/tmp/backbone_swap_panns_p7fs97_5/data/PhysioNet2022/training_data/49873_AV.wav,1.0,0.17821033
/tmp/backbone_swap_panns_p7fs97_5/data/PhysioNet2022/training_data/49873_MV.wav,1.0,0.2856832
/tmp/backbone_swap_panns_p7fs97_5/data/PhysioNet2022/training_data/49876_AV.wav,1.0,0.25778204
/tmp/backbone_swap_panns_p7fs97_5/data/PhysioNet2022/training_data/49876_MV.wav,1.0,0.20652741
/tmp/backbone_swap_panns_p7fs97_5/data/PhysioNet2022/training_data/49876_PV.wav,1.0,0.3676494
/tmp/backbone_swap_panns_p7fs97_5/data/PhysioNet2022/training_data/49876_TV.wav,1.0,0.4279743
/tmp/backbone_swap_panns_p7fs97_5/data/PhysioNet2022/training_data/49896_AV.wav,1.0,0.3166017
/tmp/backbone_swap_panns_p7fs97_5/data/PhysioNet2022/training_data/49896_MV.wav,1.0,0.15647516
/tmp/backbone_swap_panns_p7fs97_5/data/PhysioNet2022/training_data/49896_PV.wav,1.0,0.14602797
/tmp/backbone_swap_panns_p7fs97_5/data/PhysioNet2022/training_data/49896_TV.wav,1.0,0.052337278
/tmp/backbone_swap_panns_p7fs97_5/data/PhysioNet2022/training_data/49900_AV.wav,1.0,0.18609902
/tmp/backbone_swap_panns_p7fs97_5/data/PhysioNet2022/training_data/49900_MV.wav,1.0,0.15253316
/tmp/backbone_swap_panns_p7fs97_5/data/PhysioNet2022/training_data/49930_AV.wav,1.0,0.2305647
/tmp/backbone_swap_panns_p7fs97_5/data/PhysioNet2022/training_data/49930_MV.wav,1.0,0.32989404
/tmp/backbone_swap_panns_p7fs97_5/data/PhysioNet2022/training_data/49930_PV.wav,1.0,0.15688924
/tmp/backbone_swap_panns_p7fs97_5/data/PhysioNet2022/training_data/49930_TV.wav,1.0,0.55377406
/tmp/backbone_swap_panns_p7fs97_5/data/PhysioNet2022/training_data/49946_MV.wav,1.0,0.40099597
/tmp/backbone_swap_panns_p7fs97_5/data/PhysioNet2022/training_data/49946_PV.wav,1.0,0.80590844
/tmp/backbone_swap_panns_p7fs97_5/data/PhysioNet2022/training_data/49946_TV.wav,1.0,0.13610712
/tmp/backbone_swap_panns_p7fs97_5/data/PhysioNet2022/training_data/49959_AV.wav,1.0,0.24247198
/tmp/backbone_swap_panns_p7fs97_5/data/PhysioNet2022/training_data/49959_MV.wav,1.0,0.22202925
/tmp/backbone_swap_panns_p7fs97_5/data/PhysioNet2022/training_data/49968_MV.wav,1.0,0.58518904
/tmp/backbone_swap_panns_p7fs97_5/data/PhysioNet2022/training_data/49968_PV.wav,1.0,0.119831905
/tmp/backbone_swap_panns_p7fs97_5/data/PhysioNet2022/training_data/49968_TV.wav,1.0,0.20013936
/tmp/backbone_swap_panns_p7fs97_5/data/PhysioNet2022/training_data/49980_AV.wav,1.0,0.22186415
/tmp/backbone_swap_panns_p7fs97_5/data/PhysioNet2022/training_data/49980_MV.wav,1.0,0.14959371
/tmp/backbone_swap_panns_p7fs97_5/data/PhysioNet2022/training_data/49980_PV.wav,1.0,0.33682096
/tmp/backbone_swap_panns_p7fs97_5/data/PhysioNet2022/training_data/49980_TV.wav,1.0,0.3092212
/tmp/backbone_swap_panns_p7fs97_5/data/PhysioNet2022/training_data/49983_AV.wav,1.0,0.76531255
/tmp/backbone_swap_panns_p7fs97_5/data/PhysioNet2022/training_data/49983_MV.wav,1.0,0.12576441
/tmp/backbone_swap_panns_p7fs97_5/data/PhysioNet2022/training_data/49983_PV.wav,1.0,0.14270204
/tmp/backbone_swap_panns_p7fs97_5/data/PhysioNet2022/training_data/49983_TV.wav,1.0,0.114396185
/tmp/backbone_swap_panns_p7fs97_5/data/PhysioNet2022/training_data/49989_MV.wav,1.0,0.47962853
/tmp/backbone_swap_panns_p7fs97_5/data/PhysioNet2022/training_data/49989_PV.wav,1.0,0.20511621
/tmp/backbone_swap_panns_p7fs97_5/data/PhysioNet2022/training_data/49999_AV.wav,1.0,0.76335126
/tmp/backbone_swap_panns_p7fs97_5/data/PhysioNet2022/training_data/49999_MV.wav,1.0,0.22192873
/tmp/backbone_swap_panns_p7fs97_5/data/PhysioNet2022/training_data/49999_PV.wav,1.0,0.09757209
/tmp/backbone_swap_panns_p7fs97_5/data/PhysioNet2022/training_data/49999_TV.wav,1.0,0.70420074
/tmp/backbone_swap_panns_p7fs97_5/data/PhysioNet2022/training_data/50004_MV.wav,1.0,0.23156472
/tmp/backbone_swap_panns_p7fs97_5/data/PhysioNet2022/training_data/50004_PV.wav,1.0,0.2620436
/tmp/backbone_swap_panns_p7fs97_5/data/PhysioNet2022/training_data/50004_TV.wav,1.0,0.26001546
/tmp/backbone_swap_panns_p7fs97_5/data/PhysioNet2022/training_data/50005_MV.wav,1.0,0.31120688
/tmp/backbone_swap_panns_p7fs97_5/data/PhysioNet2022/training_data/50017_AV.wav,1.0,0.171961
/tmp/backbone_swap_panns_p7fs97_5/data/PhysioNet2022/training_data/50017_MV.wav,1.0,0.23336668
/tmp/backbone_swap_panns_p7fs97_5/data/PhysioNet2022/training_data/50017_PV.wav,1.0,0.19627744
/tmp/backbone_swap_panns_p7fs97_5/data/PhysioNet2022/training_data/50017_TV.wav,1.0,0.13459168
/tmp/backbone_swap_panns_p7fs97_5/data/PhysioNet2022/training_data/50023_AV.wav,1.0,0.42767203
/tmp/backbone_swap_panns_p7fs97_5/data/PhysioNet2022/training_data/50023_MV.wav,1.0,0.31404957
/tmp/backbone_swap_panns_p7fs97_5/data/PhysioNet2022/training_data/50023_PV.wav,1.0,0.38768625
/tmp/backbone_swap_panns_p7fs97_5/data/PhysioNet2022/training_data/50023_TV.wav,1.0,0.28516224
/tmp/backbone_swap_panns_p7fs97_5/data/PhysioNet2022/training_data/50049_AV.wav,1.0,0.53529847
/tmp/backbone_swap_panns_p7fs97_5/data/PhysioNet2022/training_data/50049_MV.wav,1.0,0.23655726
/tmp/backbone_swap_panns_p7fs97_5/data/PhysioNet2022/training_data/50049_PV.wav,1.0,0.62482214
/tmp/backbone_swap_panns_p7fs97_5/data/PhysioNet2022/training_data/50049_TV.wav,1.0,0.26288423
/tmp/backbone_swap_panns_p7fs97_5/data/PhysioNet2022/training_data/50054_AV.wav,1.0,0.14398818
/tmp/backbone_swap_panns_p7fs97_5/data/PhysioNet2022/training_data/50054_MV.wav,1.0,0.5826071
/tmp/backbone_swap_panns_p7fs97_5/data/PhysioNet2022/training_data/50054_PV.wav,1.0,0.23659573
/tmp/backbone_swap_panns_p7fs97_5/data/PhysioNet2022/training_data/50054_TV.wav,1.0,0.25299624
/tmp/backbone_swap_panns_p7fs97_5/data/PhysioNet2022/training_data/50057_MV.wav,1.0,0.40244776
/tmp/backbone_swap_panns_p7fs97_5/data/PhysioNet2022/training_data/50057_PV.wav,1.0,0.1862815
/tmp/backbone_swap_panns_p7fs97_5/data/PhysioNet2022/training_data/50057_TV.wav,1.0,0.17417541
/tmp/backbone_swap_panns_p7fs97_5/data/PhysioNet2022/training_data/50061_AV.wav,1.0,0.23676397
/tmp/backbone_swap_panns_p7fs97_5/data/PhysioNet2022/training_data/50061_MV.wav,1.0,0.29410502
/tmp/backbone_swap_panns_p7fs97_5/data/PhysioNet2022/training_data/50061_PV.wav,1.0,0.13374709
/tmp/backbone_swap_panns_p7fs97_5/data/PhysioNet2022/training_data/50061_TV.wav,1.0,0.42077088
/tmp/backbone_swap_panns_p7fs97_5/data/PhysioNet2022/training_data/50066_AV.wav,1.0,0.17772055
/tmp/backbone_swap_panns_p7fs97_5/data/PhysioNet2022/training_data/50066_MV.wav,1.0,0.24638855
/tmp/backbone_swap_panns_p7fs97_5/data/PhysioNet2022/training_data/50070_AV.wav,1.0,0.5627839
/tmp/backbone_swap_panns_p7fs97_5/data/PhysioNet2022/training_data/50070_MV.wav,1.0,0.27791905
/tmp/backbone_swap_panns_p7fs97_5/data/PhysioNet2022/training_data/50070_PV.wav,1.0,0.18166663
/tmp/backbone_swap_panns_p7fs97_5/data/PhysioNet2022/training_data/50070_TV.wav,1.0,0.23664379
/tmp/backbone_swap_panns_p7fs97_5/data/PhysioNet2022/training_data/50074_AV.wav,1.0,0.2664749
/tmp/backbone_swap_panns_p7fs97_5/data/PhysioNet2022/training_data/50074_MV.wav,1.0,0.30412483
/tmp/backbone_swap_panns_p7fs97_5/data/PhysioNet2022/training_data/50074_PV.wav,1.0,0.23424818
/tmp/backbone_swap_panns_p7fs97_5/data/PhysioNet2022/training_data/50074_TV.wav,1.0,0.09459944
/tmp/backbone_swap_panns_p7fs97_5/data/PhysioNet2022/training_data/50077_MV.wav,1.0,0.117444925
/tmp/backbone_swap_panns_p7fs97_5/data/PhysioNet2022/training_data/50085_AV.wav,1.0,0.40138584
/tmp/backbone_swap_panns_p7fs97_5/data/PhysioNet2022/training_data/50085_MV.wav,1.0,0.31158915
/tmp/backbone_swap_panns_p7fs97_5/data/PhysioNet2022/training_data/50085_PV.wav,1.0,0.13693716
/tmp/backbone_swap_panns_p7fs97_5/data/PhysioNet2022/training_data/50085_TV.wav,1.0,0.3953659
/tmp/backbone_swap_panns_p7fs97_5/data/PhysioNet2022/training_data/50100_AV.wav,1.0,0.28808427
/tmp/backbone_swap_panns_p7fs97_5/data/PhysioNet2022/training_data/50100_MV.wav,1.0,0.19663563
/tmp/backbone_swap_panns_p7fs97_5/data/PhysioNet2022/training_data/50105_MV.wav,1.0,0.27195475
/tmp/backbone_swap_panns_p7fs97_5/data/PhysioNet2022/training_data/50105_PV.wav,1.0,0.19854112
/tmp/backbone_swap_panns_p7fs97_5/data/PhysioNet2022/training_data/50105_TV.wav,1.0,0.24044904
/tmp/backbone_swap_panns_p7fs97_5/data/PhysioNet2022/training_data/50118_MV.wav,1.0,0.4623332
/tmp/backbone_swap_panns_p7fs97_5/data/PhysioNet2022/training_data/50118_PV.wav,1.0,0.32662845
/tmp/backbone_swap_panns_p7fs97_5/data/PhysioNet2022/training_data/50118_TV.wav,1.0,0.18573965
/tmp/backbone_swap_panns_p7fs97_5/data/PhysioNet2022/training_data/50122_MV.wav,1.0,0.21065316
/tmp/backbone_swap_panns_p7fs97_5/data/PhysioNet2022/training_data/50122_PV.wav,1.0,0.33240795
/tmp/backbone_swap_panns_p7fs97_5/data/PhysioNet2022/training_data/50122_TV.wav,1.0,0.5130414
/tmp/backbone_swap_panns_p7fs97_5/data/PhysioNet2022/training_data/50127_AV.wav,1.0,0.34634623
/tmp/backbone_swap_panns_p7fs97_5/data/PhysioNet2022/training_data/50127_MV.wav,1.0,0.44473124
/tmp/backbone_swap_panns_p7fs97_5/data/PhysioNet2022/training_data/50127_PV.wav,1.0,0.2494615
/tmp/backbone_swap_panns_p7fs97_5/data/PhysioNet2022/training_data/50127_TV.wav,1.0,0.6280981
/tmp/backbone_swap_panns_p7fs97_5/data/PhysioNet2022/training_data/50129_AV.wav,1.0,0.31351656
/tmp/backbone_swap_panns_p7fs97_5/data/PhysioNet2022/training_data/50129_MV.wav,1.0,0.14573017
/tmp/backbone_swap_panns_p7fs97_5/data/PhysioNet2022/training_data/50129_PV.wav,1.0,0.18000904
/tmp/backbone_swap_panns_p7fs97_5/data/PhysioNet2022/training_data/50129_TV.wav,1.0,0.18364888
/tmp/backbone_swap_panns_p7fs97_5/data/PhysioNet2022/training_data/50143_PV.wav,1.0,0.18335222
/tmp/backbone_swap_panns_p7fs97_5/data/PhysioNet2022/training_data/50143_TV.wav,1.0,0.16597179
/tmp/backbone_swap_panns_p7fs97_5/data/PhysioNet2022/training_data/50161_MV.wav,1.0,0.4476274
/tmp/backbone_swap_panns_p7fs97_5/data/PhysioNet2022/training_data/50161_PV.wav,1.0,0.34450504
/tmp/backbone_swap_panns_p7fs97_5/data/PhysioNet2022/training_data/50161_TV.wav,1.0,0.5430993
/tmp/backbone_swap_panns_p7fs97_5/data/PhysioNet2022/training_data/50168_MV.wav,1.0,0.21972704
/tmp/backbone_swap_panns_p7fs97_5/data/PhysioNet2022/training_data/50168_PV.wav,1.0,0.34543625
/tmp/backbone_swap_panns_p7fs97_5/data/PhysioNet2022/training_data/50168_TV.wav,1.0,0.2384819
/tmp/backbone_swap_panns_p7fs97_5/data/PhysioNet2022/training_data/50204_AV.wav,1.0,0.13116263
/tmp/backbone_swap_panns_p7fs97_5/data/PhysioNet2022/training_data/50204_MV_1.wav,1.0,0.11933788
/tmp/backbone_swap_panns_p7fs97_5/data/PhysioNet2022/training_data/50204_MV_2.wav,1.0,0.21889614
/tmp/backbone_swap_panns_p7fs97_5/data/PhysioNet2022/training_data/50206_MV.wav,1.0,0.16989824
/tmp/backbone_swap_panns_p7fs97_5/data/PhysioNet2022/training_data/50206_PV.wav,1.0,0.651959
/tmp/backbone_swap_panns_p7fs97_5/data/PhysioNet2022/training_data/50206_TV.wav,1.0,0.056333795
/tmp/backbone_swap_panns_p7fs97_5/data/PhysioNet2022/training_data/50214_AV.wav,1.0,0.18225989
/tmp/backbone_swap_panns_p7fs97_5/data/PhysioNet2022/training_data/50214_MV.wav,1.0,0.13794743
/tmp/backbone_swap_panns_p7fs97_5/data/PhysioNet2022/training_data/50219_AV.wav,1.0,0.44023845
/tmp/backbone_swap_panns_p7fs97_5/data/PhysioNet2022/training_data/50219_MV.wav,1.0,0.51083916
/tmp/backbone_swap_panns_p7fs97_5/data/PhysioNet2022/training_data/50219_PV.wav,1.0,0.2569693
/tmp/backbone_swap_panns_p7fs97_5/data/PhysioNet2022/training_data/50220_AV.wav,1.0,0.47487238
/tmp/backbone_swap_panns_p7fs97_5/data/PhysioNet2022/training_data/50220_MV.wav,1.0,0.1835234
/tmp/backbone_swap_panns_p7fs97_5/data/PhysioNet2022/training_data/50221_AV.wav,1.0,0.24196136
/tmp/backbone_swap_panns_p7fs97_5/data/PhysioNet2022/training_data/50221_MV.wav,1.0,0.1978721
/tmp/backbone_swap_panns_p7fs97_5/data/PhysioNet2022/training_data/50222_PV.wav,1.0,0.35785386
/tmp/backbone_swap_panns_p7fs97_5/data/PhysioNet2022/training_data/50222_TV.wav,1.0,0.12999944
/tmp/backbone_swap_panns_p7fs97_5/data/PhysioNet2022/training_data/50225_AV.wav,1.0,0.14830884
/tmp/backbone_swap_panns_p7fs97_5/data/PhysioNet2022/training_data/50225_MV.wav,1.0,0.39047575
/tmp/backbone_swap_panns_p7fs97_5/data/PhysioNet2022/training_data/50225_PV.wav,1.0,0.53961045
/tmp/backbone_swap_panns_p7fs97_5/data/PhysioNet2022/training_data/50225_TV.wav,1.0,0.343547
/tmp/backbone_swap_panns_p7fs97_5/data/PhysioNet2022/training_data/50228_AV.wav,1.0,0.13978142
/tmp/backbone_swap_panns_p7fs97_5/data/PhysioNet2022/training_data/50228_MV.wav,1.0,0.2160732
/tmp/backbone_swap_panns_p7fs97_5/data/PhysioNet2022/training_data/50230_AV.wav,1.0,0.2538561
/tmp/backbone_swap_panns_p7fs97_5/data/PhysioNet2022/training_data/50230_MV.wav,1.0,0.32062215
/tmp/backbone_swap_panns_p7fs97_5/data/PhysioNet2022/training_data/50230_PV.wav,1.0,0.24494852
/tmp/backbone_swap_panns_p7fs97_5/data/PhysioNet2022/training_data/50230_TV.wav,1.0,0.3166558
/tmp/backbone_swap_panns_p7fs97_5/data/PhysioNet2022/training_data/50238_AV.wav,1.0,0.12665686
/tmp/backbone_swap_panns_p7fs97_5/data/PhysioNet2022/training_data/50238_MV.wav,1.0,0.2549199
/tmp/backbone_swap_panns_p7fs97_5/data/PhysioNet2022/training_data/50238_PV.wav,1.0,0.53317523
/tmp/backbone_swap_panns_p7fs97_5/data/PhysioNet2022/training_data/50238_TV.wav,1.0,0.50797117
/tmp/backbone_swap_panns_p7fs97_5/data/PhysioNet2022/training_data/50254_AV.wav,1.0,0.20999551
/tmp/backbone_swap_panns_p7fs97_5/data/PhysioNet2022/training_data/50254_MV.wav,1.0,0.19489065
/tmp/backbone_swap_panns_p7fs97_5/data/PhysioNet2022/training_data/50254_PV.wav,1.0,0.15763383
/tmp/backbone_swap_panns_p7fs97_5/data/PhysioNet2022/training_data/50254_TV.wav,1.0,0.21467228
/tmp/backbone_swap_panns_p7fs97_5/data/PhysioNet2022/training_data/50255_AV.wav,1.0,0.1930104
/tmp/backbone_swap_panns_p7fs97_5/data/PhysioNet2022/training_data/50255_MV.wav,1.0,0.32508728
/tmp/backbone_swap_panns_p7fs97_5/data/PhysioNet2022/training_data/50260_AV.wav,1.0,0.6457237
/tmp/backbone_swap_panns_p7fs97_5/data/PhysioNet2022/training_data/50260_MV.wav,1.0,0.4696291
/tmp/backbone_swap_panns_p7fs97_5/data/PhysioNet2022/training_data/50260_PV.wav,1.0,0.2802755
/tmp/backbone_swap_panns_p7fs97_5/data/PhysioNet2022/training_data/50260_TV.wav,1.0,0.21765752
/tmp/backbone_swap_panns_p7fs97_5/data/PhysioNet2022/training_data/50271_AV.wav,1.0,0.28336474
/tmp/backbone_swap_panns_p7fs97_5/data/PhysioNet2022/training_data/50271_MV.wav,1.0,0.46313155
/tmp/backbone_swap_panns_p7fs97_5/data/PhysioNet2022/training_data/50271_PV.wav,1.0,0.38549483
/tmp/backbone_swap_panns_p7fs97_5/data/PhysioNet2022/training_data/50271_TV.wav,1.0,0.19026999
/tmp/backbone_swap_panns_p7fs97_5/data/PhysioNet2022/training_data/50276_AV.wav,1.0,0.2499677
/tmp/backbone_swap_panns_p7fs97_5/data/PhysioNet2022/training_data/50276_MV.wav,1.0,0.4081627
/tmp/backbone_swap_panns_p7fs97_5/data/PhysioNet2022/training_data/50276_PV.wav,1.0,0.37861186
/tmp/backbone_swap_panns_p7fs97_5/data/PhysioNet2022/training_data/50276_TV.wav,1.0,0.25133723
/tmp/backbone_swap_panns_p7fs97_5/data/PhysioNet2022/training_data/50284_AV.wav,1.0,0.3486586
/tmp/backbone_swap_panns_p7fs97_5/data/PhysioNet2022/training_data/50284_MV.wav,1.0,0.3427622
/tmp/backbone_swap_panns_p7fs97_5/data/PhysioNet2022/training_data/50284_PV.wav,1.0,0.27149686
/tmp/backbone_swap_panns_p7fs97_5/data/PhysioNet2022/training_data/50284_TV.wav,1.0,0.16645597
/tmp/backbone_swap_panns_p7fs97_5/data/PhysioNet2022/training_data/50291_AV.wav,1.0,0.26978248
/tmp/backbone_swap_panns_p7fs97_5/data/PhysioNet2022/training_data/50291_MV.wav,1.0,0.26614335
/tmp/backbone_swap_panns_p7fs97_5/data/PhysioNet2022/training_data/50291_PV.wav,1.0,0.3932223
/tmp/backbone_swap_panns_p7fs97_5/data/PhysioNet2022/training_data/50297_AV.wav,1.0,0.2918329
/tmp/backbone_swap_panns_p7fs97_5/data/PhysioNet2022/training_data/50297_MV.wav,1.0,0.0921911
/tmp/backbone_swap_panns_p7fs97_5/data/PhysioNet2022/training_data/50297_PV.wav,1.0,0.31221238
/tmp/backbone_swap_panns_p7fs97_5/data/PhysioNet2022/training_data/50297_TV.wav,1.0,0.33206162
/tmp/backbone_swap_panns_p7fs97_5/data/PhysioNet2022/training_data/50303_AV.wav,1.0,0.1302617
/tmp/backbone_swap_panns_p7fs97_5/data/PhysioNet2022/training_data/50303_MV.wav,1.0,0.23006995
/tmp/backbone_swap_panns_p7fs97_5/data/PhysioNet2022/training_data/50303_PV.wav,1.0,0.16605076
/tmp/backbone_swap_panns_p7fs97_5/data/PhysioNet2022/training_data/50314_AV.wav,1.0,0.4057912
/tmp/backbone_swap_panns_p7fs97_5/data/PhysioNet2022/training_data/50314_MV.wav,1.0,0.3769601
/tmp/backbone_swap_panns_p7fs97_5/data/PhysioNet2022/training_data/50314_PV.wav,1.0,0.10752667
/tmp/backbone_swap_panns_p7fs97_5/data/PhysioNet2022/training_data/50314_TV.wav,1.0,0.37930736
/tmp/backbone_swap_panns_p7fs97_5/data/PhysioNet2022/training_data/50316_AV.wav,1.0,0.43224505
/tmp/backbone_swap_panns_p7fs97_5/data/PhysioNet2022/training_data/50316_MV.wav,1.0,0.30104923
/tmp/backbone_swap_panns_p7fs97_5/data/PhysioNet2022/training_data/50317_AV.wav,1.0,0.16212569
/tmp/backbone_swap_panns_p7fs97_5/data/PhysioNet2022/training_data/50317_PV.wav,1.0,0.28821188
/tmp/backbone_swap_panns_p7fs97_5/data/PhysioNet2022/training_data/50317_TV.wav,1.0,0.44122776
/tmp/backbone_swap_panns_p7fs97_5/data/PhysioNet2022/training_data/50323_AV.wav,1.0,0.11953864
/tmp/backbone_swap_panns_p7fs97_5/data/PhysioNet2022/training_data/50323_MV.wav,1.0,0.17797993
/tmp/backbone_swap_panns_p7fs97_5/data/PhysioNet2022/training_data/50323_PV.wav,1.0,0.25529408
/tmp/backbone_swap_panns_p7fs97_5/data/PhysioNet2022/training_data/50323_TV.wav,1.0,0.15022415
/tmp/backbone_swap_panns_p7fs97_5/data/PhysioNet2022/training_data/50325_AV.wav,1.0,0.26393646
/tmp/backbone_swap_panns_p7fs97_5/data/PhysioNet2022/training_data/50325_MV.wav,1.0,0.50845635
/tmp/backbone_swap_panns_p7fs97_5/data/PhysioNet2022/training_data/50325_PV.wav,1.0,0.342078
/tmp/backbone_swap_panns_p7fs97_5/data/PhysioNet2022/training_data/50325_TV.wav,1.0,0.62779105
/tmp/backbone_swap_panns_p7fs97_5/data/PhysioNet2022/training_data/50336_MV.wav,1.0,0.18710557
/tmp/backbone_swap_panns_p7fs97_5/data/PhysioNet2022/training_data/50336_PV.wav,1.0,0.38008273
/tmp/backbone_swap_panns_p7fs97_5/data/PhysioNet2022/training_data/50336_TV.wav,1.0,0.4498988
/tmp/backbone_swap_panns_p7fs97_5/data/PhysioNet2022/training_data/50337_MV.wav,1.0,0.22590816
/tmp/backbone_swap_panns_p7fs97_5/data/PhysioNet2022/training_data/50337_PV.wav,1.0,0.48373288
/tmp/backbone_swap_panns_p7fs97_5/data/PhysioNet2022/training_data/50337_TV.wav,1.0,0.3510524
/tmp/backbone_swap_panns_p7fs97_5/data/PhysioNet2022/training_data/50345_MV.wav,1.0,0.14441882
/tmp/backbone_swap_panns_p7fs97_5/data/PhysioNet2022/training_data/50345_PV.wav,1.0,0.32225245
/tmp/backbone_swap_panns_p7fs97_5/data/PhysioNet2022/training_data/50345_TV.wav,1.0,0.6182287
/tmp/backbone_swap_panns_p7fs97_5/data/PhysioNet2022/training_data/50348_AV_1.wav,1.0,0.14379092
/tmp/backbone_swap_panns_p7fs97_5/data/PhysioNet2022/training_data/50348_AV_2.wav,1.0,0.31000888
/tmp/backbone_swap_panns_p7fs97_5/data/PhysioNet2022/training_data/50348_MV.wav,1.0,0.09147996
/tmp/backbone_swap_panns_p7fs97_5/data/PhysioNet2022/training_data/50348_PV.wav,1.0,0.18241797
/tmp/backbone_swap_panns_p7fs97_5/data/PhysioNet2022/training_data/50348_TV.wav,1.0,0.39507046
/tmp/backbone_swap_panns_p7fs97_5/data/PhysioNet2022/training_data/50359_AV.wav,1.0,0.2130666
/tmp/backbone_swap_panns_p7fs97_5/data/PhysioNet2022/training_data/50359_MV.wav,1.0,0.2076331
/tmp/backbone_swap_panns_p7fs97_5/data/PhysioNet2022/training_data/50359_PV.wav,1.0,0.18380313
/tmp/backbone_swap_panns_p7fs97_5/data/PhysioNet2022/training_data/50359_TV.wav,1.0,0.124342255
/tmp/backbone_swap_panns_p7fs97_5/data/PhysioNet2022/training_data/50385_AV.wav,1.0,0.38259783
/tmp/backbone_swap_panns_p7fs97_5/data/PhysioNet2022/training_data/50385_MV.wav,1.0,0.32867977
/tmp/backbone_swap_panns_p7fs97_5/data/PhysioNet2022/training_data/50385_PV.wav,1.0,0.16155323
/tmp/backbone_swap_panns_p7fs97_5/data/PhysioNet2022/training_data/50385_TV.wav,1.0,0.3117568
/tmp/backbone_swap_panns_p7fs97_5/data/PhysioNet2022/training_data/50386_AV.wav,1.0,0.20639212
/tmp/backbone_swap_panns_p7fs97_5/data/PhysioNet2022/training_data/50386_MV.wav,1.0,0.24154067
/tmp/backbone_swap_panns_p7fs97_5/data/PhysioNet2022/training_data/50386_PV.wav,1.0,0.26530167
/tmp/backbone_swap_panns_p7fs97_5/data/PhysioNet2022/training_data/50386_TV.wav,1.0,0.31172892
/tmp/backbone_swap_panns_p7fs97_5/data/PhysioNet2022/training_data/50388_AV.wav,1.0,0.59508735
/tmp/backbone_swap_panns_p7fs97_5/data/PhysioNet2022/training_data/50388_MV.wav,1.0,0.4299768
/tmp/backbone_swap_panns_p7fs97_5/data/PhysioNet2022/training_data/50388_PV.wav,1.0,0.57372916
/tmp/backbone_swap_panns_p7fs97_5/data/PhysioNet2022/training_data/50388_TV.wav,1.0,0.21349373
/tmp/backbone_swap_panns_p7fs97_5/data/PhysioNet2022/training_data/50393_AV.wav,1.0,0.299451
/tmp/backbone_swap_panns_p7fs97_5/data/PhysioNet2022/training_data/50393_MV.wav,1.0,0.16442704
/tmp/backbone_swap_panns_p7fs97_5/data/PhysioNet2022/training_data/50393_PV.wav,1.0,0.48394758
/tmp/backbone_swap_panns_p7fs97_5/data/PhysioNet2022/training_data/50393_TV.wav,1.0,0.22236532
/tmp/backbone_swap_panns_p7fs97_5/data/PhysioNet2022/training_data/50620_PV.wav,1.0,0.49173686
/tmp/backbone_swap_panns_p7fs97_5/data/PhysioNet2022/training_data/50620_TV.wav,1.0,0.31279722
/tmp/backbone_swap_panns_p7fs97_5/data/PhysioNet2022/training_data/50624_AV.wav,1.0,0.24477398
/tmp/backbone_swap_panns_p7fs97_5/data/PhysioNet2022/training_data/50624_MV.wav,1.0,0.27140564
/tmp/backbone_swap_panns_p7fs97_5/data/PhysioNet2022/training_data/50624_PV.wav,1.0,0.25559282
/tmp/backbone_swap_panns_p7fs97_5/data/PhysioNet2022/training_data/50624_TV.wav,1.0,0.30772275
/tmp/backbone_swap_panns_p7fs97_5/data/PhysioNet2022/training_data/50625_AV.wav,1.0,0.23577689
/tmp/backbone_swap_panns_p7fs97_5/data/PhysioNet2022/training_data/50625_MV.wav,1.0,0.4633657
/tmp/backbone_swap_panns_p7fs97_5/data/PhysioNet2022/training_data/50626_AV.wav,1.0,0.30737492
/tmp/backbone_swap_panns_p7fs97_5/data/PhysioNet2022/training_data/50626_MV.wav,1.0,0.20560576
/tmp/backbone_swap_panns_p7fs97_5/data/PhysioNet2022/training_data/50629_AV.wav,1.0,0.40400594
/tmp/backbone_swap_panns_p7fs97_5/data/PhysioNet2022/training_data/50629_MV.wav,1.0,0.5197807
/tmp/backbone_swap_panns_p7fs97_5/data/PhysioNet2022/training_data/50636_AV.wav,1.0,0.23215552
/tmp/backbone_swap_panns_p7fs97_5/data/PhysioNet2022/training_data/50636_MV.wav,1.0,0.18401307
/tmp/backbone_swap_panns_p7fs97_5/data/PhysioNet2022/training_data/50639_PV.wav,1.0,0.45928687
/tmp/backbone_swap_panns_p7fs97_5/data/PhysioNet2022/training_data/50639_TV.wav,1.0,0.25852045
/tmp/backbone_swap_panns_p7fs97_5/data/PhysioNet2022/training_data/50640_MV.wav,1.0,0.3775958
/tmp/backbone_swap_panns_p7fs97_5/data/PhysioNet2022/training_data/50643_AV.wav,1.0,0.24699743
/tmp/backbone_swap_panns_p7fs97_5/data/PhysioNet2022/training_data/50643_MV.wav,1.0,0.19608912
/tmp/backbone_swap_panns_p7fs97_5/data/PhysioNet2022/training_data/50644_AV.wav,1.0,0.24999881
/tmp/backbone_swap_panns_p7fs97_5/data/PhysioNet2022/training_data/50644_MV.wav,1.0,0.38368985
/tmp/backbone_swap_panns_p7fs97_5/data/PhysioNet2022/training_data/50645_AV.wav,1.0,0.27279726
/tmp/backbone_swap_panns_p7fs97_5/data/PhysioNet2022/training_data/50645_MV.wav,1.0,0.64000463
/tmp/backbone_swap_panns_p7fs97_5/data/PhysioNet2022/training_data/50645_PV.wav,1.0,0.3583582
/tmp/backbone_swap_panns_p7fs97_5/data/PhysioNet2022/training_data/50645_TV.wav,1.0,0.31741828
/tmp/backbone_swap_panns_p7fs97_5/data/PhysioNet2022/training_data/50646_AV.wav,1.0,0.21477799
/tmp/backbone_swap_panns_p7fs97_5/data/PhysioNet2022/training_data/50646_MV.wav,1.0,0.33922333
/tmp/backbone_swap_panns_p7fs97_5/data/PhysioNet2022/training_data/50649_AV.wav,1.0,0.20380664
/tmp/backbone_swap_panns_p7fs97_5/data/PhysioNet2022/training_data/50649_MV.wav,1.0,0.2716846
/tmp/backbone_swap_panns_p7fs97_5/data/PhysioNet2022/training_data/50649_PV.wav,1.0,0.24143492
/tmp/backbone_swap_panns_p7fs97_5/data/PhysioNet2022/training_data/50649_TV.wav,1.0,0.20670536
/tmp/backbone_swap_panns_p7fs97_5/data/PhysioNet2022/training_data/50654_AV.wav,1.0,0.19593498
/tmp/backbone_swap_panns_p7fs97_5/data/PhysioNet2022/training_data/50654_PV.wav,1.0,0.095975064
/tmp/backbone_swap_panns_p7fs97_5/data/PhysioNet2022/training_data/50654_TV.wav,1.0,0.27629024
/tmp/backbone_swap_panns_p7fs97_5/data/PhysioNet2022/training_data/50656_AV.wav,1.0,0.10696235
/tmp/backbone_swap_panns_p7fs97_5/data/PhysioNet2022/training_data/50656_MV.wav,1.0,0.13218758
/tmp/backbone_swap_panns_p7fs97_5/data/PhysioNet2022/training_data/50656_PV.wav,1.0,0.16460249
/tmp/backbone_swap_panns_p7fs97_5/data/PhysioNet2022/training_data/50656_TV_1.wav,1.0,0.33404592
/tmp/backbone_swap_panns_p7fs97_5/data/PhysioNet2022/training_data/50656_TV_2.wav,1.0,0.23218916
/tmp/backbone_swap_panns_p7fs97_5/data/PhysioNet2022/training_data/50657_AV.wav,1.0,0.23056334
/tmp/backbone_swap_panns_p7fs97_5/data/PhysioNet2022/training_data/50657_MV.wav,1.0,0.25626194
/tmp/backbone_swap_panns_p7fs97_5/data/PhysioNet2022/training_data/50657_PV.wav,1.0,0.22742787
/tmp/backbone_swap_panns_p7fs97_5/data/PhysioNet2022/training_data/50657_TV.wav,1.0,0.21563649
/tmp/backbone_swap_panns_p7fs97_5/data/PhysioNet2022/training_data/50659_AV.wav,1.0,0.5927583
/tmp/backbone_swap_panns_p7fs97_5/data/PhysioNet2022/training_data/50659_MV.wav,1.0,0.21990563
/tmp/backbone_swap_panns_p7fs97_5/data/PhysioNet2022/training_data/50659_PV.wav,1.0,0.32167467
/tmp/backbone_swap_panns_p7fs97_5/data/PhysioNet2022/training_data/50659_TV.wav,1.0,0.44740435
/tmp/backbone_swap_panns_p7fs97_5/data/PhysioNet2022/training_data/50664_AV.wav,1.0,0.21933208
/tmp/backbone_swap_panns_p7fs97_5/data/PhysioNet2022/training_data/50664_PV.wav,1.0,0.21710138
/tmp/backbone_swap_panns_p7fs97_5/data/PhysioNet2022/training_data/50668_AV.wav,1.0,0.14320017
/tmp/backbone_swap_panns_p7fs97_5/data/PhysioNet2022/training_data/50668_MV.wav,1.0,0.20047541
/tmp/backbone_swap_panns_p7fs97_5/data/PhysioNet2022/training_data/50668_PV.wav,1.0,0.16023658
/tmp/backbone_swap_panns_p7fs97_5/data/PhysioNet2022/training_data/50668_TV.wav,1.0,0.61960393
/tmp/backbone_swap_panns_p7fs97_5/data/PhysioNet2022/training_data/50669_AV.wav,1.0,0.5743868
/tmp/backbone_swap_panns_p7fs97_5/data/PhysioNet2022/training_data/50669_MV.wav,1.0,0.22179502
/tmp/backbone_swap_panns_p7fs97_5/data/PhysioNet2022/training_data/50669_PV.wav,1.0,0.45295975
/tmp/backbone_swap_panns_p7fs97_5/data/PhysioNet2022/training_data/50669_TV.wav,1.0,0.39511475
/tmp/backbone_swap_panns_p7fs97_5/data/PhysioNet2022/training_data/50671_MV.wav,1.0,0.25006497
/tmp/backbone_swap_panns_p7fs97_5/data/PhysioNet2022/training_data/50677_AV.wav,1.0,0.16607296
/tmp/backbone_swap_panns_p7fs97_5/data/PhysioNet2022/training_data/50677_PV.wav,1.0,0.33606964
/tmp/backbone_swap_panns_p7fs97_5/data/PhysioNet2022/training_data/50678_MV.wav,1.0,0.2925426
/tmp/backbone_swap_panns_p7fs97_5/data/PhysioNet2022/training_data/50678_PV.wav,1.0,0.40855944
/tmp/backbone_swap_panns_p7fs97_5/data/PhysioNet2022/training_data/50678_TV.wav,1.0,0.22843151
/tmp/backbone_swap_panns_p7fs97_5/data/PhysioNet2022/training_data/50680_AV.wav,1.0,0.22116747
/tmp/backbone_swap_panns_p7fs97_5/data/PhysioNet2022/training_data/50680_MV.wav,1.0,0.20533511
/tmp/backbone_swap_panns_p7fs97_5/data/PhysioNet2022/training_data/50680_PV.wav,1.0,0.29051903
/tmp/backbone_swap_panns_p7fs97_5/data/PhysioNet2022/training_data/50680_TV.wav,1.0,0.4347058
/tmp/backbone_swap_panns_p7fs97_5/data/PhysioNet2022/training_data/50685_AV.wav,1.0,0.2637067
/tmp/backbone_swap_panns_p7fs97_5/data/PhysioNet2022/training_data/50685_MV.wav,1.0,0.3719564
/tmp/backbone_swap_panns_p7fs97_5/data/PhysioNet2022/training_data/50685_TV.wav,1.0,0.19930758
/tmp/backbone_swap_panns_p7fs97_5/data/PhysioNet2022/training_data/50704_AV.wav,1.0,0.7522188
/tmp/backbone_swap_panns_p7fs97_5/data/PhysioNet2022/training_data/50704_MV.wav,1.0,0.3145479
/tmp/backbone_swap_panns_p7fs97_5/data/PhysioNet2022/training_data/50708_AV.wav,1.0,0.21522836
/tmp/backbone_swap_panns_p7fs97_5/data/PhysioNet2022/training_data/50708_MV.wav,1.0,0.20748031
/tmp/backbone_swap_panns_p7fs97_5/data/PhysioNet2022/training_data/50708_PV.wav,1.0,0.13319567
/tmp/backbone_swap_panns_p7fs97_5/data/PhysioNet2022/training_data/50708_TV.wav,1.0,0.18281431
/tmp/backbone_swap_panns_p7fs97_5/data/PhysioNet2022/training_data/50715_AV.wav,1.0,0.17930602
/tmp/backbone_swap_panns_p7fs97_5/data/PhysioNet2022/training_data/50715_MV.wav,1.0,0.1846594
/tmp/backbone_swap_panns_p7fs97_5/data/PhysioNet2022/training_data/50715_PV.wav,1.0,0.39658394
/tmp/backbone_swap_panns_p7fs97_5/data/PhysioNet2022/training_data/50715_TV.wav,1.0,0.32840067
/tmp/backbone_swap_panns_p7fs97_5/data/PhysioNet2022/training_data/50723_AV.wav,1.0,0.3683962
/tmp/backbone_swap_panns_p7fs97_5/data/PhysioNet2022/training_data/50723_MV.wav,1.0,0.2561021
/tmp/backbone_swap_panns_p7fs97_5/data/PhysioNet2022/training_data/50723_PV.wav,1.0,0.27398977
/tmp/backbone_swap_panns_p7fs97_5/data/PhysioNet2022/training_data/50723_TV.wav,1.0,0.17098957
/tmp/backbone_swap_panns_p7fs97_5/data/PhysioNet2022/training_data/50725_AV.wav,1.0,0.33919787
/tmp/backbone_swap_panns_p7fs97_5/data/PhysioNet2022/training_data/50725_MV.wav,1.0,0.29253373
/tmp/backbone_swap_panns_p7fs97_5/data/PhysioNet2022/training_data/50725_PV.wav,1.0,0.4785183
/tmp/backbone_swap_panns_p7fs97_5/data/PhysioNet2022/training_data/50725_TV.wav,1.0,0.3565429
/tmp/backbone_swap_panns_p7fs97_5/data/PhysioNet2022/training_data/50735_AV.wav,1.0,0.08247101
/tmp/backbone_swap_panns_p7fs97_5/data/PhysioNet2022/training_data/50735_MV.wav,1.0,0.28708813
/tmp/backbone_swap_panns_p7fs97_5/data/PhysioNet2022/training_data/50735_PV.wav,1.0,0.21948877
/tmp/backbone_swap_panns_p7fs97_5/data/PhysioNet2022/training_data/50735_TV.wav,1.0,0.20335022
/tmp/backbone_swap_panns_p7fs97_5/data/PhysioNet2022/training_data/50739_AV.wav,1.0,0.19826883
/tmp/backbone_swap_panns_p7fs97_5/data/PhysioNet2022/training_data/50739_MV.wav,1.0,0.2812582
/tmp/backbone_swap_panns_p7fs97_5/data/PhysioNet2022/training_data/50740_AV.wav,1.0,0.37272453
/tmp/backbone_swap_panns_p7fs97_5/data/PhysioNet2022/training_data/50740_MV.wav,1.0,0.25862774
/tmp/backbone_swap_panns_p7fs97_5/data/PhysioNet2022/training_data/50740_PV.wav,1.0,0.34378865
/tmp/backbone_swap_panns_p7fs97_5/data/PhysioNet2022/training_data/50740_TV.wav,1.0,0.3536884
/tmp/backbone_swap_panns_p7fs97_5/data/PhysioNet2022/training_data/50742_AV.wav,1.0,0.21926498
/tmp/backbone_swap_panns_p7fs97_5/data/PhysioNet2022/training_data/50742_MV.wav,1.0,0.30850092
/tmp/backbone_swap_panns_p7fs97_5/data/PhysioNet2022/training_data/50742_PV.wav,1.0,0.355668
/tmp/backbone_swap_panns_p7fs97_5/data/PhysioNet2022/training_data/50742_TV.wav,1.0,0.2866459
/tmp/backbone_swap_panns_p7fs97_5/data/PhysioNet2022/training_data/50744_AV.wav,1.0,0.2771413
/tmp/backbone_swap_panns_p7fs97_5/data/PhysioNet2022/training_data/50744_MV.wav,1.0,0.20843041
/tmp/backbone_swap_panns_p7fs97_5/data/PhysioNet2022/training_data/50744_PV.wav,1.0,0.42279798
/tmp/backbone_swap_panns_p7fs97_5/data/PhysioNet2022/training_data/50744_TV.wav,1.0,0.24289872
/tmp/backbone_swap_panns_p7fs97_5/data/PhysioNet2022/training_data/50751_AV.wav,1.0,0.28223577
/tmp/backbone_swap_panns_p7fs97_5/data/PhysioNet2022/training_data/50751_MV.wav,1.0,0.2759844
/tmp/backbone_swap_panns_p7fs97_5/data/PhysioNet2022/training_data/50751_PV.wav,1.0,0.3758918
/tmp/backbone_swap_panns_p7fs97_5/data/PhysioNet2022/training_data/50751_TV.wav,1.0,0.24409743
/tmp/backbone_swap_panns_p7fs97_5/data/PhysioNet2022/training_data/50752_AV.wav,1.0,0.2689185
/tmp/backbone_swap_panns_p7fs97_5/data/PhysioNet2022/training_data/50752_MV.wav,1.0,0.19466186
/tmp/backbone_swap_panns_p7fs97_5/data/PhysioNet2022/training_data/50752_PV.wav,1.0,0.4156499
/tmp/backbone_swap_panns_p7fs97_5/data/PhysioNet2022/training_data/50752_TV.wav,1.0,0.1585464
/tmp/backbone_swap_panns_p7fs97_5/data/PhysioNet2022/training_data/50762_AV.wav,1.0,0.7623751
/tmp/backbone_swap_panns_p7fs97_5/data/PhysioNet2022/training_data/50762_MV.wav,1.0,0.25440553
/tmp/backbone_swap_panns_p7fs97_5/data/PhysioNet2022/training_data/50762_PV.wav,1.0,0.33787146
/tmp/backbone_swap_panns_p7fs97_5/data/PhysioNet2022/training_data/50762_TV.wav,1.0,0.5829421
/tmp/backbone_swap_panns_p7fs97_5/data/PhysioNet2022/training_data/50768_AV.wav,1.0,0.58976066
/tmp/backbone_swap_panns_p7fs97_5/data/PhysioNet2022/training_data/50770_AV.wav,1.0,0.1794655
/tmp/backbone_swap_panns_p7fs97_5/data/PhysioNet2022/training_data/50770_MV.wav,1.0,0.2615022
/tmp/backbone_swap_panns_p7fs97_5/data/PhysioNet2022/training_data/50770_PV.wav,1.0,0.1428624
/tmp/backbone_swap_panns_p7fs97_5/data/PhysioNet2022/training_data/50770_TV.wav,1.0,0.387157
/tmp/backbone_swap_panns_p7fs97_5/data/PhysioNet2022/training_data/50771_AV.wav,1.0,0.20950268
/tmp/backbone_swap_panns_p7fs97_5/data/PhysioNet2022/training_data/50771_MV.wav,1.0,0.39599067
/tmp/backbone_swap_panns_p7fs97_5/data/PhysioNet2022/training_data/50771_PV.wav,1.0,0.1624425
/tmp/backbone_swap_panns_p7fs97_5/data/PhysioNet2022/training_data/50771_TV.wav,1.0,0.22323401
/tmp/backbone_swap_panns_p7fs97_5/data/PhysioNet2022/training_data/50793_MV.wav,1.0,0.49168602
/tmp/backbone_swap_panns_p7fs97_5/data/PhysioNet2022/training_data/50793_PV.wav,1.0,0.14165218
/tmp/backbone_swap_panns_p7fs97_5/data/PhysioNet2022/training_data/50793_TV.wav,1.0,0.13345085
/tmp/backbone_swap_panns_p7fs97_5/data/PhysioNet2022/training_data/50812_AV.wav,1.0,0.27227756
/tmp/backbone_swap_panns_p7fs97_5/data/PhysioNet2022/training_data/50812_MV.wav,1.0,0.38276276
/tmp/backbone_swap_panns_p7fs97_5/data/PhysioNet2022/training_data/50812_PV.wav,1.0,0.19365376
/tmp/backbone_swap_panns_p7fs97_5/data/PhysioNet2022/training_data/50812_TV.wav,1.0,0.46366045
/tmp/backbone_swap_panns_p7fs97_5/data/PhysioNet2022/training_data/50815_AV.wav,1.0,0.3631066
/tmp/backbone_swap_panns_p7fs97_5/data/PhysioNet2022/training_data/50815_MV.wav,1.0,0.14730097
/tmp/backbone_swap_panns_p7fs97_5/data/PhysioNet2022/training_data/50815_PV.wav,1.0,0.091472216
/tmp/backbone_swap_panns_p7fs97_5/data/PhysioNet2022/training_data/50815_TV.wav,1.0,0.29784855
/tmp/backbone_swap_panns_p7fs97_5/data/PhysioNet2022/training_data/50820_AV.wav,1.0,0.41085085
/tmp/backbone_swap_panns_p7fs97_5/data/PhysioNet2022/training_data/50820_MV.wav,1.0,0.17281784
/tmp/backbone_swap_panns_p7fs97_5/data/PhysioNet2022/training_data/50820_PV.wav,1.0,0.62059426
/tmp/backbone_swap_panns_p7fs97_5/data/PhysioNet2022/training_data/50820_TV.wav,1.0,0.35881916
/tmp/backbone_swap_panns_p7fs97_5/data/PhysioNet2022/training_data/51064_MV.wav,1.0,0.7386286
/tmp/backbone_swap_panns_p7fs97_5/data/PhysioNet2022/training_data/59536_AV.wav,1.0,0.36600667
/tmp/backbone_swap_panns_p7fs97_5/data/PhysioNet2022/training_data/59536_MV.wav,1.0,0.27236813
/tmp/backbone_swap_panns_p7fs97_5/data/PhysioNet2022/training_data/63456_AV.wav,1.0,0.27953997
/tmp/backbone_swap_panns_p7fs97_5/data/PhysioNet2022/training_data/63456_MV.wav,1.0,0.3186072
/tmp/backbone_swap_panns_p7fs97_5/data/PhysioNet2022/training_data/63456_PV.wav,1.0,0.30083954
/tmp/backbone_swap_panns_p7fs97_5/data/PhysioNet2022/training_data/63456_TV.wav,1.0,0.2602947
/tmp/backbone_swap_panns_p7fs97_5/data/PhysioNet2022/training_data/64256_MV.wav,1.0,0.30962023
/tmp/backbone_swap_panns_p7fs97_5/data/PhysioNet2022/training_data/64256_PV.wav,1.0,0.13205281
/tmp/backbone_swap_panns_p7fs97_5/data/PhysioNet2022/training_data/64256_TV.wav,1.0,0.29960826
/tmp/backbone_swap_panns_p7fs97_5/data/PhysioNet2022/training_data/64715_MV.wav,1.0,0.32824773
/tmp/backbone_swap_panns_p7fs97_5/data/PhysioNet2022/training_data/64715_PV.wav,1.0,0.3142918
/tmp/backbone_swap_panns_p7fs97_5/data/PhysioNet2022/training_data/64715_TV.wav,1.0,0.18375108
/tmp/backbone_swap_panns_p7fs97_5/data/PhysioNet2022/training_data/68182_AV.wav,1.0,0.22628574
/tmp/backbone_swap_panns_p7fs97_5/data/PhysioNet2022/training_data/68182_MV.wav,1.0,0.07299272
/tmp/backbone_swap_panns_p7fs97_5/data/PhysioNet2022/training_data/68182_PV.wav,1.0,0.1443333
/tmp/backbone_swap_panns_p7fs97_5/data/PhysioNet2022/training_data/68182_TV.wav,1.0,0.23113203
/tmp/backbone_swap_panns_p7fs97_5/data/PhysioNet2022/training_data/68213_AV.wav,1.0,0.14259362
/tmp/backbone_swap_panns_p7fs97_5/data/PhysioNet2022/training_data/68213_MV.wav,1.0,0.23463288
/tmp/backbone_swap_panns_p7fs97_5/data/PhysioNet2022/training_data/68213_PV.wav,1.0,0.32632405
/tmp/backbone_swap_panns_p7fs97_5/data/PhysioNet2022/training_data/68213_TV.wav,1.0,0.43284714
/tmp/backbone_swap_panns_p7fs97_5/data/PhysioNet2022/training_data/68219_AV.wav,1.0,0.19630782
/tmp/backbone_swap_panns_p7fs97_5/data/PhysioNet2022/training_data/68219_MV.wav,1.0,0.43942824
/tmp/backbone_swap_panns_p7fs97_5/data/PhysioNet2022/training_data/68219_PV.wav,1.0,0.082860954
/tmp/backbone_swap_panns_p7fs97_5/data/PhysioNet2022/training_data/68219_TV.wav,1.0,0.39290655
/tmp/backbone_swap_panns_p7fs97_5/data/PhysioNet2022/training_data/68260_AV.wav,1.0,0.17537652
/tmp/backbone_swap_panns_p7fs97_5/data/PhysioNet2022/training_data/68260_MV.wav,1.0,0.34746325
/tmp/backbone_swap_panns_p7fs97_5/data/PhysioNet2022/training_data/68260_PV.wav,1.0,0.15403886
/tmp/backbone_swap_panns_p7fs97_5/data/PhysioNet2022/training_data/68260_TV.wav,1.0,0.49848107
/tmp/backbone_swap_panns_p7fs97_5/data/PhysioNet2022/training_data/68292_AV.wav,1.0,0.19232489
/tmp/backbone_swap_panns_p7fs97_5/data/PhysioNet2022/training_data/68292_MV.wav,1.0,0.35951123
/tmp/backbone_swap_panns_p7fs97_5/data/PhysioNet2022/training_data/68292_PV.wav,1.0,0.19683942
/tmp/backbone_swap_panns_p7fs97_5/data/PhysioNet2022/training_data/68292_TV.wav,1.0,0.31739858
/tmp/backbone_swap_panns_p7fs97_5/data/PhysioNet2022/training_data/68306_AV.wav,1.0,0.20955144
/tmp/backbone_swap_panns_p7fs97_5/data/PhysioNet2022/training_data/68306_MV.wav,1.0,0.18339776
/tmp/backbone_swap_panns_p7fs97_5/data/PhysioNet2022/training_data/68306_PV.wav,1.0,0.30479586
/tmp/backbone_swap_panns_p7fs97_5/data/PhysioNet2022/training_data/68306_TV.wav,1.0,0.68630594
/tmp/backbone_swap_panns_p7fs97_5/data/PhysioNet2022/training_data/68316_AV.wav,1.0,0.53218275
/tmp/backbone_swap_panns_p7fs97_5/data/PhysioNet2022/training_data/68316_MV.wav,1.0,0.46723166
/tmp/backbone_swap_panns_p7fs97_5/data/PhysioNet2022/training_data/68316_PV.wav,1.0,0.5973945
/tmp/backbone_swap_panns_p7fs97_5/data/PhysioNet2022/training_data/68316_TV.wav,1.0,0.39048392
/tmp/backbone_swap_panns_p7fs97_5/data/PhysioNet2022/training_data/68327_AV.wav,1.0,0.43174243
/tmp/backbone_swap_panns_p7fs97_5/data/PhysioNet2022/training_data/68327_MV.wav,1.0,0.42632827
/tmp/backbone_swap_panns_p7fs97_5/data/PhysioNet2022/training_data/68327_PV.wav,1.0,0.19331005
/tmp/backbone_swap_panns_p7fs97_5/data/PhysioNet2022/training_data/68327_TV.wav,1.0,0.41528422
/tmp/backbone_swap_panns_p7fs97_5/data/PhysioNet2022/training_data/68337_AV.wav,1.0,0.17545971
/tmp/backbone_swap_panns_p7fs97_5/data/PhysioNet2022/training_data/68337_MV.wav,1.0,0.21306635
/tmp/backbone_swap_panns_p7fs97_5/data/PhysioNet2022/training_data/68337_PV.wav,1.0,0.60805345
/tmp/backbone_swap_panns_p7fs97_5/data/PhysioNet2022/training_data/68337_TV.wav,1.0,0.22067921
/tmp/backbone_swap_panns_p7fs97_5/data/PhysioNet2022/training_data/68363_AV.wav,1.0,0.13375372
/tmp/backbone_swap_panns_p7fs97_5/data/PhysioNet2022/training_data/68363_MV.wav,1.0,0.17972793
/tmp/backbone_swap_panns_p7fs97_5/data/PhysioNet2022/training_data/68368_AV.wav,1.0,0.25742325
/tmp/backbone_swap_panns_p7fs97_5/data/PhysioNet2022/training_data/68368_MV.wav,1.0,0.36145452
/tmp/backbone_swap_panns_p7fs97_5/data/PhysioNet2022/training_data/68368_PV.wav,1.0,0.0990934
/tmp/backbone_swap_panns_p7fs97_5/data/PhysioNet2022/training_data/68368_TV.wav,1.0,0.2015456
/tmp/backbone_swap_panns_p7fs97_5/data/PhysioNet2022/training_data/68374_AV.wav,1.0,0.5153372
/tmp/backbone_swap_panns_p7fs97_5/data/PhysioNet2022/training_data/68374_MV.wav,1.0,0.26424724
/tmp/backbone_swap_panns_p7fs97_5/data/PhysioNet2022/training_data/68379_AV.wav,1.0,0.21331076
/tmp/backbone_swap_panns_p7fs97_5/data/PhysioNet2022/training_data/68379_MV.wav,1.0,0.5042257
/tmp/backbone_swap_panns_p7fs97_5/data/PhysioNet2022/training_data/68379_PV.wav,1.0,0.29507336
/tmp/backbone_swap_panns_p7fs97_5/data/PhysioNet2022/training_data/68379_TV.wav,1.0,0.25447246
/tmp/backbone_swap_panns_p7fs97_5/data/PhysioNet2022/training_data/68395_PV.wav,1.0,0.23954917
/tmp/backbone_swap_panns_p7fs97_5/data/PhysioNet2022/training_data/68395_TV.wav,1.0,0.12679327
/tmp/backbone_swap_panns_p7fs97_5/data/PhysioNet2022/training_data/68407_AV.wav,1.0,0.27955523
/tmp/backbone_swap_panns_p7fs97_5/data/PhysioNet2022/training_data/68407_MV.wav,1.0,0.30386883
/tmp/backbone_swap_panns_p7fs97_5/data/PhysioNet2022/training_data/68407_PV.wav,1.0,0.21391085
/tmp/backbone_swap_panns_p7fs97_5/data/PhysioNet2022/training_data/68407_TV.wav,1.0,0.19741376
/tmp/backbone_swap_panns_p7fs97_5/data/PhysioNet2022/training_data/68412_AV.wav,1.0,0.3535397
/tmp/backbone_swap_panns_p7fs97_5/data/PhysioNet2022/training_data/68412_MV.wav,1.0,0.21066244
/tmp/backbone_swap_panns_p7fs97_5/data/PhysioNet2022/training_data/68412_PV.wav,1.0,0.15612288
/tmp/backbone_swap_panns_p7fs97_5/data/PhysioNet2022/training_data/68412_TV.wav,1.0,0.056093592
/tmp/backbone_swap_panns_p7fs97_5/data/PhysioNet2022/training_data/68435_AV.wav,1.0,0.41478842
/tmp/backbone_swap_panns_p7fs97_5/data/PhysioNet2022/training_data/68435_MV.wav,1.0,0.08916397
/tmp/backbone_swap_panns_p7fs97_5/data/PhysioNet2022/training_data/68444_AV.wav,1.0,0.21342613
/tmp/backbone_swap_panns_p7fs97_5/data/PhysioNet2022/training_data/68444_MV.wav,1.0,0.49929467
/tmp/backbone_swap_panns_p7fs97_5/data/PhysioNet2022/training_data/68444_PV.wav,1.0,0.46026564
/tmp/backbone_swap_panns_p7fs97_5/data/PhysioNet2022/training_data/68444_TV.wav,1.0,0.29508063
/tmp/backbone_swap_panns_p7fs97_5/data/PhysioNet2022/training_data/68487_AV.wav,1.0,0.2360892
/tmp/backbone_swap_panns_p7fs97_5/data/PhysioNet2022/training_data/68487_MV.wav,1.0,0.39025334
/tmp/backbone_swap_panns_p7fs97_5/data/PhysioNet2022/training_data/68487_PV.wav,1.0,0.21520273
/tmp/backbone_swap_panns_p7fs97_5/data/PhysioNet2022/training_data/68487_TV.wav,1.0,0.47162765
/tmp/backbone_swap_panns_p7fs97_5/data/PhysioNet2022/training_data/68498_AV.wav,1.0,0.21126525
/tmp/backbone_swap_panns_p7fs97_5/data/PhysioNet2022/training_data/68498_MV.wav,1.0,0.14787962
/tmp/backbone_swap_panns_p7fs97_5/data/PhysioNet2022/training_data/68498_PV.wav,1.0,0.25642645
/tmp/backbone_swap_panns_p7fs97_5/data/PhysioNet2022/training_data/68498_TV.wav,1.0,0.4469202
/tmp/backbone_swap_panns_p7fs97_5/data/PhysioNet2022/training_data/68504_AV.wav,1.0,0.3289055
/tmp/backbone_swap_panns_p7fs97_5/data/PhysioNet2022/training_data/68504_MV.wav,1.0,0.26776665
/tmp/backbone_swap_panns_p7fs97_5/data/PhysioNet2022/training_data/68504_PV.wav,1.0,0.3261784
/tmp/backbone_swap_panns_p7fs97_5/data/PhysioNet2022/training_data/68504_TV.wav,1.0,0.29763347
/tmp/backbone_swap_panns_p7fs97_5/data/PhysioNet2022/training_data/68545_AV.wav,1.0,0.3736753
/tmp/backbone_swap_panns_p7fs97_5/data/PhysioNet2022/training_data/68545_MV.wav,1.0,0.36816064
/tmp/backbone_swap_panns_p7fs97_5/data/PhysioNet2022/training_data/68545_PV.wav,1.0,0.22131571
/tmp/backbone_swap_panns_p7fs97_5/data/PhysioNet2022/training_data/68545_TV.wav,1.0,0.47369772
/tmp/backbone_swap_panns_p7fs97_5/data/PhysioNet2022/training_data/68556_AV.wav,1.0,0.19153966
/tmp/backbone_swap_panns_p7fs97_5/data/PhysioNet2022/training_data/68556_MV.wav,1.0,0.37191945
/tmp/backbone_swap_panns_p7fs97_5/data/PhysioNet2022/training_data/68576_AV.wav,1.0,0.16506144
/tmp/backbone_swap_panns_p7fs97_5/data/PhysioNet2022/training_data/68576_MV.wav,1.0,0.25508964
/tmp/backbone_swap_panns_p7fs97_5/data/PhysioNet2022/training_data/68698_AV.wav,1.0,0.25380096
/tmp/backbone_swap_panns_p7fs97_5/data/PhysioNet2022/training_data/68698_MV.wav,1.0,0.17949729
/tmp/backbone_swap_panns_p7fs97_5/data/PhysioNet2022/training_data/68698_PV.wav,1.0,0.11189377
/tmp/backbone_swap_panns_p7fs97_5/data/PhysioNet2022/training_data/68698_TV.wav,1.0,0.36873752
/tmp/backbone_swap_panns_p7fs97_5/data/PhysioNet2022/training_data/68702_AV.wav,1.0,0.3187594
/tmp/backbone_swap_panns_p7fs97_5/data/PhysioNet2022/training_data/68702_MV.wav,1.0,0.2687626
/tmp/backbone_swap_panns_p7fs97_5/data/PhysioNet2022/training_data/68702_PV.wav,1.0,0.23300876
/tmp/backbone_swap_panns_p7fs97_5/data/PhysioNet2022/training_data/68702_TV.wav,1.0,0.43601745
/tmp/backbone_swap_panns_p7fs97_5/data/PhysioNet2022/training_data/68738_AV.wav,1.0,0.28320384
/tmp/backbone_swap_panns_p7fs97_5/data/PhysioNet2022/training_data/68738_MV.wav,1.0,0.20904996
/tmp/backbone_swap_panns_p7fs97_5/data/PhysioNet2022/training_data/68738_PV.wav,1.0,0.41502878
/tmp/backbone_swap_panns_p7fs97_5/data/PhysioNet2022/training_data/68738_TV.wav,1.0,0.21185203
/tmp/backbone_swap_panns_p7fs97_5/data/PhysioNet2022/training_data/68740_AV.wav,1.0,0.3179614
/tmp/backbone_swap_panns_p7fs97_5/data/PhysioNet2022/training_data/68740_MV.wav,1.0,0.3816273
/tmp/backbone_swap_panns_p7fs97_5/data/PhysioNet2022/training_data/68740_PV.wav,1.0,0.335261
/tmp/backbone_swap_panns_p7fs97_5/data/PhysioNet2022/training_data/68740_TV.wav,1.0,0.53432834
/tmp/backbone_swap_panns_p7fs97_5/data/PhysioNet2022/training_data/68796_AV.wav,1.0,0.4613426
/tmp/backbone_swap_panns_p7fs97_5/data/PhysioNet2022/training_data/68796_MV.wav,1.0,0.36812302
/tmp/backbone_swap_panns_p7fs97_5/data/PhysioNet2022/training_data/68796_PV.wav,1.0,0.20857787
/tmp/backbone_swap_panns_p7fs97_5/data/PhysioNet2022/training_data/68796_TV.wav,1.0,0.18462008
/tmp/backbone_swap_panns_p7fs97_5/data/PhysioNet2022/training_data/68827_AV.wav,1.0,0.14294268
/tmp/backbone_swap_panns_p7fs97_5/data/PhysioNet2022/training_data/68827_PV.wav,1.0,0.5495909
/tmp/backbone_swap_panns_p7fs97_5/data/PhysioNet2022/training_data/68827_TV.wav,1.0,0.44279897
/tmp/backbone_swap_panns_p7fs97_5/data/PhysioNet2022/training_data/68874_AV.wav,1.0,0.4772804
/tmp/backbone_swap_panns_p7fs97_5/data/PhysioNet2022/training_data/68874_MV.wav,1.0,0.78805244
/tmp/backbone_swap_panns_p7fs97_5/data/PhysioNet2022/training_data/68874_PV.wav,1.0,0.38384196
/tmp/backbone_swap_panns_p7fs97_5/data/PhysioNet2022/training_data/68874_TV.wav,1.0,0.26101324
/tmp/backbone_swap_panns_p7fs97_5/data/PhysioNet2022/training_data/68886_AV.wav,1.0,0.18583356
/tmp/backbone_swap_panns_p7fs97_5/data/PhysioNet2022/training_data/68886_MV.wav,1.0,0.21038711
/tmp/backbone_swap_panns_p7fs97_5/data/PhysioNet2022/training_data/68886_PV.wav,1.0,0.33526972
/tmp/backbone_swap_panns_p7fs97_5/data/PhysioNet2022/training_data/68886_TV.wav,1.0,0.59866446
/tmp/backbone_swap_panns_p7fs97_5/data/PhysioNet2022/training_data/68888_AV.wav,1.0,0.07232264
/tmp/backbone_swap_panns_p7fs97_5/data/PhysioNet2022/training_data/68888_MV.wav,1.0,0.19991235
/tmp/backbone_swap_panns_p7fs97_5/data/PhysioNet2022/training_data/68888_PV.wav,1.0,0.20860073
/tmp/backbone_swap_panns_p7fs97_5/data/PhysioNet2022/training_data/68888_TV.wav,1.0,0.108961955
/tmp/backbone_swap_panns_p7fs97_5/data/PhysioNet2022/training_data/68901_AV.wav,1.0,0.71643513
/tmp/backbone_swap_panns_p7fs97_5/data/PhysioNet2022/training_data/68901_MV.wav,1.0,0.3400885
/tmp/backbone_swap_panns_p7fs97_5/data/PhysioNet2022/training_data/68901_PV.wav,1.0,0.4305732
/tmp/backbone_swap_panns_p7fs97_5/data/PhysioNet2022/training_data/68901_TV.wav,1.0,0.16836178
/tmp/backbone_swap_panns_p7fs97_5/data/PhysioNet2022/training_data/68952_AV.wav,1.0,0.2906182
/tmp/backbone_swap_panns_p7fs97_5/data/PhysioNet2022/training_data/68952_MV.wav,1.0,0.16775118
/tmp/backbone_swap_panns_p7fs97_5/data/PhysioNet2022/training_data/68952_PV.wav,1.0,0.41130644
/tmp/backbone_swap_panns_p7fs97_5/data/PhysioNet2022/training_data/68952_TV.wav,1.0,0.3257691
/tmp/backbone_swap_panns_p7fs97_5/data/PhysioNet2022/training_data/69060_AV.wav,1.0,0.59837216
/tmp/backbone_swap_panns_p7fs97_5/data/PhysioNet2022/training_data/69060_MV.wav,1.0,0.32453468
/tmp/backbone_swap_panns_p7fs97_5/data/PhysioNet2022/training_data/69060_PV.wav,1.0,0.2616286
/tmp/backbone_swap_panns_p7fs97_5/data/PhysioNet2022/training_data/69060_TV.wav,1.0,0.1739021
/tmp/backbone_swap_panns_p7fs97_5/data/PhysioNet2022/training_data/69066_AV.wav,1.0,0.46480122
/tmp/backbone_swap_panns_p7fs97_5/data/PhysioNet2022/training_data/69066_MV.wav,1.0,0.20017578
/tmp/backbone_swap_panns_p7fs97_5/data/PhysioNet2022/training_data/69066_PV.wav,1.0,0.1489901
/tmp/backbone_swap_panns_p7fs97_5/data/PhysioNet2022/training_data/69066_TV.wav,1.0,0.10732023
/tmp/backbone_swap_panns_p7fs97_5/data/PhysioNet2022/training_data/69068_AV.wav,1.0,0.28723222
/tmp/backbone_swap_panns_p7fs97_5/data/PhysioNet2022/training_data/69068_MV.wav,1.0,0.3977667
/tmp/backbone_swap_panns_p7fs97_5/data/PhysioNet2022/training_data/69068_PV.wav,1.0,0.17576723
/tmp/backbone_swap_panns_p7fs97_5/data/PhysioNet2022/training_data/69068_TV.wav,1.0,0.24026322
/tmp/backbone_swap_panns_p7fs97_5/data/PhysioNet2022/training_data/69093_AV.wav,1.0,0.14559388
/tmp/backbone_swap_panns_p7fs97_5/data/PhysioNet2022/training_data/69093_MV.wav,1.0,0.2266618
/tmp/backbone_swap_panns_p7fs97_5/data/PhysioNet2022/training_data/69093_PV.wav,1.0,0.2718368
/tmp/backbone_swap_panns_p7fs97_5/data/PhysioNet2022/training_data/69093_TV.wav,1.0,0.23122953
/tmp/backbone_swap_panns_p7fs97_5/data/PhysioNet2022/training_data/69112_AV.wav,1.0,0.66006595
/tmp/backbone_swap_panns_p7fs97_5/data/PhysioNet2022/training_data/69112_MV.wav,1.0,0.14810325
/tmp/backbone_swap_panns_p7fs97_5/data/PhysioNet2022/training_data/69112_PV.wav,1.0,0.180667
/tmp/backbone_swap_panns_p7fs97_5/data/PhysioNet2022/training_data/69112_TV.wav,1.0,0.36133093
/tmp/backbone_swap_panns_p7fs97_5/data/PhysioNet2022/training_data/69120_AV.wav,1.0,0.24161239
/tmp/backbone_swap_panns_p7fs97_5/data/PhysioNet2022/training_data/69120_MV.wav,1.0,0.11870641
/tmp/backbone_swap_panns_p7fs97_5/data/PhysioNet2022/training_data/69120_PV.wav,1.0,0.28043768
/tmp/backbone_swap_panns_p7fs97_5/data/PhysioNet2022/training_data/69120_TV.wav,1.0,0.20296012
/tmp/backbone_swap_panns_p7fs97_5/data/PhysioNet2022/training_data/69125_AV.wav,1.0,0.320614
/tmp/backbone_swap_panns_p7fs97_5/data/PhysioNet2022/training_data/69125_MV.wav,1.0,0.1897416
/tmp/backbone_swap_panns_p7fs97_5/data/PhysioNet2022/training_data/69125_PV.wav,1.0,0.54048187
/tmp/backbone_swap_panns_p7fs97_5/data/PhysioNet2022/training_data/69125_TV.wav,1.0,0.37820315
/tmp/backbone_swap_panns_p7fs97_5/data/PhysioNet2022/training_data/69144_AV.wav,1.0,0.2664134
/tmp/backbone_swap_panns_p7fs97_5/data/PhysioNet2022/training_data/69144_MV.wav,1.0,0.24067536
/tmp/backbone_swap_panns_p7fs97_5/data/PhysioNet2022/training_data/69144_PV.wav,1.0,0.45581362
/tmp/backbone_swap_panns_p7fs97_5/data/PhysioNet2022/training_data/69144_TV.wav,1.0,0.36340693
/tmp/backbone_swap_panns_p7fs97_5/data/PhysioNet2022/training_data/69155_MV.wav,1.0,0.3021204
/tmp/backbone_swap_panns_p7fs97_5/data/PhysioNet2022/training_data/69155_PV.wav,1.0,0.25226635
/tmp/backbone_swap_panns_p7fs97_5/data/PhysioNet2022/training_data/69155_TV.wav,1.0,0.3272925
/tmp/backbone_swap_panns_p7fs97_5/data/PhysioNet2022/training_data/69161_AV.wav,1.0,0.17468661
/tmp/backbone_swap_panns_p7fs97_5/data/PhysioNet2022/training_data/69161_MV.wav,1.0,0.28089336
/tmp/backbone_swap_panns_p7fs97_5/data/PhysioNet2022/training_data/69161_PV.wav,1.0,0.2205612
/tmp/backbone_swap_panns_p7fs97_5/data/PhysioNet2022/training_data/69161_TV.wav,1.0,0.2943595
/tmp/backbone_swap_panns_p7fs97_5/data/PhysioNet2022/training_data/69174_AV.wav,1.0,0.14126243
/tmp/backbone_swap_panns_p7fs97_5/data/PhysioNet2022/training_data/69174_MV.wav,1.0,0.27165246
/tmp/backbone_swap_panns_p7fs97_5/data/PhysioNet2022/training_data/69174_PV.wav,1.0,0.12775473
/tmp/backbone_swap_panns_p7fs97_5/data/PhysioNet2022/training_data/69174_TV.wav,1.0,0.26022893
/tmp/backbone_swap_panns_p7fs97_5/data/PhysioNet2022/training_data/69176_AV.wav,1.0,0.29559302
/tmp/backbone_swap_panns_p7fs97_5/data/PhysioNet2022/training_data/69176_MV.wav,1.0,0.39257452
/tmp/backbone_swap_panns_p7fs97_5/data/PhysioNet2022/training_data/69176_PV.wav,1.0,0.20449649
/tmp/backbone_swap_panns_p7fs97_5/data/PhysioNet2022/training_data/69176_TV.wav,1.0,0.28988928
/tmp/backbone_swap_panns_p7fs97_5/data/PhysioNet2022/training_data/72288_PV.wav,1.0,0.14464086
/tmp/backbone_swap_panns_p7fs97_5/data/PhysioNet2022/training_data/73497_AV.wav,1.0,0.5879743
/tmp/backbone_swap_panns_p7fs97_5/data/PhysioNet2022/training_data/73497_MV.wav,1.0,0.13425729
/tmp/backbone_swap_panns_p7fs97_5/data/PhysioNet2022/training_data/73497_PV.wav,1.0,0.16335784
/tmp/backbone_swap_panns_p7fs97_5/data/PhysioNet2022/training_data/73497_TV.wav,1.0,0.32445484
/tmp/backbone_swap_panns_p7fs97_5/data/PhysioNet2022/training_data/74420_AV.wav,1.0,0.23141764
/tmp/backbone_swap_panns_p7fs97_5/data/PhysioNet2022/training_data/74420_MV.wav,1.0,0.2607434
/tmp/backbone_swap_panns_p7fs97_5/data/PhysioNet2022/training_data/75440_AV.wav,1.0,0.2690177
/tmp/backbone_swap_panns_p7fs97_5/data/PhysioNet2022/training_data/75440_MV.wav,1.0,0.30786452
/tmp/backbone_swap_panns_p7fs97_5/data/PhysioNet2022/training_data/75440_PV.wav,1.0,0.25325966
/tmp/backbone_swap_panns_p7fs97_5/data/PhysioNet2022/training_data/75440_TV.wav,1.0,0.12220152
/tmp/backbone_swap_panns_p7fs97_5/data/PhysioNet2022/training_data/78592_AV.wav,1.0,0.19920796
/tmp/backbone_swap_panns_p7fs97_5/data/PhysioNet2022/training_data/78592_MV.wav,1.0,0.24781291
/tmp/backbone_swap_panns_p7fs97_5/data/PhysioNet2022/training_data/78592_PV.wav,1.0,0.12740289
/tmp/backbone_swap_panns_p7fs97_5/data/PhysioNet2022/training_data/78592_TV.wav,1.0,0.24545772
/tmp/backbone_swap_panns_p7fs97_5/data/PhysioNet2022/training_data/84688_MV.wav,1.0,0.20647879
/tmp/backbone_swap_panns_p7fs97_5/data/PhysioNet2022/training_data/84689_AV.wav,1.0,0.315692
/tmp/backbone_swap_panns_p7fs97_5/data/PhysioNet2022/training_data/84689_MV.wav,1.0,0.28478187
/tmp/backbone_swap_panns_p7fs97_5/data/PhysioNet2022/training_data/84689_PV.wav,1.0,0.47081876
/tmp/backbone_swap_panns_p7fs97_5/data/PhysioNet2022/training_data/84689_TV.wav,1.0,0.17602603
/tmp/backbone_swap_panns_p7fs97_5/data/PhysioNet2022/training_data/84692_AV.wav,1.0,0.21234044
/tmp/backbone_swap_panns_p7fs97_5/data/PhysioNet2022/training_data/84692_MV.wav,1.0,0.24585858
/tmp/backbone_swap_panns_p7fs97_5/data/PhysioNet2022/training_data/84692_PV.wav,1.0,0.092307486
/tmp/backbone_swap_panns_p7fs97_5/data/PhysioNet2022/training_data/84692_TV.wav,1.0,0.29472768
/tmp/backbone_swap_panns_p7fs97_5/data/PhysioNet2022/training_data/84699_AV.wav,1.0,0.38260302
/tmp/backbone_swap_panns_p7fs97_5/data/PhysioNet2022/training_data/84699_MV.wav,1.0,0.33487597
/tmp/backbone_swap_panns_p7fs97_5/data/PhysioNet2022/training_data/84699_PV.wav,1.0,0.36579943
/tmp/backbone_swap_panns_p7fs97_5/data/PhysioNet2022/training_data/84699_TV.wav,1.0,0.33712646
/tmp/backbone_swap_panns_p7fs97_5/data/PhysioNet2022/training_data/84709_AV.wav,1.0,0.3234621
/tmp/backbone_swap_panns_p7fs97_5/data/PhysioNet2022/training_data/84709_MV.wav,1.0,0.18221733
/tmp/backbone_swap_panns_p7fs97_5/data/PhysioNet2022/training_data/84709_PV.wav,1.0,0.3027192
/tmp/backbone_swap_panns_p7fs97_5/data/PhysioNet2022/training_data/84709_TV.wav,1.0,0.38796481
/tmp/backbone_swap_panns_p7fs97_5/data/PhysioNet2022/training_data/84711_AV.wav,1.0,0.28465095
/tmp/backbone_swap_panns_p7fs97_5/data/PhysioNet2022/training_data/84711_MV.wav,1.0,0.17993638
/tmp/backbone_swap_panns_p7fs97_5/data/PhysioNet2022/training_data/84711_PV.wav,1.0,0.29027945
/tmp/backbone_swap_panns_p7fs97_5/data/PhysioNet2022/training_data/84711_TV.wav,1.0,0.17051668
/tmp/backbone_swap_panns_p7fs97_5/data/PhysioNet2022/training_data/84714_AV.wav,1.0,0.25564018
/tmp/backbone_swap_panns_p7fs97_5/data/PhysioNet2022/training_data/84714_MV.wav,1.0,0.26228797
/tmp/backbone_swap_panns_p7fs97_5/data/PhysioNet2022/training_data/84714_TV.wav,1.0,0.38264847
/tmp/backbone_swap_panns_p7fs97_5/data/PhysioNet2022/training_data/84720_AV.wav,1.0,0.23654862
/tmp/backbone_swap_panns_p7fs97_5/data/PhysioNet2022/training_data/84724_AV.wav,1.0,0.38640156
/tmp/backbone_swap_panns_p7fs97_5/data/PhysioNet2022/training_data/84724_MV.wav,1.0,0.17399183
/tmp/backbone_swap_panns_p7fs97_5/data/PhysioNet2022/training_data/84724_PV.wav,1.0,0.30915982
/tmp/backbone_swap_panns_p7fs97_5/data/PhysioNet2022/training_data/84724_TV.wav,1.0,0.29457638
/tmp/backbone_swap_panns_p7fs97_5/data/PhysioNet2022/training_data/84727_AV.wav,1.0,0.3152998
/tmp/backbone_swap_panns_p7fs97_5/data/PhysioNet2022/training_data/84727_MV.wav,1.0,0.250807
/tmp/backbone_swap_panns_p7fs97_5/data/PhysioNet2022/training_data/84727_PV.wav,1.0,0.12884547
/tmp/backbone_swap_panns_p7fs97_5/data/PhysioNet2022/training_data/84727_TV.wav,1.0,0.37910175
/tmp/backbone_swap_panns_p7fs97_5/data/PhysioNet2022/training_data/84735_AV.wav,1.0,0.23543397
/tmp/backbone_swap_panns_p7fs97_5/data/PhysioNet2022/training_data/84735_MV.wav,1.0,0.22670595
/tmp/backbone_swap_panns_p7fs97_5/data/PhysioNet2022/training_data/84735_PV.wav,1.0,0.07338067
/tmp/backbone_swap_panns_p7fs97_5/data/PhysioNet2022/training_data/84735_TV.wav,1.0,0.27940488
/tmp/backbone_swap_panns_p7fs97_5/data/PhysioNet2022/training_data/84736_AV.wav,1.0,0.25788292
/tmp/backbone_swap_panns_p7fs97_5/data/PhysioNet2022/training_data/84736_MV.wav,1.0,0.15378292
/tmp/backbone_swap_panns_p7fs97_5/data/PhysioNet2022/training_data/84742_AV.wav,1.0,0.48813656
/tmp/backbone_swap_panns_p7fs97_5/data/PhysioNet2022/training_data/84742_MV.wav,1.0,0.16898908
/tmp/backbone_swap_panns_p7fs97_5/data/PhysioNet2022/training_data/84742_PV.wav,1.0,0.28177932
/tmp/backbone_swap_panns_p7fs97_5/data/PhysioNet2022/training_data/84742_TV.wav,1.0,0.24547899
/tmp/backbone_swap_panns_p7fs97_5/data/PhysioNet2022/training_data/84743_AV.wav,1.0,0.14029555
/tmp/backbone_swap_panns_p7fs97_5/data/PhysioNet2022/training_data/84743_MV.wav,1.0,0.32157412
/tmp/backbone_swap_panns_p7fs97_5/data/PhysioNet2022/training_data/84743_PV.wav,1.0,0.17655776
/tmp/backbone_swap_panns_p7fs97_5/data/PhysioNet2022/training_data/84743_TV.wav,1.0,0.26081493
/tmp/backbone_swap_panns_p7fs97_5/data/PhysioNet2022/training_data/84747_TV.wav,1.0,0.20102647
/tmp/backbone_swap_panns_p7fs97_5/data/PhysioNet2022/training_data/84749_AV.wav,1.0,0.50939333
/tmp/backbone_swap_panns_p7fs97_5/data/PhysioNet2022/training_data/84749_MV.wav,1.0,0.3640136
/tmp/backbone_swap_panns_p7fs97_5/data/PhysioNet2022/training_data/84749_PV.wav,1.0,0.3890243
/tmp/backbone_swap_panns_p7fs97_5/data/PhysioNet2022/training_data/84749_TV.wav,1.0,0.30845392
/tmp/backbone_swap_panns_p7fs97_5/data/PhysioNet2022/training_data/84750_AV.wav,1.0,0.3265249
/tmp/backbone_swap_panns_p7fs97_5/data/PhysioNet2022/training_data/84750_MV.wav,1.0,0.25041857
/tmp/backbone_swap_panns_p7fs97_5/data/PhysioNet2022/training_data/84750_PV.wav,1.0,0.6396813
/tmp/backbone_swap_panns_p7fs97_5/data/PhysioNet2022/training_data/84750_TV.wav,1.0,0.11440678
/tmp/backbone_swap_panns_p7fs97_5/data/PhysioNet2022/training_data/84758_AV.wav,1.0,0.19271944
/tmp/backbone_swap_panns_p7fs97_5/data/PhysioNet2022/training_data/84758_MV.wav,1.0,0.19219616
/tmp/backbone_swap_panns_p7fs97_5/data/PhysioNet2022/training_data/84758_PV.wav,1.0,0.120301716
/tmp/backbone_swap_panns_p7fs97_5/data/PhysioNet2022/training_data/84758_TV.wav,1.0,0.32656762
/tmp/backbone_swap_panns_p7fs97_5/data/PhysioNet2022/training_data/84761_AV.wav,1.0,0.26737738
/tmp/backbone_swap_panns_p7fs97_5/data/PhysioNet2022/training_data/84761_MV.wav,1.0,0.15288773
/tmp/backbone_swap_panns_p7fs97_5/data/PhysioNet2022/training_data/84761_PV.wav,1.0,0.16481546
/tmp/backbone_swap_panns_p7fs97_5/data/PhysioNet2022/training_data/84761_TV.wav,1.0,0.21140003
/tmp/backbone_swap_panns_p7fs97_5/data/PhysioNet2022/training_data/84776_AV.wav,1.0,0.36244836
/tmp/backbone_swap_panns_p7fs97_5/data/PhysioNet2022/training_data/84776_MV.wav,1.0,0.47239482
/tmp/backbone_swap_panns_p7fs97_5/data/PhysioNet2022/training_data/84776_PV.wav,1.0,0.25763798
/tmp/backbone_swap_panns_p7fs97_5/data/PhysioNet2022/training_data/84776_TV.wav,1.0,0.3172993
/tmp/backbone_swap_panns_p7fs97_5/data/PhysioNet2022/training_data/84778_AV.wav,1.0,0.44364423
/tmp/backbone_swap_panns_p7fs97_5/data/PhysioNet2022/training_data/84778_MV.wav,1.0,0.64745
/tmp/backbone_swap_panns_p7fs97_5/data/PhysioNet2022/training_data/84778_PV.wav,1.0,0.19459757
/tmp/backbone_swap_panns_p7fs97_5/data/PhysioNet2022/training_data/84778_TV.wav,1.0,0.30608505
/tmp/backbone_swap_panns_p7fs97_5/data/PhysioNet2022/training_data/84785_AV.wav,1.0,0.21091603
/tmp/backbone_swap_panns_p7fs97_5/data/PhysioNet2022/training_data/84785_MV.wav,1.0,0.2881294
/tmp/backbone_swap_panns_p7fs97_5/data/PhysioNet2022/training_data/84785_PV.wav,1.0,0.23623094
/tmp/backbone_swap_panns_p7fs97_5/data/PhysioNet2022/training_data/84785_TV.wav,1.0,0.19449754
/tmp/backbone_swap_panns_p7fs97_5/data/PhysioNet2022/training_data/84796_AV.wav,1.0,0.22554144
/tmp/backbone_swap_panns_p7fs97_5/data/PhysioNet2022/training_data/84796_MV.wav,1.0,0.16105567
/tmp/backbone_swap_panns_p7fs97_5/data/PhysioNet2022/training_data/84798_AV.wav,1.0,0.26053163
/tmp/backbone_swap_panns_p7fs97_5/data/PhysioNet2022/training_data/84798_MV.wav,1.0,0.19639859
/tmp/backbone_swap_panns_p7fs97_5/data/PhysioNet2022/training_data/84798_PV.wav,1.0,0.12556718
/tmp/backbone_swap_panns_p7fs97_5/data/PhysioNet2022/training_data/84798_TV.wav,1.0,0.23326635
/tmp/backbone_swap_panns_p7fs97_5/data/PhysioNet2022/training_data/84809_AV.wav,1.0,0.16463552
/tmp/backbone_swap_panns_p7fs97_5/data/PhysioNet2022/training_data/84809_MV.wav,1.0,0.3984657
/tmp/backbone_swap_panns_p7fs97_5/data/PhysioNet2022/training_data/84809_PV.wav,1.0,0.295771
/tmp/backbone_swap_panns_p7fs97_5/data/PhysioNet2022/training_data/84809_TV.wav,1.0,0.28170177
/tmp/backbone_swap_panns_p7fs97_5/data/PhysioNet2022/training_data/84835_AV.wav,1.0,0.21321166
/tmp/backbone_swap_panns_p7fs97_5/data/PhysioNet2022/training_data/84835_MV.wav,1.0,0.27141118
/tmp/backbone_swap_panns_p7fs97_5/data/PhysioNet2022/training_data/84835_PV.wav,1.0,0.2490328
/tmp/backbone_swap_panns_p7fs97_5/data/PhysioNet2022/training_data/84835_TV.wav,1.0,0.19754848
/tmp/backbone_swap_panns_p7fs97_5/data/PhysioNet2022/training_data/84837_AV.wav,1.0,0.3369799
/tmp/backbone_swap_panns_p7fs97_5/data/PhysioNet2022/training_data/84837_PV.wav,1.0,0.32403675
/tmp/backbone_swap_panns_p7fs97_5/data/PhysioNet2022/training_data/84840_MV.wav,1.0,0.25834802
/tmp/backbone_swap_panns_p7fs97_5/data/PhysioNet2022/training_data/84840_TV.wav,1.0,0.17335284
/tmp/backbone_swap_panns_p7fs97_5/data/PhysioNet2022/training_data/84852_AV.wav,1.0,0.2958023
/tmp/backbone_swap_panns_p7fs97_5/data/PhysioNet2022/training_data/84852_MV.wav,1.0,0.38754913
/tmp/backbone_swap_panns_p7fs97_5/data/PhysioNet2022/training_data/84852_PV.wav,1.0,0.21312925
/tmp/backbone_swap_panns_p7fs97_5/data/PhysioNet2022/training_data/84852_TV.wav,1.0,0.1828018
/tmp/backbone_swap_panns_p7fs97_5/data/PhysioNet2022/training_data/84861_AV.wav,1.0,0.38346365
/tmp/backbone_swap_panns_p7fs97_5/data/PhysioNet2022/training_data/84861_MV.wav,1.0,0.28399816
/tmp/backbone_swap_panns_p7fs97_5/data/PhysioNet2022/training_data/84861_PV.wav,1.0,0.1742861
/tmp/backbone_swap_panns_p7fs97_5/data/PhysioNet2022/training_data/84861_TV.wav,1.0,0.08794371
/tmp/backbone_swap_panns_p7fs97_5/data/PhysioNet2022/training_data/84864_AV.wav,1.0,0.64988077
/tmp/backbone_swap_panns_p7fs97_5/data/PhysioNet2022/training_data/84864_MV.wav,1.0,0.42281124
/tmp/backbone_swap_panns_p7fs97_5/data/PhysioNet2022/training_data/84864_PV.wav,1.0,0.24451183
/tmp/backbone_swap_panns_p7fs97_5/data/PhysioNet2022/training_data/84864_TV.wav,1.0,0.17087759
/tmp/backbone_swap_panns_p7fs97_5/data/PhysioNet2022/training_data/84870_AV.wav,1.0,0.45461574
/tmp/backbone_swap_panns_p7fs97_5/data/PhysioNet2022/training_data/84870_MV.wav,1.0,0.2534149
/tmp/backbone_swap_panns_p7fs97_5/data/PhysioNet2022/training_data/84870_PV.wav,1.0,0.3378594
/tmp/backbone_swap_panns_p7fs97_5/data/PhysioNet2022/training_data/84870_TV.wav,1.0,0.22427541
/tmp/backbone_swap_panns_p7fs97_5/data/PhysioNet2022/training_data/84877_AV.wav,1.0,0.21084097
/tmp/backbone_swap_panns_p7fs97_5/data/PhysioNet2022/training_data/84877_MV.wav,1.0,0.21603008
/tmp/backbone_swap_panns_p7fs97_5/data/PhysioNet2022/training_data/84877_PV.wav,1.0,0.30708194
/tmp/backbone_swap_panns_p7fs97_5/data/PhysioNet2022/training_data/84877_TV.wav,1.0,0.27133313
/tmp/backbone_swap_panns_p7fs97_5/data/PhysioNet2022/training_data/84881_AV.wav,1.0,0.19982207
/tmp/backbone_swap_panns_p7fs97_5/data/PhysioNet2022/training_data/84881_MV.wav,1.0,0.13392946
/tmp/backbone_swap_panns_p7fs97_5/data/PhysioNet2022/training_data/84881_PV.wav,1.0,0.2532331
/tmp/backbone_swap_panns_p7fs97_5/data/PhysioNet2022/training_data/84881_TV.wav,1.0,0.16362299
/tmp/backbone_swap_panns_p7fs97_5/data/PhysioNet2022/training_data/84885_AV.wav,1.0,0.19791967
/tmp/backbone_swap_panns_p7fs97_5/data/PhysioNet2022/training_data/84885_MV.wav,1.0,0.3175615
/tmp/backbone_swap_panns_p7fs97_5/data/PhysioNet2022/training_data/84890_AV.wav,1.0,0.12928012
/tmp/backbone_swap_panns_p7fs97_5/data/PhysioNet2022/training_data/84890_MV.wav,1.0,0.15420952
/tmp/backbone_swap_panns_p7fs97_5/data/PhysioNet2022/training_data/84890_PV.wav,1.0,0.23334955
/tmp/backbone_swap_panns_p7fs97_5/data/PhysioNet2022/training_data/84890_TV.wav,1.0,0.14627944
/tmp/backbone_swap_panns_p7fs97_5/data/PhysioNet2022/training_data/84893_AV.wav,1.0,0.29337525
/tmp/backbone_swap_panns_p7fs97_5/data/PhysioNet2022/training_data/84893_PV.wav,1.0,0.45190483
/tmp/backbone_swap_panns_p7fs97_5/data/PhysioNet2022/training_data/84894_AV.wav,1.0,0.10970238
/tmp/backbone_swap_panns_p7fs97_5/data/PhysioNet2022/training_data/84894_MV.wav,1.0,0.39840603
/tmp/backbone_swap_panns_p7fs97_5/data/PhysioNet2022/training_data/84894_PV.wav,1.0,0.11803268
/tmp/backbone_swap_panns_p7fs97_5/data/PhysioNet2022/training_data/84894_TV.wav,1.0,0.3038431
/tmp/backbone_swap_panns_p7fs97_5/data/PhysioNet2022/training_data/84917_AV.wav,1.0,0.35574505
/tmp/backbone_swap_panns_p7fs97_5/data/PhysioNet2022/training_data/84917_MV.wav,1.0,0.2740795
/tmp/backbone_swap_panns_p7fs97_5/data/PhysioNet2022/training_data/84917_PV.wav,1.0,0.17578746
/tmp/backbone_swap_panns_p7fs97_5/data/PhysioNet2022/training_data/84917_TV.wav,1.0,0.15811077
/tmp/backbone_swap_panns_p7fs97_5/data/PhysioNet2022/training_data/84921_AV.wav,1.0,0.29067948
/tmp/backbone_swap_panns_p7fs97_5/data/PhysioNet2022/training_data/84921_MV.wav,1.0,0.24028346
/tmp/backbone_swap_panns_p7fs97_5/data/PhysioNet2022/training_data/84921_PV.wav,1.0,0.41940108
/tmp/backbone_swap_panns_p7fs97_5/data/PhysioNet2022/training_data/84921_TV.wav,1.0,0.23537958
/tmp/backbone_swap_panns_p7fs97_5/data/PhysioNet2022/training_data/84922_AV.wav,1.0,0.5178493
/tmp/backbone_swap_panns_p7fs97_5/data/PhysioNet2022/training_data/84922_MV.wav,1.0,0.19219385
/tmp/backbone_swap_panns_p7fs97_5/data/PhysioNet2022/training_data/84930_AV.wav,1.0,0.21279244
/tmp/backbone_swap_panns_p7fs97_5/data/PhysioNet2022/training_data/84930_MV.wav,1.0,0.22155707
/tmp/backbone_swap_panns_p7fs97_5/data/PhysioNet2022/training_data/84930_PV.wav,1.0,0.3626972
/tmp/backbone_swap_panns_p7fs97_5/data/PhysioNet2022/training_data/84930_TV.wav,1.0,0.3150606
/tmp/backbone_swap_panns_p7fs97_5/data/PhysioNet2022/training_data/84937_AV.wav,1.0,0.23364627
/tmp/backbone_swap_panns_p7fs97_5/data/PhysioNet2022/training_data/84937_MV.wav,1.0,0.41338897
/tmp/backbone_swap_panns_p7fs97_5/data/PhysioNet2022/training_data/84937_PV.wav,1.0,0.19472083
/tmp/backbone_swap_panns_p7fs97_5/data/PhysioNet2022/training_data/84937_TV.wav,1.0,0.36023426
/tmp/backbone_swap_panns_p7fs97_5/data/PhysioNet2022/training_data/84939_AV.wav,1.0,0.10739355
/tmp/backbone_swap_panns_p7fs97_5/data/PhysioNet2022/training_data/84939_MV.wav,1.0,0.2716208
/tmp/backbone_swap_panns_p7fs97_5/data/PhysioNet2022/training_data/84939_PV.wav,1.0,0.6971447
/tmp/backbone_swap_panns_p7fs97_5/data/PhysioNet2022/training_data/84939_TV.wav,1.0,0.36467648
/tmp/backbone_swap_panns_p7fs97_5/data/PhysioNet2022/training_data/84945_AV.wav,1.0,0.34153327
/tmp/backbone_swap_panns_p7fs97_5/data/PhysioNet2022/training_data/84945_MV.wav,1.0,0.2629018
/tmp/backbone_swap_panns_p7fs97_5/data/PhysioNet2022/training_data/84945_PV.wav,1.0,0.27077937
/tmp/backbone_swap_panns_p7fs97_5/data/PhysioNet2022/training_data/84945_TV.wav,1.0,0.17562552
/tmp/backbone_swap_panns_p7fs97_5/data/PhysioNet2022/training_data/84947_AV.wav,1.0,0.37873447
/tmp/backbone_swap_panns_p7fs97_5/data/PhysioNet2022/training_data/84947_MV.wav,1.0,0.44200575
/tmp/backbone_swap_panns_p7fs97_5/data/PhysioNet2022/training_data/84947_PV.wav,1.0,0.19941118
/tmp/backbone_swap_panns_p7fs97_5/data/PhysioNet2022/training_data/84947_TV.wav,1.0,0.18530436
/tmp/backbone_swap_panns_p7fs97_5/data/PhysioNet2022/training_data/84969_MV.wav,1.0,0.22745357
/tmp/backbone_swap_panns_p7fs97_5/data/PhysioNet2022/training_data/84973_AV.wav,1.0,0.39020228
/tmp/backbone_swap_panns_p7fs97_5/data/PhysioNet2022/training_data/84973_MV.wav,1.0,0.104662575
/tmp/backbone_swap_panns_p7fs97_5/data/PhysioNet2022/training_data/84973_PV.wav,1.0,0.13001749
/tmp/backbone_swap_panns_p7fs97_5/data/PhysioNet2022/training_data/84973_TV.wav,1.0,0.2338869
/tmp/backbone_swap_panns_p7fs97_5/data/PhysioNet2022/training_data/84984_MV.wav,1.0,0.20065795
/tmp/backbone_swap_panns_p7fs97_5/data/PhysioNet2022/training_data/84984_PV.wav,1.0,0.6212567
/tmp/backbone_swap_panns_p7fs97_5/data/PhysioNet2022/training_data/84988_AV.wav,1.0,0.32937273
/tmp/backbone_swap_panns_p7fs97_5/data/PhysioNet2022/training_data/84988_MV.wav,1.0,0.50920135
/tmp/backbone_swap_panns_p7fs97_5/data/PhysioNet2022/training_data/84988_PV.wav,1.0,0.25404924
/tmp/backbone_swap_panns_p7fs97_5/data/PhysioNet2022/training_data/84992_AV.wav,1.0,0.14770561
/tmp/backbone_swap_panns_p7fs97_5/data/PhysioNet2022/training_data/84992_PV.wav,1.0,0.51050776
/tmp/backbone_swap_panns_p7fs97_5/data/PhysioNet2022/training_data/84992_TV.wav,1.0,0.7770097
/tmp/backbone_swap_panns_p7fs97_5/data/PhysioNet2022/training_data/84994_AV.wav,1.0,0.17013615
/tmp/backbone_swap_panns_p7fs97_5/data/PhysioNet2022/training_data/84994_MV.wav,1.0,0.5234026
/tmp/backbone_swap_panns_p7fs97_5/data/PhysioNet2022/training_data/84994_PV.wav,1.0,0.42465982
/tmp/backbone_swap_panns_p7fs97_5/data/PhysioNet2022/training_data/84994_TV.wav,1.0,0.327194
/tmp/backbone_swap_panns_p7fs97_5/data/PhysioNet2022/training_data/85002_AV.wav,1.0,0.1558458
/tmp/backbone_swap_panns_p7fs97_5/data/PhysioNet2022/training_data/85002_MV.wav,1.0,0.48488593
/tmp/backbone_swap_panns_p7fs97_5/data/PhysioNet2022/training_data/85002_PV.wav,1.0,0.12522581
/tmp/backbone_swap_panns_p7fs97_5/data/PhysioNet2022/training_data/85002_TV.wav,1.0,0.40240696
/tmp/backbone_swap_panns_p7fs97_5/data/PhysioNet2022/training_data/85010_AV.wav,1.0,0.14290778
/tmp/backbone_swap_panns_p7fs97_5/data/PhysioNet2022/training_data/85010_MV.wav,1.0,0.24550252
/tmp/backbone_swap_panns_p7fs97_5/data/PhysioNet2022/training_data/85010_PV.wav,1.0,0.23700006
/tmp/backbone_swap_panns_p7fs97_5/data/PhysioNet2022/training_data/85010_TV.wav,1.0,0.18051557
/tmp/backbone_swap_panns_p7fs97_5/data/PhysioNet2022/training_data/85024_AV.wav,1.0,0.17596824
/tmp/backbone_swap_panns_p7fs97_5/data/PhysioNet2022/training_data/85024_MV.wav,1.0,0.12373022
/tmp/backbone_swap_panns_p7fs97_5/data/PhysioNet2022/training_data/85024_PV.wav,1.0,0.21161179
/tmp/backbone_swap_panns_p7fs97_5/data/PhysioNet2022/training_data/85024_TV.wav,1.0,0.29980254
/tmp/backbone_swap_panns_p7fs97_5/data/PhysioNet2022/training_data/85033_AV.wav,1.0,0.3100807
/tmp/backbone_swap_panns_p7fs97_5/data/PhysioNet2022/training_data/85033_MV.wav,1.0,0.32616737
/tmp/backbone_swap_panns_p7fs97_5/data/PhysioNet2022/training_data/85033_PV.wav,1.0,0.32088923
/tmp/backbone_swap_panns_p7fs97_5/data/PhysioNet2022/training_data/85033_TV.wav,1.0,0.13446546
/tmp/backbone_swap_panns_p7fs97_5/data/PhysioNet2022/training_data/85043_MV.wav,1.0,0.40155268
/tmp/backbone_swap_panns_p7fs97_5/data/PhysioNet2022/training_data/85043_PV.wav,1.0,0.24686678
/tmp/backbone_swap_panns_p7fs97_5/data/PhysioNet2022/training_data/85043_TV.wav,1.0,0.40611896
/tmp/backbone_swap_panns_p7fs97_5/data/PhysioNet2022/training_data/85044_AV.wav,1.0,0.12086818
/tmp/backbone_swap_panns_p7fs97_5/data/PhysioNet2022/training_data/85044_PV.wav,1.0,0.35454655
/tmp/backbone_swap_panns_p7fs97_5/data/PhysioNet2022/training_data/85048_AV.wav,1.0,0.23809569
/tmp/backbone_swap_panns_p7fs97_5/data/PhysioNet2022/training_data/85048_MV.wav,1.0,0.31424704
/tmp/backbone_swap_panns_p7fs97_5/data/PhysioNet2022/training_data/85048_PV.wav,1.0,0.18600293
/tmp/backbone_swap_panns_p7fs97_5/data/PhysioNet2022/training_data/85048_TV.wav,1.0,0.23265503
/tmp/backbone_swap_panns_p7fs97_5/data/PhysioNet2022/training_data/85075_AV.wav,1.0,0.2652301
/tmp/backbone_swap_panns_p7fs97_5/data/PhysioNet2022/training_data/85075_MV.wav,1.0,0.4923597
/tmp/backbone_swap_panns_p7fs97_5/data/PhysioNet2022/training_data/85075_PV.wav,1.0,0.49870032
/tmp/backbone_swap_panns_p7fs97_5/data/PhysioNet2022/training_data/85075_TV.wav,1.0,0.28767428
/tmp/backbone_swap_panns_p7fs97_5/data/PhysioNet2022/training_data/85076_MV.wav,1.0,0.23473646
/tmp/backbone_swap_panns_p7fs97_5/data/PhysioNet2022/training_data/85076_PV.wav,1.0,0.19906704
/tmp/backbone_swap_panns_p7fs97_5/data/PhysioNet2022/training_data/85084_AV.wav,1.0,0.15264158
/tmp/backbone_swap_panns_p7fs97_5/data/PhysioNet2022/training_data/85084_PV.wav,1.0,0.19645211
/tmp/backbone_swap_panns_p7fs97_5/data/PhysioNet2022/training_data/85084_TV.wav,1.0,0.2241758
/tmp/backbone_swap_panns_p7fs97_5/data/PhysioNet2022/training_data/85105_PV.wav,1.0,0.19337954
/tmp/backbone_swap_panns_p7fs97_5/data/PhysioNet2022/training_data/85105_TV.wav,1.0,0.2047058
/tmp/backbone_swap_panns_p7fs97_5/data/PhysioNet2022/training_data/85114_AV.wav,1.0,0.43250775
/tmp/backbone_swap_panns_p7fs97_5/data/PhysioNet2022/training_data/85114_MV.wav,1.0,0.5231442
/tmp/backbone_swap_panns_p7fs97_5/data/PhysioNet2022/training_data/85114_PV.wav,1.0,0.41611505
/tmp/backbone_swap_panns_p7fs97_5/data/PhysioNet2022/training_data/85114_TV.wav,1.0,0.3199483
/tmp/backbone_swap_panns_p7fs97_5/data/PhysioNet2022/training_data/85123_AV.wav,1.0,0.16122794
/tmp/backbone_swap_panns_p7fs97_5/data/PhysioNet2022/training_data/85123_MV.wav,1.0,0.315367
/tmp/backbone_swap_panns_p7fs97_5/data/PhysioNet2022/training_data/85123_PV.wav,1.0,0.49544448
/tmp/backbone_swap_panns_p7fs97_5/data/PhysioNet2022/training_data/85123_TV.wav,1.0,0.2642812
/tmp/backbone_swap_panns_p7fs97_5/data/PhysioNet2022/training_data/85124_AV.wav,1.0,0.07694429
/tmp/backbone_swap_panns_p7fs97_5/data/PhysioNet2022/training_data/85124_MV.wav,1.0,0.24628249
/tmp/backbone_swap_panns_p7fs97_5/data/PhysioNet2022/training_data/85124_PV.wav,1.0,0.23418806
/tmp/backbone_swap_panns_p7fs97_5/data/PhysioNet2022/training_data/85124_TV.wav,1.0,0.2121013
/tmp/backbone_swap_panns_p7fs97_5/data/PhysioNet2022/training_data/85128_AV.wav,1.0,0.15587391
/tmp/backbone_swap_panns_p7fs97_5/data/PhysioNet2022/training_data/85128_MV.wav,1.0,0.20553921
/tmp/backbone_swap_panns_p7fs97_5/data/PhysioNet2022/training_data/85128_PV.wav,1.0,0.478405
/tmp/backbone_swap_panns_p7fs97_5/data/PhysioNet2022/training_data/85128_TV.wav,1.0,0.4272176
/tmp/backbone_swap_panns_p7fs97_5/data/PhysioNet2022/training_data/85133_AV.wav,1.0,0.14072977
/tmp/backbone_swap_panns_p7fs97_5/data/PhysioNet2022/training_data/85133_MV.wav,1.0,0.24293573
/tmp/backbone_swap_panns_p7fs97_5/data/PhysioNet2022/training_data/85133_PV.wav,1.0,0.44520703
/tmp/backbone_swap_panns_p7fs97_5/data/PhysioNet2022/training_data/85133_TV.wav,1.0,0.45939994
/tmp/backbone_swap_panns_p7fs97_5/data/PhysioNet2022/training_data/85135_MV.wav,1.0,0.10179093
/tmp/backbone_swap_panns_p7fs97_5/data/PhysioNet2022/training_data/85135_PV.wav,1.0,0.29633123
/tmp/backbone_swap_panns_p7fs97_5/data/PhysioNet2022/training_data/85135_TV.wav,1.0,0.17997967
/tmp/backbone_swap_panns_p7fs97_5/data/PhysioNet2022/training_data/85136_AV.wav,1.0,0.18654543
/tmp/backbone_swap_panns_p7fs97_5/data/PhysioNet2022/training_data/85136_MV.wav,1.0,0.18287864
/tmp/backbone_swap_panns_p7fs97_5/data/PhysioNet2022/training_data/85136_PV.wav,1.0,0.2255871
/tmp/backbone_swap_panns_p7fs97_5/data/PhysioNet2022/training_data/85136_TV.wav,1.0,0.47475493
/tmp/backbone_swap_panns_p7fs97_5/data/PhysioNet2022/training_data/85140_AV.wav,1.0,0.25720727
/tmp/backbone_swap_panns_p7fs97_5/data/PhysioNet2022/training_data/85140_MV.wav,1.0,0.37354615
/tmp/backbone_swap_panns_p7fs97_5/data/PhysioNet2022/training_data/85140_PV.wav,1.0,0.16455233
/tmp/backbone_swap_panns_p7fs97_5/data/PhysioNet2022/training_data/85143_AV.wav,1.0,0.33286065
/tmp/backbone_swap_panns_p7fs97_5/data/PhysioNet2022/training_data/85143_MV.wav,1.0,0.21432906
/tmp/backbone_swap_panns_p7fs97_5/data/PhysioNet2022/training_data/85143_PV.wav,1.0,0.20083623
/tmp/backbone_swap_panns_p7fs97_5/data/PhysioNet2022/training_data/85143_TV.wav,1.0,0.17668174
/tmp/backbone_swap_panns_p7fs97_5/data/PhysioNet2022/training_data/85145_MV.wav,1.0,0.3984039
/tmp/backbone_swap_panns_p7fs97_5/data/PhysioNet2022/training_data/85148_AV.wav,1.0,0.19742572
/tmp/backbone_swap_panns_p7fs97_5/data/PhysioNet2022/training_data/85148_MV.wav,1.0,0.19486648
/tmp/backbone_swap_panns_p7fs97_5/data/PhysioNet2022/training_data/85148_PV.wav,1.0,0.75801796
/tmp/backbone_swap_panns_p7fs97_5/data/PhysioNet2022/training_data/85148_TV.wav,1.0,0.27012986
/tmp/backbone_swap_panns_p7fs97_5/data/PhysioNet2022/training_data/85151_AV.wav,1.0,0.2156918
/tmp/backbone_swap_panns_p7fs97_5/data/PhysioNet2022/training_data/85151_MV.wav,1.0,0.2976978
/tmp/backbone_swap_panns_p7fs97_5/data/PhysioNet2022/training_data/85151_PV.wav,1.0,0.08621158
/tmp/backbone_swap_panns_p7fs97_5/data/PhysioNet2022/training_data/85151_TV.wav,1.0,0.46335086
/tmp/backbone_swap_panns_p7fs97_5/data/PhysioNet2022/training_data/85155_AV.wav,1.0,0.33263797
/tmp/backbone_swap_panns_p7fs97_5/data/PhysioNet2022/training_data/85166_AV.wav,1.0,0.2479816
/tmp/backbone_swap_panns_p7fs97_5/data/PhysioNet2022/training_data/85166_MV.wav,1.0,0.33290035
/tmp/backbone_swap_panns_p7fs97_5/data/PhysioNet2022/training_data/85166_PV.wav,1.0,0.3512018
/tmp/backbone_swap_panns_p7fs97_5/data/PhysioNet2022/training_data/85166_TV.wav,1.0,0.23892775
/tmp/backbone_swap_panns_p7fs97_5/data/PhysioNet2022/training_data/85167_PV.wav,1.0,0.1681756
/tmp/backbone_swap_panns_p7fs97_5/data/PhysioNet2022/training_data/85167_TV.wav,1.0,0.19094153
/tmp/backbone_swap_panns_p7fs97_5/data/PhysioNet2022/training_data/85169_AV.wav,1.0,0.25559947
/tmp/backbone_swap_panns_p7fs97_5/data/PhysioNet2022/training_data/85169_MV.wav,1.0,0.17130296
/tmp/backbone_swap_panns_p7fs97_5/data/PhysioNet2022/training_data/85169_PV.wav,1.0,0.2133323
/tmp/backbone_swap_panns_p7fs97_5/data/PhysioNet2022/training_data/85169_TV.wav,1.0,0.21230118
/tmp/backbone_swap_panns_p7fs97_5/data/PhysioNet2022/training_data/85176_AV.wav,1.0,0.28937018
/tmp/backbone_swap_panns_p7fs97_5/data/PhysioNet2022/training_data/85176_MV.wav,1.0,0.27899477
/tmp/backbone_swap_panns_p7fs97_5/data/PhysioNet2022/training_data/85176_PV.wav,1.0,0.3010856
/tmp/backbone_swap_panns_p7fs97_5/data/PhysioNet2022/training_data/85176_TV.wav,1.0,0.44090402
/tmp/backbone_swap_panns_p7fs97_5/data/PhysioNet2022/training_data/85180_AV.wav,1.0,0.20529713
/tmp/backbone_swap_panns_p7fs97_5/data/PhysioNet2022/training_data/85180_MV.wav,1.0,0.1871033
/tmp/backbone_swap_panns_p7fs97_5/data/PhysioNet2022/training_data/85180_PV.wav,1.0,0.3131078
/tmp/backbone_swap_panns_p7fs97_5/data/PhysioNet2022/training_data/85180_TV.wav,1.0,0.20344467
/tmp/backbone_swap_panns_p7fs97_5/data/PhysioNet2022/training_data/85181_AV.wav,1.0,0.38649386
/tmp/backbone_swap_panns_p7fs97_5/data/PhysioNet2022/training_data/85181_PV.wav,1.0,0.32642388
/tmp/backbone_swap_panns_p7fs97_5/data/PhysioNet2022/training_data/85182_AV.wav,1.0,0.14602712
/tmp/backbone_swap_panns_p7fs97_5/data/PhysioNet2022/training_data/85182_MV.wav,1.0,0.58094734
/tmp/backbone_swap_panns_p7fs97_5/data/PhysioNet2022/training_data/85182_PV.wav,1.0,0.33523026
/tmp/backbone_swap_panns_p7fs97_5/data/PhysioNet2022/training_data/85182_TV.wav,1.0,0.26128826
/tmp/backbone_swap_panns_p7fs97_5/data/PhysioNet2022/training_data/85184_AV.wav,1.0,0.19106486
/tmp/backbone_swap_panns_p7fs97_5/data/PhysioNet2022/training_data/85184_MV.wav,1.0,0.2755769
/tmp/backbone_swap_panns_p7fs97_5/data/PhysioNet2022/training_data/85184_PV.wav,1.0,0.28429332
/tmp/backbone_swap_panns_p7fs97_5/data/PhysioNet2022/training_data/85184_TV.wav,1.0,0.33046094
/tmp/backbone_swap_panns_p7fs97_5/data/PhysioNet2022/training_data/85192_AV.wav,1.0,0.21991006
/tmp/backbone_swap_panns_p7fs97_5/data/PhysioNet2022/training_data/85192_MV.wav,1.0,0.4792726
/tmp/backbone_swap_panns_p7fs97_5/data/PhysioNet2022/training_data/85192_PV.wav,1.0,0.36450353
/tmp/backbone_swap_panns_p7fs97_5/data/PhysioNet2022/training_data/85192_TV.wav,1.0,0.32010743
/tmp/backbone_swap_panns_p7fs97_5/data/PhysioNet2022/training_data/85196_AV.wav,1.0,0.5798125
/tmp/backbone_swap_panns_p7fs97_5/data/PhysioNet2022/training_data/85196_MV.wav,1.0,0.3618051
/tmp/backbone_swap_panns_p7fs97_5/data/PhysioNet2022/training_data/85196_PV.wav,1.0,0.29952717
/tmp/backbone_swap_panns_p7fs97_5/data/PhysioNet2022/training_data/85196_TV.wav,1.0,0.4466791
/tmp/backbone_swap_panns_p7fs97_5/data/PhysioNet2022/training_data/85197_AV.wav,1.0,0.42934325
/tmp/backbone_swap_panns_p7fs97_5/data/PhysioNet2022/training_data/85197_MV.wav,1.0,0.2471403
/tmp/backbone_swap_panns_p7fs97_5/data/PhysioNet2022/training_data/85197_PV.wav,1.0,0.22837082
/tmp/backbone_swap_panns_p7fs97_5/data/PhysioNet2022/training_data/85197_TV.wav,1.0,0.32008806
/tmp/backbone_swap_panns_p7fs97_5/data/PhysioNet2022/training_data/85199_AV.wav,1.0,0.21842764
/tmp/backbone_swap_panns_p7fs97_5/data/PhysioNet2022/training_data/85199_PV.wav,1.0,0.36439168
/tmp/backbone_swap_panns_p7fs97_5/data/PhysioNet2022/training_data/85213_AV.wav,1.0,0.08791654
/tmp/backbone_swap_panns_p7fs97_5/data/PhysioNet2022/training_data/85213_MV.wav,1.0,0.732371
/tmp/backbone_swap_panns_p7fs97_5/data/PhysioNet2022/training_data/85213_PV.wav,1.0,0.13279055
/tmp/backbone_swap_panns_p7fs97_5/data/PhysioNet2022/training_data/85213_TV.wav,1.0,0.13266811
/tmp/backbone_swap_panns_p7fs97_5/data/PhysioNet2022/training_data/85214_AV.wav,1.0,0.15716273
/tmp/backbone_swap_panns_p7fs97_5/data/PhysioNet2022/training_data/85214_MV.wav,1.0,0.34096894
/tmp/backbone_swap_panns_p7fs97_5/data/PhysioNet2022/training_data/85214_PV.wav,1.0,0.23993224
/tmp/backbone_swap_panns_p7fs97_5/data/PhysioNet2022/training_data/85214_TV.wav,1.0,0.6480654
/tmp/backbone_swap_panns_p7fs97_5/data/PhysioNet2022/training_data/85222_AV.wav,1.0,0.42919087
/tmp/backbone_swap_panns_p7fs97_5/data/PhysioNet2022/training_data/85222_PV.wav,1.0,0.24551359
/tmp/backbone_swap_panns_p7fs97_5/data/PhysioNet2022/training_data/85222_TV.wav,1.0,0.402746
/tmp/backbone_swap_panns_p7fs97_5/data/PhysioNet2022/training_data/85225_AV.wav,1.0,0.13523154
/tmp/backbone_swap_panns_p7fs97_5/data/PhysioNet2022/training_data/85225_MV.wav,1.0,0.17316678
/tmp/backbone_swap_panns_p7fs97_5/data/PhysioNet2022/training_data/85225_PV.wav,1.0,0.68771267
/tmp/backbone_swap_panns_p7fs97_5/data/PhysioNet2022/training_data/85225_TV.wav,1.0,0.13953996
/tmp/backbone_swap_panns_p7fs97_5/data/PhysioNet2022/training_data/85226_MV.wav,1.0,0.1826162
/tmp/backbone_swap_panns_p7fs97_5/data/PhysioNet2022/training_data/85226_PV.wav,1.0,0.2400333
/tmp/backbone_swap_panns_p7fs97_5/data/PhysioNet2022/training_data/85226_TV.wav,1.0,0.35121408
/tmp/backbone_swap_panns_p7fs97_5/data/PhysioNet2022/training_data/85229_MV.wav,1.0,0.36061007
/tmp/backbone_swap_panns_p7fs97_5/data/PhysioNet2022/training_data/85229_PV.wav,1.0,0.04012644
/tmp/backbone_swap_panns_p7fs97_5/data/PhysioNet2022/training_data/85229_TV.wav,1.0,0.5286338
/tmp/backbone_swap_panns_p7fs97_5/data/PhysioNet2022/training_data/85235_AV.wav,1.0,0.56359804
/tmp/backbone_swap_panns_p7fs97_5/data/PhysioNet2022/training_data/85235_MV.wav,1.0,0.17553718
/tmp/backbone_swap_panns_p7fs97_5/data/PhysioNet2022/training_data/85235_PV.wav,1.0,0.22406238
/tmp/backbone_swap_panns_p7fs97_5/data/PhysioNet2022/training_data/85235_TV.wav,1.0,0.21941306
/tmp/backbone_swap_panns_p7fs97_5/data/PhysioNet2022/training_data/85241_AV.wav,1.0,0.21921997
/tmp/backbone_swap_panns_p7fs97_5/data/PhysioNet2022/training_data/85241_MV.wav,1.0,0.33431217
/tmp/backbone_swap_panns_p7fs97_5/data/PhysioNet2022/training_data/85241_PV.wav,1.0,0.16753641
/tmp/backbone_swap_panns_p7fs97_5/data/PhysioNet2022/training_data/85241_TV.wav,1.0,0.24277401
/tmp/backbone_swap_panns_p7fs97_5/data/PhysioNet2022/training_data/85242_MV.wav,1.0,0.28361923
/tmp/backbone_swap_panns_p7fs97_5/data/PhysioNet2022/training_data/85243_AV.wav,1.0,0.28577098
/tmp/backbone_swap_panns_p7fs97_5/data/PhysioNet2022/training_data/85243_PV.wav,1.0,0.30995888
/tmp/backbone_swap_panns_p7fs97_5/data/PhysioNet2022/training_data/85245_AV.wav,1.0,0.26320174
/tmp/backbone_swap_panns_p7fs97_5/data/PhysioNet2022/training_data/85245_PV.wav,1.0,0.3235722
/tmp/backbone_swap_panns_p7fs97_5/data/PhysioNet2022/training_data/85245_TV.wav,1.0,0.23664406
/tmp/backbone_swap_panns_p7fs97_5/data/PhysioNet2022/training_data/85246_AV.wav,1.0,0.3100801
/tmp/backbone_swap_panns_p7fs97_5/data/PhysioNet2022/training_data/85246_MV.wav,1.0,0.37783358
/tmp/backbone_swap_panns_p7fs97_5/data/PhysioNet2022/training_data/85246_PV.wav,1.0,0.2556342
/tmp/backbone_swap_panns_p7fs97_5/data/PhysioNet2022/training_data/85246_TV.wav,1.0,0.31285554
/tmp/backbone_swap_panns_p7fs97_5/data/PhysioNet2022/training_data/85249_AV.wav,1.0,0.30727044
/tmp/backbone_swap_panns_p7fs97_5/data/PhysioNet2022/training_data/85249_MV.wav,1.0,0.23084807
/tmp/backbone_swap_panns_p7fs97_5/data/PhysioNet2022/training_data/85249_PV.wav,1.0,0.19916505
/tmp/backbone_swap_panns_p7fs97_5/data/PhysioNet2022/training_data/85249_TV.wav,1.0,0.42797458
/tmp/backbone_swap_panns_p7fs97_5/data/PhysioNet2022/training_data/85261_AV.wav,1.0,0.34045628
/tmp/backbone_swap_panns_p7fs97_5/data/PhysioNet2022/training_data/85261_MV.wav,1.0,0.4183837
/tmp/backbone_swap_panns_p7fs97_5/data/PhysioNet2022/training_data/85261_PV.wav,1.0,0.51075333
/tmp/backbone_swap_panns_p7fs97_5/data/PhysioNet2022/training_data/85261_TV.wav,1.0,0.15537308
/tmp/backbone_swap_panns_p7fs97_5/data/PhysioNet2022/training_data/85262_AV.wav,1.0,0.15872711
/tmp/backbone_swap_panns_p7fs97_5/data/PhysioNet2022/training_data/85262_MV.wav,1.0,0.12337123
/tmp/backbone_swap_panns_p7fs97_5/data/PhysioNet2022/training_data/85262_PV.wav,1.0,0.4443918
/tmp/backbone_swap_panns_p7fs97_5/data/PhysioNet2022/training_data/85262_TV.wav,1.0,0.22923434
/tmp/backbone_swap_panns_p7fs97_5/data/PhysioNet2022/training_data/85265_AV.wav,1.0,0.461025
/tmp/backbone_swap_panns_p7fs97_5/data/PhysioNet2022/training_data/85265_MV.wav,1.0,0.15756144
/tmp/backbone_swap_panns_p7fs97_5/data/PhysioNet2022/training_data/85265_PV.wav,1.0,0.3566931
/tmp/backbone_swap_panns_p7fs97_5/data/PhysioNet2022/training_data/85265_TV.wav,1.0,0.26527023
/tmp/backbone_swap_panns_p7fs97_5/data/PhysioNet2022/training_data/85270_AV.wav,1.0,0.18582857
/tmp/backbone_swap_panns_p7fs97_5/data/PhysioNet2022/training_data/85270_MV.wav,1.0,0.32392627
/tmp/backbone_swap_panns_p7fs97_5/data/PhysioNet2022/training_data/85270_PV.wav,1.0,0.24214238
/tmp/backbone_swap_panns_p7fs97_5/data/PhysioNet2022/training_data/85270_TV.wav,1.0,0.2552553
/tmp/backbone_swap_panns_p7fs97_5/data/PhysioNet2022/training_data/85279_AV.wav,1.0,0.2919029
/tmp/backbone_swap_panns_p7fs97_5/data/PhysioNet2022/training_data/85279_MV.wav,1.0,0.30626062
/tmp/backbone_swap_panns_p7fs97_5/data/PhysioNet2022/training_data/85279_PV.wav,1.0,0.3189278
/tmp/backbone_swap_panns_p7fs97_5/data/PhysioNet2022/training_data/85279_TV.wav,1.0,0.43012822
/tmp/backbone_swap_panns_p7fs97_5/data/PhysioNet2022/training_data/85286_AV.wav,1.0,0.24137628
/tmp/backbone_swap_panns_p7fs97_5/data/PhysioNet2022/training_data/85286_MV.wav,1.0,0.14202917
/tmp/backbone_swap_panns_p7fs97_5/data/PhysioNet2022/training_data/85286_PV.wav,1.0,0.19228788
/tmp/backbone_swap_panns_p7fs97_5/data/PhysioNet2022/training_data/85286_TV.wav,1.0,0.24192801
/tmp/backbone_swap_panns_p7fs97_5/data/PhysioNet2022/training_data/85287_MV.wav,1.0,0.4196529
/tmp/backbone_swap_panns_p7fs97_5/data/PhysioNet2022/training_data/85287_PV.wav,1.0,0.26157773
/tmp/backbone_swap_panns_p7fs97_5/data/PhysioNet2022/training_data/85287_TV.wav,1.0,0.27007553
/tmp/backbone_swap_panns_p7fs97_5/data/PhysioNet2022/training_data/85288_AV.wav,1.0,0.1250802
/tmp/backbone_swap_panns_p7fs97_5/data/PhysioNet2022/training_data/85288_MV.wav,1.0,0.3600152
/tmp/backbone_swap_panns_p7fs97_5/data/PhysioNet2022/training_data/85288_PV.wav,1.0,0.22549178
/tmp/backbone_swap_panns_p7fs97_5/data/PhysioNet2022/training_data/85288_TV.wav,1.0,0.23520373
/tmp/backbone_swap_panns_p7fs97_5/data/PhysioNet2022/training_data/85313_MV.wav,1.0,0.25859588
/tmp/backbone_swap_panns_p7fs97_5/data/PhysioNet2022/training_data/85313_PV.wav,1.0,0.23094572
/tmp/backbone_swap_panns_p7fs97_5/data/PhysioNet2022/training_data/85313_TV.wav,1.0,0.13013405
/tmp/backbone_swap_panns_p7fs97_5/data/PhysioNet2022/training_data/85315_AV.wav,1.0,0.17323957
/tmp/backbone_swap_panns_p7fs97_5/data/PhysioNet2022/training_data/85315_MV.wav,1.0,0.4636419
/tmp/backbone_swap_panns_p7fs97_5/data/PhysioNet2022/training_data/85315_PV.wav,1.0,0.2720492
/tmp/backbone_swap_panns_p7fs97_5/data/PhysioNet2022/training_data/85315_TV.wav,1.0,0.26598108
/tmp/backbone_swap_panns_p7fs97_5/data/PhysioNet2022/training_data/85319_AV.wav,1.0,0.4835617
/tmp/backbone_swap_panns_p7fs97_5/data/PhysioNet2022/training_data/85319_MV.wav,1.0,0.17554638
/tmp/backbone_swap_panns_p7fs97_5/data/PhysioNet2022/training_data/85319_PV.wav,1.0,0.4728547
/tmp/backbone_swap_panns_p7fs97_5/data/PhysioNet2022/training_data/85319_TV.wav,1.0,0.20193762
/tmp/backbone_swap_panns_p7fs97_5/data/PhysioNet2022/training_data/85321_PV.wav,1.0,0.19982864
/tmp/backbone_swap_panns_p7fs97_5/data/PhysioNet2022/training_data/85321_TV.wav,1.0,0.4456633
/tmp/backbone_swap_panns_p7fs97_5/data/PhysioNet2022/training_data/85331_AV.wav,1.0,0.10973403
/tmp/backbone_swap_panns_p7fs97_5/data/PhysioNet2022/training_data/85331_MV.wav,1.0,0.21722963
/tmp/backbone_swap_panns_p7fs97_5/data/PhysioNet2022/training_data/85331_PV.wav,1.0,0.30292317
/tmp/backbone_swap_panns_p7fs97_5/data/PhysioNet2022/training_data/85331_TV.wav,1.0,0.35787162
/tmp/backbone_swap_panns_p7fs97_5/data/PhysioNet2022/training_data/85336_AV.wav,1.0,0.20690322
/tmp/backbone_swap_panns_p7fs97_5/data/PhysioNet2022/training_data/85336_MV.wav,1.0,0.21286388
/tmp/backbone_swap_panns_p7fs97_5/data/PhysioNet2022/training_data/85338_AV.wav,1.0,0.18688676
/tmp/backbone_swap_panns_p7fs97_5/data/PhysioNet2022/training_data/85338_MV.wav,1.0,0.25132138
/tmp/backbone_swap_panns_p7fs97_5/data/PhysioNet2022/training_data/85338_PV.wav,1.0,0.18947186
/tmp/backbone_swap_panns_p7fs97_5/data/PhysioNet2022/training_data/85338_TV.wav,1.0,0.22322975
/tmp/backbone_swap_panns_p7fs97_5/data/PhysioNet2022/training_data/85341_AV.wav,1.0,0.10867599
/tmp/backbone_swap_panns_p7fs97_5/data/PhysioNet2022/training_data/85341_MV.wav,1.0,0.2119272
/tmp/backbone_swap_panns_p7fs97_5/data/PhysioNet2022/training_data/85341_PV.wav,1.0,0.23056133
/tmp/backbone_swap_panns_p7fs97_5/data/PhysioNet2022/training_data/85341_TV.wav,1.0,0.3061311
/tmp/backbone_swap_panns_p7fs97_5/data/PhysioNet2022/training_data/85343_AV.wav,1.0,0.19489129
/tmp/backbone_swap_panns_p7fs97_5/data/PhysioNet2022/training_data/85343_MV.wav,1.0,0.37857422
/tmp/backbone_swap_panns_p7fs97_5/data/PhysioNet2022/training_data/85343_PV.wav,1.0,0.31779024
/tmp/backbone_swap_panns_p7fs97_5/data/PhysioNet2022/training_data/85343_TV.wav,1.0,0.47568068
noise,0.0,0.21067339
noise,0.0,0.24085468
noise,0.0,0.24471611
noise,0.0,0.1577067
noise,0.0,0.19427416
noise,0.0,0.22721316
noise,0.0,0.72649956
noise,0.0,0.16593294
noise,0.0,0.44097158
noise,0.0,0.5775921
noise,0.0,0.1632027
noise,0.0,0.3476232
noise,0.0,0.28265628
noise,0.0,0.4225885
noise,0.0,0.29831293
noise,0.0,0.22665052
noise,0.0,0.21783167
noise,0.0,0.14938456
noise,0.0,0.16524643
noise,0.0,0.16735817
noise,0.0,0.4170785
noise,0.0,0.2318513
noise,0.0,0.2735416
noise,0.0,0.28941494
noise,0.0,0.41329455
noise,0.0,0.26143464
noise,0.0,0.31823745
noise,0.0,0.23426887
noise,0.0,0.16000782
noise,0.0,0.24078383
noise,0.0,0.27404535
noise,0.0,0.19128743
noise,0.0,0.32410035
noise,0.0,0.45403132
noise,0.0,0.4831401
noise,0.0,0.28233358
noise,0.0,0.15689263
noise,0.0,0.3381077
noise,0.0,0.3518518
noise,0.0,0.1920003
noise,0.0,0.36996922
noise,0.0,0.41556534
noise,0.0,0.22356378
noise,0.0,0.62226707
noise,0.0,0.45597184
noise,0.0,0.13584723
noise,0.0,0.13166681
noise,0.0,0.29208443
noise,0.0,0.17840236
noise,0.0,0.1181413
noise,0.0,0.29562914
noise,0.0,0.38251352
noise,0.0,0.1595337
noise,0.0,0.25424713
noise,0.0,0.36897746
noise,0.0,0.4258603
noise,0.0,0.40087235
noise,0.0,0.34534532
noise,0.0,0.28932145
noise,0.0,0.4225885
noise,0.0,0.2096275
noise,0.0,0.08099713
noise,0.0,0.19367026
noise,0.0,0.14113095
noise,0.0,0.34412983
noise,0.0,0.12702899
noise,0.0,0.19331436
noise,0.0,0.3338782
noise,0.0,0.31147856
noise,0.0,0.46771193
noise,0.0,0.3936221
noise,0.0,0.2046414
noise,0.0,0.10392718
noise,0.0,0.24664202
noise,0.0,0.28770497
noise,0.0,0.21630286
noise,0.0,0.1815611
noise,0.0,0.1956726
noise,0.0,0.42723653
noise,0.0,0.23483782
noise,0.0,0.27622232
noise,0.0,0.40180698
noise,0.0,0.2668013
noise,0.0,0.45531732
noise,0.0,0.29079616
noise,0.0,0.17336926
noise,0.0,0.34662423
noise,0.0,0.15926746
noise,0.0,0.28270394
noise,0.0,0.11013575
noise,0.0,0.22512935
noise,0.0,0.13604884
noise,0.0,0.4485972
noise,0.0,0.39456284
noise,0.0,0.0304801
noise,0.0,0.29501006
noise,0.0,0.19050239
noise,0.0,0.14149058
noise,0.0,0.4638272
noise,0.0,0.2288906
noise,0.0,0.34233353
noise,0.0,0.17982255
noise,0.0,0.23206827
noise,0.0,0.19451116
noise,0.0,0.38884574
noise,0.0,0.36860114
noise,0.0,0.29534033
noise,0.0,0.20565826
noise,0.0,0.3054551
noise,0.0,0.20354007
noise,0.0,0.19054602
noise,0.0,0.2583195
noise,0.0,0.20997438
noise,0.0,0.20974927
noise,0.0,0.21802102
noise,0.0,0.2250009
noise,0.0,0.0872692
noise,0.0,0.24289314
noise,0.0,0.73960245
noise,0.0,0.16065748
noise,0.0,0.13939711
noise,0.0,0.18395625
noise,0.0,0.44602916
noise,0.0,0.304246
noise,0.0,0.16453499
noise,0.0,0.30678642
noise,0.0,0.19970225
noise,0.0,0.18985572
noise,0.0,0.17707998
noise,0.0,0.46820855
noise,0.0,0.45752373
noise,0.0,0.14135483
noise,0.0,0.30399042
noise,0.0,0.18399592
noise,0.0,0.6433218
noise,0.0,0.19177985
noise,0.0,0.13424452
noise,0.0,0.21840005
noise,0.0,0.18581128
noise,0.0,0.4137157
noise,0.0,0.22098438
noise,0.0,0.25415325
noise,0.0,0.1567271
noise,0.0,0.26406798
noise,0.0,0.0924195
noise,0.0,0.15372282
noise,0.0,0.77128625
noise,0.0,0.2199853
noise,0.0,0.16030467
noise,0.0,0.3217108
noise,0.0,0.58638823
noise,0.0,0.35164547
noise,0.0,0.11751877
noise,0.0,0.17342725
noise,0.0,0.18298869
noise,0.0,0.1842562
noise,0.0,0.21357453
noise,0.0,0.4124135
noise,0.0,0.027716612
noise,0.0,0.49251452
noise,0.0,0.41084045
noise,0.0,0.24580792
noise,0.0,0.40662852
noise,0.0,0.16946378
noise,0.0,0.64490694
noise,0.0,0.33045566
noise,0.0,0.29182673
noise,0.0,0.34337744
noise,0.0,0.2583195
noise,0.0,0.19156232
noise,0.0,0.44203106
noise,0.0,0.16681716
noise,0.0,0.5178946
noise,0.0,0.25723234
noise,0.0,0.3718039
noise,0.0,0.21812351
noise,0.0,0.25335795
noise,0.0,0.24357647
noise,0.0,0.23665859
noise,0.0,0.2676448
noise,0.0,0.36075568
noise,0.0,0.2911255
noise,0.0,0.4045026
noise,0.0,0.5151197
noise,0.0,0.10404965
noise,0.0,0.32352284
noise,0.0,0.33821192
noise,0.0,0.1996676
noise,0.0,0.4859011
noise,0.0,0.14911504
noise,0.0,0.17611744
noise,0.0,0.2216407
noise,0.0,0.31010786
noise,0.0,0.14743677
noise,0.0,0.22517437
noise,0.0,0.27891678
noise,0.0,0.27836052
noise,0.0,0.2655458
noise,0.0,0.20585266
noise,0.0,0.47705805
noise,0.0,0.1620722
noise,0.0,0.29525873
noise,0.0,0.19111654
noise,0.0,0.21240811
noise,0.0,0.12403412
noise,0.0,0.28160116
noise,0.0,0.22299187
noise,0.0,0.14525712
noise,0.0,0.23297216
noise,0.0,0.1316189
noise,0.0,0.17855649
noise,0.0,0.42153367
noise,0.0,0.32270458
noise,0.0,0.10692088
noise,0.0,0.21117212
noise,0.0,0.17778276
noise,0.0,0.30782747
noise,0.0,0.5905747
noise,0.0,0.69763374
noise,0.0,0.39598942
noise,0.0,0.15362692
noise,0.0,0.22518827
noise,0.0,0.21282615
noise,0.0,0.34871033
noise,0.0,0.16890766
noise,0.0,0.33022133
noise,0.0,0.1779962
noise,0.0,0.25743732
noise,0.0,0.7278679
noise,0.0,0.20021878
noise,0.0,0.19604766
noise,0.0,0.5698151
noise,0.0,0.18013316
noise,0.0,0.5167899
noise,0.0,0.3034188
noise,0.0,0.28596157
noise,0.0,0.22189952
noise,0.0,0.247472
noise,0.0,0.16320422
noise,0.0,0.14239082
noise,0.0,0.14531781
noise,0.0,0.2211224
noise,0.0,0.13645928
noise,0.0,0.08684155
noise,0.0,0.15643947
noise,0.0,0.17169873
noise,0.0,0.23591691
noise,0.0,0.18549995
noise,0.0,0.7561394
noise,0.0,0.22244471
noise,0.0,0.1729738
noise,0.0,0.09927465
noise,0.0,0.17542742
noise,0.0,0.20927839
noise,0.0,0.458216
noise,0.0,0.2361949
noise,0.0,0.54701626
noise,0.0,0.368528
noise,0.0,0.24542886
noise,0.0,0.24205936
noise,0.0,0.2320102
noise,0.0,0.5405669
noise,0.0,0.45489186
noise,0.0,0.30333695
noise,0.0,0.5848929
noise,0.0,0.58757424
noise,0.0,0.22823973
noise,0.0,0.37819153
noise,0.0,0.32673803
noise,0.0,0.3972532
noise,0.0,0.5827917
noise,0.0,0.45344803
noise,0.0,0.16041172
noise,0.0,0.1623635
noise,0.0,0.3117235
noise,0.0,0.18233842
noise,0.0,0.31235835
noise,0.0,0.08674183
noise,0.0,0.382974
noise,0.0,0.3157569
noise,0.0,0.41552454
noise,0.0,0.2943511
noise,0.0,0.18060741
noise,0.0,0.20088625
noise,0.0,0.17190568
noise,0.0,0.19036745
noise,0.0,0.35740602
noise,0.0,0.33271033
noise,0.0,0.14217632
noise,0.0,0.24533
noise,0.0,0.5152528
noise,0.0,0.23028436
noise,0.0,0.27543244
noise,0.0,0.051668264
noise,0.0,0.264929
noise,0.0,0.24066053
noise,0.0,0.24500221
noise,0.0,0.47741678
noise,0.0,0.3506756
noise,0.0,0.09652778
noise,0.0,0.32344127
noise,0.0,0.36089763
noise,0.0,0.22724172
noise,0.0,0.35698998
noise,0.0,0.2923513
noise,0.0,0.4681539
noise,0.0,0.4019534
noise,0.0,0.2470185
noise,0.0,0.40864003
noise,0.0,0.098862275
noise,0.0,0.16909353
noise,0.0,0.44717062
noise,0.0,0.21079491
noise,0.0,0.12507844
noise,0.0,0.21551304
noise,0.0,0.4228055
noise,0.0,0.31921306
noise,0.0,0.23736629
noise,0.0,0.09850662
noise,0.0,0.3979288
noise,0.0,0.29428205
noise,0.0,0.33038914
noise,0.0,0.21300636
noise,0.0,0.50220215
noise,0.0,0.28752482
noise,0.0,0.31405053
noise,0.0,0.6067447
noise,0.0,0.23005696
noise,0.0,0.3683305
noise,0.0,0.220795
noise,0.0,0.22570439
noise,0.0,0.19339688
noise,0.0,0.17004776
noise,0.0,0.14164503
noise,0.0,0.16583641
noise,0.0,0.33522946
noise,0.0,0.22719836
noise,0.0,0.19755733
noise,0.0,0.27268156
noise,0.0,0.17739451
noise,0.0,0.5583558
noise,0.0,0.22930485
noise,0.0,0.14470765
noise,0.0,0.43293038
noise,0.0,0.4502826
noise,0.0,0.17092866
noise,0.0,0.23215657
noise,0.0,0.1785983
noise,0.0,0.40467733
noise,0.0,0.21953392
noise,0.0,0.43995395
noise,0.0,0.37892798
noise,0.0,0.6133694
noise,0.0,0.10240021
noise,0.0,0.46189132
noise,0.0,0.11359907
noise,0.0,0.53486276
noise,0.0,0.087830395
noise,0.0,0.19358705
noise,0.0,0.30901173
noise,0.0,0.48894534
noise,0.0,0.23270622
noise,0.0,0.15063709
noise,0.0,0.4631494
noise,0.0,0.19211598
noise,0.0,0.40386528
noise,0.0,0.31616217
noise,0.0,0.21185057
noise,0.0,0.37159964
noise,0.0,0.25653994
noise,0.0,0.76189756
noise,0.0,0.124624774
noise,0.0,0.1844739
noise,0.0,0.22874512
noise,0.0,0.53675526
noise,0.0,0.36859238
noise,0.0,0.16181424
noise,0.0,0.20742989
noise,0.0,0.19209924
noise,0.0,0.26432717
noise,0.0,0.32218143
noise,0.0,0.20090438
noise,0.0,0.41007975
noise,0.0,0.38142416
noise,0.0,0.48331553
noise,0.0,0.20508057
noise,0.0,0.15265198
noise,0.0,0.3212411
noise,0.0,0.27612966
noise,0.0,0.14893153
noise,0.0,0.18400274
noise,0.0,0.047190033
noise,0.0,0.19168644
noise,0.0,0.11207383
noise,0.0,0.4033983
noise,0.0,0.10197227
noise,0.0,0.23179547
noise,0.0,0.3957739
noise,0.0,0.36225542
noise,0.0,0.6162257
noise,0.0,0.3381825
noise,0.0,0.1191648
noise,0.0,0.20835058
noise,0.0,0.109455094
noise,0.0,0.14276499
noise,0.0,0.23945405
noise,0.0,0.3698356
noise,0.0,0.41885924
noise,0.0,0.28746557
noise,0.0,0.2061575
noise,0.0,0.1115072
noise,0.0,0.21832281
noise,0.0,0.1434231
noise,0.0,0.12217791
noise,0.0,0.17993689
noise,0.0,0.22903138
noise,0.0,0.2156742
noise,0.0,0.18298554
noise,0.0,0.33113918
noise,0.0,0.45920083
noise,0.0,0.22833796
noise,0.0,0.15111065
noise,0.0,0.26496616
noise,0.0,0.1365189
noise,0.0,0.25071496
noise,0.0,0.36931905
noise,0.0,0.316168
noise,0.0,0.6372493
noise,0.0,0.27876458
noise,0.0,0.34098196
noise,0.0,0.23319168
noise,0.0,0.24043307
noise,0.0,0.2525394
noise,0.0,0.15072319
noise,0.0,0.23695849
noise,0.0,0.2681562
noise,0.0,0.23153563
noise,0.0,0.20520528
noise,0.0,0.6918032
noise,0.0,0.13762873
noise,0.0,0.35756317
noise,0.0,0.28167963
noise,0.0,0.67130107
noise,0.0,0.1603573
noise,0.0,0.2173989
noise,0.0,0.30792275
noise,0.0,0.4589617
noise,0.0,0.43967268
noise,0.0,0.5813528
noise,0.0,0.3317969
noise,0.0,0.3204355
noise,0.0,0.32188952
noise,0.0,0.49354577
noise,0.0,0.2689568
noise,0.0,0.32765093
noise,0.0,0.28326178
noise,0.0,0.19367026
noise,0.0,0.13596982
noise,0.0,0.25584096
noise,0.0,0.31160367
noise,0.0,0.17955367
noise,0.0,0.16866222
noise,0.0,0.5082708
noise,0.0,0.15080903
noise,0.0,0.15083592
noise,0.0,0.40173137
noise,0.0,0.16031988
noise,0.0,0.28500926
noise,0.0,0.2690886
noise,0.0,0.13171136
noise,0.0,0.53710085
noise,0.0,0.22999702
noise,0.0,0.31620783
noise,0.0,0.16286308
noise,0.0,0.25034514
noise,0.0,0.47569913
noise,0.0,0.45084044
noise,0.0,0.4090724
noise,0.0,0.28894618
noise,0.0,0.30388802
noise,0.0,0.44983724
noise,0.0,0.6959544
noise,0.0,0.08289609
noise,0.0,0.20635821
noise,0.0,0.15143974
noise,0.0,0.22361049
noise,0.0,0.24524666
noise,0.0,0.17409411
noise,0.0,0.251621
noise,0.0,0.25383696
noise,0.0,0.23060785
noise,0.0,0.3150465
noise,0.0,0.29190361
noise,0.0,0.13408285
noise,0.0,0.16410796
noise,0.0,0.7355002
noise,0.0,0.22859372
noise,0.0,0.3389076
noise,0.0,0.5815322
noise,0.0,0.21247193
noise,0.0,0.26657942
noise,0.0,0.3018937
noise,0.0,0.1744836
noise,0.0,0.24948789
noise,0.0,0.29899344
noise,0.0,0.22595692
noise,0.0,0.17272897
noise,0.0,0.17750084
noise,0.0,0.29833463
noise,0.0,0.34270504
noise,0.0,0.3266973
noise,0.0,0.20919168
noise,0.0,0.13533835
noise,0.0,0.2649667
noise,0.0,0.37506044
noise,0.0,0.35091427
noise,0.0,0.45777157
noise,0.0,0.16243926
noise,0.0,0.24012749
noise,0.0,0.26977178
noise,0.0,0.31268337
noise,0.0,0.23262592
noise,0.0,0.1795399
noise,0.0,0.40631017
noise,0.0,0.28111732
noise,0.0,0.109333724
noise,0.0,0.32704738
noise,0.0,0.3651407
noise,0.0,0.21547604
noise,0.0,0.33732077
noise,0.0,0.35333577
noise,0.0,0.36703402
noise,0.0,0.2893362
noise,0.0,0.8381371
noise,0.0,0.14922988
noise,0.0,0.1721868
noise,0.0,0.62226707
noise,0.0,0.373385
noise,0.0,0.14438862
noise,0.0,0.16007401
noise,0.0,0.29425865
noise,0.0,0.2969931
noise,0.0,0.20113668
noise,0.0,0.17320529
noise,0.0,0.27632827
noise,0.0,0.32356605
noise,0.0,0.22468527
noise,0.0,0.35809243
noise,0.0,0.13441397
noise,0.0,0.20822117
noise,0.0,0.13959782
noise,0.0,0.216305
noise,0.0,0.28855082
noise,0.0,0.3197982
noise,0.0,0.25199887
noise,0.0,0.076173276
noise,0.0,0.48554188
noise,0.0,0.14717229
noise,0.0,0.29141217
noise,0.0,0.41204953
noise,0.0,0.6650226
noise,0.0,0.34616235
noise,0.0,0.20751122
noise,0.0,0.39128006
noise,0.0,0.2393177
noise,0.0,0.12954138
noise,0.0,0.113148525
noise,0.0,0.3074631
noise,0.0,0.13499483
noise,0.0,0.2914142
noise,0.0,0.5488395
noise,0.0,0.4596749
noise,0.0,0.30367345
noise,0.0,0.55484945
noise,0.0,0.32765093
noise,0.0,0.34043878
noise,0.0,0.40547854
noise,0.0,0.1754785
noise,0.0,0.5273524
noise,0.0,0.5429518
noise,0.0,0.31533062
noise,0.0,0.25748917
noise,0.0,0.20665306
noise,0.0,0.31542432
noise,0.0,0.28143173
noise,0.0,0.34266695
noise,0.0,0.24803238
noise,0.0,0.18587075
noise,0.0,0.211038
noise,0.0,0.29261738
noise,0.0,0.094846986
noise,0.0,0.2584894
noise,0.0,0.27846384
noise,0.0,0.40878937
noise,0.0,0.29022747
noise,0.0,0.24158895
noise,0.0,0.46678302
noise,0.0,0.41648662
noise,0.0,0.145899
noise,0.0,0.40406573
noise,0.0,0.27182007
noise,0.0,0.11416355
noise,0.0,0.35047075
noise,0.0,0.13009128
noise,0.0,0.25530228
noise,0.0,0.19465466
noise,0.0,0.2734012
noise,0.0,0.33500856
noise,0.0,0.16355883
noise,0.0,0.4604447
noise,0.0,0.23665902
noise,0.0,0.2728907
noise,0.0,0.10673031
noise,0.0,0.21721962
noise,0.0,0.28723922
noise,0.0,0.18166731
noise,0.0,0.09964486
noise,0.0,0.4221503
noise,0.0,0.33124807
noise,0.0,0.16371647
noise,0.0,0.39472196
noise,0.0,0.22903244
noise,0.0,0.23306894
noise,0.0,0.40278968
noise,0.0,0.305846
noise,0.0,0.50791216
noise,0.0,0.19261882
noise,0.0,0.33902982
noise,0.0,0.2670462
noise,0.0,0.3649847
noise,0.0,0.16169831
noise,0.0,0.10893944
noise,0.0,0.26228008
noise,0.0,0.18792056
noise,0.0,0.422447
noise,0.0,0.19938229
noise,0.0,0.32573828
noise,0.0,0.2316706
noise,0.0,0.23759115
noise,0.0,0.22547711
noise,0.0,0.2222258
noise,0.0,0.6836949
noise,0.0,0.31084603
noise,0.0,0.25888705
noise,0.0,0.15340124
noise,0.0,0.3294338
noise,0.0,0.21435298
noise,0.0,0.52260774
noise,0.0,0.30885348
noise,0.0,0.21722515
noise,0.0,0.3773993
noise,0.0,0.1568223
noise,0.0,0.2480836
noise,0.0,0.2446345
noise,0.0,0.18510146
noise,0.0,0.12035549
noise,0.0,0.11158107
noise,0.0,0.23383252
noise,0.0,0.40228146
noise,0.0,0.3374138
noise,0.0,0.31435907
noise,0.0,0.28935683
noise,0.0,0.1277749
noise,0.0,0.39814523
noise,0.0,0.07123395
noise,0.0,0.25968134
noise,0.0,0.24313937
noise,0.0,0.43370384
noise,0.0,0.28554258
noise,0.0,0.21641368
noise,0.0,0.3894811
noise,0.0,0.16304454
noise,0.0,0.09798452
noise,0.0,0.15189151
noise,0.0,0.47091445
noise,0.0,0.2824024
noise,0.0,0.21059933
noise,0.0,0.30544984
noise,0.0,0.28990987
noise,0.0,0.37923717
noise,0.0,0.395074
noise,0.0,0.17721587
noise,0.0,0.37213522
noise,0.0,0.1342589
noise,0.0,0.19929774
noise,0.0,0.3473656
noise,0.0,0.344112
noise,0.0,0.064767264
noise,0.0,0.18157107
noise,0.0,0.17354034
noise,0.0,0.2453187
noise,0.0,0.20585282
noise,0.0,0.093182914
noise,0.0,0.21932785
noise,0.0,0.18830007
noise,0.0,0.19810538
noise,0.0,0.37407354
noise,0.0,0.08936384
noise,0.0,0.41871464
noise,0.0,0.46325475
noise,0.0,0.25025225
noise,0.0,0.17979373
noise,0.0,0.20406495
noise,0.0,0.277529
noise,0.0,0.23542544
noise,0.0,0.29559582
noise,0.0,0.5024997
noise,0.0,0.58939385
noise,0.0,0.16436814
noise,0.0,0.18474598
noise,0.0,0.31024036
noise,0.0,0.28897643
noise,0.0,0.10751274
noise,0.0,0.31270245
noise,0.0,0.09764008
noise,0.0,0.21534652
noise,0.0,0.23766239
noise,0.0,0.4126998
noise,0.0,0.4251341
noise,0.0,0.47710016
noise,0.0,0.26660767
noise,0.0,0.19794703
noise,0.0,0.12010321
noise,0.0,0.15599325
noise,0.0,0.12863581
noise,0.0,0.3193168
noise,0.0,0.4644215
noise,0.0,0.277345
noise,0.0,0.16007222
noise,0.0,0.24904744
noise,0.0,0.13723876
noise,0.0,0.1346897
noise,0.0,0.24671535
noise,0.0,0.21009038
noise,0.0,0.7010537
noise,0.0,0.17623848
noise,0.0,0.38179177
noise,0.0,0.3753891
noise,0.0,0.2542985
noise,0.0,0.24699461
noise,0.0,0.49783275
noise,0.0,0.17374781
noise,0.0,0.33205402
noise,0.0,0.14114235
noise,0.0,0.17320529
noise,0.0,0.1479262
noise,0.0,0.32376185
noise,0.0,0.42533556
noise,0.0,0.33712897
noise,0.0,0.28522193
noise,0.0,0.2493128
noise,0.0,0.39383453
noise,0.0,0.317144
noise,0.0,0.55644095
noise,0.0,0.25032026
noise,0.0,0.088415086
noise,0.0,0.26284072
noise,0.0,0.0700957
noise,0.0,0.31870946
noise,0.0,0.1684026
noise,0.0,0.46208328
noise,0.0,0.093182914
noise,0.0,0.13922161
noise,0.0,0.2756522
noise,0.0,0.24269494
noise,0.0,0.22937211
noise,0.0,0.27293757
noise,0.0,0.258483
noise,0.0,0.2974813
noise,0.0,0.18119551
noise,0.0,0.5010843
noise,0.0,0.21863407
noise,0.0,0.24700466
noise,0.0,0.18728307
noise,0.0,0.26668346
noise,0.0,0.3504405
noise,0.0,0.15059292
noise,0.0,0.15495487
noise,0.0,0.28878364
noise,0.0,0.7265559
noise,0.0,0.2021185
noise,0.0,0.23087473
noise,0.0,0.2977885
noise,0.0,0.24882774
noise,0.0,0.16138043
noise,0.0,0.22330563
noise,0.0,0.21345797
noise,0.0,0.14925127
noise,0.0,0.442404
noise,0.0,0.4385057
noise,0.0,0.120243415
noise,0.0,0.29049072
noise,0.0,0.4117553
noise,0.0,0.24269272
noise,0.0,0.17562711
noise,0.0,0.21996066
noise,0.0,0.13423456
noise,0.0,0.30356416
noise,0.0,0.16907136
noise,0.0,0.27233133
noise,0.0,0.3831981
noise,0.0,0.1942705
noise,0.0,0.3570143
noise,0.0,0.42450303
noise,0.0,0.09149806
noise,0.0,0.30639985
noise,0.0,0.30968887
noise,0.0,0.29227757
noise,0.0,0.32836968
noise,0.0,0.5122566
noise,0.0,0.20871745
noise,0.0,0.46505454
noise,0.0,0.11531586
noise,0.0,0.49401924
noise,0.0,0.5410087
noise,0.0,0.34312546
noise,0.0,0.33062
noise,0.0,0.24492034
noise,0.0,0.23513857
noise,0.0,0.2879618
noise,0.0,0.3211393
noise,0.0,0.2739737
noise,0.0,0.26718986
noise,0.0,0.24434352
noise,0.0,0.3714709
noise,0.0,0.07292045
noise,0.0,0.59328306
noise,0.0,0.24688211
noise,0.0,0.12759309
noise,0.0,0.18010738
noise,0.0,0.123965636
noise,0.0,0.1989228
noise,0.0,0.0980971
noise,0.0,0.15512833
noise,0.0,0.40303046
noise,0.0,0.2897
noise,0.0,0.14711644
noise,0.0,0.31616402
noise,0.0,0.4885906
noise,0.0,0.18243058
noise,0.0,0.22131643
noise,0.0,0.38567847
noise,0.0,0.15404119
noise,0.0,0.20774223
noise,0.0,0.33759815
noise,0.0,0.26521012
noise,0.0,0.36585355
noise,0.0,0.36030835
noise,0.0,0.24204959
noise,0.0,0.1549651
noise,0.0,0.10560132
noise,0.0,0.82059973
noise,0.0,0.3900129
noise,0.0,0.29082215
noise,0.0,0.33599365
noise,0.0,0.43431097
noise,0.0,0.31938785
noise,0.0,0.15432245
noise,0.0,0.12553538
noise,0.0,0.3763335
noise,0.0,0.25865927
noise,0.0,0.119422674
noise,0.0,0.39752823
noise,0.0,0.1725211
noise,0.0,0.24789514
noise,0.0,0.30478108
noise,0.0,0.23868671
noise,0.0,0.4056509
noise,0.0,0.24581103
noise,0.0,0.27974144
noise,0.0,0.14986926
noise,0.0,0.27441233
noise,0.0,0.28362426
noise,0.0,0.32501718
noise,0.0,0.316919
noise,0.0,0.38086897
noise,0.0,0.06885189
noise,0.0,0.20155784
noise,0.0,0.4136529
noise,0.0,0.21065438
noise,0.0,0.47481048
noise,0.0,0.16914049
noise,0.0,0.52320516
noise,0.0,0.42478386
noise,0.0,0.34565195
noise,0.0,0.72060406
noise,0.0,0.18183108
noise,0.0,0.1787243
noise,0.0,0.27670434
noise,0.0,0.28919253
noise,0.0,0.2403769
noise,0.0,0.38452125
noise,0.0,0.41928825
noise,0.0,0.19147345
noise,0.0,0.1891973
noise,0.0,0.15238631
noise,0.0,0.20900373
noise,0.0,0.37220687
noise,0.0,0.25555345
noise,0.0,0.37743068
noise,0.0,0.3409583
noise,0.0,0.38985267
noise,0.0,0.30301937
noise,0.0,0.20488736
noise,0.0,0.66859376
noise,0.0,0.2072822
noise,0.0,0.12620741
noise,0.0,0.20114231
noise,0.0,0.40644357
noise,0.0,0.42594406
noise,0.0,0.11121639
noise,0.0,0.54209995
noise,0.0,0.3339547
noise,0.0,0.3598899
noise,0.0,0.21366641
noise,0.0,0.43389553
noise,0.0,0.21789941
noise,0.0,0.32261908
noise,0.0,0.2850616
noise,0.0,0.19623992
noise,0.0,0.33129656
noise,0.0,0.4469057
noise,0.0,0.16281131
noise,0.0,0.29804954
noise,0.0,0.18889406
noise,0.0,0.19272988
noise,0.0,0.27649882
noise,0.0,0.3045738
noise,0.0,0.4115304
noise,0.0,0.20625421
noise,0.0,0.31741062
noise,0.0,0.37532842
noise,0.0,0.3159006
noise,0.0,0.20608225
noise,0.0,0.3274569
noise,0.0,0.18647543
noise,0.0,0.29068378
noise,0.0,0.20692392
noise,0.0,0.20050827
noise,0.0,0.2902859
noise,0.0,0.21990779
noise,0.0,0.27085552
noise,0.0,0.10500279
noise,0.0,0.19553025
noise,0.0,0.09584596
noise,0.0,0.4667668
noise,0.0,0.3609541
noise,0.0,0.07152825
noise,0.0,0.5761259
noise,0.0,0.29400462
noise,0.0,0.1074986
noise,0.0,0.29343343
noise,0.0,0.2993374
noise,0.0,0.23151186
noise,0.0,0.19651435
noise,0.0,0.4680327
noise,0.0,0.24228291
noise,0.0,0.18123485
noise,0.0,0.2596804
noise,0.0,0.29307362
noise,0.0,0.34530124
noise,0.0,0.30602565
noise,0.0,0.7521897
noise,0.0,0.2941725
noise,0.0,0.24800341
noise,0.0,0.22582282
noise,0.0,0.76802623
noise,0.0,0.32397506
noise,0.0,0.3011142
noise,0.0,0.18222791
noise,0.0,0.19331619
noise,0.0,0.22354518
noise,0.0,0.4289896
noise,0.0,0.30916557
noise,0.0,0.2306499
noise,0.0,0.14086497
noise,0.0,0.37244442
noise,0.0,0.29360646
noise,0.0,0.18595025
noise,0.0,0.14284673
noise,0.0,0.16077529
noise,0.0,0.18332538
noise,0.0,0.16778225
noise,0.0,0.40908304
noise,0.0,0.2464719
noise,0.0,0.39139524
noise,0.0,0.4298993
noise,0.0,0.16401067
noise,0.0,0.42022234
noise,0.0,0.2154562
noise,0.0,0.18336907
noise,0.0,0.36647254
noise,0.0,0.23049188
noise,0.0,0.31366748
noise,0.0,0.121695496
noise,0.0,0.48190594
noise,0.0,0.1393102
noise,0.0,0.48964986
noise,0.0,0.31077078
noise,0.0,0.2867724
noise,0.0,0.4979543
noise,0.0,0.41691655
noise,0.0,0.15847214
noise,0.0,0.17938311
noise,0.0,0.26781875
noise,0.0,0.40643096
noise,0.0,0.20469905
noise,0.0,0.28698584
noise,0.0,0.10567646
noise,0.0,0.23549196
noise,0.0,0.09505131
noise,0.0,0.21601933
noise,0.0,0.46183947
noise,0.0,0.40736276
noise,0.0,0.37657997
noise,0.0,0.7548266
noise,0.0,0.23065646
noise,0.0,0.15858854
noise,0.0,0.2042338
noise,0.0,0.12845501
noise,0.0,0.24660951
noise,0.0,0.13458379
noise,0.0,0.17515643
noise,0.0,0.37360644
noise,0.0,0.25995293
noise,0.0,0.30187938
noise,0.0,0.35743836
noise,0.0,0.20259124
noise,0.0,0.54389083
noise,0.0,0.240794
noise,0.0,0.4063719
noise,0.0,0.09234918
noise,0.0,0.15820235
noise,0.0,0.3088067
noise,0.0,0.22058803
noise,0.0,0.19460449
noise,0.0,0.22477792
noise,0.0,0.19108643
noise,0.0,0.4499356
noise,0.0,0.48196042
noise,0.0,0.2268444
noise,0.0,0.24012375
noise,0.0,0.32025737
noise,0.0,0.14569056
noise,0.0,0.25882038
noise,0.0,0.14446117
noise,0.0,0.2697695
noise,0.0,0.12132912
noise,0.0,0.32667556
noise,0.0,0.19348018
noise,0.0,0.20078337
noise,0.0,0.2605154
noise,0.0,0.19955888
noise,0.0,0.10135991
noise,0.0,0.08139039
noise,0.0,0.12470175
noise,0.0,0.45144653
