filename,y_true,snr_db,probs
/Users/somesh/Desktop/onehearthealth/ast-heart-quality/data_processed/PhysioNet2022/training_data/31737_AV.wav,1,11.723726279722168,0.9089822583484274
/Users/somesh/Desktop/onehearthealth/ast-heart-quality/data_processed/PhysioNet2022/training_data/31737_MV.wav,1,7.047728761238302,0.7967447234656194
/Users/somesh/Desktop/onehearthealth/ast-heart-quality/data_processed/PhysioNet2022/training_data/31737_PV.wav,1,7.8752287105133645,0.8222361433977059
/Users/somesh/Desktop/onehearthealth/ast-heart-quality/data_processed/PhysioNet2022/training_data/31737_TV.wav,1,10.134824419926948,0.8790527868299373
/Users/somesh/Desktop/onehearthealth/ast-heart-quality/data_processed/PhysioNet2022/training_data/40798_AV.wav,1,4.881799842534486,0.7176603925292655
/Users/somesh/Desktop/onehearthealth/ast-heart-quality/data_processed/PhysioNet2022/training_data/40798_MV.wav,1,9.609448946013933,0.8674290397465703
/Users/somesh/Desktop/onehearthealth/ast-heart-quality/data_processed/PhysioNet2022/training_data/40798_PV.wav,1,7.284954159286203,0.8043200272925395
/Users/somesh/Desktop/onehearthealth/ast-heart-quality/data_processed/PhysioNet2022/training_data/40798_TV.wav,1,4.846435692688423,0.7162250640896376
/Users/somesh/Desktop/onehearthealth/ast-heart-quality/data_processed/PhysioNet2022/training_data/49558_AV.wav,1,4.530147206949461,0.7031942554129139
/Users/somesh/Desktop/onehearthealth/ast-heart-quality/data_processed/PhysioNet2022/training_data/49558_MV.wav,1,5.731421409699205,0.7507862729590433
/Users/somesh/Desktop/onehearthealth/ast-heart-quality/data_processed/PhysioNet2022/training_data/49607_MV.wav,1,4.1770396210250835,0.6882464027072324
/Users/somesh/Desktop/onehearthealth/ast-heart-quality/data_processed/PhysioNet2022/training_data/49610_AV.wav,1,3.7050032485240623,0.6676391416908211
/Users/somesh/Desktop/onehearthealth/ast-heart-quality/data_processed/PhysioNet2022/training_data/49610_MV.wav,1,4.084558812358637,0.6842640530027709
/Users/somesh/Desktop/onehearthealth/ast-heart-quality/data_processed/PhysioNet2022/training_data/49610_PV.wav,1,2.442221450549084,0.6094426809865534
/Users/somesh/Desktop/onehearthealth/ast-heart-quality/data_processed/PhysioNet2022/training_data/49610_TV.wav,1,3.715683917642532,0.668112973771056
/Users/somesh/Desktop/onehearthealth/ast-heart-quality/data_processed/PhysioNet2022/training_data/49641_AV.wav,1,4.347906761342582,0.6955311937528887
/Users/somesh/Desktop/onehearthealth/ast-heart-quality/data_processed/PhysioNet2022/training_data/49641_MV.wav,1,3.578112195106971,0.6619840344049556
/Users/somesh/Desktop/onehearthealth/ast-heart-quality/data_processed/PhysioNet2022/training_data/49641_PV.wav,1,3.4711333685578385,0.657180026535798
/Users/somesh/Desktop/onehearthealth/ast-heart-quality/data_processed/PhysioNet2022/training_data/49641_TV.wav,1,11.876057415105873,0.9114716258910878
/Users/somesh/Desktop/onehearthealth/ast-heart-quality/data_processed/PhysioNet2022/training_data/49661_AV.wav,1,4.934689025240417,0.7197987722959192
/Users/somesh/Desktop/onehearthealth/ast-heart-quality/data_processed/PhysioNet2022/training_data/49661_MV.wav,1,3.7969986680706667,0.6717091769264633
/Users/somesh/Desktop/onehearthealth/ast-heart-quality/data_processed/PhysioNet2022/training_data/49691_AV.wav,1,7.460336664593373,0.8097818320541694
/Users/somesh/Desktop/onehearthealth/ast-heart-quality/data_processed/PhysioNet2022/training_data/49691_MV.wav,1,7.932526866520248,0.8239049467535623
/Users/somesh/Desktop/onehearthealth/ast-heart-quality/data_processed/PhysioNet2022/training_data/49691_PV.wav,1,3.061197020612205,0.63847821970739
/Users/somesh/Desktop/onehearthealth/ast-heart-quality/data_processed/PhysioNet2022/training_data/49691_TV.wav,1,5.094911865078463,0.7262160448687098
/Users/somesh/Desktop/onehearthealth/ast-heart-quality/data_processed/PhysioNet2022/training_data/49993_AV.wav,1,6.8248666911293565,0.7894310274905415
/Users/somesh/Desktop/onehearthealth/ast-heart-quality/data_processed/PhysioNet2022/training_data/49993_MV.wav,1,5.639706137287334,0.7473384087640953
/Users/somesh/Desktop/onehearthealth/ast-heart-quality/data_processed/PhysioNet2022/training_data/49993_PV.wav,1,6.266384636051864,0.7702640543466466
/Users/somesh/Desktop/onehearthealth/ast-heart-quality/data_processed/PhysioNet2022/training_data/49993_TV.wav,1,7.97880386880053,0.8252437488358141
/Users/somesh/Desktop/onehearthealth/ast-heart-quality/data_processed/PhysioNet2022/training_data/50006_AV.wav,1,4.536397775623204,0.7034551029755337
/Users/somesh/Desktop/onehearthealth/ast-heart-quality/data_processed/PhysioNet2022/training_data/50006_MV.wav,1,4.284426577558022,0.6928359304155611
/Users/somesh/Desktop/onehearthealth/ast-heart-quality/data_processed/PhysioNet2022/training_data/50007_AV.wav,1,9.346137800827067,0.8612550618787498
/Users/somesh/Desktop/onehearthealth/ast-heart-quality/data_processed/PhysioNet2022/training_data/50007_MV.wav,1,1.3522193702556717,0.5565000924643362
/Users/somesh/Desktop/onehearthealth/ast-heart-quality/data_processed/PhysioNet2022/training_data/50007_PV.wav,1,6.039181205203939,0.7621244292943826
/Users/somesh/Desktop/onehearthealth/ast-heart-quality/data_processed/PhysioNet2022/training_data/50007_TV.wav,1,7.124992822536265,0.799235719451282
/Users/somesh/Desktop/onehearthealth/ast-heart-quality/data_processed/PhysioNet2022/training_data/50012_MV.wav,1,9.78877017579514,0.8714992098224664
/Users/somesh/Desktop/onehearthealth/ast-heart-quality/data_processed/PhysioNet2022/training_data/50018_AV.wav,1,5.0103645911910295,0.7228411714047909
/Users/somesh/Desktop/onehearthealth/ast-heart-quality/data_processed/PhysioNet2022/training_data/50018_MV.wav,1,3.731878688830363,0.6688307816153912
/Users/somesh/Desktop/onehearthealth/ast-heart-quality/data_processed/PhysioNet2022/training_data/50027_AV.wav,1,11.35476172516374,0.9026900684329714
/Users/somesh/Desktop/onehearthealth/ast-heart-quality/data_processed/PhysioNet2022/training_data/50027_MV.wav,1,2.3971841022936773,0.6072966012479949
/Users/somesh/Desktop/onehearthealth/ast-heart-quality/data_processed/PhysioNet2022/training_data/50029_AV.wav,1,3.9258775953332563,0.6773677909920627
/Users/somesh/Desktop/onehearthealth/ast-heart-quality/data_processed/PhysioNet2022/training_data/50029_MV.wav,1,3.8941570881846115,0.6759797896575995
/Users/somesh/Desktop/onehearthealth/ast-heart-quality/data_processed/PhysioNet2022/training_data/50029_PV.wav,1,5.501902539561484,0.7420989062910385
/Users/somesh/Desktop/onehearthealth/ast-heart-quality/data_processed/PhysioNet2022/training_data/50029_TV.wav,1,3.7592167916106667,0.6700407187017736
/Users/somesh/Desktop/onehearthealth/ast-heart-quality/data_processed/PhysioNet2022/training_data/50047_MV.wav,1,9.80019695867665,0.871754925888805
/Users/somesh/Desktop/onehearthealth/ast-heart-quality/data_processed/PhysioNet2022/training_data/50047_PV.wav,1,3.3146098447982357,0.6500929576508007
/Users/somesh/Desktop/onehearthealth/ast-heart-quality/data_processed/PhysioNet2022/training_data/50047_TV.wav,1,4.985321338263006,0.7218366101447022
/Users/somesh/Desktop/onehearthealth/ast-heart-quality/data_processed/PhysioNet2022/training_data/50076_AV.wav,1,3.2855129249062442,0.6487680566390129
/Users/somesh/Desktop/onehearthealth/ast-heart-quality/data_processed/PhysioNet2022/training_data/50076_MV.wav,1,7.4498301213493905,0.8094579458077749
/Users/somesh/Desktop/onehearthealth/ast-heart-quality/data_processed/PhysioNet2022/training_data/50076_PV.wav,1,4.153569318304548,0.6872383407117351
/Users/somesh/Desktop/onehearthealth/ast-heart-quality/data_processed/PhysioNet2022/training_data/50076_TV.wav,1,3.1265951419300504,0.6414918067543512
/Users/somesh/Desktop/onehearthealth/ast-heart-quality/data_processed/PhysioNet2022/training_data/50079_AV.wav,1,4.651791699986722,0.7082467645485067
/Users/somesh/Desktop/onehearthealth/ast-heart-quality/data_processed/PhysioNet2022/training_data/50079_PV.wav,1,6.952670276838626,0.7936485462298222
/Users/somesh/Desktop/onehearthealth/ast-heart-quality/data_processed/PhysioNet2022/training_data/50079_TV.wav,1,6.682178426460862,0.784648041219494
/Users/somesh/Desktop/onehearthealth/ast-heart-quality/data_processed/PhysioNet2022/training_data/50080_AV.wav,1,6.10932279530608,0.7646582751379436
/Users/somesh/Desktop/onehearthealth/ast-heart-quality/data_processed/PhysioNet2022/training_data/50080_MV.wav,1,3.3058713349090763,0.6496952999931807
/Users/somesh/Desktop/onehearthealth/ast-heart-quality/data_processed/PhysioNet2022/training_data/50080_PV.wav,1,7.934678196091005,0.8239673634359441
/Users/somesh/Desktop/onehearthealth/ast-heart-quality/data_processed/PhysioNet2022/training_data/50080_TV.wav,1,6.564496228263225,0.7806443212331478
/Users/somesh/Desktop/onehearthealth/ast-heart-quality/data_processed/PhysioNet2022/training_data/50089_AV.wav,1,3.705834297529081,0.6676760221389813
/Users/somesh/Desktop/onehearthealth/ast-heart-quality/data_processed/PhysioNet2022/training_data/50089_PV.wav,1,4.726060147052657,0.7113065104246507
/Users/somesh/Desktop/onehearthealth/ast-heart-quality/data_processed/PhysioNet2022/training_data/50089_TV.wav,1,3.546406155798023,0.6605636640895716
/Users/somesh/Desktop/onehearthealth/ast-heart-quality/data_processed/PhysioNet2022/training_data/50092_AV.wav,1,6.328842119803935,0.7724670504296463
/Users/somesh/Desktop/onehearthealth/ast-heart-quality/data_processed/PhysioNet2022/training_data/50092_MV.wav,1,6.779873877099116,0.78793130341551
/Users/somesh/Desktop/onehearthealth/ast-heart-quality/data_processed/PhysioNet2022/training_data/50092_PV.wav,1,8.406129930649701,0.8372287998726726
/Users/somesh/Desktop/onehearthealth/ast-heart-quality/data_processed/PhysioNet2022/training_data/50092_TV.wav,1,7.237701484107011,0.802828335014779
/Users/somesh/Desktop/onehearthealth/ast-heart-quality/data_processed/PhysioNet2022/training_data/50094_MV.wav,1,4.308358755089322,0.693853611097309
/Users/somesh/Desktop/onehearthealth/ast-heart-quality/data_processed/PhysioNet2022/training_data/50094_PV.wav,1,4.7765159801134285,0.7133743002788767
/Users/somesh/Desktop/onehearthealth/ast-heart-quality/data_processed/PhysioNet2022/training_data/50094_TV.wav,1,16.73902332195572,0.9645770750796393
/Users/somesh/Desktop/onehearthealth/ast-heart-quality/data_processed/PhysioNet2022/training_data/50104_AV.wav,1,9.870408984783303,0.8733166641133414
/Users/somesh/Desktop/onehearthealth/ast-heart-quality/data_processed/PhysioNet2022/training_data/50104_MV.wav,1,4.267550581935659,0.6921171726351166
/Users/somesh/Desktop/onehearthealth/ast-heart-quality/data_processed/PhysioNet2022/training_data/50104_PV.wav,1,7.1722420539049185,0.8007477359069191
/Users/somesh/Desktop/onehearthealth/ast-heart-quality/data_processed/PhysioNet2022/training_data/50104_TV.wav,1,5.913472218461191,0.7575364588186209
/Users/somesh/Desktop/onehearthealth/ast-heart-quality/data_processed/PhysioNet2022/training_data/50115_AV.wav,1,4.88435086662788,0.7177637607653055
/Users/somesh/Desktop/onehearthealth/ast-heart-quality/data_processed/PhysioNet2022/training_data/50115_MV.wav,1,5.504311724797212,0.7421911134194819
/Users/somesh/Desktop/onehearthealth/ast-heart-quality/data_processed/PhysioNet2022/training_data/50115_PV_1.wav,1,6.543123447922129,0.779911473501106
/Users/somesh/Desktop/onehearthealth/ast-heart-quality/data_processed/PhysioNet2022/training_data/50115_PV_2.wav,1,4.952509578159632,0.7205170489632833
/Users/somesh/Desktop/onehearthealth/ast-heart-quality/data_processed/PhysioNet2022/training_data/50115_TV_1.wav,1,9.829054604937603,0.872398789645981
/Users/somesh/Desktop/onehearthealth/ast-heart-quality/data_processed/PhysioNet2022/training_data/50115_TV_2.wav,1,4.4266613725420285,0.6988564182400638
/Users/somesh/Desktop/onehearthealth/ast-heart-quality/data_processed/PhysioNet2022/training_data/50126_AV.wav,1,1.988111189812273,0.5876231214525182
/Users/somesh/Desktop/onehearthealth/ast-heart-quality/data_processed/PhysioNet2022/training_data/50126_MV.wav,1,3.678614062052168,0.6664669704215164
/Users/somesh/Desktop/onehearthealth/ast-heart-quality/data_processed/PhysioNet2022/training_data/50126_PV.wav,1,1.4995504451008284,0.5637599705309233
/Users/somesh/Desktop/onehearthealth/ast-heart-quality/data_processed/PhysioNet2022/training_data/50126_TV.wav,1,4.074799668343937,0.683842215135356
/Users/somesh/Desktop/onehearthealth/ast-heart-quality/data_processed/PhysioNet2022/training_data/50142_AV.wav,1,9.785197079040948,0.8714191595413217
/Users/somesh/Desktop/onehearthealth/ast-heart-quality/data_processed/PhysioNet2022/training_data/50142_MV.wav,1,3.9453684214638933,0.6782191089326819
/Users/somesh/Desktop/onehearthealth/ast-heart-quality/data_processed/PhysioNet2022/training_data/50146_MV.wav,1,10.444376203727138,0.8854821010651776
/Users/somesh/Desktop/onehearthealth/ast-heart-quality/data_processed/PhysioNet2022/training_data/50151_PV.wav,1,7.70663302798536,0.8172539620147939
/Users/somesh/Desktop/onehearthealth/ast-heart-quality/data_processed/PhysioNet2022/training_data/50159_MV.wav,1,1.842525668998417,0.5805498545200044
/Users/somesh/Desktop/onehearthealth/ast-heart-quality/data_processed/PhysioNet2022/training_data/50159_PV.wav,1,5.258426615083736,0.7326699308577709
/Users/somesh/Desktop/onehearthealth/ast-heart-quality/data_processed/PhysioNet2022/training_data/50159_TV.wav,1,6.975486767975685,0.7943948786200776
/Users/somesh/Desktop/onehearthealth/ast-heart-quality/data_processed/PhysioNet2022/training_data/50165_AV.wav,1,2.2241236190302973,0.5990121113863848
/Users/somesh/Desktop/onehearthealth/ast-heart-quality/data_processed/PhysioNet2022/training_data/50165_MV.wav,1,3.092621008752557,0.6399276342618855
/Users/somesh/Desktop/onehearthealth/ast-heart-quality/data_processed/PhysioNet2022/training_data/50165_PV.wav,1,4.600374936630866,0.7061173402610185
/Users/somesh/Desktop/onehearthealth/ast-heart-quality/data_processed/PhysioNet2022/training_data/50174_AV.wav,1,8.86424992132936,0.8493325677049661
/Users/somesh/Desktop/onehearthealth/ast-heart-quality/data_processed/PhysioNet2022/training_data/50174_MV.wav,1,5.844434673626898,0.7549913551970954
/Users/somesh/Desktop/onehearthealth/ast-heart-quality/data_processed/PhysioNet2022/training_data/50174_PV.wav,1,9.202407467185203,0.8577842527730283
/Users/somesh/Desktop/onehearthealth/ast-heart-quality/data_processed/PhysioNet2022/training_data/50174_TV.wav,1,4.9087674413547635,0.7187519647237893
/Users/somesh/Desktop/onehearthealth/ast-heart-quality/data_processed/PhysioNet2022/training_data/50210_AV.wav,1,4.600691112282002,0.7061304623686313
/Users/somesh/Desktop/onehearthealth/ast-heart-quality/data_processed/PhysioNet2022/training_data/50210_MV_1.wav,1,3.7081621311233617,0.6677793162292932
/Users/somesh/Desktop/onehearthealth/ast-heart-quality/data_processed/PhysioNet2022/training_data/50210_MV_2.wav,1,5.135864927624651,0.7278415331871795
/Users/somesh/Desktop/onehearthealth/ast-heart-quality/data_processed/PhysioNet2022/training_data/50210_PV.wav,1,5.293971572674478,0.7340600262324414
/Users/somesh/Desktop/onehearthealth/ast-heart-quality/data_processed/PhysioNet2022/training_data/50210_TV.wav,1,3.7550487720476236,0.6698563943021049
/Users/somesh/Desktop/onehearthealth/ast-heart-quality/data_processed/PhysioNet2022/training_data/50218_AV.wav,1,7.159741457490524,0.8003485399272693
/Users/somesh/Desktop/onehearthealth/ast-heart-quality/data_processed/PhysioNet2022/training_data/50218_MV.wav,1,10.63508015254811,0.8892932172546544
/Users/somesh/Desktop/onehearthealth/ast-heart-quality/data_processed/PhysioNet2022/training_data/50218_PV.wav,1,12.450047739383889,0.9203077231479357
/Users/somesh/Desktop/onehearthealth/ast-heart-quality/data_processed/PhysioNet2022/training_data/50218_TV.wav,1,4.4543153940077,0.7000191281252839
/Users/somesh/Desktop/onehearthealth/ast-heart-quality/data_processed/PhysioNet2022/training_data/50239_AV.wav,1,2.9079627701290973,0.6313746066517627
/Users/somesh/Desktop/onehearthealth/ast-heart-quality/data_processed/PhysioNet2022/training_data/50239_MV.wav,1,5.493660614824584,0.7417832991170439
/Users/somesh/Desktop/onehearthealth/ast-heart-quality/data_processed/PhysioNet2022/training_data/50239_PV.wav,1,4.903936224915044,0.718556599704802
/Users/somesh/Desktop/onehearthealth/ast-heart-quality/data_processed/PhysioNet2022/training_data/50239_TV.wav,1,7.165386080559316,0.8005288704791597
/Users/somesh/Desktop/onehearthealth/ast-heart-quality/data_processed/PhysioNet2022/training_data/50249_AV_1.wav,1,7.4673077051557355,0.8099964964542604
/Users/somesh/Desktop/onehearthealth/ast-heart-quality/data_processed/PhysioNet2022/training_data/50249_AV_2.wav,1,4.881086987531987,0.7176315033330439
/Users/somesh/Desktop/onehearthealth/ast-heart-quality/data_processed/PhysioNet2022/training_data/50249_MV.wav,1,4.622191704625336,0.7070219893415022
/Users/somesh/Desktop/onehearthealth/ast-heart-quality/data_processed/PhysioNet2022/training_data/50250_AV.wav,1,5.885560239211804,0.7565096388529304
/Users/somesh/Desktop/onehearthealth/ast-heart-quality/data_processed/PhysioNet2022/training_data/50250_MV.wav,1,2.958545021945605,0.633725971397072
/Users/somesh/Desktop/onehearthealth/ast-heart-quality/data_processed/PhysioNet2022/training_data/50250_PV.wav,1,4.666331197306168,0.7088472693021385
/Users/somesh/Desktop/onehearthealth/ast-heart-quality/data_processed/PhysioNet2022/training_data/50250_TV_1.wav,1,4.654783102560586,0.7083703738124956
/Users/somesh/Desktop/onehearthealth/ast-heart-quality/data_processed/PhysioNet2022/training_data/50250_TV_2.wav,1,3.9611177804058113,0.6789061442448231
/Users/somesh/Desktop/onehearthealth/ast-heart-quality/data_processed/PhysioNet2022/training_data/50251_AV.wav,1,5.326307185913041,0.7353205989112604
/Users/somesh/Desktop/onehearthealth/ast-heart-quality/data_processed/PhysioNet2022/training_data/50251_MV.wav,1,7.507439635157764,0.8112287021648124
/Users/somesh/Desktop/onehearthealth/ast-heart-quality/data_processed/PhysioNet2022/training_data/50256_AV.wav,1,5.43939878935317,0.7396991799225545
/Users/somesh/Desktop/onehearthealth/ast-heart-quality/data_processed/PhysioNet2022/training_data/50256_MV.wav,1,5.249260772933964,0.7323107247580534
/Users/somesh/Desktop/onehearthealth/ast-heart-quality/data_processed/PhysioNet2022/training_data/50256_PV.wav,1,6.973642355396584,0.7943346218850801
/Users/somesh/Desktop/onehearthealth/ast-heart-quality/data_processed/PhysioNet2022/training_data/50256_TV.wav,1,5.863131964020056,0.7556824181873901
/Users/somesh/Desktop/onehearthealth/ast-heart-quality/data_processed/PhysioNet2022/training_data/50261_AV.wav,1,9.105423995124607,0.855401581072557
/Users/somesh/Desktop/onehearthealth/ast-heart-quality/data_processed/PhysioNet2022/training_data/50261_MV.wav,1,4.454040887690245,0.700007599153434
/Users/somesh/Desktop/onehearthealth/ast-heart-quality/data_processed/PhysioNet2022/training_data/50261_PV.wav,1,3.4770147911177944,0.6574449878764975
/Users/somesh/Desktop/onehearthealth/ast-heart-quality/data_processed/PhysioNet2022/training_data/50261_TV.wav,1,11.350937322065558,0.9026228600796495
/Users/somesh/Desktop/onehearthealth/ast-heart-quality/data_processed/PhysioNet2022/training_data/50263_AV.wav,1,8.404536991091607,0.8371853790871449
/Users/somesh/Desktop/onehearthealth/ast-heart-quality/data_processed/PhysioNet2022/training_data/50263_MV.wav,1,8.689854479033821,0.8448146133098555
/Users/somesh/Desktop/onehearthealth/ast-heart-quality/data_processed/PhysioNet2022/training_data/50263_PV.wav,1,8.53073625347843,0.8405965113676501
/Users/somesh/Desktop/onehearthealth/ast-heart-quality/data_processed/PhysioNet2022/training_data/50263_TV_1.wav,1,9.805350427350067,0.8718701115251198
/Users/somesh/Desktop/onehearthealth/ast-heart-quality/data_processed/PhysioNet2022/training_data/50263_TV_2.wav,1,5.072184334238205,0.7253113499812691
/Users/somesh/Desktop/onehearthealth/ast-heart-quality/data_processed/PhysioNet2022/training_data/50289_AV.wav,1,4.4267871606131655,0.6988617127875789
/Users/somesh/Desktop/onehearthealth/ast-heart-quality/data_processed/PhysioNet2022/training_data/50289_MV.wav,1,8.357180574741124,0.8358902597757889
/Users/somesh/Desktop/onehearthealth/ast-heart-quality/data_processed/PhysioNet2022/training_data/50289_PV.wav,1,6.908429795946667,0.7921957235276478
/Users/somesh/Desktop/onehearthealth/ast-heart-quality/data_processed/PhysioNet2022/training_data/50289_TV.wav,1,5.855532342783939,0.7554016908501687
/Users/somesh/Desktop/onehearthealth/ast-heart-quality/data_processed/PhysioNet2022/training_data/50300_AV.wav,1,9.924088473066936,0.8744996738543892
/Users/somesh/Desktop/onehearthealth/ast-heart-quality/data_processed/PhysioNet2022/training_data/50300_MV.wav,1,4.543581417372462,0.7037547255258374
/Users/somesh/Desktop/onehearthealth/ast-heart-quality/data_processed/PhysioNet2022/training_data/50304_PV.wav,1,3.115079832300307,0.6409619759957931
/Users/somesh/Desktop/onehearthealth/ast-heart-quality/data_processed/PhysioNet2022/training_data/50312_AV.wav,1,6.5015703881941445,0.7784816426650899
/Users/somesh/Desktop/onehearthealth/ast-heart-quality/data_processed/PhysioNet2022/training_data/50312_MV.wav,1,11.163298002134077,0.8992741501734557
/Users/somesh/Desktop/onehearthealth/ast-heart-quality/data_processed/PhysioNet2022/training_data/50312_PV.wav,1,5.533642398085944,0.7433119643127578
/Users/somesh/Desktop/onehearthealth/ast-heart-quality/data_processed/PhysioNet2022/training_data/50312_TV.wav,1,11.068760334626418,0.8975485270760025
/Users/somesh/Desktop/onehearthealth/ast-heart-quality/data_processed/PhysioNet2022/training_data/50318_AV.wav,1,10.607138612345745,0.8887418458393971
/Users/somesh/Desktop/onehearthealth/ast-heart-quality/data_processed/PhysioNet2022/training_data/50318_MV.wav,1,6.281084625754813,0.7707838951372138
/Users/somesh/Desktop/onehearthealth/ast-heart-quality/data_processed/PhysioNet2022/training_data/50318_PV.wav,1,9.464268095284961,0.8640542313847956
/Users/somesh/Desktop/onehearthealth/ast-heart-quality/data_processed/PhysioNet2022/training_data/50318_TV.wav,1,6.426145374740062,0.7758693400273668
/Users/somesh/Desktop/onehearthealth/ast-heart-quality/data_processed/PhysioNet2022/training_data/50326_AV.wav,1,7.337091606225229,0.8059559965322041
/Users/somesh/Desktop/onehearthealth/ast-heart-quality/data_processed/PhysioNet2022/training_data/50326_MV.wav,1,5.549178919648325,0.7439043873884772
/Users/somesh/Desktop/onehearthealth/ast-heart-quality/data_processed/PhysioNet2022/training_data/50326_PV.wav,1,9.880390119146895,0.8735373514762751
/Users/somesh/Desktop/onehearthealth/ast-heart-quality/data_processed/PhysioNet2022/training_data/50326_TV.wav,1,5.588069027616114,0.7453833701116391
/Users/somesh/Desktop/onehearthealth/ast-heart-quality/data_processed/PhysioNet2022/training_data/50343_AV.wav,1,6.346113115377911,0.7730735949046957
/Users/somesh/Desktop/onehearthealth/ast-heart-quality/data_processed/PhysioNet2022/training_data/50343_MV.wav,1,3.0024341250427584,0.6357610540929849
/Users/somesh/Desktop/onehearthealth/ast-heart-quality/data_processed/PhysioNet2022/training_data/50343_PV.wav,1,6.960733593749911,0.7939125279013542
/Users/somesh/Desktop/onehearthealth/ast-heart-quality/data_processed/PhysioNet2022/training_data/50343_TV.wav,1,2.7138061636064057,0.6222917829705614
/Users/somesh/Desktop/onehearthealth/ast-heart-quality/data_processed/PhysioNet2022/training_data/50349_AV.wav,1,5.410274750712349,0.7385760814811116
/Users/somesh/Desktop/onehearthealth/ast-heart-quality/data_processed/PhysioNet2022/training_data/50349_MV.wav,1,4.435700199802552,0.6992367367292305
/Users/somesh/Desktop/onehearthealth/ast-heart-quality/data_processed/PhysioNet2022/training_data/50349_PV.wav,1,6.05570793887491,0.7627231389194152
/Users/somesh/Desktop/onehearthealth/ast-heart-quality/data_processed/PhysioNet2022/training_data/50349_TV.wav,1,4.236398907933577,0.6907879577022817
/Users/somesh/Desktop/onehearthealth/ast-heart-quality/data_processed/PhysioNet2022/training_data/50350_AV.wav,1,4.832983281956881,0.7156779144396405
/Users/somesh/Desktop/onehearthealth/ast-heart-quality/data_processed/PhysioNet2022/training_data/50350_MV.wav,1,10.672773695235097,0.8900332337916266
/Users/somesh/Desktop/onehearthealth/ast-heart-quality/data_processed/PhysioNet2022/training_data/50350_PV.wav,1,3.682950035289165,0.6666597101978984
/Users/somesh/Desktop/onehearthealth/ast-heart-quality/data_processed/PhysioNet2022/training_data/50350_TV.wav,1,4.364228700856503,0.6962220436129075
/Users/somesh/Desktop/onehearthealth/ast-heart-quality/data_processed/PhysioNet2022/training_data/50391_MV.wav,1,8.914318588264749,0.8506095151036072
/Users/somesh/Desktop/onehearthealth/ast-heart-quality/data_processed/PhysioNet2022/training_data/50391_PV.wav,1,8.19343887782596,0.8313483625340082
/Users/somesh/Desktop/onehearthealth/ast-heart-quality/data_processed/PhysioNet2022/training_data/50391_TV.wav,1,1.5207918562745486,0.5648044859048825
/Users/somesh/Desktop/onehearthealth/ast-heart-quality/data_processed/PhysioNet2022/training_data/50621_PV.wav,1,6.271529057849987,0.7704460723571596
/Users/somesh/Desktop/onehearthealth/ast-heart-quality/data_processed/PhysioNet2022/training_data/50628_AV.wav,1,7.237991414934438,0.802837513773636
/Users/somesh/Desktop/onehearthealth/ast-heart-quality/data_processed/PhysioNet2022/training_data/50628_MV.wav,1,9.266334000449874,0.8593368146506059
/Users/somesh/Desktop/onehearthealth/ast-heart-quality/data_processed/PhysioNet2022/training_data/50631_AV.wav,1,9.991457750861292,0.8759709830069131
/Users/somesh/Desktop/onehearthealth/ast-heart-quality/data_processed/PhysioNet2022/training_data/50631_MV.wav,1,5.352534149197824,0.7363402184391923
/Users/somesh/Desktop/onehearthealth/ast-heart-quality/data_processed/PhysioNet2022/training_data/50655_AV.wav,1,6.549966118113822,0.7801462917881054
/Users/somesh/Desktop/onehearthealth/ast-heart-quality/data_processed/PhysioNet2022/training_data/50655_MV.wav,1,8.344711495528442,0.8355478771521921
/Users/somesh/Desktop/onehearthealth/ast-heart-quality/data_processed/PhysioNet2022/training_data/50661_AV.wav,1,7.321768713479745,0.8054762748242253
/Users/somesh/Desktop/onehearthealth/ast-heart-quality/data_processed/PhysioNet2022/training_data/50661_MV.wav,1,3.758411519899196,0.6700051108415809
/Users/somesh/Desktop/onehearthealth/ast-heart-quality/data_processed/PhysioNet2022/training_data/50667_AV.wav,1,6.0275649290697775,0.7617029880733484
/Users/somesh/Desktop/onehearthealth/ast-heart-quality/data_processed/PhysioNet2022/training_data/50667_MV.wav,1,11.229864074234898,0.900473669265066
/Users/somesh/Desktop/onehearthealth/ast-heart-quality/data_processed/PhysioNet2022/training_data/50667_PV.wav,1,4.432827161775905,0.6991158802034232
/Users/somesh/Desktop/onehearthealth/ast-heart-quality/data_processed/PhysioNet2022/training_data/50667_TV.wav,1,4.00428663796016,0.6807853281453818
/Users/somesh/Desktop/onehearthealth/ast-heart-quality/data_processed/PhysioNet2022/training_data/50720_AV.wav,1,4.185231163793015,0.6885978151273937
/Users/somesh/Desktop/onehearthealth/ast-heart-quality/data_processed/PhysioNet2022/training_data/50720_MV.wav,1,6.370031151312332,0.7739116906134988
/Users/somesh/Desktop/onehearthealth/ast-heart-quality/data_processed/PhysioNet2022/training_data/50721_AV.wav,1,4.026217734604801,0.6817377699233284
/Users/somesh/Desktop/onehearthealth/ast-heart-quality/data_processed/PhysioNet2022/training_data/50721_MV.wav,1,5.108050373044206,0.7267381903782322
/Users/somesh/Desktop/onehearthealth/ast-heart-quality/data_processed/PhysioNet2022/training_data/50721_PV.wav,1,6.441618362634973,0.7764070190516604
/Users/somesh/Desktop/onehearthealth/ast-heart-quality/data_processed/PhysioNet2022/training_data/50721_TV.wav,1,8.003039984501095,0.8259416967087925
/Users/somesh/Desktop/onehearthealth/ast-heart-quality/data_processed/PhysioNet2022/training_data/50736_AV.wav,1,6.776155966574013,0.787807027542101
/Users/somesh/Desktop/onehearthealth/ast-heart-quality/data_processed/PhysioNet2022/training_data/50736_PV.wav,1,4.221838107851302,0.6901655750941684
/Users/somesh/Desktop/onehearthealth/ast-heart-quality/data_processed/PhysioNet2022/training_data/50736_TV.wav,1,7.26228587230859,0.8036054934273003
/Users/somesh/Desktop/onehearthealth/ast-heart-quality/data_processed/PhysioNet2022/training_data/50743_AV_1.wav,1,13.06755809932286,0.9289081716736381
/Users/somesh/Desktop/onehearthealth/ast-heart-quality/data_processed/PhysioNet2022/training_data/50743_AV_2.wav,1,9.654723498147298,0.8684668573785982
/Users/somesh/Desktop/onehearthealth/ast-heart-quality/data_processed/PhysioNet2022/training_data/50743_AV_3.wav,1,16.562383984366594,0.9633499753359196
/Users/somesh/Desktop/onehearthealth/ast-heart-quality/data_processed/PhysioNet2022/training_data/50743_MV.wav,1,7.889403603809999,0.8226501363705856
/Users/somesh/Desktop/onehearthealth/ast-heart-quality/data_processed/PhysioNet2022/training_data/50754_AV.wav,1,4.4381945618344325,0.6993416415232824
/Users/somesh/Desktop/onehearthealth/ast-heart-quality/data_processed/PhysioNet2022/training_data/50754_MV.wav,1,9.77969667442927,0.871295847513668
/Users/somesh/Desktop/onehearthealth/ast-heart-quality/data_processed/PhysioNet2022/training_data/50754_PV.wav,1,7.0425473164959005,0.796576852563469
/Users/somesh/Desktop/onehearthealth/ast-heart-quality/data_processed/PhysioNet2022/training_data/50754_TV.wav,1,4.226061294857893,0.6903461608512128
/Users/somesh/Desktop/onehearthealth/ast-heart-quality/data_processed/PhysioNet2022/training_data/50756_AV.wav,1,7.664183224372766,0.8159825702060264
/Users/somesh/Desktop/onehearthealth/ast-heart-quality/data_processed/PhysioNet2022/training_data/50756_MV.wav,1,11.615582266223136,0.9071769323644537
/Users/somesh/Desktop/onehearthealth/ast-heart-quality/data_processed/PhysioNet2022/training_data/50756_PV.wav,1,3.5419407719809786,0.6603633903290244
/Users/somesh/Desktop/onehearthealth/ast-heart-quality/data_processed/PhysioNet2022/training_data/50756_TV.wav,1,3.7322316878466832,0.6688464190148226
/Users/somesh/Desktop/onehearthealth/ast-heart-quality/data_processed/PhysioNet2022/training_data/50758_AV.wav,1,2.687277619254968,0.6210438973592591
/Users/somesh/Desktop/onehearthealth/ast-heart-quality/data_processed/PhysioNet2022/training_data/50758_MV.wav,1,9.500401361178813,0.864900875591642
/Users/somesh/Desktop/onehearthealth/ast-heart-quality/data_processed/PhysioNet2022/training_data/50758_PV.wav,1,6.776803041361211,0.7878286606613718
/Users/somesh/Desktop/onehearthealth/ast-heart-quality/data_processed/PhysioNet2022/training_data/50758_TV.wav,1,4.355009394894492,0.6958319316345715
/Users/somesh/Desktop/onehearthealth/ast-heart-quality/data_processed/PhysioNet2022/training_data/50773_AV.wav,1,2.8858782896018287,0.6303460199204062
/Users/somesh/Desktop/onehearthealth/ast-heart-quality/data_processed/PhysioNet2022/training_data/50773_MV.wav,1,4.698484409391886,0.7101726588115832
/Users/somesh/Desktop/onehearthealth/ast-heart-quality/data_processed/PhysioNet2022/training_data/50773_PV.wav,1,8.397808951750438,0.8370018814052185
/Users/somesh/Desktop/onehearthealth/ast-heart-quality/data_processed/PhysioNet2022/training_data/50773_TV.wav,1,15.838677197992677,0.9578824806891673
/Users/somesh/Desktop/onehearthealth/ast-heart-quality/data_processed/PhysioNet2022/training_data/50776_PV.wav,1,9.131981793109086,0.8560573269542762
/Users/somesh/Desktop/onehearthealth/ast-heart-quality/data_processed/PhysioNet2022/training_data/50802_AV.wav,1,10.38562412164638,0.8842851592635393
/Users/somesh/Desktop/onehearthealth/ast-heart-quality/data_processed/PhysioNet2022/training_data/50802_MV.wav,1,7.829865965302297,0.820906185524491
/Users/somesh/Desktop/onehearthealth/ast-heart-quality/data_processed/PhysioNet2022/training_data/50802_PV.wav,1,6.707838337435703,0.7855139536062489
/Users/somesh/Desktop/onehearthealth/ast-heart-quality/data_processed/PhysioNet2022/training_data/50802_TV_1.wav,1,5.955318596093614,0.7590703701336491
/Users/somesh/Desktop/onehearthealth/ast-heart-quality/data_processed/PhysioNet2022/training_data/50802_TV_2.wav,1,2.904346496684219,0.6312062598514474
/Users/somesh/Desktop/onehearthealth/ast-heart-quality/data_processed/PhysioNet2022/training_data/50805_MV.wav,1,10.94577137181062,0.8952644121391142
/Users/somesh/Desktop/onehearthealth/ast-heart-quality/data_processed/PhysioNet2022/training_data/50805_PV.wav,1,5.1110397506879215,0.7268569062589341
/Users/somesh/Desktop/onehearthealth/ast-heart-quality/data_processed/PhysioNet2022/training_data/50805_TV.wav,1,3.858143654417523,0.6744001817897539
/Users/somesh/Desktop/onehearthealth/ast-heart-quality/data_processed/PhysioNet2022/training_data/50807_AV.wav,1,6.975753253670414,0.7944035835934253
/Users/somesh/Desktop/onehearthealth/ast-heart-quality/data_processed/PhysioNet2022/training_data/50807_MV.wav,1,4.541228124768761,0.7036565913400847
/Users/somesh/Desktop/onehearthealth/ast-heart-quality/data_processed/PhysioNet2022/training_data/50807_PV.wav,1,8.450983828079185,0.838447613091468
/Users/somesh/Desktop/onehearthealth/ast-heart-quality/data_processed/PhysioNet2022/training_data/50807_TV.wav,1,3.642772075781951,0.6648716194695379
/Users/somesh/Desktop/onehearthealth/ast-heart-quality/data_processed/PhysioNet2022/training_data/50826_AV.wav,1,8.03505385802517,0.826860252371581
/Users/somesh/Desktop/onehearthealth/ast-heart-quality/data_processed/PhysioNet2022/training_data/50826_MV.wav,1,6.000894227744065,0.760733428859659
/Users/somesh/Desktop/onehearthealth/ast-heart-quality/data_processed/PhysioNet2022/training_data/50826_PV.wav,1,5.274639156209773,0.7333045444389801
/Users/somesh/Desktop/onehearthealth/ast-heart-quality/data_processed/PhysioNet2022/training_data/50826_TV.wav,1,4.454101930606409,0.700010162912542
/Users/somesh/Desktop/onehearthealth/ast-heart-quality/data_processed/PhysioNet2022/training_data/55945_AV.wav,1,9.961503653427018,0.8753186381379073
/Users/somesh/Desktop/onehearthealth/ast-heart-quality/data_processed/PhysioNet2022/training_data/55945_MV.wav,1,6.154220600219599,0.7662703590169107
/Users/somesh/Desktop/onehearthealth/ast-heart-quality/data_processed/PhysioNet2022/training_data/55945_PV.wav,1,7.265137885871072,0.8036955009066624
/Users/somesh/Desktop/onehearthealth/ast-heart-quality/data_processed/PhysioNet2022/training_data/55945_TV.wav,1,2.9685732554933866,0.634191391840497
/Users/somesh/Desktop/onehearthealth/ast-heart-quality/data_processed/PhysioNet2022/training_data/57700_MV.wav,1,5.835945847031962,0.754677167630958
/Users/somesh/Desktop/onehearthealth/ast-heart-quality/data_processed/PhysioNet2022/training_data/57700_PV.wav,1,7.8732723617537195,0.8221789466866729
/Users/somesh/Desktop/onehearthealth/ast-heart-quality/data_processed/PhysioNet2022/training_data/57700_TV.wav,1,4.775995294562072,0.7133530067441894
/Users/somesh/Desktop/onehearthealth/ast-heart-quality/data_processed/PhysioNet2022/training_data/61610_AV.wav,1,3.7802868237535647,0.6709717086948553
/Users/somesh/Desktop/onehearthealth/ast-heart-quality/data_processed/PhysioNet2022/training_data/61610_MV.wav,1,9.175734037635017,0.8571322292038265
/Users/somesh/Desktop/onehearthealth/ast-heart-quality/data_processed/PhysioNet2022/training_data/61610_PV.wav,1,6.820252001633995,0.7892775668360482
/Users/somesh/Desktop/onehearthealth/ast-heart-quality/data_processed/PhysioNet2022/training_data/61610_TV.wav,1,3.4950278863966604,0.6582558767649003
/Users/somesh/Desktop/onehearthealth/ast-heart-quality/data_processed/PhysioNet2022/training_data/63581_AV.wav,1,4.528601082289948,0.7031297123747832
/Users/somesh/Desktop/onehearthealth/ast-heart-quality/data_processed/PhysioNet2022/training_data/63581_MV.wav,1,5.943683045764288,0.7586445257831141
/Users/somesh/Desktop/onehearthealth/ast-heart-quality/data_processed/PhysioNet2022/training_data/63581_PV.wav,1,11.683232818127768,0.9083100021001829
/Users/somesh/Desktop/onehearthealth/ast-heart-quality/data_processed/PhysioNet2022/training_data/63581_TV.wav,1,9.691397591074793,0.8693024675612043
/Users/somesh/Desktop/onehearthealth/ast-heart-quality/data_processed/PhysioNet2022/training_data/68298_AV.wav,1,4.965381162397316,0.7210351504880821
/Users/somesh/Desktop/onehearthealth/ast-heart-quality/data_processed/PhysioNet2022/training_data/68298_MV.wav,1,9.821246798470423,0.8722248568727856
/Users/somesh/Desktop/onehearthealth/ast-heart-quality/data_processed/PhysioNet2022/training_data/68303_AV.wav,1,4.87650969317984,0.7174459609721746
/Users/somesh/Desktop/onehearthealth/ast-heart-quality/data_processed/PhysioNet2022/training_data/68303_MV.wav,1,5.939473646952815,0.7584903415010347
/Users/somesh/Desktop/onehearthealth/ast-heart-quality/data_processed/PhysioNet2022/training_data/68303_PV.wav,1,4.897087680880164,0.7182795164621958
/Users/somesh/Desktop/onehearthealth/ast-heart-quality/data_processed/PhysioNet2022/training_data/68303_TV.wav,1,9.122268597362257,0.8558177831659242
/Users/somesh/Desktop/onehearthealth/ast-heart-quality/data_processed/PhysioNet2022/training_data/68318_AV.wav,1,5.714729319405372,0.7501611112677004
/Users/somesh/Desktop/onehearthealth/ast-heart-quality/data_processed/PhysioNet2022/training_data/68318_MV.wav,1,14.844638971058934,0.9490904542323175
/Users/somesh/Desktop/onehearthealth/ast-heart-quality/data_processed/PhysioNet2022/training_data/68318_PV.wav,1,6.847353474119835,0.79017764852412
/Users/somesh/Desktop/onehearthealth/ast-heart-quality/data_processed/PhysioNet2022/training_data/68318_TV.wav,1,8.198200260510337,0.8314818374466728
/Users/somesh/Desktop/onehearthealth/ast-heart-quality/data_processed/PhysioNet2022/training_data/68394_MV.wav,1,3.4127152214579097,0.654542956993289
/Users/somesh/Desktop/onehearthealth/ast-heart-quality/data_processed/PhysioNet2022/training_data/68394_PV.wav,1,7.773313964809919,0.8192372997641244
/Users/somesh/Desktop/onehearthealth/ast-heart-quality/data_processed/PhysioNet2022/training_data/68431_AV.wav,1,3.9423584115208135,0.6780877151602245
/Users/somesh/Desktop/onehearthealth/ast-heart-quality/data_processed/PhysioNet2022/training_data/68431_MV.wav,1,6.213997669595027,0.7684047547893822
/Users/somesh/Desktop/onehearthealth/ast-heart-quality/data_processed/PhysioNet2022/training_data/68431_PV.wav,1,4.46164448882824,0.7003268486156308
/Users/somesh/Desktop/onehearthealth/ast-heart-quality/data_processed/PhysioNet2022/training_data/68431_TV.wav,1,5.918218955271573,0.7577107875341362
/Users/somesh/Desktop/onehearthealth/ast-heart-quality/data_processed/PhysioNet2022/training_data/68456_AV.wav,1,3.343797555806736,0.6514196694601062
/Users/somesh/Desktop/onehearthealth/ast-heart-quality/data_processed/PhysioNet2022/training_data/68456_MV.wav,1,5.714057092840148,0.7501359127578584
/Users/somesh/Desktop/onehearthealth/ast-heart-quality/data_processed/PhysioNet2022/training_data/68456_PV.wav,1,8.137834009728511,0.8297833593674732
/Users/somesh/Desktop/onehearthealth/ast-heart-quality/data_processed/PhysioNet2022/training_data/68456_TV.wav,1,5.425776863181817,0.7391742726090433
/Users/somesh/Desktop/onehearthealth/ast-heart-quality/data_processed/PhysioNet2022/training_data/68470_MV.wav,1,6.796534013169908,0.7884875362222676
/Users/somesh/Desktop/onehearthealth/ast-heart-quality/data_processed/PhysioNet2022/training_data/68470_TV.wav,1,7.473317902078799,0.8101814239951594
/Users/somesh/Desktop/onehearthealth/ast-heart-quality/data_processed/PhysioNet2022/training_data/68532_AV.wav,1,3.8759120432822156,0.6751800304775456
/Users/somesh/Desktop/onehearthealth/ast-heart-quality/data_processed/PhysioNet2022/training_data/68532_MV.wav,1,3.013756207879008,0.6362852612530195
/Users/somesh/Desktop/onehearthealth/ast-heart-quality/data_processed/PhysioNet2022/training_data/68532_PV.wav,1,10.67761209815259,0.8901279088947367
/Users/somesh/Desktop/onehearthealth/ast-heart-quality/data_processed/PhysioNet2022/training_data/68532_TV.wav,1,1.7972034301464446,0.5783409575645191
/Users/somesh/Desktop/onehearthealth/ast-heart-quality/data_processed/PhysioNet2022/training_data/68632_AV.wav,1,0.9345701882084148,0.5357986181024817
/Users/somesh/Desktop/onehearthealth/ast-heart-quality/data_processed/PhysioNet2022/training_data/68632_PV.wav,1,4.891967194303183,0.7180722399036975
/Users/somesh/Desktop/onehearthealth/ast-heart-quality/data_processed/PhysioNet2022/training_data/68632_TV.wav,1,5.257817347945907,0.7326460633956858
/Users/somesh/Desktop/onehearthealth/ast-heart-quality/data_processed/PhysioNet2022/training_data/68708_AV.wav,1,6.053370473584172,0.7626385232464775
/Users/somesh/Desktop/onehearthealth/ast-heart-quality/data_processed/PhysioNet2022/training_data/68708_MV.wav,1,3.2653616645485766,0.6478491411838448
/Users/somesh/Desktop/onehearthealth/ast-heart-quality/data_processed/PhysioNet2022/training_data/68708_PV.wav,1,7.167168339443823,0.8005857834563184
/Users/somesh/Desktop/onehearthealth/ast-heart-quality/data_processed/PhysioNet2022/training_data/68708_TV.wav,1,4.356904492623185,0.6959121451115637
/Users/somesh/Desktop/onehearthealth/ast-heart-quality/data_processed/PhysioNet2022/training_data/68755_AV.wav,1,2.5257850505817965,0.6134133259667103
/Users/somesh/Desktop/onehearthealth/ast-heart-quality/data_processed/PhysioNet2022/training_data/68755_MV.wav,1,8.524471007740342,0.8404285386134248
/Users/somesh/Desktop/onehearthealth/ast-heart-quality/data_processed/PhysioNet2022/training_data/68755_PV.wav,1,6.480918937928813,0.7777685633332913
/Users/somesh/Desktop/onehearthealth/ast-heart-quality/data_processed/PhysioNet2022/training_data/68755_TV.wav,1,2.6851749891454655,0.6209449222068113
/Users/somesh/Desktop/onehearthealth/ast-heart-quality/data_processed/PhysioNet2022/training_data/68757_AV.wav,1,3.0306598058809673,0.6370672877171979
/Users/somesh/Desktop/onehearthealth/ast-heart-quality/data_processed/PhysioNet2022/training_data/68757_PV.wav,1,9.233022465614106,0.8585295650344945
/Users/somesh/Desktop/onehearthealth/ast-heart-quality/data_processed/PhysioNet2022/training_data/68757_TV.wav,1,7.582599296031944,0.8135198804573249
/Users/somesh/Desktop/onehearthealth/ast-heart-quality/data_processed/PhysioNet2022/training_data/68849_AV.wav,1,6.5191389032494635,0.779086980685908
/Users/somesh/Desktop/onehearthealth/ast-heart-quality/data_processed/PhysioNet2022/training_data/68849_MV.wav,1,11.832078459833156,0.9107593103929865
/Users/somesh/Desktop/onehearthealth/ast-heart-quality/data_processed/PhysioNet2022/training_data/68849_PV.wav,1,11.491133620015503,0.9050596964076371
/Users/somesh/Desktop/onehearthealth/ast-heart-quality/data_processed/PhysioNet2022/training_data/68849_TV.wav,1,4.116323733236062,0.6856349851817694
/Users/somesh/Desktop/onehearthealth/ast-heart-quality/data_processed/PhysioNet2022/training_data/68861_AV.wav,1,5.177702713580366,0.7294958841939315
/Users/somesh/Desktop/onehearthealth/ast-heart-quality/data_processed/PhysioNet2022/training_data/68861_MV.wav,1,4.665837215384626,0.7088268790052227
/Users/somesh/Desktop/onehearthealth/ast-heart-quality/data_processed/PhysioNet2022/training_data/68861_PV.wav,1,1.3296980887423566,0.5553881260425764
/Users/somesh/Desktop/onehearthealth/ast-heart-quality/data_processed/PhysioNet2022/training_data/68861_TV.wav,1,7.71207842070464,0.8174165596162003
/Users/somesh/Desktop/onehearthealth/ast-heart-quality/data_processed/PhysioNet2022/training_data/68887_AV.wav,1,5.061606579675876,0.7248896577821773
/Users/somesh/Desktop/onehearthealth/ast-heart-quality/data_processed/PhysioNet2022/training_data/68887_MV.wav,1,6.104020479628478,0.7644673848792476
/Users/somesh/Desktop/onehearthealth/ast-heart-quality/data_processed/PhysioNet2022/training_data/68887_TV.wav,1,5.441295809539071,0.7397722253646677
/Users/somesh/Desktop/onehearthealth/ast-heart-quality/data_processed/PhysioNet2022/training_data/68895_AV.wav,1,9.363503491868666,0.8616695632788761
/Users/somesh/Desktop/onehearthealth/ast-heart-quality/data_processed/PhysioNet2022/training_data/68895_MV.wav,1,5.230706995808349,0.731582672181939
/Users/somesh/Desktop/onehearthealth/ast-heart-quality/data_processed/PhysioNet2022/training_data/68895_PV.wav,1,3.8315775769273053,0.673232402266926
/Users/somesh/Desktop/onehearthealth/ast-heart-quality/data_processed/PhysioNet2022/training_data/68895_TV.wav,1,3.2622265044350582,0.6477060764439517
/Users/somesh/Desktop/onehearthealth/ast-heart-quality/data_processed/PhysioNet2022/training_data/74417_AV.wav,1,4.663615692592194,0.7087351698869114
/Users/somesh/Desktop/onehearthealth/ast-heart-quality/data_processed/PhysioNet2022/training_data/74417_MV.wav,1,10.455534310307812,0.8857082007922094
/Users/somesh/Desktop/onehearthealth/ast-heart-quality/data_processed/PhysioNet2022/training_data/74417_PV.wav,1,3.1409351951954028,0.6421511240382578
/Users/somesh/Desktop/onehearthealth/ast-heart-quality/data_processed/PhysioNet2022/training_data/74417_TV.wav,1,8.331346199422743,0.8351802489194519
/Users/somesh/Desktop/onehearthealth/ast-heart-quality/data_processed/PhysioNet2022/training_data/78280_AV.wav,1,11.573525942099767,0.9064662155189566
/Users/somesh/Desktop/onehearthealth/ast-heart-quality/data_processed/PhysioNet2022/training_data/78280_MV.wav,1,10.976930970611818,0.8958473168744921
/Users/somesh/Desktop/onehearthealth/ast-heart-quality/data_processed/PhysioNet2022/training_data/84693_AV.wav,1,4.835178260893743,0.7157672341774044
/Users/somesh/Desktop/onehearthealth/ast-heart-quality/data_processed/PhysioNet2022/training_data/84693_MV.wav,1,14.574194131221454,0.9464126017968995
/Users/somesh/Desktop/onehearthealth/ast-heart-quality/data_processed/PhysioNet2022/training_data/84693_PV.wav,1,4.178757638668719,0.6883201226423659
/Users/somesh/Desktop/onehearthealth/ast-heart-quality/data_processed/PhysioNet2022/training_data/84693_TV.wav,1,4.319364662414982,0.6943209881537113
/Users/somesh/Desktop/onehearthealth/ast-heart-quality/data_processed/PhysioNet2022/training_data/84708_AV.wav,1,10.198328860707424,0.8803966445559355
/Users/somesh/Desktop/onehearthealth/ast-heart-quality/data_processed/PhysioNet2022/training_data/84708_MV.wav,1,4.919348655767573,0.7191795599895733
/Users/somesh/Desktop/onehearthealth/ast-heart-quality/data_processed/PhysioNet2022/training_data/84718_AV.wav,1,5.232096356353736,0.7316372342681583
/Users/somesh/Desktop/onehearthealth/ast-heart-quality/data_processed/PhysioNet2022/training_data/84718_MV.wav,1,3.442132767975286,0.6558721030076822
/Users/somesh/Desktop/onehearthealth/ast-heart-quality/data_processed/PhysioNet2022/training_data/84718_PV.wav,1,9.84833726651156,0.8728274793106325
/Users/somesh/Desktop/onehearthealth/ast-heart-quality/data_processed/PhysioNet2022/training_data/84718_TV.wav,1,5.461510043004704,0.7405497561024261
/Users/somesh/Desktop/onehearthealth/ast-heart-quality/data_processed/PhysioNet2022/training_data/84751_AV.wav,1,6.508672110958448,0.7787264813219897
/Users/somesh/Desktop/onehearthealth/ast-heart-quality/data_processed/PhysioNet2022/training_data/84751_MV.wav,1,5.074918454519166,0.7254202829364453
/Users/somesh/Desktop/onehearthealth/ast-heart-quality/data_processed/PhysioNet2022/training_data/84751_PV.wav,1,5.5158263531135034,0.7426315173654449
/Users/somesh/Desktop/onehearthealth/ast-heart-quality/data_processed/PhysioNet2022/training_data/84751_TV.wav,1,6.9277806759783775,0.7928321178628627
/Users/somesh/Desktop/onehearthealth/ast-heart-quality/data_processed/PhysioNet2022/training_data/84753_AV.wav,1,4.998824046347799,0.722378522916943
/Users/somesh/Desktop/onehearthealth/ast-heart-quality/data_processed/PhysioNet2022/training_data/84753_MV.wav,1,5.235711181888717,0.7317791604937715
/Users/somesh/Desktop/onehearthealth/ast-heart-quality/data_processed/PhysioNet2022/training_data/84753_PV.wav,1,3.9092495807008687,0.676640583234471
/Users/somesh/Desktop/onehearthealth/ast-heart-quality/data_processed/PhysioNet2022/training_data/84753_TV.wav,1,4.052715411505531,0.682886508375821
/Users/somesh/Desktop/onehearthealth/ast-heart-quality/data_processed/PhysioNet2022/training_data/84754_AV.wav,1,4.72131549674088,0.7111116089890985
/Users/somesh/Desktop/onehearthealth/ast-heart-quality/data_processed/PhysioNet2022/training_data/84754_MV.wav,1,5.866303473668337,0.7557995081397022
/Users/somesh/Desktop/onehearthealth/ast-heart-quality/data_processed/PhysioNet2022/training_data/84754_TV.wav,1,8.664192880780812,0.8441405600182913
/Users/somesh/Desktop/onehearthealth/ast-heart-quality/data_processed/PhysioNet2022/training_data/84755_MV.wav,1,4.67607127928407,0.7092491427911203
/Users/somesh/Desktop/onehearthealth/ast-heart-quality/data_processed/PhysioNet2022/training_data/84764_AV.wav,1,4.040201614099504,0.6823442815850386
/Users/somesh/Desktop/onehearthealth/ast-heart-quality/data_processed/PhysioNet2022/training_data/84764_MV.wav,1,5.202116856142865,0.7304583403179021
/Users/somesh/Desktop/onehearthealth/ast-heart-quality/data_processed/PhysioNet2022/training_data/84764_PV.wav,1,4.583239081470647,0.7054056466205653
/Users/somesh/Desktop/onehearthealth/ast-heart-quality/data_processed/PhysioNet2022/training_data/84764_TV.wav,1,7.617837077209648,0.8145866704413018
/Users/somesh/Desktop/onehearthealth/ast-heart-quality/data_processed/PhysioNet2022/training_data/84768_PV.wav,1,4.994354924279866,0.7221992327787855
/Users/somesh/Desktop/onehearthealth/ast-heart-quality/data_processed/PhysioNet2022/training_data/84768_TV.wav,1,5.965978248733743,0.7594600476365084
/Users/somesh/Desktop/onehearthealth/ast-heart-quality/data_processed/PhysioNet2022/training_data/84769_MV.wav,1,10.548984410239227,0.8875865805421077
/Users/somesh/Desktop/onehearthealth/ast-heart-quality/data_processed/PhysioNet2022/training_data/84769_PV.wav,1,12.583694793017624,0.9222462026182161
/Users/somesh/Desktop/onehearthealth/ast-heart-quality/data_processed/PhysioNet2022/training_data/84775_AV.wav,1,5.426400780523123,0.7391983296030655
/Users/somesh/Desktop/onehearthealth/ast-heart-quality/data_processed/PhysioNet2022/training_data/84775_MV.wav,1,4.624768029117807,0.7071287109030077
/Users/somesh/Desktop/onehearthealth/ast-heart-quality/data_processed/PhysioNet2022/training_data/84775_PV.wav,1,3.9678658629317227,0.6792002795793873
/Users/somesh/Desktop/onehearthealth/ast-heart-quality/data_processed/PhysioNet2022/training_data/84775_TV.wav,1,5.528955529086054,0.7431330732717681
/Users/somesh/Desktop/onehearthealth/ast-heart-quality/data_processed/PhysioNet2022/training_data/84779_AV.wav,1,4.061411034417359,0.6832630003526724
/Users/somesh/Desktop/onehearthealth/ast-heart-quality/data_processed/PhysioNet2022/training_data/84779_MV.wav,1,9.071119672743386,0.8545508917411221
/Users/somesh/Desktop/onehearthealth/ast-heart-quality/data_processed/PhysioNet2022/training_data/84779_PV.wav,1,6.693858291226895,0.7850425009325128
/Users/somesh/Desktop/onehearthealth/ast-heart-quality/data_processed/PhysioNet2022/training_data/84779_TV.wav,1,4.39300062005371,0.6974377020122788
/Users/somesh/Desktop/onehearthealth/ast-heart-quality/data_processed/PhysioNet2022/training_data/84780_AV.wav,1,8.092848724915372,0.8285088155522446
/Users/somesh/Desktop/onehearthealth/ast-heart-quality/data_processed/PhysioNet2022/training_data/84780_MV.wav,1,4.442651523375373,0.6995290349532656
/Users/somesh/Desktop/onehearthealth/ast-heart-quality/data_processed/PhysioNet2022/training_data/84780_PV.wav,1,8.848724012072518,0.8489347764722257
/Users/somesh/Desktop/onehearthealth/ast-heart-quality/data_processed/PhysioNet2022/training_data/84780_TV.wav,1,13.747088653751387,0.9373764525392855
/Users/somesh/Desktop/onehearthealth/ast-heart-quality/data_processed/PhysioNet2022/training_data/84784_AV.wav,1,4.03398643012374,0.6820747916118198
/Users/somesh/Desktop/onehearthealth/ast-heart-quality/data_processed/PhysioNet2022/training_data/84784_MV.wav,1,7.971138473201197,0.8250225432698648
/Users/somesh/Desktop/onehearthealth/ast-heart-quality/data_processed/PhysioNet2022/training_data/84790_AV.wav,1,9.743470550145428,0.8704811844122347
/Users/somesh/Desktop/onehearthealth/ast-heart-quality/data_processed/PhysioNet2022/training_data/84802_AV.wav,1,3.3966944236319145,0.6538180854068919
/Users/somesh/Desktop/onehearthealth/ast-heart-quality/data_processed/PhysioNet2022/training_data/84802_MV.wav,1,8.768403660169195,0.8468630794896536
/Users/somesh/Desktop/onehearthealth/ast-heart-quality/data_processed/PhysioNet2022/training_data/84802_PV.wav,1,3.8015091169721793,0.6719080712974254
/Users/somesh/Desktop/onehearthealth/ast-heart-quality/data_processed/PhysioNet2022/training_data/84802_TV.wav,1,5.747553367830905,0.7513894623973293
/Users/somesh/Desktop/onehearthealth/ast-heart-quality/data_processed/PhysioNet2022/training_data/84808_AV.wav,1,8.575984012427025,0.8418053629315209
/Users/somesh/Desktop/onehearthealth/ast-heart-quality/data_processed/PhysioNet2022/training_data/84808_MV.wav,1,6.411049951878161,0.7753438957436483
/Users/somesh/Desktop/onehearthealth/ast-heart-quality/data_processed/PhysioNet2022/training_data/84808_PV.wav,1,4.569950653680801,0.7048530555810544
/Users/somesh/Desktop/onehearthealth/ast-heart-quality/data_processed/PhysioNet2022/training_data/84808_TV.wav,1,3.3813339661163138,0.6531224200416804
/Users/somesh/Desktop/onehearthealth/ast-heart-quality/data_processed/PhysioNet2022/training_data/84813_AV.wav,1,5.308977438603137,0.7346454912672222
/Users/somesh/Desktop/onehearthealth/ast-heart-quality/data_processed/PhysioNet2022/training_data/84813_MV.wav,1,8.926452349603263,0.8509176274104328
/Users/somesh/Desktop/onehearthealth/ast-heart-quality/data_processed/PhysioNet2022/training_data/84813_PV.wav,1,5.303964502656417,0.7344499994496639
/Users/somesh/Desktop/onehearthealth/ast-heart-quality/data_processed/PhysioNet2022/training_data/84813_TV.wav,1,3.0006729437698656,0.635679483218351
/Users/somesh/Desktop/onehearthealth/ast-heart-quality/data_processed/PhysioNet2022/training_data/84814_AV.wav,1,8.969293549147238,0.8520013021029418
/Users/somesh/Desktop/onehearthealth/ast-heart-quality/data_processed/PhysioNet2022/training_data/84814_PV.wav,1,4.601477359906978,0.7061630921963932
/Users/somesh/Desktop/onehearthealth/ast-heart-quality/data_processed/PhysioNet2022/training_data/84815_AV.wav,1,4.545619393805875,0.7038396955685134
/Users/somesh/Desktop/onehearthealth/ast-heart-quality/data_processed/PhysioNet2022/training_data/84815_MV.wav,1,3.8809454549060254,0.6754007690021661
/Users/somesh/Desktop/onehearthealth/ast-heart-quality/data_processed/PhysioNet2022/training_data/84815_PV.wav,1,4.1497523104042475,0.6870742303494737
/Users/somesh/Desktop/onehearthealth/ast-heart-quality/data_processed/PhysioNet2022/training_data/84815_TV.wav,1,3.672676913911567,0.6662029660222781
/Users/somesh/Desktop/onehearthealth/ast-heart-quality/data_processed/PhysioNet2022/training_data/84824_AV.wav,1,7.259307731949127,0.8035114721989339
/Users/somesh/Desktop/onehearthealth/ast-heart-quality/data_processed/PhysioNet2022/training_data/84824_MV.wav,1,5.638964514407743,0.7473104005396877
/Users/somesh/Desktop/onehearthealth/ast-heart-quality/data_processed/PhysioNet2022/training_data/84826_AV.wav,1,8.332646219987161,0.8352160364587757
/Users/somesh/Desktop/onehearthealth/ast-heart-quality/data_processed/PhysioNet2022/training_data/84826_MV.wav,1,4.649336831093253,0.7081453026519376
/Users/somesh/Desktop/onehearthealth/ast-heart-quality/data_processed/PhysioNet2022/training_data/84826_PV.wav,1,4.1396045282342095,0.6866377035663003
/Users/somesh/Desktop/onehearthealth/ast-heart-quality/data_processed/PhysioNet2022/training_data/84826_TV.wav,1,3.455425606093393,0.65647190314715
/Users/somesh/Desktop/onehearthealth/ast-heart-quality/data_processed/PhysioNet2022/training_data/84834_AV.wav,1,6.135045752869184,0.7655828143812193
/Users/somesh/Desktop/onehearthealth/ast-heart-quality/data_processed/PhysioNet2022/training_data/84834_MV.wav,1,7.3950641010678435,0.8077628411339892
/Users/somesh/Desktop/onehearthealth/ast-heart-quality/data_processed/PhysioNet2022/training_data/84834_PV.wav,1,6.745926674932641,0.7867946002676953
/Users/somesh/Desktop/onehearthealth/ast-heart-quality/data_processed/PhysioNet2022/training_data/84834_TV.wav,1,3.115062350943481,0.6409611713994416
/Users/somesh/Desktop/onehearthealth/ast-heart-quality/data_processed/PhysioNet2022/training_data/84855_MV.wav,1,7.597914186619312,0.8139841042650651
/Users/somesh/Desktop/onehearthealth/ast-heart-quality/data_processed/PhysioNet2022/training_data/84855_PV.wav,1,4.068717984678548,0.6835791818669154
/Users/somesh/Desktop/onehearthealth/ast-heart-quality/data_processed/PhysioNet2022/training_data/84855_TV.wav,1,4.965573893123616,0.721042903727137
/Users/somesh/Desktop/onehearthealth/ast-heart-quality/data_processed/PhysioNet2022/training_data/84856_AV.wav,1,4.680371203727209,0.7094264524816973
/Users/somesh/Desktop/onehearthealth/ast-heart-quality/data_processed/PhysioNet2022/training_data/84856_MV.wav,1,10.453260589084532,0.8856621593286521
/Users/somesh/Desktop/onehearthealth/ast-heart-quality/data_processed/PhysioNet2022/training_data/84856_PV.wav,1,9.527019404844832,0.8655217176622938
/Users/somesh/Desktop/onehearthealth/ast-heart-quality/data_processed/PhysioNet2022/training_data/84856_TV.wav,1,14.93757794047509,0.9499811143499115
/Users/somesh/Desktop/onehearthealth/ast-heart-quality/data_processed/PhysioNet2022/training_data/84857_AV.wav,1,3.7199148083088684,0.6683005769432996
/Users/somesh/Desktop/onehearthealth/ast-heart-quality/data_processed/PhysioNet2022/training_data/84857_MV.wav,1,4.508814808867762,0.7023030182326462
/Users/somesh/Desktop/onehearthealth/ast-heart-quality/data_processed/PhysioNet2022/training_data/84868_AV.wav,1,3.8627599711705756,0.6746028835287956
/Users/somesh/Desktop/onehearthealth/ast-heart-quality/data_processed/PhysioNet2022/training_data/84868_MV.wav,1,5.928232345111887,0.7580782596897778
/Users/somesh/Desktop/onehearthealth/ast-heart-quality/data_processed/PhysioNet2022/training_data/84868_PV.wav,1,13.217771545783084,0.9308667396439665
/Users/somesh/Desktop/onehearthealth/ast-heart-quality/data_processed/PhysioNet2022/training_data/84868_TV.wav,1,8.749965124050746,0.8463842234994258
/Users/somesh/Desktop/onehearthealth/ast-heart-quality/data_processed/PhysioNet2022/training_data/84874_AV.wav,1,12.543426389148937,0.9216667206393787
/Users/somesh/Desktop/onehearthealth/ast-heart-quality/data_processed/PhysioNet2022/training_data/84874_MV.wav,1,12.51801790146558,0.9212990493759431
/Users/somesh/Desktop/onehearthealth/ast-heart-quality/data_processed/PhysioNet2022/training_data/84874_PV.wav,1,3.5909394629571247,0.6625578445353344
/Users/somesh/Desktop/onehearthealth/ast-heart-quality/data_processed/PhysioNet2022/training_data/84874_TV.wav,1,4.768108640785974,0.7130303648601334
/Users/somesh/Desktop/onehearthealth/ast-heart-quality/data_processed/PhysioNet2022/training_data/84875_PV.wav,1,3.7990980566690546,0.6718017599879876
/Users/somesh/Desktop/onehearthealth/ast-heart-quality/data_processed/PhysioNet2022/training_data/84875_TV.wav,1,4.5985580071482195,0.7060419263557088
/Users/somesh/Desktop/onehearthealth/ast-heart-quality/data_processed/PhysioNet2022/training_data/84876_AV.wav,1,4.063338001268329,0.6833463992413865
/Users/somesh/Desktop/onehearthealth/ast-heart-quality/data_processed/PhysioNet2022/training_data/84876_MV.wav,1,13.92602208396778,0.9394446048518431
/Users/somesh/Desktop/onehearthealth/ast-heart-quality/data_processed/PhysioNet2022/training_data/84882_AV.wav,1,9.650156547639,0.868362483720536
/Users/somesh/Desktop/onehearthealth/ast-heart-quality/data_processed/PhysioNet2022/training_data/84882_MV.wav,1,3.6656239723128192,0.6658892107182752
/Users/somesh/Desktop/onehearthealth/ast-heart-quality/data_processed/PhysioNet2022/training_data/84882_PV.wav,1,5.519452850183831,0.7427701194065233
/Users/somesh/Desktop/onehearthealth/ast-heart-quality/data_processed/PhysioNet2022/training_data/84882_TV.wav,1,13.41428907132016,0.9333536369456641
/Users/somesh/Desktop/onehearthealth/ast-heart-quality/data_processed/PhysioNet2022/training_data/84883_AV.wav,1,3.002474731169491,0.6357629347144255
/Users/somesh/Desktop/onehearthealth/ast-heart-quality/data_processed/PhysioNet2022/training_data/84883_MV.wav,1,7.336012443503316,0.8059222400512682
/Users/somesh/Desktop/onehearthealth/ast-heart-quality/data_processed/PhysioNet2022/training_data/84883_PV.wav,1,3.372459023359038,0.6527201809102512
/Users/somesh/Desktop/onehearthealth/ast-heart-quality/data_processed/PhysioNet2022/training_data/84883_TV.wav,1,3.198020372322473,0.6447704001301565
/Users/somesh/Desktop/onehearthealth/ast-heart-quality/data_processed/PhysioNet2022/training_data/84884_AV.wav,1,10.735250663548882,0.8912502617420519
/Users/somesh/Desktop/onehearthealth/ast-heart-quality/data_processed/PhysioNet2022/training_data/84884_MV.wav,1,9.674973796422274,0.8689288144859839
/Users/somesh/Desktop/onehearthealth/ast-heart-quality/data_processed/PhysioNet2022/training_data/84884_PV.wav,1,4.533182507743854,0.7033209405795519
/Users/somesh/Desktop/onehearthealth/ast-heart-quality/data_processed/PhysioNet2022/training_data/84884_TV.wav,1,14.399250386417728,0.9446101504247234
/Users/somesh/Desktop/onehearthealth/ast-heart-quality/data_processed/PhysioNet2022/training_data/84919_PV.wav,1,3.2317594345333807,0.6463144152429484
/Users/somesh/Desktop/onehearthealth/ast-heart-quality/data_processed/PhysioNet2022/training_data/84919_TV.wav,1,6.668866828019855,0.7841978335263299
/Users/somesh/Desktop/onehearthealth/ast-heart-quality/data_processed/PhysioNet2022/training_data/84923_AV.wav,1,6.264728201675807,0.7702054254533268
/Users/somesh/Desktop/onehearthealth/ast-heart-quality/data_processed/PhysioNet2022/training_data/84923_MV.wav,1,4.899384994188634,0.7183724812686552
/Users/somesh/Desktop/onehearthealth/ast-heart-quality/data_processed/PhysioNet2022/training_data/84923_PV.wav,1,4.01588309032792,0.6812891371467841
/Users/somesh/Desktop/onehearthealth/ast-heart-quality/data_processed/PhysioNet2022/training_data/84923_TV.wav,1,10.899436646413438,0.8943922991384653
/Users/somesh/Desktop/onehearthealth/ast-heart-quality/data_processed/PhysioNet2022/training_data/84942_AV.wav,1,9.708870051372482,0.8696989845604257
/Users/somesh/Desktop/onehearthealth/ast-heart-quality/data_processed/PhysioNet2022/training_data/84942_PV.wav,1,8.99079191876346,0.8525426496859362
/Users/somesh/Desktop/onehearthealth/ast-heart-quality/data_processed/PhysioNet2022/training_data/84942_TV.wav,1,5.885187408134465,0.7564959032841568
/Users/somesh/Desktop/onehearthealth/ast-heart-quality/data_processed/PhysioNet2022/training_data/84946_AV.wav,1,4.776947122036673,0.713391931193693
/Users/somesh/Desktop/onehearthealth/ast-heart-quality/data_processed/PhysioNet2022/training_data/84946_MV.wav,1,3.505788007357908,0.6587398205300552
/Users/somesh/Desktop/onehearthealth/ast-heart-quality/data_processed/PhysioNet2022/training_data/84946_PV.wav,1,10.732883428552352,0.8912043652275318
/Users/somesh/Desktop/onehearthealth/ast-heart-quality/data_processed/PhysioNet2022/training_data/84946_TV.wav,1,7.510062410315928,0.8113090176747982
/Users/somesh/Desktop/onehearthealth/ast-heart-quality/data_processed/PhysioNet2022/training_data/84949_AV.wav,1,4.782860288399588,0.7136336759496543
/Users/somesh/Desktop/onehearthealth/ast-heart-quality/data_processed/PhysioNet2022/training_data/84949_MV.wav,1,5.395425916732429,0.738002268458456
/Users/somesh/Desktop/onehearthealth/ast-heart-quality/data_processed/PhysioNet2022/training_data/84949_PV.wav,1,16.74528108845529,0.9646198134741306
/Users/somesh/Desktop/onehearthealth/ast-heart-quality/data_processed/PhysioNet2022/training_data/84949_TV.wav,1,4.074749816662174,0.6838400595243466
/Users/somesh/Desktop/onehearthealth/ast-heart-quality/data_processed/PhysioNet2022/training_data/84950_AV.wav,1,3.9616791704927454,0.6789306195291411
/Users/somesh/Desktop/onehearthealth/ast-heart-quality/data_processed/PhysioNet2022/training_data/84950_PV.wav,1,8.386676388716797,0.8366978909168277
/Users/somesh/Desktop/onehearthealth/ast-heart-quality/data_processed/PhysioNet2022/training_data/84950_TV.wav,1,5.318512512737269,0.7350170811966903
/Users/somesh/Desktop/onehearthealth/ast-heart-quality/data_processed/PhysioNet2022/training_data/84961_AV.wav,1,7.922396211151331,0.8236107913946391
/Users/somesh/Desktop/onehearthealth/ast-heart-quality/data_processed/PhysioNet2022/training_data/84961_MV.wav,1,6.999491559969808,0.7951779188675117
/Users/somesh/Desktop/onehearthealth/ast-heart-quality/data_processed/PhysioNet2022/training_data/84961_PV.wav,1,4.339920988856273,0.6951928626677207
/Users/somesh/Desktop/onehearthealth/ast-heart-quality/data_processed/PhysioNet2022/training_data/84961_TV.wav,1,3.5590700001347475,0.6611313286208613
/Users/somesh/Desktop/onehearthealth/ast-heart-quality/data_processed/PhysioNet2022/training_data/84962_AV.wav,1,4.26410323315079,0.6919702333830612
/Users/somesh/Desktop/onehearthealth/ast-heart-quality/data_processed/PhysioNet2022/training_data/84962_MV.wav,1,4.299745672571204,0.6934875694165663
/Users/somesh/Desktop/onehearthealth/ast-heart-quality/data_processed/PhysioNet2022/training_data/84962_PV.wav,1,5.152493033941662,0.7284998002507505
/Users/somesh/Desktop/onehearthealth/ast-heart-quality/data_processed/PhysioNet2022/training_data/84962_TV.wav,1,4.984475215888605,0.7218026305375945
/Users/somesh/Desktop/onehearthealth/ast-heart-quality/data_processed/PhysioNet2022/training_data/84965_AV.wav,1,6.543760019858533,0.7799333261817678
/Users/somesh/Desktop/onehearthealth/ast-heart-quality/data_processed/PhysioNet2022/training_data/84965_MV.wav,1,3.7633181156572766,0.6702220425927784
/Users/somesh/Desktop/onehearthealth/ast-heart-quality/data_processed/PhysioNet2022/training_data/84965_PV.wav,1,3.6291889451907604,0.6642660371748219
/Users/somesh/Desktop/onehearthealth/ast-heart-quality/data_processed/PhysioNet2022/training_data/84965_TV.wav,1,5.585359061362959,0.7452804931579566
/Users/somesh/Desktop/onehearthealth/ast-heart-quality/data_processed/PhysioNet2022/training_data/84966_AV.wav,1,4.860172366084635,0.7167831189970879
/Users/somesh/Desktop/onehearthealth/ast-heart-quality/data_processed/PhysioNet2022/training_data/84966_PV.wav,1,6.016261780245486,0.761292414943938
/Users/somesh/Desktop/onehearthealth/ast-heart-quality/data_processed/PhysioNet2022/training_data/84971_MV.wav,1,5.4764935541068915,0.7411251147440869
/Users/somesh/Desktop/onehearthealth/ast-heart-quality/data_processed/PhysioNet2022/training_data/84971_PV.wav,1,8.320767241020372,0.8348887947244497
/Users/somesh/Desktop/onehearthealth/ast-heart-quality/data_processed/PhysioNet2022/training_data/84971_TV.wav,1,3.180066805080672,0.6439475507667959
/Users/somesh/Desktop/onehearthealth/ast-heart-quality/data_processed/PhysioNet2022/training_data/84976_AV.wav,1,4.416151660910316,0.6984138667864387
/Users/somesh/Desktop/onehearthealth/ast-heart-quality/data_processed/PhysioNet2022/training_data/84976_MV.wav,1,3.6975111800154,0.667306564529818
/Users/somesh/Desktop/onehearthealth/ast-heart-quality/data_processed/PhysioNet2022/training_data/84976_PV.wav,1,11.928895935464599,0.9123206458649573
/Users/somesh/Desktop/onehearthealth/ast-heart-quality/data_processed/PhysioNet2022/training_data/84976_TV.wav,1,8.089040458493987,0.8284005712836721
/Users/somesh/Desktop/onehearthealth/ast-heart-quality/data_processed/PhysioNet2022/training_data/84991_AV.wav,1,7.31318181517995,0.8052070473123072
/Users/somesh/Desktop/onehearthealth/ast-heart-quality/data_processed/PhysioNet2022/training_data/84991_MV.wav,1,4.889706124898891,0.7179806826641317
/Users/somesh/Desktop/onehearthealth/ast-heart-quality/data_processed/PhysioNet2022/training_data/84991_PV.wav,1,5.92785818831285,0.7580645356817222
/Users/somesh/Desktop/onehearthealth/ast-heart-quality/data_processed/PhysioNet2022/training_data/84991_TV.wav,1,6.623384408203173,0.7826544417332827
/Users/somesh/Desktop/onehearthealth/ast-heart-quality/data_processed/PhysioNet2022/training_data/84993_AV.wav,1,4.086135994559992,0.6843321980618888
/Users/somesh/Desktop/onehearthealth/ast-heart-quality/data_processed/PhysioNet2022/training_data/84993_MV.wav,1,5.357652492974754,0.7365389087833255
/Users/somesh/Desktop/onehearthealth/ast-heart-quality/data_processed/PhysioNet2022/training_data/84993_PV.wav,1,9.239537889523707,0.8586877592879048
/Users/somesh/Desktop/onehearthealth/ast-heart-quality/data_processed/PhysioNet2022/training_data/84993_TV.wav,1,8.218816280066104,0.8320587905408214
/Users/somesh/Desktop/onehearthealth/ast-heart-quality/data_processed/PhysioNet2022/training_data/84996_AV.wav,1,7.522930714322996,0.8117026952689695
/Users/somesh/Desktop/onehearthealth/ast-heart-quality/data_processed/PhysioNet2022/training_data/84996_MV.wav,1,10.032142793289502,0.8768523338046972
/Users/somesh/Desktop/onehearthealth/ast-heart-quality/data_processed/PhysioNet2022/training_data/84996_PV.wav,1,6.05785144354722,0.7628007149979368
/Users/somesh/Desktop/onehearthealth/ast-heart-quality/data_processed/PhysioNet2022/training_data/84996_TV.wav,1,5.880932539722714,0.7563391113347018
/Users/somesh/Desktop/onehearthealth/ast-heart-quality/data_processed/PhysioNet2022/training_data/85012_AV.wav,1,1.5210359542111251,0.5648164857399615
/Users/somesh/Desktop/onehearthealth/ast-heart-quality/data_processed/PhysioNet2022/training_data/85012_MV.wav,1,10.934154847017306,0.8950463648839573
/Users/somesh/Desktop/onehearthealth/ast-heart-quality/data_processed/PhysioNet2022/training_data/85012_PV.wav,1,6.38485912443087,0.7744301662365026
/Users/somesh/Desktop/onehearthealth/ast-heart-quality/data_processed/PhysioNet2022/training_data/85012_TV.wav,1,3.754112220217798,0.6698149695206045
/Users/somesh/Desktop/onehearthealth/ast-heart-quality/data_processed/PhysioNet2022/training_data/85026_AV.wav,1,4.853951905574124,0.7165304938812751
/Users/somesh/Desktop/onehearthealth/ast-heart-quality/data_processed/PhysioNet2022/training_data/85026_MV.wav,1,7.882655873111042,0.822453156045061
/Users/somesh/Desktop/onehearthealth/ast-heart-quality/data_processed/PhysioNet2022/training_data/85029_AV.wav,1,6.388372783956797,0.7745529014518469
/Users/somesh/Desktop/onehearthealth/ast-heart-quality/data_processed/PhysioNet2022/training_data/85029_MV.wav,1,3.031010750188524,0.6370835161073224
/Users/somesh/Desktop/onehearthealth/ast-heart-quality/data_processed/PhysioNet2022/training_data/85029_PV.wav,1,4.8922390489818675,0.7180832468699885
/Users/somesh/Desktop/onehearthealth/ast-heart-quality/data_processed/PhysioNet2022/training_data/85029_TV.wav,1,6.305240557949793,0.7716363334051783
/Users/somesh/Desktop/onehearthealth/ast-heart-quality/data_processed/PhysioNet2022/training_data/85034_AV.wav,1,9.108062052691608,0.8554668289544954
/Users/somesh/Desktop/onehearthealth/ast-heart-quality/data_processed/PhysioNet2022/training_data/85034_MV.wav,1,8.752712676567139,0.8464556561409841
/Users/somesh/Desktop/onehearthealth/ast-heart-quality/data_processed/PhysioNet2022/training_data/85035_AV.wav,1,4.3435938068935105,0.6953484941881365
/Users/somesh/Desktop/onehearthealth/ast-heart-quality/data_processed/PhysioNet2022/training_data/85035_MV.wav,1,10.760056244080474,0.8917301766354458
/Users/somesh/Desktop/onehearthealth/ast-heart-quality/data_processed/PhysioNet2022/training_data/85035_PV.wav,1,5.589993878356953,0.7454564255396902
/Users/somesh/Desktop/onehearthealth/ast-heart-quality/data_processed/PhysioNet2022/training_data/85035_TV.wav,1,11.027200609073457,0.8967816711770576
/Users/somesh/Desktop/onehearthealth/ast-heart-quality/data_processed/PhysioNet2022/training_data/85063_MV.wav,1,3.3144522569785857,0.6500857882503038
/Users/somesh/Desktop/onehearthealth/ast-heart-quality/data_processed/PhysioNet2022/training_data/85080_AV.wav,1,9.60618888192337,0.8673540429810488
/Users/somesh/Desktop/onehearthealth/ast-heart-quality/data_processed/PhysioNet2022/training_data/85080_MV.wav,1,4.08494777061114,0.6842808593958063
/Users/somesh/Desktop/onehearthealth/ast-heart-quality/data_processed/PhysioNet2022/training_data/85080_PV.wav,1,5.291016841093836,0.7339446481576708
/Users/somesh/Desktop/onehearthealth/ast-heart-quality/data_processed/PhysioNet2022/training_data/85080_TV.wav,1,5.038359576159492,0.72396148388365
/Users/somesh/Desktop/onehearthealth/ast-heart-quality/data_processed/PhysioNet2022/training_data/85094_AV.wav,1,3.8233966919822446,0.6728723568455327
/Users/somesh/Desktop/onehearthealth/ast-heart-quality/data_processed/PhysioNet2022/training_data/85094_MV.wav,1,3.865132749794857,0.6747070464421923
/Users/somesh/Desktop/onehearthealth/ast-heart-quality/data_processed/PhysioNet2022/training_data/85094_PV.wav,1,6.148269566409629,0.7660571253195209
/Users/somesh/Desktop/onehearthealth/ast-heart-quality/data_processed/PhysioNet2022/training_data/85094_TV.wav,1,3.2882699122024266,0.648893692202164
/Users/somesh/Desktop/onehearthealth/ast-heart-quality/data_processed/PhysioNet2022/training_data/85096_AV.wav,1,10.900867959068766,0.8944193349315562
/Users/somesh/Desktop/onehearthealth/ast-heart-quality/data_processed/PhysioNet2022/training_data/85096_MV.wav,1,6.599153268485624,0.7818289378555747
/Users/somesh/Desktop/onehearthealth/ast-heart-quality/data_processed/PhysioNet2022/training_data/85096_PV.wav,1,3.5550352520152684,0.6609505187941812
/Users/somesh/Desktop/onehearthealth/ast-heart-quality/data_processed/PhysioNet2022/training_data/85096_TV.wav,1,4.5907777883758785,0.7057188710615043
/Users/somesh/Desktop/onehearthealth/ast-heart-quality/data_processed/PhysioNet2022/training_data/85100_AV.wav,1,4.022300507258275,0.6815677604788348
/Users/somesh/Desktop/onehearthealth/ast-heart-quality/data_processed/PhysioNet2022/training_data/85100_PV.wav,1,3.2331039289422066,0.6463758809821734
/Users/somesh/Desktop/onehearthealth/ast-heart-quality/data_processed/PhysioNet2022/training_data/85102_AV.wav,1,16.49956012050853,0.9629037614758417
/Users/somesh/Desktop/onehearthealth/ast-heart-quality/data_processed/PhysioNet2022/training_data/85102_MV.wav,1,9.163898357674103,0.8568421127240933
/Users/somesh/Desktop/onehearthealth/ast-heart-quality/data_processed/PhysioNet2022/training_data/85102_PV.wav,1,3.792592964383317,0.6715148419418145
/Users/somesh/Desktop/onehearthealth/ast-heart-quality/data_processed/PhysioNet2022/training_data/85102_TV.wav,1,9.529513488606414,0.8655797662913558
/Users/somesh/Desktop/onehearthealth/ast-heart-quality/data_processed/PhysioNet2022/training_data/85103_AV.wav,1,10.363992224083772,0.8838417262979648
/Users/somesh/Desktop/onehearthealth/ast-heart-quality/data_processed/PhysioNet2022/training_data/85103_PV.wav,1,15.44979244219672,0.9546305033131155
/Users/somesh/Desktop/onehearthealth/ast-heart-quality/data_processed/PhysioNet2022/training_data/85103_TV.wav,1,2.9280557691727527,0.632309403658825
/Users/somesh/Desktop/onehearthealth/ast-heart-quality/data_processed/PhysioNet2022/training_data/85108_AV.wav,1,5.972584585799398,0.7597013346544323
/Users/somesh/Desktop/onehearthealth/ast-heart-quality/data_processed/PhysioNet2022/training_data/85108_MV.wav,1,9.724761957091133,0.8700587441324289
/Users/somesh/Desktop/onehearthealth/ast-heart-quality/data_processed/PhysioNet2022/training_data/85108_PV.wav,1,7.642140689772604,0.8153196884536693
/Users/somesh/Desktop/onehearthealth/ast-heart-quality/data_processed/PhysioNet2022/training_data/85108_TV.wav,1,5.408469895460836,0.7385063786641196
/Users/somesh/Desktop/onehearthealth/ast-heart-quality/data_processed/PhysioNet2022/training_data/85113_AV.wav,1,9.97081383198021,0.8755217111404078
/Users/somesh/Desktop/onehearthealth/ast-heart-quality/data_processed/PhysioNet2022/training_data/85113_MV.wav,1,3.6460418401833214,0.6650173158028336
/Users/somesh/Desktop/onehearthealth/ast-heart-quality/data_processed/PhysioNet2022/training_data/85113_PV.wav,1,3.27356745195663,0.6482234649766743
/Users/somesh/Desktop/onehearthealth/ast-heart-quality/data_processed/PhysioNet2022/training_data/85113_TV.wav,1,2.503323151472835,0.6123474733625531
/Users/somesh/Desktop/onehearthealth/ast-heart-quality/data_processed/PhysioNet2022/training_data/85115_AV.wav,1,6.772583432180584,0.7876875609265723
/Users/somesh/Desktop/onehearthealth/ast-heart-quality/data_processed/PhysioNet2022/training_data/85115_MV.wav,1,3.4959313361816218,0.6582965227257814
/Users/somesh/Desktop/onehearthealth/ast-heart-quality/data_processed/PhysioNet2022/training_data/85115_PV.wav,1,7.959277256083005,0.8246798212984767
/Users/somesh/Desktop/onehearthealth/ast-heart-quality/data_processed/PhysioNet2022/training_data/85115_TV.wav,1,1.460443846949413,0.5618354869941364
/Users/somesh/Desktop/onehearthealth/ast-heart-quality/data_processed/PhysioNet2022/training_data/85116_AV.wav,1,6.0742607751834985,0.7633940098199433
/Users/somesh/Desktop/onehearthealth/ast-heart-quality/data_processed/PhysioNet2022/training_data/85116_MV.wav,1,7.919108304738498,0.8235152402497317
/Users/somesh/Desktop/onehearthealth/ast-heart-quality/data_processed/PhysioNet2022/training_data/85116_PV.wav,1,2.1917272044432714,0.5974548160478519
/Users/somesh/Desktop/onehearthealth/ast-heart-quality/data_processed/PhysioNet2022/training_data/85116_TV.wav,1,3.1350655467393156,0.6418813181517259
/Users/somesh/Desktop/onehearthealth/ast-heart-quality/data_processed/PhysioNet2022/training_data/85118_AV.wav,1,6.184454453302394,0.7673515920526853
/Users/somesh/Desktop/onehearthealth/ast-heart-quality/data_processed/PhysioNet2022/training_data/85118_MV.wav,1,9.476611452801816,0.8643439521616293
/Users/somesh/Desktop/onehearthealth/ast-heart-quality/data_processed/PhysioNet2022/training_data/85118_PV.wav,1,11.411411677144724,0.903680772161379
/Users/somesh/Desktop/onehearthealth/ast-heart-quality/data_processed/PhysioNet2022/training_data/85118_TV.wav,1,4.624024355115106,0.7070979073194172
/Users/somesh/Desktop/onehearthealth/ast-heart-quality/data_processed/PhysioNet2022/training_data/85132_AV.wav,1,3.298219087551768,0.6493469032320487
/Users/somesh/Desktop/onehearthealth/ast-heart-quality/data_processed/PhysioNet2022/training_data/85132_MV.wav,1,6.918842395760466,0.7925383428103019
/Users/somesh/Desktop/onehearthealth/ast-heart-quality/data_processed/PhysioNet2022/training_data/85132_PV.wav,1,5.710313906393952,0.749995567880057
/Users/somesh/Desktop/onehearthealth/ast-heart-quality/data_processed/PhysioNet2022/training_data/85132_TV.wav,1,4.7630348158322615,0.7128226807342192
/Users/somesh/Desktop/onehearthealth/ast-heart-quality/data_processed/PhysioNet2022/training_data/85161_AV.wav,1,5.838374496351511,0.754767084309818
/Users/somesh/Desktop/onehearthealth/ast-heart-quality/data_processed/PhysioNet2022/training_data/85161_MV.wav,1,7.776162783947714,0.8193216593449625
/Users/somesh/Desktop/onehearthealth/ast-heart-quality/data_processed/PhysioNet2022/training_data/85161_PV.wav,1,4.45137296463182,0.6998955360501024
/Users/somesh/Desktop/onehearthealth/ast-heart-quality/data_processed/PhysioNet2022/training_data/85161_TV.wav,1,6.220768812702904,0.7686456642055326
/Users/somesh/Desktop/onehearthealth/ast-heart-quality/data_processed/PhysioNet2022/training_data/85162_AV.wav,1,6.164831799702525,0.7666502375779368
/Users/somesh/Desktop/onehearthealth/ast-heart-quality/data_processed/PhysioNet2022/training_data/85162_MV.wav,1,6.505583021218158,0.7786200058226701
/Users/somesh/Desktop/onehearthealth/ast-heart-quality/data_processed/PhysioNet2022/training_data/85162_PV.wav,1,3.9075388040818906,0.6765657157740819
/Users/somesh/Desktop/onehearthealth/ast-heart-quality/data_processed/PhysioNet2022/training_data/85162_TV.wav,1,3.575473007904427,0.6618659147836948
/Users/somesh/Desktop/onehearthealth/ast-heart-quality/data_processed/PhysioNet2022/training_data/85163_AV.wav,1,6.041443136717958,0.7622064330361675
/Users/somesh/Desktop/onehearthealth/ast-heart-quality/data_processed/PhysioNet2022/training_data/85163_MV.wav,1,7.256796309931321,0.8034321590528332
/Users/somesh/Desktop/onehearthealth/ast-heart-quality/data_processed/PhysioNet2022/training_data/85163_PV.wav,1,11.773375288309008,0.909800456204861
/Users/somesh/Desktop/onehearthealth/ast-heart-quality/data_processed/PhysioNet2022/training_data/85163_TV.wav,1,3.7062670109100804,0.6676952243605346
/Users/somesh/Desktop/onehearthealth/ast-heart-quality/data_processed/PhysioNet2022/training_data/85175_AV.wav,1,4.266347454765933,0.6920658951524796
/Users/somesh/Desktop/onehearthealth/ast-heart-quality/data_processed/PhysioNet2022/training_data/85175_MV.wav,1,5.563747491888367,0.7444590864221914
/Users/somesh/Desktop/onehearthealth/ast-heart-quality/data_processed/PhysioNet2022/training_data/85175_PV.wav,1,6.498459057815527,0.7783743155453888
/Users/somesh/Desktop/onehearthealth/ast-heart-quality/data_processed/PhysioNet2022/training_data/85175_TV.wav,1,7.347601747170459,0.8062845232660114
/Users/somesh/Desktop/onehearthealth/ast-heart-quality/data_processed/PhysioNet2022/training_data/85186_AV.wav,1,6.067081566524136,0.7631345648481649
/Users/somesh/Desktop/onehearthealth/ast-heart-quality/data_processed/PhysioNet2022/training_data/85186_PV.wav,1,6.000477999752713,0.7607182763268948
/Users/somesh/Desktop/onehearthealth/ast-heart-quality/data_processed/PhysioNet2022/training_data/85186_TV.wav,1,4.180437022151673,0.6883921755697627
/Users/somesh/Desktop/onehearthealth/ast-heart-quality/data_processed/PhysioNet2022/training_data/85198_AV.wav,1,6.435479111767382,0.7761937929539036
/Users/somesh/Desktop/onehearthealth/ast-heart-quality/data_processed/PhysioNet2022/training_data/85198_MV.wav,1,9.251600321955484,0.8589802446179634
/Users/somesh/Desktop/onehearthealth/ast-heart-quality/data_processed/PhysioNet2022/training_data/85198_PV.wav,1,3.9376787914799465,0.6778833831649386
/Users/somesh/Desktop/onehearthealth/ast-heart-quality/data_processed/PhysioNet2022/training_data/85198_TV.wav,1,11.00756424866576,0.8964175790789654
/Users/somesh/Desktop/onehearthealth/ast-heart-quality/data_processed/PhysioNet2022/training_data/85207_AV.wav,1,3.254221595337769,0.6473406734150164
/Users/somesh/Desktop/onehearthealth/ast-heart-quality/data_processed/PhysioNet2022/training_data/85207_MV.wav,1,4.846391661605632,0.7162232742515839
/Users/somesh/Desktop/onehearthealth/ast-heart-quality/data_processed/PhysioNet2022/training_data/85207_PV.wav,1,13.89997630761603,0.9391475848914186
/Users/somesh/Desktop/onehearthealth/ast-heart-quality/data_processed/PhysioNet2022/training_data/85207_TV.wav,1,9.136859764136977,0.8561775010205087
/Users/somesh/Desktop/onehearthealth/ast-heart-quality/data_processed/PhysioNet2022/training_data/85216_AV.wav,1,15.424130659390098,0.9544076958835916
/Users/somesh/Desktop/onehearthealth/ast-heart-quality/data_processed/PhysioNet2022/training_data/85216_MV.wav,1,4.553657633517746,0.7041746989293849
/Users/somesh/Desktop/onehearthealth/ast-heart-quality/data_processed/PhysioNet2022/training_data/85216_PV.wav,1,4.061649799278106,0.6832733347060691
/Users/somesh/Desktop/onehearthealth/ast-heart-quality/data_processed/PhysioNet2022/training_data/85216_TV.wav,1,4.537789766906689,0.7035131752384592
/Users/somesh/Desktop/onehearthealth/ast-heart-quality/data_processed/PhysioNet2022/training_data/85234_AV.wav,1,9.26016906817991,0.8591877088373254
/Users/somesh/Desktop/onehearthealth/ast-heart-quality/data_processed/PhysioNet2022/training_data/85234_MV.wav,1,6.862787639026346,0.7906889775442045
/Users/somesh/Desktop/onehearthealth/ast-heart-quality/data_processed/PhysioNet2022/training_data/85234_PV.wav,1,5.816642290421123,0.7539616947222485
/Users/somesh/Desktop/onehearthealth/ast-heart-quality/data_processed/PhysioNet2022/training_data/85234_TV.wav,1,5.473867056136305,0.7410243186930547
/Users/somesh/Desktop/onehearthealth/ast-heart-quality/data_processed/PhysioNet2022/training_data/85236_AV.wav,1,6.949142179697751,0.7935329626165712
/Users/somesh/Desktop/onehearthealth/ast-heart-quality/data_processed/PhysioNet2022/training_data/85236_MV.wav,1,7.603871472113807,0.8141644400444178
/Users/somesh/Desktop/onehearthealth/ast-heart-quality/data_processed/PhysioNet2022/training_data/85236_PV.wav,1,9.604948316537511,0.8673254947197495
/Users/somesh/Desktop/onehearthealth/ast-heart-quality/data_processed/PhysioNet2022/training_data/85236_TV.wav,1,4.856048926045158,0.7166156732164274
/Users/somesh/Desktop/onehearthealth/ast-heart-quality/data_processed/PhysioNet2022/training_data/85247_AV.wav,1,9.088916688039713,0.8549927449125848
/Users/somesh/Desktop/onehearthealth/ast-heart-quality/data_processed/PhysioNet2022/training_data/85247_MV.wav,1,5.191251183691907,0.7300302599211205
/Users/somesh/Desktop/onehearthealth/ast-heart-quality/data_processed/PhysioNet2022/training_data/85247_PV.wav,1,7.946470018859932,0.8243091714592536
/Users/somesh/Desktop/onehearthealth/ast-heart-quality/data_processed/PhysioNet2022/training_data/85247_TV.wav,1,3.9205730379735453,0.6771358950771978
/Users/somesh/Desktop/onehearthealth/ast-heart-quality/data_processed/PhysioNet2022/training_data/85250_AV.wav,1,3.5451662455460857,0.66050805951168
/Users/somesh/Desktop/onehearthealth/ast-heart-quality/data_processed/PhysioNet2022/training_data/85250_MV.wav,1,5.2029070212800645,0.7304894541420428
/Users/somesh/Desktop/onehearthealth/ast-heart-quality/data_processed/PhysioNet2022/training_data/85250_PV.wav,1,12.438248813335111,0.9201344814078092
/Users/somesh/Desktop/onehearthealth/ast-heart-quality/data_processed/PhysioNet2022/training_data/85250_TV.wav,1,10.100092464001246,0.8783123068285427
/Users/somesh/Desktop/onehearthealth/ast-heart-quality/data_processed/PhysioNet2022/training_data/85252_AV.wav,1,6.090220934247151,0.7639700812550579
/Users/somesh/Desktop/onehearthealth/ast-heart-quality/data_processed/PhysioNet2022/training_data/85252_MV.wav,1,3.1847881391161326,0.6441640219730572
/Users/somesh/Desktop/onehearthealth/ast-heart-quality/data_processed/PhysioNet2022/training_data/85252_PV.wav,1,9.576338269777478,0.8666656667161912
/Users/somesh/Desktop/onehearthealth/ast-heart-quality/data_processed/PhysioNet2022/training_data/85252_TV.wav,1,9.171047812213104,0.8570174189638058
/Users/somesh/Desktop/onehearthealth/ast-heart-quality/data_processed/PhysioNet2022/training_data/85258_AV.wav,1,3.3435059975219437,0.651406428393748
/Users/somesh/Desktop/onehearthealth/ast-heart-quality/data_processed/PhysioNet2022/training_data/85258_MV.wav,1,10.510748865191744,0.8868213132202616
/Users/somesh/Desktop/onehearthealth/ast-heart-quality/data_processed/PhysioNet2022/training_data/85258_PV.wav,1,7.898777215459929,0.8229234871029161
/Users/somesh/Desktop/onehearthealth/ast-heart-quality/data_processed/PhysioNet2022/training_data/85258_TV.wav,1,7.47858195208283,0.8103432801255038
/Users/somesh/Desktop/onehearthealth/ast-heart-quality/data_processed/PhysioNet2022/training_data/85269_AV.wav,1,3.1011440985095104,0.6403203190091296
/Users/somesh/Desktop/onehearthealth/ast-heart-quality/data_processed/PhysioNet2022/training_data/85269_PV.wav,1,4.093336713563015,0.6846432176700868
/Users/somesh/Desktop/onehearthealth/ast-heart-quality/data_processed/PhysioNet2022/training_data/85276_MV.wav,1,3.246932837340026,0.6470078108087732
/Users/somesh/Desktop/onehearthealth/ast-heart-quality/data_processed/PhysioNet2022/training_data/85277_AV.wav,1,5.56056646261097,0.7443380359536249
/Users/somesh/Desktop/onehearthealth/ast-heart-quality/data_processed/PhysioNet2022/training_data/85277_MV.wav,1,2.778108443760994,0.6253097771750694
/Users/somesh/Desktop/onehearthealth/ast-heart-quality/data_processed/PhysioNet2022/training_data/85277_PV.wav,1,5.777687565131979,0.7525135895776203
/Users/somesh/Desktop/onehearthealth/ast-heart-quality/data_processed/PhysioNet2022/training_data/85277_TV.wav,1,4.322342239651268,0.6944473653390258
/Users/somesh/Desktop/onehearthealth/ast-heart-quality/data_processed/PhysioNet2022/training_data/85278_AV.wav,1,7.307274551044785,0.8050216711987879
/Users/somesh/Desktop/onehearthealth/ast-heart-quality/data_processed/PhysioNet2022/training_data/85278_MV.wav,1,6.56583868931828,0.7806902940433977
/Users/somesh/Desktop/onehearthealth/ast-heart-quality/data_processed/PhysioNet2022/training_data/85278_PV.wav,1,5.741238656499775,0.7511534656707287
/Users/somesh/Desktop/onehearthealth/ast-heart-quality/data_processed/PhysioNet2022/training_data/85278_TV.wav,1,4.975209187155645,0.7214303472459725
/Users/somesh/Desktop/onehearthealth/ast-heart-quality/data_processed/PhysioNet2022/training_data/85285_AV.wav,1,8.28297832126783,0.8338443194090452
/Users/somesh/Desktop/onehearthealth/ast-heart-quality/data_processed/PhysioNet2022/training_data/85285_MV.wav,1,5.584443271727501,0.7452457213566667
/Users/somesh/Desktop/onehearthealth/ast-heart-quality/data_processed/PhysioNet2022/training_data/85285_PV.wav,1,3.6551893358512326,0.6654247489003159
/Users/somesh/Desktop/onehearthealth/ast-heart-quality/data_processed/PhysioNet2022/training_data/85285_TV.wav,1,7.081475018884147,0.7978355257928914
/Users/somesh/Desktop/onehearthealth/ast-heart-quality/data_processed/PhysioNet2022/training_data/85293_AV.wav,1,3.365810453307287,0.6524187047531638
/Users/somesh/Desktop/onehearthealth/ast-heart-quality/data_processed/PhysioNet2022/training_data/85293_MV.wav,1,10.619071275131498,0.888977606809175
/Users/somesh/Desktop/onehearthealth/ast-heart-quality/data_processed/PhysioNet2022/training_data/85293_PV.wav,1,4.78821270646633,0.7138523906403251
/Users/somesh/Desktop/onehearthealth/ast-heart-quality/data_processed/PhysioNet2022/training_data/85293_TV.wav,1,4.888284636062786,0.7179231132277923
/Users/somesh/Desktop/onehearthealth/ast-heart-quality/data_processed/PhysioNet2022/training_data/85296_AV.wav,1,3.4883872074583095,0.6579570431093826
/Users/somesh/Desktop/onehearthealth/ast-heart-quality/data_processed/PhysioNet2022/training_data/85296_MV.wav,1,4.845127935350835,0.7161719016050724
/Users/somesh/Desktop/onehearthealth/ast-heart-quality/data_processed/PhysioNet2022/training_data/85296_PV.wav,1,9.309953108289342,0.8603880225151721
/Users/somesh/Desktop/onehearthealth/ast-heart-quality/data_processed/PhysioNet2022/training_data/85296_TV.wav,1,8.560178745036445,0.8413839533367332
/Users/somesh/Desktop/onehearthealth/ast-heart-quality/data_processed/PhysioNet2022/training_data/85299_AV.wav,1,9.11541263299157,0.8556485040327765
/Users/somesh/Desktop/onehearthealth/ast-heart-quality/data_processed/PhysioNet2022/training_data/85299_MV.wav,1,13.84440003781102,0.9385092454976651
/Users/somesh/Desktop/onehearthealth/ast-heart-quality/data_processed/PhysioNet2022/training_data/85299_PV.wav,1,3.9010538458384514,0.6762818371931716
/Users/somesh/Desktop/onehearthealth/ast-heart-quality/data_processed/PhysioNet2022/training_data/85299_TV.wav,1,4.6147463883449245,0.7067134468984699
/Users/somesh/Desktop/onehearthealth/ast-heart-quality/data_processed/PhysioNet2022/training_data/85301_AV.wav,1,5.901373342449903,0.7570917297457713
/Users/somesh/Desktop/onehearthealth/ast-heart-quality/data_processed/PhysioNet2022/training_data/85301_MV.wav,1,6.538271220922471,0.7797448517205439
/Users/somesh/Desktop/onehearthealth/ast-heart-quality/data_processed/PhysioNet2022/training_data/85301_PV.wav,1,3.411319784682665,0.6544798480229611
/Users/somesh/Desktop/onehearthealth/ast-heart-quality/data_processed/PhysioNet2022/training_data/85301_TV.wav,1,7.523839222598337,0.8117304652368392
/Users/somesh/Desktop/onehearthealth/ast-heart-quality/data_processed/PhysioNet2022/training_data/85305_AV.wav,1,4.177110984185349,0.6882494650819214
/Users/somesh/Desktop/onehearthealth/ast-heart-quality/data_processed/PhysioNet2022/training_data/85305_MV.wav,1,6.6602185985060744,0.7839049789145387
/Users/somesh/Desktop/onehearthealth/ast-heart-quality/data_processed/PhysioNet2022/training_data/85305_PV.wav,1,3.659733757331218,0.6656270676067328
/Users/somesh/Desktop/onehearthealth/ast-heart-quality/data_processed/PhysioNet2022/training_data/85305_TV.wav,1,4.2861155194636344,0.6929078119318862
/Users/somesh/Desktop/onehearthealth/ast-heart-quality/data_processed/PhysioNet2022/training_data/85306_AV.wav,1,12.502670898237609,0.921076208013505
/Users/somesh/Desktop/onehearthealth/ast-heart-quality/data_processed/PhysioNet2022/training_data/85306_MV.wav,1,3.5980179185034404,0.6628742847245437
/Users/somesh/Desktop/onehearthealth/ast-heart-quality/data_processed/PhysioNet2022/training_data/85308_AV.wav,1,8.667569329386067,0.8442293854007789
/Users/somesh/Desktop/onehearthealth/ast-heart-quality/data_processed/PhysioNet2022/training_data/85308_MV.wav,1,4.044930221027202,0.6825492318694562
/Users/somesh/Desktop/onehearthealth/ast-heart-quality/data_processed/PhysioNet2022/training_data/85308_PV.wav,1,3.9447956674068934,0.6781941090881733
/Users/somesh/Desktop/onehearthealth/ast-heart-quality/data_processed/PhysioNet2022/training_data/85308_TV.wav,1,4.107086222858775,0.6852366387228421
/Users/somesh/Desktop/onehearthealth/ast-heart-quality/data_processed/PhysioNet2022/training_data/85312_AV.wav,1,9.531731200294338,0.8656313647110507
/Users/somesh/Desktop/onehearthealth/ast-heart-quality/data_processed/PhysioNet2022/training_data/85312_MV.wav,1,5.366736039006513,0.7368912884918285
/Users/somesh/Desktop/onehearthealth/ast-heart-quality/data_processed/PhysioNet2022/training_data/85312_PV.wav,1,12.95214897448733,0.9273687270591162
/Users/somesh/Desktop/onehearthealth/ast-heart-quality/data_processed/PhysioNet2022/training_data/85312_TV.wav,1,11.246570013679865,0.900772708920498
/Users/somesh/Desktop/onehearthealth/ast-heart-quality/data_processed/PhysioNet2022/training_data/85326_AV.wav,1,1.2483080812729535,0.5513650256211826
/Users/somesh/Desktop/onehearthealth/ast-heart-quality/data_processed/PhysioNet2022/training_data/85326_MV.wav,1,6.189097796470117,0.7675173397164606
/Users/somesh/Desktop/onehearthealth/ast-heart-quality/data_processed/PhysioNet2022/training_data/85326_PV.wav,1,5.9579141836185165,0.7591652948948716
/Users/somesh/Desktop/onehearthealth/ast-heart-quality/data_processed/PhysioNet2022/training_data/85326_TV.wav,1,5.707261292810083,0.7498810760466187
/Users/somesh/Desktop/onehearthealth/ast-heart-quality/data_processed/PhysioNet2022/training_data/85329_AV.wav,1,4.403415998250239,0.6978770883359118
/Users/somesh/Desktop/onehearthealth/ast-heart-quality/data_processed/PhysioNet2022/training_data/85329_MV.wav,1,10.872863098512491,0.8938892465083377
/Users/somesh/Desktop/onehearthealth/ast-heart-quality/data_processed/PhysioNet2022/training_data/85329_PV.wav,1,10.36887840803875,0.8839420172026929
/Users/somesh/Desktop/onehearthealth/ast-heart-quality/data_processed/PhysioNet2022/training_data/85329_TV.wav,1,3.552597226912346,0.6608412404069485
/Users/somesh/Desktop/onehearthealth/ast-heart-quality/data_processed/PhysioNet2022/training_data/85334_AV.wav,1,9.484814697141697,0.8645362089916161
/Users/somesh/Desktop/onehearthealth/ast-heart-quality/data_processed/PhysioNet2022/training_data/85334_MV.wav,1,7.132979489826267,0.7994919018537184
/Users/somesh/Desktop/onehearthealth/ast-heart-quality/data_processed/PhysioNet2022/training_data/85334_PV.wav,1,5.132081168745525,0.7276916037193953
/Users/somesh/Desktop/onehearthealth/ast-heart-quality/data_processed/PhysioNet2022/training_data/85334_TV.wav,1,5.75425573030894,0.7516397827436699
/Users/somesh/Desktop/onehearthealth/ast-heart-quality/data_processed/PhysioNet2022/training_data/85349_AV.wav,1,8.606596453723824,0.8426189839395879
/Users/somesh/Desktop/onehearthealth/ast-heart-quality/data_processed/PhysioNet2022/training_data/85349_PV.wav,1,4.965964290469244,0.7210586083632143
/Users/somesh/Desktop/onehearthealth/ast-heart-quality/data_processed/PhysioNet2022/training_data/85349_TV.wav,1,7.4689982622366555,0.8100485270816515
noise,0,6.092574327233228,0.7640549433785178
noise,0,4.734360766850486,0.7116472965227283
noise,0,7.346974967775734,0.8062649432057603
noise,0,3.287099592992842,0.6488403634223084
noise,0,7.85218834631366,0.8215616092340873
noise,0,11.76277105082384,0.909626260521293
noise,0,10.499479244674479,0.8865948911858781
noise,0,9.96384117401588,0.8753696506780988
noise,0,5.061979263434992,0.7249045219980433
noise,0,10.979153748680941,0.8958887887935991
noise,0,7.140111529412421,0.7997204639254332
noise,0,10.057568867512868,0.8774003956206725
noise,0,3.7719425265288153,0.6706031717384362
noise,0,8.636364091586447,0.8434068850370834
noise,0,8.71605113518649,0.8455002644718191
noise,0,6.0546635421230315,0.7626853345802748
noise,0,4.351287637977229,0.6956743668119303
noise,0,9.855748255498785,0.8729919118818066
noise,0,3.2016348891332367,0.6449359576895293
noise,0,5.587426126595393,0.7453589664902842
noise,0,5.104467441489847,0.7265958605317676
noise,0,13.231897539940823,0.9310483309043728
noise,0,14.296280910865537,0.9435227221338681
noise,0,7.047228627910864,0.7967285244096192
noise,0,2.516992391158204,0.6129962291782961
noise,0,3.0536327206830687,0.6381289425365096
noise,0,8.323914634829897,0.8349755497627034
noise,0,7.727677053518184,0.8178817076055509
noise,0,9.71052037941904,0.8697363839095241
noise,0,13.177681956520622,0.9303489697978642
noise,0,6.668563612986285,0.7841875706369213
noise,0,17.139013258902317,0.9672111567408574
noise,0,3.464411156053242,0.6568770671408419
noise,0,4.419992062686799,0.6985756243803523
noise,0,12.067074385119081,0.91450622797479
noise,0,8.846150501095696,0.8488687568798322
noise,0,1.9636916234598343,0.5864391365744714
noise,0,11.633834830423726,0.9074838743203358
noise,0,4.28516138066917,0.692867204851736
noise,0,9.243733676974513,0.8587895546059713
noise,0,15.744578122293865,0.9571166441459983
noise,0,3.8233852454097867,0.6728718529325346
noise,0,2.721263380572376,0.6226422748734055
noise,0,7.283958351367236,0.8042886794862482
noise,0,3.2148369056490522,0.6455403614132927
noise,0,5.781367204874105,0.7526506210368606
noise,0,3.396278360126005,0.6537992508033242
noise,0,8.477517316104352,0.8391651319577069
noise,0,9.038492997908577,0.8537379560479995
noise,0,5.665728692048294,0.748319878201956
noise,0,3.737520103404334,0.6690806443339341
noise,0,4.602819633274242,0.706218792593456
noise,0,3.384219690787542,0.6532531627028111
noise,0,8.898290616920429,0.8502017127412197
noise,0,7.443739220677153,0.8092699880125858
noise,0,5.682297602524371,0.7489434730562857
noise,0,10.965219616446003,0.8956285688054131
noise,0,8.450638518912296,0.8384382582255728
noise,0,5.4444294896247145,0.7398928597318956
noise,0,9.450123173497108,0.8637215837315291
noise,0,4.870996403511039,0.7172223795985585
noise,0,7.334994294520325,0.8058903880083186
noise,0,4.022021734031089,0.6815556597501047
noise,0,4.81071890971496,0.7147709604946244
noise,0,5.477758643848408,0.7411736554717424
noise,0,11.234366870879528,0.9005543490461573
noise,0,4.137377415218934,0.6865418556362427
noise,0,7.577450344800262,0.8133636053938572
noise,0,11.63777293136011,0.9075499792441705
noise,0,5.436778819380363,0.7395982751926006
noise,0,4.481777199100032,0.7011712133629265
noise,0,6.117462077799684,0.76495109146034
noise,0,7.29041981038038,0.80449201708394
noise,0,5.5070030894993955,0.7422940950011225
noise,0,4.177269646845026,0.6882562736411737
noise,0,6.483850001562485,0.7778698705534407
noise,0,7.409548583124561,0.8082122760887043
noise,0,5.223419786686637,0.7312963785305855
noise,0,6.1837608123983205,0.7673268249455981
noise,0,4.449868201600456,0.6998323196280253
noise,0,6.84242101993492,0.7900140445499971
noise,0,5.1955789220271855,0.7302008133492558
noise,0,4.7690632667069774,0.7130694300126159
noise,0,6.726824277788596,0.7861530170115202
noise,0,7.554246319147948,0.8126580913544381
noise,0,11.596659113250052,0.9068577486956815
noise,0,4.38823852600966,0.6972366863786282
noise,0,14.129806948072538,0.9417220992573104
noise,0,5.708347612105795,0.7499218237237167
noise,0,3.9203276544900585,0.6771251656954154
noise,0,3.7603365204001644,0.6700902281225679
noise,0,12.222242100604053,0.9169015677990706
noise,0,15.386736736270642,0.9540811585092795
noise,0,5.944374497406459,0.7586698462527013
noise,0,2.292706060913795,0.6023022453729127
noise,0,11.51675987080058,0.9054991786035586
noise,0,4.696362542980765,0.7100853033495068
noise,0,6.96251870689917,0.7939709361814073
noise,0,4.088700496144874,0.6844429851532189
noise,0,7.063119317445226,0.7972427454149335
noise,0,6.874835457394703,0.7910874808175268
noise,0,5.72706601081768,0.7506232528905297
noise,0,5.632665753403732,0.7470724378948466
noise,0,6.226620526385114,0.7688537202393707
noise,0,5.341946134009097,0.7359288942912735
noise,0,11.957253777124262,0.9127732645082821
noise,0,2.83993630343622,0.6282024800867482
noise,0,5.9786525988718004,0.7599228143109409
noise,0,10.762603608482774,0.8917793551365247
noise,0,7.873335635896729,0.8221807968242626
noise,0,5.74366225924685,0.7512440595439711
noise,0,5.503331685609886,0.7421536068204072
noise,0,4.188228275065915,0.6887263352264111
noise,0,6.88319234533828,0.7913635717928306
noise,0,17.149177690346797,0.9672755659607117
noise,0,10.39010250526756,0.8843767777686597
noise,0,5.017182353511339,0.7231142649533191
noise,0,8.751798265438884,0.8464318857103608
noise,0,4.881060534599607,0.717630431265731
noise,0,5.491461820813188,0.7416990583926492
noise,0,4.834902170783787,0.7157560002406522
noise,0,3.2353923977469456,0.6464804909121263
noise,0,6.167027429152476,0.7667287869692135
noise,0,3.7815424548830823,0.6710271471183954
noise,0,5.738926425105543,0.7510670142773204
noise,0,7.84548643335365,0.8213650269500534
noise,0,4.895396481320054,0.7182110671922008
noise,0,5.422866558129979,0.7390620381466857
noise,0,4.080403033231191,0.6840844569854648
noise,0,3.5944618555223142,0.662715330240135
noise,0,4.7226493942070205,0.7111664109174356
noise,0,5.471201023652982,0.7409219793359826
noise,0,4.0591047899686385,0.683163170888364
noise,0,7.138468582353902,0.799667829350439
noise,0,3.367347555655191,0.6524884147768117
noise,0,4.582210907003425,0.705362912132736
noise,0,4.258000924612344,0.6917100341768927
noise,0,13.536874857286936,0.9348626097074992
noise,0,4.182250990394673,0.6884699925311203
noise,0,8.103827945883113,0.828820580376828
noise,0,7.176463950081163,0.8008824230776996
noise,0,6.423537049611681,0.7757786114553051
noise,0,4.777698278738657,0.7134226470922513
noise,0,11.277244855646277,0.9013197133263225
noise,0,4.447141004541091,0.6997177282958702
noise,0,3.888830152658695,0.6757463929968324
noise,0,16.63205766638869,0.9638388021935803
noise,0,8.787329593109103,0.8473533209692671
noise,0,9.171997911296675,0.8570407021393935
noise,0,4.256339962834613,0.691639190555354
noise,0,5.830025537369412,0.7544578848492219
noise,0,4.999378879109303,0.7224007764648891
noise,0,13.173438939752849,0.9302939604147774
noise,0,5.920420290411268,0.757791604851531
noise,0,4.423002626172524,0.698702394717904
noise,0,4.733506244157021,0.7116122247162515
noise,0,3.973205064238177,0.6794329038313753
noise,0,3.055809599952277,0.6382294736534252
noise,0,8.230092739811331,0.8323737022133176
noise,0,1.5715677873761837,0.5672989714601369
noise,0,12.832232017557011,0.9257366523112124
noise,0,3.3607037782227196,0.6521870620643081
noise,0,14.902909658999377,0.94965061799711
noise,0,4.926667804041268,0.7194751006212916
noise,0,3.8293223514839623,0.6731331688646672
noise,0,9.95356549035593,0.8751452671223016
noise,0,2.3873443712870666,0.606827171827272
noise,0,5.965731141503681,0.7594510191870778
noise,0,11.596110623562964,0.9068484824514204
noise,0,9.405223566630786,0.8626611311179786
noise,0,7.052713768854532,0.7969061326865999
noise,0,4.860520372245186,0.7167972481875408
noise,0,5.565701712760568,0.7445334334177451
noise,0,3.2145333618802394,0.6455264700347461
noise,0,5.387922644306689,0.7377120059147616
noise,0,9.985093410364367,0.8758326250144601
noise,0,5.597957991791631,0.7457585472814104
noise,0,4.514981998114782,0.7025608330223101
noise,0,8.53088666832614,0.8406005422642642
noise,0,5.468796078566988,0.7408296396210426
noise,0,3.9982801006720736,0.6805242073364084
noise,0,4.664441403739501,0.7087692589608855
noise,0,10.215634768335008,0.8807606218240144
noise,0,4.778704677926918,0.7134637971429417
noise,0,8.779525287798698,0.8471513208713353
noise,0,10.762603608482774,0.8917793551365247
noise,0,5.301851072406006,0.7343675534686029
noise,0,10.067642712630956,0.8776169574503013
noise,0,5.52049064242172,0.7428097740792152
noise,0,6.909264558509355,0.7922232061865162
noise,0,6.507716355212981,0.7786935420166017
noise,0,4.192405949171484,0.6889054309103502
noise,0,10.189916900928829,0.8802193779823347
noise,0,6.572264620956592,0.7809102552182821
noise,0,3.6764104419329673,0.6663689952436893
noise,0,6.405251735539423,0.7751418379294334
noise,0,1.4631980209204163,0.5619710848835991
noise,0,8.56719879273398,0.8415712384351006
noise,0,4.052842596619007,0.6828920168016895
noise,0,5.901708648632767,0.7571040623522298
noise,0,4.087572507108871,0.6843942583343611
noise,0,4.635688263311424,0.7075808172706552
noise,0,3.65145701959627,0.6652585397975002
noise,0,3.6002809959121214,0.662975424139046
noise,0,4.385728449229156,0.6971307016048925
noise,0,4.069843518251102,0.6836278701407763
noise,0,3.2810903113659795,0.6485664756481512
noise,0,6.5418539595394485,0.7798678889775968
noise,0,4.460777297261693,0.7002904479989687
noise,0,3.7958928482445726,0.671660404890712
noise,0,3.8130392635088874,0.6724162282870526
noise,0,9.18142691809706,0.8572715986420043
noise,0,4.383858590100728,0.6970517355650964
noise,0,3.6481843308270347,0.66511276527415
noise,0,1.624728246265171,0.5699069493986921
noise,0,9.592783414844181,0.8670452765610798
noise,0,9.718522656048169,0.8699176002331097
noise,0,4.571211877793802,0.7049055286779083
noise,0,3.923962518426964,0.6772840808694893
noise,0,7.000507354249077,0.79521100536535
noise,0,5.244729686383682,0.7321330400188364
noise,0,4.0190610506544235,0.6814271300473894
noise,0,12.652643125526021,0.9232292942532465
noise,0,10.625474317858938,0.8891039353447789
noise,0,6.968844950487966,0.7941778299631228
noise,0,6.01183993576373,0.7611316647441575
noise,0,9.225755400318148,0.8583529464938137
noise,0,4.454564680080147,0.70002959765443
noise,0,5.315861352564303,0.7349137966408571
noise,0,6.5982298663047985,0.7817974348215607
noise,0,5.76495928775337,0.7520391899323668
noise,0,10.130869834519602,0.8789686721156276
noise,0,5.900115477049568,0.7570454614974141
noise,0,5.5638190823301965,0.7444618102822811
noise,0,6.295369221269931,0.7712882538924553
noise,0,3.224790922233833,0.6459957609541546
noise,0,4.482886301881298,0.7012176893816474
noise,0,4.289996187248838,0.6930729380027498
noise,0,5.42748616339618,0.7392401763549357
noise,0,7.378514198095722,0.807248336966042
noise,0,8.240513254501856,0.8326642909525518
noise,0,4.379412285545391,0.6968639168937701
noise,0,7.486650398964661,0.810591159091928
noise,0,2.9281047862071876,0.632311682891323
noise,0,6.818324074339448,0.7892134296918756
noise,0,6.286561824301545,0.7709773757222786
noise,0,3.002250163581606,0.635752534098457
noise,0,4.415691449074144,0.6983944793702503
noise,0,5.107086464496385,0.7266999042250245
noise,0,10.752674268875563,0.8915875519705658
noise,0,4.234328145023284,0.6906994877400914
noise,0,9.12756109554022,0.8559483461713685
noise,0,10.341738466191781,0.8833840063260762
noise,0,8.033030629298882,0.8268023146632844
noise,0,9.449736628690115,0.8637124836999178
noise,0,4.92792596144208,0.7195258847691781
noise,0,6.165587861734337,0.7666772880314587
noise,0,3.4753622299420877,0.6573705489875231
noise,0,5.001922693749266,0.7225027911662439
noise,0,9.918660675972006,0.8743804852709433
noise,0,4.545567418779454,0.703837528731531
noise,0,10.244211917308208,0.881359558926723
noise,0,10.150263394769938,0.8793806940009429
noise,0,5.16913930949551,0.7291577852727806
noise,0,6.22849048347109,0.7689201784422156
noise,0,5.433674000957423,0.7394786643486942
noise,0,10.586187966613586,0.8883268514342648
noise,0,4.885326643311222,0.7178032934472448
noise,0,4.884940311636441,0.717787641981735
noise,0,5.76060247863293,0.7518766659670642
noise,0,4.345289084272018,0.6954203145918253
noise,0,4.188541401732547,0.6887397608351339
noise,0,2.91206363894553,0.6315654739013434
noise,0,9.214529609012015,0.8580797533595698
noise,0,3.3621996247380177,0.6522549222690447
noise,0,2.444719304165636,0.6095615834555287
noise,0,4.033283259334243,0.6820442944867657
noise,0,6.891921096999387,0.7916516612532865
noise,0,4.7029441040434365,0.7103562099094023
noise,0,4.945475464420618,0.7202336660610863
noise,0,7.797226021341034,0.8199444343733306
noise,0,10.80604413453069,0.8926149853425295
noise,0,7.287638009234235,0.8044044953568563
noise,0,7.6678285613443204,0.816092018113147
noise,0,6.268208892545361,0.7703286110958872
noise,0,1.6900524255695524,0.5731063431638911
noise,0,3.9989962606799456,0.6805553467453959
noise,0,6.556455280137702,0.7803688125421618
noise,0,9.34805419674124,0.8613008553992813
noise,0,4.559674466007894,0.7044253138388613
noise,0,10.101803974213901,0.8783488872644586
noise,0,4.822657580268835,0.7152575063089142
noise,0,8.882117602411938,0.849789290908492
noise,0,9.351722137858847,0.8613884678643449
noise,0,4.067290537738228,0.6835174276518721
noise,0,4.509850612535767,0.7023463282347213
noise,0,4.26962551108357,0.6922055953263514
noise,0,5.045565557464763,0.7242494013696716
noise,0,3.523437924889679,0.6595329214783238
noise,0,4.062786309488231,0.6833225232927675
noise,0,8.210655558270822,0.8318305960269785
noise,0,10.670712629835593,0.889992882330087
noise,0,3.982867570092275,0.6798536639623711
noise,0,1.774238942249363,0.5772205200085833
noise,0,7.352452809623056,0.8064360155224601
noise,0,6.154576003301093,0.7662830893211595
noise,0,4.459705149182896,0.7002454407772027
noise,0,9.2873052876267,0.8598430404307239
noise,0,7.0398972663091,0.7964909550865132
noise,0,7.131714665424314,0.7994513473473391
noise,0,3.463164703868282,0.6568208774753314
noise,0,1.3639151530526379,0.5570773378537803
noise,0,3.6407228391108153,0.664780292203087
noise,0,4.156401894393962,0.6873600955963214
noise,0,2.5364701711220774,0.6139199713578706
noise,0,4.886493164792093,0.7178505495665048
noise,0,7.621321141250256,0.8146918906524283
noise,0,7.992166347117973,0.8256288318687536
noise,0,6.1928559323803745,0.7676514289484678
noise,0,8.798730265628482,0.8476480129679386
noise,0,3.547602296304274,0.6606173015887683
noise,0,8.4832723625574,0.8393204196052193
noise,0,4.411999025480464,0.6982389024352178
noise,0,6.709243921683363,0.785561312872593
noise,0,5.075253993663818,0.7254336496538512
noise,0,3.8479431175619405,0.6739520463875167
noise,0,8.113439927907306,0.8290931518785918
noise,0,4.616761009604096,0.7067969538707689
noise,0,6.194573379671154,0.767712689027393
noise,0,5.225625901502966,0.7313830708701743
noise,0,3.3625524718698223,0.6522709285441611
noise,0,5.564586649447011,0.7444910133379046
noise,0,4.138906636235017,0.6866076702066725
noise,0,2.8670477984875182,0.629468051740002
noise,0,5.586344953735654,0.7453179232122199
noise,0,3.1877834624811303,0.6443013257591655
noise,0,6.305862019242246,0.7716582346647585
noise,0,3.5310372021194762,0.6598741210788927
noise,0,2.4711411712582576,0.610818513919743
noise,0,5.5943462641609365,0.7456215642813805
noise,0,7.108131733945958,0.798694074139454
noise,0,8.498858296229264,0.8397403640346116
noise,0,9.183917830078537,0.8573325438991722
noise,0,5.357774400333364,0.7365436399646486
noise,0,4.9268770720097335,0.7194835478829796
noise,0,9.845771331437753,0.8727705048213101
noise,0,4.483315430769045,0.701235670553478
noise,0,9.523232962718115,0.8654335495275961
noise,0,8.68653490914816,0.8447275523463277
noise,0,6.924570289165854,0.792726637244007
noise,0,12.015019725988303,0.9136887331398196
noise,0,2.5871093537244887,0.6163177069441247
noise,0,7.086036087388996,0.7979826204149023
noise,0,10.77612696577993,0.8920401036466532
noise,0,4.181752321480231,0.6884486013208561
noise,0,6.676999585064873,0.7844729701638214
noise,0,6.286695163522654,0.7709820844631562
noise,0,6.393863584501656,0.7747446051250079
noise,0,3.9157982659391717,0.6769270848938093
noise,0,7.77955018608049,0.8194219275689141
noise,0,5.605762216658987,0.7460543742229273
noise,0,3.378152738821503,0.652978262351042
noise,0,3.7073667458677475,0.667744024027559
noise,0,3.9725360634417934,0.6794037609442024
noise,0,7.905829567732332,0.8231289278450409
noise,0,3.963117970887113,0.6789933433442071
noise,0,7.040252590504455,0.7965024739648338
noise,0,5.8049277046885255,0.7535268169324367
noise,0,6.190848263051231,0.7675798025821624
noise,0,9.929215504844578,0.8746121689864446
noise,0,7.253908942050801,0.8033409432911678
noise,0,3.2845945843626536,0.6487262033989396
noise,0,3.8282304434419796,0.6730851176552609
noise,0,3.062755566907933,0.638550166511516
noise,0,10.117846980650935,0.8786913171190677
noise,0,14.042333042825586,0.940754505183697
noise,0,3.523063514608517,0.65951610656812
noise,0,11.202767996809932,0.8999869394843034
noise,0,13.22903227473895,0.9310115333370598
noise,0,11.556656196426161,0.9061797619443601
noise,0,7.116517478958674,0.7989635941784886
noise,0,6.646297319428548,0.7834329588410782
noise,0,6.009498271707356,0.7610465066239528
noise,0,8.741968538539034,0.8461761683231682
noise,0,4.722635445098738,0.7111658378633273
noise,0,4.806142489667815,0.7145843217243006
noise,0,11.339915383086582,0.9024289337452299
noise,0,9.926619481880874,0.8745552189639557
noise,0,4.593706509531071,0.7058405036146446
noise,0,6.913714404733873,0.7923696620076838
noise,0,9.733595660958294,0.8702583551492437
noise,0,10.249985090410355,0.8814802400120968
noise,0,8.633024470061763,0.8433186508961379
noise,0,4.611399805126845,0.7065746987467932
noise,0,6.475304552567041,0.7775744195335049
noise,0,15.752875681141957,0.9571847061203544
noise,0,7.02931369764791,0.7961476350323202
noise,0,9.97297914120724,0.8755689000371946
noise,0,4.464220869624042,0.7004349780231833
noise,0,5.9270166113375815,0.758033664843748
noise,0,6.476362779770319,0.7776110219787906
noise,0,4.934490353120561,0.7197907582495717
noise,0,7.812499253319133,0.8203949681365519
noise,0,4.537405477362438,0.7034971437815829
noise,0,4.461311928266315,0.7003128895889049
noise,0,7.101862380901543,0.7984923989975026
noise,0,5.369802145247783,0.7370101640987847
noise,0,10.736200689427662,0.8912686762889284
noise,0,3.5637105059384377,0.6613392262322648
noise,0,4.757148994912309,0.7125816472088313
noise,0,4.386179630130872,0.697149753686755
noise,0,9.802514279954256,0.8718067314663568
noise,0,3.8292401579052737,0.6731295519274909
noise,0,1.811995485770221,0.5790622359794666
noise,0,4.513180761990137,0.7024855469877672
noise,0,6.516106465805831,0.7789825801790121
noise,0,4.031909865083233,0.6819847246873515
noise,0,7.700717676527638,0.8170772042346134
noise,0,9.620543257062684,0.8676839918444997
noise,0,5.428374319911081,0.7392744158447896
noise,0,5.8784074971686495,0.756246031137369
noise,0,8.606420773022318,0.8426143244015116
noise,0,4.26099657948126,0.691837782540184
noise,0,5.400325473672535,0.7381916949532789
noise,0,5.4286897075180764,0.7392865737118616
noise,0,7.705652227956763,0.8172246637097151
noise,0,7.379489609366297,0.8072786896448485
noise,0,6.179140087897216,0.7671617907112417
noise,0,3.8232321226788453,0.6728651119649881
noise,0,3.8814698638764473,0.6754237622942038
noise,0,10.478289475431309,0.886168090080961
noise,0,7.6912649558059885,0.8167944702374541
noise,0,4.874464929349112,0.7173630518188311
noise,0,4.308727272178503,0.6938692670109339
noise,0,8.32843983878113,0.8351002187791247
noise,0,5.152300792587269,0.728492195583443
noise,0,16.316437416741348,0.9615731184345264
noise,0,11.217170341783824,0.9002459132340097
noise,0,7.248537574669339,0.80317116966996
noise,0,4.512386060937609,0.7024523274777925
noise,0,3.383336270439395,0.6532131402978393
noise,0,6.9335045509827165,0.7930200833818842
noise,0,3.6330500531851095,0.664438233611918
noise,0,6.186660275816031,0.7674303408295096
noise,0,11.334208040081075,0.9023283801673857
noise,0,6.693757731038759,0.7850391069911669
noise,0,4.548707899710748,0.703968438781381
noise,0,16.495649404759448,0.9628758131208897
noise,0,5.1437413652257025,0.7281534670903136
noise,0,4.06220952640204,0.68329756041744
noise,0,4.785777831721674,0.7137529072946373
noise,0,6.592510026890832,0.7816022221962273
noise,0,4.002301890614158,0.6806990582206864
noise,0,5.900895754452762,0.7570741632608473
noise,0,3.0344162151945877,0.637240975625052
noise,0,6.948029177920229,0.7934964897475113
noise,0,5.329393004155892,0.7354406964566023
noise,0,5.977877583370551,0.759894534385779
noise,0,5.457241375623408,0.7403856896417038
noise,0,5.071076580957913,0.7252672071782665
noise,0,8.894554064148622,0.8501065112846987
noise,0,4.028630586363145,0.6818424646960215
noise,0,6.345499224003078,0.773052055090102
noise,0,4.954011383707426,0.7205775293436986
noise,0,4.049996318826224,0.6827687313878571
noise,0,1.612925573270985,0.5693282564121573
noise,0,5.234755200144219,0.7317416311133417
noise,0,7.993161339848623,0.8256574790099335
noise,0,3.735766027335351,0.669002965121705
noise,0,6.01644132231018,0.7612989403847965
noise,0,3.810193529429307,0.6722908485128084
noise,0,3.8182927972778904,0.6726476283005562
noise,0,3.227440953616214,0.6461169561847544
noise,0,2.569709618267806,0.6154944707922827
noise,0,4.978490172095686,0.7215622030732047
noise,0,5.5675648833694265,0.7446043032360558
noise,0,7.91754907123383,0.8234699125358077
noise,0,6.3049516873397575,0.7716261526534688
noise,0,11.745374331440537,0.9093398284991661
noise,0,4.308727272178503,0.6938692670109339
noise,0,9.025646439307112,0.8534168358072174
noise,0,8.871484641866477,0.8495176348729474
noise,0,2.3796507719562565,0.6064599915169485
noise,0,5.74366225924685,0.7512440595439711
noise,0,2.4646566514648303,0.6105101706021374
noise,0,11.366936623596846,0.9029037491460011
noise,0,3.5413476844031226,0.6603367858615842
noise,0,6.215924935779103,0.7684733425218669
noise,0,3.9077815464435686,0.6765763392805305
noise,0,6.156038879810926,0.7663354835199749
noise,0,9.91777556192977,0.874361039929365
noise,0,7.564948572724573,0.8129837460359179
noise,0,5.851923621174412,0.7552683095879
noise,0,4.192502197316368,0.6889095563745424
noise,0,6.729638877294563,0.786247637863283
noise,0,3.9279497277766,0.6774583533750357
noise,0,10.779114391800865,0.8920976307178891
noise,0,3.7508427883300377,0.6696703380740066
noise,0,5.22100839733492,0.7312015994009152
noise,0,4.579312956934421,0.7052424438799353
noise,0,6.971310358050282,0.7942584170823613
noise,0,13.345942541473836,0.9324982894338422
noise,0,3.760219174472057,0.6700850397850846
noise,0,4.285793361471404,0.6928941015822544
noise,0,3.6690312547650117,0.6660408045398469
noise,0,1.7994937283445966,0.5784526572121444
noise,0,7.667497476491135,0.8160820796757315
noise,0,8.513234297957336,0.8401269205278915
noise,0,6.342437887167421,0.7729446193686542
noise,0,3.27807218070715,0.6484288800145868
noise,0,6.718150747371645,0.7858612396188894
noise,0,10.182154477067053,0.8800555978626137
noise,0,5.3111841979940575,0.7347315201508293
noise,0,4.272149354872962,0.6923131294130312
noise,0,4.003931760925391,0.6807699038087286
noise,0,4.04863751772608,0.682709866399018
noise,0,12.099086479151902,0.915005471824886
noise,0,12.479308887800666,0.9207358795961891
noise,0,4.011029273471004,0.6810783140854696
noise,0,6.378519125643583,0.7742085847128679
noise,0,3.6765669504762126,0.6663759542458053
noise,0,10.867854571008708,0.8937941959826695
noise,0,5.1904477741050306,0.7299985905814905
noise,0,12.268641660639766,0.9176059029094936
noise,0,4.127227052465917,0.6861048143323165
noise,0,13.492694938301014,0.9343224748769137
noise,0,3.7755750672540915,0.6707636335384406
noise,0,4.451757442472598,0.6999116870834351
noise,0,7.424231468296933,0.8086670488416371
noise,0,9.293281881720223,0.8599870299201571
noise,0,5.58483237255381,0.7452604955860714
noise,0,5.166540486799879,0.7290551264590762
noise,0,6.049589602115014,0.762501612631023
noise,0,8.197640949684942,0.8314661627622262
noise,0,1.3976767010915494,0.5587427692381457
noise,0,16.613974537915407,0.9637125382186081
noise,0,8.703100974020899,0.8451616268391539
noise,0,6.681608365050201,0.7846287753127321
noise,0,4.042851003916271,0.6824591218333258
noise,0,5.693824537488192,0.7493766995704216
noise,0,5.332720776738463,0.7355701715604144
noise,0,11.864984889711907,0.9112927721383968
noise,0,5.2607801382059876,0.7327621151817492
noise,0,4.093138127362485,0.6846346423817213
noise,0,7.4486276810677365,0.8094208511844418
noise,0,2.666971200678927,0.6200876120474961
noise,0,10.736200689427662,0.8912686762889284
noise,0,6.193055223320693,0.7676585380871676
noise,0,6.7976199525740775,0.7885237554488821
noise,0,12.745470494497086,0.9245348627381182
noise,0,4.59313338963624,0.7058167037122459
noise,0,6.157290587034662,0.7663803080245739
noise,0,16.435713514943984,0.9624449340725395
noise,0,4.117446480092276,0.68568338245756
noise,0,4.091197410492336,0.6845508323217089
noise,0,7.751761962278259,0.8185981045600702
noise,0,10.344642018788615,0.8834438158921903
noise,0,5.774877313265655,0.7524089002104022
noise,0,4.00250534520748,0.6807079022393576
noise,0,8.272489871389476,0.8335534851552624
noise,0,4.402482453398141,0.6978377202925597
noise,0,5.570483411033818,0.7447152899292759
noise,0,6.1709817358767545,0.7668702072321794
noise,0,3.986721885452055,0.6800214210935551
noise,0,5.514833014013867,0.7425935441652949
noise,0,11.383430515209445,0.9031925641975874
noise,0,5.5139177752673865,0.7425585533322462
noise,0,10.876509816464823,0.8939584057967621
noise,0,6.354769606484181,0.773377174357417
noise,0,1.6729020479109502,0.572266946783679
noise,0,1.9486750155241395,0.585710557573905
noise,0,6.599225528446816,0.7818314029572547
noise,0,3.7686792161362406,0.6704589861878165
noise,0,12.099986369596676,0.9150194677579375
noise,0,5.431618566970634,0.7393994606935862
noise,0,10.788331257787238,0.8922749445947546
noise,0,14.143146058444223,0.9418683411432225
noise,0,9.651355022008037,0.8683898806020547
noise,0,2.4953852999060926,0.6119705518765394
noise,0,4.591137696196258,0.7057338199530856
noise,0,14.245886405380622,0.9429832346730783
noise,0,4.2433335974240975,0.6910841291574604
noise,0,4.364069608309636,0.6962153140544914
noise,0,6.153915171713991,0.7662594183840318
noise,0,7.072893382796916,0.797558550994532
noise,0,13.757228858990006,0.9374953967315405
noise,0,4.1936471596192515,0.6889586303537535
noise,0,5.142140241877686,0.7280900752684317
noise,0,5.166540486799879,0.7290551264590762
noise,0,3.514121989215284,0.659114419936033
noise,0,6.116509079990506,0.764916819753333
noise,0,4.00166476129154,0.6806713618452602
noise,0,7.882592181336394,0.8224512959323623
noise,0,3.6400268975246,0.6647492737294077
noise,0,6.615309040378453,0.7823795818599955
noise,0,9.327413795892273,0.8608069720427031
noise,0,9.298669279666123,0.8601167182086417
noise,0,4.301376714145507,0.6935569047143549
noise,0,4.025168751591036,0.681692248328805
noise,0,8.095099110441996,0.8285727539340234
noise,0,4.8812279947570545,0.7176372179408934
noise,0,7.667097276325018,0.8160700659936173
noise,0,4.899463097429815,0.7183756415252581
noise,0,3.386744796466575,0.6533675479363569
noise,0,4.167820812388606,0.6878506618793876
noise,0,4.249897174561109,0.6913643063267148
noise,0,8.798364225095959,0.8476385585695566
noise,0,4.5454411769971355,0.7038322656779277
noise,0,7.957349763802459,0.8246240777935726
noise,0,4.225744262973718,0.6903326064117654
noise,0,7.3123665952901895,0.8051814728105402
noise,0,6.588094304935711,0.7814514317911645
noise,0,9.103323469093336,0.8553496106200946
noise,0,6.557728295012462,0.7804124466786406
noise,0,9.456450320952836,0.8638704646021534
noise,0,7.373090155230298,0.8070794861609266
noise,0,6.2389110021370495,0.7692902784724281
noise,0,5.2904370992166,0.7339220063156607
noise,0,6.83141073741482,0.7896485080201092
noise,0,4.4170766270351836,0.6984528308375378
noise,0,17.169017892851752,0.9674009358896253
noise,0,3.8228498488453266,0.6728482826987622
noise,0,10.698789911308296,0.8905414638483455
noise,0,6.273301589833747,0.7705087639651065
noise,0,5.587427024079546,0.7453590005585976
noise,0,4.001860239023555,0.6806798595094994
noise,0,11.879633844667282,0.91152932611416
noise,0,8.535198552463966,0.8407160592936178
noise,0,4.170740105117055,0.6879760096391898
noise,0,4.330249017418683,0.69478281030914
noise,0,4.781987938808417,0.7135980198344148
noise,0,4.940231993636946,0.7200223084004883
noise,0,2.194445602230148,0.5975855654417122
noise,0,3.0188482493891193,0.6365209150186124
noise,0,7.100519142800032,0.798449169514519
noise,0,5.0940702145969174,0.7261825751438927
noise,0,7.854389345662272,0.8216261325780503
