filename,y_true,probs
/tmp/backbone_swap_panns_a6jkby7y/data/PhysioNet2022/training_data/14241_AV.wav,1.0,0.13612252
/tmp/backbone_swap_panns_a6jkby7y/data/PhysioNet2022/training_data/14241_MV.wav,1.0,0.109800935
/tmp/backbone_swap_panns_a6jkby7y/data/PhysioNet2022/training_data/14241_PV.wav,1.0,0.43325737
/tmp/backbone_swap_panns_a6jkby7y/data/PhysioNet2022/training_data/14241_TV.wav,1.0,0.25692394
/tmp/backbone_swap_panns_a6jkby7y/data/PhysioNet2022/training_data/24160_AV.wav,1.0,0.019453017
/tmp/backbone_swap_panns_a6jkby7y/data/PhysioNet2022/training_data/24160_MV.wav,1.0,0.03196472
/tmp/backbone_swap_panns_a6jkby7y/data/PhysioNet2022/training_data/24160_PV.wav,1.0,0.09361539
/tmp/backbone_swap_panns_a6jkby7y/data/PhysioNet2022/training_data/24160_TV.wav,1.0,0.13850628
/tmp/backbone_swap_panns_a6jkby7y/data/PhysioNet2022/training_data/31737_AV.wav,1.0,0.039001852
/tmp/backbone_swap_panns_a6jkby7y/data/PhysioNet2022/training_data/31737_MV.wav,1.0,0.11943228
/tmp/backbone_swap_panns_a6jkby7y/data/PhysioNet2022/training_data/31737_PV.wav,1.0,0.45930958
/tmp/backbone_swap_panns_a6jkby7y/data/PhysioNet2022/training_data/31737_TV.wav,1.0,0.024235396
/tmp/backbone_swap_panns_a6jkby7y/data/PhysioNet2022/training_data/39403_AV.wav,1.0,0.122559145
/tmp/backbone_swap_panns_a6jkby7y/data/PhysioNet2022/training_data/39403_MV.wav,1.0,0.05587793
/tmp/backbone_swap_panns_a6jkby7y/data/PhysioNet2022/training_data/39403_PV.wav,1.0,0.18713225
/tmp/backbone_swap_panns_a6jkby7y/data/PhysioNet2022/training_data/39403_TV.wav,1.0,0.16156577
/tmp/backbone_swap_panns_a6jkby7y/data/PhysioNet2022/training_data/39456_MV.wav,1.0,0.10525704
/tmp/backbone_swap_panns_a6jkby7y/data/PhysioNet2022/training_data/39456_PV.wav,1.0,0.18378933
/tmp/backbone_swap_panns_a6jkby7y/data/PhysioNet2022/training_data/39456_TV.wav,1.0,0.07743467
/tmp/backbone_swap_panns_a6jkby7y/data/PhysioNet2022/training_data/45843_AV.wav,1.0,0.06535705
/tmp/backbone_swap_panns_a6jkby7y/data/PhysioNet2022/training_data/45843_MV.wav,1.0,0.20045267
/tmp/backbone_swap_panns_a6jkby7y/data/PhysioNet2022/training_data/45843_PV.wav,1.0,0.11210949
/tmp/backbone_swap_panns_a6jkby7y/data/PhysioNet2022/training_data/45843_TV.wav,1.0,0.8651075
/tmp/backbone_swap_panns_a6jkby7y/data/PhysioNet2022/training_data/46065_AV.wav,1.0,0.07184933
/tmp/backbone_swap_panns_a6jkby7y/data/PhysioNet2022/training_data/46065_MV.wav,1.0,0.07639429
/tmp/backbone_swap_panns_a6jkby7y/data/PhysioNet2022/training_data/46065_PV.wav,1.0,0.22332071
/tmp/backbone_swap_panns_a6jkby7y/data/PhysioNet2022/training_data/46065_TV.wav,1.0,0.09068403
/tmp/backbone_swap_panns_a6jkby7y/data/PhysioNet2022/training_data/49561_AV.wav,1.0,0.14206225
/tmp/backbone_swap_panns_a6jkby7y/data/PhysioNet2022/training_data/49561_MV.wav,1.0,0.23699214
/tmp/backbone_swap_panns_a6jkby7y/data/PhysioNet2022/training_data/49561_PV.wav,1.0,0.03829911
/tmp/backbone_swap_panns_a6jkby7y/data/PhysioNet2022/training_data/49561_TV.wav,1.0,0.12625682
/tmp/backbone_swap_panns_a6jkby7y/data/PhysioNet2022/training_data/49577_AV.wav,1.0,0.29873568
/tmp/backbone_swap_panns_a6jkby7y/data/PhysioNet2022/training_data/49577_MV.wav,1.0,0.14281979
/tmp/backbone_swap_panns_a6jkby7y/data/PhysioNet2022/training_data/49577_PV.wav,1.0,0.09420808
/tmp/backbone_swap_panns_a6jkby7y/data/PhysioNet2022/training_data/49577_TV.wav,1.0,0.2903953
/tmp/backbone_swap_panns_a6jkby7y/data/PhysioNet2022/training_data/49595_AV.wav,1.0,0.23438214
/tmp/backbone_swap_panns_a6jkby7y/data/PhysioNet2022/training_data/49595_MV.wav,1.0,0.27223578
/tmp/backbone_swap_panns_a6jkby7y/data/PhysioNet2022/training_data/49598_AV.wav,1.0,0.0759922
/tmp/backbone_swap_panns_a6jkby7y/data/PhysioNet2022/training_data/49598_MV.wav,1.0,0.17544839
/tmp/backbone_swap_panns_a6jkby7y/data/PhysioNet2022/training_data/49607_MV.wav,1.0,0.11545028
/tmp/backbone_swap_panns_a6jkby7y/data/PhysioNet2022/training_data/49627_AV.wav,1.0,0.12351565
/tmp/backbone_swap_panns_a6jkby7y/data/PhysioNet2022/training_data/49627_MV.wav,1.0,0.011595067
/tmp/backbone_swap_panns_a6jkby7y/data/PhysioNet2022/training_data/49627_PV.wav,1.0,0.04062936
/tmp/backbone_swap_panns_a6jkby7y/data/PhysioNet2022/training_data/49627_TV.wav,1.0,0.017791994
/tmp/backbone_swap_panns_a6jkby7y/data/PhysioNet2022/training_data/49659_AV.wav,1.0,0.02305864
/tmp/backbone_swap_panns_a6jkby7y/data/PhysioNet2022/training_data/49659_MV.wav,1.0,0.09593628
/tmp/backbone_swap_panns_a6jkby7y/data/PhysioNet2022/training_data/49659_PV.wav,1.0,0.044141594
/tmp/backbone_swap_panns_a6jkby7y/data/PhysioNet2022/training_data/49659_TV.wav,1.0,0.07699662
/tmp/backbone_swap_panns_a6jkby7y/data/PhysioNet2022/training_data/49687_AV.wav,1.0,0.048397478
/tmp/backbone_swap_panns_a6jkby7y/data/PhysioNet2022/training_data/49687_MV.wav,1.0,0.08721355
/tmp/backbone_swap_panns_a6jkby7y/data/PhysioNet2022/training_data/49687_PV.wav,1.0,0.056847714
/tmp/backbone_swap_panns_a6jkby7y/data/PhysioNet2022/training_data/49687_TV.wav,1.0,0.013311273
/tmp/backbone_swap_panns_a6jkby7y/data/PhysioNet2022/training_data/49691_AV.wav,1.0,0.97539324
/tmp/backbone_swap_panns_a6jkby7y/data/PhysioNet2022/training_data/49691_MV.wav,1.0,0.10407626
/tmp/backbone_swap_panns_a6jkby7y/data/PhysioNet2022/training_data/49691_PV.wav,1.0,0.37983468
/tmp/backbone_swap_panns_a6jkby7y/data/PhysioNet2022/training_data/49691_TV.wav,1.0,0.08026017
/tmp/backbone_swap_panns_a6jkby7y/data/PhysioNet2022/training_data/49735_MV.wav,1.0,0.06273183
/tmp/backbone_swap_panns_a6jkby7y/data/PhysioNet2022/training_data/49735_PV.wav,1.0,0.015663054
/tmp/backbone_swap_panns_a6jkby7y/data/PhysioNet2022/training_data/49735_TV.wav,1.0,0.094007134
/tmp/backbone_swap_panns_a6jkby7y/data/PhysioNet2022/training_data/49754_AV.wav,1.0,0.20160383
/tmp/backbone_swap_panns_a6jkby7y/data/PhysioNet2022/training_data/49754_MV.wav,1.0,0.11697927
/tmp/backbone_swap_panns_a6jkby7y/data/PhysioNet2022/training_data/49754_PV.wav,1.0,0.14431939
/tmp/backbone_swap_panns_a6jkby7y/data/PhysioNet2022/training_data/49754_TV.wav,1.0,0.096357465
/tmp/backbone_swap_panns_a6jkby7y/data/PhysioNet2022/training_data/49776_AV.wav,1.0,0.63321424
/tmp/backbone_swap_panns_a6jkby7y/data/PhysioNet2022/training_data/49776_MV.wav,1.0,0.045672633
/tmp/backbone_swap_panns_a6jkby7y/data/PhysioNet2022/training_data/49838_MV.wav,1.0,0.03566197
/tmp/backbone_swap_panns_a6jkby7y/data/PhysioNet2022/training_data/49897_AV.wav,1.0,0.12663952
/tmp/backbone_swap_panns_a6jkby7y/data/PhysioNet2022/training_data/49897_MV.wav,1.0,0.16538115
/tmp/backbone_swap_panns_a6jkby7y/data/PhysioNet2022/training_data/49897_PV.wav,1.0,0.12487939
/tmp/backbone_swap_panns_a6jkby7y/data/PhysioNet2022/training_data/49897_TV.wav,1.0,0.037460465
/tmp/backbone_swap_panns_a6jkby7y/data/PhysioNet2022/training_data/49952_AV.wav,1.0,0.10383444
/tmp/backbone_swap_panns_a6jkby7y/data/PhysioNet2022/training_data/49952_MV_1.wav,1.0,0.047890943
/tmp/backbone_swap_panns_a6jkby7y/data/PhysioNet2022/training_data/49952_MV_2.wav,1.0,0.13192773
/tmp/backbone_swap_panns_a6jkby7y/data/PhysioNet2022/training_data/49952_PV.wav,1.0,0.40589723
/tmp/backbone_swap_panns_a6jkby7y/data/PhysioNet2022/training_data/49952_TV.wav,1.0,0.31868285
/tmp/backbone_swap_panns_a6jkby7y/data/PhysioNet2022/training_data/49960_AV.wav,1.0,0.11200128
/tmp/backbone_swap_panns_a6jkby7y/data/PhysioNet2022/training_data/49960_MV.wav,1.0,0.1636069
/tmp/backbone_swap_panns_a6jkby7y/data/PhysioNet2022/training_data/49960_PV.wav,1.0,0.06361659
/tmp/backbone_swap_panns_a6jkby7y/data/PhysioNet2022/training_data/49960_TV.wav,1.0,0.12720394
/tmp/backbone_swap_panns_a6jkby7y/data/PhysioNet2022/training_data/49969_MV.wav,1.0,0.08450472
/tmp/backbone_swap_panns_a6jkby7y/data/PhysioNet2022/training_data/49979_MV.wav,1.0,0.042408474
/tmp/backbone_swap_panns_a6jkby7y/data/PhysioNet2022/training_data/49986_AV.wav,1.0,0.13130179
/tmp/backbone_swap_panns_a6jkby7y/data/PhysioNet2022/training_data/49986_MV.wav,1.0,0.079596564
/tmp/backbone_swap_panns_a6jkby7y/data/PhysioNet2022/training_data/49987_AV.wav,1.0,0.07195169
/tmp/backbone_swap_panns_a6jkby7y/data/PhysioNet2022/training_data/49987_MV.wav,1.0,0.035392247
/tmp/backbone_swap_panns_a6jkby7y/data/PhysioNet2022/training_data/49990_AV.wav,1.0,0.14240742
/tmp/backbone_swap_panns_a6jkby7y/data/PhysioNet2022/training_data/49990_MV.wav,1.0,0.09162648
/tmp/backbone_swap_panns_a6jkby7y/data/PhysioNet2022/training_data/49990_PV.wav,1.0,0.08337335
/tmp/backbone_swap_panns_a6jkby7y/data/PhysioNet2022/training_data/49990_TV.wav,1.0,0.18009506
/tmp/backbone_swap_panns_a6jkby7y/data/PhysioNet2022/training_data/49993_AV.wav,1.0,0.10801581
/tmp/backbone_swap_panns_a6jkby7y/data/PhysioNet2022/training_data/49993_MV.wav,1.0,0.107819624
/tmp/backbone_swap_panns_a6jkby7y/data/PhysioNet2022/training_data/49993_PV.wav,1.0,0.013011864
/tmp/backbone_swap_panns_a6jkby7y/data/PhysioNet2022/training_data/49993_TV.wav,1.0,0.36708835
/tmp/backbone_swap_panns_a6jkby7y/data/PhysioNet2022/training_data/49995_AV.wav,1.0,0.17246556
/tmp/backbone_swap_panns_a6jkby7y/data/PhysioNet2022/training_data/49995_MV.wav,1.0,0.13933006
/tmp/backbone_swap_panns_a6jkby7y/data/PhysioNet2022/training_data/49995_PV.wav,1.0,0.111863084
/tmp/backbone_swap_panns_a6jkby7y/data/PhysioNet2022/training_data/49995_TV.wav,1.0,0.07967097
/tmp/backbone_swap_panns_a6jkby7y/data/PhysioNet2022/training_data/49998_MV.wav,1.0,0.2763132
/tmp/backbone_swap_panns_a6jkby7y/data/PhysioNet2022/training_data/49998_PV.wav,1.0,0.08521662
/tmp/backbone_swap_panns_a6jkby7y/data/PhysioNet2022/training_data/49998_TV.wav,1.0,0.08713141
/tmp/backbone_swap_panns_a6jkby7y/data/PhysioNet2022/training_data/50007_AV.wav,1.0,0.11050993
/tmp/backbone_swap_panns_a6jkby7y/data/PhysioNet2022/training_data/50007_MV.wav,1.0,0.108176745
/tmp/backbone_swap_panns_a6jkby7y/data/PhysioNet2022/training_data/50007_PV.wav,1.0,0.062359247
/tmp/backbone_swap_panns_a6jkby7y/data/PhysioNet2022/training_data/50007_TV.wav,1.0,0.0026901567
/tmp/backbone_swap_panns_a6jkby7y/data/PhysioNet2022/training_data/50018_AV.wav,1.0,0.28635645
/tmp/backbone_swap_panns_a6jkby7y/data/PhysioNet2022/training_data/50018_MV.wav,1.0,0.07506856
/tmp/backbone_swap_panns_a6jkby7y/data/PhysioNet2022/training_data/50026_AV.wav,1.0,0.06920844
/tmp/backbone_swap_panns_a6jkby7y/data/PhysioNet2022/training_data/50026_MV.wav,1.0,0.7613347
/tmp/backbone_swap_panns_a6jkby7y/data/PhysioNet2022/training_data/50027_AV.wav,1.0,0.091178454
/tmp/backbone_swap_panns_a6jkby7y/data/PhysioNet2022/training_data/50027_MV.wav,1.0,0.060902484
/tmp/backbone_swap_panns_a6jkby7y/data/PhysioNet2022/training_data/50029_AV.wav,1.0,0.43469578
/tmp/backbone_swap_panns_a6jkby7y/data/PhysioNet2022/training_data/50029_MV.wav,1.0,0.038937047
/tmp/backbone_swap_panns_a6jkby7y/data/PhysioNet2022/training_data/50029_PV.wav,1.0,0.06714107
/tmp/backbone_swap_panns_a6jkby7y/data/PhysioNet2022/training_data/50029_TV.wav,1.0,0.09333163
/tmp/backbone_swap_panns_a6jkby7y/data/PhysioNet2022/training_data/50043_AV.wav,1.0,0.10980681
/tmp/backbone_swap_panns_a6jkby7y/data/PhysioNet2022/training_data/50043_PV.wav,1.0,0.07084095
/tmp/backbone_swap_panns_a6jkby7y/data/PhysioNet2022/training_data/50043_TV.wav,1.0,0.15895766
/tmp/backbone_swap_panns_a6jkby7y/data/PhysioNet2022/training_data/50047_MV.wav,1.0,0.019006217
/tmp/backbone_swap_panns_a6jkby7y/data/PhysioNet2022/training_data/50047_PV.wav,1.0,0.27055737
/tmp/backbone_swap_panns_a6jkby7y/data/PhysioNet2022/training_data/50047_TV.wav,1.0,0.086288095
/tmp/backbone_swap_panns_a6jkby7y/data/PhysioNet2022/training_data/50048_MV.wav,1.0,0.0899521
/tmp/backbone_swap_panns_a6jkby7y/data/PhysioNet2022/training_data/50048_PV.wav,1.0,0.07759536
/tmp/backbone_swap_panns_a6jkby7y/data/PhysioNet2022/training_data/50048_TV.wav,1.0,0.09270869
/tmp/backbone_swap_panns_a6jkby7y/data/PhysioNet2022/training_data/50056_AV.wav,1.0,0.27697867
/tmp/backbone_swap_panns_a6jkby7y/data/PhysioNet2022/training_data/50056_MV.wav,1.0,0.05471695
/tmp/backbone_swap_panns_a6jkby7y/data/PhysioNet2022/training_data/50056_PV.wav,1.0,0.07372964
/tmp/backbone_swap_panns_a6jkby7y/data/PhysioNet2022/training_data/50056_TV.wav,1.0,0.14317264
/tmp/backbone_swap_panns_a6jkby7y/data/PhysioNet2022/training_data/50067_MV.wav,1.0,0.18867794
/tmp/backbone_swap_panns_a6jkby7y/data/PhysioNet2022/training_data/50067_PV.wav,1.0,0.079953186
/tmp/backbone_swap_panns_a6jkby7y/data/PhysioNet2022/training_data/50067_TV.wav,1.0,0.013506164
/tmp/backbone_swap_panns_a6jkby7y/data/PhysioNet2022/training_data/50076_AV.wav,1.0,0.054750845
/tmp/backbone_swap_panns_a6jkby7y/data/PhysioNet2022/training_data/50076_MV.wav,1.0,0.06633733
/tmp/backbone_swap_panns_a6jkby7y/data/PhysioNet2022/training_data/50076_PV.wav,1.0,0.05679377
/tmp/backbone_swap_panns_a6jkby7y/data/PhysioNet2022/training_data/50076_TV.wav,1.0,0.030048037
/tmp/backbone_swap_panns_a6jkby7y/data/PhysioNet2022/training_data/50079_AV.wav,1.0,0.16895401
/tmp/backbone_swap_panns_a6jkby7y/data/PhysioNet2022/training_data/50079_PV.wav,1.0,0.075885445
/tmp/backbone_swap_panns_a6jkby7y/data/PhysioNet2022/training_data/50079_TV.wav,1.0,0.1279657
/tmp/backbone_swap_panns_a6jkby7y/data/PhysioNet2022/training_data/50080_AV.wav,1.0,0.13862094
/tmp/backbone_swap_panns_a6jkby7y/data/PhysioNet2022/training_data/50080_MV.wav,1.0,0.061606925
/tmp/backbone_swap_panns_a6jkby7y/data/PhysioNet2022/training_data/50080_PV.wav,1.0,0.11772932
/tmp/backbone_swap_panns_a6jkby7y/data/PhysioNet2022/training_data/50080_TV.wav,1.0,0.037816968
/tmp/backbone_swap_panns_a6jkby7y/data/PhysioNet2022/training_data/50089_AV.wav,1.0,0.023354609
/tmp/backbone_swap_panns_a6jkby7y/data/PhysioNet2022/training_data/50089_PV.wav,1.0,0.19257852
/tmp/backbone_swap_panns_a6jkby7y/data/PhysioNet2022/training_data/50089_TV.wav,1.0,0.24466701
/tmp/backbone_swap_panns_a6jkby7y/data/PhysioNet2022/training_data/50092_AV.wav,1.0,0.39179966
/tmp/backbone_swap_panns_a6jkby7y/data/PhysioNet2022/training_data/50092_MV.wav,1.0,0.10763774
/tmp/backbone_swap_panns_a6jkby7y/data/PhysioNet2022/training_data/50092_PV.wav,1.0,0.24910769
/tmp/backbone_swap_panns_a6jkby7y/data/PhysioNet2022/training_data/50092_TV.wav,1.0,0.2730446
/tmp/backbone_swap_panns_a6jkby7y/data/PhysioNet2022/training_data/50103_AV.wav,1.0,0.40675676
/tmp/backbone_swap_panns_a6jkby7y/data/PhysioNet2022/training_data/50103_MV.wav,1.0,0.118078694
/tmp/backbone_swap_panns_a6jkby7y/data/PhysioNet2022/training_data/50103_PV.wav,1.0,0.18634444
/tmp/backbone_swap_panns_a6jkby7y/data/PhysioNet2022/training_data/50103_TV.wav,1.0,0.036712483
/tmp/backbone_swap_panns_a6jkby7y/data/PhysioNet2022/training_data/50109_AV.wav,1.0,0.062212013
/tmp/backbone_swap_panns_a6jkby7y/data/PhysioNet2022/training_data/50109_MV.wav,1.0,0.13653633
/tmp/backbone_swap_panns_a6jkby7y/data/PhysioNet2022/training_data/50109_PV.wav,1.0,0.06656004
/tmp/backbone_swap_panns_a6jkby7y/data/PhysioNet2022/training_data/50109_TV.wav,1.0,0.100157864
/tmp/backbone_swap_panns_a6jkby7y/data/PhysioNet2022/training_data/50111_AV.wav,1.0,0.16050635
/tmp/backbone_swap_panns_a6jkby7y/data/PhysioNet2022/training_data/50111_MV.wav,1.0,0.05701141
/tmp/backbone_swap_panns_a6jkby7y/data/PhysioNet2022/training_data/50111_PV.wav,1.0,0.38884598
/tmp/backbone_swap_panns_a6jkby7y/data/PhysioNet2022/training_data/50111_TV.wav,1.0,0.06984395
/tmp/backbone_swap_panns_a6jkby7y/data/PhysioNet2022/training_data/50113_AV.wav,1.0,0.43671826
/tmp/backbone_swap_panns_a6jkby7y/data/PhysioNet2022/training_data/50113_MV.wav,1.0,0.9452007
/tmp/backbone_swap_panns_a6jkby7y/data/PhysioNet2022/training_data/50113_PV.wav,1.0,0.06822405
/tmp/backbone_swap_panns_a6jkby7y/data/PhysioNet2022/training_data/50113_TV.wav,1.0,0.10753766
/tmp/backbone_swap_panns_a6jkby7y/data/PhysioNet2022/training_data/50119_PV.wav,1.0,0.08209419
/tmp/backbone_swap_panns_a6jkby7y/data/PhysioNet2022/training_data/50125_MV.wav,1.0,0.14960831
/tmp/backbone_swap_panns_a6jkby7y/data/PhysioNet2022/training_data/50125_PV.wav,1.0,0.114405766
/tmp/backbone_swap_panns_a6jkby7y/data/PhysioNet2022/training_data/50125_TV.wav,1.0,0.023168903
/tmp/backbone_swap_panns_a6jkby7y/data/PhysioNet2022/training_data/50146_MV.wav,1.0,0.0536792
/tmp/backbone_swap_panns_a6jkby7y/data/PhysioNet2022/training_data/50151_PV.wav,1.0,0.3396288
/tmp/backbone_swap_panns_a6jkby7y/data/PhysioNet2022/training_data/50152_AV.wav,1.0,0.04045306
/tmp/backbone_swap_panns_a6jkby7y/data/PhysioNet2022/training_data/50152_MV.wav,1.0,0.110715516
/tmp/backbone_swap_panns_a6jkby7y/data/PhysioNet2022/training_data/50155_AV.wav,1.0,0.07975911
/tmp/backbone_swap_panns_a6jkby7y/data/PhysioNet2022/training_data/50155_PV.wav,1.0,0.34255725
/tmp/backbone_swap_panns_a6jkby7y/data/PhysioNet2022/training_data/50155_TV.wav,1.0,0.065762006
/tmp/backbone_swap_panns_a6jkby7y/data/PhysioNet2022/training_data/50160_MV.wav,1.0,0.039379228
/tmp/backbone_swap_panns_a6jkby7y/data/PhysioNet2022/training_data/50160_PV.wav,1.0,0.14397979
/tmp/backbone_swap_panns_a6jkby7y/data/PhysioNet2022/training_data/50160_TV.wav,1.0,0.9592148
/tmp/backbone_swap_panns_a6jkby7y/data/PhysioNet2022/training_data/50174_AV.wav,1.0,0.13365938
/tmp/backbone_swap_panns_a6jkby7y/data/PhysioNet2022/training_data/50174_MV.wav,1.0,0.06466591
/tmp/backbone_swap_panns_a6jkby7y/data/PhysioNet2022/training_data/50174_PV.wav,1.0,0.109246865
/tmp/backbone_swap_panns_a6jkby7y/data/PhysioNet2022/training_data/50174_TV.wav,1.0,0.6301848
/tmp/backbone_swap_panns_a6jkby7y/data/PhysioNet2022/training_data/50207_AV.wav,1.0,0.09507459
/tmp/backbone_swap_panns_a6jkby7y/data/PhysioNet2022/training_data/50207_MV.wav,1.0,0.12931152
/tmp/backbone_swap_panns_a6jkby7y/data/PhysioNet2022/training_data/50209_AV.wav,1.0,0.06887035
/tmp/backbone_swap_panns_a6jkby7y/data/PhysioNet2022/training_data/50209_MV.wav,1.0,0.14921084
/tmp/backbone_swap_panns_a6jkby7y/data/PhysioNet2022/training_data/50209_PV.wav,1.0,0.22947282
/tmp/backbone_swap_panns_a6jkby7y/data/PhysioNet2022/training_data/50209_TV.wav,1.0,0.0847654
/tmp/backbone_swap_panns_a6jkby7y/data/PhysioNet2022/training_data/50210_AV.wav,1.0,0.13709532
/tmp/backbone_swap_panns_a6jkby7y/data/PhysioNet2022/training_data/50210_MV_1.wav,1.0,0.062168658
/tmp/backbone_swap_panns_a6jkby7y/data/PhysioNet2022/training_data/50210_MV_2.wav,1.0,0.16907677
/tmp/backbone_swap_panns_a6jkby7y/data/PhysioNet2022/training_data/50210_PV.wav,1.0,0.1060137
/tmp/backbone_swap_panns_a6jkby7y/data/PhysioNet2022/training_data/50210_TV.wav,1.0,0.23607068
/tmp/backbone_swap_panns_a6jkby7y/data/PhysioNet2022/training_data/50216_AV.wav,1.0,0.183345
/tmp/backbone_swap_panns_a6jkby7y/data/PhysioNet2022/training_data/50216_MV.wav,1.0,0.29099318
/tmp/backbone_swap_panns_a6jkby7y/data/PhysioNet2022/training_data/50216_PV.wav,1.0,0.2641306
/tmp/backbone_swap_panns_a6jkby7y/data/PhysioNet2022/training_data/50216_Phc_1.wav,1.0,0.19572371
/tmp/backbone_swap_panns_a6jkby7y/data/PhysioNet2022/training_data/50216_Phc_2.wav,1.0,0.42129937
/tmp/backbone_swap_panns_a6jkby7y/data/PhysioNet2022/training_data/50217_AV.wav,1.0,0.08425603
/tmp/backbone_swap_panns_a6jkby7y/data/PhysioNet2022/training_data/50217_PV.wav,1.0,0.06609797
/tmp/backbone_swap_panns_a6jkby7y/data/PhysioNet2022/training_data/50218_AV.wav,1.0,0.28247494
/tmp/backbone_swap_panns_a6jkby7y/data/PhysioNet2022/training_data/50218_MV.wav,1.0,0.5206254
/tmp/backbone_swap_panns_a6jkby7y/data/PhysioNet2022/training_data/50218_PV.wav,1.0,0.04559719
/tmp/backbone_swap_panns_a6jkby7y/data/PhysioNet2022/training_data/50218_TV.wav,1.0,0.22598772
/tmp/backbone_swap_panns_a6jkby7y/data/PhysioNet2022/training_data/50229_AV.wav,1.0,0.08654839
/tmp/backbone_swap_panns_a6jkby7y/data/PhysioNet2022/training_data/50229_MV.wav,1.0,0.073140405
/tmp/backbone_swap_panns_a6jkby7y/data/PhysioNet2022/training_data/50229_PV.wav,1.0,0.0940532
/tmp/backbone_swap_panns_a6jkby7y/data/PhysioNet2022/training_data/50229_TV.wav,1.0,0.42907968
/tmp/backbone_swap_panns_a6jkby7y/data/PhysioNet2022/training_data/50231_AV.wav,1.0,0.47651803
/tmp/backbone_swap_panns_a6jkby7y/data/PhysioNet2022/training_data/50231_MV.wav,1.0,0.14188543
/tmp/backbone_swap_panns_a6jkby7y/data/PhysioNet2022/training_data/50231_PV.wav,1.0,0.19236094
/tmp/backbone_swap_panns_a6jkby7y/data/PhysioNet2022/training_data/50231_TV.wav,1.0,0.16750526
/tmp/backbone_swap_panns_a6jkby7y/data/PhysioNet2022/training_data/50233_AV.wav,1.0,0.084013596
/tmp/backbone_swap_panns_a6jkby7y/data/PhysioNet2022/training_data/50233_MV.wav,1.0,0.06723648
/tmp/backbone_swap_panns_a6jkby7y/data/PhysioNet2022/training_data/50233_PV.wav,1.0,0.0055352408
/tmp/backbone_swap_panns_a6jkby7y/data/PhysioNet2022/training_data/50233_TV.wav,1.0,0.046449307
/tmp/backbone_swap_panns_a6jkby7y/data/PhysioNet2022/training_data/50239_AV.wav,1.0,0.12247345
/tmp/backbone_swap_panns_a6jkby7y/data/PhysioNet2022/training_data/50239_MV.wav,1.0,0.19807616
/tmp/backbone_swap_panns_a6jkby7y/data/PhysioNet2022/training_data/50239_PV.wav,1.0,0.039452102
/tmp/backbone_swap_panns_a6jkby7y/data/PhysioNet2022/training_data/50239_TV.wav,1.0,0.1628147
/tmp/backbone_swap_panns_a6jkby7y/data/PhysioNet2022/training_data/50249_AV_1.wav,1.0,0.080000766
/tmp/backbone_swap_panns_a6jkby7y/data/PhysioNet2022/training_data/50249_AV_2.wav,1.0,0.07832121
/tmp/backbone_swap_panns_a6jkby7y/data/PhysioNet2022/training_data/50249_MV.wav,1.0,0.018496752
/tmp/backbone_swap_panns_a6jkby7y/data/PhysioNet2022/training_data/50258_MV.wav,1.0,0.08023805
/tmp/backbone_swap_panns_a6jkby7y/data/PhysioNet2022/training_data/50258_PV.wav,1.0,0.07357657
/tmp/backbone_swap_panns_a6jkby7y/data/PhysioNet2022/training_data/50258_TV.wav,1.0,0.9253626
/tmp/backbone_swap_panns_a6jkby7y/data/PhysioNet2022/training_data/50261_AV.wav,1.0,0.07912373
/tmp/backbone_swap_panns_a6jkby7y/data/PhysioNet2022/training_data/50261_MV.wav,1.0,0.099225715
/tmp/backbone_swap_panns_a6jkby7y/data/PhysioNet2022/training_data/50261_PV.wav,1.0,0.122953534
/tmp/backbone_swap_panns_a6jkby7y/data/PhysioNet2022/training_data/50261_TV.wav,1.0,0.09582381
/tmp/backbone_swap_panns_a6jkby7y/data/PhysioNet2022/training_data/50263_AV.wav,1.0,0.43174952
/tmp/backbone_swap_panns_a6jkby7y/data/PhysioNet2022/training_data/50263_MV.wav,1.0,0.078446046
/tmp/backbone_swap_panns_a6jkby7y/data/PhysioNet2022/training_data/50263_PV.wav,1.0,0.088179804
/tmp/backbone_swap_panns_a6jkby7y/data/PhysioNet2022/training_data/50263_TV_1.wav,1.0,0.13519353
/tmp/backbone_swap_panns_a6jkby7y/data/PhysioNet2022/training_data/50263_TV_2.wav,1.0,0.17282367
/tmp/backbone_swap_panns_a6jkby7y/data/PhysioNet2022/training_data/50277_AV.wav,1.0,0.057027455
/tmp/backbone_swap_panns_a6jkby7y/data/PhysioNet2022/training_data/50277_MV.wav,1.0,0.18288894
/tmp/backbone_swap_panns_a6jkby7y/data/PhysioNet2022/training_data/50277_PV.wav,1.0,0.18259098
/tmp/backbone_swap_panns_a6jkby7y/data/PhysioNet2022/training_data/50277_TV.wav,1.0,0.11179434
/tmp/backbone_swap_panns_a6jkby7y/data/PhysioNet2022/training_data/50278_AV.wav,1.0,0.43941164
/tmp/backbone_swap_panns_a6jkby7y/data/PhysioNet2022/training_data/50278_MV.wav,1.0,0.08909582
/tmp/backbone_swap_panns_a6jkby7y/data/PhysioNet2022/training_data/50278_PV.wav,1.0,0.037376396
/tmp/backbone_swap_panns_a6jkby7y/data/PhysioNet2022/training_data/50278_TV.wav,1.0,0.1867986
/tmp/backbone_swap_panns_a6jkby7y/data/PhysioNet2022/training_data/50280_AV.wav,1.0,0.15843283
/tmp/backbone_swap_panns_a6jkby7y/data/PhysioNet2022/training_data/50280_PV.wav,1.0,0.060515486
/tmp/backbone_swap_panns_a6jkby7y/data/PhysioNet2022/training_data/50280_TV.wav,1.0,0.04907268
/tmp/backbone_swap_panns_a6jkby7y/data/PhysioNet2022/training_data/50281_MV.wav,1.0,0.47829154
/tmp/backbone_swap_panns_a6jkby7y/data/PhysioNet2022/training_data/50281_PV.wav,1.0,0.19609584
/tmp/backbone_swap_panns_a6jkby7y/data/PhysioNet2022/training_data/50281_TV.wav,1.0,0.030030787
/tmp/backbone_swap_panns_a6jkby7y/data/PhysioNet2022/training_data/50289_AV.wav,1.0,0.15279546
/tmp/backbone_swap_panns_a6jkby7y/data/PhysioNet2022/training_data/50289_MV.wav,1.0,0.09613475
/tmp/backbone_swap_panns_a6jkby7y/data/PhysioNet2022/training_data/50289_PV.wav,1.0,0.15160187
/tmp/backbone_swap_panns_a6jkby7y/data/PhysioNet2022/training_data/50289_TV.wav,1.0,0.15174128
/tmp/backbone_swap_panns_a6jkby7y/data/PhysioNet2022/training_data/50298_MV.wav,1.0,0.23976031
/tmp/backbone_swap_panns_a6jkby7y/data/PhysioNet2022/training_data/50298_PV.wav,1.0,0.13346894
/tmp/backbone_swap_panns_a6jkby7y/data/PhysioNet2022/training_data/50298_TV.wav,1.0,0.09532361
/tmp/backbone_swap_panns_a6jkby7y/data/PhysioNet2022/training_data/50299_AV.wav,1.0,0.13625349
/tmp/backbone_swap_panns_a6jkby7y/data/PhysioNet2022/training_data/50299_MV.wav,1.0,0.130278
/tmp/backbone_swap_panns_a6jkby7y/data/PhysioNet2022/training_data/50299_PV.wav,1.0,0.10742664
/tmp/backbone_swap_panns_a6jkby7y/data/PhysioNet2022/training_data/50299_TV.wav,1.0,0.07379639
/tmp/backbone_swap_panns_a6jkby7y/data/PhysioNet2022/training_data/50300_AV.wav,1.0,0.055261377
/tmp/backbone_swap_panns_a6jkby7y/data/PhysioNet2022/training_data/50300_MV.wav,1.0,0.039021406
/tmp/backbone_swap_panns_a6jkby7y/data/PhysioNet2022/training_data/50312_AV.wav,1.0,0.2079686
/tmp/backbone_swap_panns_a6jkby7y/data/PhysioNet2022/training_data/50312_MV.wav,1.0,0.10088613
/tmp/backbone_swap_panns_a6jkby7y/data/PhysioNet2022/training_data/50312_PV.wav,1.0,0.13796422
/tmp/backbone_swap_panns_a6jkby7y/data/PhysioNet2022/training_data/50312_TV.wav,1.0,0.071819544
/tmp/backbone_swap_panns_a6jkby7y/data/PhysioNet2022/training_data/50318_AV.wav,1.0,0.19691373
/tmp/backbone_swap_panns_a6jkby7y/data/PhysioNet2022/training_data/50318_MV.wav,1.0,0.382181
/tmp/backbone_swap_panns_a6jkby7y/data/PhysioNet2022/training_data/50318_PV.wav,1.0,0.06389265
/tmp/backbone_swap_panns_a6jkby7y/data/PhysioNet2022/training_data/50318_TV.wav,1.0,0.3013639
/tmp/backbone_swap_panns_a6jkby7y/data/PhysioNet2022/training_data/50326_AV.wav,1.0,0.10699207
/tmp/backbone_swap_panns_a6jkby7y/data/PhysioNet2022/training_data/50326_MV.wav,1.0,0.3613263
/tmp/backbone_swap_panns_a6jkby7y/data/PhysioNet2022/training_data/50326_PV.wav,1.0,0.04043857
/tmp/backbone_swap_panns_a6jkby7y/data/PhysioNet2022/training_data/50326_TV.wav,1.0,0.11122777
/tmp/backbone_swap_panns_a6jkby7y/data/PhysioNet2022/training_data/50330_AV.wav,1.0,0.015914634
/tmp/backbone_swap_panns_a6jkby7y/data/PhysioNet2022/training_data/50330_MV.wav,1.0,0.105368726
/tmp/backbone_swap_panns_a6jkby7y/data/PhysioNet2022/training_data/50331_AV.wav,1.0,0.19118913
/tmp/backbone_swap_panns_a6jkby7y/data/PhysioNet2022/training_data/50331_MV.wav,1.0,0.037903316
/tmp/backbone_swap_panns_a6jkby7y/data/PhysioNet2022/training_data/50331_PV.wav,1.0,0.14743397
/tmp/backbone_swap_panns_a6jkby7y/data/PhysioNet2022/training_data/50331_TV.wav,1.0,0.12157118
/tmp/backbone_swap_panns_a6jkby7y/data/PhysioNet2022/training_data/50335_AV.wav,1.0,0.08524026
/tmp/backbone_swap_panns_a6jkby7y/data/PhysioNet2022/training_data/50335_MV.wav,1.0,0.13270803
/tmp/backbone_swap_panns_a6jkby7y/data/PhysioNet2022/training_data/50339_AV.wav,1.0,0.27326185
/tmp/backbone_swap_panns_a6jkby7y/data/PhysioNet2022/training_data/50339_MV.wav,1.0,0.13623746
/tmp/backbone_swap_panns_a6jkby7y/data/PhysioNet2022/training_data/50339_PV.wav,1.0,0.073935635
/tmp/backbone_swap_panns_a6jkby7y/data/PhysioNet2022/training_data/50339_TV.wav,1.0,0.07213579
/tmp/backbone_swap_panns_a6jkby7y/data/PhysioNet2022/training_data/50343_AV.wav,1.0,0.09470628
/tmp/backbone_swap_panns_a6jkby7y/data/PhysioNet2022/training_data/50343_MV.wav,1.0,0.19603778
/tmp/backbone_swap_panns_a6jkby7y/data/PhysioNet2022/training_data/50343_PV.wav,1.0,0.24532117
/tmp/backbone_swap_panns_a6jkby7y/data/PhysioNet2022/training_data/50343_TV.wav,1.0,0.015206299
/tmp/backbone_swap_panns_a6jkby7y/data/PhysioNet2022/training_data/50349_AV.wav,1.0,0.5633314
/tmp/backbone_swap_panns_a6jkby7y/data/PhysioNet2022/training_data/50349_MV.wav,1.0,0.045929376
/tmp/backbone_swap_panns_a6jkby7y/data/PhysioNet2022/training_data/50349_PV.wav,1.0,0.158161
/tmp/backbone_swap_panns_a6jkby7y/data/PhysioNet2022/training_data/50349_TV.wav,1.0,0.14060704
/tmp/backbone_swap_panns_a6jkby7y/data/PhysioNet2022/training_data/50379_AV.wav,1.0,0.3534237
/tmp/backbone_swap_panns_a6jkby7y/data/PhysioNet2022/training_data/50379_MV.wav,1.0,0.061982688
/tmp/backbone_swap_panns_a6jkby7y/data/PhysioNet2022/training_data/50379_PV.wav,1.0,0.1725692
/tmp/backbone_swap_panns_a6jkby7y/data/PhysioNet2022/training_data/50379_TV.wav,1.0,0.18020223
/tmp/backbone_swap_panns_a6jkby7y/data/PhysioNet2022/training_data/50391_MV.wav,1.0,0.13176705
/tmp/backbone_swap_panns_a6jkby7y/data/PhysioNet2022/training_data/50391_PV.wav,1.0,0.1931434
/tmp/backbone_swap_panns_a6jkby7y/data/PhysioNet2022/training_data/50391_TV.wav,1.0,0.036400706
/tmp/backbone_swap_panns_a6jkby7y/data/PhysioNet2022/training_data/50619_AV.wav,1.0,0.07213309
/tmp/backbone_swap_panns_a6jkby7y/data/PhysioNet2022/training_data/50619_MV.wav,1.0,0.15828657
/tmp/backbone_swap_panns_a6jkby7y/data/PhysioNet2022/training_data/50619_PV.wav,1.0,0.050631676
/tmp/backbone_swap_panns_a6jkby7y/data/PhysioNet2022/training_data/50619_TV.wav,1.0,0.21585369
/tmp/backbone_swap_panns_a6jkby7y/data/PhysioNet2022/training_data/50621_PV.wav,1.0,0.11319625
/tmp/backbone_swap_panns_a6jkby7y/data/PhysioNet2022/training_data/50631_AV.wav,1.0,0.08624226
/tmp/backbone_swap_panns_a6jkby7y/data/PhysioNet2022/training_data/50631_MV.wav,1.0,0.10824116
/tmp/backbone_swap_panns_a6jkby7y/data/PhysioNet2022/training_data/50641_MV.wav,1.0,0.9272344
/tmp/backbone_swap_panns_a6jkby7y/data/PhysioNet2022/training_data/50641_PV.wav,1.0,0.07361191
/tmp/backbone_swap_panns_a6jkby7y/data/PhysioNet2022/training_data/50641_TV.wav,1.0,0.14986204
/tmp/backbone_swap_panns_a6jkby7y/data/PhysioNet2022/training_data/50647_AV.wav,1.0,0.10003105
/tmp/backbone_swap_panns_a6jkby7y/data/PhysioNet2022/training_data/50647_MV.wav,1.0,0.050974164
/tmp/backbone_swap_panns_a6jkby7y/data/PhysioNet2022/training_data/50647_PV.wav,1.0,0.2690922
/tmp/backbone_swap_panns_a6jkby7y/data/PhysioNet2022/training_data/50647_TV.wav,1.0,0.10544113
/tmp/backbone_swap_panns_a6jkby7y/data/PhysioNet2022/training_data/50652_AV.wav,1.0,0.18449494
/tmp/backbone_swap_panns_a6jkby7y/data/PhysioNet2022/training_data/50652_MV.wav,1.0,0.16499922
/tmp/backbone_swap_panns_a6jkby7y/data/PhysioNet2022/training_data/50655_AV.wav,1.0,0.04901815
/tmp/backbone_swap_panns_a6jkby7y/data/PhysioNet2022/training_data/50655_MV.wav,1.0,0.10801652
/tmp/backbone_swap_panns_a6jkby7y/data/PhysioNet2022/training_data/50667_AV.wav,1.0,0.13309558
/tmp/backbone_swap_panns_a6jkby7y/data/PhysioNet2022/training_data/50667_MV.wav,1.0,0.053517412
/tmp/backbone_swap_panns_a6jkby7y/data/PhysioNet2022/training_data/50667_PV.wav,1.0,0.3091851
/tmp/backbone_swap_panns_a6jkby7y/data/PhysioNet2022/training_data/50667_TV.wav,1.0,0.5912094
/tmp/backbone_swap_panns_a6jkby7y/data/PhysioNet2022/training_data/50676_AV.wav,1.0,0.07672349
/tmp/backbone_swap_panns_a6jkby7y/data/PhysioNet2022/training_data/50676_MV.wav,1.0,0.3449144
/tmp/backbone_swap_panns_a6jkby7y/data/PhysioNet2022/training_data/50676_PV.wav,1.0,0.09654934
/tmp/backbone_swap_panns_a6jkby7y/data/PhysioNet2022/training_data/50676_TV.wav,1.0,0.060112156
/tmp/backbone_swap_panns_a6jkby7y/data/PhysioNet2022/training_data/50689_AV.wav,1.0,0.12504257
/tmp/backbone_swap_panns_a6jkby7y/data/PhysioNet2022/training_data/50689_MV.wav,1.0,0.11788594
/tmp/backbone_swap_panns_a6jkby7y/data/PhysioNet2022/training_data/50689_PV.wav,1.0,0.02361468
/tmp/backbone_swap_panns_a6jkby7y/data/PhysioNet2022/training_data/50689_TV.wav,1.0,0.13056824
/tmp/backbone_swap_panns_a6jkby7y/data/PhysioNet2022/training_data/50691_AV.wav,1.0,0.52576786
/tmp/backbone_swap_panns_a6jkby7y/data/PhysioNet2022/training_data/50691_MV.wav,1.0,0.6449859
/tmp/backbone_swap_panns_a6jkby7y/data/PhysioNet2022/training_data/50691_PV.wav,1.0,0.11556253
/tmp/backbone_swap_panns_a6jkby7y/data/PhysioNet2022/training_data/50691_TV.wav,1.0,0.14617583
/tmp/backbone_swap_panns_a6jkby7y/data/PhysioNet2022/training_data/50707_AV.wav,1.0,0.0916505
/tmp/backbone_swap_panns_a6jkby7y/data/PhysioNet2022/training_data/50707_MV.wav,1.0,0.18982996
/tmp/backbone_swap_panns_a6jkby7y/data/PhysioNet2022/training_data/50707_TV.wav,1.0,0.07969954
/tmp/backbone_swap_panns_a6jkby7y/data/PhysioNet2022/training_data/50713_AV.wav,1.0,0.830574
/tmp/backbone_swap_panns_a6jkby7y/data/PhysioNet2022/training_data/50713_MV.wav,1.0,0.32569137
/tmp/backbone_swap_panns_a6jkby7y/data/PhysioNet2022/training_data/50713_PV.wav,1.0,0.04968334
/tmp/backbone_swap_panns_a6jkby7y/data/PhysioNet2022/training_data/50713_TV.wav,1.0,0.037649922
/tmp/backbone_swap_panns_a6jkby7y/data/PhysioNet2022/training_data/50720_AV.wav,1.0,0.10124443
/tmp/backbone_swap_panns_a6jkby7y/data/PhysioNet2022/training_data/50720_MV.wav,1.0,0.0473486
/tmp/backbone_swap_panns_a6jkby7y/data/PhysioNet2022/training_data/50721_AV.wav,1.0,0.19893317
/tmp/backbone_swap_panns_a6jkby7y/data/PhysioNet2022/training_data/50721_MV.wav,1.0,0.105797976
/tmp/backbone_swap_panns_a6jkby7y/data/PhysioNet2022/training_data/50721_PV.wav,1.0,0.07869564
/tmp/backbone_swap_panns_a6jkby7y/data/PhysioNet2022/training_data/50721_TV.wav,1.0,0.11738978
/tmp/backbone_swap_panns_a6jkby7y/data/PhysioNet2022/training_data/50736_AV.wav,1.0,0.17061357
/tmp/backbone_swap_panns_a6jkby7y/data/PhysioNet2022/training_data/50736_PV.wav,1.0,0.07174684
/tmp/backbone_swap_panns_a6jkby7y/data/PhysioNet2022/training_data/50736_TV.wav,1.0,0.15548635
/tmp/backbone_swap_panns_a6jkby7y/data/PhysioNet2022/training_data/50746_AV.wav,1.0,0.16868176
/tmp/backbone_swap_panns_a6jkby7y/data/PhysioNet2022/training_data/50746_MV.wav,1.0,0.17618752
/tmp/backbone_swap_panns_a6jkby7y/data/PhysioNet2022/training_data/50746_PV.wav,1.0,0.0467662
/tmp/backbone_swap_panns_a6jkby7y/data/PhysioNet2022/training_data/50746_TV.wav,1.0,0.03233162
/tmp/backbone_swap_panns_a6jkby7y/data/PhysioNet2022/training_data/50753_AV.wav,1.0,0.34563512
/tmp/backbone_swap_panns_a6jkby7y/data/PhysioNet2022/training_data/50753_MV.wav,1.0,0.118045904
/tmp/backbone_swap_panns_a6jkby7y/data/PhysioNet2022/training_data/50753_PV.wav,1.0,0.12193345
/tmp/backbone_swap_panns_a6jkby7y/data/PhysioNet2022/training_data/50753_TV.wav,1.0,0.025016228
/tmp/backbone_swap_panns_a6jkby7y/data/PhysioNet2022/training_data/50754_AV.wav,1.0,0.111192726
/tmp/backbone_swap_panns_a6jkby7y/data/PhysioNet2022/training_data/50754_MV.wav,1.0,0.047345676
/tmp/backbone_swap_panns_a6jkby7y/data/PhysioNet2022/training_data/50754_PV.wav,1.0,0.20396844
/tmp/backbone_swap_panns_a6jkby7y/data/PhysioNet2022/training_data/50754_TV.wav,1.0,0.11424918
/tmp/backbone_swap_panns_a6jkby7y/data/PhysioNet2022/training_data/50758_AV.wav,1.0,0.9168157
/tmp/backbone_swap_panns_a6jkby7y/data/PhysioNet2022/training_data/50758_MV.wav,1.0,0.17962725
/tmp/backbone_swap_panns_a6jkby7y/data/PhysioNet2022/training_data/50758_PV.wav,1.0,0.11397384
/tmp/backbone_swap_panns_a6jkby7y/data/PhysioNet2022/training_data/50758_TV.wav,1.0,0.060665682
/tmp/backbone_swap_panns_a6jkby7y/data/PhysioNet2022/training_data/50763_AV.wav,1.0,0.055708647
/tmp/backbone_swap_panns_a6jkby7y/data/PhysioNet2022/training_data/50763_MV.wav,1.0,0.13934489
/tmp/backbone_swap_panns_a6jkby7y/data/PhysioNet2022/training_data/50763_PV.wav,1.0,0.021245586
/tmp/backbone_swap_panns_a6jkby7y/data/PhysioNet2022/training_data/50763_TV.wav,1.0,0.2847378
/tmp/backbone_swap_panns_a6jkby7y/data/PhysioNet2022/training_data/50766_AV.wav,1.0,0.053635787
/tmp/backbone_swap_panns_a6jkby7y/data/PhysioNet2022/training_data/50766_MV.wav,1.0,0.06620899
/tmp/backbone_swap_panns_a6jkby7y/data/PhysioNet2022/training_data/50766_PV.wav,1.0,0.62175685
/tmp/backbone_swap_panns_a6jkby7y/data/PhysioNet2022/training_data/50766_TV.wav,1.0,0.8344678
/tmp/backbone_swap_panns_a6jkby7y/data/PhysioNet2022/training_data/50773_AV.wav,1.0,0.06930995
/tmp/backbone_swap_panns_a6jkby7y/data/PhysioNet2022/training_data/50773_MV.wav,1.0,0.028604778
/tmp/backbone_swap_panns_a6jkby7y/data/PhysioNet2022/training_data/50773_PV.wav,1.0,0.11593241
/tmp/backbone_swap_panns_a6jkby7y/data/PhysioNet2022/training_data/50773_TV.wav,1.0,0.1189076
/tmp/backbone_swap_panns_a6jkby7y/data/PhysioNet2022/training_data/50774_AV.wav,1.0,0.1516753
/tmp/backbone_swap_panns_a6jkby7y/data/PhysioNet2022/training_data/50774_MV.wav,1.0,0.24282002
/tmp/backbone_swap_panns_a6jkby7y/data/PhysioNet2022/training_data/50774_TV.wav,1.0,0.5012607
/tmp/backbone_swap_panns_a6jkby7y/data/PhysioNet2022/training_data/50776_PV.wav,1.0,0.061313536
/tmp/backbone_swap_panns_a6jkby7y/data/PhysioNet2022/training_data/50781_AV.wav,1.0,0.08674291
/tmp/backbone_swap_panns_a6jkby7y/data/PhysioNet2022/training_data/50781_MV.wav,1.0,0.22034079
/tmp/backbone_swap_panns_a6jkby7y/data/PhysioNet2022/training_data/50781_PV.wav,1.0,0.06287137
/tmp/backbone_swap_panns_a6jkby7y/data/PhysioNet2022/training_data/50781_TV.wav,1.0,0.20814128
/tmp/backbone_swap_panns_a6jkby7y/data/PhysioNet2022/training_data/50784_AV.wav,1.0,0.16063558
/tmp/backbone_swap_panns_a6jkby7y/data/PhysioNet2022/training_data/50784_MV.wav,1.0,0.25250205
/tmp/backbone_swap_panns_a6jkby7y/data/PhysioNet2022/training_data/50784_PV.wav,1.0,0.07393206
/tmp/backbone_swap_panns_a6jkby7y/data/PhysioNet2022/training_data/50784_TV.wav,1.0,0.04250557
/tmp/backbone_swap_panns_a6jkby7y/data/PhysioNet2022/training_data/50788_AV.wav,1.0,0.17625299
/tmp/backbone_swap_panns_a6jkby7y/data/PhysioNet2022/training_data/50788_MV.wav,1.0,0.40245
/tmp/backbone_swap_panns_a6jkby7y/data/PhysioNet2022/training_data/50788_PV.wav,1.0,0.03886723
/tmp/backbone_swap_panns_a6jkby7y/data/PhysioNet2022/training_data/50788_TV.wav,1.0,0.19899064
/tmp/backbone_swap_panns_a6jkby7y/data/PhysioNet2022/training_data/50789_AV.wav,1.0,0.8147272
/tmp/backbone_swap_panns_a6jkby7y/data/PhysioNet2022/training_data/50789_MV.wav,1.0,0.052220665
/tmp/backbone_swap_panns_a6jkby7y/data/PhysioNet2022/training_data/50789_PV.wav,1.0,0.031205568
/tmp/backbone_swap_panns_a6jkby7y/data/PhysioNet2022/training_data/50789_TV.wav,1.0,0.17941783
/tmp/backbone_swap_panns_a6jkby7y/data/PhysioNet2022/training_data/50797_AV.wav,1.0,0.12328562
/tmp/backbone_swap_panns_a6jkby7y/data/PhysioNet2022/training_data/50797_MV.wav,1.0,0.04895468
/tmp/backbone_swap_panns_a6jkby7y/data/PhysioNet2022/training_data/50797_PV.wav,1.0,0.06503593
/tmp/backbone_swap_panns_a6jkby7y/data/PhysioNet2022/training_data/50797_TV.wav,1.0,0.23988718
/tmp/backbone_swap_panns_a6jkby7y/data/PhysioNet2022/training_data/50802_AV.wav,1.0,0.48321888
/tmp/backbone_swap_panns_a6jkby7y/data/PhysioNet2022/training_data/50802_MV.wav,1.0,0.5993206
/tmp/backbone_swap_panns_a6jkby7y/data/PhysioNet2022/training_data/50802_PV.wav,1.0,0.039803244
/tmp/backbone_swap_panns_a6jkby7y/data/PhysioNet2022/training_data/50802_TV_1.wav,1.0,0.1045783
/tmp/backbone_swap_panns_a6jkby7y/data/PhysioNet2022/training_data/50802_TV_2.wav,1.0,0.15508933
/tmp/backbone_swap_panns_a6jkby7y/data/PhysioNet2022/training_data/50803_AV.wav,1.0,0.3357521
/tmp/backbone_swap_panns_a6jkby7y/data/PhysioNet2022/training_data/50803_MV.wav,1.0,0.09242815
/tmp/backbone_swap_panns_a6jkby7y/data/PhysioNet2022/training_data/50803_PV.wav,1.0,0.6576478
/tmp/backbone_swap_panns_a6jkby7y/data/PhysioNet2022/training_data/50803_TV.wav,1.0,0.1357744
/tmp/backbone_swap_panns_a6jkby7y/data/PhysioNet2022/training_data/50805_MV.wav,1.0,0.33437616
/tmp/backbone_swap_panns_a6jkby7y/data/PhysioNet2022/training_data/50805_PV.wav,1.0,0.09969543
/tmp/backbone_swap_panns_a6jkby7y/data/PhysioNet2022/training_data/50805_TV.wav,1.0,0.18052198
/tmp/backbone_swap_panns_a6jkby7y/data/PhysioNet2022/training_data/50807_AV.wav,1.0,0.11051769
/tmp/backbone_swap_panns_a6jkby7y/data/PhysioNet2022/training_data/50807_MV.wav,1.0,0.12692748
/tmp/backbone_swap_panns_a6jkby7y/data/PhysioNet2022/training_data/50807_PV.wav,1.0,0.12687744
/tmp/backbone_swap_panns_a6jkby7y/data/PhysioNet2022/training_data/50807_TV.wav,1.0,0.0038455825
/tmp/backbone_swap_panns_a6jkby7y/data/PhysioNet2022/training_data/50818_AV.wav,1.0,0.0931459
/tmp/backbone_swap_panns_a6jkby7y/data/PhysioNet2022/training_data/50818_MV.wav,1.0,0.08994074
/tmp/backbone_swap_panns_a6jkby7y/data/PhysioNet2022/training_data/50818_PV.wav,1.0,0.062726595
/tmp/backbone_swap_panns_a6jkby7y/data/PhysioNet2022/training_data/50818_TV.wav,1.0,0.08665352
/tmp/backbone_swap_panns_a6jkby7y/data/PhysioNet2022/training_data/50826_AV.wav,1.0,0.09557612
/tmp/backbone_swap_panns_a6jkby7y/data/PhysioNet2022/training_data/50826_MV.wav,1.0,0.18869872
/tmp/backbone_swap_panns_a6jkby7y/data/PhysioNet2022/training_data/50826_PV.wav,1.0,0.34181365
/tmp/backbone_swap_panns_a6jkby7y/data/PhysioNet2022/training_data/50826_TV.wav,1.0,0.60227776
/tmp/backbone_swap_panns_a6jkby7y/data/PhysioNet2022/training_data/51331_AV.wav,1.0,0.18776163
/tmp/backbone_swap_panns_a6jkby7y/data/PhysioNet2022/training_data/51331_MV.wav,1.0,0.08563667
/tmp/backbone_swap_panns_a6jkby7y/data/PhysioNet2022/training_data/51331_PV.wav,1.0,0.09346563
/tmp/backbone_swap_panns_a6jkby7y/data/PhysioNet2022/training_data/51331_TV.wav,1.0,0.17498392
/tmp/backbone_swap_panns_a6jkby7y/data/PhysioNet2022/training_data/55945_AV.wav,1.0,0.8721521
/tmp/backbone_swap_panns_a6jkby7y/data/PhysioNet2022/training_data/55945_MV.wav,1.0,0.08104379
/tmp/backbone_swap_panns_a6jkby7y/data/PhysioNet2022/training_data/55945_PV.wav,1.0,0.91351914
/tmp/backbone_swap_panns_a6jkby7y/data/PhysioNet2022/training_data/55945_TV.wav,1.0,0.10973391
/tmp/backbone_swap_panns_a6jkby7y/data/PhysioNet2022/training_data/57700_MV.wav,1.0,0.044834852
/tmp/backbone_swap_panns_a6jkby7y/data/PhysioNet2022/training_data/57700_PV.wav,1.0,0.3991652
/tmp/backbone_swap_panns_a6jkby7y/data/PhysioNet2022/training_data/57700_TV.wav,1.0,0.08363706
/tmp/backbone_swap_panns_a6jkby7y/data/PhysioNet2022/training_data/61117_AV.wav,1.0,0.083537884
/tmp/backbone_swap_panns_a6jkby7y/data/PhysioNet2022/training_data/61117_MV.wav,1.0,0.12314396
/tmp/backbone_swap_panns_a6jkby7y/data/PhysioNet2022/training_data/61117_PV.wav,1.0,0.097310446
/tmp/backbone_swap_panns_a6jkby7y/data/PhysioNet2022/training_data/61117_TV.wav,1.0,0.02253199
/tmp/backbone_swap_panns_a6jkby7y/data/PhysioNet2022/training_data/61610_AV.wav,1.0,0.19376986
/tmp/backbone_swap_panns_a6jkby7y/data/PhysioNet2022/training_data/61610_MV.wav,1.0,0.2382621
/tmp/backbone_swap_panns_a6jkby7y/data/PhysioNet2022/training_data/61610_PV.wav,1.0,0.12635572
/tmp/backbone_swap_panns_a6jkby7y/data/PhysioNet2022/training_data/61610_TV.wav,1.0,0.45269987
/tmp/backbone_swap_panns_a6jkby7y/data/PhysioNet2022/training_data/63581_AV.wav,1.0,0.1581473
/tmp/backbone_swap_panns_a6jkby7y/data/PhysioNet2022/training_data/63581_MV.wav,1.0,0.056739695
/tmp/backbone_swap_panns_a6jkby7y/data/PhysioNet2022/training_data/63581_PV.wav,1.0,0.67050004
/tmp/backbone_swap_panns_a6jkby7y/data/PhysioNet2022/training_data/63581_TV.wav,1.0,0.036718234
/tmp/backbone_swap_panns_a6jkby7y/data/PhysioNet2022/training_data/68194_AV.wav,1.0,0.090148516
/tmp/backbone_swap_panns_a6jkby7y/data/PhysioNet2022/training_data/68194_MV.wav,1.0,0.13647579
/tmp/backbone_swap_panns_a6jkby7y/data/PhysioNet2022/training_data/68194_PV.wav,1.0,0.15033546
/tmp/backbone_swap_panns_a6jkby7y/data/PhysioNet2022/training_data/68194_TV.wav,1.0,0.5562324
/tmp/backbone_swap_panns_a6jkby7y/data/PhysioNet2022/training_data/68279_MV.wav,1.0,0.081258155
/tmp/backbone_swap_panns_a6jkby7y/data/PhysioNet2022/training_data/68279_PV.wav,1.0,0.12806047
/tmp/backbone_swap_panns_a6jkby7y/data/PhysioNet2022/training_data/68279_TV.wav,1.0,0.11032979
/tmp/backbone_swap_panns_a6jkby7y/data/PhysioNet2022/training_data/68303_AV.wav,1.0,0.104266174
/tmp/backbone_swap_panns_a6jkby7y/data/PhysioNet2022/training_data/68303_MV.wav,1.0,0.06955839
/tmp/backbone_swap_panns_a6jkby7y/data/PhysioNet2022/training_data/68303_PV.wav,1.0,0.04850675
/tmp/backbone_swap_panns_a6jkby7y/data/PhysioNet2022/training_data/68303_TV.wav,1.0,0.19532412
/tmp/backbone_swap_panns_a6jkby7y/data/PhysioNet2022/training_data/68318_AV.wav,1.0,0.22727753
/tmp/backbone_swap_panns_a6jkby7y/data/PhysioNet2022/training_data/68318_MV.wav,1.0,0.11984326
/tmp/backbone_swap_panns_a6jkby7y/data/PhysioNet2022/training_data/68318_PV.wav,1.0,0.28780457
/tmp/backbone_swap_panns_a6jkby7y/data/PhysioNet2022/training_data/68318_TV.wav,1.0,0.093214616
/tmp/backbone_swap_panns_a6jkby7y/data/PhysioNet2022/training_data/68394_MV.wav,1.0,0.8697429
/tmp/backbone_swap_panns_a6jkby7y/data/PhysioNet2022/training_data/68394_PV.wav,1.0,0.06893303
/tmp/backbone_swap_panns_a6jkby7y/data/PhysioNet2022/training_data/68404_MV.wav,1.0,0.17254592
/tmp/backbone_swap_panns_a6jkby7y/data/PhysioNet2022/training_data/68404_PV.wav,1.0,0.106057376
/tmp/backbone_swap_panns_a6jkby7y/data/PhysioNet2022/training_data/68404_TV.wav,1.0,0.280555
/tmp/backbone_swap_panns_a6jkby7y/data/PhysioNet2022/training_data/68406_AV.wav,1.0,0.14794305
/tmp/backbone_swap_panns_a6jkby7y/data/PhysioNet2022/training_data/68406_MV.wav,1.0,0.045267615
/tmp/backbone_swap_panns_a6jkby7y/data/PhysioNet2022/training_data/68406_PV.wav,1.0,0.08485744
/tmp/backbone_swap_panns_a6jkby7y/data/PhysioNet2022/training_data/68406_TV.wav,1.0,0.47591007
/tmp/backbone_swap_panns_a6jkby7y/data/PhysioNet2022/training_data/68413_AV.wav,1.0,0.079000704
/tmp/backbone_swap_panns_a6jkby7y/data/PhysioNet2022/training_data/68413_MV.wav,1.0,0.2943442
/tmp/backbone_swap_panns_a6jkby7y/data/PhysioNet2022/training_data/68413_PV.wav,1.0,0.64910865
/tmp/backbone_swap_panns_a6jkby7y/data/PhysioNet2022/training_data/68413_TV.wav,1.0,0.0070929346
/tmp/backbone_swap_panns_a6jkby7y/data/PhysioNet2022/training_data/68419_AV.wav,1.0,0.061004736
/tmp/backbone_swap_panns_a6jkby7y/data/PhysioNet2022/training_data/68419_MV.wav,1.0,0.14317922
/tmp/backbone_swap_panns_a6jkby7y/data/PhysioNet2022/training_data/68419_PV.wav,1.0,0.14842297
/tmp/backbone_swap_panns_a6jkby7y/data/PhysioNet2022/training_data/68419_TV.wav,1.0,0.07572612
/tmp/backbone_swap_panns_a6jkby7y/data/PhysioNet2022/training_data/68423_AV.wav,1.0,0.26707074
/tmp/backbone_swap_panns_a6jkby7y/data/PhysioNet2022/training_data/68423_MV.wav,1.0,0.067224726
/tmp/backbone_swap_panns_a6jkby7y/data/PhysioNet2022/training_data/68423_PV.wav,1.0,0.12694319
/tmp/backbone_swap_panns_a6jkby7y/data/PhysioNet2022/training_data/68423_TV.wav,1.0,0.023300376
/tmp/backbone_swap_panns_a6jkby7y/data/PhysioNet2022/training_data/68425_AV.wav,1.0,0.11847997
/tmp/backbone_swap_panns_a6jkby7y/data/PhysioNet2022/training_data/68425_MV.wav,1.0,0.07296529
/tmp/backbone_swap_panns_a6jkby7y/data/PhysioNet2022/training_data/68425_PV.wav,1.0,0.3618417
/tmp/backbone_swap_panns_a6jkby7y/data/PhysioNet2022/training_data/68425_TV.wav,1.0,0.11886353
/tmp/backbone_swap_panns_a6jkby7y/data/PhysioNet2022/training_data/68431_AV.wav,1.0,0.035983823
/tmp/backbone_swap_panns_a6jkby7y/data/PhysioNet2022/training_data/68431_MV.wav,1.0,0.094234
/tmp/backbone_swap_panns_a6jkby7y/data/PhysioNet2022/training_data/68431_PV.wav,1.0,0.014422075
/tmp/backbone_swap_panns_a6jkby7y/data/PhysioNet2022/training_data/68431_TV.wav,1.0,0.07320586
/tmp/backbone_swap_panns_a6jkby7y/data/PhysioNet2022/training_data/68436_AV.wav,1.0,0.04960804
/tmp/backbone_swap_panns_a6jkby7y/data/PhysioNet2022/training_data/68436_MV.wav,1.0,0.010207166
/tmp/backbone_swap_panns_a6jkby7y/data/PhysioNet2022/training_data/68436_PV.wav,1.0,0.12783909
/tmp/backbone_swap_panns_a6jkby7y/data/PhysioNet2022/training_data/68436_TV.wav,1.0,0.048347577
/tmp/backbone_swap_panns_a6jkby7y/data/PhysioNet2022/training_data/68465_AV.wav,1.0,0.22296737
/tmp/backbone_swap_panns_a6jkby7y/data/PhysioNet2022/training_data/68465_MV.wav,1.0,0.13478313
/tmp/backbone_swap_panns_a6jkby7y/data/PhysioNet2022/training_data/68465_PV.wav,1.0,0.11657471
/tmp/backbone_swap_panns_a6jkby7y/data/PhysioNet2022/training_data/68465_TV.wav,1.0,0.77512103
/tmp/backbone_swap_panns_a6jkby7y/data/PhysioNet2022/training_data/68470_MV.wav,1.0,0.30028248
/tmp/backbone_swap_panns_a6jkby7y/data/PhysioNet2022/training_data/68470_TV.wav,1.0,0.10330749
/tmp/backbone_swap_panns_a6jkby7y/data/PhysioNet2022/training_data/68478_AV.wav,1.0,0.051569037
/tmp/backbone_swap_panns_a6jkby7y/data/PhysioNet2022/training_data/68478_MV.wav,1.0,0.06056828
/tmp/backbone_swap_panns_a6jkby7y/data/PhysioNet2022/training_data/68478_PV.wav,1.0,0.16188768
/tmp/backbone_swap_panns_a6jkby7y/data/PhysioNet2022/training_data/68478_TV.wav,1.0,0.042792104
/tmp/backbone_swap_panns_a6jkby7y/data/PhysioNet2022/training_data/68482_AV.wav,1.0,0.33634424
/tmp/backbone_swap_panns_a6jkby7y/data/PhysioNet2022/training_data/68482_MV.wav,1.0,0.06632082
/tmp/backbone_swap_panns_a6jkby7y/data/PhysioNet2022/training_data/68482_PV.wav,1.0,0.12879111
/tmp/backbone_swap_panns_a6jkby7y/data/PhysioNet2022/training_data/68482_TV.wav,1.0,0.145497
/tmp/backbone_swap_panns_a6jkby7y/data/PhysioNet2022/training_data/68484_AV.wav,1.0,0.11448901
/tmp/backbone_swap_panns_a6jkby7y/data/PhysioNet2022/training_data/68484_MV.wav,1.0,0.62958246
/tmp/backbone_swap_panns_a6jkby7y/data/PhysioNet2022/training_data/68484_PV.wav,1.0,0.22867142
/tmp/backbone_swap_panns_a6jkby7y/data/PhysioNet2022/training_data/68484_TV.wav,1.0,0.15261133
/tmp/backbone_swap_panns_a6jkby7y/data/PhysioNet2022/training_data/68567_AV.wav,1.0,0.02028776
/tmp/backbone_swap_panns_a6jkby7y/data/PhysioNet2022/training_data/68567_MV.wav,1.0,0.08712455
/tmp/backbone_swap_panns_a6jkby7y/data/PhysioNet2022/training_data/68567_PV.wav,1.0,0.08507599
/tmp/backbone_swap_panns_a6jkby7y/data/PhysioNet2022/training_data/68567_TV.wav,1.0,0.089177154
/tmp/backbone_swap_panns_a6jkby7y/data/PhysioNet2022/training_data/68632_AV.wav,1.0,0.22192408
/tmp/backbone_swap_panns_a6jkby7y/data/PhysioNet2022/training_data/68632_PV.wav,1.0,0.07713034
/tmp/backbone_swap_panns_a6jkby7y/data/PhysioNet2022/training_data/68632_TV.wav,1.0,0.5098279
/tmp/backbone_swap_panns_a6jkby7y/data/PhysioNet2022/training_data/68646_AV.wav,1.0,0.14983022
/tmp/backbone_swap_panns_a6jkby7y/data/PhysioNet2022/training_data/68646_MV.wav,1.0,0.04941882
/tmp/backbone_swap_panns_a6jkby7y/data/PhysioNet2022/training_data/68646_PV.wav,1.0,0.14982842
/tmp/backbone_swap_panns_a6jkby7y/data/PhysioNet2022/training_data/68646_TV.wav,1.0,0.005758608
/tmp/backbone_swap_panns_a6jkby7y/data/PhysioNet2022/training_data/68660_AV.wav,1.0,0.15419084
/tmp/backbone_swap_panns_a6jkby7y/data/PhysioNet2022/training_data/68660_MV.wav,1.0,0.05113511
/tmp/backbone_swap_panns_a6jkby7y/data/PhysioNet2022/training_data/68660_PV.wav,1.0,0.2470199
/tmp/backbone_swap_panns_a6jkby7y/data/PhysioNet2022/training_data/68660_TV.wav,1.0,0.026184322
/tmp/backbone_swap_panns_a6jkby7y/data/PhysioNet2022/training_data/68682_AV.wav,1.0,0.35259554
/tmp/backbone_swap_panns_a6jkby7y/data/PhysioNet2022/training_data/68682_MV.wav,1.0,0.1534138
/tmp/backbone_swap_panns_a6jkby7y/data/PhysioNet2022/training_data/68682_PV.wav,1.0,0.18068019
/tmp/backbone_swap_panns_a6jkby7y/data/PhysioNet2022/training_data/68682_TV.wav,1.0,0.116911076
/tmp/backbone_swap_panns_a6jkby7y/data/PhysioNet2022/training_data/68708_AV.wav,1.0,0.021967374
/tmp/backbone_swap_panns_a6jkby7y/data/PhysioNet2022/training_data/68708_MV.wav,1.0,0.24981497
/tmp/backbone_swap_panns_a6jkby7y/data/PhysioNet2022/training_data/68708_PV.wav,1.0,0.15351555
/tmp/backbone_swap_panns_a6jkby7y/data/PhysioNet2022/training_data/68708_TV.wav,1.0,0.08270892
/tmp/backbone_swap_panns_a6jkby7y/data/PhysioNet2022/training_data/68737_AV.wav,1.0,0.04701859
/tmp/backbone_swap_panns_a6jkby7y/data/PhysioNet2022/training_data/68737_MV.wav,1.0,0.08094381
/tmp/backbone_swap_panns_a6jkby7y/data/PhysioNet2022/training_data/68737_PV.wav,1.0,0.03822797
/tmp/backbone_swap_panns_a6jkby7y/data/PhysioNet2022/training_data/68737_TV.wav,1.0,0.17730972
/tmp/backbone_swap_panns_a6jkby7y/data/PhysioNet2022/training_data/68752_AV.wav,1.0,0.072572134
/tmp/backbone_swap_panns_a6jkby7y/data/PhysioNet2022/training_data/68752_MV.wav,1.0,0.31431368
/tmp/backbone_swap_panns_a6jkby7y/data/PhysioNet2022/training_data/68752_PV.wav,1.0,0.15819344
/tmp/backbone_swap_panns_a6jkby7y/data/PhysioNet2022/training_data/68752_TV.wav,1.0,0.17997219
/tmp/backbone_swap_panns_a6jkby7y/data/PhysioNet2022/training_data/68756_MV.wav,1.0,0.19504918
/tmp/backbone_swap_panns_a6jkby7y/data/PhysioNet2022/training_data/68756_PV.wav,1.0,0.07676298
/tmp/backbone_swap_panns_a6jkby7y/data/PhysioNet2022/training_data/68756_TV.wav,1.0,0.05663688
/tmp/backbone_swap_panns_a6jkby7y/data/PhysioNet2022/training_data/68757_AV.wav,1.0,0.06727541
/tmp/backbone_swap_panns_a6jkby7y/data/PhysioNet2022/training_data/68757_PV.wav,1.0,0.10177766
/tmp/backbone_swap_panns_a6jkby7y/data/PhysioNet2022/training_data/68757_TV.wav,1.0,0.0994299
/tmp/backbone_swap_panns_a6jkby7y/data/PhysioNet2022/training_data/68831_AV.wav,1.0,0.064316794
/tmp/backbone_swap_panns_a6jkby7y/data/PhysioNet2022/training_data/68831_MV.wav,1.0,0.12673046
/tmp/backbone_swap_panns_a6jkby7y/data/PhysioNet2022/training_data/68831_PV.wav,1.0,0.06805097
/tmp/backbone_swap_panns_a6jkby7y/data/PhysioNet2022/training_data/68831_TV.wav,1.0,0.14821403
/tmp/backbone_swap_panns_a6jkby7y/data/PhysioNet2022/training_data/68849_AV.wav,1.0,0.054802887
/tmp/backbone_swap_panns_a6jkby7y/data/PhysioNet2022/training_data/68849_MV.wav,1.0,0.19950482
/tmp/backbone_swap_panns_a6jkby7y/data/PhysioNet2022/training_data/68849_PV.wav,1.0,0.22517075
/tmp/backbone_swap_panns_a6jkby7y/data/PhysioNet2022/training_data/68849_TV.wav,1.0,0.08298
/tmp/backbone_swap_panns_a6jkby7y/data/PhysioNet2022/training_data/68857_MV.wav,1.0,0.0893131
/tmp/backbone_swap_panns_a6jkby7y/data/PhysioNet2022/training_data/68909_AV.wav,1.0,0.11727789
/tmp/backbone_swap_panns_a6jkby7y/data/PhysioNet2022/training_data/68909_MV.wav,1.0,0.09544407
/tmp/backbone_swap_panns_a6jkby7y/data/PhysioNet2022/training_data/68909_PV.wav,1.0,0.13534054
/tmp/backbone_swap_panns_a6jkby7y/data/PhysioNet2022/training_data/68909_TV.wav,1.0,0.023948522
/tmp/backbone_swap_panns_a6jkby7y/data/PhysioNet2022/training_data/69067_AV.wav,1.0,0.09579853
/tmp/backbone_swap_panns_a6jkby7y/data/PhysioNet2022/training_data/69067_MV.wav,1.0,0.1935837
/tmp/backbone_swap_panns_a6jkby7y/data/PhysioNet2022/training_data/69067_PV.wav,1.0,0.027458096
/tmp/backbone_swap_panns_a6jkby7y/data/PhysioNet2022/training_data/69067_TV.wav,1.0,0.078034036
/tmp/backbone_swap_panns_a6jkby7y/data/PhysioNet2022/training_data/69159_AV.wav,1.0,0.1500145
/tmp/backbone_swap_panns_a6jkby7y/data/PhysioNet2022/training_data/69159_MV.wav,1.0,0.27892348
/tmp/backbone_swap_panns_a6jkby7y/data/PhysioNet2022/training_data/69159_PV.wav,1.0,0.112773634
/tmp/backbone_swap_panns_a6jkby7y/data/PhysioNet2022/training_data/69159_TV.wav,1.0,0.24678005
/tmp/backbone_swap_panns_a6jkby7y/data/PhysioNet2022/training_data/72283_MV.wav,1.0,0.16957277
/tmp/backbone_swap_panns_a6jkby7y/data/PhysioNet2022/training_data/72283_PV.wav,1.0,0.19008718
/tmp/backbone_swap_panns_a6jkby7y/data/PhysioNet2022/training_data/72283_TV.wav,1.0,0.054300215
/tmp/backbone_swap_panns_a6jkby7y/data/PhysioNet2022/training_data/74417_AV.wav,1.0,0.10485308
/tmp/backbone_swap_panns_a6jkby7y/data/PhysioNet2022/training_data/74417_MV.wav,1.0,0.10050301
/tmp/backbone_swap_panns_a6jkby7y/data/PhysioNet2022/training_data/74417_PV.wav,1.0,0.15145858
/tmp/backbone_swap_panns_a6jkby7y/data/PhysioNet2022/training_data/74417_TV.wav,1.0,0.060519062
/tmp/backbone_swap_panns_a6jkby7y/data/PhysioNet2022/training_data/76240_AV.wav,1.0,0.11343157
/tmp/backbone_swap_panns_a6jkby7y/data/PhysioNet2022/training_data/76240_MV.wav,1.0,0.077687666
/tmp/backbone_swap_panns_a6jkby7y/data/PhysioNet2022/training_data/76240_PV.wav,1.0,0.11714177
/tmp/backbone_swap_panns_a6jkby7y/data/PhysioNet2022/training_data/76240_TV.wav,1.0,0.2724817
/tmp/backbone_swap_panns_a6jkby7y/data/PhysioNet2022/training_data/77373_AV.wav,1.0,0.35379982
/tmp/backbone_swap_panns_a6jkby7y/data/PhysioNet2022/training_data/77373_MV.wav,1.0,0.10768687
/tmp/backbone_swap_panns_a6jkby7y/data/PhysioNet2022/training_data/77373_PV.wav,1.0,0.26446167
/tmp/backbone_swap_panns_a6jkby7y/data/PhysioNet2022/training_data/77373_TV.wav,1.0,0.20418127
/tmp/backbone_swap_panns_a6jkby7y/data/PhysioNet2022/training_data/78280_AV.wav,1.0,0.064167805
/tmp/backbone_swap_panns_a6jkby7y/data/PhysioNet2022/training_data/78280_MV.wav,1.0,0.114807785
/tmp/backbone_swap_panns_a6jkby7y/data/PhysioNet2022/training_data/81035_MV.wav,1.0,0.14789301
/tmp/backbone_swap_panns_a6jkby7y/data/PhysioNet2022/training_data/81297_AV.wav,1.0,0.019775443
/tmp/backbone_swap_panns_a6jkby7y/data/PhysioNet2022/training_data/81297_MV.wav,1.0,0.12750444
/tmp/backbone_swap_panns_a6jkby7y/data/PhysioNet2022/training_data/81297_PV.wav,1.0,0.084236026
/tmp/backbone_swap_panns_a6jkby7y/data/PhysioNet2022/training_data/81297_TV.wav,1.0,0.048730426
/tmp/backbone_swap_panns_a6jkby7y/data/PhysioNet2022/training_data/81501_AV.wav,1.0,0.069281586
/tmp/backbone_swap_panns_a6jkby7y/data/PhysioNet2022/training_data/81501_MV.wav,1.0,0.019419711
/tmp/backbone_swap_panns_a6jkby7y/data/PhysioNet2022/training_data/81501_PV.wav,1.0,0.18560547
/tmp/backbone_swap_panns_a6jkby7y/data/PhysioNet2022/training_data/81501_TV.wav,1.0,0.06551279
/tmp/backbone_swap_panns_a6jkby7y/data/PhysioNet2022/training_data/81638_AV.wav,1.0,0.15413389
/tmp/backbone_swap_panns_a6jkby7y/data/PhysioNet2022/training_data/81638_MV.wav,1.0,0.13881406
/tmp/backbone_swap_panns_a6jkby7y/data/PhysioNet2022/training_data/82275_AV.wav,1.0,0.31840008
/tmp/backbone_swap_panns_a6jkby7y/data/PhysioNet2022/training_data/82275_PV.wav,1.0,0.07118718
/tmp/backbone_swap_panns_a6jkby7y/data/PhysioNet2022/training_data/83094_MV.wav,1.0,0.02257757
/tmp/backbone_swap_panns_a6jkby7y/data/PhysioNet2022/training_data/84687_AV.wav,1.0,0.12700641
/tmp/backbone_swap_panns_a6jkby7y/data/PhysioNet2022/training_data/84687_MV.wav,1.0,0.22345048
/tmp/backbone_swap_panns_a6jkby7y/data/PhysioNet2022/training_data/84693_AV.wav,1.0,0.10687226
/tmp/backbone_swap_panns_a6jkby7y/data/PhysioNet2022/training_data/84693_MV.wav,1.0,0.35928783
/tmp/backbone_swap_panns_a6jkby7y/data/PhysioNet2022/training_data/84693_PV.wav,1.0,0.12306623
/tmp/backbone_swap_panns_a6jkby7y/data/PhysioNet2022/training_data/84693_TV.wav,1.0,0.16666284
/tmp/backbone_swap_panns_a6jkby7y/data/PhysioNet2022/training_data/84696_AV.wav,1.0,0.006751797
/tmp/backbone_swap_panns_a6jkby7y/data/PhysioNet2022/training_data/84696_MV.wav,1.0,0.20728487
/tmp/backbone_swap_panns_a6jkby7y/data/PhysioNet2022/training_data/84696_PV.wav,1.0,0.09482105
/tmp/backbone_swap_panns_a6jkby7y/data/PhysioNet2022/training_data/84696_TV.wav,1.0,0.029853642
/tmp/backbone_swap_panns_a6jkby7y/data/PhysioNet2022/training_data/84697_AV.wav,1.0,0.020811092
/tmp/backbone_swap_panns_a6jkby7y/data/PhysioNet2022/training_data/84697_MV.wav,1.0,0.03804843
/tmp/backbone_swap_panns_a6jkby7y/data/PhysioNet2022/training_data/84697_PV.wav,1.0,0.065574765
/tmp/backbone_swap_panns_a6jkby7y/data/PhysioNet2022/training_data/84697_TV.wav,1.0,0.0890137
/tmp/backbone_swap_panns_a6jkby7y/data/PhysioNet2022/training_data/84704_PV.wav,1.0,0.073243685
/tmp/backbone_swap_panns_a6jkby7y/data/PhysioNet2022/training_data/84718_AV.wav,1.0,0.08774603
/tmp/backbone_swap_panns_a6jkby7y/data/PhysioNet2022/training_data/84718_MV.wav,1.0,0.082727805
/tmp/backbone_swap_panns_a6jkby7y/data/PhysioNet2022/training_data/84718_PV.wav,1.0,0.079099014
/tmp/backbone_swap_panns_a6jkby7y/data/PhysioNet2022/training_data/84718_TV.wav,1.0,0.026651157
/tmp/backbone_swap_panns_a6jkby7y/data/PhysioNet2022/training_data/84730_AV.wav,1.0,0.13226822
/tmp/backbone_swap_panns_a6jkby7y/data/PhysioNet2022/training_data/84730_MV.wav,1.0,0.21295589
/tmp/backbone_swap_panns_a6jkby7y/data/PhysioNet2022/training_data/84730_PV.wav,1.0,0.36903045
/tmp/backbone_swap_panns_a6jkby7y/data/PhysioNet2022/training_data/84730_TV.wav,1.0,0.17775199
/tmp/backbone_swap_panns_a6jkby7y/data/PhysioNet2022/training_data/84740_AV.wav,1.0,0.08486568
/tmp/backbone_swap_panns_a6jkby7y/data/PhysioNet2022/training_data/84740_MV.wav,1.0,0.18708137
/tmp/backbone_swap_panns_a6jkby7y/data/PhysioNet2022/training_data/84740_PV.wav,1.0,0.043814432
/tmp/backbone_swap_panns_a6jkby7y/data/PhysioNet2022/training_data/84740_TV.wav,1.0,0.034593746
/tmp/backbone_swap_panns_a6jkby7y/data/PhysioNet2022/training_data/84751_AV.wav,1.0,0.1445964
/tmp/backbone_swap_panns_a6jkby7y/data/PhysioNet2022/training_data/84751_MV.wav,1.0,0.06893026
/tmp/backbone_swap_panns_a6jkby7y/data/PhysioNet2022/training_data/84751_PV.wav,1.0,0.009213226
/tmp/backbone_swap_panns_a6jkby7y/data/PhysioNet2022/training_data/84751_TV.wav,1.0,0.11864099
/tmp/backbone_swap_panns_a6jkby7y/data/PhysioNet2022/training_data/84753_AV.wav,1.0,0.6178227
/tmp/backbone_swap_panns_a6jkby7y/data/PhysioNet2022/training_data/84753_MV.wav,1.0,0.111821435
/tmp/backbone_swap_panns_a6jkby7y/data/PhysioNet2022/training_data/84753_PV.wav,1.0,0.103180096
/tmp/backbone_swap_panns_a6jkby7y/data/PhysioNet2022/training_data/84753_TV.wav,1.0,0.13118745
/tmp/backbone_swap_panns_a6jkby7y/data/PhysioNet2022/training_data/84754_AV.wav,1.0,0.16051887
/tmp/backbone_swap_panns_a6jkby7y/data/PhysioNet2022/training_data/84754_MV.wav,1.0,0.080993995
/tmp/backbone_swap_panns_a6jkby7y/data/PhysioNet2022/training_data/84754_TV.wav,1.0,0.06842127
/tmp/backbone_swap_panns_a6jkby7y/data/PhysioNet2022/training_data/84755_MV.wav,1.0,0.09005491
/tmp/backbone_swap_panns_a6jkby7y/data/PhysioNet2022/training_data/84760_MV.wav,1.0,0.11674783
/tmp/backbone_swap_panns_a6jkby7y/data/PhysioNet2022/training_data/84760_PV.wav,1.0,0.09150178
/tmp/backbone_swap_panns_a6jkby7y/data/PhysioNet2022/training_data/84760_TV.wav,1.0,0.15458708
/tmp/backbone_swap_panns_a6jkby7y/data/PhysioNet2022/training_data/84762_AV.wav,1.0,0.11552321
/tmp/backbone_swap_panns_a6jkby7y/data/PhysioNet2022/training_data/84762_MV.wav,1.0,0.23199283
/tmp/backbone_swap_panns_a6jkby7y/data/PhysioNet2022/training_data/84762_PV.wav,1.0,0.11727991
/tmp/backbone_swap_panns_a6jkby7y/data/PhysioNet2022/training_data/84762_TV.wav,1.0,0.08075988
/tmp/backbone_swap_panns_a6jkby7y/data/PhysioNet2022/training_data/84775_AV.wav,1.0,0.15936236
/tmp/backbone_swap_panns_a6jkby7y/data/PhysioNet2022/training_data/84775_MV.wav,1.0,0.11112265
/tmp/backbone_swap_panns_a6jkby7y/data/PhysioNet2022/training_data/84775_PV.wav,1.0,0.56800073
/tmp/backbone_swap_panns_a6jkby7y/data/PhysioNet2022/training_data/84775_TV.wav,1.0,0.07599652
/tmp/backbone_swap_panns_a6jkby7y/data/PhysioNet2022/training_data/84780_AV.wav,1.0,0.085739136
/tmp/backbone_swap_panns_a6jkby7y/data/PhysioNet2022/training_data/84780_MV.wav,1.0,0.20813733
/tmp/backbone_swap_panns_a6jkby7y/data/PhysioNet2022/training_data/84780_PV.wav,1.0,0.1400872
/tmp/backbone_swap_panns_a6jkby7y/data/PhysioNet2022/training_data/84780_TV.wav,1.0,0.56226635
/tmp/backbone_swap_panns_a6jkby7y/data/PhysioNet2022/training_data/84784_AV.wav,1.0,0.14122899
/tmp/backbone_swap_panns_a6jkby7y/data/PhysioNet2022/training_data/84784_MV.wav,1.0,0.03267764
/tmp/backbone_swap_panns_a6jkby7y/data/PhysioNet2022/training_data/84790_AV.wav,1.0,0.10779794
/tmp/backbone_swap_panns_a6jkby7y/data/PhysioNet2022/training_data/84802_AV.wav,1.0,0.16993816
/tmp/backbone_swap_panns_a6jkby7y/data/PhysioNet2022/training_data/84802_MV.wav,1.0,0.20435007
/tmp/backbone_swap_panns_a6jkby7y/data/PhysioNet2022/training_data/84802_PV.wav,1.0,0.2547575
/tmp/backbone_swap_panns_a6jkby7y/data/PhysioNet2022/training_data/84802_TV.wav,1.0,0.08477924
/tmp/backbone_swap_panns_a6jkby7y/data/PhysioNet2022/training_data/84808_AV.wav,1.0,0.13946944
/tmp/backbone_swap_panns_a6jkby7y/data/PhysioNet2022/training_data/84808_MV.wav,1.0,0.10500287
/tmp/backbone_swap_panns_a6jkby7y/data/PhysioNet2022/training_data/84808_PV.wav,1.0,0.11417178
/tmp/backbone_swap_panns_a6jkby7y/data/PhysioNet2022/training_data/84808_TV.wav,1.0,0.1007719
/tmp/backbone_swap_panns_a6jkby7y/data/PhysioNet2022/training_data/84813_AV.wav,1.0,0.02988614
/tmp/backbone_swap_panns_a6jkby7y/data/PhysioNet2022/training_data/84813_MV.wav,1.0,0.12614031
/tmp/backbone_swap_panns_a6jkby7y/data/PhysioNet2022/training_data/84813_PV.wav,1.0,0.13418598
/tmp/backbone_swap_panns_a6jkby7y/data/PhysioNet2022/training_data/84813_TV.wav,1.0,0.100390695
/tmp/backbone_swap_panns_a6jkby7y/data/PhysioNet2022/training_data/84814_AV.wav,1.0,0.2141057
/tmp/backbone_swap_panns_a6jkby7y/data/PhysioNet2022/training_data/84814_PV.wav,1.0,0.083952926
/tmp/backbone_swap_panns_a6jkby7y/data/PhysioNet2022/training_data/84815_AV.wav,1.0,0.17927136
/tmp/backbone_swap_panns_a6jkby7y/data/PhysioNet2022/training_data/84815_MV.wav,1.0,0.28022856
/tmp/backbone_swap_panns_a6jkby7y/data/PhysioNet2022/training_data/84815_PV.wav,1.0,0.1323901
/tmp/backbone_swap_panns_a6jkby7y/data/PhysioNet2022/training_data/84815_TV.wav,1.0,0.09624812
/tmp/backbone_swap_panns_a6jkby7y/data/PhysioNet2022/training_data/84822_AV.wav,1.0,0.14884596
/tmp/backbone_swap_panns_a6jkby7y/data/PhysioNet2022/training_data/84822_MV.wav,1.0,0.14769237
/tmp/backbone_swap_panns_a6jkby7y/data/PhysioNet2022/training_data/84822_PV.wav,1.0,0.07141013
/tmp/backbone_swap_panns_a6jkby7y/data/PhysioNet2022/training_data/84822_TV.wav,1.0,0.09990549
/tmp/backbone_swap_panns_a6jkby7y/data/PhysioNet2022/training_data/84826_AV.wav,1.0,0.08185846
/tmp/backbone_swap_panns_a6jkby7y/data/PhysioNet2022/training_data/84826_MV.wav,1.0,0.118703954
/tmp/backbone_swap_panns_a6jkby7y/data/PhysioNet2022/training_data/84826_PV.wav,1.0,0.12521681
/tmp/backbone_swap_panns_a6jkby7y/data/PhysioNet2022/training_data/84826_TV.wav,1.0,0.41208372
/tmp/backbone_swap_panns_a6jkby7y/data/PhysioNet2022/training_data/84829_AV.wav,1.0,0.16114523
/tmp/backbone_swap_panns_a6jkby7y/data/PhysioNet2022/training_data/84829_MV.wav,1.0,0.10488623
/tmp/backbone_swap_panns_a6jkby7y/data/PhysioNet2022/training_data/84829_PV.wav,1.0,0.16784798
/tmp/backbone_swap_panns_a6jkby7y/data/PhysioNet2022/training_data/84829_TV.wav,1.0,0.04318697
/tmp/backbone_swap_panns_a6jkby7y/data/PhysioNet2022/training_data/84831_AV.wav,1.0,0.2582912
/tmp/backbone_swap_panns_a6jkby7y/data/PhysioNet2022/training_data/84831_MV.wav,1.0,0.041365866
/tmp/backbone_swap_panns_a6jkby7y/data/PhysioNet2022/training_data/84831_PV.wav,1.0,0.33044478
/tmp/backbone_swap_panns_a6jkby7y/data/PhysioNet2022/training_data/84831_TV.wav,1.0,0.056758136
/tmp/backbone_swap_panns_a6jkby7y/data/PhysioNet2022/training_data/84834_AV.wav,1.0,0.64329827
/tmp/backbone_swap_panns_a6jkby7y/data/PhysioNet2022/training_data/84834_MV.wav,1.0,0.09585873
/tmp/backbone_swap_panns_a6jkby7y/data/PhysioNet2022/training_data/84834_PV.wav,1.0,0.04965623
/tmp/backbone_swap_panns_a6jkby7y/data/PhysioNet2022/training_data/84834_TV.wav,1.0,0.15665245
/tmp/backbone_swap_panns_a6jkby7y/data/PhysioNet2022/training_data/84851_AV.wav,1.0,0.04142631
/tmp/backbone_swap_panns_a6jkby7y/data/PhysioNet2022/training_data/84851_MV.wav,1.0,0.021546967
/tmp/backbone_swap_panns_a6jkby7y/data/PhysioNet2022/training_data/84851_PV.wav,1.0,0.42100686
/tmp/backbone_swap_panns_a6jkby7y/data/PhysioNet2022/training_data/84851_TV.wav,1.0,0.09790366
/tmp/backbone_swap_panns_a6jkby7y/data/PhysioNet2022/training_data/84856_AV.wav,1.0,0.09531936
/tmp/backbone_swap_panns_a6jkby7y/data/PhysioNet2022/training_data/84856_MV.wav,1.0,0.07386146
/tmp/backbone_swap_panns_a6jkby7y/data/PhysioNet2022/training_data/84856_PV.wav,1.0,0.12126979
/tmp/backbone_swap_panns_a6jkby7y/data/PhysioNet2022/training_data/84856_TV.wav,1.0,0.0511325
/tmp/backbone_swap_panns_a6jkby7y/data/PhysioNet2022/training_data/84859_AV.wav,1.0,0.18725404
/tmp/backbone_swap_panns_a6jkby7y/data/PhysioNet2022/training_data/84859_MV.wav,1.0,0.037444092
/tmp/backbone_swap_panns_a6jkby7y/data/PhysioNet2022/training_data/84859_PV.wav,1.0,0.05578459
/tmp/backbone_swap_panns_a6jkby7y/data/PhysioNet2022/training_data/84859_TV.wav,1.0,0.37154993
/tmp/backbone_swap_panns_a6jkby7y/data/PhysioNet2022/training_data/84863_AV.wav,1.0,0.071993716
/tmp/backbone_swap_panns_a6jkby7y/data/PhysioNet2022/training_data/84863_MV.wav,1.0,0.5972744
/tmp/backbone_swap_panns_a6jkby7y/data/PhysioNet2022/training_data/84863_PV.wav,1.0,0.07921524
/tmp/backbone_swap_panns_a6jkby7y/data/PhysioNet2022/training_data/84863_TV.wav,1.0,0.15504076
/tmp/backbone_swap_panns_a6jkby7y/data/PhysioNet2022/training_data/84868_AV.wav,1.0,0.50585055
/tmp/backbone_swap_panns_a6jkby7y/data/PhysioNet2022/training_data/84868_MV.wav,1.0,0.07979545
/tmp/backbone_swap_panns_a6jkby7y/data/PhysioNet2022/training_data/84868_PV.wav,1.0,0.096805386
/tmp/backbone_swap_panns_a6jkby7y/data/PhysioNet2022/training_data/84868_TV.wav,1.0,0.14767696
/tmp/backbone_swap_panns_a6jkby7y/data/PhysioNet2022/training_data/84876_AV.wav,1.0,0.09451861
/tmp/backbone_swap_panns_a6jkby7y/data/PhysioNet2022/training_data/84876_MV.wav,1.0,0.08626877
/tmp/backbone_swap_panns_a6jkby7y/data/PhysioNet2022/training_data/84879_AV.wav,1.0,0.30058214
/tmp/backbone_swap_panns_a6jkby7y/data/PhysioNet2022/training_data/84879_MV.wav,1.0,0.031090394
/tmp/backbone_swap_panns_a6jkby7y/data/PhysioNet2022/training_data/84879_PV.wav,1.0,0.11681039
/tmp/backbone_swap_panns_a6jkby7y/data/PhysioNet2022/training_data/84879_TV.wav,1.0,0.023225227
/tmp/backbone_swap_panns_a6jkby7y/data/PhysioNet2022/training_data/84882_AV.wav,1.0,0.17330626
/tmp/backbone_swap_panns_a6jkby7y/data/PhysioNet2022/training_data/84882_MV.wav,1.0,0.05027613
/tmp/backbone_swap_panns_a6jkby7y/data/PhysioNet2022/training_data/84882_PV.wav,1.0,0.097861625
/tmp/backbone_swap_panns_a6jkby7y/data/PhysioNet2022/training_data/84882_TV.wav,1.0,0.13791591
/tmp/backbone_swap_panns_a6jkby7y/data/PhysioNet2022/training_data/84883_AV.wav,1.0,0.8037892
/tmp/backbone_swap_panns_a6jkby7y/data/PhysioNet2022/training_data/84883_MV.wav,1.0,0.09037837
/tmp/backbone_swap_panns_a6jkby7y/data/PhysioNet2022/training_data/84883_PV.wav,1.0,0.25595912
/tmp/backbone_swap_panns_a6jkby7y/data/PhysioNet2022/training_data/84883_TV.wav,1.0,0.13381675
/tmp/backbone_swap_panns_a6jkby7y/data/PhysioNet2022/training_data/84884_AV.wav,1.0,0.021281872
/tmp/backbone_swap_panns_a6jkby7y/data/PhysioNet2022/training_data/84884_MV.wav,1.0,0.17845964
/tmp/backbone_swap_panns_a6jkby7y/data/PhysioNet2022/training_data/84884_PV.wav,1.0,0.13902919
/tmp/backbone_swap_panns_a6jkby7y/data/PhysioNet2022/training_data/84884_TV.wav,1.0,0.08734841
/tmp/backbone_swap_panns_a6jkby7y/data/PhysioNet2022/training_data/84887_AV.wav,1.0,0.091218166
/tmp/backbone_swap_panns_a6jkby7y/data/PhysioNet2022/training_data/84887_MV.wav,1.0,0.024653967
/tmp/backbone_swap_panns_a6jkby7y/data/PhysioNet2022/training_data/84887_PV.wav,1.0,0.08469732
/tmp/backbone_swap_panns_a6jkby7y/data/PhysioNet2022/training_data/84887_TV.wav,1.0,0.15396704
/tmp/backbone_swap_panns_a6jkby7y/data/PhysioNet2022/training_data/84892_AV.wav,1.0,0.087036565
/tmp/backbone_swap_panns_a6jkby7y/data/PhysioNet2022/training_data/84892_MV.wav,1.0,0.09539772
/tmp/backbone_swap_panns_a6jkby7y/data/PhysioNet2022/training_data/84892_PV.wav,1.0,0.15237805
/tmp/backbone_swap_panns_a6jkby7y/data/PhysioNet2022/training_data/84896_AV.wav,1.0,0.14205477
/tmp/backbone_swap_panns_a6jkby7y/data/PhysioNet2022/training_data/84896_MV.wav,1.0,0.10487116
/tmp/backbone_swap_panns_a6jkby7y/data/PhysioNet2022/training_data/84896_PV.wav,1.0,0.14392234
/tmp/backbone_swap_panns_a6jkby7y/data/PhysioNet2022/training_data/84896_TV.wav,1.0,0.5885405
/tmp/backbone_swap_panns_a6jkby7y/data/PhysioNet2022/training_data/84918_PV.wav,1.0,0.05597065
/tmp/backbone_swap_panns_a6jkby7y/data/PhysioNet2022/training_data/84919_PV.wav,1.0,0.10012718
/tmp/backbone_swap_panns_a6jkby7y/data/PhysioNet2022/training_data/84919_TV.wav,1.0,0.17404616
/tmp/backbone_swap_panns_a6jkby7y/data/PhysioNet2022/training_data/84923_AV.wav,1.0,0.13626114
/tmp/backbone_swap_panns_a6jkby7y/data/PhysioNet2022/training_data/84923_MV.wav,1.0,0.19217122
/tmp/backbone_swap_panns_a6jkby7y/data/PhysioNet2022/training_data/84923_PV.wav,1.0,0.09207138
/tmp/backbone_swap_panns_a6jkby7y/data/PhysioNet2022/training_data/84923_TV.wav,1.0,0.07028749
/tmp/backbone_swap_panns_a6jkby7y/data/PhysioNet2022/training_data/84931_AV.wav,1.0,0.17200877
/tmp/backbone_swap_panns_a6jkby7y/data/PhysioNet2022/training_data/84931_MV.wav,1.0,0.2290592
/tmp/backbone_swap_panns_a6jkby7y/data/PhysioNet2022/training_data/84931_PV.wav,1.0,0.13908553
/tmp/backbone_swap_panns_a6jkby7y/data/PhysioNet2022/training_data/84931_TV.wav,1.0,0.10605819
/tmp/backbone_swap_panns_a6jkby7y/data/PhysioNet2022/training_data/84933_AV.wav,1.0,0.08703223
/tmp/backbone_swap_panns_a6jkby7y/data/PhysioNet2022/training_data/84933_MV.wav,1.0,0.13527471
/tmp/backbone_swap_panns_a6jkby7y/data/PhysioNet2022/training_data/84933_PV.wav,1.0,0.12650214
/tmp/backbone_swap_panns_a6jkby7y/data/PhysioNet2022/training_data/84933_TV.wav,1.0,0.022524618
/tmp/backbone_swap_panns_a6jkby7y/data/PhysioNet2022/training_data/84934_AV.wav,1.0,0.07554915
/tmp/backbone_swap_panns_a6jkby7y/data/PhysioNet2022/training_data/84935_AV.wav,1.0,0.20241475
/tmp/backbone_swap_panns_a6jkby7y/data/PhysioNet2022/training_data/84935_MV.wav,1.0,0.31833693
/tmp/backbone_swap_panns_a6jkby7y/data/PhysioNet2022/training_data/84935_PV.wav,1.0,0.07967805
/tmp/backbone_swap_panns_a6jkby7y/data/PhysioNet2022/training_data/84935_TV.wav,1.0,0.10807509
/tmp/backbone_swap_panns_a6jkby7y/data/PhysioNet2022/training_data/84936_AV.wav,1.0,0.017375339
/tmp/backbone_swap_panns_a6jkby7y/data/PhysioNet2022/training_data/84936_MV.wav,1.0,0.026115602
/tmp/backbone_swap_panns_a6jkby7y/data/PhysioNet2022/training_data/84936_PV.wav,1.0,0.050677326
/tmp/backbone_swap_panns_a6jkby7y/data/PhysioNet2022/training_data/84936_TV.wav,1.0,0.107866414
/tmp/backbone_swap_panns_a6jkby7y/data/PhysioNet2022/training_data/84942_AV.wav,1.0,0.02490572
/tmp/backbone_swap_panns_a6jkby7y/data/PhysioNet2022/training_data/84942_PV.wav,1.0,0.12473717
/tmp/backbone_swap_panns_a6jkby7y/data/PhysioNet2022/training_data/84942_TV.wav,1.0,0.14348836
/tmp/backbone_swap_panns_a6jkby7y/data/PhysioNet2022/training_data/84946_AV.wav,1.0,0.09778002
/tmp/backbone_swap_panns_a6jkby7y/data/PhysioNet2022/training_data/84946_MV.wav,1.0,0.17254098
/tmp/backbone_swap_panns_a6jkby7y/data/PhysioNet2022/training_data/84946_PV.wav,1.0,0.18711425
/tmp/backbone_swap_panns_a6jkby7y/data/PhysioNet2022/training_data/84946_TV.wav,1.0,0.02334167
/tmp/backbone_swap_panns_a6jkby7y/data/PhysioNet2022/training_data/84949_AV.wav,1.0,0.14798364
/tmp/backbone_swap_panns_a6jkby7y/data/PhysioNet2022/training_data/84949_MV.wav,1.0,0.4852667
/tmp/backbone_swap_panns_a6jkby7y/data/PhysioNet2022/training_data/84949_PV.wav,1.0,0.22621466
/tmp/backbone_swap_panns_a6jkby7y/data/PhysioNet2022/training_data/84949_TV.wav,1.0,0.075549215
/tmp/backbone_swap_panns_a6jkby7y/data/PhysioNet2022/training_data/84962_AV.wav,1.0,0.17345338
/tmp/backbone_swap_panns_a6jkby7y/data/PhysioNet2022/training_data/84962_MV.wav,1.0,0.035274383
/tmp/backbone_swap_panns_a6jkby7y/data/PhysioNet2022/training_data/84962_PV.wav,1.0,0.42588156
/tmp/backbone_swap_panns_a6jkby7y/data/PhysioNet2022/training_data/84962_TV.wav,1.0,0.13592982
/tmp/backbone_swap_panns_a6jkby7y/data/PhysioNet2022/training_data/84966_AV.wav,1.0,0.16252005
/tmp/backbone_swap_panns_a6jkby7y/data/PhysioNet2022/training_data/84966_PV.wav,1.0,0.2395435
/tmp/backbone_swap_panns_a6jkby7y/data/PhysioNet2022/training_data/84970_AV.wav,1.0,0.059725065
/tmp/backbone_swap_panns_a6jkby7y/data/PhysioNet2022/training_data/84970_MV.wav,1.0,0.08408187
/tmp/backbone_swap_panns_a6jkby7y/data/PhysioNet2022/training_data/84971_MV.wav,1.0,0.07929658
/tmp/backbone_swap_panns_a6jkby7y/data/PhysioNet2022/training_data/84971_PV.wav,1.0,0.065909125
/tmp/backbone_swap_panns_a6jkby7y/data/PhysioNet2022/training_data/84971_TV.wav,1.0,0.080498494
/tmp/backbone_swap_panns_a6jkby7y/data/PhysioNet2022/training_data/84976_AV.wav,1.0,0.10225434
/tmp/backbone_swap_panns_a6jkby7y/data/PhysioNet2022/training_data/84976_MV.wav,1.0,0.06520743
/tmp/backbone_swap_panns_a6jkby7y/data/PhysioNet2022/training_data/84976_PV.wav,1.0,0.09822536
/tmp/backbone_swap_panns_a6jkby7y/data/PhysioNet2022/training_data/84976_TV.wav,1.0,0.0634081
/tmp/backbone_swap_panns_a6jkby7y/data/PhysioNet2022/training_data/84977_AV.wav,1.0,0.05671461
/tmp/backbone_swap_panns_a6jkby7y/data/PhysioNet2022/training_data/84977_MV.wav,1.0,0.08210258
/tmp/backbone_swap_panns_a6jkby7y/data/PhysioNet2022/training_data/84977_PV.wav,1.0,0.08997525
/tmp/backbone_swap_panns_a6jkby7y/data/PhysioNet2022/training_data/84977_TV.wav,1.0,0.30750182
/tmp/backbone_swap_panns_a6jkby7y/data/PhysioNet2022/training_data/84978_AV.wav,1.0,0.04810213
/tmp/backbone_swap_panns_a6jkby7y/data/PhysioNet2022/training_data/84978_MV.wav,1.0,0.08553568
/tmp/backbone_swap_panns_a6jkby7y/data/PhysioNet2022/training_data/84978_PV.wav,1.0,0.18746543
/tmp/backbone_swap_panns_a6jkby7y/data/PhysioNet2022/training_data/84978_TV.wav,1.0,0.062228736
/tmp/backbone_swap_panns_a6jkby7y/data/PhysioNet2022/training_data/84982_AV.wav,1.0,0.06422541
/tmp/backbone_swap_panns_a6jkby7y/data/PhysioNet2022/training_data/84982_MV.wav,1.0,0.07119607
/tmp/backbone_swap_panns_a6jkby7y/data/PhysioNet2022/training_data/84982_PV.wav,1.0,0.09367082
/tmp/backbone_swap_panns_a6jkby7y/data/PhysioNet2022/training_data/84982_TV.wav,1.0,0.061874937
/tmp/backbone_swap_panns_a6jkby7y/data/PhysioNet2022/training_data/84983_MV.wav,1.0,0.02137542
/tmp/backbone_swap_panns_a6jkby7y/data/PhysioNet2022/training_data/84983_PV.wav,1.0,0.076732054
/tmp/backbone_swap_panns_a6jkby7y/data/PhysioNet2022/training_data/84983_TV.wav,1.0,0.015988916
/tmp/backbone_swap_panns_a6jkby7y/data/PhysioNet2022/training_data/84985_AV.wav,1.0,0.07806258
/tmp/backbone_swap_panns_a6jkby7y/data/PhysioNet2022/training_data/84985_MV.wav,1.0,0.096354626
/tmp/backbone_swap_panns_a6jkby7y/data/PhysioNet2022/training_data/84985_PV.wav,1.0,0.0783698
/tmp/backbone_swap_panns_a6jkby7y/data/PhysioNet2022/training_data/84985_TV.wav,1.0,0.20898294
/tmp/backbone_swap_panns_a6jkby7y/data/PhysioNet2022/training_data/84990_AV.wav,1.0,0.03977568
/tmp/backbone_swap_panns_a6jkby7y/data/PhysioNet2022/training_data/84990_MV.wav,1.0,0.070165016
/tmp/backbone_swap_panns_a6jkby7y/data/PhysioNet2022/training_data/84990_PV.wav,1.0,0.35064763
/tmp/backbone_swap_panns_a6jkby7y/data/PhysioNet2022/training_data/84990_TV.wav,1.0,0.17920057
/tmp/backbone_swap_panns_a6jkby7y/data/PhysioNet2022/training_data/84991_AV.wav,1.0,0.15772401
/tmp/backbone_swap_panns_a6jkby7y/data/PhysioNet2022/training_data/84991_MV.wav,1.0,0.032791182
/tmp/backbone_swap_panns_a6jkby7y/data/PhysioNet2022/training_data/84991_PV.wav,1.0,0.14877005
/tmp/backbone_swap_panns_a6jkby7y/data/PhysioNet2022/training_data/84991_TV.wav,1.0,0.19361775
/tmp/backbone_swap_panns_a6jkby7y/data/PhysioNet2022/training_data/84995_AV.wav,1.0,0.061193433
/tmp/backbone_swap_panns_a6jkby7y/data/PhysioNet2022/training_data/84995_MV.wav,1.0,0.058151
/tmp/backbone_swap_panns_a6jkby7y/data/PhysioNet2022/training_data/84996_AV.wav,1.0,0.12235159
/tmp/backbone_swap_panns_a6jkby7y/data/PhysioNet2022/training_data/84996_MV.wav,1.0,0.15427318
/tmp/backbone_swap_panns_a6jkby7y/data/PhysioNet2022/training_data/84996_PV.wav,1.0,0.2172834
/tmp/backbone_swap_panns_a6jkby7y/data/PhysioNet2022/training_data/84996_TV.wav,1.0,0.24125488
/tmp/backbone_swap_panns_a6jkby7y/data/PhysioNet2022/training_data/85004_MV.wav,1.0,0.06512778
/tmp/backbone_swap_panns_a6jkby7y/data/PhysioNet2022/training_data/85012_AV.wav,1.0,0.15962015
/tmp/backbone_swap_panns_a6jkby7y/data/PhysioNet2022/training_data/85012_MV.wav,1.0,0.0050358293
/tmp/backbone_swap_panns_a6jkby7y/data/PhysioNet2022/training_data/85012_PV.wav,1.0,0.1513047
/tmp/backbone_swap_panns_a6jkby7y/data/PhysioNet2022/training_data/85012_TV.wav,1.0,0.13820402
/tmp/backbone_swap_panns_a6jkby7y/data/PhysioNet2022/training_data/85019_AV.wav,1.0,0.077357665
/tmp/backbone_swap_panns_a6jkby7y/data/PhysioNet2022/training_data/85019_MV.wav,1.0,0.016543405
/tmp/backbone_swap_panns_a6jkby7y/data/PhysioNet2022/training_data/85020_AV.wav,1.0,0.0675691
/tmp/backbone_swap_panns_a6jkby7y/data/PhysioNet2022/training_data/85020_MV.wav,1.0,0.08727429
/tmp/backbone_swap_panns_a6jkby7y/data/PhysioNet2022/training_data/85020_PV.wav,1.0,0.24243018
/tmp/backbone_swap_panns_a6jkby7y/data/PhysioNet2022/training_data/85020_TV.wav,1.0,0.3308935
/tmp/backbone_swap_panns_a6jkby7y/data/PhysioNet2022/training_data/85034_AV.wav,1.0,0.2555429
/tmp/backbone_swap_panns_a6jkby7y/data/PhysioNet2022/training_data/85034_MV.wav,1.0,0.1346082
/tmp/backbone_swap_panns_a6jkby7y/data/PhysioNet2022/training_data/85035_AV.wav,1.0,0.033100504
/tmp/backbone_swap_panns_a6jkby7y/data/PhysioNet2022/training_data/85035_MV.wav,1.0,0.50187844
/tmp/backbone_swap_panns_a6jkby7y/data/PhysioNet2022/training_data/85035_PV.wav,1.0,0.20253485
/tmp/backbone_swap_panns_a6jkby7y/data/PhysioNet2022/training_data/85035_TV.wav,1.0,0.2183363
/tmp/backbone_swap_panns_a6jkby7y/data/PhysioNet2022/training_data/85042_AV.wav,1.0,0.06479979
/tmp/backbone_swap_panns_a6jkby7y/data/PhysioNet2022/training_data/85042_MV.wav,1.0,0.12043836
/tmp/backbone_swap_panns_a6jkby7y/data/PhysioNet2022/training_data/85042_PV.wav,1.0,0.072234355
/tmp/backbone_swap_panns_a6jkby7y/data/PhysioNet2022/training_data/85042_TV.wav,1.0,0.17846328
/tmp/backbone_swap_panns_a6jkby7y/data/PhysioNet2022/training_data/85046_AV.wav,1.0,0.15317343
/tmp/backbone_swap_panns_a6jkby7y/data/PhysioNet2022/training_data/85046_MV.wav,1.0,0.64560115
/tmp/backbone_swap_panns_a6jkby7y/data/PhysioNet2022/training_data/85046_PV.wav,1.0,0.0716857
/tmp/backbone_swap_panns_a6jkby7y/data/PhysioNet2022/training_data/85046_TV.wav,1.0,0.11039402
/tmp/backbone_swap_panns_a6jkby7y/data/PhysioNet2022/training_data/85052_MV.wav,1.0,0.07511883
/tmp/backbone_swap_panns_a6jkby7y/data/PhysioNet2022/training_data/85052_PV.wav,1.0,0.15775436
/tmp/backbone_swap_panns_a6jkby7y/data/PhysioNet2022/training_data/85052_TV.wav,1.0,0.00943718
/tmp/backbone_swap_panns_a6jkby7y/data/PhysioNet2022/training_data/85053_AV.wav,1.0,0.3814377
/tmp/backbone_swap_panns_a6jkby7y/data/PhysioNet2022/training_data/85053_MV.wav,1.0,0.1526588
/tmp/backbone_swap_panns_a6jkby7y/data/PhysioNet2022/training_data/85053_PV.wav,1.0,0.042097203
/tmp/backbone_swap_panns_a6jkby7y/data/PhysioNet2022/training_data/85053_TV.wav,1.0,0.0698687
/tmp/backbone_swap_panns_a6jkby7y/data/PhysioNet2022/training_data/85057_AV.wav,1.0,0.0462684
/tmp/backbone_swap_panns_a6jkby7y/data/PhysioNet2022/training_data/85057_MV.wav,1.0,0.055541907
/tmp/backbone_swap_panns_a6jkby7y/data/PhysioNet2022/training_data/85057_PV.wav,1.0,0.13542339
/tmp/backbone_swap_panns_a6jkby7y/data/PhysioNet2022/training_data/85057_TV.wav,1.0,0.046178848
/tmp/backbone_swap_panns_a6jkby7y/data/PhysioNet2022/training_data/85062_AV.wav,1.0,0.010956982
/tmp/backbone_swap_panns_a6jkby7y/data/PhysioNet2022/training_data/85062_MV.wav,1.0,0.07897373
/tmp/backbone_swap_panns_a6jkby7y/data/PhysioNet2022/training_data/85062_PV.wav,1.0,0.06768187
/tmp/backbone_swap_panns_a6jkby7y/data/PhysioNet2022/training_data/85062_TV.wav,1.0,0.06402003
/tmp/backbone_swap_panns_a6jkby7y/data/PhysioNet2022/training_data/85063_MV.wav,1.0,0.030880278
/tmp/backbone_swap_panns_a6jkby7y/data/PhysioNet2022/training_data/85066_MV.wav,1.0,0.07705514
/tmp/backbone_swap_panns_a6jkby7y/data/PhysioNet2022/training_data/85069_AV.wav,1.0,0.24281749
/tmp/backbone_swap_panns_a6jkby7y/data/PhysioNet2022/training_data/85069_MV.wav,1.0,0.081304446
/tmp/backbone_swap_panns_a6jkby7y/data/PhysioNet2022/training_data/85069_PV.wav,1.0,0.08638694
/tmp/backbone_swap_panns_a6jkby7y/data/PhysioNet2022/training_data/85069_TV.wav,1.0,0.07737007
/tmp/backbone_swap_panns_a6jkby7y/data/PhysioNet2022/training_data/85077_AV.wav,1.0,0.07134741
/tmp/backbone_swap_panns_a6jkby7y/data/PhysioNet2022/training_data/85077_MV.wav,1.0,0.0781326
/tmp/backbone_swap_panns_a6jkby7y/data/PhysioNet2022/training_data/85077_PV.wav,1.0,0.16781178
/tmp/backbone_swap_panns_a6jkby7y/data/PhysioNet2022/training_data/85077_TV.wav,1.0,0.11452387
/tmp/backbone_swap_panns_a6jkby7y/data/PhysioNet2022/training_data/85081_AV.wav,1.0,0.92331535
/tmp/backbone_swap_panns_a6jkby7y/data/PhysioNet2022/training_data/85081_MV.wav,1.0,0.095196255
/tmp/backbone_swap_panns_a6jkby7y/data/PhysioNet2022/training_data/85094_AV.wav,1.0,0.11063564
/tmp/backbone_swap_panns_a6jkby7y/data/PhysioNet2022/training_data/85094_MV.wav,1.0,0.13084485
/tmp/backbone_swap_panns_a6jkby7y/data/PhysioNet2022/training_data/85094_PV.wav,1.0,0.041006695
/tmp/backbone_swap_panns_a6jkby7y/data/PhysioNet2022/training_data/85094_TV.wav,1.0,0.17012365
/tmp/backbone_swap_panns_a6jkby7y/data/PhysioNet2022/training_data/85096_AV.wav,1.0,0.0797218
/tmp/backbone_swap_panns_a6jkby7y/data/PhysioNet2022/training_data/85096_MV.wav,1.0,0.08400948
/tmp/backbone_swap_panns_a6jkby7y/data/PhysioNet2022/training_data/85096_PV.wav,1.0,0.059669014
/tmp/backbone_swap_panns_a6jkby7y/data/PhysioNet2022/training_data/85096_TV.wav,1.0,0.07174075
/tmp/backbone_swap_panns_a6jkby7y/data/PhysioNet2022/training_data/85099_AV.wav,1.0,0.052270625
/tmp/backbone_swap_panns_a6jkby7y/data/PhysioNet2022/training_data/85099_MV.wav,1.0,0.80541384
/tmp/backbone_swap_panns_a6jkby7y/data/PhysioNet2022/training_data/85099_PV.wav,1.0,0.09792438
/tmp/backbone_swap_panns_a6jkby7y/data/PhysioNet2022/training_data/85099_TV.wav,1.0,0.024554087
/tmp/backbone_swap_panns_a6jkby7y/data/PhysioNet2022/training_data/85100_AV.wav,1.0,0.04822681
/tmp/backbone_swap_panns_a6jkby7y/data/PhysioNet2022/training_data/85100_PV.wav,1.0,0.106369354
/tmp/backbone_swap_panns_a6jkby7y/data/PhysioNet2022/training_data/85102_AV.wav,1.0,0.01654291
/tmp/backbone_swap_panns_a6jkby7y/data/PhysioNet2022/training_data/85102_MV.wav,1.0,0.03181851
/tmp/backbone_swap_panns_a6jkby7y/data/PhysioNet2022/training_data/85102_PV.wav,1.0,0.14671303
/tmp/backbone_swap_panns_a6jkby7y/data/PhysioNet2022/training_data/85102_TV.wav,1.0,0.52634525
/tmp/backbone_swap_panns_a6jkby7y/data/PhysioNet2022/training_data/85103_AV.wav,1.0,0.011567479
/tmp/backbone_swap_panns_a6jkby7y/data/PhysioNet2022/training_data/85103_PV.wav,1.0,0.06682092
/tmp/backbone_swap_panns_a6jkby7y/data/PhysioNet2022/training_data/85103_TV.wav,1.0,0.06926583
/tmp/backbone_swap_panns_a6jkby7y/data/PhysioNet2022/training_data/85108_AV.wav,1.0,0.032673076
/tmp/backbone_swap_panns_a6jkby7y/data/PhysioNet2022/training_data/85108_MV.wav,1.0,0.09462978
/tmp/backbone_swap_panns_a6jkby7y/data/PhysioNet2022/training_data/85108_PV.wav,1.0,0.7133711
/tmp/backbone_swap_panns_a6jkby7y/data/PhysioNet2022/training_data/85108_TV.wav,1.0,0.054660507
/tmp/backbone_swap_panns_a6jkby7y/data/PhysioNet2022/training_data/85109_AV.wav,1.0,0.2204655
/tmp/backbone_swap_panns_a6jkby7y/data/PhysioNet2022/training_data/85109_MV.wav,1.0,0.09636839
/tmp/backbone_swap_panns_a6jkby7y/data/PhysioNet2022/training_data/85109_PV.wav,1.0,0.041209232
/tmp/backbone_swap_panns_a6jkby7y/data/PhysioNet2022/training_data/85109_TV.wav,1.0,0.2777411
/tmp/backbone_swap_panns_a6jkby7y/data/PhysioNet2022/training_data/85110_AV.wav,1.0,0.07211257
/tmp/backbone_swap_panns_a6jkby7y/data/PhysioNet2022/training_data/85110_MV.wav,1.0,0.08407804
/tmp/backbone_swap_panns_a6jkby7y/data/PhysioNet2022/training_data/85110_PV.wav,1.0,0.12480739
/tmp/backbone_swap_panns_a6jkby7y/data/PhysioNet2022/training_data/85110_TV.wav,1.0,0.12498474
/tmp/backbone_swap_panns_a6jkby7y/data/PhysioNet2022/training_data/85115_AV.wav,1.0,0.6075196
/tmp/backbone_swap_panns_a6jkby7y/data/PhysioNet2022/training_data/85115_MV.wav,1.0,0.0700014
/tmp/backbone_swap_panns_a6jkby7y/data/PhysioNet2022/training_data/85115_PV.wav,1.0,0.2951196
/tmp/backbone_swap_panns_a6jkby7y/data/PhysioNet2022/training_data/85115_TV.wav,1.0,0.80356026
/tmp/backbone_swap_panns_a6jkby7y/data/PhysioNet2022/training_data/85118_AV.wav,1.0,0.11036266
/tmp/backbone_swap_panns_a6jkby7y/data/PhysioNet2022/training_data/85118_MV.wav,1.0,0.027764326
/tmp/backbone_swap_panns_a6jkby7y/data/PhysioNet2022/training_data/85118_PV.wav,1.0,0.20058255
/tmp/backbone_swap_panns_a6jkby7y/data/PhysioNet2022/training_data/85118_TV.wav,1.0,0.11229162
/tmp/backbone_swap_panns_a6jkby7y/data/PhysioNet2022/training_data/85119_AV.wav,1.0,0.06171901
/tmp/backbone_swap_panns_a6jkby7y/data/PhysioNet2022/training_data/85119_MV.wav,1.0,0.15693292
/tmp/backbone_swap_panns_a6jkby7y/data/PhysioNet2022/training_data/85119_PV.wav,1.0,0.6316171
/tmp/backbone_swap_panns_a6jkby7y/data/PhysioNet2022/training_data/85119_TV.wav,1.0,0.03400093
/tmp/backbone_swap_panns_a6jkby7y/data/PhysioNet2022/training_data/85121_AV.wav,1.0,0.13835338
/tmp/backbone_swap_panns_a6jkby7y/data/PhysioNet2022/training_data/85121_MV.wav,1.0,0.06297024
/tmp/backbone_swap_panns_a6jkby7y/data/PhysioNet2022/training_data/85121_PV.wav,1.0,0.15845868
/tmp/backbone_swap_panns_a6jkby7y/data/PhysioNet2022/training_data/85121_TV.wav,1.0,0.86952424
/tmp/backbone_swap_panns_a6jkby7y/data/PhysioNet2022/training_data/85131_AV.wav,1.0,0.059818905
/tmp/backbone_swap_panns_a6jkby7y/data/PhysioNet2022/training_data/85131_MV.wav,1.0,0.82549024
/tmp/backbone_swap_panns_a6jkby7y/data/PhysioNet2022/training_data/85131_PV.wav,1.0,0.08739753
/tmp/backbone_swap_panns_a6jkby7y/data/PhysioNet2022/training_data/85131_TV.wav,1.0,0.14920762
/tmp/backbone_swap_panns_a6jkby7y/data/PhysioNet2022/training_data/85134_AV.wav,1.0,0.10860417
/tmp/backbone_swap_panns_a6jkby7y/data/PhysioNet2022/training_data/85134_MV.wav,1.0,0.127927
/tmp/backbone_swap_panns_a6jkby7y/data/PhysioNet2022/training_data/85134_PV.wav,1.0,0.19670889
/tmp/backbone_swap_panns_a6jkby7y/data/PhysioNet2022/training_data/85134_TV.wav,1.0,0.07922695
/tmp/backbone_swap_panns_a6jkby7y/data/PhysioNet2022/training_data/85139_MV.wav,1.0,0.4337739
/tmp/backbone_swap_panns_a6jkby7y/data/PhysioNet2022/training_data/85139_PV.wav,1.0,0.025796654
/tmp/backbone_swap_panns_a6jkby7y/data/PhysioNet2022/training_data/85139_TV.wav,1.0,0.4082589
/tmp/backbone_swap_panns_a6jkby7y/data/PhysioNet2022/training_data/85144_AV.wav,1.0,0.16846378
/tmp/backbone_swap_panns_a6jkby7y/data/PhysioNet2022/training_data/85144_MV.wav,1.0,0.1028586
/tmp/backbone_swap_panns_a6jkby7y/data/PhysioNet2022/training_data/85150_AV.wav,1.0,0.061528213
/tmp/backbone_swap_panns_a6jkby7y/data/PhysioNet2022/training_data/85150_PV.wav,1.0,0.14931387
/tmp/backbone_swap_panns_a6jkby7y/data/PhysioNet2022/training_data/85152_AV.wav,1.0,0.12131107
/tmp/backbone_swap_panns_a6jkby7y/data/PhysioNet2022/training_data/85152_MV.wav,1.0,0.08097563
/tmp/backbone_swap_panns_a6jkby7y/data/PhysioNet2022/training_data/85152_PV.wav,1.0,0.12021635
/tmp/backbone_swap_panns_a6jkby7y/data/PhysioNet2022/training_data/85152_TV.wav,1.0,0.11531155
/tmp/backbone_swap_panns_a6jkby7y/data/PhysioNet2022/training_data/85157_AV.wav,1.0,0.24633464
/tmp/backbone_swap_panns_a6jkby7y/data/PhysioNet2022/training_data/85157_MV.wav,1.0,0.24463019
/tmp/backbone_swap_panns_a6jkby7y/data/PhysioNet2022/training_data/85157_PV.wav,1.0,0.04958997
/tmp/backbone_swap_panns_a6jkby7y/data/PhysioNet2022/training_data/85157_TV.wav,1.0,0.050541576
/tmp/backbone_swap_panns_a6jkby7y/data/PhysioNet2022/training_data/85162_AV.wav,1.0,0.13253945
/tmp/backbone_swap_panns_a6jkby7y/data/PhysioNet2022/training_data/85162_MV.wav,1.0,0.08956431
/tmp/backbone_swap_panns_a6jkby7y/data/PhysioNet2022/training_data/85162_PV.wav,1.0,0.07508368
/tmp/backbone_swap_panns_a6jkby7y/data/PhysioNet2022/training_data/85162_TV.wav,1.0,0.13259839
/tmp/backbone_swap_panns_a6jkby7y/data/PhysioNet2022/training_data/85163_AV.wav,1.0,0.16895656
/tmp/backbone_swap_panns_a6jkby7y/data/PhysioNet2022/training_data/85163_MV.wav,1.0,0.008208446
/tmp/backbone_swap_panns_a6jkby7y/data/PhysioNet2022/training_data/85163_PV.wav,1.0,0.11285651
/tmp/backbone_swap_panns_a6jkby7y/data/PhysioNet2022/training_data/85163_TV.wav,1.0,0.10833677
/tmp/backbone_swap_panns_a6jkby7y/data/PhysioNet2022/training_data/85164_AV.wav,1.0,0.07201257
/tmp/backbone_swap_panns_a6jkby7y/data/PhysioNet2022/training_data/85164_MV.wav,1.0,0.081842
/tmp/backbone_swap_panns_a6jkby7y/data/PhysioNet2022/training_data/85164_PV.wav,1.0,0.08373195
/tmp/backbone_swap_panns_a6jkby7y/data/PhysioNet2022/training_data/85164_TV.wav,1.0,0.072509915
/tmp/backbone_swap_panns_a6jkby7y/data/PhysioNet2022/training_data/85168_AV.wav,1.0,0.11434172
/tmp/backbone_swap_panns_a6jkby7y/data/PhysioNet2022/training_data/85168_MV.wav,1.0,0.29725415
/tmp/backbone_swap_panns_a6jkby7y/data/PhysioNet2022/training_data/85168_PV.wav,1.0,0.60798734
/tmp/backbone_swap_panns_a6jkby7y/data/PhysioNet2022/training_data/85168_TV.wav,1.0,0.1984745
/tmp/backbone_swap_panns_a6jkby7y/data/PhysioNet2022/training_data/85174_AV.wav,1.0,0.052031923
/tmp/backbone_swap_panns_a6jkby7y/data/PhysioNet2022/training_data/85174_MV.wav,1.0,0.024426283
/tmp/backbone_swap_panns_a6jkby7y/data/PhysioNet2022/training_data/85174_PV.wav,1.0,0.84179056
/tmp/backbone_swap_panns_a6jkby7y/data/PhysioNet2022/training_data/85174_TV.wav,1.0,0.84304243
/tmp/backbone_swap_panns_a6jkby7y/data/PhysioNet2022/training_data/85175_AV.wav,1.0,0.1343034
/tmp/backbone_swap_panns_a6jkby7y/data/PhysioNet2022/training_data/85175_MV.wav,1.0,0.041316047
/tmp/backbone_swap_panns_a6jkby7y/data/PhysioNet2022/training_data/85175_PV.wav,1.0,0.017925125
/tmp/backbone_swap_panns_a6jkby7y/data/PhysioNet2022/training_data/85175_TV.wav,1.0,0.093575865
/tmp/backbone_swap_panns_a6jkby7y/data/PhysioNet2022/training_data/85186_AV.wav,1.0,0.26816174
/tmp/backbone_swap_panns_a6jkby7y/data/PhysioNet2022/training_data/85186_PV.wav,1.0,0.107690886
/tmp/backbone_swap_panns_a6jkby7y/data/PhysioNet2022/training_data/85186_TV.wav,1.0,0.15375963
/tmp/backbone_swap_panns_a6jkby7y/data/PhysioNet2022/training_data/85202_AV.wav,1.0,0.032737926
/tmp/backbone_swap_panns_a6jkby7y/data/PhysioNet2022/training_data/85202_MV.wav,1.0,0.19665366
/tmp/backbone_swap_panns_a6jkby7y/data/PhysioNet2022/training_data/85207_AV.wav,1.0,0.13773964
/tmp/backbone_swap_panns_a6jkby7y/data/PhysioNet2022/training_data/85207_MV.wav,1.0,0.19377209
/tmp/backbone_swap_panns_a6jkby7y/data/PhysioNet2022/training_data/85207_PV.wav,1.0,0.15202776
/tmp/backbone_swap_panns_a6jkby7y/data/PhysioNet2022/training_data/85207_TV.wav,1.0,0.071443155
/tmp/backbone_swap_panns_a6jkby7y/data/PhysioNet2022/training_data/85212_AV.wav,1.0,0.10806556
/tmp/backbone_swap_panns_a6jkby7y/data/PhysioNet2022/training_data/85212_MV.wav,1.0,0.3418578
/tmp/backbone_swap_panns_a6jkby7y/data/PhysioNet2022/training_data/85212_PV.wav,1.0,0.025110897
/tmp/backbone_swap_panns_a6jkby7y/data/PhysioNet2022/training_data/85212_TV.wav,1.0,0.12973651
/tmp/backbone_swap_panns_a6jkby7y/data/PhysioNet2022/training_data/85216_AV.wav,1.0,0.042629704
/tmp/backbone_swap_panns_a6jkby7y/data/PhysioNet2022/training_data/85216_MV.wav,1.0,0.065729715
/tmp/backbone_swap_panns_a6jkby7y/data/PhysioNet2022/training_data/85216_PV.wav,1.0,0.13905682
/tmp/backbone_swap_panns_a6jkby7y/data/PhysioNet2022/training_data/85216_TV.wav,1.0,0.104660824
/tmp/backbone_swap_panns_a6jkby7y/data/PhysioNet2022/training_data/85230_AV.wav,1.0,0.06680703
/tmp/backbone_swap_panns_a6jkby7y/data/PhysioNet2022/training_data/85230_MV.wav,1.0,0.10366716
/tmp/backbone_swap_panns_a6jkby7y/data/PhysioNet2022/training_data/85230_PV.wav,1.0,0.068983376
/tmp/backbone_swap_panns_a6jkby7y/data/PhysioNet2022/training_data/85230_TV.wav,1.0,0.38210222
/tmp/backbone_swap_panns_a6jkby7y/data/PhysioNet2022/training_data/85234_AV.wav,1.0,0.11746169
/tmp/backbone_swap_panns_a6jkby7y/data/PhysioNet2022/training_data/85234_MV.wav,1.0,0.09410826
/tmp/backbone_swap_panns_a6jkby7y/data/PhysioNet2022/training_data/85234_PV.wav,1.0,0.029359156
/tmp/backbone_swap_panns_a6jkby7y/data/PhysioNet2022/training_data/85234_TV.wav,1.0,0.055234857
/tmp/backbone_swap_panns_a6jkby7y/data/PhysioNet2022/training_data/85236_AV.wav,1.0,0.1426158
/tmp/backbone_swap_panns_a6jkby7y/data/PhysioNet2022/training_data/85236_MV.wav,1.0,0.10604245
/tmp/backbone_swap_panns_a6jkby7y/data/PhysioNet2022/training_data/85236_PV.wav,1.0,0.056440998
/tmp/backbone_swap_panns_a6jkby7y/data/PhysioNet2022/training_data/85236_TV.wav,1.0,0.049566668
/tmp/backbone_swap_panns_a6jkby7y/data/PhysioNet2022/training_data/85239_AV.wav,1.0,0.08167172
/tmp/backbone_swap_panns_a6jkby7y/data/PhysioNet2022/training_data/85239_MV.wav,1.0,0.1731953
/tmp/backbone_swap_panns_a6jkby7y/data/PhysioNet2022/training_data/85239_PV.wav,1.0,0.20856306
/tmp/backbone_swap_panns_a6jkby7y/data/PhysioNet2022/training_data/85239_TV.wav,1.0,0.12432647
/tmp/backbone_swap_panns_a6jkby7y/data/PhysioNet2022/training_data/85244_AV.wav,1.0,0.15455955
/tmp/backbone_swap_panns_a6jkby7y/data/PhysioNet2022/training_data/85244_MV.wav,1.0,0.06721363
/tmp/backbone_swap_panns_a6jkby7y/data/PhysioNet2022/training_data/85244_PV.wav,1.0,0.1488396
/tmp/backbone_swap_panns_a6jkby7y/data/PhysioNet2022/training_data/85244_TV.wav,1.0,0.17626388
/tmp/backbone_swap_panns_a6jkby7y/data/PhysioNet2022/training_data/85247_AV.wav,1.0,0.02807713
/tmp/backbone_swap_panns_a6jkby7y/data/PhysioNet2022/training_data/85247_MV.wav,1.0,0.13738121
/tmp/backbone_swap_panns_a6jkby7y/data/PhysioNet2022/training_data/85247_PV.wav,1.0,0.56417465
/tmp/backbone_swap_panns_a6jkby7y/data/PhysioNet2022/training_data/85247_TV.wav,1.0,0.1613685
/tmp/backbone_swap_panns_a6jkby7y/data/PhysioNet2022/training_data/85252_AV.wav,1.0,0.08135061
/tmp/backbone_swap_panns_a6jkby7y/data/PhysioNet2022/training_data/85252_MV.wav,1.0,0.07374766
/tmp/backbone_swap_panns_a6jkby7y/data/PhysioNet2022/training_data/85252_PV.wav,1.0,0.06913493
/tmp/backbone_swap_panns_a6jkby7y/data/PhysioNet2022/training_data/85252_TV.wav,1.0,0.062348984
/tmp/backbone_swap_panns_a6jkby7y/data/PhysioNet2022/training_data/85253_AV.wav,1.0,0.060476903
/tmp/backbone_swap_panns_a6jkby7y/data/PhysioNet2022/training_data/85253_MV.wav,1.0,0.16344124
/tmp/backbone_swap_panns_a6jkby7y/data/PhysioNet2022/training_data/85253_PV.wav,1.0,0.08143204
/tmp/backbone_swap_panns_a6jkby7y/data/PhysioNet2022/training_data/85253_TV.wav,1.0,0.09965617
/tmp/backbone_swap_panns_a6jkby7y/data/PhysioNet2022/training_data/85258_AV.wav,1.0,0.14553507
/tmp/backbone_swap_panns_a6jkby7y/data/PhysioNet2022/training_data/85258_MV.wav,1.0,0.08779789
/tmp/backbone_swap_panns_a6jkby7y/data/PhysioNet2022/training_data/85258_PV.wav,1.0,0.19104864
/tmp/backbone_swap_panns_a6jkby7y/data/PhysioNet2022/training_data/85258_TV.wav,1.0,0.095851414
/tmp/backbone_swap_panns_a6jkby7y/data/PhysioNet2022/training_data/85276_MV.wav,1.0,0.052763484
/tmp/backbone_swap_panns_a6jkby7y/data/PhysioNet2022/training_data/85277_AV.wav,1.0,0.20184164
/tmp/backbone_swap_panns_a6jkby7y/data/PhysioNet2022/training_data/85277_MV.wav,1.0,0.07182923
/tmp/backbone_swap_panns_a6jkby7y/data/PhysioNet2022/training_data/85277_PV.wav,1.0,0.11992844
/tmp/backbone_swap_panns_a6jkby7y/data/PhysioNet2022/training_data/85277_TV.wav,1.0,0.053894833
/tmp/backbone_swap_panns_a6jkby7y/data/PhysioNet2022/training_data/85282_AV.wav,1.0,0.047617726
/tmp/backbone_swap_panns_a6jkby7y/data/PhysioNet2022/training_data/85282_MV.wav,1.0,0.11694708
/tmp/backbone_swap_panns_a6jkby7y/data/PhysioNet2022/training_data/85282_PV.wav,1.0,0.08227839
/tmp/backbone_swap_panns_a6jkby7y/data/PhysioNet2022/training_data/85282_TV.wav,1.0,0.21059348
/tmp/backbone_swap_panns_a6jkby7y/data/PhysioNet2022/training_data/85285_AV.wav,1.0,0.11835056
/tmp/backbone_swap_panns_a6jkby7y/data/PhysioNet2022/training_data/85285_MV.wav,1.0,0.21701452
/tmp/backbone_swap_panns_a6jkby7y/data/PhysioNet2022/training_data/85285_PV.wav,1.0,0.072996095
/tmp/backbone_swap_panns_a6jkby7y/data/PhysioNet2022/training_data/85285_TV.wav,1.0,0.16085118
/tmp/backbone_swap_panns_a6jkby7y/data/PhysioNet2022/training_data/85293_AV.wav,1.0,0.13920704
/tmp/backbone_swap_panns_a6jkby7y/data/PhysioNet2022/training_data/85293_MV.wav,1.0,0.15292676
/tmp/backbone_swap_panns_a6jkby7y/data/PhysioNet2022/training_data/85293_PV.wav,1.0,0.06969045
/tmp/backbone_swap_panns_a6jkby7y/data/PhysioNet2022/training_data/85293_TV.wav,1.0,0.11604219
/tmp/backbone_swap_panns_a6jkby7y/data/PhysioNet2022/training_data/85312_AV.wav,1.0,0.09930103
/tmp/backbone_swap_panns_a6jkby7y/data/PhysioNet2022/training_data/85312_MV.wav,1.0,0.43551975
/tmp/backbone_swap_panns_a6jkby7y/data/PhysioNet2022/training_data/85312_PV.wav,1.0,0.213755
/tmp/backbone_swap_panns_a6jkby7y/data/PhysioNet2022/training_data/85312_TV.wav,1.0,0.07739874
/tmp/backbone_swap_panns_a6jkby7y/data/PhysioNet2022/training_data/85317_AV.wav,1.0,0.37288368
/tmp/backbone_swap_panns_a6jkby7y/data/PhysioNet2022/training_data/85323_PV.wav,1.0,0.29300854
/tmp/backbone_swap_panns_a6jkby7y/data/PhysioNet2022/training_data/85326_AV.wav,1.0,0.1448373
/tmp/backbone_swap_panns_a6jkby7y/data/PhysioNet2022/training_data/85326_MV.wav,1.0,0.116289265
/tmp/backbone_swap_panns_a6jkby7y/data/PhysioNet2022/training_data/85326_PV.wav,1.0,0.13425979
/tmp/backbone_swap_panns_a6jkby7y/data/PhysioNet2022/training_data/85326_TV.wav,1.0,0.06932604
/tmp/backbone_swap_panns_a6jkby7y/data/PhysioNet2022/training_data/85334_AV.wav,1.0,0.3288675
/tmp/backbone_swap_panns_a6jkby7y/data/PhysioNet2022/training_data/85334_MV.wav,1.0,0.10339233
/tmp/backbone_swap_panns_a6jkby7y/data/PhysioNet2022/training_data/85334_PV.wav,1.0,0.16621773
/tmp/backbone_swap_panns_a6jkby7y/data/PhysioNet2022/training_data/85334_TV.wav,1.0,0.043403864
/tmp/backbone_swap_panns_a6jkby7y/data/PhysioNet2022/training_data/85339_MV.wav,1.0,0.12914966
/tmp/backbone_swap_panns_a6jkby7y/data/PhysioNet2022/training_data/85345_AV.wav,1.0,0.13787948
/tmp/backbone_swap_panns_a6jkby7y/data/PhysioNet2022/training_data/85345_PV.wav,1.0,0.19041032
/tmp/backbone_swap_panns_a6jkby7y/data/PhysioNet2022/training_data/85349_AV.wav,1.0,0.14461079
/tmp/backbone_swap_panns_a6jkby7y/data/PhysioNet2022/training_data/85349_PV.wav,1.0,0.09502086
/tmp/backbone_swap_panns_a6jkby7y/data/PhysioNet2022/training_data/85349_TV.wav,1.0,0.1501761
noise,0.0,0.075545184
noise,0.0,0.0055644102
noise,0.0,0.08027535
noise,0.0,0.075969875
noise,0.0,0.1855378
noise,0.0,0.1241767
noise,0.0,0.15785895
noise,0.0,0.09152164
noise,0.0,0.1963617
noise,0.0,0.1758048
noise,0.0,0.100680016
noise,0.0,0.31086662
noise,0.0,0.070831
noise,0.0,0.17636167
noise,0.0,0.1003384
noise,0.0,0.06001399
noise,0.0,0.17022742
noise,0.0,0.037184965
noise,0.0,0.1200226
noise,0.0,0.17435235
noise,0.0,0.11361881
noise,0.0,0.031935837
noise,0.0,0.21938632
noise,0.0,0.17585087
noise,0.0,0.09746845
noise,0.0,0.05090213
noise,0.0,0.0525592
noise,0.0,0.5866338
noise,0.0,0.12264919
noise,0.0,0.1838804
noise,0.0,0.11596152
noise,0.0,0.049917463
noise,0.0,0.06578258
noise,0.0,0.07265993
noise,0.0,0.08285292
noise,0.0,0.2896567
noise,0.0,0.04642509
noise,0.0,0.471269
noise,0.0,0.17443699
noise,0.0,0.2104882
noise,0.0,0.121403344
noise,0.0,0.122707434
noise,0.0,0.112877935
noise,0.0,0.10596261
noise,0.0,0.7910591
noise,0.0,0.08685426
noise,0.0,0.075545184
noise,0.0,0.08409892
noise,0.0,0.32993442
noise,0.0,0.046525527
noise,0.0,0.14257447
noise,0.0,0.08008196
noise,0.0,0.54101676
noise,0.0,0.18104123
noise,0.0,0.12456024
noise,0.0,0.45901603
noise,0.0,0.112509556
noise,0.0,0.18451962
noise,0.0,0.0751357
noise,0.0,0.034820236
noise,0.0,0.045881227
noise,0.0,0.1898852
noise,0.0,0.23875296
noise,0.0,0.027800107
noise,0.0,0.22538131
noise,0.0,0.1357285
noise,0.0,0.017472174
noise,0.0,0.045974493
noise,0.0,0.11548634
noise,0.0,0.093599655
noise,0.0,0.031860784
noise,0.0,0.06684167
noise,0.0,0.028195158
noise,0.0,0.318416
noise,0.0,0.12664208
noise,0.0,0.23868242
noise,0.0,0.116801485
noise,0.0,0.048242822
noise,0.0,0.15592054
noise,0.0,0.07685231
noise,0.0,0.07272084
noise,0.0,0.134475
noise,0.0,0.011542737
noise,0.0,0.16034435
noise,0.0,0.58487236
noise,0.0,0.16059908
noise,0.0,0.11459267
noise,0.0,0.08074458
noise,0.0,0.008706955
noise,0.0,0.50460976
noise,0.0,0.11451294
noise,0.0,0.08477017
noise,0.0,0.013265571
noise,0.0,0.5311973
noise,0.0,0.79425836
noise,0.0,0.2234669
noise,0.0,0.09507081
noise,0.0,0.03169568
noise,0.0,0.09899438
noise,0.0,0.033791013
noise,0.0,0.16538757
noise,0.0,0.14211869
noise,0.0,0.14139311
noise,0.0,0.073935516
noise,0.0,0.107847646
noise,0.0,0.21574217
noise,0.0,0.08854979
noise,0.0,0.025242826
noise,0.0,0.17797594
noise,0.0,0.08917608
noise,0.0,0.019967992
noise,0.0,0.1304862
noise,0.0,0.0496965
noise,0.0,0.06682266
noise,0.0,0.18386537
noise,0.0,0.098547004
noise,0.0,0.2842746
noise,0.0,0.05997138
noise,0.0,0.14253408
noise,0.0,0.10384477
noise,0.0,0.12491277
noise,0.0,0.12876107
noise,0.0,0.096504755
noise,0.0,0.032181963
noise,0.0,0.09345017
noise,0.0,0.13917853
noise,0.0,0.114168264
noise,0.0,0.06945352
noise,0.0,0.06299368
noise,0.0,0.12492063
noise,0.0,0.15723528
noise,0.0,0.06954359
noise,0.0,0.1086855
noise,0.0,0.09221896
noise,0.0,0.37165463
noise,0.0,0.14093527
noise,0.0,0.07757379
noise,0.0,0.040136747
noise,0.0,0.18695638
noise,0.0,0.040189307
noise,0.0,0.07899323
noise,0.0,0.08020698
noise,0.0,0.16615243
noise,0.0,0.23770437
noise,0.0,0.06828502
noise,0.0,0.13023311
noise,0.0,0.15561979
noise,0.0,0.115643114
noise,0.0,0.067518614
noise,0.0,0.3965948
noise,0.0,0.09056908
noise,0.0,0.26898366
noise,0.0,0.2281765
noise,0.0,0.034258574
noise,0.0,0.03156834
noise,0.0,0.09899438
noise,0.0,0.064510755
noise,0.0,0.09251477
noise,0.0,0.07794838
noise,0.0,0.12222072
noise,0.0,0.26845756
noise,0.0,0.097923085
noise,0.0,0.15114959
noise,0.0,0.36550575
noise,0.0,0.13638751
noise,0.0,0.12586226
noise,0.0,0.11784217
noise,0.0,0.040755186
noise,0.0,0.15719628
noise,0.0,0.096656784
noise,0.0,0.09356505
noise,0.0,0.07372167
noise,0.0,0.024267387
noise,0.0,0.14368105
noise,0.0,0.21536955
noise,0.0,0.026112681
noise,0.0,0.11833389
noise,0.0,0.08622576
noise,0.0,0.01081099
noise,0.0,0.12778081
noise,0.0,0.20948534
noise,0.0,0.17907403
noise,0.0,0.24188666
noise,0.0,0.25027066
noise,0.0,0.15636624
noise,0.0,0.10119267
noise,0.0,0.15878858
noise,0.0,0.0392814
noise,0.0,0.107633665
noise,0.0,0.08024123
noise,0.0,0.24609475
noise,0.0,0.08555711
noise,0.0,0.031125145
noise,0.0,0.45391786
noise,0.0,0.19506863
noise,0.0,0.23659278
noise,0.0,0.042247582
noise,0.0,0.0047213617
noise,0.0,0.108341195
noise,0.0,0.100030184
noise,0.0,0.15369295
noise,0.0,0.06267908
noise,0.0,0.16060203
noise,0.0,0.034249227
noise,0.0,0.012812991
noise,0.0,0.06871986
noise,0.0,0.31979537
noise,0.0,0.16590305
noise,0.0,0.14563301
noise,0.0,0.027199421
noise,0.0,0.111211605
noise,0.0,0.18037574
noise,0.0,0.10838056
noise,0.0,0.13126369
noise,0.0,0.081972145
noise,0.0,0.03421349
noise,0.0,0.24131879
noise,0.0,0.00977996
noise,0.0,0.19375804
noise,0.0,0.091623135
noise,0.0,0.11536177
noise,0.0,0.019319853
noise,0.0,0.79064757
noise,0.0,0.054319993
noise,0.0,0.07285563
noise,0.0,0.026130646
noise,0.0,0.092832804
noise,0.0,0.14002836
noise,0.0,0.035523806
noise,0.0,0.076506756
noise,0.0,0.085280925
noise,0.0,0.48901868
noise,0.0,0.1040158
noise,0.0,0.085557416
noise,0.0,0.06625554
noise,0.0,0.06540996
noise,0.0,0.20358719
noise,0.0,0.007054029
noise,0.0,0.015105567
noise,0.0,0.8300339
noise,0.0,0.16790305
noise,0.0,0.06779582
noise,0.0,0.103476174
noise,0.0,0.11404006
noise,0.0,0.19487779
noise,0.0,0.047409397
noise,0.0,0.003964584
noise,0.0,0.41101027
noise,0.0,0.111965425
noise,0.0,0.13419668
noise,0.0,0.18938279
noise,0.0,0.036441408
noise,0.0,0.064300805
noise,0.0,0.09524174
noise,0.0,0.05548047
noise,0.0,0.09373512
noise,0.0,0.044870626
noise,0.0,0.27620566
noise,0.0,0.78823787
noise,0.0,0.075029485
noise,0.0,0.11228813
noise,0.0,0.07297098
noise,0.0,0.08456868
noise,0.0,0.26337418
noise,0.0,0.15544808
noise,0.0,0.06755205
noise,0.0,0.062401615
noise,0.0,0.21083452
noise,0.0,0.09859464
noise,0.0,0.08426004
noise,0.0,0.06765041
noise,0.0,0.064841315
noise,0.0,0.38410935
noise,0.0,0.25280964
noise,0.0,0.08762165
noise,0.0,0.6935371
noise,0.0,0.021621218
noise,0.0,0.116467044
noise,0.0,0.041902926
noise,0.0,0.17485179
noise,0.0,0.067404345
noise,0.0,0.046847936
noise,0.0,0.018472308
noise,0.0,0.9572684
noise,0.0,0.09914477
noise,0.0,0.18700074
noise,0.0,0.63511163
noise,0.0,0.06307906
noise,0.0,0.074695624
noise,0.0,0.051944192
noise,0.0,0.04199125
noise,0.0,0.09069564
noise,0.0,0.07281244
noise,0.0,0.04684136
noise,0.0,0.07205797
noise,0.0,0.021454873
noise,0.0,0.01961349
noise,0.0,0.07818121
noise,0.0,0.09021906
noise,0.0,0.01990971
noise,0.0,0.85142815
noise,0.0,0.11196618
noise,0.0,0.27606165
noise,0.0,0.053436276
noise,0.0,0.04819886
noise,0.0,0.08823749
noise,0.0,0.15200709
noise,0.0,0.19673131
noise,0.0,0.036480103
noise,0.0,0.08126772
noise,0.0,0.025890095
noise,0.0,0.06654907
noise,0.0,0.2099294
noise,0.0,0.064137906
noise,0.0,0.114137106
noise,0.0,0.043473132
noise,0.0,0.07097241
noise,0.0,0.040637024
noise,0.0,0.026351968
noise,0.0,0.03980557
noise,0.0,0.15501459
noise,0.0,0.07698919
noise,0.0,0.1069695
noise,0.0,0.05020811
noise,0.0,0.0009271941
noise,0.0,0.14279789
noise,0.0,0.056265414
noise,0.0,0.21730244
noise,0.0,0.18007046
noise,0.0,0.13187808
noise,0.0,0.29099035
noise,0.0,0.043385606
noise,0.0,0.10483567
noise,0.0,0.090132125
noise,0.0,0.659692
noise,0.0,0.029653313
noise,0.0,0.09922263
noise,0.0,0.120383926
noise,0.0,0.17969204
noise,0.0,0.08852501
noise,0.0,0.21828979
noise,0.0,0.01170066
noise,0.0,0.045455173
noise,0.0,0.07594283
noise,0.0,0.10295121
noise,0.0,0.88752043
noise,0.0,0.1565634
noise,0.0,0.08694429
noise,0.0,0.070206344
noise,0.0,0.08053544
noise,0.0,0.31905904
noise,0.0,0.24045722
noise,0.0,0.06418127
noise,0.0,0.07404557
noise,0.0,0.20798208
noise,0.0,0.6714116
noise,0.0,0.10373681
noise,0.0,0.08799669
noise,0.0,0.29901698
noise,0.0,0.10703313
noise,0.0,0.2694602
noise,0.0,0.03525583
noise,0.0,0.032852937
noise,0.0,0.126228
noise,0.0,0.039752517
noise,0.0,0.22118661
noise,0.0,0.059769936
noise,0.0,0.114066035
noise,0.0,0.20389092
noise,0.0,0.0134305665
noise,0.0,0.057536207
noise,0.0,0.15763101
noise,0.0,0.116712146
noise,0.0,0.14722188
noise,0.0,0.04941072
noise,0.0,0.49007964
noise,0.0,0.1083667
noise,0.0,0.1830357
noise,0.0,0.14675668
noise,0.0,0.08899499
noise,0.0,0.11083097
noise,0.0,0.07548887
noise,0.0,0.082465015
noise,0.0,0.5152846
noise,0.0,0.4543742
noise,0.0,0.11126615
noise,0.0,0.029953944
noise,0.0,0.10791597
noise,0.0,0.00019832466
noise,0.0,0.04627542
noise,0.0,0.15603666
noise,0.0,0.04678876
noise,0.0,0.10657408
noise,0.0,0.009614768
noise,0.0,0.047755625
noise,0.0,0.08586178
noise,0.0,0.04834175
noise,0.0,0.13647966
noise,0.0,0.045296006
noise,0.0,0.13199502
noise,0.0,0.10364133
noise,0.0,0.087896675
noise,0.0,0.053593934
noise,0.0,0.10804651
noise,0.0,0.28198138
noise,0.0,0.027727436
noise,0.0,0.03172384
noise,0.0,0.04156489
noise,0.0,0.34054947
noise,0.0,0.004657793
noise,0.0,0.14039867
noise,0.0,0.124762364
noise,0.0,0.037343204
noise,0.0,0.072479084
noise,0.0,0.14398842
noise,0.0,0.120172866
noise,0.0,0.0349016
noise,0.0,0.15393339
noise,0.0,0.20577493
noise,0.0,0.06157461
noise,0.0,0.77176607
noise,0.0,0.08564845
noise,0.0,0.07430325
noise,0.0,0.32909298
noise,0.0,0.068559386
noise,0.0,0.7797363
noise,0.0,0.80505925
noise,0.0,0.046292458
noise,0.0,0.09894561
noise,0.0,0.00637925
noise,0.0,0.19299673
noise,0.0,0.21921362
noise,0.0,0.03978209
noise,0.0,0.12176351
noise,0.0,0.06268824
noise,0.0,0.056125604
noise,0.0,0.36896285
noise,0.0,0.057111334
noise,0.0,0.12195127
noise,0.0,0.12874143
noise,0.0,0.4568096
noise,0.0,0.50156784
noise,0.0,0.17000183
noise,0.0,0.046525527
noise,0.0,0.21789692
noise,0.0,0.38532388
noise,0.0,0.11721439
noise,0.0,0.29358494
noise,0.0,0.118238375
noise,0.0,0.11498531
noise,0.0,0.025730873
noise,0.0,0.0013578022
noise,0.0,0.03123974
noise,0.0,0.13982543
noise,0.0,0.08793962
noise,0.0,0.02521543
noise,0.0,0.063000835
noise,0.0,0.02337218
noise,0.0,0.2396474
noise,0.0,0.21817714
noise,0.0,0.17999649
noise,0.0,0.089734696
noise,0.0,0.10411592
noise,0.0,0.13838133
noise,0.0,0.117480054
noise,0.0,0.07330087
noise,0.0,0.006661749
noise,0.0,0.16056624
noise,0.0,0.5387838
noise,0.0,0.051835705
noise,0.0,0.042479027
noise,0.0,0.036654286
noise,0.0,0.60733175
noise,0.0,0.0007254228
noise,0.0,0.057481896
noise,0.0,0.06228151
noise,0.0,0.09381524
noise,0.0,0.061796874
noise,0.0,0.024949925
noise,0.0,0.2200298
noise,0.0,0.09202987
noise,0.0,0.10918132
noise,0.0,0.047761578
noise,0.0,0.021133443
noise,0.0,0.012622999
noise,0.0,0.03580247
noise,0.0,0.2794832
noise,0.0,0.041009586
noise,0.0,0.049925573
noise,0.0,0.04601214
noise,0.0,0.18465835
noise,0.0,0.2235244
noise,0.0,0.09368732
noise,0.0,0.1978989
noise,0.0,0.1432661
noise,0.0,0.1305183
noise,0.0,0.09975839
noise,0.0,0.12468732
noise,0.0,0.01394353
noise,0.0,0.0757
noise,0.0,0.22279993
noise,0.0,0.32888988
noise,0.0,0.2069458
noise,0.0,0.13294792
noise,0.0,0.13883764
noise,0.0,0.035671692
noise,0.0,0.052401453
noise,0.0,0.080617085
noise,0.0,0.18905437
noise,0.0,0.26756856
noise,0.0,0.7321022
noise,0.0,0.78668797
noise,0.0,0.090822466
noise,0.0,0.01709981
noise,0.0,0.02453695
noise,0.0,0.015096695
noise,0.0,0.04805006
noise,0.0,0.027281005
noise,0.0,0.10642381
noise,0.0,0.15699907
noise,0.0,0.117305204
noise,0.0,0.11002772
noise,0.0,0.062397063
noise,0.0,0.11596152
noise,0.0,0.089679696
noise,0.0,0.23368867
noise,0.0,0.13157216
noise,0.0,0.07252529
noise,0.0,0.05616244
noise,0.0,0.21615526
noise,0.0,0.08030135
noise,0.0,0.15366483
noise,0.0,0.08710792
noise,0.0,0.3382644
noise,0.0,0.10059453
noise,0.0,0.07129922
noise,0.0,0.0048373803
noise,0.0,0.05663553
noise,0.0,0.14811279
noise,0.0,0.16218017
noise,0.0,0.08502834
noise,0.0,0.0691841
noise,0.0,0.09656857
noise,0.0,0.13439313
noise,0.0,0.016768169
noise,0.0,0.0907467
noise,0.0,0.103645295
noise,0.0,0.16835178
noise,0.0,0.06704552
noise,0.0,0.12394126
noise,0.0,0.16636026
noise,0.0,0.062746845
noise,0.0,0.08224538
noise,0.0,0.056722905
noise,0.0,0.08555829
noise,0.0,0.07029282
noise,0.0,0.116547264
noise,0.0,0.07699468
noise,0.0,0.058655262
noise,0.0,0.16069229
noise,0.0,0.0634239
noise,0.0,0.50156784
noise,0.0,0.2628631
noise,0.0,0.26486465
noise,0.0,0.004536379
noise,0.0,0.7719324
noise,0.0,0.20493357
noise,0.0,0.05754579
noise,0.0,0.108056895
noise,0.0,0.15877362
noise,0.0,0.10283548
noise,0.0,0.09331246
noise,0.0,0.13941266
noise,0.0,0.12753323
noise,0.0,0.14032565
noise,0.0,0.043883786
noise,0.0,0.3921542
noise,0.0,0.12701887
noise,0.0,0.103125855
noise,0.0,0.19012818
noise,0.0,0.7839411
noise,0.0,0.10438441
noise,0.0,0.12112247
noise,0.0,0.0555756
noise,0.0,0.0960601
noise,0.0,0.13814396
noise,0.0,0.15146858
noise,0.0,0.5857982
noise,0.0,0.08620621
noise,0.0,0.033196256
noise,0.0,0.05446993
noise,0.0,0.021989994
noise,0.0,0.026176468
noise,0.0,0.03069167
noise,0.0,0.035251576
noise,0.0,0.12429222
noise,0.0,0.20524164
noise,0.0,0.19854155
noise,0.0,0.10320625
noise,0.0,0.19713722
noise,0.0,0.17606044
noise,0.0,0.24502513
noise,0.0,0.07829602
noise,0.0,0.11378971
noise,0.0,0.07593144
noise,0.0,0.182737
noise,0.0,0.11972637
noise,0.0,0.0061939056
noise,0.0,0.20659067
noise,0.0,0.10264215
noise,0.0,0.33397138
noise,0.0,0.18313996
noise,0.0,0.10327728
noise,0.0,0.03696748
noise,0.0,0.19850056
noise,0.0,0.062164906
noise,0.0,0.050042838
noise,0.0,0.21262941
noise,0.0,0.09168869
noise,0.0,0.28865123
noise,0.0,0.12632921
noise,0.0,0.07144023
noise,0.0,0.055070337
noise,0.0,0.1757077
noise,0.0,0.10269013
noise,0.0,0.6071663
noise,0.0,0.12973572
noise,0.0,0.17332293
noise,0.0,0.09263773
noise,0.0,0.10813257
noise,0.0,0.38527602
noise,0.0,0.534403
noise,0.0,0.44208393
noise,0.0,0.03839828
noise,0.0,0.25096434
noise,0.0,0.15066275
noise,0.0,0.067472
noise,0.0,0.28703254
noise,0.0,0.17118421
noise,0.0,0.031065613
noise,0.0,0.15462679
noise,0.0,0.09433752
noise,0.0,0.07196931
noise,0.0,0.13599043
noise,0.0,0.07294779
noise,0.0,0.05216801
noise,0.0,0.12641054
noise,0.0,0.08948972
noise,0.0,0.07814896
noise,0.0,0.065935634
noise,0.0,0.12955385
noise,0.0,0.11144268
noise,0.0,0.10535395
noise,0.0,0.06148738
noise,0.0,0.34387204
noise,0.0,0.06597437
noise,0.0,0.10467733
noise,0.0,0.32596505
noise,0.0,0.12924913
noise,0.0,0.670319
noise,0.0,0.089771844
noise,0.0,0.0653701
noise,0.0,0.37993848
noise,0.0,0.029375406
noise,0.0,0.11391622
noise,0.0,0.32811636
noise,0.0,0.48930323
noise,0.0,0.0970669
noise,0.0,0.047507085
noise,0.0,0.045758188
noise,0.0,0.011648734
noise,0.0,0.104750544
noise,0.0,0.07581773
noise,0.0,0.034697067
noise,0.0,0.01902204
noise,0.0,0.17344189
noise,0.0,0.12316874
noise,0.0,0.018812299
noise,0.0,0.33149147
noise,0.0,0.0135406805
noise,0.0,0.18989617
noise,0.0,0.014955899
noise,0.0,0.094161585
noise,0.0,0.03940415
noise,0.0,0.24168122
noise,0.0,0.050433178
noise,0.0,0.25031924
noise,0.0,0.1305015
noise,0.0,0.14216642
noise,0.0,0.11346941
noise,0.0,0.114330515
noise,0.0,0.05251005
noise,0.0,0.06552113
noise,0.0,0.25092554
noise,0.0,0.019411132
noise,0.0,0.351448
noise,0.0,0.03009312
noise,0.0,0.14649887
noise,0.0,0.21152203
noise,0.0,0.14097962
noise,0.0,0.15799825
noise,0.0,0.68882704
noise,0.0,0.18530837
noise,0.0,0.064814
noise,0.0,0.040766448
noise,0.0,0.14024256
noise,0.0,0.16466856
noise,0.0,0.022235045
noise,0.0,0.11629269
noise,0.0,0.1017016
noise,0.0,0.086071715
noise,0.0,0.1056688
noise,0.0,0.18180111
noise,0.0,0.14944804
noise,0.0,0.49527434
noise,0.0,0.03646105
noise,0.0,0.14570081
noise,0.0,0.017688181
noise,0.0,0.019900825
noise,0.0,0.030005839
noise,0.0,0.051436223
noise,0.0,0.3327206
noise,0.0,0.05290088
noise,0.0,0.08158542
noise,0.0,0.07704362
noise,0.0,0.15139402
noise,0.0,0.30478296
noise,0.0,0.1012005
noise,0.0,0.34769076
noise,0.0,0.18421802
noise,0.0,0.26696607
noise,0.0,0.08030135
noise,0.0,0.07057107
noise,0.0,0.023073463
noise,0.0,0.0044487133
noise,0.0,0.068921775
noise,0.0,0.0933669
noise,0.0,0.09210784
noise,0.0,0.26597428
noise,0.0,0.28843006
noise,0.0,0.084551625
noise,0.0,0.040911693
noise,0.0,0.92010105
noise,0.0,0.13748305
noise,0.0,0.0095044
noise,0.0,0.07453495
noise,0.0,0.06798514
noise,0.0,0.15523817
noise,0.0,0.0135406805
noise,0.0,0.24843496
noise,0.0,0.1351296
noise,0.0,0.15602037
noise,0.0,0.11417803
noise,0.0,0.23627722
noise,0.0,0.18275706
noise,0.0,0.20652203
noise,0.0,0.1271528
noise,0.0,0.16421853
noise,0.0,0.41278416
noise,0.0,0.09639343
noise,0.0,0.20690465
noise,0.0,0.6550465
noise,0.0,0.16578479
noise,0.0,0.2087037
noise,0.0,0.09372198
noise,0.0,0.08989567
noise,0.0,0.0152008375
noise,0.0,0.2745143
noise,0.0,0.011960096
noise,0.0,0.0606409
noise,0.0,0.08729752
noise,0.0,0.12825002
noise,0.0,0.14803885
noise,0.0,0.03134394
noise,0.0,0.06639145
noise,0.0,0.010698886
noise,0.0,0.06839898
noise,0.0,0.29718363
noise,0.0,0.08587158
noise,0.0,0.051560566
noise,0.0,0.116458185
noise,0.0,0.00863387
noise,0.0,0.06713643
noise,0.0,0.1115707
noise,0.0,0.04708949
noise,0.0,0.51709425
noise,0.0,0.19619545
noise,0.0,0.17702682
noise,0.0,0.14566791
noise,0.0,0.7361144
noise,0.0,0.1310079
noise,0.0,0.12382697
noise,0.0,0.21114188
noise,0.0,0.043005854
noise,0.0,0.078332774
noise,0.0,0.122816205
noise,0.0,0.029727507
noise,0.0,0.24108066
noise,0.0,0.115723796
noise,0.0,0.11301973
noise,0.0,0.11113207
noise,0.0,0.07284241
noise,0.0,0.07079066
noise,0.0,0.11321783
noise,0.0,0.036442578
noise,0.0,0.2541363
noise,0.0,0.11205033
noise,0.0,0.6807928
noise,0.0,0.11205041
noise,0.0,0.037097655
noise,0.0,0.11060765
noise,0.0,0.05553239
noise,0.0,0.04590218
noise,0.0,0.1441559
noise,0.0,0.81332177
noise,0.0,0.26286608
noise,0.0,0.11332181
noise,0.0,0.05095637
noise,0.0,0.17555623
noise,0.0,0.1067802
noise,0.0,0.8414468
noise,0.0,0.09904053
noise,0.0,0.21180692
noise,0.0,0.2613285
noise,0.0,0.14070399
noise,0.0,0.17876992
noise,0.0,0.061918013
noise,0.0,0.099107444
noise,0.0,0.10628626
noise,0.0,0.007849904
noise,0.0,0.07960544
noise,0.0,0.04115001
noise,0.0,0.09045648
noise,0.0,0.12605724
noise,0.0,0.043632187
noise,0.0,0.063812375
noise,0.0,0.16417976
noise,0.0,0.20840769
noise,0.0,0.07210557
noise,0.0,0.14292255
noise,0.0,0.042160165
noise,0.0,0.18931232
noise,0.0,0.38611352
noise,0.0,0.43926907
noise,0.0,0.07994894
noise,0.0,0.11715909
noise,0.0,0.0143516455
noise,0.0,0.0195182
noise,0.0,0.18247361
noise,0.0,0.11064849
noise,0.0,0.18526083
noise,0.0,0.14840302
noise,0.0,0.1221194
noise,0.0,0.521944
noise,0.0,0.07272978
noise,0.0,0.09483837
noise,0.0,0.12068992
noise,0.0,0.0057785995
noise,0.0,0.32558614
noise,0.0,0.12803908
noise,0.0,0.07135841
noise,0.0,0.104962796
noise,0.0,0.08945727
noise,0.0,0.12765126
noise,0.0,0.064730175
noise,0.0,0.09713267
noise,0.0,0.09275019
noise,0.0,0.5319464
noise,0.0,0.07266957
noise,0.0,0.1100196
noise,0.0,0.12675656
noise,0.0,0.00431046
noise,0.0,0.10605052
noise,0.0,0.008309442
noise,0.0,0.12354081
noise,0.0,0.2159719
noise,0.0,0.0858045
noise,0.0,0.09135758
noise,0.0,0.06875122
noise,0.0,0.032901626
noise,0.0,0.52015924
noise,0.0,0.09197302
noise,0.0,0.14856844
noise,0.0,0.1216576
noise,0.0,0.054478183
noise,0.0,0.08484442
noise,0.0,0.21988109
noise,0.0,0.12285074
noise,0.0,0.056413174
noise,0.0,0.015552684
noise,0.0,0.041781917
noise,0.0,0.10847366
noise,0.0,0.23509565
noise,0.0,0.01709231
noise,0.0,0.089378856
noise,0.0,0.1366706
noise,0.0,0.13169913
noise,0.0,0.15385179
noise,0.0,0.20346113
noise,0.0,0.036386747
noise,0.0,0.11529364
noise,0.0,0.043001965
noise,0.0,0.14785925
noise,0.0,0.109933965
noise,0.0,0.10113764
noise,0.0,0.18461536
noise,0.0,0.15804462
noise,0.0,0.13431261
noise,0.0,0.012462893
noise,0.0,0.020602575
noise,0.0,0.16300231
noise,0.0,0.00102092
noise,0.0,0.08000747
noise,0.0,0.07439725
noise,0.0,0.016083432
noise,0.0,0.037269734
noise,0.0,0.114332445
noise,0.0,0.0089504905
noise,0.0,0.08934102
noise,0.0,0.15235038
noise,0.0,0.093491055
noise,0.0,0.09981002
noise,0.0,0.05578332
noise,0.0,0.10190259
noise,0.0,0.09954093
noise,0.0,0.09338712
noise,0.0,0.06955792
noise,0.0,0.79940003
noise,0.0,0.08563797
noise,0.0,0.11397792
noise,0.0,0.39764002
noise,0.0,0.11117723
noise,0.0,0.064515226
noise,0.0,0.16276056
noise,0.0,0.014912856
noise,0.0,0.1901915
noise,0.0,0.0980552
noise,0.0,0.04006318
noise,0.0,0.50492465
noise,0.0,0.051517934
noise,0.0,0.54846376
noise,0.0,0.069566615
noise,0.0,0.05059233
noise,0.0,0.26459846
noise,0.0,0.06792467
noise,0.0,0.14645237
noise,0.0,0.17444746
noise,0.0,0.1158636
noise,0.0,0.12823308
noise,0.0,0.43493325
noise,0.0,0.689689
noise,0.0,0.14589727
noise,0.0,0.014695933
noise,0.0,0.15435281
noise,0.0,0.015665164
noise,0.0,0.14723346
noise,0.0,0.072358556
noise,0.0,0.09962918
noise,0.0,0.23769332
noise,0.0,0.07729923
noise,0.0,0.09031344
noise,0.0,0.045107085
noise,0.0,0.2080919
noise,0.0,0.47416818
noise,0.0,0.09899746
noise,0.0,0.030498834
noise,0.0,0.06277716
noise,0.0,0.20458944
noise,0.0,0.053484574
noise,0.0,0.11519099
noise,0.0,0.07229533
noise,0.0,0.08136815
noise,0.0,0.08341067
noise,0.0,0.09750419
noise,0.0,0.13298503
noise,0.0,0.100756966
noise,0.0,0.06393488
noise,0.0,0.281703
noise,0.0,0.1424894
noise,0.0,0.081099704
noise,0.0,0.1744964
noise,0.0,0.06770911
noise,0.0,0.028506193
noise,0.0,0.2360432
noise,0.0,0.66938245
noise,0.0,0.4830628
noise,0.0,0.097552545
noise,0.0,0.06485445
noise,0.0,0.07654462
noise,0.0,0.25693575
noise,0.0,0.20683388
noise,0.0,0.04032214
noise,0.0,0.07421228
noise,0.0,0.11217914
noise,0.0,0.09791885
noise,0.0,0.13100947
noise,0.0,0.24789695
noise,0.0,0.06906167
noise,0.0,0.25000224
noise,0.0,0.07928464
noise,0.0,0.06586315
noise,0.0,0.07123607
noise,0.0,0.1104828
noise,0.0,0.05532579
noise,0.0,0.085913636
noise,0.0,0.08966903
noise,0.0,0.07938129
noise,0.0,0.09392399
noise,0.0,0.0916266
noise,0.0,0.101084955
noise,0.0,0.0043341597
noise,0.0,0.09731735
noise,0.0,0.097621284
noise,0.0,0.16649683
noise,0.0,0.119853556
noise,0.0,0.4539682
noise,0.0,0.4108279
noise,0.0,0.07745429
noise,0.0,0.233555
noise,0.0,0.046859693
noise,0.0,0.13151239
noise,0.0,0.05805244
noise,0.0,0.09754744
noise,0.0,0.012923014
noise,0.0,0.1890263
noise,0.0,0.07586827
noise,0.0,0.068950936
noise,0.0,0.17386757
noise,0.0,0.1539602
noise,0.0,0.101995386
noise,0.0,0.19355541
noise,0.0,0.06505503
noise,0.0,0.08216486
noise,0.0,0.053542633
noise,0.0,0.07382974
noise,0.0,0.25158286
noise,0.0,0.91167927
noise,0.0,0.025488295
noise,0.0,0.13623098
noise,0.0,0.041005723
noise,0.0,0.051109634
noise,0.0,0.028666103
noise,0.0,0.063700505
noise,0.0,0.018051675
noise,0.0,0.10401189
noise,0.0,0.18264726
noise,0.0,0.07290446
noise,0.0,0.17575768
noise,0.0,0.11311395
noise,0.0,0.016213417
noise,0.0,0.14703609
noise,0.0,0.13759008
noise,0.0,0.13991937
noise,0.0,0.06938289
noise,0.0,0.13224193
noise,0.0,0.019159364
noise,0.0,0.1117923
noise,0.0,0.7565075
noise,0.0,0.028363548
noise,0.0,0.06674448
noise,0.0,0.019718315
noise,0.0,0.1677491
noise,0.0,0.14766547
noise,0.0,0.10743556
noise,0.0,0.22525826
noise,0.0,0.055154514
noise,0.0,0.10232875
noise,0.0,0.13379702
noise,0.0,0.12834147
noise,0.0,0.08643268
