filename,y_true,probs
/tmp/backbone_swap_panns_p7fs97_5/data/PhysioNet2022/training_data/14241_AV.wav,1.0,0.29690668
/tmp/backbone_swap_panns_p7fs97_5/data/PhysioNet2022/training_data/14241_MV.wav,1.0,0.14654787
/tmp/backbone_swap_panns_p7fs97_5/data/PhysioNet2022/training_data/14241_PV.wav,1.0,0.47549874
/tmp/backbone_swap_panns_p7fs97_5/data/PhysioNet2022/training_data/14241_TV.wav,1.0,0.2519871
/tmp/backbone_swap_panns_p7fs97_5/data/PhysioNet2022/training_data/24160_AV.wav,1.0,0.3545235
/tmp/backbone_swap_panns_p7fs97_5/data/PhysioNet2022/training_data/24160_MV.wav,1.0,0.41010478
/tmp/backbone_swap_panns_p7fs97_5/data/PhysioNet2022/training_data/24160_PV.wav,1.0,0.20633107
/tmp/backbone_swap_panns_p7fs97_5/data/PhysioNet2022/training_data/24160_TV.wav,1.0,0.35669258
/tmp/backbone_swap_panns_p7fs97_5/data/PhysioNet2022/training_data/31737_AV.wav,1.0,0.40580535
/tmp/backbone_swap_panns_p7fs97_5/data/PhysioNet2022/training_data/31737_MV.wav,1.0,0.46727684
/tmp/backbone_swap_panns_p7fs97_5/data/PhysioNet2022/training_data/31737_PV.wav,1.0,0.4081853
/tmp/backbone_swap_panns_p7fs97_5/data/PhysioNet2022/training_data/31737_TV.wav,1.0,0.100000076
/tmp/backbone_swap_panns_p7fs97_5/data/PhysioNet2022/training_data/39403_AV.wav,1.0,0.12527731
/tmp/backbone_swap_panns_p7fs97_5/data/PhysioNet2022/training_data/39403_MV.wav,1.0,0.24339752
/tmp/backbone_swap_panns_p7fs97_5/data/PhysioNet2022/training_data/39403_PV.wav,1.0,0.40206805
/tmp/backbone_swap_panns_p7fs97_5/data/PhysioNet2022/training_data/39403_TV.wav,1.0,0.37007838
/tmp/backbone_swap_panns_p7fs97_5/data/PhysioNet2022/training_data/39456_MV.wav,1.0,0.1987965
/tmp/backbone_swap_panns_p7fs97_5/data/PhysioNet2022/training_data/39456_PV.wav,1.0,0.21026585
/tmp/backbone_swap_panns_p7fs97_5/data/PhysioNet2022/training_data/39456_TV.wav,1.0,0.14081842
/tmp/backbone_swap_panns_p7fs97_5/data/PhysioNet2022/training_data/45843_AV.wav,1.0,0.46309957
/tmp/backbone_swap_panns_p7fs97_5/data/PhysioNet2022/training_data/45843_MV.wav,1.0,0.3350027
/tmp/backbone_swap_panns_p7fs97_5/data/PhysioNet2022/training_data/45843_PV.wav,1.0,0.2854834
/tmp/backbone_swap_panns_p7fs97_5/data/PhysioNet2022/training_data/45843_TV.wav,1.0,0.81293344
/tmp/backbone_swap_panns_p7fs97_5/data/PhysioNet2022/training_data/46065_AV.wav,1.0,0.3409888
/tmp/backbone_swap_panns_p7fs97_5/data/PhysioNet2022/training_data/46065_MV.wav,1.0,0.2292655
/tmp/backbone_swap_panns_p7fs97_5/data/PhysioNet2022/training_data/46065_PV.wav,1.0,0.47714317
/tmp/backbone_swap_panns_p7fs97_5/data/PhysioNet2022/training_data/46065_TV.wav,1.0,0.25150982
/tmp/backbone_swap_panns_p7fs97_5/data/PhysioNet2022/training_data/49561_AV.wav,1.0,0.32369682
/tmp/backbone_swap_panns_p7fs97_5/data/PhysioNet2022/training_data/49561_MV.wav,1.0,0.23580053
/tmp/backbone_swap_panns_p7fs97_5/data/PhysioNet2022/training_data/49561_PV.wav,1.0,0.55189294
/tmp/backbone_swap_panns_p7fs97_5/data/PhysioNet2022/training_data/49561_TV.wav,1.0,0.35810298
/tmp/backbone_swap_panns_p7fs97_5/data/PhysioNet2022/training_data/49577_AV.wav,1.0,0.22972006
/tmp/backbone_swap_panns_p7fs97_5/data/PhysioNet2022/training_data/49577_MV.wav,1.0,0.3962829
/tmp/backbone_swap_panns_p7fs97_5/data/PhysioNet2022/training_data/49577_PV.wav,1.0,0.2967125
/tmp/backbone_swap_panns_p7fs97_5/data/PhysioNet2022/training_data/49577_TV.wav,1.0,0.5775321
/tmp/backbone_swap_panns_p7fs97_5/data/PhysioNet2022/training_data/49595_AV.wav,1.0,0.1613283
/tmp/backbone_swap_panns_p7fs97_5/data/PhysioNet2022/training_data/49595_MV.wav,1.0,0.33545333
/tmp/backbone_swap_panns_p7fs97_5/data/PhysioNet2022/training_data/49598_AV.wav,1.0,0.20844859
/tmp/backbone_swap_panns_p7fs97_5/data/PhysioNet2022/training_data/49598_MV.wav,1.0,0.051807474
/tmp/backbone_swap_panns_p7fs97_5/data/PhysioNet2022/training_data/49607_MV.wav,1.0,0.31122375
/tmp/backbone_swap_panns_p7fs97_5/data/PhysioNet2022/training_data/49627_AV.wav,1.0,0.17822866
/tmp/backbone_swap_panns_p7fs97_5/data/PhysioNet2022/training_data/49627_MV.wav,1.0,0.12031164
/tmp/backbone_swap_panns_p7fs97_5/data/PhysioNet2022/training_data/49627_PV.wav,1.0,0.15602726
/tmp/backbone_swap_panns_p7fs97_5/data/PhysioNet2022/training_data/49627_TV.wav,1.0,0.11781816
/tmp/backbone_swap_panns_p7fs97_5/data/PhysioNet2022/training_data/49659_AV.wav,1.0,0.37685168
/tmp/backbone_swap_panns_p7fs97_5/data/PhysioNet2022/training_data/49659_MV.wav,1.0,0.10813145
/tmp/backbone_swap_panns_p7fs97_5/data/PhysioNet2022/training_data/49659_PV.wav,1.0,0.22058171
/tmp/backbone_swap_panns_p7fs97_5/data/PhysioNet2022/training_data/49659_TV.wav,1.0,0.15472674
/tmp/backbone_swap_panns_p7fs97_5/data/PhysioNet2022/training_data/49687_AV.wav,1.0,0.23319697
/tmp/backbone_swap_panns_p7fs97_5/data/PhysioNet2022/training_data/49687_MV.wav,1.0,0.13544919
/tmp/backbone_swap_panns_p7fs97_5/data/PhysioNet2022/training_data/49687_PV.wav,1.0,0.20271148
/tmp/backbone_swap_panns_p7fs97_5/data/PhysioNet2022/training_data/49687_TV.wav,1.0,0.30940685
/tmp/backbone_swap_panns_p7fs97_5/data/PhysioNet2022/training_data/49691_AV.wav,1.0,0.51573735
/tmp/backbone_swap_panns_p7fs97_5/data/PhysioNet2022/training_data/49691_MV.wav,1.0,0.173998
/tmp/backbone_swap_panns_p7fs97_5/data/PhysioNet2022/training_data/49691_PV.wav,1.0,0.40286702
/tmp/backbone_swap_panns_p7fs97_5/data/PhysioNet2022/training_data/49691_TV.wav,1.0,0.43669492
/tmp/backbone_swap_panns_p7fs97_5/data/PhysioNet2022/training_data/49735_MV.wav,1.0,0.48160094
/tmp/backbone_swap_panns_p7fs97_5/data/PhysioNet2022/training_data/49735_PV.wav,1.0,0.17955333
/tmp/backbone_swap_panns_p7fs97_5/data/PhysioNet2022/training_data/49735_TV.wav,1.0,0.14247355
/tmp/backbone_swap_panns_p7fs97_5/data/PhysioNet2022/training_data/49754_AV.wav,1.0,0.12165516
/tmp/backbone_swap_panns_p7fs97_5/data/PhysioNet2022/training_data/49754_MV.wav,1.0,0.2544896
/tmp/backbone_swap_panns_p7fs97_5/data/PhysioNet2022/training_data/49754_PV.wav,1.0,0.24691503
/tmp/backbone_swap_panns_p7fs97_5/data/PhysioNet2022/training_data/49754_TV.wav,1.0,0.40624723
/tmp/backbone_swap_panns_p7fs97_5/data/PhysioNet2022/training_data/49776_AV.wav,1.0,0.56041676
/tmp/backbone_swap_panns_p7fs97_5/data/PhysioNet2022/training_data/49776_MV.wav,1.0,0.13610002
/tmp/backbone_swap_panns_p7fs97_5/data/PhysioNet2022/training_data/49838_MV.wav,1.0,0.34523073
/tmp/backbone_swap_panns_p7fs97_5/data/PhysioNet2022/training_data/49897_AV.wav,1.0,0.3229128
/tmp/backbone_swap_panns_p7fs97_5/data/PhysioNet2022/training_data/49897_MV.wav,1.0,0.23186472
/tmp/backbone_swap_panns_p7fs97_5/data/PhysioNet2022/training_data/49897_PV.wav,1.0,0.038318343
/tmp/backbone_swap_panns_p7fs97_5/data/PhysioNet2022/training_data/49897_TV.wav,1.0,0.20534469
/tmp/backbone_swap_panns_p7fs97_5/data/PhysioNet2022/training_data/49952_AV.wav,1.0,0.24134037
/tmp/backbone_swap_panns_p7fs97_5/data/PhysioNet2022/training_data/49952_MV_1.wav,1.0,0.3954345
/tmp/backbone_swap_panns_p7fs97_5/data/PhysioNet2022/training_data/49952_MV_2.wav,1.0,0.32992655
/tmp/backbone_swap_panns_p7fs97_5/data/PhysioNet2022/training_data/49952_PV.wav,1.0,0.22264268
/tmp/backbone_swap_panns_p7fs97_5/data/PhysioNet2022/training_data/49952_TV.wav,1.0,0.17490755
/tmp/backbone_swap_panns_p7fs97_5/data/PhysioNet2022/training_data/49960_AV.wav,1.0,0.16831563
/tmp/backbone_swap_panns_p7fs97_5/data/PhysioNet2022/training_data/49960_MV.wav,1.0,0.4142644
/tmp/backbone_swap_panns_p7fs97_5/data/PhysioNet2022/training_data/49960_PV.wav,1.0,0.13830161
/tmp/backbone_swap_panns_p7fs97_5/data/PhysioNet2022/training_data/49960_TV.wav,1.0,0.33758992
/tmp/backbone_swap_panns_p7fs97_5/data/PhysioNet2022/training_data/49969_MV.wav,1.0,0.42146647
/tmp/backbone_swap_panns_p7fs97_5/data/PhysioNet2022/training_data/49979_MV.wav,1.0,0.5326575
/tmp/backbone_swap_panns_p7fs97_5/data/PhysioNet2022/training_data/49986_AV.wav,1.0,0.11208083
/tmp/backbone_swap_panns_p7fs97_5/data/PhysioNet2022/training_data/49986_MV.wav,1.0,0.12331621
/tmp/backbone_swap_panns_p7fs97_5/data/PhysioNet2022/training_data/49987_AV.wav,1.0,0.24303906
/tmp/backbone_swap_panns_p7fs97_5/data/PhysioNet2022/training_data/49987_MV.wav,1.0,0.09662237
/tmp/backbone_swap_panns_p7fs97_5/data/PhysioNet2022/training_data/49990_AV.wav,1.0,0.22335456
/tmp/backbone_swap_panns_p7fs97_5/data/PhysioNet2022/training_data/49990_MV.wav,1.0,0.4581133
/tmp/backbone_swap_panns_p7fs97_5/data/PhysioNet2022/training_data/49990_PV.wav,1.0,0.14813435
/tmp/backbone_swap_panns_p7fs97_5/data/PhysioNet2022/training_data/49990_TV.wav,1.0,0.21215081
/tmp/backbone_swap_panns_p7fs97_5/data/PhysioNet2022/training_data/49993_AV.wav,1.0,0.3332558
/tmp/backbone_swap_panns_p7fs97_5/data/PhysioNet2022/training_data/49993_MV.wav,1.0,0.2282284
/tmp/backbone_swap_panns_p7fs97_5/data/PhysioNet2022/training_data/49993_PV.wav,1.0,0.28245223
/tmp/backbone_swap_panns_p7fs97_5/data/PhysioNet2022/training_data/49993_TV.wav,1.0,0.4600433
/tmp/backbone_swap_panns_p7fs97_5/data/PhysioNet2022/training_data/49995_AV.wav,1.0,0.5982007
/tmp/backbone_swap_panns_p7fs97_5/data/PhysioNet2022/training_data/49995_MV.wav,1.0,0.17379342
/tmp/backbone_swap_panns_p7fs97_5/data/PhysioNet2022/training_data/49995_PV.wav,1.0,0.22840324
/tmp/backbone_swap_panns_p7fs97_5/data/PhysioNet2022/training_data/49995_TV.wav,1.0,0.100748055
/tmp/backbone_swap_panns_p7fs97_5/data/PhysioNet2022/training_data/49998_MV.wav,1.0,0.36082467
/tmp/backbone_swap_panns_p7fs97_5/data/PhysioNet2022/training_data/49998_PV.wav,1.0,0.23771553
/tmp/backbone_swap_panns_p7fs97_5/data/PhysioNet2022/training_data/49998_TV.wav,1.0,0.2395442
/tmp/backbone_swap_panns_p7fs97_5/data/PhysioNet2022/training_data/50007_AV.wav,1.0,0.1543768
/tmp/backbone_swap_panns_p7fs97_5/data/PhysioNet2022/training_data/50007_MV.wav,1.0,0.18049622
/tmp/backbone_swap_panns_p7fs97_5/data/PhysioNet2022/training_data/50007_PV.wav,1.0,0.11109161
/tmp/backbone_swap_panns_p7fs97_5/data/PhysioNet2022/training_data/50007_TV.wav,1.0,0.25412425
/tmp/backbone_swap_panns_p7fs97_5/data/PhysioNet2022/training_data/50018_AV.wav,1.0,0.18282215
/tmp/backbone_swap_panns_p7fs97_5/data/PhysioNet2022/training_data/50018_MV.wav,1.0,0.28660342
/tmp/backbone_swap_panns_p7fs97_5/data/PhysioNet2022/training_data/50026_AV.wav,1.0,0.1938746
/tmp/backbone_swap_panns_p7fs97_5/data/PhysioNet2022/training_data/50026_MV.wav,1.0,0.25903276
/tmp/backbone_swap_panns_p7fs97_5/data/PhysioNet2022/training_data/50027_AV.wav,1.0,0.3631523
/tmp/backbone_swap_panns_p7fs97_5/data/PhysioNet2022/training_data/50027_MV.wav,1.0,0.39294037
/tmp/backbone_swap_panns_p7fs97_5/data/PhysioNet2022/training_data/50029_AV.wav,1.0,0.3924824
/tmp/backbone_swap_panns_p7fs97_5/data/PhysioNet2022/training_data/50029_MV.wav,1.0,0.23087204
/tmp/backbone_swap_panns_p7fs97_5/data/PhysioNet2022/training_data/50029_PV.wav,1.0,0.25008887
/tmp/backbone_swap_panns_p7fs97_5/data/PhysioNet2022/training_data/50029_TV.wav,1.0,0.15939856
/tmp/backbone_swap_panns_p7fs97_5/data/PhysioNet2022/training_data/50043_AV.wav,1.0,0.32117566
/tmp/backbone_swap_panns_p7fs97_5/data/PhysioNet2022/training_data/50043_PV.wav,1.0,0.19824785
/tmp/backbone_swap_panns_p7fs97_5/data/PhysioNet2022/training_data/50043_TV.wav,1.0,0.29126468
/tmp/backbone_swap_panns_p7fs97_5/data/PhysioNet2022/training_data/50047_MV.wav,1.0,0.32242537
/tmp/backbone_swap_panns_p7fs97_5/data/PhysioNet2022/training_data/50047_PV.wav,1.0,0.7247974
/tmp/backbone_swap_panns_p7fs97_5/data/PhysioNet2022/training_data/50047_TV.wav,1.0,0.1482935
/tmp/backbone_swap_panns_p7fs97_5/data/PhysioNet2022/training_data/50048_MV.wav,1.0,0.36357754
/tmp/backbone_swap_panns_p7fs97_5/data/PhysioNet2022/training_data/50048_PV.wav,1.0,0.16517568
/tmp/backbone_swap_panns_p7fs97_5/data/PhysioNet2022/training_data/50048_TV.wav,1.0,0.21615453
/tmp/backbone_swap_panns_p7fs97_5/data/PhysioNet2022/training_data/50056_AV.wav,1.0,0.77326596
/tmp/backbone_swap_panns_p7fs97_5/data/PhysioNet2022/training_data/50056_MV.wav,1.0,0.16510627
/tmp/backbone_swap_panns_p7fs97_5/data/PhysioNet2022/training_data/50056_PV.wav,1.0,0.24645719
/tmp/backbone_swap_panns_p7fs97_5/data/PhysioNet2022/training_data/50056_TV.wav,1.0,0.16228636
/tmp/backbone_swap_panns_p7fs97_5/data/PhysioNet2022/training_data/50067_MV.wav,1.0,0.28961402
/tmp/backbone_swap_panns_p7fs97_5/data/PhysioNet2022/training_data/50067_PV.wav,1.0,0.20070411
/tmp/backbone_swap_panns_p7fs97_5/data/PhysioNet2022/training_data/50067_TV.wav,1.0,0.08742114
/tmp/backbone_swap_panns_p7fs97_5/data/PhysioNet2022/training_data/50076_AV.wav,1.0,0.29920986
/tmp/backbone_swap_panns_p7fs97_5/data/PhysioNet2022/training_data/50076_MV.wav,1.0,0.39452174
/tmp/backbone_swap_panns_p7fs97_5/data/PhysioNet2022/training_data/50076_PV.wav,1.0,0.46638057
/tmp/backbone_swap_panns_p7fs97_5/data/PhysioNet2022/training_data/50076_TV.wav,1.0,0.2946772
/tmp/backbone_swap_panns_p7fs97_5/data/PhysioNet2022/training_data/50079_AV.wav,1.0,0.63873327
/tmp/backbone_swap_panns_p7fs97_5/data/PhysioNet2022/training_data/50079_PV.wav,1.0,0.20406316
/tmp/backbone_swap_panns_p7fs97_5/data/PhysioNet2022/training_data/50079_TV.wav,1.0,0.29520983
/tmp/backbone_swap_panns_p7fs97_5/data/PhysioNet2022/training_data/50080_AV.wav,1.0,0.25264442
/tmp/backbone_swap_panns_p7fs97_5/data/PhysioNet2022/training_data/50080_MV.wav,1.0,0.13435438
/tmp/backbone_swap_panns_p7fs97_5/data/PhysioNet2022/training_data/50080_PV.wav,1.0,0.13488023
/tmp/backbone_swap_panns_p7fs97_5/data/PhysioNet2022/training_data/50080_TV.wav,1.0,0.21235214
/tmp/backbone_swap_panns_p7fs97_5/data/PhysioNet2022/training_data/50089_AV.wav,1.0,0.34960806
/tmp/backbone_swap_panns_p7fs97_5/data/PhysioNet2022/training_data/50089_PV.wav,1.0,0.4860863
/tmp/backbone_swap_panns_p7fs97_5/data/PhysioNet2022/training_data/50089_TV.wav,1.0,0.2982009
/tmp/backbone_swap_panns_p7fs97_5/data/PhysioNet2022/training_data/50092_AV.wav,1.0,0.40247077
/tmp/backbone_swap_panns_p7fs97_5/data/PhysioNet2022/training_data/50092_MV.wav,1.0,0.2540921
/tmp/backbone_swap_panns_p7fs97_5/data/PhysioNet2022/training_data/50092_PV.wav,1.0,0.24942908
/tmp/backbone_swap_panns_p7fs97_5/data/PhysioNet2022/training_data/50092_TV.wav,1.0,0.821307
/tmp/backbone_swap_panns_p7fs97_5/data/PhysioNet2022/training_data/50103_AV.wav,1.0,0.59936285
/tmp/backbone_swap_panns_p7fs97_5/data/PhysioNet2022/training_data/50103_MV.wav,1.0,0.24600105
/tmp/backbone_swap_panns_p7fs97_5/data/PhysioNet2022/training_data/50103_PV.wav,1.0,0.3470181
/tmp/backbone_swap_panns_p7fs97_5/data/PhysioNet2022/training_data/50103_TV.wav,1.0,0.6552732
/tmp/backbone_swap_panns_p7fs97_5/data/PhysioNet2022/training_data/50109_AV.wav,1.0,0.13047497
/tmp/backbone_swap_panns_p7fs97_5/data/PhysioNet2022/training_data/50109_MV.wav,1.0,0.28206152
/tmp/backbone_swap_panns_p7fs97_5/data/PhysioNet2022/training_data/50109_PV.wav,1.0,0.13201752
/tmp/backbone_swap_panns_p7fs97_5/data/PhysioNet2022/training_data/50109_TV.wav,1.0,0.27973357
/tmp/backbone_swap_panns_p7fs97_5/data/PhysioNet2022/training_data/50111_AV.wav,1.0,0.24525672
/tmp/backbone_swap_panns_p7fs97_5/data/PhysioNet2022/training_data/50111_MV.wav,1.0,0.28593957
/tmp/backbone_swap_panns_p7fs97_5/data/PhysioNet2022/training_data/50111_PV.wav,1.0,0.4744208
/tmp/backbone_swap_panns_p7fs97_5/data/PhysioNet2022/training_data/50111_TV.wav,1.0,0.19266565
/tmp/backbone_swap_panns_p7fs97_5/data/PhysioNet2022/training_data/50113_AV.wav,1.0,0.1599559
/tmp/backbone_swap_panns_p7fs97_5/data/PhysioNet2022/training_data/50113_MV.wav,1.0,0.26847678
/tmp/backbone_swap_panns_p7fs97_5/data/PhysioNet2022/training_data/50113_PV.wav,1.0,0.08146877
/tmp/backbone_swap_panns_p7fs97_5/data/PhysioNet2022/training_data/50113_TV.wav,1.0,0.26534498
/tmp/backbone_swap_panns_p7fs97_5/data/PhysioNet2022/training_data/50119_PV.wav,1.0,0.14874074
/tmp/backbone_swap_panns_p7fs97_5/data/PhysioNet2022/training_data/50125_MV.wav,1.0,0.13186292
/tmp/backbone_swap_panns_p7fs97_5/data/PhysioNet2022/training_data/50125_PV.wav,1.0,0.23730926
/tmp/backbone_swap_panns_p7fs97_5/data/PhysioNet2022/training_data/50125_TV.wav,1.0,0.305565
/tmp/backbone_swap_panns_p7fs97_5/data/PhysioNet2022/training_data/50146_MV.wav,1.0,0.5443791
/tmp/backbone_swap_panns_p7fs97_5/data/PhysioNet2022/training_data/50151_PV.wav,1.0,0.21185416
/tmp/backbone_swap_panns_p7fs97_5/data/PhysioNet2022/training_data/50152_AV.wav,1.0,0.13639808
/tmp/backbone_swap_panns_p7fs97_5/data/PhysioNet2022/training_data/50152_MV.wav,1.0,0.21681032
/tmp/backbone_swap_panns_p7fs97_5/data/PhysioNet2022/training_data/50155_AV.wav,1.0,0.0804919
/tmp/backbone_swap_panns_p7fs97_5/data/PhysioNet2022/training_data/50155_PV.wav,1.0,0.2942953
/tmp/backbone_swap_panns_p7fs97_5/data/PhysioNet2022/training_data/50155_TV.wav,1.0,0.27650014
/tmp/backbone_swap_panns_p7fs97_5/data/PhysioNet2022/training_data/50160_MV.wav,1.0,0.1764565
/tmp/backbone_swap_panns_p7fs97_5/data/PhysioNet2022/training_data/50160_PV.wav,1.0,0.48578346
/tmp/backbone_swap_panns_p7fs97_5/data/PhysioNet2022/training_data/50160_TV.wav,1.0,0.31524286
/tmp/backbone_swap_panns_p7fs97_5/data/PhysioNet2022/training_data/50174_AV.wav,1.0,0.367827
/tmp/backbone_swap_panns_p7fs97_5/data/PhysioNet2022/training_data/50174_MV.wav,1.0,0.14159319
/tmp/backbone_swap_panns_p7fs97_5/data/PhysioNet2022/training_data/50174_PV.wav,1.0,0.24462791
/tmp/backbone_swap_panns_p7fs97_5/data/PhysioNet2022/training_data/50174_TV.wav,1.0,0.17239913
/tmp/backbone_swap_panns_p7fs97_5/data/PhysioNet2022/training_data/50207_AV.wav,1.0,0.6296885
/tmp/backbone_swap_panns_p7fs97_5/data/PhysioNet2022/training_data/50207_MV.wav,1.0,0.18973586
/tmp/backbone_swap_panns_p7fs97_5/data/PhysioNet2022/training_data/50209_AV.wav,1.0,0.14188224
/tmp/backbone_swap_panns_p7fs97_5/data/PhysioNet2022/training_data/50209_MV.wav,1.0,0.18486206
/tmp/backbone_swap_panns_p7fs97_5/data/PhysioNet2022/training_data/50209_PV.wav,1.0,0.5031731
/tmp/backbone_swap_panns_p7fs97_5/data/PhysioNet2022/training_data/50209_TV.wav,1.0,0.18282111
/tmp/backbone_swap_panns_p7fs97_5/data/PhysioNet2022/training_data/50210_AV.wav,1.0,0.39515346
/tmp/backbone_swap_panns_p7fs97_5/data/PhysioNet2022/training_data/50210_MV_1.wav,1.0,0.17393938
/tmp/backbone_swap_panns_p7fs97_5/data/PhysioNet2022/training_data/50210_MV_2.wav,1.0,0.23353788
/tmp/backbone_swap_panns_p7fs97_5/data/PhysioNet2022/training_data/50210_PV.wav,1.0,0.23383798
/tmp/backbone_swap_panns_p7fs97_5/data/PhysioNet2022/training_data/50210_TV.wav,1.0,0.2520091
/tmp/backbone_swap_panns_p7fs97_5/data/PhysioNet2022/training_data/50216_AV.wav,1.0,0.6097463
/tmp/backbone_swap_panns_p7fs97_5/data/PhysioNet2022/training_data/50216_MV.wav,1.0,0.50117224
/tmp/backbone_swap_panns_p7fs97_5/data/PhysioNet2022/training_data/50216_PV.wav,1.0,0.4534465
/tmp/backbone_swap_panns_p7fs97_5/data/PhysioNet2022/training_data/50216_Phc_1.wav,1.0,0.27142882
/tmp/backbone_swap_panns_p7fs97_5/data/PhysioNet2022/training_data/50216_Phc_2.wav,1.0,0.31376126
/tmp/backbone_swap_panns_p7fs97_5/data/PhysioNet2022/training_data/50217_AV.wav,1.0,0.18651864
/tmp/backbone_swap_panns_p7fs97_5/data/PhysioNet2022/training_data/50217_PV.wav,1.0,0.17424507
/tmp/backbone_swap_panns_p7fs97_5/data/PhysioNet2022/training_data/50218_AV.wav,1.0,0.4077438
/tmp/backbone_swap_panns_p7fs97_5/data/PhysioNet2022/training_data/50218_MV.wav,1.0,0.0957815
/tmp/backbone_swap_panns_p7fs97_5/data/PhysioNet2022/training_data/50218_PV.wav,1.0,0.2761602
/tmp/backbone_swap_panns_p7fs97_5/data/PhysioNet2022/training_data/50218_TV.wav,1.0,0.14459336
/tmp/backbone_swap_panns_p7fs97_5/data/PhysioNet2022/training_data/50229_AV.wav,1.0,0.16985787
/tmp/backbone_swap_panns_p7fs97_5/data/PhysioNet2022/training_data/50229_MV.wav,1.0,0.30320457
/tmp/backbone_swap_panns_p7fs97_5/data/PhysioNet2022/training_data/50229_PV.wav,1.0,0.16295825
/tmp/backbone_swap_panns_p7fs97_5/data/PhysioNet2022/training_data/50229_TV.wav,1.0,0.18044518
/tmp/backbone_swap_panns_p7fs97_5/data/PhysioNet2022/training_data/50231_AV.wav,1.0,0.60642296
/tmp/backbone_swap_panns_p7fs97_5/data/PhysioNet2022/training_data/50231_MV.wav,1.0,0.31518072
/tmp/backbone_swap_panns_p7fs97_5/data/PhysioNet2022/training_data/50231_PV.wav,1.0,0.2967246
/tmp/backbone_swap_panns_p7fs97_5/data/PhysioNet2022/training_data/50231_TV.wav,1.0,0.3128729
/tmp/backbone_swap_panns_p7fs97_5/data/PhysioNet2022/training_data/50233_AV.wav,1.0,0.16300024
/tmp/backbone_swap_panns_p7fs97_5/data/PhysioNet2022/training_data/50233_MV.wav,1.0,0.12439067
/tmp/backbone_swap_panns_p7fs97_5/data/PhysioNet2022/training_data/50233_PV.wav,1.0,0.29642937
/tmp/backbone_swap_panns_p7fs97_5/data/PhysioNet2022/training_data/50233_TV.wav,1.0,0.54013175
/tmp/backbone_swap_panns_p7fs97_5/data/PhysioNet2022/training_data/50239_AV.wav,1.0,0.52169156
/tmp/backbone_swap_panns_p7fs97_5/data/PhysioNet2022/training_data/50239_MV.wav,1.0,0.15749806
/tmp/backbone_swap_panns_p7fs97_5/data/PhysioNet2022/training_data/50239_PV.wav,1.0,0.26431632
/tmp/backbone_swap_panns_p7fs97_5/data/PhysioNet2022/training_data/50239_TV.wav,1.0,0.19196095
/tmp/backbone_swap_panns_p7fs97_5/data/PhysioNet2022/training_data/50249_AV_1.wav,1.0,0.2415579
/tmp/backbone_swap_panns_p7fs97_5/data/PhysioNet2022/training_data/50249_AV_2.wav,1.0,0.36087906
/tmp/backbone_swap_panns_p7fs97_5/data/PhysioNet2022/training_data/50249_MV.wav,1.0,0.147275
/tmp/backbone_swap_panns_p7fs97_5/data/PhysioNet2022/training_data/50258_MV.wav,1.0,0.20768425
/tmp/backbone_swap_panns_p7fs97_5/data/PhysioNet2022/training_data/50258_PV.wav,1.0,0.37790635
/tmp/backbone_swap_panns_p7fs97_5/data/PhysioNet2022/training_data/50258_TV.wav,1.0,0.2714616
/tmp/backbone_swap_panns_p7fs97_5/data/PhysioNet2022/training_data/50261_AV.wav,1.0,0.37506405
/tmp/backbone_swap_panns_p7fs97_5/data/PhysioNet2022/training_data/50261_MV.wav,1.0,0.27790365
/tmp/backbone_swap_panns_p7fs97_5/data/PhysioNet2022/training_data/50261_PV.wav,1.0,0.11961151
/tmp/backbone_swap_panns_p7fs97_5/data/PhysioNet2022/training_data/50261_TV.wav,1.0,0.19094016
/tmp/backbone_swap_panns_p7fs97_5/data/PhysioNet2022/training_data/50263_AV.wav,1.0,0.19569284
/tmp/backbone_swap_panns_p7fs97_5/data/PhysioNet2022/training_data/50263_MV.wav,1.0,0.36163038
/tmp/backbone_swap_panns_p7fs97_5/data/PhysioNet2022/training_data/50263_PV.wav,1.0,0.12511314
/tmp/backbone_swap_panns_p7fs97_5/data/PhysioNet2022/training_data/50263_TV_1.wav,1.0,0.22717997
/tmp/backbone_swap_panns_p7fs97_5/data/PhysioNet2022/training_data/50263_TV_2.wav,1.0,0.30498987
/tmp/backbone_swap_panns_p7fs97_5/data/PhysioNet2022/training_data/50277_AV.wav,1.0,0.29268226
/tmp/backbone_swap_panns_p7fs97_5/data/PhysioNet2022/training_data/50277_MV.wav,1.0,0.3331521
/tmp/backbone_swap_panns_p7fs97_5/data/PhysioNet2022/training_data/50277_PV.wav,1.0,0.19944468
/tmp/backbone_swap_panns_p7fs97_5/data/PhysioNet2022/training_data/50277_TV.wav,1.0,0.3350476
/tmp/backbone_swap_panns_p7fs97_5/data/PhysioNet2022/training_data/50278_AV.wav,1.0,0.4292075
/tmp/backbone_swap_panns_p7fs97_5/data/PhysioNet2022/training_data/50278_MV.wav,1.0,0.23192838
/tmp/backbone_swap_panns_p7fs97_5/data/PhysioNet2022/training_data/50278_PV.wav,1.0,0.16907871
/tmp/backbone_swap_panns_p7fs97_5/data/PhysioNet2022/training_data/50278_TV.wav,1.0,0.2983476
/tmp/backbone_swap_panns_p7fs97_5/data/PhysioNet2022/training_data/50280_AV.wav,1.0,0.19940878
/tmp/backbone_swap_panns_p7fs97_5/data/PhysioNet2022/training_data/50280_PV.wav,1.0,0.06614714
/tmp/backbone_swap_panns_p7fs97_5/data/PhysioNet2022/training_data/50280_TV.wav,1.0,0.10694253
/tmp/backbone_swap_panns_p7fs97_5/data/PhysioNet2022/training_data/50281_MV.wav,1.0,0.39647105
/tmp/backbone_swap_panns_p7fs97_5/data/PhysioNet2022/training_data/50281_PV.wav,1.0,0.19288039
/tmp/backbone_swap_panns_p7fs97_5/data/PhysioNet2022/training_data/50281_TV.wav,1.0,0.25124308
/tmp/backbone_swap_panns_p7fs97_5/data/PhysioNet2022/training_data/50289_AV.wav,1.0,0.49288565
/tmp/backbone_swap_panns_p7fs97_5/data/PhysioNet2022/training_data/50289_MV.wav,1.0,0.25147346
/tmp/backbone_swap_panns_p7fs97_5/data/PhysioNet2022/training_data/50289_PV.wav,1.0,0.21214828
/tmp/backbone_swap_panns_p7fs97_5/data/PhysioNet2022/training_data/50289_TV.wav,1.0,0.19543289
/tmp/backbone_swap_panns_p7fs97_5/data/PhysioNet2022/training_data/50298_MV.wav,1.0,0.20914312
/tmp/backbone_swap_panns_p7fs97_5/data/PhysioNet2022/training_data/50298_PV.wav,1.0,0.16840355
/tmp/backbone_swap_panns_p7fs97_5/data/PhysioNet2022/training_data/50298_TV.wav,1.0,0.32400557
/tmp/backbone_swap_panns_p7fs97_5/data/PhysioNet2022/training_data/50299_AV.wav,1.0,0.25754645
/tmp/backbone_swap_panns_p7fs97_5/data/PhysioNet2022/training_data/50299_MV.wav,1.0,0.412171
/tmp/backbone_swap_panns_p7fs97_5/data/PhysioNet2022/training_data/50299_PV.wav,1.0,0.34428883
/tmp/backbone_swap_panns_p7fs97_5/data/PhysioNet2022/training_data/50299_TV.wav,1.0,0.05683835
/tmp/backbone_swap_panns_p7fs97_5/data/PhysioNet2022/training_data/50300_AV.wav,1.0,0.1294081
/tmp/backbone_swap_panns_p7fs97_5/data/PhysioNet2022/training_data/50300_MV.wav,1.0,0.3405906
/tmp/backbone_swap_panns_p7fs97_5/data/PhysioNet2022/training_data/50312_AV.wav,1.0,0.23402178
/tmp/backbone_swap_panns_p7fs97_5/data/PhysioNet2022/training_data/50312_MV.wav,1.0,0.07883722
/tmp/backbone_swap_panns_p7fs97_5/data/PhysioNet2022/training_data/50312_PV.wav,1.0,0.29713452
/tmp/backbone_swap_panns_p7fs97_5/data/PhysioNet2022/training_data/50312_TV.wav,1.0,0.2975703
/tmp/backbone_swap_panns_p7fs97_5/data/PhysioNet2022/training_data/50318_AV.wav,1.0,0.19892624
/tmp/backbone_swap_panns_p7fs97_5/data/PhysioNet2022/training_data/50318_MV.wav,1.0,0.6287122
/tmp/backbone_swap_panns_p7fs97_5/data/PhysioNet2022/training_data/50318_PV.wav,1.0,0.4055481
/tmp/backbone_swap_panns_p7fs97_5/data/PhysioNet2022/training_data/50318_TV.wav,1.0,0.13069908
/tmp/backbone_swap_panns_p7fs97_5/data/PhysioNet2022/training_data/50326_AV.wav,1.0,0.13472173
/tmp/backbone_swap_panns_p7fs97_5/data/PhysioNet2022/training_data/50326_MV.wav,1.0,0.49597472
/tmp/backbone_swap_panns_p7fs97_5/data/PhysioNet2022/training_data/50326_PV.wav,1.0,0.14070134
/tmp/backbone_swap_panns_p7fs97_5/data/PhysioNet2022/training_data/50326_TV.wav,1.0,0.18145117
/tmp/backbone_swap_panns_p7fs97_5/data/PhysioNet2022/training_data/50330_AV.wav,1.0,0.5456851
/tmp/backbone_swap_panns_p7fs97_5/data/PhysioNet2022/training_data/50330_MV.wav,1.0,0.4336207
/tmp/backbone_swap_panns_p7fs97_5/data/PhysioNet2022/training_data/50331_AV.wav,1.0,0.197251
/tmp/backbone_swap_panns_p7fs97_5/data/PhysioNet2022/training_data/50331_MV.wav,1.0,0.31635734
/tmp/backbone_swap_panns_p7fs97_5/data/PhysioNet2022/training_data/50331_PV.wav,1.0,0.3190221
/tmp/backbone_swap_panns_p7fs97_5/data/PhysioNet2022/training_data/50331_TV.wav,1.0,0.2287013
/tmp/backbone_swap_panns_p7fs97_5/data/PhysioNet2022/training_data/50335_AV.wav,1.0,0.28765708
/tmp/backbone_swap_panns_p7fs97_5/data/PhysioNet2022/training_data/50335_MV.wav,1.0,0.14950863
/tmp/backbone_swap_panns_p7fs97_5/data/PhysioNet2022/training_data/50339_AV.wav,1.0,0.30655727
/tmp/backbone_swap_panns_p7fs97_5/data/PhysioNet2022/training_data/50339_MV.wav,1.0,0.16557714
/tmp/backbone_swap_panns_p7fs97_5/data/PhysioNet2022/training_data/50339_PV.wav,1.0,0.27304685
/tmp/backbone_swap_panns_p7fs97_5/data/PhysioNet2022/training_data/50339_TV.wav,1.0,0.1905757
/tmp/backbone_swap_panns_p7fs97_5/data/PhysioNet2022/training_data/50343_AV.wav,1.0,0.33854324
/tmp/backbone_swap_panns_p7fs97_5/data/PhysioNet2022/training_data/50343_MV.wav,1.0,0.4469837
/tmp/backbone_swap_panns_p7fs97_5/data/PhysioNet2022/training_data/50343_PV.wav,1.0,0.45887563
/tmp/backbone_swap_panns_p7fs97_5/data/PhysioNet2022/training_data/50343_TV.wav,1.0,0.3711294
/tmp/backbone_swap_panns_p7fs97_5/data/PhysioNet2022/training_data/50349_AV.wav,1.0,0.23675346
/tmp/backbone_swap_panns_p7fs97_5/data/PhysioNet2022/training_data/50349_MV.wav,1.0,0.3027072
/tmp/backbone_swap_panns_p7fs97_5/data/PhysioNet2022/training_data/50349_PV.wav,1.0,0.30237675
/tmp/backbone_swap_panns_p7fs97_5/data/PhysioNet2022/training_data/50349_TV.wav,1.0,0.3104067
/tmp/backbone_swap_panns_p7fs97_5/data/PhysioNet2022/training_data/50379_AV.wav,1.0,0.56869435
/tmp/backbone_swap_panns_p7fs97_5/data/PhysioNet2022/training_data/50379_MV.wav,1.0,0.2543984
/tmp/backbone_swap_panns_p7fs97_5/data/PhysioNet2022/training_data/50379_PV.wav,1.0,0.30444992
/tmp/backbone_swap_panns_p7fs97_5/data/PhysioNet2022/training_data/50379_TV.wav,1.0,0.24872357
/tmp/backbone_swap_panns_p7fs97_5/data/PhysioNet2022/training_data/50391_MV.wav,1.0,0.16624911
/tmp/backbone_swap_panns_p7fs97_5/data/PhysioNet2022/training_data/50391_PV.wav,1.0,0.27948216
/tmp/backbone_swap_panns_p7fs97_5/data/PhysioNet2022/training_data/50391_TV.wav,1.0,0.40786117
/tmp/backbone_swap_panns_p7fs97_5/data/PhysioNet2022/training_data/50619_AV.wav,1.0,0.2915495
/tmp/backbone_swap_panns_p7fs97_5/data/PhysioNet2022/training_data/50619_MV.wav,1.0,0.34393847
/tmp/backbone_swap_panns_p7fs97_5/data/PhysioNet2022/training_data/50619_PV.wav,1.0,0.0781406
/tmp/backbone_swap_panns_p7fs97_5/data/PhysioNet2022/training_data/50619_TV.wav,1.0,0.55542225
/tmp/backbone_swap_panns_p7fs97_5/data/PhysioNet2022/training_data/50621_PV.wav,1.0,0.19156629
/tmp/backbone_swap_panns_p7fs97_5/data/PhysioNet2022/training_data/50631_AV.wav,1.0,0.2728237
/tmp/backbone_swap_panns_p7fs97_5/data/PhysioNet2022/training_data/50631_MV.wav,1.0,0.37648353
/tmp/backbone_swap_panns_p7fs97_5/data/PhysioNet2022/training_data/50641_MV.wav,1.0,0.59142977
/tmp/backbone_swap_panns_p7fs97_5/data/PhysioNet2022/training_data/50641_PV.wav,1.0,0.37558174
/tmp/backbone_swap_panns_p7fs97_5/data/PhysioNet2022/training_data/50641_TV.wav,1.0,0.28468633
/tmp/backbone_swap_panns_p7fs97_5/data/PhysioNet2022/training_data/50647_AV.wav,1.0,0.17523275
/tmp/backbone_swap_panns_p7fs97_5/data/PhysioNet2022/training_data/50647_MV.wav,1.0,0.11091895
/tmp/backbone_swap_panns_p7fs97_5/data/PhysioNet2022/training_data/50647_PV.wav,1.0,0.57638705
/tmp/backbone_swap_panns_p7fs97_5/data/PhysioNet2022/training_data/50647_TV.wav,1.0,0.1807048
/tmp/backbone_swap_panns_p7fs97_5/data/PhysioNet2022/training_data/50652_AV.wav,1.0,0.21028763
/tmp/backbone_swap_panns_p7fs97_5/data/PhysioNet2022/training_data/50652_MV.wav,1.0,0.11734396
/tmp/backbone_swap_panns_p7fs97_5/data/PhysioNet2022/training_data/50655_AV.wav,1.0,0.34547296
/tmp/backbone_swap_panns_p7fs97_5/data/PhysioNet2022/training_data/50655_MV.wav,1.0,0.4377633
/tmp/backbone_swap_panns_p7fs97_5/data/PhysioNet2022/training_data/50667_AV.wav,1.0,0.107133985
/tmp/backbone_swap_panns_p7fs97_5/data/PhysioNet2022/training_data/50667_MV.wav,1.0,0.1234579
/tmp/backbone_swap_panns_p7fs97_5/data/PhysioNet2022/training_data/50667_PV.wav,1.0,0.3198434
/tmp/backbone_swap_panns_p7fs97_5/data/PhysioNet2022/training_data/50667_TV.wav,1.0,0.4014666
/tmp/backbone_swap_panns_p7fs97_5/data/PhysioNet2022/training_data/50676_AV.wav,1.0,0.14669491
/tmp/backbone_swap_panns_p7fs97_5/data/PhysioNet2022/training_data/50676_MV.wav,1.0,0.31876075
/tmp/backbone_swap_panns_p7fs97_5/data/PhysioNet2022/training_data/50676_PV.wav,1.0,0.25481275
/tmp/backbone_swap_panns_p7fs97_5/data/PhysioNet2022/training_data/50676_TV.wav,1.0,0.15764587
/tmp/backbone_swap_panns_p7fs97_5/data/PhysioNet2022/training_data/50689_AV.wav,1.0,0.2831506
/tmp/backbone_swap_panns_p7fs97_5/data/PhysioNet2022/training_data/50689_MV.wav,1.0,0.12301348
/tmp/backbone_swap_panns_p7fs97_5/data/PhysioNet2022/training_data/50689_PV.wav,1.0,0.13744847
/tmp/backbone_swap_panns_p7fs97_5/data/PhysioNet2022/training_data/50689_TV.wav,1.0,0.27681077
/tmp/backbone_swap_panns_p7fs97_5/data/PhysioNet2022/training_data/50691_AV.wav,1.0,0.26989478
/tmp/backbone_swap_panns_p7fs97_5/data/PhysioNet2022/training_data/50691_MV.wav,1.0,0.36007902
/tmp/backbone_swap_panns_p7fs97_5/data/PhysioNet2022/training_data/50691_PV.wav,1.0,0.41923118
/tmp/backbone_swap_panns_p7fs97_5/data/PhysioNet2022/training_data/50691_TV.wav,1.0,0.21016182
/tmp/backbone_swap_panns_p7fs97_5/data/PhysioNet2022/training_data/50707_AV.wav,1.0,0.1692563
/tmp/backbone_swap_panns_p7fs97_5/data/PhysioNet2022/training_data/50707_MV.wav,1.0,0.26700655
/tmp/backbone_swap_panns_p7fs97_5/data/PhysioNet2022/training_data/50707_TV.wav,1.0,0.3261471
/tmp/backbone_swap_panns_p7fs97_5/data/PhysioNet2022/training_data/50713_AV.wav,1.0,0.14048423
/tmp/backbone_swap_panns_p7fs97_5/data/PhysioNet2022/training_data/50713_MV.wav,1.0,0.4000319
/tmp/backbone_swap_panns_p7fs97_5/data/PhysioNet2022/training_data/50713_PV.wav,1.0,0.1906537
/tmp/backbone_swap_panns_p7fs97_5/data/PhysioNet2022/training_data/50713_TV.wav,1.0,0.13691182
/tmp/backbone_swap_panns_p7fs97_5/data/PhysioNet2022/training_data/50720_AV.wav,1.0,0.17184849
/tmp/backbone_swap_panns_p7fs97_5/data/PhysioNet2022/training_data/50720_MV.wav,1.0,0.27701315
/tmp/backbone_swap_panns_p7fs97_5/data/PhysioNet2022/training_data/50721_AV.wav,1.0,0.19757855
/tmp/backbone_swap_panns_p7fs97_5/data/PhysioNet2022/training_data/50721_MV.wav,1.0,0.25213718
/tmp/backbone_swap_panns_p7fs97_5/data/PhysioNet2022/training_data/50721_PV.wav,1.0,0.3099766
/tmp/backbone_swap_panns_p7fs97_5/data/PhysioNet2022/training_data/50721_TV.wav,1.0,0.46801788
/tmp/backbone_swap_panns_p7fs97_5/data/PhysioNet2022/training_data/50736_AV.wav,1.0,0.27944985
/tmp/backbone_swap_panns_p7fs97_5/data/PhysioNet2022/training_data/50736_PV.wav,1.0,0.20833787
/tmp/backbone_swap_panns_p7fs97_5/data/PhysioNet2022/training_data/50736_TV.wav,1.0,0.17995238
/tmp/backbone_swap_panns_p7fs97_5/data/PhysioNet2022/training_data/50746_AV.wav,1.0,0.39499024
/tmp/backbone_swap_panns_p7fs97_5/data/PhysioNet2022/training_data/50746_MV.wav,1.0,0.34600085
/tmp/backbone_swap_panns_p7fs97_5/data/PhysioNet2022/training_data/50746_PV.wav,1.0,0.42510697
/tmp/backbone_swap_panns_p7fs97_5/data/PhysioNet2022/training_data/50746_TV.wav,1.0,0.09440816
/tmp/backbone_swap_panns_p7fs97_5/data/PhysioNet2022/training_data/50753_AV.wav,1.0,0.12687425
/tmp/backbone_swap_panns_p7fs97_5/data/PhysioNet2022/training_data/50753_MV.wav,1.0,0.19028032
/tmp/backbone_swap_panns_p7fs97_5/data/PhysioNet2022/training_data/50753_PV.wav,1.0,0.36989364
/tmp/backbone_swap_panns_p7fs97_5/data/PhysioNet2022/training_data/50753_TV.wav,1.0,0.12929995
/tmp/backbone_swap_panns_p7fs97_5/data/PhysioNet2022/training_data/50754_AV.wav,1.0,0.20927134
/tmp/backbone_swap_panns_p7fs97_5/data/PhysioNet2022/training_data/50754_MV.wav,1.0,0.33909038
/tmp/backbone_swap_panns_p7fs97_5/data/PhysioNet2022/training_data/50754_PV.wav,1.0,0.07718151
/tmp/backbone_swap_panns_p7fs97_5/data/PhysioNet2022/training_data/50754_TV.wav,1.0,0.19777863
/tmp/backbone_swap_panns_p7fs97_5/data/PhysioNet2022/training_data/50758_AV.wav,1.0,0.7150849
/tmp/backbone_swap_panns_p7fs97_5/data/PhysioNet2022/training_data/50758_MV.wav,1.0,0.25817835
/tmp/backbone_swap_panns_p7fs97_5/data/PhysioNet2022/training_data/50758_PV.wav,1.0,0.16100018
/tmp/backbone_swap_panns_p7fs97_5/data/PhysioNet2022/training_data/50758_TV.wav,1.0,0.28464204
/tmp/backbone_swap_panns_p7fs97_5/data/PhysioNet2022/training_data/50763_AV.wav,1.0,0.12983494
/tmp/backbone_swap_panns_p7fs97_5/data/PhysioNet2022/training_data/50763_MV.wav,1.0,0.34478056
/tmp/backbone_swap_panns_p7fs97_5/data/PhysioNet2022/training_data/50763_PV.wav,1.0,0.114757575
/tmp/backbone_swap_panns_p7fs97_5/data/PhysioNet2022/training_data/50763_TV.wav,1.0,0.21906525
/tmp/backbone_swap_panns_p7fs97_5/data/PhysioNet2022/training_data/50766_AV.wav,1.0,0.8126282
/tmp/backbone_swap_panns_p7fs97_5/data/PhysioNet2022/training_data/50766_MV.wav,1.0,0.19070593
/tmp/backbone_swap_panns_p7fs97_5/data/PhysioNet2022/training_data/50766_PV.wav,1.0,0.24921642
/tmp/backbone_swap_panns_p7fs97_5/data/PhysioNet2022/training_data/50766_TV.wav,1.0,0.4594994
/tmp/backbone_swap_panns_p7fs97_5/data/PhysioNet2022/training_data/50773_AV.wav,1.0,0.12490268
/tmp/backbone_swap_panns_p7fs97_5/data/PhysioNet2022/training_data/50773_MV.wav,1.0,0.39083624
/tmp/backbone_swap_panns_p7fs97_5/data/PhysioNet2022/training_data/50773_PV.wav,1.0,0.15655285
/tmp/backbone_swap_panns_p7fs97_5/data/PhysioNet2022/training_data/50773_TV.wav,1.0,0.19861454
/tmp/backbone_swap_panns_p7fs97_5/data/PhysioNet2022/training_data/50774_AV.wav,1.0,0.22347228
/tmp/backbone_swap_panns_p7fs97_5/data/PhysioNet2022/training_data/50774_MV.wav,1.0,0.5105023
/tmp/backbone_swap_panns_p7fs97_5/data/PhysioNet2022/training_data/50774_TV.wav,1.0,0.24130735
/tmp/backbone_swap_panns_p7fs97_5/data/PhysioNet2022/training_data/50776_PV.wav,1.0,0.17717218
/tmp/backbone_swap_panns_p7fs97_5/data/PhysioNet2022/training_data/50781_AV.wav,1.0,0.20804176
/tmp/backbone_swap_panns_p7fs97_5/data/PhysioNet2022/training_data/50781_MV.wav,1.0,0.29626107
/tmp/backbone_swap_panns_p7fs97_5/data/PhysioNet2022/training_data/50781_PV.wav,1.0,0.4005148
/tmp/backbone_swap_panns_p7fs97_5/data/PhysioNet2022/training_data/50781_TV.wav,1.0,0.34753338
/tmp/backbone_swap_panns_p7fs97_5/data/PhysioNet2022/training_data/50784_AV.wav,1.0,0.18399394
/tmp/backbone_swap_panns_p7fs97_5/data/PhysioNet2022/training_data/50784_MV.wav,1.0,0.3052898
/tmp/backbone_swap_panns_p7fs97_5/data/PhysioNet2022/training_data/50784_PV.wav,1.0,0.2621925
/tmp/backbone_swap_panns_p7fs97_5/data/PhysioNet2022/training_data/50784_TV.wav,1.0,0.27509448
/tmp/backbone_swap_panns_p7fs97_5/data/PhysioNet2022/training_data/50788_AV.wav,1.0,0.20380767
/tmp/backbone_swap_panns_p7fs97_5/data/PhysioNet2022/training_data/50788_MV.wav,1.0,0.24866393
/tmp/backbone_swap_panns_p7fs97_5/data/PhysioNet2022/training_data/50788_PV.wav,1.0,0.24233381
/tmp/backbone_swap_panns_p7fs97_5/data/PhysioNet2022/training_data/50788_TV.wav,1.0,0.29781747
/tmp/backbone_swap_panns_p7fs97_5/data/PhysioNet2022/training_data/50789_AV.wav,1.0,0.22264275
/tmp/backbone_swap_panns_p7fs97_5/data/PhysioNet2022/training_data/50789_MV.wav,1.0,0.25616089
/tmp/backbone_swap_panns_p7fs97_5/data/PhysioNet2022/training_data/50789_PV.wav,1.0,0.06414372
/tmp/backbone_swap_panns_p7fs97_5/data/PhysioNet2022/training_data/50789_TV.wav,1.0,0.24978864
/tmp/backbone_swap_panns_p7fs97_5/data/PhysioNet2022/training_data/50797_AV.wav,1.0,0.28024054
/tmp/backbone_swap_panns_p7fs97_5/data/PhysioNet2022/training_data/50797_MV.wav,1.0,0.19163078
/tmp/backbone_swap_panns_p7fs97_5/data/PhysioNet2022/training_data/50797_PV.wav,1.0,0.17991619
/tmp/backbone_swap_panns_p7fs97_5/data/PhysioNet2022/training_data/50797_TV.wav,1.0,0.11085395
/tmp/backbone_swap_panns_p7fs97_5/data/PhysioNet2022/training_data/50802_AV.wav,1.0,0.23333035
/tmp/backbone_swap_panns_p7fs97_5/data/PhysioNet2022/training_data/50802_MV.wav,1.0,0.2643946
/tmp/backbone_swap_panns_p7fs97_5/data/PhysioNet2022/training_data/50802_PV.wav,1.0,0.24947494
/tmp/backbone_swap_panns_p7fs97_5/data/PhysioNet2022/training_data/50802_TV_1.wav,1.0,0.32037136
/tmp/backbone_swap_panns_p7fs97_5/data/PhysioNet2022/training_data/50802_TV_2.wav,1.0,0.22936311
/tmp/backbone_swap_panns_p7fs97_5/data/PhysioNet2022/training_data/50803_AV.wav,1.0,0.49447593
/tmp/backbone_swap_panns_p7fs97_5/data/PhysioNet2022/training_data/50803_MV.wav,1.0,0.24199557
/tmp/backbone_swap_panns_p7fs97_5/data/PhysioNet2022/training_data/50803_PV.wav,1.0,0.30114076
/tmp/backbone_swap_panns_p7fs97_5/data/PhysioNet2022/training_data/50803_TV.wav,1.0,0.2214088
/tmp/backbone_swap_panns_p7fs97_5/data/PhysioNet2022/training_data/50805_MV.wav,1.0,0.23157457
/tmp/backbone_swap_panns_p7fs97_5/data/PhysioNet2022/training_data/50805_PV.wav,1.0,0.22313318
/tmp/backbone_swap_panns_p7fs97_5/data/PhysioNet2022/training_data/50805_TV.wav,1.0,0.13543835
/tmp/backbone_swap_panns_p7fs97_5/data/PhysioNet2022/training_data/50807_AV.wav,1.0,0.29626027
/tmp/backbone_swap_panns_p7fs97_5/data/PhysioNet2022/training_data/50807_MV.wav,1.0,0.21652153
/tmp/backbone_swap_panns_p7fs97_5/data/PhysioNet2022/training_data/50807_PV.wav,1.0,0.28170657
/tmp/backbone_swap_panns_p7fs97_5/data/PhysioNet2022/training_data/50807_TV.wav,1.0,0.15682568
/tmp/backbone_swap_panns_p7fs97_5/data/PhysioNet2022/training_data/50818_AV.wav,1.0,0.50137633
/tmp/backbone_swap_panns_p7fs97_5/data/PhysioNet2022/training_data/50818_MV.wav,1.0,0.06914546
/tmp/backbone_swap_panns_p7fs97_5/data/PhysioNet2022/training_data/50818_PV.wav,1.0,0.69097304
/tmp/backbone_swap_panns_p7fs97_5/data/PhysioNet2022/training_data/50818_TV.wav,1.0,0.24733345
/tmp/backbone_swap_panns_p7fs97_5/data/PhysioNet2022/training_data/50826_AV.wav,1.0,0.26166296
/tmp/backbone_swap_panns_p7fs97_5/data/PhysioNet2022/training_data/50826_MV.wav,1.0,0.1552741
/tmp/backbone_swap_panns_p7fs97_5/data/PhysioNet2022/training_data/50826_PV.wav,1.0,0.27532429
/tmp/backbone_swap_panns_p7fs97_5/data/PhysioNet2022/training_data/50826_TV.wav,1.0,0.19685596
/tmp/backbone_swap_panns_p7fs97_5/data/PhysioNet2022/training_data/51331_AV.wav,1.0,0.3920476
/tmp/backbone_swap_panns_p7fs97_5/data/PhysioNet2022/training_data/51331_MV.wav,1.0,0.19777505
/tmp/backbone_swap_panns_p7fs97_5/data/PhysioNet2022/training_data/51331_PV.wav,1.0,0.3290217
/tmp/backbone_swap_panns_p7fs97_5/data/PhysioNet2022/training_data/51331_TV.wav,1.0,0.2686773
/tmp/backbone_swap_panns_p7fs97_5/data/PhysioNet2022/training_data/55945_AV.wav,1.0,0.21312769
/tmp/backbone_swap_panns_p7fs97_5/data/PhysioNet2022/training_data/55945_MV.wav,1.0,0.20140448
/tmp/backbone_swap_panns_p7fs97_5/data/PhysioNet2022/training_data/55945_PV.wav,1.0,0.40903112
/tmp/backbone_swap_panns_p7fs97_5/data/PhysioNet2022/training_data/55945_TV.wav,1.0,0.35792536
/tmp/backbone_swap_panns_p7fs97_5/data/PhysioNet2022/training_data/57700_MV.wav,1.0,0.18340462
/tmp/backbone_swap_panns_p7fs97_5/data/PhysioNet2022/training_data/57700_PV.wav,1.0,0.6316598
/tmp/backbone_swap_panns_p7fs97_5/data/PhysioNet2022/training_data/57700_TV.wav,1.0,0.47610325
/tmp/backbone_swap_panns_p7fs97_5/data/PhysioNet2022/training_data/61117_AV.wav,1.0,0.5469882
/tmp/backbone_swap_panns_p7fs97_5/data/PhysioNet2022/training_data/61117_MV.wav,1.0,0.35829693
/tmp/backbone_swap_panns_p7fs97_5/data/PhysioNet2022/training_data/61117_PV.wav,1.0,0.15652183
/tmp/backbone_swap_panns_p7fs97_5/data/PhysioNet2022/training_data/61117_TV.wav,1.0,0.1608989
/tmp/backbone_swap_panns_p7fs97_5/data/PhysioNet2022/training_data/61610_AV.wav,1.0,0.2861321
/tmp/backbone_swap_panns_p7fs97_5/data/PhysioNet2022/training_data/61610_MV.wav,1.0,0.25112194
/tmp/backbone_swap_panns_p7fs97_5/data/PhysioNet2022/training_data/61610_PV.wav,1.0,0.26004773
/tmp/backbone_swap_panns_p7fs97_5/data/PhysioNet2022/training_data/61610_TV.wav,1.0,0.5449194
/tmp/backbone_swap_panns_p7fs97_5/data/PhysioNet2022/training_data/63581_AV.wav,1.0,0.29439625
/tmp/backbone_swap_panns_p7fs97_5/data/PhysioNet2022/training_data/63581_MV.wav,1.0,0.2769011
/tmp/backbone_swap_panns_p7fs97_5/data/PhysioNet2022/training_data/63581_PV.wav,1.0,0.46153128
/tmp/backbone_swap_panns_p7fs97_5/data/PhysioNet2022/training_data/63581_TV.wav,1.0,0.21398157
/tmp/backbone_swap_panns_p7fs97_5/data/PhysioNet2022/training_data/68194_AV.wav,1.0,0.234732
/tmp/backbone_swap_panns_p7fs97_5/data/PhysioNet2022/training_data/68194_MV.wav,1.0,0.23753889
/tmp/backbone_swap_panns_p7fs97_5/data/PhysioNet2022/training_data/68194_PV.wav,1.0,0.24538805
/tmp/backbone_swap_panns_p7fs97_5/data/PhysioNet2022/training_data/68194_TV.wav,1.0,0.5083014
/tmp/backbone_swap_panns_p7fs97_5/data/PhysioNet2022/training_data/68279_MV.wav,1.0,0.26609233
/tmp/backbone_swap_panns_p7fs97_5/data/PhysioNet2022/training_data/68279_PV.wav,1.0,0.20183726
/tmp/backbone_swap_panns_p7fs97_5/data/PhysioNet2022/training_data/68279_TV.wav,1.0,0.3052533
/tmp/backbone_swap_panns_p7fs97_5/data/PhysioNet2022/training_data/68303_AV.wav,1.0,0.37539142
/tmp/backbone_swap_panns_p7fs97_5/data/PhysioNet2022/training_data/68303_MV.wav,1.0,0.19754724
/tmp/backbone_swap_panns_p7fs97_5/data/PhysioNet2022/training_data/68303_PV.wav,1.0,0.19538975
/tmp/backbone_swap_panns_p7fs97_5/data/PhysioNet2022/training_data/68303_TV.wav,1.0,0.628555
/tmp/backbone_swap_panns_p7fs97_5/data/PhysioNet2022/training_data/68318_AV.wav,1.0,0.38993123
/tmp/backbone_swap_panns_p7fs97_5/data/PhysioNet2022/training_data/68318_MV.wav,1.0,0.27821666
/tmp/backbone_swap_panns_p7fs97_5/data/PhysioNet2022/training_data/68318_PV.wav,1.0,0.46313083
/tmp/backbone_swap_panns_p7fs97_5/data/PhysioNet2022/training_data/68318_TV.wav,1.0,0.24901943
/tmp/backbone_swap_panns_p7fs97_5/data/PhysioNet2022/training_data/68394_MV.wav,1.0,0.47247848
/tmp/backbone_swap_panns_p7fs97_5/data/PhysioNet2022/training_data/68394_PV.wav,1.0,0.4619653
/tmp/backbone_swap_panns_p7fs97_5/data/PhysioNet2022/training_data/68404_MV.wav,1.0,0.23056465
/tmp/backbone_swap_panns_p7fs97_5/data/PhysioNet2022/training_data/68404_PV.wav,1.0,0.36664277
/tmp/backbone_swap_panns_p7fs97_5/data/PhysioNet2022/training_data/68404_TV.wav,1.0,0.35481048
/tmp/backbone_swap_panns_p7fs97_5/data/PhysioNet2022/training_data/68406_AV.wav,1.0,0.24103001
/tmp/backbone_swap_panns_p7fs97_5/data/PhysioNet2022/training_data/68406_MV.wav,1.0,0.41154906
/tmp/backbone_swap_panns_p7fs97_5/data/PhysioNet2022/training_data/68406_PV.wav,1.0,0.42968306
/tmp/backbone_swap_panns_p7fs97_5/data/PhysioNet2022/training_data/68406_TV.wav,1.0,0.28228146
/tmp/backbone_swap_panns_p7fs97_5/data/PhysioNet2022/training_data/68413_AV.wav,1.0,0.43603292
/tmp/backbone_swap_panns_p7fs97_5/data/PhysioNet2022/training_data/68413_MV.wav,1.0,0.45781577
/tmp/backbone_swap_panns_p7fs97_5/data/PhysioNet2022/training_data/68413_PV.wav,1.0,0.3416901
/tmp/backbone_swap_panns_p7fs97_5/data/PhysioNet2022/training_data/68413_TV.wav,1.0,0.30922458
/tmp/backbone_swap_panns_p7fs97_5/data/PhysioNet2022/training_data/68419_AV.wav,1.0,0.20237525
/tmp/backbone_swap_panns_p7fs97_5/data/PhysioNet2022/training_data/68419_MV.wav,1.0,0.27303472
/tmp/backbone_swap_panns_p7fs97_5/data/PhysioNet2022/training_data/68419_PV.wav,1.0,0.27111885
/tmp/backbone_swap_panns_p7fs97_5/data/PhysioNet2022/training_data/68419_TV.wav,1.0,0.27580127
/tmp/backbone_swap_panns_p7fs97_5/data/PhysioNet2022/training_data/68423_AV.wav,1.0,0.40166113
/tmp/backbone_swap_panns_p7fs97_5/data/PhysioNet2022/training_data/68423_MV.wav,1.0,0.11156138
/tmp/backbone_swap_panns_p7fs97_5/data/PhysioNet2022/training_data/68423_PV.wav,1.0,0.22791444
/tmp/backbone_swap_panns_p7fs97_5/data/PhysioNet2022/training_data/68423_TV.wav,1.0,0.12991257
/tmp/backbone_swap_panns_p7fs97_5/data/PhysioNet2022/training_data/68425_AV.wav,1.0,0.357078
/tmp/backbone_swap_panns_p7fs97_5/data/PhysioNet2022/training_data/68425_MV.wav,1.0,0.10797558
/tmp/backbone_swap_panns_p7fs97_5/data/PhysioNet2022/training_data/68425_PV.wav,1.0,0.2683871
/tmp/backbone_swap_panns_p7fs97_5/data/PhysioNet2022/training_data/68425_TV.wav,1.0,0.36461937
/tmp/backbone_swap_panns_p7fs97_5/data/PhysioNet2022/training_data/68431_AV.wav,1.0,0.16461797
/tmp/backbone_swap_panns_p7fs97_5/data/PhysioNet2022/training_data/68431_MV.wav,1.0,0.18067229
/tmp/backbone_swap_panns_p7fs97_5/data/PhysioNet2022/training_data/68431_PV.wav,1.0,0.25457507
/tmp/backbone_swap_panns_p7fs97_5/data/PhysioNet2022/training_data/68431_TV.wav,1.0,0.2492834
/tmp/backbone_swap_panns_p7fs97_5/data/PhysioNet2022/training_data/68436_AV.wav,1.0,0.29443893
/tmp/backbone_swap_panns_p7fs97_5/data/PhysioNet2022/training_data/68436_MV.wav,1.0,0.15021093
/tmp/backbone_swap_panns_p7fs97_5/data/PhysioNet2022/training_data/68436_PV.wav,1.0,0.23722754
/tmp/backbone_swap_panns_p7fs97_5/data/PhysioNet2022/training_data/68436_TV.wav,1.0,0.18553461
/tmp/backbone_swap_panns_p7fs97_5/data/PhysioNet2022/training_data/68465_AV.wav,1.0,0.17389973
/tmp/backbone_swap_panns_p7fs97_5/data/PhysioNet2022/training_data/68465_MV.wav,1.0,0.43929583
/tmp/backbone_swap_panns_p7fs97_5/data/PhysioNet2022/training_data/68465_PV.wav,1.0,0.5288832
/tmp/backbone_swap_panns_p7fs97_5/data/PhysioNet2022/training_data/68465_TV.wav,1.0,0.32589188
/tmp/backbone_swap_panns_p7fs97_5/data/PhysioNet2022/training_data/68470_MV.wav,1.0,0.24956873
/tmp/backbone_swap_panns_p7fs97_5/data/PhysioNet2022/training_data/68470_TV.wav,1.0,0.28331265
/tmp/backbone_swap_panns_p7fs97_5/data/PhysioNet2022/training_data/68478_AV.wav,1.0,0.45100558
/tmp/backbone_swap_panns_p7fs97_5/data/PhysioNet2022/training_data/68478_MV.wav,1.0,0.15958555
/tmp/backbone_swap_panns_p7fs97_5/data/PhysioNet2022/training_data/68478_PV.wav,1.0,0.099501535
/tmp/backbone_swap_panns_p7fs97_5/data/PhysioNet2022/training_data/68478_TV.wav,1.0,0.32041845
/tmp/backbone_swap_panns_p7fs97_5/data/PhysioNet2022/training_data/68482_AV.wav,1.0,0.397282
/tmp/backbone_swap_panns_p7fs97_5/data/PhysioNet2022/training_data/68482_MV.wav,1.0,0.23987426
/tmp/backbone_swap_panns_p7fs97_5/data/PhysioNet2022/training_data/68482_PV.wav,1.0,0.31287706
/tmp/backbone_swap_panns_p7fs97_5/data/PhysioNet2022/training_data/68482_TV.wav,1.0,0.3964704
/tmp/backbone_swap_panns_p7fs97_5/data/PhysioNet2022/training_data/68484_AV.wav,1.0,0.2640044
/tmp/backbone_swap_panns_p7fs97_5/data/PhysioNet2022/training_data/68484_MV.wav,1.0,0.32823485
/tmp/backbone_swap_panns_p7fs97_5/data/PhysioNet2022/training_data/68484_PV.wav,1.0,0.25343707
/tmp/backbone_swap_panns_p7fs97_5/data/PhysioNet2022/training_data/68484_TV.wav,1.0,0.46010017
/tmp/backbone_swap_panns_p7fs97_5/data/PhysioNet2022/training_data/68567_AV.wav,1.0,0.53613496
/tmp/backbone_swap_panns_p7fs97_5/data/PhysioNet2022/training_data/68567_MV.wav,1.0,0.15409425
/tmp/backbone_swap_panns_p7fs97_5/data/PhysioNet2022/training_data/68567_PV.wav,1.0,0.17284165
/tmp/backbone_swap_panns_p7fs97_5/data/PhysioNet2022/training_data/68567_TV.wav,1.0,0.27862772
/tmp/backbone_swap_panns_p7fs97_5/data/PhysioNet2022/training_data/68632_AV.wav,1.0,0.48425734
/tmp/backbone_swap_panns_p7fs97_5/data/PhysioNet2022/training_data/68632_PV.wav,1.0,0.27755836
/tmp/backbone_swap_panns_p7fs97_5/data/PhysioNet2022/training_data/68632_TV.wav,1.0,0.22418304
/tmp/backbone_swap_panns_p7fs97_5/data/PhysioNet2022/training_data/68646_AV.wav,1.0,0.37001595
/tmp/backbone_swap_panns_p7fs97_5/data/PhysioNet2022/training_data/68646_MV.wav,1.0,0.10363475
/tmp/backbone_swap_panns_p7fs97_5/data/PhysioNet2022/training_data/68646_PV.wav,1.0,0.4229723
/tmp/backbone_swap_panns_p7fs97_5/data/PhysioNet2022/training_data/68646_TV.wav,1.0,0.22105813
/tmp/backbone_swap_panns_p7fs97_5/data/PhysioNet2022/training_data/68660_AV.wav,1.0,0.19730733
/tmp/backbone_swap_panns_p7fs97_5/data/PhysioNet2022/training_data/68660_MV.wav,1.0,0.17417507
/tmp/backbone_swap_panns_p7fs97_5/data/PhysioNet2022/training_data/68660_PV.wav,1.0,0.29414096
/tmp/backbone_swap_panns_p7fs97_5/data/PhysioNet2022/training_data/68660_TV.wav,1.0,0.23246667
/tmp/backbone_swap_panns_p7fs97_5/data/PhysioNet2022/training_data/68682_AV.wav,1.0,0.44580445
/tmp/backbone_swap_panns_p7fs97_5/data/PhysioNet2022/training_data/68682_MV.wav,1.0,0.2860932
/tmp/backbone_swap_panns_p7fs97_5/data/PhysioNet2022/training_data/68682_PV.wav,1.0,0.23393255
/tmp/backbone_swap_panns_p7fs97_5/data/PhysioNet2022/training_data/68682_TV.wav,1.0,0.23484156
/tmp/backbone_swap_panns_p7fs97_5/data/PhysioNet2022/training_data/68708_AV.wav,1.0,0.16672756
/tmp/backbone_swap_panns_p7fs97_5/data/PhysioNet2022/training_data/68708_MV.wav,1.0,0.15720938
/tmp/backbone_swap_panns_p7fs97_5/data/PhysioNet2022/training_data/68708_PV.wav,1.0,0.22249575
/tmp/backbone_swap_panns_p7fs97_5/data/PhysioNet2022/training_data/68708_TV.wav,1.0,0.26180428
/tmp/backbone_swap_panns_p7fs97_5/data/PhysioNet2022/training_data/68737_AV.wav,1.0,0.24244507
/tmp/backbone_swap_panns_p7fs97_5/data/PhysioNet2022/training_data/68737_MV.wav,1.0,0.14034906
/tmp/backbone_swap_panns_p7fs97_5/data/PhysioNet2022/training_data/68737_PV.wav,1.0,0.25679088
/tmp/backbone_swap_panns_p7fs97_5/data/PhysioNet2022/training_data/68737_TV.wav,1.0,0.32379973
/tmp/backbone_swap_panns_p7fs97_5/data/PhysioNet2022/training_data/68752_AV.wav,1.0,0.16014712
/tmp/backbone_swap_panns_p7fs97_5/data/PhysioNet2022/training_data/68752_MV.wav,1.0,0.18754026
/tmp/backbone_swap_panns_p7fs97_5/data/PhysioNet2022/training_data/68752_PV.wav,1.0,0.3344878
/tmp/backbone_swap_panns_p7fs97_5/data/PhysioNet2022/training_data/68752_TV.wav,1.0,0.50831074
/tmp/backbone_swap_panns_p7fs97_5/data/PhysioNet2022/training_data/68756_MV.wav,1.0,0.16483282
/tmp/backbone_swap_panns_p7fs97_5/data/PhysioNet2022/training_data/68756_PV.wav,1.0,0.15843363
/tmp/backbone_swap_panns_p7fs97_5/data/PhysioNet2022/training_data/68756_TV.wav,1.0,0.24669793
/tmp/backbone_swap_panns_p7fs97_5/data/PhysioNet2022/training_data/68757_AV.wav,1.0,0.27424207
/tmp/backbone_swap_panns_p7fs97_5/data/PhysioNet2022/training_data/68757_PV.wav,1.0,0.33361623
/tmp/backbone_swap_panns_p7fs97_5/data/PhysioNet2022/training_data/68757_TV.wav,1.0,0.13015872
/tmp/backbone_swap_panns_p7fs97_5/data/PhysioNet2022/training_data/68831_AV.wav,1.0,0.3119881
/tmp/backbone_swap_panns_p7fs97_5/data/PhysioNet2022/training_data/68831_MV.wav,1.0,0.30069363
/tmp/backbone_swap_panns_p7fs97_5/data/PhysioNet2022/training_data/68831_PV.wav,1.0,0.29826546
/tmp/backbone_swap_panns_p7fs97_5/data/PhysioNet2022/training_data/68831_TV.wav,1.0,0.1800528
/tmp/backbone_swap_panns_p7fs97_5/data/PhysioNet2022/training_data/68849_AV.wav,1.0,0.17993392
/tmp/backbone_swap_panns_p7fs97_5/data/PhysioNet2022/training_data/68849_MV.wav,1.0,0.3995418
/tmp/backbone_swap_panns_p7fs97_5/data/PhysioNet2022/training_data/68849_PV.wav,1.0,0.26714608
/tmp/backbone_swap_panns_p7fs97_5/data/PhysioNet2022/training_data/68849_TV.wav,1.0,0.12169081
/tmp/backbone_swap_panns_p7fs97_5/data/PhysioNet2022/training_data/68857_MV.wav,1.0,0.43849084
/tmp/backbone_swap_panns_p7fs97_5/data/PhysioNet2022/training_data/68909_AV.wav,1.0,0.31299973
/tmp/backbone_swap_panns_p7fs97_5/data/PhysioNet2022/training_data/68909_MV.wav,1.0,0.13899994
/tmp/backbone_swap_panns_p7fs97_5/data/PhysioNet2022/training_data/68909_PV.wav,1.0,0.17713861
/tmp/backbone_swap_panns_p7fs97_5/data/PhysioNet2022/training_data/68909_TV.wav,1.0,0.3743084
/tmp/backbone_swap_panns_p7fs97_5/data/PhysioNet2022/training_data/69067_AV.wav,1.0,0.19103557
/tmp/backbone_swap_panns_p7fs97_5/data/PhysioNet2022/training_data/69067_MV.wav,1.0,0.6123148
/tmp/backbone_swap_panns_p7fs97_5/data/PhysioNet2022/training_data/69067_PV.wav,1.0,0.19667856
/tmp/backbone_swap_panns_p7fs97_5/data/PhysioNet2022/training_data/69067_TV.wav,1.0,0.17056622
/tmp/backbone_swap_panns_p7fs97_5/data/PhysioNet2022/training_data/69159_AV.wav,1.0,0.2172723
/tmp/backbone_swap_panns_p7fs97_5/data/PhysioNet2022/training_data/69159_MV.wav,1.0,0.23330429
/tmp/backbone_swap_panns_p7fs97_5/data/PhysioNet2022/training_data/69159_PV.wav,1.0,0.23657711
/tmp/backbone_swap_panns_p7fs97_5/data/PhysioNet2022/training_data/69159_TV.wav,1.0,0.15106274
/tmp/backbone_swap_panns_p7fs97_5/data/PhysioNet2022/training_data/72283_MV.wav,1.0,0.3161894
/tmp/backbone_swap_panns_p7fs97_5/data/PhysioNet2022/training_data/72283_PV.wav,1.0,0.23318577
/tmp/backbone_swap_panns_p7fs97_5/data/PhysioNet2022/training_data/72283_TV.wav,1.0,0.8188889
/tmp/backbone_swap_panns_p7fs97_5/data/PhysioNet2022/training_data/74417_AV.wav,1.0,0.33054605
/tmp/backbone_swap_panns_p7fs97_5/data/PhysioNet2022/training_data/74417_MV.wav,1.0,0.09434309
/tmp/backbone_swap_panns_p7fs97_5/data/PhysioNet2022/training_data/74417_PV.wav,1.0,0.49120602
/tmp/backbone_swap_panns_p7fs97_5/data/PhysioNet2022/training_data/74417_TV.wav,1.0,0.26840347
/tmp/backbone_swap_panns_p7fs97_5/data/PhysioNet2022/training_data/76240_AV.wav,1.0,0.16152805
/tmp/backbone_swap_panns_p7fs97_5/data/PhysioNet2022/training_data/76240_MV.wav,1.0,0.24952425
/tmp/backbone_swap_panns_p7fs97_5/data/PhysioNet2022/training_data/76240_PV.wav,1.0,0.31292084
/tmp/backbone_swap_panns_p7fs97_5/data/PhysioNet2022/training_data/76240_TV.wav,1.0,0.63372177
/tmp/backbone_swap_panns_p7fs97_5/data/PhysioNet2022/training_data/77373_AV.wav,1.0,0.26475722
/tmp/backbone_swap_panns_p7fs97_5/data/PhysioNet2022/training_data/77373_MV.wav,1.0,0.1454342
/tmp/backbone_swap_panns_p7fs97_5/data/PhysioNet2022/training_data/77373_PV.wav,1.0,0.21035086
/tmp/backbone_swap_panns_p7fs97_5/data/PhysioNet2022/training_data/77373_TV.wav,1.0,0.21464473
/tmp/backbone_swap_panns_p7fs97_5/data/PhysioNet2022/training_data/78280_AV.wav,1.0,0.1501676
/tmp/backbone_swap_panns_p7fs97_5/data/PhysioNet2022/training_data/78280_MV.wav,1.0,0.18363026
/tmp/backbone_swap_panns_p7fs97_5/data/PhysioNet2022/training_data/81035_MV.wav,1.0,0.080739714
/tmp/backbone_swap_panns_p7fs97_5/data/PhysioNet2022/training_data/81297_AV.wav,1.0,0.19233336
/tmp/backbone_swap_panns_p7fs97_5/data/PhysioNet2022/training_data/81297_MV.wav,1.0,0.39730158
/tmp/backbone_swap_panns_p7fs97_5/data/PhysioNet2022/training_data/81297_PV.wav,1.0,0.22992063
/tmp/backbone_swap_panns_p7fs97_5/data/PhysioNet2022/training_data/81297_TV.wav,1.0,0.16472812
/tmp/backbone_swap_panns_p7fs97_5/data/PhysioNet2022/training_data/81501_AV.wav,1.0,0.20473742
/tmp/backbone_swap_panns_p7fs97_5/data/PhysioNet2022/training_data/81501_MV.wav,1.0,0.30248463
/tmp/backbone_swap_panns_p7fs97_5/data/PhysioNet2022/training_data/81501_PV.wav,1.0,0.4914055
/tmp/backbone_swap_panns_p7fs97_5/data/PhysioNet2022/training_data/81501_TV.wav,1.0,0.13966322
/tmp/backbone_swap_panns_p7fs97_5/data/PhysioNet2022/training_data/81638_AV.wav,1.0,0.23573783
/tmp/backbone_swap_panns_p7fs97_5/data/PhysioNet2022/training_data/81638_MV.wav,1.0,0.15159024
/tmp/backbone_swap_panns_p7fs97_5/data/PhysioNet2022/training_data/82275_AV.wav,1.0,0.24607338
/tmp/backbone_swap_panns_p7fs97_5/data/PhysioNet2022/training_data/82275_PV.wav,1.0,0.17708598
/tmp/backbone_swap_panns_p7fs97_5/data/PhysioNet2022/training_data/83094_MV.wav,1.0,0.3285084
/tmp/backbone_swap_panns_p7fs97_5/data/PhysioNet2022/training_data/84687_AV.wav,1.0,0.2144108
/tmp/backbone_swap_panns_p7fs97_5/data/PhysioNet2022/training_data/84687_MV.wav,1.0,0.4554699
/tmp/backbone_swap_panns_p7fs97_5/data/PhysioNet2022/training_data/84693_AV.wav,1.0,0.26857415
/tmp/backbone_swap_panns_p7fs97_5/data/PhysioNet2022/training_data/84693_MV.wav,1.0,0.6229077
/tmp/backbone_swap_panns_p7fs97_5/data/PhysioNet2022/training_data/84693_PV.wav,1.0,0.27678826
/tmp/backbone_swap_panns_p7fs97_5/data/PhysioNet2022/training_data/84693_TV.wav,1.0,0.40240133
/tmp/backbone_swap_panns_p7fs97_5/data/PhysioNet2022/training_data/84696_AV.wav,1.0,0.12390139
/tmp/backbone_swap_panns_p7fs97_5/data/PhysioNet2022/training_data/84696_MV.wav,1.0,0.25514492
/tmp/backbone_swap_panns_p7fs97_5/data/PhysioNet2022/training_data/84696_PV.wav,1.0,0.5387883
/tmp/backbone_swap_panns_p7fs97_5/data/PhysioNet2022/training_data/84696_TV.wav,1.0,0.25221017
/tmp/backbone_swap_panns_p7fs97_5/data/PhysioNet2022/training_data/84697_AV.wav,1.0,0.42515412
/tmp/backbone_swap_panns_p7fs97_5/data/PhysioNet2022/training_data/84697_MV.wav,1.0,0.11558583
/tmp/backbone_swap_panns_p7fs97_5/data/PhysioNet2022/training_data/84697_PV.wav,1.0,0.22853367
/tmp/backbone_swap_panns_p7fs97_5/data/PhysioNet2022/training_data/84697_TV.wav,1.0,0.20662782
/tmp/backbone_swap_panns_p7fs97_5/data/PhysioNet2022/training_data/84704_PV.wav,1.0,0.25880393
/tmp/backbone_swap_panns_p7fs97_5/data/PhysioNet2022/training_data/84718_AV.wav,1.0,0.17523913
/tmp/backbone_swap_panns_p7fs97_5/data/PhysioNet2022/training_data/84718_MV.wav,1.0,0.2609999
/tmp/backbone_swap_panns_p7fs97_5/data/PhysioNet2022/training_data/84718_PV.wav,1.0,0.18630564
/tmp/backbone_swap_panns_p7fs97_5/data/PhysioNet2022/training_data/84718_TV.wav,1.0,0.25845066
/tmp/backbone_swap_panns_p7fs97_5/data/PhysioNet2022/training_data/84730_AV.wav,1.0,0.28152883
/tmp/backbone_swap_panns_p7fs97_5/data/PhysioNet2022/training_data/84730_MV.wav,1.0,0.19632047
/tmp/backbone_swap_panns_p7fs97_5/data/PhysioNet2022/training_data/84730_PV.wav,1.0,0.26827165
/tmp/backbone_swap_panns_p7fs97_5/data/PhysioNet2022/training_data/84730_TV.wav,1.0,0.8497954
/tmp/backbone_swap_panns_p7fs97_5/data/PhysioNet2022/training_data/84740_AV.wav,1.0,0.49640423
/tmp/backbone_swap_panns_p7fs97_5/data/PhysioNet2022/training_data/84740_MV.wav,1.0,0.27293602
/tmp/backbone_swap_panns_p7fs97_5/data/PhysioNet2022/training_data/84740_PV.wav,1.0,0.3680781
/tmp/backbone_swap_panns_p7fs97_5/data/PhysioNet2022/training_data/84740_TV.wav,1.0,0.20952716
/tmp/backbone_swap_panns_p7fs97_5/data/PhysioNet2022/training_data/84751_AV.wav,1.0,0.2303512
/tmp/backbone_swap_panns_p7fs97_5/data/PhysioNet2022/training_data/84751_MV.wav,1.0,0.2768749
/tmp/backbone_swap_panns_p7fs97_5/data/PhysioNet2022/training_data/84751_PV.wav,1.0,0.32151645
/tmp/backbone_swap_panns_p7fs97_5/data/PhysioNet2022/training_data/84751_TV.wav,1.0,0.23140998
/tmp/backbone_swap_panns_p7fs97_5/data/PhysioNet2022/training_data/84753_AV.wav,1.0,0.43338925
/tmp/backbone_swap_panns_p7fs97_5/data/PhysioNet2022/training_data/84753_MV.wav,1.0,0.20229271
/tmp/backbone_swap_panns_p7fs97_5/data/PhysioNet2022/training_data/84753_PV.wav,1.0,0.1846927
/tmp/backbone_swap_panns_p7fs97_5/data/PhysioNet2022/training_data/84753_TV.wav,1.0,0.63486767
/tmp/backbone_swap_panns_p7fs97_5/data/PhysioNet2022/training_data/84754_AV.wav,1.0,0.36587533
/tmp/backbone_swap_panns_p7fs97_5/data/PhysioNet2022/training_data/84754_MV.wav,1.0,0.11819722
/tmp/backbone_swap_panns_p7fs97_5/data/PhysioNet2022/training_data/84754_TV.wav,1.0,0.19383672
/tmp/backbone_swap_panns_p7fs97_5/data/PhysioNet2022/training_data/84755_MV.wav,1.0,0.34542653
/tmp/backbone_swap_panns_p7fs97_5/data/PhysioNet2022/training_data/84760_MV.wav,1.0,0.15541857
/tmp/backbone_swap_panns_p7fs97_5/data/PhysioNet2022/training_data/84760_PV.wav,1.0,0.22218536
/tmp/backbone_swap_panns_p7fs97_5/data/PhysioNet2022/training_data/84760_TV.wav,1.0,0.27655494
/tmp/backbone_swap_panns_p7fs97_5/data/PhysioNet2022/training_data/84762_AV.wav,1.0,0.36998448
/tmp/backbone_swap_panns_p7fs97_5/data/PhysioNet2022/training_data/84762_MV.wav,1.0,0.55246603
/tmp/backbone_swap_panns_p7fs97_5/data/PhysioNet2022/training_data/84762_PV.wav,1.0,0.10869592
/tmp/backbone_swap_panns_p7fs97_5/data/PhysioNet2022/training_data/84762_TV.wav,1.0,0.19019438
/tmp/backbone_swap_panns_p7fs97_5/data/PhysioNet2022/training_data/84775_AV.wav,1.0,0.379794
/tmp/backbone_swap_panns_p7fs97_5/data/PhysioNet2022/training_data/84775_MV.wav,1.0,0.13150479
/tmp/backbone_swap_panns_p7fs97_5/data/PhysioNet2022/training_data/84775_PV.wav,1.0,0.5037259
/tmp/backbone_swap_panns_p7fs97_5/data/PhysioNet2022/training_data/84775_TV.wav,1.0,0.43987444
/tmp/backbone_swap_panns_p7fs97_5/data/PhysioNet2022/training_data/84780_AV.wav,1.0,0.10554975
/tmp/backbone_swap_panns_p7fs97_5/data/PhysioNet2022/training_data/84780_MV.wav,1.0,0.20592947
/tmp/backbone_swap_panns_p7fs97_5/data/PhysioNet2022/training_data/84780_PV.wav,1.0,0.4902055
/tmp/backbone_swap_panns_p7fs97_5/data/PhysioNet2022/training_data/84780_TV.wav,1.0,0.30724782
/tmp/backbone_swap_panns_p7fs97_5/data/PhysioNet2022/training_data/84784_AV.wav,1.0,0.26758394
/tmp/backbone_swap_panns_p7fs97_5/data/PhysioNet2022/training_data/84784_MV.wav,1.0,0.18804653
/tmp/backbone_swap_panns_p7fs97_5/data/PhysioNet2022/training_data/84790_AV.wav,1.0,0.32404706
/tmp/backbone_swap_panns_p7fs97_5/data/PhysioNet2022/training_data/84802_AV.wav,1.0,0.46984473
/tmp/backbone_swap_panns_p7fs97_5/data/PhysioNet2022/training_data/84802_MV.wav,1.0,0.35464314
/tmp/backbone_swap_panns_p7fs97_5/data/PhysioNet2022/training_data/84802_PV.wav,1.0,0.26979592
/tmp/backbone_swap_panns_p7fs97_5/data/PhysioNet2022/training_data/84802_TV.wav,1.0,0.3027601
/tmp/backbone_swap_panns_p7fs97_5/data/PhysioNet2022/training_data/84808_AV.wav,1.0,0.19899383
/tmp/backbone_swap_panns_p7fs97_5/data/PhysioNet2022/training_data/84808_MV.wav,1.0,0.18885897
/tmp/backbone_swap_panns_p7fs97_5/data/PhysioNet2022/training_data/84808_PV.wav,1.0,0.21992733
/tmp/backbone_swap_panns_p7fs97_5/data/PhysioNet2022/training_data/84808_TV.wav,1.0,0.28141344
/tmp/backbone_swap_panns_p7fs97_5/data/PhysioNet2022/training_data/84813_AV.wav,1.0,0.22394344
/tmp/backbone_swap_panns_p7fs97_5/data/PhysioNet2022/training_data/84813_MV.wav,1.0,0.24738026
/tmp/backbone_swap_panns_p7fs97_5/data/PhysioNet2022/training_data/84813_PV.wav,1.0,0.2665413
/tmp/backbone_swap_panns_p7fs97_5/data/PhysioNet2022/training_data/84813_TV.wav,1.0,0.20040809
/tmp/backbone_swap_panns_p7fs97_5/data/PhysioNet2022/training_data/84814_AV.wav,1.0,0.34808734
/tmp/backbone_swap_panns_p7fs97_5/data/PhysioNet2022/training_data/84814_PV.wav,1.0,0.18280877
/tmp/backbone_swap_panns_p7fs97_5/data/PhysioNet2022/training_data/84815_AV.wav,1.0,0.3885495
/tmp/backbone_swap_panns_p7fs97_5/data/PhysioNet2022/training_data/84815_MV.wav,1.0,0.12613595
/tmp/backbone_swap_panns_p7fs97_5/data/PhysioNet2022/training_data/84815_PV.wav,1.0,0.15984951
/tmp/backbone_swap_panns_p7fs97_5/data/PhysioNet2022/training_data/84815_TV.wav,1.0,0.22265488
/tmp/backbone_swap_panns_p7fs97_5/data/PhysioNet2022/training_data/84822_AV.wav,1.0,0.1786467
/tmp/backbone_swap_panns_p7fs97_5/data/PhysioNet2022/training_data/84822_MV.wav,1.0,0.22753005
/tmp/backbone_swap_panns_p7fs97_5/data/PhysioNet2022/training_data/84822_PV.wav,1.0,0.18045567
/tmp/backbone_swap_panns_p7fs97_5/data/PhysioNet2022/training_data/84822_TV.wav,1.0,0.19514349
/tmp/backbone_swap_panns_p7fs97_5/data/PhysioNet2022/training_data/84826_AV.wav,1.0,0.25606355
/tmp/backbone_swap_panns_p7fs97_5/data/PhysioNet2022/training_data/84826_MV.wav,1.0,0.17765336
/tmp/backbone_swap_panns_p7fs97_5/data/PhysioNet2022/training_data/84826_PV.wav,1.0,0.15099417
/tmp/backbone_swap_panns_p7fs97_5/data/PhysioNet2022/training_data/84826_TV.wav,1.0,0.25266925
/tmp/backbone_swap_panns_p7fs97_5/data/PhysioNet2022/training_data/84829_AV.wav,1.0,0.16491519
/tmp/backbone_swap_panns_p7fs97_5/data/PhysioNet2022/training_data/84829_MV.wav,1.0,0.46769452
/tmp/backbone_swap_panns_p7fs97_5/data/PhysioNet2022/training_data/84829_PV.wav,1.0,0.3703694
/tmp/backbone_swap_panns_p7fs97_5/data/PhysioNet2022/training_data/84829_TV.wav,1.0,0.20235744
/tmp/backbone_swap_panns_p7fs97_5/data/PhysioNet2022/training_data/84831_AV.wav,1.0,0.39692155
/tmp/backbone_swap_panns_p7fs97_5/data/PhysioNet2022/training_data/84831_MV.wav,1.0,0.14233604
/tmp/backbone_swap_panns_p7fs97_5/data/PhysioNet2022/training_data/84831_PV.wav,1.0,0.39928204
/tmp/backbone_swap_panns_p7fs97_5/data/PhysioNet2022/training_data/84831_TV.wav,1.0,0.21877956
/tmp/backbone_swap_panns_p7fs97_5/data/PhysioNet2022/training_data/84834_AV.wav,1.0,0.48085392
/tmp/backbone_swap_panns_p7fs97_5/data/PhysioNet2022/training_data/84834_MV.wav,1.0,0.27931777
/tmp/backbone_swap_panns_p7fs97_5/data/PhysioNet2022/training_data/84834_PV.wav,1.0,0.31862888
/tmp/backbone_swap_panns_p7fs97_5/data/PhysioNet2022/training_data/84834_TV.wav,1.0,0.28015256
/tmp/backbone_swap_panns_p7fs97_5/data/PhysioNet2022/training_data/84851_AV.wav,1.0,0.3383755
/tmp/backbone_swap_panns_p7fs97_5/data/PhysioNet2022/training_data/84851_MV.wav,1.0,0.24410135
/tmp/backbone_swap_panns_p7fs97_5/data/PhysioNet2022/training_data/84851_PV.wav,1.0,0.28575897
/tmp/backbone_swap_panns_p7fs97_5/data/PhysioNet2022/training_data/84851_TV.wav,1.0,0.26012528
/tmp/backbone_swap_panns_p7fs97_5/data/PhysioNet2022/training_data/84856_AV.wav,1.0,0.11489338
/tmp/backbone_swap_panns_p7fs97_5/data/PhysioNet2022/training_data/84856_MV.wav,1.0,0.22834769
/tmp/backbone_swap_panns_p7fs97_5/data/PhysioNet2022/training_data/84856_PV.wav,1.0,0.28413767
/tmp/backbone_swap_panns_p7fs97_5/data/PhysioNet2022/training_data/84856_TV.wav,1.0,0.41515785
/tmp/backbone_swap_panns_p7fs97_5/data/PhysioNet2022/training_data/84859_AV.wav,1.0,0.5725865
/tmp/backbone_swap_panns_p7fs97_5/data/PhysioNet2022/training_data/84859_MV.wav,1.0,0.33567086
/tmp/backbone_swap_panns_p7fs97_5/data/PhysioNet2022/training_data/84859_PV.wav,1.0,0.24589212
/tmp/backbone_swap_panns_p7fs97_5/data/PhysioNet2022/training_data/84859_TV.wav,1.0,0.23092294
/tmp/backbone_swap_panns_p7fs97_5/data/PhysioNet2022/training_data/84863_AV.wav,1.0,0.37981114
/tmp/backbone_swap_panns_p7fs97_5/data/PhysioNet2022/training_data/84863_MV.wav,1.0,0.551976
/tmp/backbone_swap_panns_p7fs97_5/data/PhysioNet2022/training_data/84863_PV.wav,1.0,0.34970403
/tmp/backbone_swap_panns_p7fs97_5/data/PhysioNet2022/training_data/84863_TV.wav,1.0,0.25852513
/tmp/backbone_swap_panns_p7fs97_5/data/PhysioNet2022/training_data/84868_AV.wav,1.0,0.39419714
/tmp/backbone_swap_panns_p7fs97_5/data/PhysioNet2022/training_data/84868_MV.wav,1.0,0.087996714
/tmp/backbone_swap_panns_p7fs97_5/data/PhysioNet2022/training_data/84868_PV.wav,1.0,0.16402784
/tmp/backbone_swap_panns_p7fs97_5/data/PhysioNet2022/training_data/84868_TV.wav,1.0,0.30390918
/tmp/backbone_swap_panns_p7fs97_5/data/PhysioNet2022/training_data/84876_AV.wav,1.0,0.3049505
/tmp/backbone_swap_panns_p7fs97_5/data/PhysioNet2022/training_data/84876_MV.wav,1.0,0.13653281
/tmp/backbone_swap_panns_p7fs97_5/data/PhysioNet2022/training_data/84879_AV.wav,1.0,0.37647167
/tmp/backbone_swap_panns_p7fs97_5/data/PhysioNet2022/training_data/84879_MV.wav,1.0,0.17017512
/tmp/backbone_swap_panns_p7fs97_5/data/PhysioNet2022/training_data/84879_PV.wav,1.0,0.2632621
/tmp/backbone_swap_panns_p7fs97_5/data/PhysioNet2022/training_data/84879_TV.wav,1.0,0.14212736
/tmp/backbone_swap_panns_p7fs97_5/data/PhysioNet2022/training_data/84882_AV.wav,1.0,0.26631567
/tmp/backbone_swap_panns_p7fs97_5/data/PhysioNet2022/training_data/84882_MV.wav,1.0,0.21058556
/tmp/backbone_swap_panns_p7fs97_5/data/PhysioNet2022/training_data/84882_PV.wav,1.0,0.16958044
/tmp/backbone_swap_panns_p7fs97_5/data/PhysioNet2022/training_data/84882_TV.wav,1.0,0.17458332
/tmp/backbone_swap_panns_p7fs97_5/data/PhysioNet2022/training_data/84883_AV.wav,1.0,0.160631
/tmp/backbone_swap_panns_p7fs97_5/data/PhysioNet2022/training_data/84883_MV.wav,1.0,0.1140777
/tmp/backbone_swap_panns_p7fs97_5/data/PhysioNet2022/training_data/84883_PV.wav,1.0,0.18340878
/tmp/backbone_swap_panns_p7fs97_5/data/PhysioNet2022/training_data/84883_TV.wav,1.0,0.32898268
/tmp/backbone_swap_panns_p7fs97_5/data/PhysioNet2022/training_data/84884_AV.wav,1.0,0.29195285
/tmp/backbone_swap_panns_p7fs97_5/data/PhysioNet2022/training_data/84884_MV.wav,1.0,0.5508803
/tmp/backbone_swap_panns_p7fs97_5/data/PhysioNet2022/training_data/84884_PV.wav,1.0,0.30502164
/tmp/backbone_swap_panns_p7fs97_5/data/PhysioNet2022/training_data/84884_TV.wav,1.0,0.3489963
/tmp/backbone_swap_panns_p7fs97_5/data/PhysioNet2022/training_data/84887_AV.wav,1.0,0.06188473
/tmp/backbone_swap_panns_p7fs97_5/data/PhysioNet2022/training_data/84887_MV.wav,1.0,0.21932392
/tmp/backbone_swap_panns_p7fs97_5/data/PhysioNet2022/training_data/84887_PV.wav,1.0,0.22313322
/tmp/backbone_swap_panns_p7fs97_5/data/PhysioNet2022/training_data/84887_TV.wav,1.0,0.13710956
/tmp/backbone_swap_panns_p7fs97_5/data/PhysioNet2022/training_data/84892_AV.wav,1.0,0.23009661
/tmp/backbone_swap_panns_p7fs97_5/data/PhysioNet2022/training_data/84892_MV.wav,1.0,0.42004922
/tmp/backbone_swap_panns_p7fs97_5/data/PhysioNet2022/training_data/84892_PV.wav,1.0,0.17362787
/tmp/backbone_swap_panns_p7fs97_5/data/PhysioNet2022/training_data/84896_AV.wav,1.0,0.23093793
/tmp/backbone_swap_panns_p7fs97_5/data/PhysioNet2022/training_data/84896_MV.wav,1.0,0.17138532
/tmp/backbone_swap_panns_p7fs97_5/data/PhysioNet2022/training_data/84896_PV.wav,1.0,0.30159634
/tmp/backbone_swap_panns_p7fs97_5/data/PhysioNet2022/training_data/84896_TV.wav,1.0,0.46531656
/tmp/backbone_swap_panns_p7fs97_5/data/PhysioNet2022/training_data/84918_PV.wav,1.0,0.26241252
/tmp/backbone_swap_panns_p7fs97_5/data/PhysioNet2022/training_data/84919_PV.wav,1.0,0.18332492
/tmp/backbone_swap_panns_p7fs97_5/data/PhysioNet2022/training_data/84919_TV.wav,1.0,0.42711776
/tmp/backbone_swap_panns_p7fs97_5/data/PhysioNet2022/training_data/84923_AV.wav,1.0,0.2788252
/tmp/backbone_swap_panns_p7fs97_5/data/PhysioNet2022/training_data/84923_MV.wav,1.0,0.22039469
/tmp/backbone_swap_panns_p7fs97_5/data/PhysioNet2022/training_data/84923_PV.wav,1.0,0.25163797
/tmp/backbone_swap_panns_p7fs97_5/data/PhysioNet2022/training_data/84923_TV.wav,1.0,0.17789735
/tmp/backbone_swap_panns_p7fs97_5/data/PhysioNet2022/training_data/84931_AV.wav,1.0,0.55427414
/tmp/backbone_swap_panns_p7fs97_5/data/PhysioNet2022/training_data/84931_MV.wav,1.0,0.14680786
/tmp/backbone_swap_panns_p7fs97_5/data/PhysioNet2022/training_data/84931_PV.wav,1.0,0.13452074
/tmp/backbone_swap_panns_p7fs97_5/data/PhysioNet2022/training_data/84931_TV.wav,1.0,0.30944276
/tmp/backbone_swap_panns_p7fs97_5/data/PhysioNet2022/training_data/84933_AV.wav,1.0,0.16451173
/tmp/backbone_swap_panns_p7fs97_5/data/PhysioNet2022/training_data/84933_MV.wav,1.0,0.46009195
/tmp/backbone_swap_panns_p7fs97_5/data/PhysioNet2022/training_data/84933_PV.wav,1.0,0.1780615
/tmp/backbone_swap_panns_p7fs97_5/data/PhysioNet2022/training_data/84933_TV.wav,1.0,0.1631028
/tmp/backbone_swap_panns_p7fs97_5/data/PhysioNet2022/training_data/84934_AV.wav,1.0,0.10025984
/tmp/backbone_swap_panns_p7fs97_5/data/PhysioNet2022/training_data/84935_AV.wav,1.0,0.2954244
/tmp/backbone_swap_panns_p7fs97_5/data/PhysioNet2022/training_data/84935_MV.wav,1.0,0.31887987
/tmp/backbone_swap_panns_p7fs97_5/data/PhysioNet2022/training_data/84935_PV.wav,1.0,0.18312222
/tmp/backbone_swap_panns_p7fs97_5/data/PhysioNet2022/training_data/84935_TV.wav,1.0,0.3059774
/tmp/backbone_swap_panns_p7fs97_5/data/PhysioNet2022/training_data/84936_AV.wav,1.0,0.2744635
/tmp/backbone_swap_panns_p7fs97_5/data/PhysioNet2022/training_data/84936_MV.wav,1.0,0.26717776
/tmp/backbone_swap_panns_p7fs97_5/data/PhysioNet2022/training_data/84936_PV.wav,1.0,0.18359545
/tmp/backbone_swap_panns_p7fs97_5/data/PhysioNet2022/training_data/84936_TV.wav,1.0,0.22290137
/tmp/backbone_swap_panns_p7fs97_5/data/PhysioNet2022/training_data/84942_AV.wav,1.0,0.46999595
/tmp/backbone_swap_panns_p7fs97_5/data/PhysioNet2022/training_data/84942_PV.wav,1.0,0.47955602
/tmp/backbone_swap_panns_p7fs97_5/data/PhysioNet2022/training_data/84942_TV.wav,1.0,0.15611614
/tmp/backbone_swap_panns_p7fs97_5/data/PhysioNet2022/training_data/84946_AV.wav,1.0,0.20248044
/tmp/backbone_swap_panns_p7fs97_5/data/PhysioNet2022/training_data/84946_MV.wav,1.0,0.4493786
/tmp/backbone_swap_panns_p7fs97_5/data/PhysioNet2022/training_data/84946_PV.wav,1.0,0.08768404
/tmp/backbone_swap_panns_p7fs97_5/data/PhysioNet2022/training_data/84946_TV.wav,1.0,0.18027674
/tmp/backbone_swap_panns_p7fs97_5/data/PhysioNet2022/training_data/84949_AV.wav,1.0,0.16547346
/tmp/backbone_swap_panns_p7fs97_5/data/PhysioNet2022/training_data/84949_MV.wav,1.0,0.3827815
/tmp/backbone_swap_panns_p7fs97_5/data/PhysioNet2022/training_data/84949_PV.wav,1.0,0.26700905
/tmp/backbone_swap_panns_p7fs97_5/data/PhysioNet2022/training_data/84949_TV.wav,1.0,0.19965194
/tmp/backbone_swap_panns_p7fs97_5/data/PhysioNet2022/training_data/84962_AV.wav,1.0,0.5019128
/tmp/backbone_swap_panns_p7fs97_5/data/PhysioNet2022/training_data/84962_MV.wav,1.0,0.35745195
/tmp/backbone_swap_panns_p7fs97_5/data/PhysioNet2022/training_data/84962_PV.wav,1.0,0.4482454
/tmp/backbone_swap_panns_p7fs97_5/data/PhysioNet2022/training_data/84962_TV.wav,1.0,0.14478703
/tmp/backbone_swap_panns_p7fs97_5/data/PhysioNet2022/training_data/84966_AV.wav,1.0,0.57568204
/tmp/backbone_swap_panns_p7fs97_5/data/PhysioNet2022/training_data/84966_PV.wav,1.0,0.27154425
/tmp/backbone_swap_panns_p7fs97_5/data/PhysioNet2022/training_data/84970_AV.wav,1.0,0.18219736
/tmp/backbone_swap_panns_p7fs97_5/data/PhysioNet2022/training_data/84970_MV.wav,1.0,0.20191078
/tmp/backbone_swap_panns_p7fs97_5/data/PhysioNet2022/training_data/84971_MV.wav,1.0,0.14459284
/tmp/backbone_swap_panns_p7fs97_5/data/PhysioNet2022/training_data/84971_PV.wav,1.0,0.2184016
/tmp/backbone_swap_panns_p7fs97_5/data/PhysioNet2022/training_data/84971_TV.wav,1.0,0.20371938
/tmp/backbone_swap_panns_p7fs97_5/data/PhysioNet2022/training_data/84976_AV.wav,1.0,0.23936337
/tmp/backbone_swap_panns_p7fs97_5/data/PhysioNet2022/training_data/84976_MV.wav,1.0,0.55466264
/tmp/backbone_swap_panns_p7fs97_5/data/PhysioNet2022/training_data/84976_PV.wav,1.0,0.13291128
/tmp/backbone_swap_panns_p7fs97_5/data/PhysioNet2022/training_data/84976_TV.wav,1.0,0.08051865
/tmp/backbone_swap_panns_p7fs97_5/data/PhysioNet2022/training_data/84977_AV.wav,1.0,0.18747878
/tmp/backbone_swap_panns_p7fs97_5/data/PhysioNet2022/training_data/84977_MV.wav,1.0,0.29201308
/tmp/backbone_swap_panns_p7fs97_5/data/PhysioNet2022/training_data/84977_PV.wav,1.0,0.19508618
/tmp/backbone_swap_panns_p7fs97_5/data/PhysioNet2022/training_data/84977_TV.wav,1.0,0.29584253
/tmp/backbone_swap_panns_p7fs97_5/data/PhysioNet2022/training_data/84978_AV.wav,1.0,0.096729495
/tmp/backbone_swap_panns_p7fs97_5/data/PhysioNet2022/training_data/84978_MV.wav,1.0,0.27317873
/tmp/backbone_swap_panns_p7fs97_5/data/PhysioNet2022/training_data/84978_PV.wav,1.0,0.24289815
/tmp/backbone_swap_panns_p7fs97_5/data/PhysioNet2022/training_data/84978_TV.wav,1.0,0.28754336
/tmp/backbone_swap_panns_p7fs97_5/data/PhysioNet2022/training_data/84982_AV.wav,1.0,0.35717604
/tmp/backbone_swap_panns_p7fs97_5/data/PhysioNet2022/training_data/84982_MV.wav,1.0,0.3593222
/tmp/backbone_swap_panns_p7fs97_5/data/PhysioNet2022/training_data/84982_PV.wav,1.0,0.65499705
/tmp/backbone_swap_panns_p7fs97_5/data/PhysioNet2022/training_data/84982_TV.wav,1.0,0.17255525
/tmp/backbone_swap_panns_p7fs97_5/data/PhysioNet2022/training_data/84983_MV.wav,1.0,0.34056485
/tmp/backbone_swap_panns_p7fs97_5/data/PhysioNet2022/training_data/84983_PV.wav,1.0,0.3727754
/tmp/backbone_swap_panns_p7fs97_5/data/PhysioNet2022/training_data/84983_TV.wav,1.0,0.14040443
/tmp/backbone_swap_panns_p7fs97_5/data/PhysioNet2022/training_data/84985_AV.wav,1.0,0.43644017
/tmp/backbone_swap_panns_p7fs97_5/data/PhysioNet2022/training_data/84985_MV.wav,1.0,0.08804361
/tmp/backbone_swap_panns_p7fs97_5/data/PhysioNet2022/training_data/84985_PV.wav,1.0,0.17758517
/tmp/backbone_swap_panns_p7fs97_5/data/PhysioNet2022/training_data/84985_TV.wav,1.0,0.17077209
/tmp/backbone_swap_panns_p7fs97_5/data/PhysioNet2022/training_data/84990_AV.wav,1.0,0.227491
/tmp/backbone_swap_panns_p7fs97_5/data/PhysioNet2022/training_data/84990_MV.wav,1.0,0.38409176
/tmp/backbone_swap_panns_p7fs97_5/data/PhysioNet2022/training_data/84990_PV.wav,1.0,0.11478004
/tmp/backbone_swap_panns_p7fs97_5/data/PhysioNet2022/training_data/84990_TV.wav,1.0,0.33115953
/tmp/backbone_swap_panns_p7fs97_5/data/PhysioNet2022/training_data/84991_AV.wav,1.0,0.25454074
/tmp/backbone_swap_panns_p7fs97_5/data/PhysioNet2022/training_data/84991_MV.wav,1.0,0.13209446
/tmp/backbone_swap_panns_p7fs97_5/data/PhysioNet2022/training_data/84991_PV.wav,1.0,0.19862553
/tmp/backbone_swap_panns_p7fs97_5/data/PhysioNet2022/training_data/84991_TV.wav,1.0,0.21497008
/tmp/backbone_swap_panns_p7fs97_5/data/PhysioNet2022/training_data/84995_AV.wav,1.0,0.1811281
/tmp/backbone_swap_panns_p7fs97_5/data/PhysioNet2022/training_data/84995_MV.wav,1.0,0.16701053
/tmp/backbone_swap_panns_p7fs97_5/data/PhysioNet2022/training_data/84996_AV.wav,1.0,0.22640632
/tmp/backbone_swap_panns_p7fs97_5/data/PhysioNet2022/training_data/84996_MV.wav,1.0,0.5050196
/tmp/backbone_swap_panns_p7fs97_5/data/PhysioNet2022/training_data/84996_PV.wav,1.0,0.34109336
/tmp/backbone_swap_panns_p7fs97_5/data/PhysioNet2022/training_data/84996_TV.wav,1.0,0.28561196
/tmp/backbone_swap_panns_p7fs97_5/data/PhysioNet2022/training_data/85004_MV.wav,1.0,0.08902275
/tmp/backbone_swap_panns_p7fs97_5/data/PhysioNet2022/training_data/85012_AV.wav,1.0,0.56334317
/tmp/backbone_swap_panns_p7fs97_5/data/PhysioNet2022/training_data/85012_MV.wav,1.0,0.23504132
/tmp/backbone_swap_panns_p7fs97_5/data/PhysioNet2022/training_data/85012_PV.wav,1.0,0.41520947
/tmp/backbone_swap_panns_p7fs97_5/data/PhysioNet2022/training_data/85012_TV.wav,1.0,0.25272378
/tmp/backbone_swap_panns_p7fs97_5/data/PhysioNet2022/training_data/85019_AV.wav,1.0,0.2735572
/tmp/backbone_swap_panns_p7fs97_5/data/PhysioNet2022/training_data/85019_MV.wav,1.0,0.28079206
/tmp/backbone_swap_panns_p7fs97_5/data/PhysioNet2022/training_data/85020_AV.wav,1.0,0.40632007
/tmp/backbone_swap_panns_p7fs97_5/data/PhysioNet2022/training_data/85020_MV.wav,1.0,0.3083498
/tmp/backbone_swap_panns_p7fs97_5/data/PhysioNet2022/training_data/85020_PV.wav,1.0,0.17017098
/tmp/backbone_swap_panns_p7fs97_5/data/PhysioNet2022/training_data/85020_TV.wav,1.0,0.5310917
/tmp/backbone_swap_panns_p7fs97_5/data/PhysioNet2022/training_data/85034_AV.wav,1.0,0.32673827
/tmp/backbone_swap_panns_p7fs97_5/data/PhysioNet2022/training_data/85034_MV.wav,1.0,0.4351681
/tmp/backbone_swap_panns_p7fs97_5/data/PhysioNet2022/training_data/85035_AV.wav,1.0,0.24110995
/tmp/backbone_swap_panns_p7fs97_5/data/PhysioNet2022/training_data/85035_MV.wav,1.0,0.5458079
/tmp/backbone_swap_panns_p7fs97_5/data/PhysioNet2022/training_data/85035_PV.wav,1.0,0.23265596
/tmp/backbone_swap_panns_p7fs97_5/data/PhysioNet2022/training_data/85035_TV.wav,1.0,0.14114025
/tmp/backbone_swap_panns_p7fs97_5/data/PhysioNet2022/training_data/85042_AV.wav,1.0,0.36641145
/tmp/backbone_swap_panns_p7fs97_5/data/PhysioNet2022/training_data/85042_MV.wav,1.0,0.23047903
/tmp/backbone_swap_panns_p7fs97_5/data/PhysioNet2022/training_data/85042_PV.wav,1.0,0.2699312
/tmp/backbone_swap_panns_p7fs97_5/data/PhysioNet2022/training_data/85042_TV.wav,1.0,0.4774944
/tmp/backbone_swap_panns_p7fs97_5/data/PhysioNet2022/training_data/85046_AV.wav,1.0,0.5814484
/tmp/backbone_swap_panns_p7fs97_5/data/PhysioNet2022/training_data/85046_MV.wav,1.0,0.72255963
/tmp/backbone_swap_panns_p7fs97_5/data/PhysioNet2022/training_data/85046_PV.wav,1.0,0.23826979
/tmp/backbone_swap_panns_p7fs97_5/data/PhysioNet2022/training_data/85046_TV.wav,1.0,0.16596816
/tmp/backbone_swap_panns_p7fs97_5/data/PhysioNet2022/training_data/85052_MV.wav,1.0,0.29335925
/tmp/backbone_swap_panns_p7fs97_5/data/PhysioNet2022/training_data/85052_PV.wav,1.0,0.26504642
/tmp/backbone_swap_panns_p7fs97_5/data/PhysioNet2022/training_data/85052_TV.wav,1.0,0.33626288
/tmp/backbone_swap_panns_p7fs97_5/data/PhysioNet2022/training_data/85053_AV.wav,1.0,0.18414198
/tmp/backbone_swap_panns_p7fs97_5/data/PhysioNet2022/training_data/85053_MV.wav,1.0,0.2675097
/tmp/backbone_swap_panns_p7fs97_5/data/PhysioNet2022/training_data/85053_PV.wav,1.0,0.392524
/tmp/backbone_swap_panns_p7fs97_5/data/PhysioNet2022/training_data/85053_TV.wav,1.0,0.31918493
/tmp/backbone_swap_panns_p7fs97_5/data/PhysioNet2022/training_data/85057_AV.wav,1.0,0.3634498
/tmp/backbone_swap_panns_p7fs97_5/data/PhysioNet2022/training_data/85057_MV.wav,1.0,0.24425338
/tmp/backbone_swap_panns_p7fs97_5/data/PhysioNet2022/training_data/85057_PV.wav,1.0,0.19276336
/tmp/backbone_swap_panns_p7fs97_5/data/PhysioNet2022/training_data/85057_TV.wav,1.0,0.14351794
/tmp/backbone_swap_panns_p7fs97_5/data/PhysioNet2022/training_data/85062_AV.wav,1.0,0.13547954
/tmp/backbone_swap_panns_p7fs97_5/data/PhysioNet2022/training_data/85062_MV.wav,1.0,0.20036127
/tmp/backbone_swap_panns_p7fs97_5/data/PhysioNet2022/training_data/85062_PV.wav,1.0,0.14262779
/tmp/backbone_swap_panns_p7fs97_5/data/PhysioNet2022/training_data/85062_TV.wav,1.0,0.44487876
/tmp/backbone_swap_panns_p7fs97_5/data/PhysioNet2022/training_data/85063_MV.wav,1.0,0.12315747
/tmp/backbone_swap_panns_p7fs97_5/data/PhysioNet2022/training_data/85066_MV.wav,1.0,0.2449706
/tmp/backbone_swap_panns_p7fs97_5/data/PhysioNet2022/training_data/85069_AV.wav,1.0,0.16006304
/tmp/backbone_swap_panns_p7fs97_5/data/PhysioNet2022/training_data/85069_MV.wav,1.0,0.38504815
/tmp/backbone_swap_panns_p7fs97_5/data/PhysioNet2022/training_data/85069_PV.wav,1.0,0.2226407
/tmp/backbone_swap_panns_p7fs97_5/data/PhysioNet2022/training_data/85069_TV.wav,1.0,0.106658086
/tmp/backbone_swap_panns_p7fs97_5/data/PhysioNet2022/training_data/85077_AV.wav,1.0,0.20338948
/tmp/backbone_swap_panns_p7fs97_5/data/PhysioNet2022/training_data/85077_MV.wav,1.0,0.2631879
/tmp/backbone_swap_panns_p7fs97_5/data/PhysioNet2022/training_data/85077_PV.wav,1.0,0.17484559
/tmp/backbone_swap_panns_p7fs97_5/data/PhysioNet2022/training_data/85077_TV.wav,1.0,0.11829429
/tmp/backbone_swap_panns_p7fs97_5/data/PhysioNet2022/training_data/85081_AV.wav,1.0,0.5488197
/tmp/backbone_swap_panns_p7fs97_5/data/PhysioNet2022/training_data/85081_MV.wav,1.0,0.21128845
/tmp/backbone_swap_panns_p7fs97_5/data/PhysioNet2022/training_data/85094_AV.wav,1.0,0.4411029
/tmp/backbone_swap_panns_p7fs97_5/data/PhysioNet2022/training_data/85094_MV.wav,1.0,0.30788532
/tmp/backbone_swap_panns_p7fs97_5/data/PhysioNet2022/training_data/85094_PV.wav,1.0,0.1469623
/tmp/backbone_swap_panns_p7fs97_5/data/PhysioNet2022/training_data/85094_TV.wav,1.0,0.2089696
/tmp/backbone_swap_panns_p7fs97_5/data/PhysioNet2022/training_data/85096_AV.wav,1.0,0.21035556
/tmp/backbone_swap_panns_p7fs97_5/data/PhysioNet2022/training_data/85096_MV.wav,1.0,0.2336442
/tmp/backbone_swap_panns_p7fs97_5/data/PhysioNet2022/training_data/85096_PV.wav,1.0,0.4049042
/tmp/backbone_swap_panns_p7fs97_5/data/PhysioNet2022/training_data/85096_TV.wav,1.0,0.20968257
/tmp/backbone_swap_panns_p7fs97_5/data/PhysioNet2022/training_data/85099_AV.wav,1.0,0.34875977
/tmp/backbone_swap_panns_p7fs97_5/data/PhysioNet2022/training_data/85099_MV.wav,1.0,0.77061075
/tmp/backbone_swap_panns_p7fs97_5/data/PhysioNet2022/training_data/85099_PV.wav,1.0,0.27295682
/tmp/backbone_swap_panns_p7fs97_5/data/PhysioNet2022/training_data/85099_TV.wav,1.0,0.41189373
/tmp/backbone_swap_panns_p7fs97_5/data/PhysioNet2022/training_data/85100_AV.wav,1.0,0.26935202
/tmp/backbone_swap_panns_p7fs97_5/data/PhysioNet2022/training_data/85100_PV.wav,1.0,0.18990153
/tmp/backbone_swap_panns_p7fs97_5/data/PhysioNet2022/training_data/85102_AV.wav,1.0,0.26148024
/tmp/backbone_swap_panns_p7fs97_5/data/PhysioNet2022/training_data/85102_MV.wav,1.0,0.2542161
/tmp/backbone_swap_panns_p7fs97_5/data/PhysioNet2022/training_data/85102_PV.wav,1.0,0.25110608
/tmp/backbone_swap_panns_p7fs97_5/data/PhysioNet2022/training_data/85102_TV.wav,1.0,0.2332731
/tmp/backbone_swap_panns_p7fs97_5/data/PhysioNet2022/training_data/85103_AV.wav,1.0,0.40756503
/tmp/backbone_swap_panns_p7fs97_5/data/PhysioNet2022/training_data/85103_PV.wav,1.0,0.101968944
/tmp/backbone_swap_panns_p7fs97_5/data/PhysioNet2022/training_data/85103_TV.wav,1.0,0.59527135
/tmp/backbone_swap_panns_p7fs97_5/data/PhysioNet2022/training_data/85108_AV.wav,1.0,0.14572239
/tmp/backbone_swap_panns_p7fs97_5/data/PhysioNet2022/training_data/85108_MV.wav,1.0,0.1354583
/tmp/backbone_swap_panns_p7fs97_5/data/PhysioNet2022/training_data/85108_PV.wav,1.0,0.28468332
/tmp/backbone_swap_panns_p7fs97_5/data/PhysioNet2022/training_data/85108_TV.wav,1.0,0.24329858
/tmp/backbone_swap_panns_p7fs97_5/data/PhysioNet2022/training_data/85109_AV.wav,1.0,0.24555975
/tmp/backbone_swap_panns_p7fs97_5/data/PhysioNet2022/training_data/85109_MV.wav,1.0,0.1937438
/tmp/backbone_swap_panns_p7fs97_5/data/PhysioNet2022/training_data/85109_PV.wav,1.0,0.24725172
/tmp/backbone_swap_panns_p7fs97_5/data/PhysioNet2022/training_data/85109_TV.wav,1.0,0.47980362
/tmp/backbone_swap_panns_p7fs97_5/data/PhysioNet2022/training_data/85110_AV.wav,1.0,0.35873988
/tmp/backbone_swap_panns_p7fs97_5/data/PhysioNet2022/training_data/85110_MV.wav,1.0,0.3013172
/tmp/backbone_swap_panns_p7fs97_5/data/PhysioNet2022/training_data/85110_PV.wav,1.0,0.28749204
/tmp/backbone_swap_panns_p7fs97_5/data/PhysioNet2022/training_data/85110_TV.wav,1.0,0.5181956
/tmp/backbone_swap_panns_p7fs97_5/data/PhysioNet2022/training_data/85115_AV.wav,1.0,0.22087914
/tmp/backbone_swap_panns_p7fs97_5/data/PhysioNet2022/training_data/85115_MV.wav,1.0,0.16196573
/tmp/backbone_swap_panns_p7fs97_5/data/PhysioNet2022/training_data/85115_PV.wav,1.0,0.52655274
/tmp/backbone_swap_panns_p7fs97_5/data/PhysioNet2022/training_data/85115_TV.wav,1.0,0.35142478
/tmp/backbone_swap_panns_p7fs97_5/data/PhysioNet2022/training_data/85118_AV.wav,1.0,0.29140258
/tmp/backbone_swap_panns_p7fs97_5/data/PhysioNet2022/training_data/85118_MV.wav,1.0,0.47940952
/tmp/backbone_swap_panns_p7fs97_5/data/PhysioNet2022/training_data/85118_PV.wav,1.0,0.2393398
/tmp/backbone_swap_panns_p7fs97_5/data/PhysioNet2022/training_data/85118_TV.wav,1.0,0.18460867
/tmp/backbone_swap_panns_p7fs97_5/data/PhysioNet2022/training_data/85119_AV.wav,1.0,0.123452745
/tmp/backbone_swap_panns_p7fs97_5/data/PhysioNet2022/training_data/85119_MV.wav,1.0,0.13854428
/tmp/backbone_swap_panns_p7fs97_5/data/PhysioNet2022/training_data/85119_PV.wav,1.0,0.3896478
/tmp/backbone_swap_panns_p7fs97_5/data/PhysioNet2022/training_data/85119_TV.wav,1.0,0.19436947
/tmp/backbone_swap_panns_p7fs97_5/data/PhysioNet2022/training_data/85121_AV.wav,1.0,0.25608915
/tmp/backbone_swap_panns_p7fs97_5/data/PhysioNet2022/training_data/85121_MV.wav,1.0,0.23403467
/tmp/backbone_swap_panns_p7fs97_5/data/PhysioNet2022/training_data/85121_PV.wav,1.0,0.12438816
/tmp/backbone_swap_panns_p7fs97_5/data/PhysioNet2022/training_data/85121_TV.wav,1.0,0.25065908
/tmp/backbone_swap_panns_p7fs97_5/data/PhysioNet2022/training_data/85131_AV.wav,1.0,0.18855473
/tmp/backbone_swap_panns_p7fs97_5/data/PhysioNet2022/training_data/85131_MV.wav,1.0,0.5264121
/tmp/backbone_swap_panns_p7fs97_5/data/PhysioNet2022/training_data/85131_PV.wav,1.0,0.07816223
/tmp/backbone_swap_panns_p7fs97_5/data/PhysioNet2022/training_data/85131_TV.wav,1.0,0.09748485
/tmp/backbone_swap_panns_p7fs97_5/data/PhysioNet2022/training_data/85134_AV.wav,1.0,0.25807622
/tmp/backbone_swap_panns_p7fs97_5/data/PhysioNet2022/training_data/85134_MV.wav,1.0,0.2623726
/tmp/backbone_swap_panns_p7fs97_5/data/PhysioNet2022/training_data/85134_PV.wav,1.0,0.4666481
/tmp/backbone_swap_panns_p7fs97_5/data/PhysioNet2022/training_data/85134_TV.wav,1.0,0.32138047
/tmp/backbone_swap_panns_p7fs97_5/data/PhysioNet2022/training_data/85139_MV.wav,1.0,0.18622693
/tmp/backbone_swap_panns_p7fs97_5/data/PhysioNet2022/training_data/85139_PV.wav,1.0,0.38664186
/tmp/backbone_swap_panns_p7fs97_5/data/PhysioNet2022/training_data/85139_TV.wav,1.0,0.33514905
/tmp/backbone_swap_panns_p7fs97_5/data/PhysioNet2022/training_data/85144_AV.wav,1.0,0.16386862
/tmp/backbone_swap_panns_p7fs97_5/data/PhysioNet2022/training_data/85144_MV.wav,1.0,0.10939294
/tmp/backbone_swap_panns_p7fs97_5/data/PhysioNet2022/training_data/85150_AV.wav,1.0,0.17093655
/tmp/backbone_swap_panns_p7fs97_5/data/PhysioNet2022/training_data/85150_PV.wav,1.0,0.5157564
/tmp/backbone_swap_panns_p7fs97_5/data/PhysioNet2022/training_data/85152_AV.wav,1.0,0.241759
/tmp/backbone_swap_panns_p7fs97_5/data/PhysioNet2022/training_data/85152_MV.wav,1.0,0.17816073
/tmp/backbone_swap_panns_p7fs97_5/data/PhysioNet2022/training_data/85152_PV.wav,1.0,0.09250154
/tmp/backbone_swap_panns_p7fs97_5/data/PhysioNet2022/training_data/85152_TV.wav,1.0,0.2557999
/tmp/backbone_swap_panns_p7fs97_5/data/PhysioNet2022/training_data/85157_AV.wav,1.0,0.29500046
/tmp/backbone_swap_panns_p7fs97_5/data/PhysioNet2022/training_data/85157_MV.wav,1.0,0.2887831
/tmp/backbone_swap_panns_p7fs97_5/data/PhysioNet2022/training_data/85157_PV.wav,1.0,0.39771628
/tmp/backbone_swap_panns_p7fs97_5/data/PhysioNet2022/training_data/85157_TV.wav,1.0,0.45984155
/tmp/backbone_swap_panns_p7fs97_5/data/PhysioNet2022/training_data/85162_AV.wav,1.0,0.27261055
/tmp/backbone_swap_panns_p7fs97_5/data/PhysioNet2022/training_data/85162_MV.wav,1.0,0.17286456
/tmp/backbone_swap_panns_p7fs97_5/data/PhysioNet2022/training_data/85162_PV.wav,1.0,0.22019096
/tmp/backbone_swap_panns_p7fs97_5/data/PhysioNet2022/training_data/85162_TV.wav,1.0,0.24312776
/tmp/backbone_swap_panns_p7fs97_5/data/PhysioNet2022/training_data/85163_AV.wav,1.0,0.1665639
/tmp/backbone_swap_panns_p7fs97_5/data/PhysioNet2022/training_data/85163_MV.wav,1.0,0.14486751
/tmp/backbone_swap_panns_p7fs97_5/data/PhysioNet2022/training_data/85163_PV.wav,1.0,0.5338642
/tmp/backbone_swap_panns_p7fs97_5/data/PhysioNet2022/training_data/85163_TV.wav,1.0,0.25643605
/tmp/backbone_swap_panns_p7fs97_5/data/PhysioNet2022/training_data/85164_AV.wav,1.0,0.13680169
/tmp/backbone_swap_panns_p7fs97_5/data/PhysioNet2022/training_data/85164_MV.wav,1.0,0.12636
/tmp/backbone_swap_panns_p7fs97_5/data/PhysioNet2022/training_data/85164_PV.wav,1.0,0.16133629
/tmp/backbone_swap_panns_p7fs97_5/data/PhysioNet2022/training_data/85164_TV.wav,1.0,0.26410118
/tmp/backbone_swap_panns_p7fs97_5/data/PhysioNet2022/training_data/85168_AV.wav,1.0,0.22823372
/tmp/backbone_swap_panns_p7fs97_5/data/PhysioNet2022/training_data/85168_MV.wav,1.0,0.3967023
/tmp/backbone_swap_panns_p7fs97_5/data/PhysioNet2022/training_data/85168_PV.wav,1.0,0.32173154
/tmp/backbone_swap_panns_p7fs97_5/data/PhysioNet2022/training_data/85168_TV.wav,1.0,0.20303798
/tmp/backbone_swap_panns_p7fs97_5/data/PhysioNet2022/training_data/85174_AV.wav,1.0,0.24037421
/tmp/backbone_swap_panns_p7fs97_5/data/PhysioNet2022/training_data/85174_MV.wav,1.0,0.15899868
/tmp/backbone_swap_panns_p7fs97_5/data/PhysioNet2022/training_data/85174_PV.wav,1.0,0.34513235
/tmp/backbone_swap_panns_p7fs97_5/data/PhysioNet2022/training_data/85174_TV.wav,1.0,0.5169976
/tmp/backbone_swap_panns_p7fs97_5/data/PhysioNet2022/training_data/85175_AV.wav,1.0,0.14703476
/tmp/backbone_swap_panns_p7fs97_5/data/PhysioNet2022/training_data/85175_MV.wav,1.0,0.15033016
/tmp/backbone_swap_panns_p7fs97_5/data/PhysioNet2022/training_data/85175_PV.wav,1.0,0.65417653
/tmp/backbone_swap_panns_p7fs97_5/data/PhysioNet2022/training_data/85175_TV.wav,1.0,0.3798313
/tmp/backbone_swap_panns_p7fs97_5/data/PhysioNet2022/training_data/85186_AV.wav,1.0,0.28111187
/tmp/backbone_swap_panns_p7fs97_5/data/PhysioNet2022/training_data/85186_PV.wav,1.0,0.13507274
/tmp/backbone_swap_panns_p7fs97_5/data/PhysioNet2022/training_data/85186_TV.wav,1.0,0.12409787
/tmp/backbone_swap_panns_p7fs97_5/data/PhysioNet2022/training_data/85202_AV.wav,1.0,0.22309121
/tmp/backbone_swap_panns_p7fs97_5/data/PhysioNet2022/training_data/85202_MV.wav,1.0,0.29224563
/tmp/backbone_swap_panns_p7fs97_5/data/PhysioNet2022/training_data/85207_AV.wav,1.0,0.20934863
/tmp/backbone_swap_panns_p7fs97_5/data/PhysioNet2022/training_data/85207_MV.wav,1.0,0.33690554
/tmp/backbone_swap_panns_p7fs97_5/data/PhysioNet2022/training_data/85207_PV.wav,1.0,0.38224313
/tmp/backbone_swap_panns_p7fs97_5/data/PhysioNet2022/training_data/85207_TV.wav,1.0,0.25823572
/tmp/backbone_swap_panns_p7fs97_5/data/PhysioNet2022/training_data/85212_AV.wav,1.0,0.26155338
/tmp/backbone_swap_panns_p7fs97_5/data/PhysioNet2022/training_data/85212_MV.wav,1.0,0.66020155
/tmp/backbone_swap_panns_p7fs97_5/data/PhysioNet2022/training_data/85212_PV.wav,1.0,0.16558193
/tmp/backbone_swap_panns_p7fs97_5/data/PhysioNet2022/training_data/85212_TV.wav,1.0,0.14645895
/tmp/backbone_swap_panns_p7fs97_5/data/PhysioNet2022/training_data/85216_AV.wav,1.0,0.209002
/tmp/backbone_swap_panns_p7fs97_5/data/PhysioNet2022/training_data/85216_MV.wav,1.0,0.24243881
/tmp/backbone_swap_panns_p7fs97_5/data/PhysioNet2022/training_data/85216_PV.wav,1.0,0.35362157
/tmp/backbone_swap_panns_p7fs97_5/data/PhysioNet2022/training_data/85216_TV.wav,1.0,0.20953794
/tmp/backbone_swap_panns_p7fs97_5/data/PhysioNet2022/training_data/85230_AV.wav,1.0,0.44638273
/tmp/backbone_swap_panns_p7fs97_5/data/PhysioNet2022/training_data/85230_MV.wav,1.0,0.21054468
/tmp/backbone_swap_panns_p7fs97_5/data/PhysioNet2022/training_data/85230_PV.wav,1.0,0.20881104
/tmp/backbone_swap_panns_p7fs97_5/data/PhysioNet2022/training_data/85230_TV.wav,1.0,0.34721833
/tmp/backbone_swap_panns_p7fs97_5/data/PhysioNet2022/training_data/85234_AV.wav,1.0,0.44697088
/tmp/backbone_swap_panns_p7fs97_5/data/PhysioNet2022/training_data/85234_MV.wav,1.0,0.5927413
/tmp/backbone_swap_panns_p7fs97_5/data/PhysioNet2022/training_data/85234_PV.wav,1.0,0.18005633
/tmp/backbone_swap_panns_p7fs97_5/data/PhysioNet2022/training_data/85234_TV.wav,1.0,0.1877207
/tmp/backbone_swap_panns_p7fs97_5/data/PhysioNet2022/training_data/85236_AV.wav,1.0,0.29246622
/tmp/backbone_swap_panns_p7fs97_5/data/PhysioNet2022/training_data/85236_MV.wav,1.0,0.1246399
/tmp/backbone_swap_panns_p7fs97_5/data/PhysioNet2022/training_data/85236_PV.wav,1.0,0.30656654
/tmp/backbone_swap_panns_p7fs97_5/data/PhysioNet2022/training_data/85236_TV.wav,1.0,0.2972897
/tmp/backbone_swap_panns_p7fs97_5/data/PhysioNet2022/training_data/85239_AV.wav,1.0,0.27230045
/tmp/backbone_swap_panns_p7fs97_5/data/PhysioNet2022/training_data/85239_MV.wav,1.0,0.22572754
/tmp/backbone_swap_panns_p7fs97_5/data/PhysioNet2022/training_data/85239_PV.wav,1.0,0.21511696
/tmp/backbone_swap_panns_p7fs97_5/data/PhysioNet2022/training_data/85239_TV.wav,1.0,0.10476135
/tmp/backbone_swap_panns_p7fs97_5/data/PhysioNet2022/training_data/85244_AV.wav,1.0,0.56820804
/tmp/backbone_swap_panns_p7fs97_5/data/PhysioNet2022/training_data/85244_MV.wav,1.0,0.5586594
/tmp/backbone_swap_panns_p7fs97_5/data/PhysioNet2022/training_data/85244_PV.wav,1.0,0.31635866
/tmp/backbone_swap_panns_p7fs97_5/data/PhysioNet2022/training_data/85244_TV.wav,1.0,0.18715027
/tmp/backbone_swap_panns_p7fs97_5/data/PhysioNet2022/training_data/85247_AV.wav,1.0,0.27060023
/tmp/backbone_swap_panns_p7fs97_5/data/PhysioNet2022/training_data/85247_MV.wav,1.0,0.11386678
/tmp/backbone_swap_panns_p7fs97_5/data/PhysioNet2022/training_data/85247_PV.wav,1.0,0.07526634
/tmp/backbone_swap_panns_p7fs97_5/data/PhysioNet2022/training_data/85247_TV.wav,1.0,0.24924332
/tmp/backbone_swap_panns_p7fs97_5/data/PhysioNet2022/training_data/85252_AV.wav,1.0,0.2071488
/tmp/backbone_swap_panns_p7fs97_5/data/PhysioNet2022/training_data/85252_MV.wav,1.0,0.34338877
/tmp/backbone_swap_panns_p7fs97_5/data/PhysioNet2022/training_data/85252_PV.wav,1.0,0.14170314
/tmp/backbone_swap_panns_p7fs97_5/data/PhysioNet2022/training_data/85252_TV.wav,1.0,0.1406799
/tmp/backbone_swap_panns_p7fs97_5/data/PhysioNet2022/training_data/85253_AV.wav,1.0,0.21897875
/tmp/backbone_swap_panns_p7fs97_5/data/PhysioNet2022/training_data/85253_MV.wav,1.0,0.25299433
/tmp/backbone_swap_panns_p7fs97_5/data/PhysioNet2022/training_data/85253_PV.wav,1.0,0.16508932
/tmp/backbone_swap_panns_p7fs97_5/data/PhysioNet2022/training_data/85253_TV.wav,1.0,0.16959342
/tmp/backbone_swap_panns_p7fs97_5/data/PhysioNet2022/training_data/85258_AV.wav,1.0,0.13090847
/tmp/backbone_swap_panns_p7fs97_5/data/PhysioNet2022/training_data/85258_MV.wav,1.0,0.093243256
/tmp/backbone_swap_panns_p7fs97_5/data/PhysioNet2022/training_data/85258_PV.wav,1.0,0.57796377
/tmp/backbone_swap_panns_p7fs97_5/data/PhysioNet2022/training_data/85258_TV.wav,1.0,0.15954532
/tmp/backbone_swap_panns_p7fs97_5/data/PhysioNet2022/training_data/85276_MV.wav,1.0,0.21058889
/tmp/backbone_swap_panns_p7fs97_5/data/PhysioNet2022/training_data/85277_AV.wav,1.0,0.2623658
/tmp/backbone_swap_panns_p7fs97_5/data/PhysioNet2022/training_data/85277_MV.wav,1.0,0.078136586
/tmp/backbone_swap_panns_p7fs97_5/data/PhysioNet2022/training_data/85277_PV.wav,1.0,0.27132154
/tmp/backbone_swap_panns_p7fs97_5/data/PhysioNet2022/training_data/85277_TV.wav,1.0,0.11233429
/tmp/backbone_swap_panns_p7fs97_5/data/PhysioNet2022/training_data/85282_AV.wav,1.0,0.15889941
/tmp/backbone_swap_panns_p7fs97_5/data/PhysioNet2022/training_data/85282_MV.wav,1.0,0.3074267
/tmp/backbone_swap_panns_p7fs97_5/data/PhysioNet2022/training_data/85282_PV.wav,1.0,0.45146286
/tmp/backbone_swap_panns_p7fs97_5/data/PhysioNet2022/training_data/85282_TV.wav,1.0,0.21334566
/tmp/backbone_swap_panns_p7fs97_5/data/PhysioNet2022/training_data/85285_AV.wav,1.0,0.30346212
/tmp/backbone_swap_panns_p7fs97_5/data/PhysioNet2022/training_data/85285_MV.wav,1.0,0.2362604
/tmp/backbone_swap_panns_p7fs97_5/data/PhysioNet2022/training_data/85285_PV.wav,1.0,0.3413589
/tmp/backbone_swap_panns_p7fs97_5/data/PhysioNet2022/training_data/85285_TV.wav,1.0,0.1804196
/tmp/backbone_swap_panns_p7fs97_5/data/PhysioNet2022/training_data/85293_AV.wav,1.0,0.35982692
/tmp/backbone_swap_panns_p7fs97_5/data/PhysioNet2022/training_data/85293_MV.wav,1.0,0.3456587
/tmp/backbone_swap_panns_p7fs97_5/data/PhysioNet2022/training_data/85293_PV.wav,1.0,0.15265755
/tmp/backbone_swap_panns_p7fs97_5/data/PhysioNet2022/training_data/85293_TV.wav,1.0,0.147897
/tmp/backbone_swap_panns_p7fs97_5/data/PhysioNet2022/training_data/85312_AV.wav,1.0,0.34088308
/tmp/backbone_swap_panns_p7fs97_5/data/PhysioNet2022/training_data/85312_MV.wav,1.0,0.19294332
/tmp/backbone_swap_panns_p7fs97_5/data/PhysioNet2022/training_data/85312_PV.wav,1.0,0.3347371
/tmp/backbone_swap_panns_p7fs97_5/data/PhysioNet2022/training_data/85312_TV.wav,1.0,0.13884056
/tmp/backbone_swap_panns_p7fs97_5/data/PhysioNet2022/training_data/85317_AV.wav,1.0,0.18071501
/tmp/backbone_swap_panns_p7fs97_5/data/PhysioNet2022/training_data/85323_PV.wav,1.0,0.20225675
/tmp/backbone_swap_panns_p7fs97_5/data/PhysioNet2022/training_data/85326_AV.wav,1.0,0.32888156
/tmp/backbone_swap_panns_p7fs97_5/data/PhysioNet2022/training_data/85326_MV.wav,1.0,0.28534055
/tmp/backbone_swap_panns_p7fs97_5/data/PhysioNet2022/training_data/85326_PV.wav,1.0,0.27361503
/tmp/backbone_swap_panns_p7fs97_5/data/PhysioNet2022/training_data/85326_TV.wav,1.0,0.3563619
/tmp/backbone_swap_panns_p7fs97_5/data/PhysioNet2022/training_data/85334_AV.wav,1.0,0.28251943
/tmp/backbone_swap_panns_p7fs97_5/data/PhysioNet2022/training_data/85334_MV.wav,1.0,0.26915836
/tmp/backbone_swap_panns_p7fs97_5/data/PhysioNet2022/training_data/85334_PV.wav,1.0,0.18811177
/tmp/backbone_swap_panns_p7fs97_5/data/PhysioNet2022/training_data/85334_TV.wav,1.0,0.30659395
/tmp/backbone_swap_panns_p7fs97_5/data/PhysioNet2022/training_data/85339_MV.wav,1.0,0.11789486
/tmp/backbone_swap_panns_p7fs97_5/data/PhysioNet2022/training_data/85345_AV.wav,1.0,0.22137868
/tmp/backbone_swap_panns_p7fs97_5/data/PhysioNet2022/training_data/85345_PV.wav,1.0,0.42190906
/tmp/backbone_swap_panns_p7fs97_5/data/PhysioNet2022/training_data/85349_AV.wav,1.0,0.29117396
/tmp/backbone_swap_panns_p7fs97_5/data/PhysioNet2022/training_data/85349_PV.wav,1.0,0.3471394
/tmp/backbone_swap_panns_p7fs97_5/data/PhysioNet2022/training_data/85349_TV.wav,1.0,0.13526557
noise,0.0,0.5185758
noise,0.0,0.39862975
noise,0.0,0.12993807
noise,0.0,0.23041208
noise,0.0,0.36292973
noise,0.0,0.18088739
noise,0.0,0.11618648
noise,0.0,0.20102705
noise,0.0,0.3430326
noise,0.0,0.2857851
noise,0.0,0.2735897
noise,0.0,0.26221806
noise,0.0,0.15977977
noise,0.0,0.1849088
noise,0.0,0.23073679
noise,0.0,0.21091454
noise,0.0,0.21168837
noise,0.0,0.27283928
noise,0.0,0.19218737
noise,0.0,0.27585644
noise,0.0,0.15968671
noise,0.0,0.16885616
noise,0.0,0.3243519
noise,0.0,0.20118919
noise,0.0,0.15400875
noise,0.0,0.17224956
noise,0.0,0.08617158
noise,0.0,0.3510202
noise,0.0,0.2597466
noise,0.0,0.11519727
noise,0.0,0.1880347
noise,0.0,0.12397071
noise,0.0,0.23851387
noise,0.0,0.19596645
noise,0.0,0.11270769
noise,0.0,0.26632932
noise,0.0,0.28870684
noise,0.0,0.55982035
noise,0.0,0.3713057
noise,0.0,0.34642398
noise,0.0,0.26139885
noise,0.0,0.20792757
noise,0.0,0.26917344
noise,0.0,0.1587073
noise,0.0,0.6231966
noise,0.0,0.26666942
noise,0.0,0.5185758
noise,0.0,0.25225347
noise,0.0,0.58369833
noise,0.0,0.32281286
noise,0.0,0.3004375
noise,0.0,0.14833015
noise,0.0,0.40771076
noise,0.0,0.31935793
noise,0.0,0.26779267
noise,0.0,0.7446867
noise,0.0,0.2203846
noise,0.0,0.5298387
noise,0.0,0.15156506
noise,0.0,0.15137926
noise,0.0,0.11745736
noise,0.0,0.21112832
noise,0.0,0.32759225
noise,0.0,0.15005003
noise,0.0,0.28508216
noise,0.0,0.40226835
noise,0.0,0.19662301
noise,0.0,0.27515212
noise,0.0,0.19645934
noise,0.0,0.26417348
noise,0.0,0.09311241
noise,0.0,0.19413759
noise,0.0,0.16175474
noise,0.0,0.16006376
noise,0.0,0.24652503
noise,0.0,0.8322372
noise,0.0,0.26124
noise,0.0,0.21058656
noise,0.0,0.2719336
noise,0.0,0.16911428
noise,0.0,0.25263497
noise,0.0,0.260816
noise,0.0,0.15789054
noise,0.0,0.18632856
noise,0.0,0.42527047
noise,0.0,0.36347452
noise,0.0,0.23952904
noise,0.0,0.25065538
noise,0.0,0.14603943
noise,0.0,0.45365882
noise,0.0,0.57886153
noise,0.0,0.19515046
noise,0.0,0.114460714
noise,0.0,0.50790155
noise,0.0,0.23528366
noise,0.0,0.32136664
noise,0.0,0.23433651
noise,0.0,0.34508744
noise,0.0,0.28913054
noise,0.0,0.09702738
noise,0.0,0.40079382
noise,0.0,0.15723042
noise,0.0,0.32804036
noise,0.0,0.2900733
noise,0.0,0.18498094
noise,0.0,0.23688349
noise,0.0,0.20158364
noise,0.0,0.18865049
noise,0.0,0.14979032
noise,0.0,0.2478838
noise,0.0,0.27505437
noise,0.0,0.34930217
noise,0.0,0.1506293
noise,0.0,0.34116897
noise,0.0,0.28704524
noise,0.0,0.42252842
noise,0.0,0.26191112
noise,0.0,0.13968723
noise,0.0,0.19154721
noise,0.0,0.2169989
noise,0.0,0.11490055
noise,0.0,0.22201428
noise,0.0,0.20206358
noise,0.0,0.33650365
noise,0.0,0.111098915
noise,0.0,0.14979461
noise,0.0,0.27575743
noise,0.0,0.31849453
noise,0.0,0.189502
noise,0.0,0.18500672
noise,0.0,0.36975425
noise,0.0,0.1502834
noise,0.0,0.11538821
noise,0.0,0.2090557
noise,0.0,0.60898507
noise,0.0,0.29031068
noise,0.0,0.33166996
noise,0.0,0.29630092
noise,0.0,0.24043591
noise,0.0,0.2436671
noise,0.0,0.15801373
noise,0.0,0.17018437
noise,0.0,0.24288934
noise,0.0,0.40939474
noise,0.0,0.15698035
noise,0.0,0.31537342
noise,0.0,0.23303255
noise,0.0,0.23021077
noise,0.0,0.14179467
noise,0.0,0.6895909
noise,0.0,0.19460537
noise,0.0,0.6369505
noise,0.0,0.66689533
noise,0.0,0.31039053
noise,0.0,0.061503492
noise,0.0,0.28913054
noise,0.0,0.21714823
noise,0.0,0.3827709
noise,0.0,0.07144651
noise,0.0,0.41681838
noise,0.0,0.11192435
noise,0.0,0.20957579
noise,0.0,0.33249778
noise,0.0,0.4185662
noise,0.0,0.5193222
noise,0.0,0.14923385
noise,0.0,0.16770843
noise,0.0,0.16496737
noise,0.0,0.49222434
noise,0.0,0.584524
noise,0.0,0.13169326
noise,0.0,0.2548426
noise,0.0,0.21775879
noise,0.0,0.30186674
noise,0.0,0.19673474
noise,0.0,0.24575056
noise,0.0,0.4891875
noise,0.0,0.30448025
noise,0.0,0.16311035
noise,0.0,0.17911573
noise,0.0,0.09517741
noise,0.0,0.34436142
noise,0.0,0.322658
noise,0.0,0.51951027
noise,0.0,0.3122784
noise,0.0,0.22591004
noise,0.0,0.4399132
noise,0.0,0.112806514
noise,0.0,0.28479025
noise,0.0,0.38267073
noise,0.0,0.33556485
noise,0.0,0.2563467
noise,0.0,0.5091602
noise,0.0,0.5761661
noise,0.0,0.51844966
noise,0.0,0.45237318
noise,0.0,0.22719282
noise,0.0,0.20792443
noise,0.0,0.1347724
noise,0.0,0.24721657
noise,0.0,0.46792027
noise,0.0,0.25326723
noise,0.0,0.25353152
noise,0.0,0.18323426
noise,0.0,0.1250627
noise,0.0,0.28704396
noise,0.0,0.25532293
noise,0.0,0.36431068
noise,0.0,0.15747969
noise,0.0,0.19722717
noise,0.0,0.19141394
noise,0.0,0.46556398
noise,0.0,0.609625
noise,0.0,0.38037094
noise,0.0,0.2406861
noise,0.0,0.10266208
noise,0.0,0.26170203
noise,0.0,0.22251795
noise,0.0,0.38462788
noise,0.0,0.18947636
noise,0.0,0.29773504
noise,0.0,0.2507902
noise,0.0,0.4332069
noise,0.0,0.13306786
noise,0.0,0.45913026
noise,0.0,0.05844565
noise,0.0,0.5153018
noise,0.0,0.23583071
noise,0.0,0.13748127
noise,0.0,0.2475483
noise,0.0,0.2279189
noise,0.0,0.24102491
noise,0.0,0.36874312
noise,0.0,0.56819737
noise,0.0,0.22067228
noise,0.0,0.2190448
noise,0.0,0.2083642
noise,0.0,0.33368233
noise,0.0,0.3650792
noise,0.0,0.6048558
noise,0.0,0.23627906
noise,0.0,0.2978846
noise,0.0,0.23243426
noise,0.0,0.31220677
noise,0.0,0.26710433
noise,0.0,0.17973176
noise,0.0,0.22338507
noise,0.0,0.05952692
noise,0.0,0.3901107
noise,0.0,0.20520878
noise,0.0,0.26729813
noise,0.0,0.17963798
noise,0.0,0.37058955
noise,0.0,0.3516666
noise,0.0,0.1294054
noise,0.0,0.27941424
noise,0.0,0.146485
noise,0.0,0.30865544
noise,0.0,0.2863759
noise,0.0,0.16974257
noise,0.0,0.38779223
noise,0.0,0.21169865
noise,0.0,0.27583644
noise,0.0,0.33289015
noise,0.0,0.41973493
noise,0.0,0.3069384
noise,0.0,0.35839128
noise,0.0,0.3079284
noise,0.0,0.1293358
noise,0.0,0.30912066
noise,0.0,0.13198721
noise,0.0,0.29501006
noise,0.0,0.33158916
noise,0.0,0.21895337
noise,0.0,0.7483448
noise,0.0,0.561591
noise,0.0,0.18617347
noise,0.0,0.35578007
noise,0.0,0.43645826
noise,0.0,0.3034905
noise,0.0,0.1770702
noise,0.0,0.14961505
noise,0.0,0.22767784
noise,0.0,0.7779406
noise,0.0,0.07422156
noise,0.0,0.35761482
noise,0.0,0.21447122
noise,0.0,0.20205416
noise,0.0,0.40269917
noise,0.0,0.20848812
noise,0.0,0.3160807
noise,0.0,0.29704398
noise,0.0,0.3090984
noise,0.0,0.34222347
noise,0.0,0.25654018
noise,0.0,0.2090856
noise,0.0,0.2853944
noise,0.0,0.20951971
noise,0.0,0.17671475
noise,0.0,0.07707191
noise,0.0,0.45065337
noise,0.0,0.13845553
noise,0.0,0.17202161
noise,0.0,0.09760102
noise,0.0,0.16741607
noise,0.0,0.16268888
noise,0.0,0.30963016
noise,0.0,0.45521554
noise,0.0,0.49116263
noise,0.0,0.13199325
noise,0.0,0.057136703
noise,0.0,0.31657586
noise,0.0,0.29147664
noise,0.0,0.42652938
noise,0.0,0.3209442
noise,0.0,0.19150747
noise,0.0,0.44250968
noise,0.0,0.32515663
noise,0.0,0.38925835
noise,0.0,0.17322087
noise,0.0,0.20165683
noise,0.0,0.19943339
noise,0.0,0.2691779
noise,0.0,0.028043458
noise,0.0,0.5691113
noise,0.0,0.218641
noise,0.0,0.12649842
noise,0.0,0.6638559
noise,0.0,0.22822838
noise,0.0,0.37787017
noise,0.0,0.36182734
noise,0.0,0.25696638
noise,0.0,0.26582125
noise,0.0,0.19908023
noise,0.0,0.18865168
noise,0.0,0.4988153
noise,0.0,0.24550422
noise,0.0,0.37692258
noise,0.0,0.23720528
noise,0.0,0.23705119
noise,0.0,0.32553282
noise,0.0,0.09013056
noise,0.0,0.28373656
noise,0.0,0.2933791
noise,0.0,0.27523687
noise,0.0,0.38778138
noise,0.0,0.36409622
noise,0.0,0.14010628
noise,0.0,0.49678642
noise,0.0,0.16089325
noise,0.0,0.31562725
noise,0.0,0.738073
noise,0.0,0.16949128
noise,0.0,0.332975
noise,0.0,0.45275933
noise,0.0,0.3902315
noise,0.0,0.24254674
noise,0.0,0.13140056
noise,0.0,0.3634812
noise,0.0,0.19653063
noise,0.0,0.20831145
noise,0.0,0.18708466
noise,0.0,0.028947271
noise,0.0,0.19993295
noise,0.0,0.26426762
noise,0.0,0.29094112
noise,0.0,0.15437616
noise,0.0,0.1803029
noise,0.0,0.19945553
noise,0.0,0.18900323
noise,0.0,0.18940869
noise,0.0,0.19383384
noise,0.0,0.17641541
noise,0.0,0.34814766
noise,0.0,0.1555758
noise,0.0,0.26591426
noise,0.0,0.32140705
noise,0.0,0.34523344
noise,0.0,0.35870472
noise,0.0,0.025832016
noise,0.0,0.052231967
noise,0.0,0.17848806
noise,0.0,0.1348348
noise,0.0,0.23306856
noise,0.0,0.3739923
noise,0.0,0.1433932
noise,0.0,0.117553085
noise,0.0,0.34457803
noise,0.0,0.33792752
noise,0.0,0.39610878
noise,0.0,0.56084305
noise,0.0,0.18173514
noise,0.0,0.122901194
noise,0.0,0.46251395
noise,0.0,0.3881302
noise,0.0,0.18030044
noise,0.0,0.17209634
noise,0.0,0.20157894
noise,0.0,0.51637316
noise,0.0,0.42463192
noise,0.0,0.18236563
noise,0.0,0.14456156
noise,0.0,0.25518987
noise,0.0,0.11966468
noise,0.0,0.45955226
noise,0.0,0.3218308
noise,0.0,0.29064468
noise,0.0,0.071955785
noise,0.0,0.52804464
noise,0.0,0.36369476
noise,0.0,0.5487858
noise,0.0,0.21277003
noise,0.0,0.10799829
noise,0.0,0.26955467
noise,0.0,0.16708149
noise,0.0,0.069303624
noise,0.0,0.49682465
noise,0.0,0.53720564
noise,0.0,0.17146394
noise,0.0,0.2313062
noise,0.0,0.13928586
noise,0.0,0.24992554
noise,0.0,0.14957093
noise,0.0,0.21336274
noise,0.0,0.21401295
noise,0.0,0.42514193
noise,0.0,0.25186872
noise,0.0,0.40228564
noise,0.0,0.15851548
noise,0.0,0.48913017
noise,0.0,0.5285284
noise,0.0,0.12757741
noise,0.0,0.17739592
noise,0.0,0.1878246
noise,0.0,0.08345419
noise,0.0,0.2518944
noise,0.0,0.42312598
noise,0.0,0.5586792
noise,0.0,0.3694392
noise,0.0,0.39195484
noise,0.0,0.5371321
noise,0.0,0.31192425
noise,0.0,0.24477255
noise,0.0,0.32281286
noise,0.0,0.28422967
noise,0.0,0.31060678
noise,0.0,0.43849915
noise,0.0,0.40772256
noise,0.0,0.3381574
noise,0.0,0.28891551
noise,0.0,0.23238902
noise,0.0,0.11354113
noise,0.0,0.14978664
noise,0.0,0.10883118
noise,0.0,0.77284145
noise,0.0,0.39246356
noise,0.0,0.17902815
noise,0.0,0.34546012
noise,0.0,0.2748118
noise,0.0,0.24329753
noise,0.0,0.19269715
noise,0.0,0.69838
noise,0.0,0.37151283
noise,0.0,0.22388865
noise,0.0,0.14416681
noise,0.0,0.080782354
noise,0.0,0.2495355
noise,0.0,0.29845876
noise,0.0,0.40874574
noise,0.0,0.4524675
noise,0.0,0.270183
noise,0.0,0.18325414
noise,0.0,0.39983723
noise,0.0,0.22877274
noise,0.0,0.54710793
noise,0.0,0.27014324
noise,0.0,0.14743315
noise,0.0,0.11971218
noise,0.0,0.47390357
noise,0.0,0.43379635
noise,0.0,0.37606734
noise,0.0,0.39098653
noise,0.0,0.30343288
noise,0.0,0.12760766
noise,0.0,0.6508972
noise,0.0,0.33896104
noise,0.0,0.21868552
noise,0.0,0.48608956
noise,0.0,0.3573465
noise,0.0,0.21794574
noise,0.0,0.4471262
noise,0.0,0.36677432
noise,0.0,0.110629015
noise,0.0,0.25603944
noise,0.0,0.16745518
noise,0.0,0.29725283
noise,0.0,0.2865528
noise,0.0,0.2896913
noise,0.0,0.4349884
noise,0.0,0.30281016
noise,0.0,0.28941438
noise,0.0,0.12695347
noise,0.0,0.5544486
noise,0.0,0.38873187
noise,0.0,0.15966037
noise,0.0,0.28969964
noise,0.0,0.15567634
noise,0.0,0.21212773
noise,0.0,0.279043
noise,0.0,0.30707705
noise,0.0,0.11921497
noise,0.0,0.22791474
noise,0.0,0.33485425
noise,0.0,0.41407946
noise,0.0,0.14062114
noise,0.0,0.48011425
noise,0.0,0.31905764
noise,0.0,0.35094693
noise,0.0,0.14062773
noise,0.0,0.14754866
noise,0.0,0.1630425
noise,0.0,0.18782556
noise,0.0,0.3689902
noise,0.0,0.1880347
noise,0.0,0.2478246
noise,0.0,0.15104803
noise,0.0,0.25965253
noise,0.0,0.10295595
noise,0.0,0.20487054
noise,0.0,0.39239427
noise,0.0,0.50508934
noise,0.0,0.34466618
noise,0.0,0.16334657
noise,0.0,0.4020507
noise,0.0,0.16148026
noise,0.0,0.27806273
noise,0.0,0.5118889
noise,0.0,0.6486372
noise,0.0,0.27122825
noise,0.0,0.2556322
noise,0.0,0.735398
noise,0.0,0.17260681
noise,0.0,0.19587706
noise,0.0,0.22941086
noise,0.0,0.2596441
noise,0.0,0.15023367
noise,0.0,0.21708335
noise,0.0,0.27347758
noise,0.0,0.12723595
noise,0.0,0.26286042
noise,0.0,0.23526582
noise,0.0,0.30865082
noise,0.0,0.5489915
noise,0.0,0.3814791
noise,0.0,0.19377415
noise,0.0,0.0789154
noise,0.0,0.44426918
noise,0.0,0.43077976
noise,0.0,0.16718332
noise,0.0,0.30446637
noise,0.0,0.1340464
noise,0.0,0.31192425
noise,0.0,0.80350995
noise,0.0,0.3446956
noise,0.0,0.3834483
noise,0.0,0.33244702
noise,0.0,0.26145485
noise,0.0,0.367711
noise,0.0,0.19177906
noise,0.0,0.14955597
noise,0.0,0.27504763
noise,0.0,0.3113281
noise,0.0,0.31815386
noise,0.0,0.1319904
noise,0.0,0.3332692
noise,0.0,0.19807898
noise,0.0,0.72362554
noise,0.0,0.2848501
noise,0.0,0.34417912
noise,0.0,0.2986924
noise,0.0,0.50533915
noise,0.0,0.28868598
noise,0.0,0.18030126
noise,0.0,0.29038283
noise,0.0,0.22324292
noise,0.0,0.537477
noise,0.0,0.27767417
noise,0.0,0.49184084
noise,0.0,0.08710494
noise,0.0,0.3862004
noise,0.0,0.1290343
noise,0.0,0.21401389
noise,0.0,0.19754511
noise,0.0,0.15575819
noise,0.0,0.14808841
noise,0.0,0.3478771
noise,0.0,0.39808232
noise,0.0,0.29486006
noise,0.0,0.23610637
noise,0.0,0.22968799
noise,0.0,0.116994776
noise,0.0,0.50531054
noise,0.0,0.17555639
noise,0.0,0.431966
noise,0.0,0.563004
noise,0.0,0.12566112
noise,0.0,0.52171373
noise,0.0,0.25637838
noise,0.0,0.13752934
noise,0.0,0.2987409
noise,0.0,0.34818655
noise,0.0,0.20363957
noise,0.0,0.31829378
noise,0.0,0.18948449
noise,0.0,0.3993759
noise,0.0,0.164758
noise,0.0,0.12201356
noise,0.0,0.1334683
noise,0.0,0.19068965
noise,0.0,0.38397366
noise,0.0,0.15121563
noise,0.0,0.25580537
noise,0.0,0.27762368
noise,0.0,0.23782012
noise,0.0,0.2562398
noise,0.0,0.5356707
noise,0.0,0.14227436
noise,0.0,0.19661452
noise,0.0,0.39600667
noise,0.0,0.29580256
noise,0.0,0.23963995
noise,0.0,0.5162406
noise,0.0,0.14750272
noise,0.0,0.45535332
noise,0.0,0.29725638
noise,0.0,0.28468078
noise,0.0,0.31747866
noise,0.0,0.21889326
noise,0.0,0.42813796
noise,0.0,0.15924877
noise,0.0,0.31457704
noise,0.0,0.09763164
noise,0.0,0.0804752
noise,0.0,0.22214195
noise,0.0,0.20842151
noise,0.0,0.24411742
noise,0.0,0.25073606
noise,0.0,0.21021144
noise,0.0,0.23281331
noise,0.0,0.123218514
noise,0.0,0.23575844
noise,0.0,0.026619926
noise,0.0,0.20702186
noise,0.0,0.1408209
noise,0.0,0.15651545
noise,0.0,0.4114031
noise,0.0,0.4965969
noise,0.0,0.4928953
noise,0.0,0.2704407
noise,0.0,0.47977793
noise,0.0,0.47015193
noise,0.0,0.20218033
noise,0.0,0.31046876
noise,0.0,0.35796502
noise,0.0,0.235966
noise,0.0,0.4065805
noise,0.0,0.30204496
noise,0.0,0.1725678
noise,0.0,0.33294067
noise,0.0,0.18397656
noise,0.0,0.17603739
noise,0.0,0.109848835
noise,0.0,0.2551112
noise,0.0,0.21794556
noise,0.0,0.15609793
noise,0.0,0.33969364
noise,0.0,0.12758575
noise,0.0,0.08479207
noise,0.0,0.50811636
noise,0.0,0.48598355
noise,0.0,0.33515993
noise,0.0,0.35597995
noise,0.0,0.32228318
noise,0.0,0.29429466
noise,0.0,0.39201996
noise,0.0,0.19485961
noise,0.0,0.7372885
noise,0.0,0.10932091
noise,0.0,0.24680547
noise,0.0,0.38998693
noise,0.0,0.17753331
noise,0.0,0.1690257
noise,0.0,0.18515801
noise,0.0,0.4016024
noise,0.0,0.21430433
noise,0.0,0.4673434
noise,0.0,0.3498798
noise,0.0,0.30116963
noise,0.0,0.10359217
noise,0.0,0.23554917
noise,0.0,0.43785703
noise,0.0,0.059331603
noise,0.0,0.25383195
noise,0.0,0.20033361
noise,0.0,0.24455947
noise,0.0,0.108392954
noise,0.0,0.2714522
noise,0.0,0.41638836
noise,0.0,0.23350039
noise,0.0,0.31077442
noise,0.0,0.44909957
noise,0.0,0.21963915
noise,0.0,0.2209333
noise,0.0,0.2295747
noise,0.0,0.41981032
noise,0.0,0.25860986
noise,0.0,0.18919113
noise,0.0,0.23516454
noise,0.0,0.22984055
noise,0.0,0.16563481
noise,0.0,0.16346651
noise,0.0,0.27184555
noise,0.0,0.20721208
noise,0.0,0.2710192
noise,0.0,0.32115477
noise,0.0,0.28261498
noise,0.0,0.49049267
noise,0.0,0.1451619
noise,0.0,0.40673456
noise,0.0,0.17242016
noise,0.0,0.42758304
noise,0.0,0.50508934
noise,0.0,0.18009649
noise,0.0,0.3382043
noise,0.0,0.085010886
noise,0.0,0.0730754
noise,0.0,0.14566232
noise,0.0,0.17558247
noise,0.0,0.41785666
noise,0.0,0.56860244
noise,0.0,0.19987614
noise,0.0,0.15639308
noise,0.0,0.28205806
noise,0.0,0.13858454
noise,0.0,0.18722102
noise,0.0,0.19278565
noise,0.0,0.3353774
noise,0.0,0.6036874
noise,0.0,0.48598355
noise,0.0,0.3949328
noise,0.0,0.23319761
noise,0.0,0.30423343
noise,0.0,0.12319102
noise,0.0,0.24581622
noise,0.0,0.32323784
noise,0.0,0.27925724
noise,0.0,0.14910227
noise,0.0,0.26937887
noise,0.0,0.30147624
noise,0.0,0.22833379
noise,0.0,0.38918674
noise,0.0,0.3856457
noise,0.0,0.401747
noise,0.0,0.50876844
noise,0.0,0.17324069
noise,0.0,0.13577488
noise,0.0,0.5322645
noise,0.0,0.30389443
noise,0.0,0.22236678
noise,0.0,0.341779
noise,0.0,0.22558157
noise,0.0,0.2181482
noise,0.0,0.15448065
noise,0.0,0.21336207
noise,0.0,0.29925522
noise,0.0,0.5711373
noise,0.0,0.28549436
noise,0.0,0.4648442
noise,0.0,0.5010895
noise,0.0,0.3394612
noise,0.0,0.26303387
noise,0.0,0.16031963
noise,0.0,0.1656719
noise,0.0,0.26741368
noise,0.0,0.53347003
noise,0.0,0.13259843
noise,0.0,0.23063046
noise,0.0,0.25095192
noise,0.0,0.30500466
noise,0.0,0.3399024
noise,0.0,0.39050573
noise,0.0,0.1337776
noise,0.0,0.24098401
noise,0.0,0.38747314
noise,0.0,0.21082579
noise,0.0,0.19016919
noise,0.0,0.2206679
noise,0.0,0.20492797
noise,0.0,0.19641982
noise,0.0,0.35137692
noise,0.0,0.16761945
noise,0.0,0.580424
noise,0.0,0.26527068
noise,0.0,0.33778256
noise,0.0,0.2898804
noise,0.0,0.34014508
noise,0.0,0.32409558
noise,0.0,0.48110268
noise,0.0,0.18748151
noise,0.0,0.27664936
noise,0.0,0.2982133
noise,0.0,0.3144177
noise,0.0,0.06403939
noise,0.0,0.13977928
noise,0.0,0.24842015
noise,0.0,0.15892838
noise,0.0,0.15395088
noise,0.0,0.20887506
noise,0.0,0.14059515
noise,0.0,0.37548882
noise,0.0,0.36622673
noise,0.0,0.4196894
noise,0.0,0.28620046
noise,0.0,0.36338603
noise,0.0,0.28511167
noise,0.0,0.39633182
noise,0.0,0.14368099
noise,0.0,0.31379786
noise,0.0,0.31557757
noise,0.0,0.29750237
noise,0.0,0.751975
noise,0.0,0.07793545
noise,0.0,0.11381414
noise,0.0,0.42974883
noise,0.0,0.14120926
noise,0.0,0.41871673
noise,0.0,0.31976753
noise,0.0,0.2284675
noise,0.0,0.12449218
noise,0.0,0.25953403
noise,0.0,0.25926617
noise,0.0,0.18640046
noise,0.0,0.19525063
noise,0.0,0.42900422
noise,0.0,0.17203717
noise,0.0,0.26990786
noise,0.0,0.19471739
noise,0.0,0.3295268
noise,0.0,0.3609694
noise,0.0,0.08344327
noise,0.0,0.6247212
noise,0.0,0.22329901
noise,0.0,0.2290665
noise,0.0,0.59215456
noise,0.0,0.093000226
noise,0.0,0.33049968
noise,0.0,0.38441637
noise,0.0,0.5041991
noise,0.0,0.15691753
noise,0.0,0.23987365
noise,0.0,0.14155059
noise,0.0,0.26279017
noise,0.0,0.2747231
noise,0.0,0.31748697
noise,0.0,0.31433362
noise,0.0,0.14898315
noise,0.0,0.15066135
noise,0.0,0.53140724
noise,0.0,0.19014344
noise,0.0,0.32164174
noise,0.0,0.41654804
noise,0.0,0.38228285
noise,0.0,0.44934434
noise,0.0,0.15803614
noise,0.0,0.24092877
noise,0.0,0.22577658
noise,0.0,0.6853787
noise,0.0,0.39432737
noise,0.0,0.09326148
noise,0.0,0.38643813
noise,0.0,0.39136496
noise,0.0,0.30121002
noise,0.0,0.09279342
noise,0.0,0.6494147
noise,0.0,0.28079334
noise,0.0,0.46011758
noise,0.0,0.43948987
noise,0.0,0.68722916
noise,0.0,0.117783144
noise,0.0,0.3791864
noise,0.0,0.24879338
noise,0.0,0.27455032
noise,0.0,0.22076097
noise,0.0,0.17139675
noise,0.0,0.22538355
noise,0.0,0.18020678
noise,0.0,0.2699451
noise,0.0,0.23971763
noise,0.0,0.23377252
noise,0.0,0.16340534
noise,0.0,0.39600092
noise,0.0,0.4057254
noise,0.0,0.123463444
noise,0.0,0.1935393
noise,0.0,0.22825201
noise,0.0,0.35289037
noise,0.0,0.12328214
noise,0.0,0.23169458
noise,0.0,0.14830026
noise,0.0,0.15918626
noise,0.0,0.25703534
noise,0.0,0.2803504
noise,0.0,0.78538525
noise,0.0,0.3123589
noise,0.0,0.18410264
noise,0.0,0.21057877
noise,0.0,0.41403273
noise,0.0,0.088004045
noise,0.0,0.13647647
noise,0.0,0.42411336
noise,0.0,0.27765656
noise,0.0,0.17954102
noise,0.0,0.24365355
noise,0.0,0.21087542
noise,0.0,0.14949755
noise,0.0,0.18830077
noise,0.0,0.34627217
noise,0.0,0.29964432
noise,0.0,0.22931157
noise,0.0,0.3101818
noise,0.0,0.48197937
noise,0.0,0.2111325
noise,0.0,0.21972121
noise,0.0,0.16831468
noise,0.0,0.1578485
noise,0.0,0.34223703
noise,0.0,0.25825325
noise,0.0,0.20344894
noise,0.0,0.40007082
noise,0.0,0.32199806
noise,0.0,0.21824807
noise,0.0,0.26703683
noise,0.0,0.08121382
noise,0.0,0.34671333
noise,0.0,0.5045462
noise,0.0,0.29886708
noise,0.0,0.3054261
noise,0.0,0.29152808
noise,0.0,0.20610575
noise,0.0,0.47556105
noise,0.0,0.27585554
noise,0.0,0.1884615
noise,0.0,0.11187451
noise,0.0,0.2535688
noise,0.0,0.27591565
noise,0.0,0.4218575
noise,0.0,0.24223411
noise,0.0,0.22645116
noise,0.0,0.20736718
noise,0.0,0.1922999
noise,0.0,0.19182165
noise,0.0,0.2639264
noise,0.0,0.5831999
noise,0.0,0.55127543
noise,0.0,0.1585594
noise,0.0,0.31186587
noise,0.0,0.25345987
noise,0.0,0.40813923
noise,0.0,0.29085657
noise,0.0,0.21937346
noise,0.0,0.2274057
noise,0.0,0.29074073
noise,0.0,0.3369588
noise,0.0,0.3060135
noise,0.0,0.08389273
noise,0.0,0.10254977
noise,0.0,0.39507118
noise,0.0,0.3283634
noise,0.0,0.21825656
noise,0.0,0.100645594
noise,0.0,0.17813912
noise,0.0,0.17544752
noise,0.0,0.123798266
noise,0.0,0.3981847
noise,0.0,0.8681182
noise,0.0,0.2332271
noise,0.0,0.1922993
noise,0.0,0.374327
noise,0.0,0.3074285
noise,0.0,0.2284775
noise,0.0,0.2257204
noise,0.0,0.3638243
noise,0.0,0.45917743
noise,0.0,0.31121832
noise,0.0,0.25613412
noise,0.0,0.3566951
noise,0.0,0.20511036
noise,0.0,0.42559505
noise,0.0,0.420843
noise,0.0,0.28538793
noise,0.0,0.10201506
noise,0.0,0.2506804
noise,0.0,0.58025783
noise,0.0,0.3548463
noise,0.0,0.31026968
noise,0.0,0.11236513
noise,0.0,0.20931296
noise,0.0,0.1268051
noise,0.0,0.27296373
noise,0.0,0.11897347
noise,0.0,0.31562096
noise,0.0,0.19285376
noise,0.0,0.13385423
noise,0.0,0.41384086
noise,0.0,0.17693342
noise,0.0,0.11962703
noise,0.0,0.371115
noise,0.0,0.16738485
noise,0.0,0.26776326
noise,0.0,0.20285885
noise,0.0,0.19929613
noise,0.0,0.19365373
noise,0.0,0.3755083
noise,0.0,0.21886013
noise,0.0,0.40533596
noise,0.0,0.24366514
noise,0.0,0.11897736
noise,0.0,0.092011966
noise,0.0,0.13729787
noise,0.0,0.21655053
noise,0.0,0.38091832
noise,0.0,0.22480887
noise,0.0,0.30989718
noise,0.0,0.22326507
noise,0.0,0.16921268
noise,0.0,0.65008837
noise,0.0,0.6841239
noise,0.0,0.4185162
noise,0.0,0.37195227
noise,0.0,0.10850207
noise,0.0,0.16099471
noise,0.0,0.17785197
noise,0.0,0.47768158
noise,0.0,0.36896437
noise,0.0,0.41654724
noise,0.0,0.3399005
noise,0.0,0.27223727
noise,0.0,0.45607463
noise,0.0,0.38520318
noise,0.0,0.3638329
noise,0.0,0.32873252
noise,0.0,0.13949743
noise,0.0,0.16933438
noise,0.0,0.1673663
noise,0.0,0.21735056
noise,0.0,0.4989572
noise,0.0,0.13299449
noise,0.0,0.4047076
noise,0.0,0.3648689
noise,0.0,0.24184616
noise,0.0,0.3746528
noise,0.0,0.41114348
noise,0.0,0.14702627
noise,0.0,0.20794556
noise,0.0,0.65075403
noise,0.0,0.11795871
noise,0.0,0.20018102
noise,0.0,0.60866493
noise,0.0,0.5282613
noise,0.0,0.18379344
