filename,y_true,probs
/tmp/unfreezing_ablation_frozen_60k0cium/data/PhysioNet2022/training_data/13918_AV.wav,1.0,0.13223106
/tmp/unfreezing_ablation_frozen_60k0cium/data/PhysioNet2022/training_data/13918_MV.wav,1.0,0.057830147
/tmp/unfreezing_ablation_frozen_60k0cium/data/PhysioNet2022/training_data/13918_PV.wav,1.0,0.020509714
/tmp/unfreezing_ablation_frozen_60k0cium/data/PhysioNet2022/training_data/13918_TV.wav,1.0,0.26242593
/tmp/unfreezing_ablation_frozen_60k0cium/data/PhysioNet2022/training_data/14998_AV.wav,1.0,0.02658434
/tmp/unfreezing_ablation_frozen_60k0cium/data/PhysioNet2022/training_data/14998_MV.wav,1.0,0.07583263
/tmp/unfreezing_ablation_frozen_60k0cium/data/PhysioNet2022/training_data/14998_PV.wav,1.0,0.22707352
/tmp/unfreezing_ablation_frozen_60k0cium/data/PhysioNet2022/training_data/14998_TV.wav,1.0,0.089324124
/tmp/unfreezing_ablation_frozen_60k0cium/data/PhysioNet2022/training_data/2530_AV.wav,1.0,0.046396166
/tmp/unfreezing_ablation_frozen_60k0cium/data/PhysioNet2022/training_data/2530_MV.wav,1.0,0.10094847
/tmp/unfreezing_ablation_frozen_60k0cium/data/PhysioNet2022/training_data/2530_PV.wav,1.0,0.21266563
/tmp/unfreezing_ablation_frozen_60k0cium/data/PhysioNet2022/training_data/2530_TV.wav,1.0,0.01102151
/tmp/unfreezing_ablation_frozen_60k0cium/data/PhysioNet2022/training_data/29378_AV.wav,1.0,0.026645469
/tmp/unfreezing_ablation_frozen_60k0cium/data/PhysioNet2022/training_data/29378_MV.wav,1.0,0.048726488
/tmp/unfreezing_ablation_frozen_60k0cium/data/PhysioNet2022/training_data/36327_AV.wav,1.0,0.18084238
/tmp/unfreezing_ablation_frozen_60k0cium/data/PhysioNet2022/training_data/36327_MV.wav,1.0,0.039426457
/tmp/unfreezing_ablation_frozen_60k0cium/data/PhysioNet2022/training_data/36327_PV.wav,1.0,0.27974144
/tmp/unfreezing_ablation_frozen_60k0cium/data/PhysioNet2022/training_data/36327_TV.wav,1.0,0.5395578
/tmp/unfreezing_ablation_frozen_60k0cium/data/PhysioNet2022/training_data/46579_AV.wav,1.0,0.073576294
/tmp/unfreezing_ablation_frozen_60k0cium/data/PhysioNet2022/training_data/46579_MV.wav,1.0,0.022511479
/tmp/unfreezing_ablation_frozen_60k0cium/data/PhysioNet2022/training_data/46579_PV.wav,1.0,0.07179657
/tmp/unfreezing_ablation_frozen_60k0cium/data/PhysioNet2022/training_data/46579_TV.wav,1.0,0.10483345
/tmp/unfreezing_ablation_frozen_60k0cium/data/PhysioNet2022/training_data/47002_AV.wav,1.0,0.03704744
/tmp/unfreezing_ablation_frozen_60k0cium/data/PhysioNet2022/training_data/47002_MV.wav,1.0,0.31265226
/tmp/unfreezing_ablation_frozen_60k0cium/data/PhysioNet2022/training_data/49568_AV.wav,1.0,0.12264803
/tmp/unfreezing_ablation_frozen_60k0cium/data/PhysioNet2022/training_data/49568_MV.wav,1.0,0.04720827
/tmp/unfreezing_ablation_frozen_60k0cium/data/PhysioNet2022/training_data/49568_PV.wav,1.0,0.04055252
/tmp/unfreezing_ablation_frozen_60k0cium/data/PhysioNet2022/training_data/49568_TV.wav,1.0,0.036619663
/tmp/unfreezing_ablation_frozen_60k0cium/data/PhysioNet2022/training_data/49572_MV.wav,1.0,0.87166166
/tmp/unfreezing_ablation_frozen_60k0cium/data/PhysioNet2022/training_data/49572_PV.wav,1.0,0.14393935
/tmp/unfreezing_ablation_frozen_60k0cium/data/PhysioNet2022/training_data/49572_TV.wav,1.0,0.09837944
/tmp/unfreezing_ablation_frozen_60k0cium/data/PhysioNet2022/training_data/49574_AV.wav,1.0,0.050416235
/tmp/unfreezing_ablation_frozen_60k0cium/data/PhysioNet2022/training_data/49574_MV.wav,1.0,0.12851354
/tmp/unfreezing_ablation_frozen_60k0cium/data/PhysioNet2022/training_data/49574_PV.wav,1.0,0.13405953
/tmp/unfreezing_ablation_frozen_60k0cium/data/PhysioNet2022/training_data/49574_TV.wav,1.0,0.04027637
/tmp/unfreezing_ablation_frozen_60k0cium/data/PhysioNet2022/training_data/49585_AV.wav,1.0,0.580057
/tmp/unfreezing_ablation_frozen_60k0cium/data/PhysioNet2022/training_data/49585_MV.wav,1.0,0.025687044
/tmp/unfreezing_ablation_frozen_60k0cium/data/PhysioNet2022/training_data/49585_PV.wav,1.0,0.07814395
/tmp/unfreezing_ablation_frozen_60k0cium/data/PhysioNet2022/training_data/49585_TV.wav,1.0,0.3403094
/tmp/unfreezing_ablation_frozen_60k0cium/data/PhysioNet2022/training_data/49622_AV.wav,1.0,0.04257642
/tmp/unfreezing_ablation_frozen_60k0cium/data/PhysioNet2022/training_data/49622_MV.wav,1.0,0.22477287
/tmp/unfreezing_ablation_frozen_60k0cium/data/PhysioNet2022/training_data/49638_AV.wav,1.0,0.09972157
/tmp/unfreezing_ablation_frozen_60k0cium/data/PhysioNet2022/training_data/49638_MV.wav,1.0,0.055078886
/tmp/unfreezing_ablation_frozen_60k0cium/data/PhysioNet2022/training_data/49638_PV.wav,1.0,0.05221628
/tmp/unfreezing_ablation_frozen_60k0cium/data/PhysioNet2022/training_data/49669_MV.wav,1.0,0.19762976
/tmp/unfreezing_ablation_frozen_60k0cium/data/PhysioNet2022/training_data/49669_PV.wav,1.0,0.121741995
/tmp/unfreezing_ablation_frozen_60k0cium/data/PhysioNet2022/training_data/49704_AV.wav,1.0,0.22892353
/tmp/unfreezing_ablation_frozen_60k0cium/data/PhysioNet2022/training_data/49704_MV.wav,1.0,0.15982535
/tmp/unfreezing_ablation_frozen_60k0cium/data/PhysioNet2022/training_data/49712_AV.wav,1.0,0.034283284
/tmp/unfreezing_ablation_frozen_60k0cium/data/PhysioNet2022/training_data/49712_MV.wav,1.0,0.09156557
/tmp/unfreezing_ablation_frozen_60k0cium/data/PhysioNet2022/training_data/49712_PV.wav,1.0,0.44647178
/tmp/unfreezing_ablation_frozen_60k0cium/data/PhysioNet2022/training_data/49712_TV.wav,1.0,0.24229814
/tmp/unfreezing_ablation_frozen_60k0cium/data/PhysioNet2022/training_data/49745_AV.wav,1.0,0.034751058
/tmp/unfreezing_ablation_frozen_60k0cium/data/PhysioNet2022/training_data/49745_MV.wav,1.0,0.097030476
/tmp/unfreezing_ablation_frozen_60k0cium/data/PhysioNet2022/training_data/49745_PV.wav,1.0,0.020882567
/tmp/unfreezing_ablation_frozen_60k0cium/data/PhysioNet2022/training_data/49745_TV.wav,1.0,0.08432484
/tmp/unfreezing_ablation_frozen_60k0cium/data/PhysioNet2022/training_data/49748_AV_1.wav,1.0,0.05022559
/tmp/unfreezing_ablation_frozen_60k0cium/data/PhysioNet2022/training_data/49748_AV_2.wav,1.0,0.41775686
/tmp/unfreezing_ablation_frozen_60k0cium/data/PhysioNet2022/training_data/49748_MV.wav,1.0,0.29578564
/tmp/unfreezing_ablation_frozen_60k0cium/data/PhysioNet2022/training_data/49748_PV_1.wav,1.0,0.031978622
/tmp/unfreezing_ablation_frozen_60k0cium/data/PhysioNet2022/training_data/49748_PV_2.wav,1.0,0.1678363
/tmp/unfreezing_ablation_frozen_60k0cium/data/PhysioNet2022/training_data/49748_TV.wav,1.0,0.013272308
/tmp/unfreezing_ablation_frozen_60k0cium/data/PhysioNet2022/training_data/49761_AV.wav,1.0,0.075652495
/tmp/unfreezing_ablation_frozen_60k0cium/data/PhysioNet2022/training_data/49761_MV.wav,1.0,0.045562144
/tmp/unfreezing_ablation_frozen_60k0cium/data/PhysioNet2022/training_data/49808_MV.wav,1.0,0.44885448
/tmp/unfreezing_ablation_frozen_60k0cium/data/PhysioNet2022/training_data/49808_PV.wav,1.0,0.8654827
/tmp/unfreezing_ablation_frozen_60k0cium/data/PhysioNet2022/training_data/49808_TV.wav,1.0,0.09848947
/tmp/unfreezing_ablation_frozen_60k0cium/data/PhysioNet2022/training_data/49821_AV.wav,1.0,0.31952503
/tmp/unfreezing_ablation_frozen_60k0cium/data/PhysioNet2022/training_data/49821_MV.wav,1.0,0.41647047
/tmp/unfreezing_ablation_frozen_60k0cium/data/PhysioNet2022/training_data/49821_PV.wav,1.0,0.019380972
/tmp/unfreezing_ablation_frozen_60k0cium/data/PhysioNet2022/training_data/49821_TV.wav,1.0,0.034328762
/tmp/unfreezing_ablation_frozen_60k0cium/data/PhysioNet2022/training_data/49823_MV.wav,1.0,0.10315725
/tmp/unfreezing_ablation_frozen_60k0cium/data/PhysioNet2022/training_data/49823_PV.wav,1.0,0.34429422
/tmp/unfreezing_ablation_frozen_60k0cium/data/PhysioNet2022/training_data/49823_TV.wav,1.0,0.044236865
/tmp/unfreezing_ablation_frozen_60k0cium/data/PhysioNet2022/training_data/49829_AV.wav,1.0,0.15354541
/tmp/unfreezing_ablation_frozen_60k0cium/data/PhysioNet2022/training_data/49829_MV.wav,1.0,0.0559816
/tmp/unfreezing_ablation_frozen_60k0cium/data/PhysioNet2022/training_data/49829_PV.wav,1.0,0.1012444
/tmp/unfreezing_ablation_frozen_60k0cium/data/PhysioNet2022/training_data/49829_TV.wav,1.0,0.088190906
/tmp/unfreezing_ablation_frozen_60k0cium/data/PhysioNet2022/training_data/49832_AV.wav,1.0,0.106701076
/tmp/unfreezing_ablation_frozen_60k0cium/data/PhysioNet2022/training_data/49832_MV.wav,1.0,0.2486065
/tmp/unfreezing_ablation_frozen_60k0cium/data/PhysioNet2022/training_data/49839_AV.wav,1.0,0.25824136
/tmp/unfreezing_ablation_frozen_60k0cium/data/PhysioNet2022/training_data/49839_MV.wav,1.0,0.037563574
/tmp/unfreezing_ablation_frozen_60k0cium/data/PhysioNet2022/training_data/49839_PV.wav,1.0,0.084848024
/tmp/unfreezing_ablation_frozen_60k0cium/data/PhysioNet2022/training_data/49839_TV.wav,1.0,0.120790936
/tmp/unfreezing_ablation_frozen_60k0cium/data/PhysioNet2022/training_data/49854_AV.wav,1.0,0.022420894
/tmp/unfreezing_ablation_frozen_60k0cium/data/PhysioNet2022/training_data/49854_MV.wav,1.0,0.063397646
/tmp/unfreezing_ablation_frozen_60k0cium/data/PhysioNet2022/training_data/49854_PV.wav,1.0,0.12534998
/tmp/unfreezing_ablation_frozen_60k0cium/data/PhysioNet2022/training_data/49854_TV.wav,1.0,0.16781713
/tmp/unfreezing_ablation_frozen_60k0cium/data/PhysioNet2022/training_data/49873_AV.wav,1.0,0.012977274
/tmp/unfreezing_ablation_frozen_60k0cium/data/PhysioNet2022/training_data/49873_MV.wav,1.0,0.2991851
/tmp/unfreezing_ablation_frozen_60k0cium/data/PhysioNet2022/training_data/49876_AV.wav,1.0,0.119414106
/tmp/unfreezing_ablation_frozen_60k0cium/data/PhysioNet2022/training_data/49876_MV.wav,1.0,0.059772566
/tmp/unfreezing_ablation_frozen_60k0cium/data/PhysioNet2022/training_data/49876_PV.wav,1.0,0.01964693
/tmp/unfreezing_ablation_frozen_60k0cium/data/PhysioNet2022/training_data/49876_TV.wav,1.0,0.07846733
/tmp/unfreezing_ablation_frozen_60k0cium/data/PhysioNet2022/training_data/49896_AV.wav,1.0,0.045624755
/tmp/unfreezing_ablation_frozen_60k0cium/data/PhysioNet2022/training_data/49896_MV.wav,1.0,0.033944935
/tmp/unfreezing_ablation_frozen_60k0cium/data/PhysioNet2022/training_data/49896_PV.wav,1.0,0.03658066
/tmp/unfreezing_ablation_frozen_60k0cium/data/PhysioNet2022/training_data/49896_TV.wav,1.0,0.021367526
/tmp/unfreezing_ablation_frozen_60k0cium/data/PhysioNet2022/training_data/49900_AV.wav,1.0,0.08397225
/tmp/unfreezing_ablation_frozen_60k0cium/data/PhysioNet2022/training_data/49900_MV.wav,1.0,0.13485688
/tmp/unfreezing_ablation_frozen_60k0cium/data/PhysioNet2022/training_data/49930_AV.wav,1.0,0.11168202
/tmp/unfreezing_ablation_frozen_60k0cium/data/PhysioNet2022/training_data/49930_MV.wav,1.0,0.023397118
/tmp/unfreezing_ablation_frozen_60k0cium/data/PhysioNet2022/training_data/49930_PV.wav,1.0,0.028050262
/tmp/unfreezing_ablation_frozen_60k0cium/data/PhysioNet2022/training_data/49930_TV.wav,1.0,0.051012043
/tmp/unfreezing_ablation_frozen_60k0cium/data/PhysioNet2022/training_data/49946_MV.wav,1.0,0.1133754
/tmp/unfreezing_ablation_frozen_60k0cium/data/PhysioNet2022/training_data/49946_PV.wav,1.0,0.28270543
/tmp/unfreezing_ablation_frozen_60k0cium/data/PhysioNet2022/training_data/49946_TV.wav,1.0,0.008279323
/tmp/unfreezing_ablation_frozen_60k0cium/data/PhysioNet2022/training_data/49959_AV.wav,1.0,0.16524197
/tmp/unfreezing_ablation_frozen_60k0cium/data/PhysioNet2022/training_data/49959_MV.wav,1.0,0.14625496
/tmp/unfreezing_ablation_frozen_60k0cium/data/PhysioNet2022/training_data/49968_MV.wav,1.0,0.46075162
/tmp/unfreezing_ablation_frozen_60k0cium/data/PhysioNet2022/training_data/49968_PV.wav,1.0,0.09081987
/tmp/unfreezing_ablation_frozen_60k0cium/data/PhysioNet2022/training_data/49968_TV.wav,1.0,0.059554968
/tmp/unfreezing_ablation_frozen_60k0cium/data/PhysioNet2022/training_data/49980_AV.wav,1.0,0.23797399
/tmp/unfreezing_ablation_frozen_60k0cium/data/PhysioNet2022/training_data/49980_MV.wav,1.0,0.0418335
/tmp/unfreezing_ablation_frozen_60k0cium/data/PhysioNet2022/training_data/49980_PV.wav,1.0,0.07597986
/tmp/unfreezing_ablation_frozen_60k0cium/data/PhysioNet2022/training_data/49980_TV.wav,1.0,0.024118299
/tmp/unfreezing_ablation_frozen_60k0cium/data/PhysioNet2022/training_data/49983_AV.wav,1.0,0.1727576
/tmp/unfreezing_ablation_frozen_60k0cium/data/PhysioNet2022/training_data/49983_MV.wav,1.0,0.11203628
/tmp/unfreezing_ablation_frozen_60k0cium/data/PhysioNet2022/training_data/49983_PV.wav,1.0,0.04436948
/tmp/unfreezing_ablation_frozen_60k0cium/data/PhysioNet2022/training_data/49983_TV.wav,1.0,0.097808346
/tmp/unfreezing_ablation_frozen_60k0cium/data/PhysioNet2022/training_data/49989_MV.wav,1.0,0.3569556
/tmp/unfreezing_ablation_frozen_60k0cium/data/PhysioNet2022/training_data/49989_PV.wav,1.0,0.090996474
/tmp/unfreezing_ablation_frozen_60k0cium/data/PhysioNet2022/training_data/49999_AV.wav,1.0,0.059921876
/tmp/unfreezing_ablation_frozen_60k0cium/data/PhysioNet2022/training_data/49999_MV.wav,1.0,0.10979935
/tmp/unfreezing_ablation_frozen_60k0cium/data/PhysioNet2022/training_data/49999_PV.wav,1.0,0.061130136
/tmp/unfreezing_ablation_frozen_60k0cium/data/PhysioNet2022/training_data/49999_TV.wav,1.0,0.22274952
/tmp/unfreezing_ablation_frozen_60k0cium/data/PhysioNet2022/training_data/50004_MV.wav,1.0,0.10347944
/tmp/unfreezing_ablation_frozen_60k0cium/data/PhysioNet2022/training_data/50004_PV.wav,1.0,0.15634085
/tmp/unfreezing_ablation_frozen_60k0cium/data/PhysioNet2022/training_data/50004_TV.wav,1.0,0.015099189
/tmp/unfreezing_ablation_frozen_60k0cium/data/PhysioNet2022/training_data/50005_MV.wav,1.0,0.36862627
/tmp/unfreezing_ablation_frozen_60k0cium/data/PhysioNet2022/training_data/50017_AV.wav,1.0,0.11925958
/tmp/unfreezing_ablation_frozen_60k0cium/data/PhysioNet2022/training_data/50017_MV.wav,1.0,0.12136085
/tmp/unfreezing_ablation_frozen_60k0cium/data/PhysioNet2022/training_data/50017_PV.wav,1.0,0.09598032
/tmp/unfreezing_ablation_frozen_60k0cium/data/PhysioNet2022/training_data/50017_TV.wav,1.0,0.11839995
/tmp/unfreezing_ablation_frozen_60k0cium/data/PhysioNet2022/training_data/50023_AV.wav,1.0,0.02871914
/tmp/unfreezing_ablation_frozen_60k0cium/data/PhysioNet2022/training_data/50023_MV.wav,1.0,0.15137829
/tmp/unfreezing_ablation_frozen_60k0cium/data/PhysioNet2022/training_data/50023_PV.wav,1.0,0.09978527
/tmp/unfreezing_ablation_frozen_60k0cium/data/PhysioNet2022/training_data/50023_TV.wav,1.0,0.032252867
/tmp/unfreezing_ablation_frozen_60k0cium/data/PhysioNet2022/training_data/50049_AV.wav,1.0,0.066134416
/tmp/unfreezing_ablation_frozen_60k0cium/data/PhysioNet2022/training_data/50049_MV.wav,1.0,0.011393649
/tmp/unfreezing_ablation_frozen_60k0cium/data/PhysioNet2022/training_data/50049_PV.wav,1.0,0.09582487
/tmp/unfreezing_ablation_frozen_60k0cium/data/PhysioNet2022/training_data/50049_TV.wav,1.0,0.07365135
/tmp/unfreezing_ablation_frozen_60k0cium/data/PhysioNet2022/training_data/50054_AV.wav,1.0,0.082932726
/tmp/unfreezing_ablation_frozen_60k0cium/data/PhysioNet2022/training_data/50054_MV.wav,1.0,0.15283404
/tmp/unfreezing_ablation_frozen_60k0cium/data/PhysioNet2022/training_data/50054_PV.wav,1.0,0.101796165
/tmp/unfreezing_ablation_frozen_60k0cium/data/PhysioNet2022/training_data/50054_TV.wav,1.0,0.058674257
/tmp/unfreezing_ablation_frozen_60k0cium/data/PhysioNet2022/training_data/50057_MV.wav,1.0,0.20238207
/tmp/unfreezing_ablation_frozen_60k0cium/data/PhysioNet2022/training_data/50057_PV.wav,1.0,0.14337428
/tmp/unfreezing_ablation_frozen_60k0cium/data/PhysioNet2022/training_data/50057_TV.wav,1.0,0.07220421
/tmp/unfreezing_ablation_frozen_60k0cium/data/PhysioNet2022/training_data/50061_AV.wav,1.0,0.038979296
/tmp/unfreezing_ablation_frozen_60k0cium/data/PhysioNet2022/training_data/50061_MV.wav,1.0,0.18002015
/tmp/unfreezing_ablation_frozen_60k0cium/data/PhysioNet2022/training_data/50061_PV.wav,1.0,0.023394236
/tmp/unfreezing_ablation_frozen_60k0cium/data/PhysioNet2022/training_data/50061_TV.wav,1.0,0.1407492
/tmp/unfreezing_ablation_frozen_60k0cium/data/PhysioNet2022/training_data/50066_AV.wav,1.0,0.07411128
/tmp/unfreezing_ablation_frozen_60k0cium/data/PhysioNet2022/training_data/50066_MV.wav,1.0,0.025743833
/tmp/unfreezing_ablation_frozen_60k0cium/data/PhysioNet2022/training_data/50070_AV.wav,1.0,0.045674354
/tmp/unfreezing_ablation_frozen_60k0cium/data/PhysioNet2022/training_data/50070_MV.wav,1.0,0.03995713
/tmp/unfreezing_ablation_frozen_60k0cium/data/PhysioNet2022/training_data/50070_PV.wav,1.0,0.09870154
/tmp/unfreezing_ablation_frozen_60k0cium/data/PhysioNet2022/training_data/50070_TV.wav,1.0,0.11544344
/tmp/unfreezing_ablation_frozen_60k0cium/data/PhysioNet2022/training_data/50074_AV.wav,1.0,0.11649067
/tmp/unfreezing_ablation_frozen_60k0cium/data/PhysioNet2022/training_data/50074_MV.wav,1.0,0.16555767
/tmp/unfreezing_ablation_frozen_60k0cium/data/PhysioNet2022/training_data/50074_PV.wav,1.0,0.14483672
/tmp/unfreezing_ablation_frozen_60k0cium/data/PhysioNet2022/training_data/50074_TV.wav,1.0,0.22584681
/tmp/unfreezing_ablation_frozen_60k0cium/data/PhysioNet2022/training_data/50077_MV.wav,1.0,0.13462128
/tmp/unfreezing_ablation_frozen_60k0cium/data/PhysioNet2022/training_data/50085_AV.wav,1.0,0.037705585
/tmp/unfreezing_ablation_frozen_60k0cium/data/PhysioNet2022/training_data/50085_MV.wav,1.0,0.08140873
/tmp/unfreezing_ablation_frozen_60k0cium/data/PhysioNet2022/training_data/50085_PV.wav,1.0,0.20498896
/tmp/unfreezing_ablation_frozen_60k0cium/data/PhysioNet2022/training_data/50085_TV.wav,1.0,0.04377181
/tmp/unfreezing_ablation_frozen_60k0cium/data/PhysioNet2022/training_data/50100_AV.wav,1.0,0.2998422
/tmp/unfreezing_ablation_frozen_60k0cium/data/PhysioNet2022/training_data/50100_MV.wav,1.0,0.028805133
/tmp/unfreezing_ablation_frozen_60k0cium/data/PhysioNet2022/training_data/50105_MV.wav,1.0,0.008746364
/tmp/unfreezing_ablation_frozen_60k0cium/data/PhysioNet2022/training_data/50105_PV.wav,1.0,0.22453015
/tmp/unfreezing_ablation_frozen_60k0cium/data/PhysioNet2022/training_data/50105_TV.wav,1.0,0.03878899
/tmp/unfreezing_ablation_frozen_60k0cium/data/PhysioNet2022/training_data/50118_MV.wav,1.0,0.2367164
/tmp/unfreezing_ablation_frozen_60k0cium/data/PhysioNet2022/training_data/50118_PV.wav,1.0,0.17525575
/tmp/unfreezing_ablation_frozen_60k0cium/data/PhysioNet2022/training_data/50118_TV.wav,1.0,0.09625226
/tmp/unfreezing_ablation_frozen_60k0cium/data/PhysioNet2022/training_data/50122_MV.wav,1.0,0.09316465
/tmp/unfreezing_ablation_frozen_60k0cium/data/PhysioNet2022/training_data/50122_PV.wav,1.0,0.024833823
/tmp/unfreezing_ablation_frozen_60k0cium/data/PhysioNet2022/training_data/50122_TV.wav,1.0,0.1893162
/tmp/unfreezing_ablation_frozen_60k0cium/data/PhysioNet2022/training_data/50127_AV.wav,1.0,0.2472302
/tmp/unfreezing_ablation_frozen_60k0cium/data/PhysioNet2022/training_data/50127_MV.wav,1.0,0.04206327
/tmp/unfreezing_ablation_frozen_60k0cium/data/PhysioNet2022/training_data/50127_PV.wav,1.0,0.057674315
/tmp/unfreezing_ablation_frozen_60k0cium/data/PhysioNet2022/training_data/50127_TV.wav,1.0,0.2776484
/tmp/unfreezing_ablation_frozen_60k0cium/data/PhysioNet2022/training_data/50129_AV.wav,1.0,0.070997566
/tmp/unfreezing_ablation_frozen_60k0cium/data/PhysioNet2022/training_data/50129_MV.wav,1.0,0.05303139
/tmp/unfreezing_ablation_frozen_60k0cium/data/PhysioNet2022/training_data/50129_PV.wav,1.0,0.039628506
/tmp/unfreezing_ablation_frozen_60k0cium/data/PhysioNet2022/training_data/50129_TV.wav,1.0,0.029744212
/tmp/unfreezing_ablation_frozen_60k0cium/data/PhysioNet2022/training_data/50143_PV.wav,1.0,0.09923754
/tmp/unfreezing_ablation_frozen_60k0cium/data/PhysioNet2022/training_data/50143_TV.wav,1.0,0.10219213
/tmp/unfreezing_ablation_frozen_60k0cium/data/PhysioNet2022/training_data/50161_MV.wav,1.0,0.027032185
/tmp/unfreezing_ablation_frozen_60k0cium/data/PhysioNet2022/training_data/50161_PV.wav,1.0,0.22397044
/tmp/unfreezing_ablation_frozen_60k0cium/data/PhysioNet2022/training_data/50161_TV.wav,1.0,0.15290329
/tmp/unfreezing_ablation_frozen_60k0cium/data/PhysioNet2022/training_data/50168_MV.wav,1.0,0.1066589
/tmp/unfreezing_ablation_frozen_60k0cium/data/PhysioNet2022/training_data/50168_PV.wav,1.0,0.008827794
/tmp/unfreezing_ablation_frozen_60k0cium/data/PhysioNet2022/training_data/50168_TV.wav,1.0,0.052022964
/tmp/unfreezing_ablation_frozen_60k0cium/data/PhysioNet2022/training_data/50204_AV.wav,1.0,0.102193356
/tmp/unfreezing_ablation_frozen_60k0cium/data/PhysioNet2022/training_data/50204_MV_1.wav,1.0,0.08315878
/tmp/unfreezing_ablation_frozen_60k0cium/data/PhysioNet2022/training_data/50204_MV_2.wav,1.0,0.1436681
/tmp/unfreezing_ablation_frozen_60k0cium/data/PhysioNet2022/training_data/50206_MV.wav,1.0,0.031882927
/tmp/unfreezing_ablation_frozen_60k0cium/data/PhysioNet2022/training_data/50206_PV.wav,1.0,0.060278315
/tmp/unfreezing_ablation_frozen_60k0cium/data/PhysioNet2022/training_data/50206_TV.wav,1.0,0.023451822
/tmp/unfreezing_ablation_frozen_60k0cium/data/PhysioNet2022/training_data/50214_AV.wav,1.0,0.00900114
/tmp/unfreezing_ablation_frozen_60k0cium/data/PhysioNet2022/training_data/50214_MV.wav,1.0,0.05786728
/tmp/unfreezing_ablation_frozen_60k0cium/data/PhysioNet2022/training_data/50219_AV.wav,1.0,0.25184044
/tmp/unfreezing_ablation_frozen_60k0cium/data/PhysioNet2022/training_data/50219_MV.wav,1.0,0.770845
/tmp/unfreezing_ablation_frozen_60k0cium/data/PhysioNet2022/training_data/50219_PV.wav,1.0,0.039338745
/tmp/unfreezing_ablation_frozen_60k0cium/data/PhysioNet2022/training_data/50220_AV.wav,1.0,0.28926185
/tmp/unfreezing_ablation_frozen_60k0cium/data/PhysioNet2022/training_data/50220_MV.wav,1.0,0.12433352
/tmp/unfreezing_ablation_frozen_60k0cium/data/PhysioNet2022/training_data/50221_AV.wav,1.0,0.34405816
/tmp/unfreezing_ablation_frozen_60k0cium/data/PhysioNet2022/training_data/50221_MV.wav,1.0,0.029598981
/tmp/unfreezing_ablation_frozen_60k0cium/data/PhysioNet2022/training_data/50222_PV.wav,1.0,0.029597534
/tmp/unfreezing_ablation_frozen_60k0cium/data/PhysioNet2022/training_data/50222_TV.wav,1.0,0.06986519
/tmp/unfreezing_ablation_frozen_60k0cium/data/PhysioNet2022/training_data/50225_AV.wav,1.0,0.034104124
/tmp/unfreezing_ablation_frozen_60k0cium/data/PhysioNet2022/training_data/50225_MV.wav,1.0,0.101282716
/tmp/unfreezing_ablation_frozen_60k0cium/data/PhysioNet2022/training_data/50225_PV.wav,1.0,0.09199822
/tmp/unfreezing_ablation_frozen_60k0cium/data/PhysioNet2022/training_data/50225_TV.wav,1.0,0.094450906
/tmp/unfreezing_ablation_frozen_60k0cium/data/PhysioNet2022/training_data/50228_AV.wav,1.0,0.081762865
/tmp/unfreezing_ablation_frozen_60k0cium/data/PhysioNet2022/training_data/50228_MV.wav,1.0,0.1932838
/tmp/unfreezing_ablation_frozen_60k0cium/data/PhysioNet2022/training_data/50230_AV.wav,1.0,0.07722205
/tmp/unfreezing_ablation_frozen_60k0cium/data/PhysioNet2022/training_data/50230_MV.wav,1.0,0.03606461
/tmp/unfreezing_ablation_frozen_60k0cium/data/PhysioNet2022/training_data/50230_PV.wav,1.0,0.075518735
/tmp/unfreezing_ablation_frozen_60k0cium/data/PhysioNet2022/training_data/50230_TV.wav,1.0,0.099910595
/tmp/unfreezing_ablation_frozen_60k0cium/data/PhysioNet2022/training_data/50238_AV.wav,1.0,0.036380064
/tmp/unfreezing_ablation_frozen_60k0cium/data/PhysioNet2022/training_data/50238_MV.wav,1.0,0.11314253
/tmp/unfreezing_ablation_frozen_60k0cium/data/PhysioNet2022/training_data/50238_PV.wav,1.0,0.24106315
/tmp/unfreezing_ablation_frozen_60k0cium/data/PhysioNet2022/training_data/50238_TV.wav,1.0,0.032047052
/tmp/unfreezing_ablation_frozen_60k0cium/data/PhysioNet2022/training_data/50254_AV.wav,1.0,0.11249632
/tmp/unfreezing_ablation_frozen_60k0cium/data/PhysioNet2022/training_data/50254_MV.wav,1.0,0.53228843
/tmp/unfreezing_ablation_frozen_60k0cium/data/PhysioNet2022/training_data/50254_PV.wav,1.0,0.09971473
/tmp/unfreezing_ablation_frozen_60k0cium/data/PhysioNet2022/training_data/50254_TV.wav,1.0,0.062328838
/tmp/unfreezing_ablation_frozen_60k0cium/data/PhysioNet2022/training_data/50255_AV.wav,1.0,0.06906509
/tmp/unfreezing_ablation_frozen_60k0cium/data/PhysioNet2022/training_data/50255_MV.wav,1.0,0.10014203
/tmp/unfreezing_ablation_frozen_60k0cium/data/PhysioNet2022/training_data/50260_AV.wav,1.0,0.21944064
/tmp/unfreezing_ablation_frozen_60k0cium/data/PhysioNet2022/training_data/50260_MV.wav,1.0,0.09555124
/tmp/unfreezing_ablation_frozen_60k0cium/data/PhysioNet2022/training_data/50260_PV.wav,1.0,0.09449394
/tmp/unfreezing_ablation_frozen_60k0cium/data/PhysioNet2022/training_data/50260_TV.wav,1.0,0.042288784
/tmp/unfreezing_ablation_frozen_60k0cium/data/PhysioNet2022/training_data/50271_AV.wav,1.0,0.09651076
/tmp/unfreezing_ablation_frozen_60k0cium/data/PhysioNet2022/training_data/50271_MV.wav,1.0,0.24940585
/tmp/unfreezing_ablation_frozen_60k0cium/data/PhysioNet2022/training_data/50271_PV.wav,1.0,0.04282023
/tmp/unfreezing_ablation_frozen_60k0cium/data/PhysioNet2022/training_data/50271_TV.wav,1.0,0.15444867
/tmp/unfreezing_ablation_frozen_60k0cium/data/PhysioNet2022/training_data/50276_AV.wav,1.0,0.3380914
/tmp/unfreezing_ablation_frozen_60k0cium/data/PhysioNet2022/training_data/50276_MV.wav,1.0,0.10414649
/tmp/unfreezing_ablation_frozen_60k0cium/data/PhysioNet2022/training_data/50276_PV.wav,1.0,0.39607647
/tmp/unfreezing_ablation_frozen_60k0cium/data/PhysioNet2022/training_data/50276_TV.wav,1.0,0.04464855
/tmp/unfreezing_ablation_frozen_60k0cium/data/PhysioNet2022/training_data/50284_AV.wav,1.0,0.08161265
/tmp/unfreezing_ablation_frozen_60k0cium/data/PhysioNet2022/training_data/50284_MV.wav,1.0,0.11240169
/tmp/unfreezing_ablation_frozen_60k0cium/data/PhysioNet2022/training_data/50284_PV.wav,1.0,0.11338146
/tmp/unfreezing_ablation_frozen_60k0cium/data/PhysioNet2022/training_data/50284_TV.wav,1.0,0.1974405
/tmp/unfreezing_ablation_frozen_60k0cium/data/PhysioNet2022/training_data/50291_AV.wav,1.0,0.03801799
/tmp/unfreezing_ablation_frozen_60k0cium/data/PhysioNet2022/training_data/50291_MV.wav,1.0,0.013842216
/tmp/unfreezing_ablation_frozen_60k0cium/data/PhysioNet2022/training_data/50291_PV.wav,1.0,0.079789594
/tmp/unfreezing_ablation_frozen_60k0cium/data/PhysioNet2022/training_data/50297_AV.wav,1.0,0.08030881
/tmp/unfreezing_ablation_frozen_60k0cium/data/PhysioNet2022/training_data/50297_MV.wav,1.0,0.09336454
/tmp/unfreezing_ablation_frozen_60k0cium/data/PhysioNet2022/training_data/50297_PV.wav,1.0,0.09017328
/tmp/unfreezing_ablation_frozen_60k0cium/data/PhysioNet2022/training_data/50297_TV.wav,1.0,0.20816809
/tmp/unfreezing_ablation_frozen_60k0cium/data/PhysioNet2022/training_data/50303_AV.wav,1.0,0.025749568
/tmp/unfreezing_ablation_frozen_60k0cium/data/PhysioNet2022/training_data/50303_MV.wav,1.0,0.09045584
/tmp/unfreezing_ablation_frozen_60k0cium/data/PhysioNet2022/training_data/50303_PV.wav,1.0,0.14053066
/tmp/unfreezing_ablation_frozen_60k0cium/data/PhysioNet2022/training_data/50314_AV.wav,1.0,0.11302109
/tmp/unfreezing_ablation_frozen_60k0cium/data/PhysioNet2022/training_data/50314_MV.wav,1.0,0.15153854
/tmp/unfreezing_ablation_frozen_60k0cium/data/PhysioNet2022/training_data/50314_PV.wav,1.0,0.096122734
/tmp/unfreezing_ablation_frozen_60k0cium/data/PhysioNet2022/training_data/50314_TV.wav,1.0,0.28472432
/tmp/unfreezing_ablation_frozen_60k0cium/data/PhysioNet2022/training_data/50316_AV.wav,1.0,0.13325478
/tmp/unfreezing_ablation_frozen_60k0cium/data/PhysioNet2022/training_data/50316_MV.wav,1.0,0.22437757
/tmp/unfreezing_ablation_frozen_60k0cium/data/PhysioNet2022/training_data/50317_AV.wav,1.0,0.17541525
/tmp/unfreezing_ablation_frozen_60k0cium/data/PhysioNet2022/training_data/50317_PV.wav,1.0,0.07081416
/tmp/unfreezing_ablation_frozen_60k0cium/data/PhysioNet2022/training_data/50317_TV.wav,1.0,0.12292544
/tmp/unfreezing_ablation_frozen_60k0cium/data/PhysioNet2022/training_data/50323_AV.wav,1.0,0.2651312
/tmp/unfreezing_ablation_frozen_60k0cium/data/PhysioNet2022/training_data/50323_MV.wav,1.0,0.050062507
/tmp/unfreezing_ablation_frozen_60k0cium/data/PhysioNet2022/training_data/50323_PV.wav,1.0,0.18504322
/tmp/unfreezing_ablation_frozen_60k0cium/data/PhysioNet2022/training_data/50323_TV.wav,1.0,0.026895957
/tmp/unfreezing_ablation_frozen_60k0cium/data/PhysioNet2022/training_data/50325_AV.wav,1.0,0.113983184
/tmp/unfreezing_ablation_frozen_60k0cium/data/PhysioNet2022/training_data/50325_MV.wav,1.0,0.07180029
/tmp/unfreezing_ablation_frozen_60k0cium/data/PhysioNet2022/training_data/50325_PV.wav,1.0,0.17243919
/tmp/unfreezing_ablation_frozen_60k0cium/data/PhysioNet2022/training_data/50325_TV.wav,1.0,0.08122498
/tmp/unfreezing_ablation_frozen_60k0cium/data/PhysioNet2022/training_data/50336_MV.wav,1.0,0.22105788
/tmp/unfreezing_ablation_frozen_60k0cium/data/PhysioNet2022/training_data/50336_PV.wav,1.0,0.15898365
/tmp/unfreezing_ablation_frozen_60k0cium/data/PhysioNet2022/training_data/50336_TV.wav,1.0,0.1936773
/tmp/unfreezing_ablation_frozen_60k0cium/data/PhysioNet2022/training_data/50337_MV.wav,1.0,0.036751904
/tmp/unfreezing_ablation_frozen_60k0cium/data/PhysioNet2022/training_data/50337_PV.wav,1.0,0.1434699
/tmp/unfreezing_ablation_frozen_60k0cium/data/PhysioNet2022/training_data/50337_TV.wav,1.0,0.061677177
/tmp/unfreezing_ablation_frozen_60k0cium/data/PhysioNet2022/training_data/50345_MV.wav,1.0,0.11110975
/tmp/unfreezing_ablation_frozen_60k0cium/data/PhysioNet2022/training_data/50345_PV.wav,1.0,0.45147166
/tmp/unfreezing_ablation_frozen_60k0cium/data/PhysioNet2022/training_data/50345_TV.wav,1.0,0.11343233
/tmp/unfreezing_ablation_frozen_60k0cium/data/PhysioNet2022/training_data/50348_AV_1.wav,1.0,0.016638424
/tmp/unfreezing_ablation_frozen_60k0cium/data/PhysioNet2022/training_data/50348_AV_2.wav,1.0,0.050264962
/tmp/unfreezing_ablation_frozen_60k0cium/data/PhysioNet2022/training_data/50348_MV.wav,1.0,0.050152916
/tmp/unfreezing_ablation_frozen_60k0cium/data/PhysioNet2022/training_data/50348_PV.wav,1.0,0.0105246855
/tmp/unfreezing_ablation_frozen_60k0cium/data/PhysioNet2022/training_data/50348_TV.wav,1.0,0.08664854
/tmp/unfreezing_ablation_frozen_60k0cium/data/PhysioNet2022/training_data/50359_AV.wav,1.0,0.26564676
/tmp/unfreezing_ablation_frozen_60k0cium/data/PhysioNet2022/training_data/50359_MV.wav,1.0,0.32933927
/tmp/unfreezing_ablation_frozen_60k0cium/data/PhysioNet2022/training_data/50359_PV.wav,1.0,0.073306076
/tmp/unfreezing_ablation_frozen_60k0cium/data/PhysioNet2022/training_data/50359_TV.wav,1.0,0.13597322
/tmp/unfreezing_ablation_frozen_60k0cium/data/PhysioNet2022/training_data/50385_AV.wav,1.0,0.11439778
/tmp/unfreezing_ablation_frozen_60k0cium/data/PhysioNet2022/training_data/50385_MV.wav,1.0,0.11828343
/tmp/unfreezing_ablation_frozen_60k0cium/data/PhysioNet2022/training_data/50385_PV.wav,1.0,0.023997273
/tmp/unfreezing_ablation_frozen_60k0cium/data/PhysioNet2022/training_data/50385_TV.wav,1.0,0.08403268
/tmp/unfreezing_ablation_frozen_60k0cium/data/PhysioNet2022/training_data/50386_AV.wav,1.0,0.050801314
/tmp/unfreezing_ablation_frozen_60k0cium/data/PhysioNet2022/training_data/50386_MV.wav,1.0,0.013743141
/tmp/unfreezing_ablation_frozen_60k0cium/data/PhysioNet2022/training_data/50386_PV.wav,1.0,0.05622899
/tmp/unfreezing_ablation_frozen_60k0cium/data/PhysioNet2022/training_data/50386_TV.wav,1.0,0.057296086
/tmp/unfreezing_ablation_frozen_60k0cium/data/PhysioNet2022/training_data/50388_AV.wav,1.0,0.26563796
/tmp/unfreezing_ablation_frozen_60k0cium/data/PhysioNet2022/training_data/50388_MV.wav,1.0,0.24374487
/tmp/unfreezing_ablation_frozen_60k0cium/data/PhysioNet2022/training_data/50388_PV.wav,1.0,0.055513803
/tmp/unfreezing_ablation_frozen_60k0cium/data/PhysioNet2022/training_data/50388_TV.wav,1.0,0.021851353
/tmp/unfreezing_ablation_frozen_60k0cium/data/PhysioNet2022/training_data/50393_AV.wav,1.0,0.49170688
/tmp/unfreezing_ablation_frozen_60k0cium/data/PhysioNet2022/training_data/50393_MV.wav,1.0,0.0437424
/tmp/unfreezing_ablation_frozen_60k0cium/data/PhysioNet2022/training_data/50393_PV.wav,1.0,0.08961486
/tmp/unfreezing_ablation_frozen_60k0cium/data/PhysioNet2022/training_data/50393_TV.wav,1.0,0.11394792
/tmp/unfreezing_ablation_frozen_60k0cium/data/PhysioNet2022/training_data/50620_PV.wav,1.0,0.52009004
/tmp/unfreezing_ablation_frozen_60k0cium/data/PhysioNet2022/training_data/50620_TV.wav,1.0,0.362029
/tmp/unfreezing_ablation_frozen_60k0cium/data/PhysioNet2022/training_data/50624_AV.wav,1.0,0.034867764
/tmp/unfreezing_ablation_frozen_60k0cium/data/PhysioNet2022/training_data/50624_MV.wav,1.0,0.07926058
/tmp/unfreezing_ablation_frozen_60k0cium/data/PhysioNet2022/training_data/50624_PV.wav,1.0,0.03176403
/tmp/unfreezing_ablation_frozen_60k0cium/data/PhysioNet2022/training_data/50624_TV.wav,1.0,0.1499996
/tmp/unfreezing_ablation_frozen_60k0cium/data/PhysioNet2022/training_data/50625_AV.wav,1.0,0.1703071
/tmp/unfreezing_ablation_frozen_60k0cium/data/PhysioNet2022/training_data/50625_MV.wav,1.0,0.26129773
/tmp/unfreezing_ablation_frozen_60k0cium/data/PhysioNet2022/training_data/50626_AV.wav,1.0,0.037834726
/tmp/unfreezing_ablation_frozen_60k0cium/data/PhysioNet2022/training_data/50626_MV.wav,1.0,0.07803559
/tmp/unfreezing_ablation_frozen_60k0cium/data/PhysioNet2022/training_data/50629_AV.wav,1.0,0.06039497
/tmp/unfreezing_ablation_frozen_60k0cium/data/PhysioNet2022/training_data/50629_MV.wav,1.0,0.080031775
/tmp/unfreezing_ablation_frozen_60k0cium/data/PhysioNet2022/training_data/50636_AV.wav,1.0,0.04307925
/tmp/unfreezing_ablation_frozen_60k0cium/data/PhysioNet2022/training_data/50636_MV.wav,1.0,0.038008783
/tmp/unfreezing_ablation_frozen_60k0cium/data/PhysioNet2022/training_data/50639_PV.wav,1.0,0.06024984
/tmp/unfreezing_ablation_frozen_60k0cium/data/PhysioNet2022/training_data/50639_TV.wav,1.0,0.15943016
/tmp/unfreezing_ablation_frozen_60k0cium/data/PhysioNet2022/training_data/50640_MV.wav,1.0,0.31583354
/tmp/unfreezing_ablation_frozen_60k0cium/data/PhysioNet2022/training_data/50643_AV.wav,1.0,0.094741665
/tmp/unfreezing_ablation_frozen_60k0cium/data/PhysioNet2022/training_data/50643_MV.wav,1.0,0.12930356
/tmp/unfreezing_ablation_frozen_60k0cium/data/PhysioNet2022/training_data/50644_AV.wav,1.0,0.09071018
/tmp/unfreezing_ablation_frozen_60k0cium/data/PhysioNet2022/training_data/50644_MV.wav,1.0,0.3064685
/tmp/unfreezing_ablation_frozen_60k0cium/data/PhysioNet2022/training_data/50645_AV.wav,1.0,0.08335174
/tmp/unfreezing_ablation_frozen_60k0cium/data/PhysioNet2022/training_data/50645_MV.wav,1.0,0.36105052
/tmp/unfreezing_ablation_frozen_60k0cium/data/PhysioNet2022/training_data/50645_PV.wav,1.0,0.034147047
/tmp/unfreezing_ablation_frozen_60k0cium/data/PhysioNet2022/training_data/50645_TV.wav,1.0,0.31574124
/tmp/unfreezing_ablation_frozen_60k0cium/data/PhysioNet2022/training_data/50646_AV.wav,1.0,0.104124665
/tmp/unfreezing_ablation_frozen_60k0cium/data/PhysioNet2022/training_data/50646_MV.wav,1.0,0.18114354
/tmp/unfreezing_ablation_frozen_60k0cium/data/PhysioNet2022/training_data/50649_AV.wav,1.0,0.058939803
/tmp/unfreezing_ablation_frozen_60k0cium/data/PhysioNet2022/training_data/50649_MV.wav,1.0,0.06390985
/tmp/unfreezing_ablation_frozen_60k0cium/data/PhysioNet2022/training_data/50649_PV.wav,1.0,0.049730714
/tmp/unfreezing_ablation_frozen_60k0cium/data/PhysioNet2022/training_data/50649_TV.wav,1.0,0.06278588
/tmp/unfreezing_ablation_frozen_60k0cium/data/PhysioNet2022/training_data/50654_AV.wav,1.0,0.049345456
/tmp/unfreezing_ablation_frozen_60k0cium/data/PhysioNet2022/training_data/50654_PV.wav,1.0,0.13607742
/tmp/unfreezing_ablation_frozen_60k0cium/data/PhysioNet2022/training_data/50654_TV.wav,1.0,0.25946683
/tmp/unfreezing_ablation_frozen_60k0cium/data/PhysioNet2022/training_data/50656_AV.wav,1.0,0.098717906
/tmp/unfreezing_ablation_frozen_60k0cium/data/PhysioNet2022/training_data/50656_MV.wav,1.0,0.07887614
/tmp/unfreezing_ablation_frozen_60k0cium/data/PhysioNet2022/training_data/50656_PV.wav,1.0,0.023835184
/tmp/unfreezing_ablation_frozen_60k0cium/data/PhysioNet2022/training_data/50656_TV_1.wav,1.0,0.07823274
/tmp/unfreezing_ablation_frozen_60k0cium/data/PhysioNet2022/training_data/50656_TV_2.wav,1.0,0.022328861
/tmp/unfreezing_ablation_frozen_60k0cium/data/PhysioNet2022/training_data/50657_AV.wav,1.0,0.015025887
/tmp/unfreezing_ablation_frozen_60k0cium/data/PhysioNet2022/training_data/50657_MV.wav,1.0,0.056807403
/tmp/unfreezing_ablation_frozen_60k0cium/data/PhysioNet2022/training_data/50657_PV.wav,1.0,0.024127543
/tmp/unfreezing_ablation_frozen_60k0cium/data/PhysioNet2022/training_data/50657_TV.wav,1.0,0.07775313
/tmp/unfreezing_ablation_frozen_60k0cium/data/PhysioNet2022/training_data/50659_AV.wav,1.0,0.40992585
/tmp/unfreezing_ablation_frozen_60k0cium/data/PhysioNet2022/training_data/50659_MV.wav,1.0,0.08932874
/tmp/unfreezing_ablation_frozen_60k0cium/data/PhysioNet2022/training_data/50659_PV.wav,1.0,0.19728482
/tmp/unfreezing_ablation_frozen_60k0cium/data/PhysioNet2022/training_data/50659_TV.wav,1.0,0.059205037
/tmp/unfreezing_ablation_frozen_60k0cium/data/PhysioNet2022/training_data/50664_AV.wav,1.0,0.1486164
/tmp/unfreezing_ablation_frozen_60k0cium/data/PhysioNet2022/training_data/50664_PV.wav,1.0,0.0823862
/tmp/unfreezing_ablation_frozen_60k0cium/data/PhysioNet2022/training_data/50668_AV.wav,1.0,0.02322901
/tmp/unfreezing_ablation_frozen_60k0cium/data/PhysioNet2022/training_data/50668_MV.wav,1.0,0.020401182
/tmp/unfreezing_ablation_frozen_60k0cium/data/PhysioNet2022/training_data/50668_PV.wav,1.0,0.28337315
/tmp/unfreezing_ablation_frozen_60k0cium/data/PhysioNet2022/training_data/50668_TV.wav,1.0,0.20810471
/tmp/unfreezing_ablation_frozen_60k0cium/data/PhysioNet2022/training_data/50669_AV.wav,1.0,0.06062693
/tmp/unfreezing_ablation_frozen_60k0cium/data/PhysioNet2022/training_data/50669_MV.wav,1.0,0.22858055
/tmp/unfreezing_ablation_frozen_60k0cium/data/PhysioNet2022/training_data/50669_PV.wav,1.0,0.24583702
/tmp/unfreezing_ablation_frozen_60k0cium/data/PhysioNet2022/training_data/50669_TV.wav,1.0,0.044315763
/tmp/unfreezing_ablation_frozen_60k0cium/data/PhysioNet2022/training_data/50671_MV.wav,1.0,0.03259035
/tmp/unfreezing_ablation_frozen_60k0cium/data/PhysioNet2022/training_data/50677_AV.wav,1.0,0.22233701
/tmp/unfreezing_ablation_frozen_60k0cium/data/PhysioNet2022/training_data/50677_PV.wav,1.0,0.13325755
/tmp/unfreezing_ablation_frozen_60k0cium/data/PhysioNet2022/training_data/50678_MV.wav,1.0,0.039299328
/tmp/unfreezing_ablation_frozen_60k0cium/data/PhysioNet2022/training_data/50678_PV.wav,1.0,0.062437315
/tmp/unfreezing_ablation_frozen_60k0cium/data/PhysioNet2022/training_data/50678_TV.wav,1.0,0.12118471
/tmp/unfreezing_ablation_frozen_60k0cium/data/PhysioNet2022/training_data/50680_AV.wav,1.0,0.07815294
/tmp/unfreezing_ablation_frozen_60k0cium/data/PhysioNet2022/training_data/50680_MV.wav,1.0,0.049738243
/tmp/unfreezing_ablation_frozen_60k0cium/data/PhysioNet2022/training_data/50680_PV.wav,1.0,0.27588496
/tmp/unfreezing_ablation_frozen_60k0cium/data/PhysioNet2022/training_data/50680_TV.wav,1.0,0.017864518
/tmp/unfreezing_ablation_frozen_60k0cium/data/PhysioNet2022/training_data/50685_AV.wav,1.0,0.7384054
/tmp/unfreezing_ablation_frozen_60k0cium/data/PhysioNet2022/training_data/50685_MV.wav,1.0,0.19467226
/tmp/unfreezing_ablation_frozen_60k0cium/data/PhysioNet2022/training_data/50685_TV.wav,1.0,0.03277933
/tmp/unfreezing_ablation_frozen_60k0cium/data/PhysioNet2022/training_data/50704_AV.wav,1.0,0.27265343
/tmp/unfreezing_ablation_frozen_60k0cium/data/PhysioNet2022/training_data/50704_MV.wav,1.0,0.604946
/tmp/unfreezing_ablation_frozen_60k0cium/data/PhysioNet2022/training_data/50708_AV.wav,1.0,0.21243839
/tmp/unfreezing_ablation_frozen_60k0cium/data/PhysioNet2022/training_data/50708_MV.wav,1.0,0.055138454
/tmp/unfreezing_ablation_frozen_60k0cium/data/PhysioNet2022/training_data/50708_PV.wav,1.0,0.13859537
/tmp/unfreezing_ablation_frozen_60k0cium/data/PhysioNet2022/training_data/50708_TV.wav,1.0,0.035323747
/tmp/unfreezing_ablation_frozen_60k0cium/data/PhysioNet2022/training_data/50715_AV.wav,1.0,0.023853557
/tmp/unfreezing_ablation_frozen_60k0cium/data/PhysioNet2022/training_data/50715_MV.wav,1.0,0.1465465
/tmp/unfreezing_ablation_frozen_60k0cium/data/PhysioNet2022/training_data/50715_PV.wav,1.0,0.14069875
/tmp/unfreezing_ablation_frozen_60k0cium/data/PhysioNet2022/training_data/50715_TV.wav,1.0,0.1766777
/tmp/unfreezing_ablation_frozen_60k0cium/data/PhysioNet2022/training_data/50723_AV.wav,1.0,0.08052896
/tmp/unfreezing_ablation_frozen_60k0cium/data/PhysioNet2022/training_data/50723_MV.wav,1.0,0.12967676
/tmp/unfreezing_ablation_frozen_60k0cium/data/PhysioNet2022/training_data/50723_PV.wav,1.0,0.3733305
/tmp/unfreezing_ablation_frozen_60k0cium/data/PhysioNet2022/training_data/50723_TV.wav,1.0,0.019812334
/tmp/unfreezing_ablation_frozen_60k0cium/data/PhysioNet2022/training_data/50725_AV.wav,1.0,0.18318583
/tmp/unfreezing_ablation_frozen_60k0cium/data/PhysioNet2022/training_data/50725_MV.wav,1.0,0.14122792
/tmp/unfreezing_ablation_frozen_60k0cium/data/PhysioNet2022/training_data/50725_PV.wav,1.0,0.059772197
/tmp/unfreezing_ablation_frozen_60k0cium/data/PhysioNet2022/training_data/50725_TV.wav,1.0,0.034228567
/tmp/unfreezing_ablation_frozen_60k0cium/data/PhysioNet2022/training_data/50735_AV.wav,1.0,0.33889905
/tmp/unfreezing_ablation_frozen_60k0cium/data/PhysioNet2022/training_data/50735_MV.wav,1.0,0.033147823
/tmp/unfreezing_ablation_frozen_60k0cium/data/PhysioNet2022/training_data/50735_PV.wav,1.0,0.33984408
/tmp/unfreezing_ablation_frozen_60k0cium/data/PhysioNet2022/training_data/50735_TV.wav,1.0,0.030530443
/tmp/unfreezing_ablation_frozen_60k0cium/data/PhysioNet2022/training_data/50739_AV.wav,1.0,0.030658467
/tmp/unfreezing_ablation_frozen_60k0cium/data/PhysioNet2022/training_data/50739_MV.wav,1.0,0.0736169
/tmp/unfreezing_ablation_frozen_60k0cium/data/PhysioNet2022/training_data/50740_AV.wav,1.0,0.124284774
/tmp/unfreezing_ablation_frozen_60k0cium/data/PhysioNet2022/training_data/50740_MV.wav,1.0,0.0750127
/tmp/unfreezing_ablation_frozen_60k0cium/data/PhysioNet2022/training_data/50740_PV.wav,1.0,0.6615964
/tmp/unfreezing_ablation_frozen_60k0cium/data/PhysioNet2022/training_data/50740_TV.wav,1.0,0.2773311
/tmp/unfreezing_ablation_frozen_60k0cium/data/PhysioNet2022/training_data/50742_AV.wav,1.0,0.026694467
/tmp/unfreezing_ablation_frozen_60k0cium/data/PhysioNet2022/training_data/50742_MV.wav,1.0,0.057491314
/tmp/unfreezing_ablation_frozen_60k0cium/data/PhysioNet2022/training_data/50742_PV.wav,1.0,0.048371077
/tmp/unfreezing_ablation_frozen_60k0cium/data/PhysioNet2022/training_data/50742_TV.wav,1.0,0.08950705
/tmp/unfreezing_ablation_frozen_60k0cium/data/PhysioNet2022/training_data/50744_AV.wav,1.0,0.25838614
/tmp/unfreezing_ablation_frozen_60k0cium/data/PhysioNet2022/training_data/50744_MV.wav,1.0,0.41560686
/tmp/unfreezing_ablation_frozen_60k0cium/data/PhysioNet2022/training_data/50744_PV.wav,1.0,0.07535543
/tmp/unfreezing_ablation_frozen_60k0cium/data/PhysioNet2022/training_data/50744_TV.wav,1.0,0.12047934
/tmp/unfreezing_ablation_frozen_60k0cium/data/PhysioNet2022/training_data/50751_AV.wav,1.0,0.061811846
/tmp/unfreezing_ablation_frozen_60k0cium/data/PhysioNet2022/training_data/50751_MV.wav,1.0,0.18454547
/tmp/unfreezing_ablation_frozen_60k0cium/data/PhysioNet2022/training_data/50751_PV.wav,1.0,0.0942274
/tmp/unfreezing_ablation_frozen_60k0cium/data/PhysioNet2022/training_data/50751_TV.wav,1.0,0.020282514
/tmp/unfreezing_ablation_frozen_60k0cium/data/PhysioNet2022/training_data/50752_AV.wav,1.0,0.3086425
/tmp/unfreezing_ablation_frozen_60k0cium/data/PhysioNet2022/training_data/50752_MV.wav,1.0,0.11644887
/tmp/unfreezing_ablation_frozen_60k0cium/data/PhysioNet2022/training_data/50752_PV.wav,1.0,0.11392997
/tmp/unfreezing_ablation_frozen_60k0cium/data/PhysioNet2022/training_data/50752_TV.wav,1.0,0.22743537
/tmp/unfreezing_ablation_frozen_60k0cium/data/PhysioNet2022/training_data/50762_AV.wav,1.0,0.0335424
/tmp/unfreezing_ablation_frozen_60k0cium/data/PhysioNet2022/training_data/50762_MV.wav,1.0,0.048516568
/tmp/unfreezing_ablation_frozen_60k0cium/data/PhysioNet2022/training_data/50762_PV.wav,1.0,0.37940845
/tmp/unfreezing_ablation_frozen_60k0cium/data/PhysioNet2022/training_data/50762_TV.wav,1.0,0.346582
/tmp/unfreezing_ablation_frozen_60k0cium/data/PhysioNet2022/training_data/50768_AV.wav,1.0,0.26409596
/tmp/unfreezing_ablation_frozen_60k0cium/data/PhysioNet2022/training_data/50770_AV.wav,1.0,0.09171992
/tmp/unfreezing_ablation_frozen_60k0cium/data/PhysioNet2022/training_data/50770_MV.wav,1.0,0.21641149
/tmp/unfreezing_ablation_frozen_60k0cium/data/PhysioNet2022/training_data/50770_PV.wav,1.0,0.063429296
/tmp/unfreezing_ablation_frozen_60k0cium/data/PhysioNet2022/training_data/50770_TV.wav,1.0,0.13277777
/tmp/unfreezing_ablation_frozen_60k0cium/data/PhysioNet2022/training_data/50771_AV.wav,1.0,0.039192576
/tmp/unfreezing_ablation_frozen_60k0cium/data/PhysioNet2022/training_data/50771_MV.wav,1.0,0.29818532
/tmp/unfreezing_ablation_frozen_60k0cium/data/PhysioNet2022/training_data/50771_PV.wav,1.0,0.029217286
/tmp/unfreezing_ablation_frozen_60k0cium/data/PhysioNet2022/training_data/50771_TV.wav,1.0,0.06169365
/tmp/unfreezing_ablation_frozen_60k0cium/data/PhysioNet2022/training_data/50793_MV.wav,1.0,0.12278651
/tmp/unfreezing_ablation_frozen_60k0cium/data/PhysioNet2022/training_data/50793_PV.wav,1.0,0.09697036
/tmp/unfreezing_ablation_frozen_60k0cium/data/PhysioNet2022/training_data/50793_TV.wav,1.0,0.019421414
/tmp/unfreezing_ablation_frozen_60k0cium/data/PhysioNet2022/training_data/50812_AV.wav,1.0,0.0913252
/tmp/unfreezing_ablation_frozen_60k0cium/data/PhysioNet2022/training_data/50812_MV.wav,1.0,0.18635646
/tmp/unfreezing_ablation_frozen_60k0cium/data/PhysioNet2022/training_data/50812_PV.wav,1.0,0.04023087
/tmp/unfreezing_ablation_frozen_60k0cium/data/PhysioNet2022/training_data/50812_TV.wav,1.0,0.37037474
/tmp/unfreezing_ablation_frozen_60k0cium/data/PhysioNet2022/training_data/50815_AV.wav,1.0,0.08112108
/tmp/unfreezing_ablation_frozen_60k0cium/data/PhysioNet2022/training_data/50815_MV.wav,1.0,0.023681482
/tmp/unfreezing_ablation_frozen_60k0cium/data/PhysioNet2022/training_data/50815_PV.wav,1.0,0.49623674
/tmp/unfreezing_ablation_frozen_60k0cium/data/PhysioNet2022/training_data/50815_TV.wav,1.0,0.12479154
/tmp/unfreezing_ablation_frozen_60k0cium/data/PhysioNet2022/training_data/50820_AV.wav,1.0,0.41145068
/tmp/unfreezing_ablation_frozen_60k0cium/data/PhysioNet2022/training_data/50820_MV.wav,1.0,0.022209346
/tmp/unfreezing_ablation_frozen_60k0cium/data/PhysioNet2022/training_data/50820_PV.wav,1.0,0.4113718
/tmp/unfreezing_ablation_frozen_60k0cium/data/PhysioNet2022/training_data/50820_TV.wav,1.0,0.044838957
/tmp/unfreezing_ablation_frozen_60k0cium/data/PhysioNet2022/training_data/51064_MV.wav,1.0,0.10958147
/tmp/unfreezing_ablation_frozen_60k0cium/data/PhysioNet2022/training_data/59536_AV.wav,1.0,0.4372551
/tmp/unfreezing_ablation_frozen_60k0cium/data/PhysioNet2022/training_data/59536_MV.wav,1.0,0.08188103
/tmp/unfreezing_ablation_frozen_60k0cium/data/PhysioNet2022/training_data/63456_AV.wav,1.0,0.06734093
/tmp/unfreezing_ablation_frozen_60k0cium/data/PhysioNet2022/training_data/63456_MV.wav,1.0,0.51368976
/tmp/unfreezing_ablation_frozen_60k0cium/data/PhysioNet2022/training_data/63456_PV.wav,1.0,0.019498784
/tmp/unfreezing_ablation_frozen_60k0cium/data/PhysioNet2022/training_data/63456_TV.wav,1.0,0.048861977
/tmp/unfreezing_ablation_frozen_60k0cium/data/PhysioNet2022/training_data/64256_MV.wav,1.0,0.04636997
/tmp/unfreezing_ablation_frozen_60k0cium/data/PhysioNet2022/training_data/64256_PV.wav,1.0,0.03403149
/tmp/unfreezing_ablation_frozen_60k0cium/data/PhysioNet2022/training_data/64256_TV.wav,1.0,0.1618618
/tmp/unfreezing_ablation_frozen_60k0cium/data/PhysioNet2022/training_data/64715_MV.wav,1.0,0.14722747
/tmp/unfreezing_ablation_frozen_60k0cium/data/PhysioNet2022/training_data/64715_PV.wav,1.0,0.08077406
/tmp/unfreezing_ablation_frozen_60k0cium/data/PhysioNet2022/training_data/64715_TV.wav,1.0,0.025961896
/tmp/unfreezing_ablation_frozen_60k0cium/data/PhysioNet2022/training_data/68182_AV.wav,1.0,0.050853305
/tmp/unfreezing_ablation_frozen_60k0cium/data/PhysioNet2022/training_data/68182_MV.wav,1.0,0.0408273
/tmp/unfreezing_ablation_frozen_60k0cium/data/PhysioNet2022/training_data/68182_PV.wav,1.0,0.080936536
/tmp/unfreezing_ablation_frozen_60k0cium/data/PhysioNet2022/training_data/68182_TV.wav,1.0,0.060439877
/tmp/unfreezing_ablation_frozen_60k0cium/data/PhysioNet2022/training_data/68213_AV.wav,1.0,0.07924826
/tmp/unfreezing_ablation_frozen_60k0cium/data/PhysioNet2022/training_data/68213_MV.wav,1.0,0.025438242
/tmp/unfreezing_ablation_frozen_60k0cium/data/PhysioNet2022/training_data/68213_PV.wav,1.0,0.05188655
/tmp/unfreezing_ablation_frozen_60k0cium/data/PhysioNet2022/training_data/68213_TV.wav,1.0,0.046180915
/tmp/unfreezing_ablation_frozen_60k0cium/data/PhysioNet2022/training_data/68219_AV.wav,1.0,0.011027989
/tmp/unfreezing_ablation_frozen_60k0cium/data/PhysioNet2022/training_data/68219_MV.wav,1.0,0.049035143
/tmp/unfreezing_ablation_frozen_60k0cium/data/PhysioNet2022/training_data/68219_PV.wav,1.0,0.17322333
/tmp/unfreezing_ablation_frozen_60k0cium/data/PhysioNet2022/training_data/68219_TV.wav,1.0,0.049610794
/tmp/unfreezing_ablation_frozen_60k0cium/data/PhysioNet2022/training_data/68260_AV.wav,1.0,0.049519796
/tmp/unfreezing_ablation_frozen_60k0cium/data/PhysioNet2022/training_data/68260_MV.wav,1.0,0.07816665
/tmp/unfreezing_ablation_frozen_60k0cium/data/PhysioNet2022/training_data/68260_PV.wav,1.0,0.030348258
/tmp/unfreezing_ablation_frozen_60k0cium/data/PhysioNet2022/training_data/68260_TV.wav,1.0,0.14086139
/tmp/unfreezing_ablation_frozen_60k0cium/data/PhysioNet2022/training_data/68292_AV.wav,1.0,0.07606123
/tmp/unfreezing_ablation_frozen_60k0cium/data/PhysioNet2022/training_data/68292_MV.wav,1.0,0.108786955
/tmp/unfreezing_ablation_frozen_60k0cium/data/PhysioNet2022/training_data/68292_PV.wav,1.0,0.023949051
/tmp/unfreezing_ablation_frozen_60k0cium/data/PhysioNet2022/training_data/68292_TV.wav,1.0,0.11263108
/tmp/unfreezing_ablation_frozen_60k0cium/data/PhysioNet2022/training_data/68306_AV.wav,1.0,0.35380238
/tmp/unfreezing_ablation_frozen_60k0cium/data/PhysioNet2022/training_data/68306_MV.wav,1.0,0.04387509
/tmp/unfreezing_ablation_frozen_60k0cium/data/PhysioNet2022/training_data/68306_PV.wav,1.0,0.09704015
/tmp/unfreezing_ablation_frozen_60k0cium/data/PhysioNet2022/training_data/68306_TV.wav,1.0,0.1824116
/tmp/unfreezing_ablation_frozen_60k0cium/data/PhysioNet2022/training_data/68316_AV.wav,1.0,0.410368
/tmp/unfreezing_ablation_frozen_60k0cium/data/PhysioNet2022/training_data/68316_MV.wav,1.0,0.18507639
/tmp/unfreezing_ablation_frozen_60k0cium/data/PhysioNet2022/training_data/68316_PV.wav,1.0,0.17791234
/tmp/unfreezing_ablation_frozen_60k0cium/data/PhysioNet2022/training_data/68316_TV.wav,1.0,0.49765062
/tmp/unfreezing_ablation_frozen_60k0cium/data/PhysioNet2022/training_data/68327_AV.wav,1.0,0.076610185
/tmp/unfreezing_ablation_frozen_60k0cium/data/PhysioNet2022/training_data/68327_MV.wav,1.0,0.05408123
/tmp/unfreezing_ablation_frozen_60k0cium/data/PhysioNet2022/training_data/68327_PV.wav,1.0,0.12447188
/tmp/unfreezing_ablation_frozen_60k0cium/data/PhysioNet2022/training_data/68327_TV.wav,1.0,0.09010406
/tmp/unfreezing_ablation_frozen_60k0cium/data/PhysioNet2022/training_data/68337_AV.wav,1.0,0.23488703
/tmp/unfreezing_ablation_frozen_60k0cium/data/PhysioNet2022/training_data/68337_MV.wav,1.0,0.19323207
/tmp/unfreezing_ablation_frozen_60k0cium/data/PhysioNet2022/training_data/68337_PV.wav,1.0,0.33992913
/tmp/unfreezing_ablation_frozen_60k0cium/data/PhysioNet2022/training_data/68337_TV.wav,1.0,0.05369547
/tmp/unfreezing_ablation_frozen_60k0cium/data/PhysioNet2022/training_data/68363_AV.wav,1.0,0.028898813
/tmp/unfreezing_ablation_frozen_60k0cium/data/PhysioNet2022/training_data/68363_MV.wav,1.0,0.07226312
/tmp/unfreezing_ablation_frozen_60k0cium/data/PhysioNet2022/training_data/68368_AV.wav,1.0,0.17503384
/tmp/unfreezing_ablation_frozen_60k0cium/data/PhysioNet2022/training_data/68368_MV.wav,1.0,0.3137592
/tmp/unfreezing_ablation_frozen_60k0cium/data/PhysioNet2022/training_data/68368_PV.wav,1.0,0.05474485
/tmp/unfreezing_ablation_frozen_60k0cium/data/PhysioNet2022/training_data/68368_TV.wav,1.0,0.08831187
/tmp/unfreezing_ablation_frozen_60k0cium/data/PhysioNet2022/training_data/68374_AV.wav,1.0,0.16080739
/tmp/unfreezing_ablation_frozen_60k0cium/data/PhysioNet2022/training_data/68374_MV.wav,1.0,0.019602353
/tmp/unfreezing_ablation_frozen_60k0cium/data/PhysioNet2022/training_data/68379_AV.wav,1.0,0.06406121
/tmp/unfreezing_ablation_frozen_60k0cium/data/PhysioNet2022/training_data/68379_MV.wav,1.0,0.06986592
/tmp/unfreezing_ablation_frozen_60k0cium/data/PhysioNet2022/training_data/68379_PV.wav,1.0,0.12770209
/tmp/unfreezing_ablation_frozen_60k0cium/data/PhysioNet2022/training_data/68379_TV.wav,1.0,0.06689364
/tmp/unfreezing_ablation_frozen_60k0cium/data/PhysioNet2022/training_data/68395_PV.wav,1.0,0.24657133
/tmp/unfreezing_ablation_frozen_60k0cium/data/PhysioNet2022/training_data/68395_TV.wav,1.0,0.07587285
/tmp/unfreezing_ablation_frozen_60k0cium/data/PhysioNet2022/training_data/68407_AV.wav,1.0,0.24261416
/tmp/unfreezing_ablation_frozen_60k0cium/data/PhysioNet2022/training_data/68407_MV.wav,1.0,0.07755549
/tmp/unfreezing_ablation_frozen_60k0cium/data/PhysioNet2022/training_data/68407_PV.wav,1.0,0.24862567
/tmp/unfreezing_ablation_frozen_60k0cium/data/PhysioNet2022/training_data/68407_TV.wav,1.0,0.013462726
/tmp/unfreezing_ablation_frozen_60k0cium/data/PhysioNet2022/training_data/68412_AV.wav,1.0,0.08670184
/tmp/unfreezing_ablation_frozen_60k0cium/data/PhysioNet2022/training_data/68412_MV.wav,1.0,0.061716177
/tmp/unfreezing_ablation_frozen_60k0cium/data/PhysioNet2022/training_data/68412_PV.wav,1.0,0.038880084
/tmp/unfreezing_ablation_frozen_60k0cium/data/PhysioNet2022/training_data/68412_TV.wav,1.0,0.04070824
/tmp/unfreezing_ablation_frozen_60k0cium/data/PhysioNet2022/training_data/68435_AV.wav,1.0,0.043271035
/tmp/unfreezing_ablation_frozen_60k0cium/data/PhysioNet2022/training_data/68435_MV.wav,1.0,0.058626756
/tmp/unfreezing_ablation_frozen_60k0cium/data/PhysioNet2022/training_data/68444_AV.wav,1.0,0.028255552
/tmp/unfreezing_ablation_frozen_60k0cium/data/PhysioNet2022/training_data/68444_MV.wav,1.0,0.4478319
/tmp/unfreezing_ablation_frozen_60k0cium/data/PhysioNet2022/training_data/68444_PV.wav,1.0,0.16420268
/tmp/unfreezing_ablation_frozen_60k0cium/data/PhysioNet2022/training_data/68444_TV.wav,1.0,0.01794198
/tmp/unfreezing_ablation_frozen_60k0cium/data/PhysioNet2022/training_data/68487_AV.wav,1.0,0.13874319
/tmp/unfreezing_ablation_frozen_60k0cium/data/PhysioNet2022/training_data/68487_MV.wav,1.0,0.66862684
/tmp/unfreezing_ablation_frozen_60k0cium/data/PhysioNet2022/training_data/68487_PV.wav,1.0,0.0850064
/tmp/unfreezing_ablation_frozen_60k0cium/data/PhysioNet2022/training_data/68487_TV.wav,1.0,0.1015771
/tmp/unfreezing_ablation_frozen_60k0cium/data/PhysioNet2022/training_data/68498_AV.wav,1.0,0.018944876
/tmp/unfreezing_ablation_frozen_60k0cium/data/PhysioNet2022/training_data/68498_MV.wav,1.0,0.055797283
/tmp/unfreezing_ablation_frozen_60k0cium/data/PhysioNet2022/training_data/68498_PV.wav,1.0,0.030515825
/tmp/unfreezing_ablation_frozen_60k0cium/data/PhysioNet2022/training_data/68498_TV.wav,1.0,0.43261606
/tmp/unfreezing_ablation_frozen_60k0cium/data/PhysioNet2022/training_data/68504_AV.wav,1.0,0.15869753
/tmp/unfreezing_ablation_frozen_60k0cium/data/PhysioNet2022/training_data/68504_MV.wav,1.0,0.26081422
/tmp/unfreezing_ablation_frozen_60k0cium/data/PhysioNet2022/training_data/68504_PV.wav,1.0,0.31710303
/tmp/unfreezing_ablation_frozen_60k0cium/data/PhysioNet2022/training_data/68504_TV.wav,1.0,0.019843824
/tmp/unfreezing_ablation_frozen_60k0cium/data/PhysioNet2022/training_data/68545_AV.wav,1.0,0.14760761
/tmp/unfreezing_ablation_frozen_60k0cium/data/PhysioNet2022/training_data/68545_MV.wav,1.0,0.26483718
/tmp/unfreezing_ablation_frozen_60k0cium/data/PhysioNet2022/training_data/68545_PV.wav,1.0,0.13849947
/tmp/unfreezing_ablation_frozen_60k0cium/data/PhysioNet2022/training_data/68545_TV.wav,1.0,0.6130235
/tmp/unfreezing_ablation_frozen_60k0cium/data/PhysioNet2022/training_data/68556_AV.wav,1.0,0.35370535
/tmp/unfreezing_ablation_frozen_60k0cium/data/PhysioNet2022/training_data/68556_MV.wav,1.0,0.15078089
/tmp/unfreezing_ablation_frozen_60k0cium/data/PhysioNet2022/training_data/68576_AV.wav,1.0,0.16383451
/tmp/unfreezing_ablation_frozen_60k0cium/data/PhysioNet2022/training_data/68576_MV.wav,1.0,0.029253861
/tmp/unfreezing_ablation_frozen_60k0cium/data/PhysioNet2022/training_data/68698_AV.wav,1.0,0.043601386
/tmp/unfreezing_ablation_frozen_60k0cium/data/PhysioNet2022/training_data/68698_MV.wav,1.0,0.21142168
/tmp/unfreezing_ablation_frozen_60k0cium/data/PhysioNet2022/training_data/68698_PV.wav,1.0,0.12249845
/tmp/unfreezing_ablation_frozen_60k0cium/data/PhysioNet2022/training_data/68698_TV.wav,1.0,0.6127265
/tmp/unfreezing_ablation_frozen_60k0cium/data/PhysioNet2022/training_data/68702_AV.wav,1.0,0.06544696
/tmp/unfreezing_ablation_frozen_60k0cium/data/PhysioNet2022/training_data/68702_MV.wav,1.0,0.19504082
/tmp/unfreezing_ablation_frozen_60k0cium/data/PhysioNet2022/training_data/68702_PV.wav,1.0,0.15231149
/tmp/unfreezing_ablation_frozen_60k0cium/data/PhysioNet2022/training_data/68702_TV.wav,1.0,0.028630996
/tmp/unfreezing_ablation_frozen_60k0cium/data/PhysioNet2022/training_data/68738_AV.wav,1.0,0.03827958
/tmp/unfreezing_ablation_frozen_60k0cium/data/PhysioNet2022/training_data/68738_MV.wav,1.0,0.22306189
/tmp/unfreezing_ablation_frozen_60k0cium/data/PhysioNet2022/training_data/68738_PV.wav,1.0,0.46085015
/tmp/unfreezing_ablation_frozen_60k0cium/data/PhysioNet2022/training_data/68738_TV.wav,1.0,0.036974233
/tmp/unfreezing_ablation_frozen_60k0cium/data/PhysioNet2022/training_data/68740_AV.wav,1.0,0.1551804
/tmp/unfreezing_ablation_frozen_60k0cium/data/PhysioNet2022/training_data/68740_MV.wav,1.0,0.109440245
/tmp/unfreezing_ablation_frozen_60k0cium/data/PhysioNet2022/training_data/68740_PV.wav,1.0,0.06511179
/tmp/unfreezing_ablation_frozen_60k0cium/data/PhysioNet2022/training_data/68740_TV.wav,1.0,0.3048159
/tmp/unfreezing_ablation_frozen_60k0cium/data/PhysioNet2022/training_data/68796_AV.wav,1.0,0.5718364
/tmp/unfreezing_ablation_frozen_60k0cium/data/PhysioNet2022/training_data/68796_MV.wav,1.0,0.17052084
/tmp/unfreezing_ablation_frozen_60k0cium/data/PhysioNet2022/training_data/68796_PV.wav,1.0,0.31431574
/tmp/unfreezing_ablation_frozen_60k0cium/data/PhysioNet2022/training_data/68796_TV.wav,1.0,0.071491964
/tmp/unfreezing_ablation_frozen_60k0cium/data/PhysioNet2022/training_data/68827_AV.wav,1.0,0.015778823
/tmp/unfreezing_ablation_frozen_60k0cium/data/PhysioNet2022/training_data/68827_PV.wav,1.0,0.46009448
/tmp/unfreezing_ablation_frozen_60k0cium/data/PhysioNet2022/training_data/68827_TV.wav,1.0,0.12400572
/tmp/unfreezing_ablation_frozen_60k0cium/data/PhysioNet2022/training_data/68874_AV.wav,1.0,0.78745836
/tmp/unfreezing_ablation_frozen_60k0cium/data/PhysioNet2022/training_data/68874_MV.wav,1.0,0.39809003
/tmp/unfreezing_ablation_frozen_60k0cium/data/PhysioNet2022/training_data/68874_PV.wav,1.0,0.09851572
/tmp/unfreezing_ablation_frozen_60k0cium/data/PhysioNet2022/training_data/68874_TV.wav,1.0,0.053701505
/tmp/unfreezing_ablation_frozen_60k0cium/data/PhysioNet2022/training_data/68886_AV.wav,1.0,0.06419092
/tmp/unfreezing_ablation_frozen_60k0cium/data/PhysioNet2022/training_data/68886_MV.wav,1.0,0.024147963
/tmp/unfreezing_ablation_frozen_60k0cium/data/PhysioNet2022/training_data/68886_PV.wav,1.0,0.036686506
/tmp/unfreezing_ablation_frozen_60k0cium/data/PhysioNet2022/training_data/68886_TV.wav,1.0,0.3572289
/tmp/unfreezing_ablation_frozen_60k0cium/data/PhysioNet2022/training_data/68888_AV.wav,1.0,0.2875731
/tmp/unfreezing_ablation_frozen_60k0cium/data/PhysioNet2022/training_data/68888_MV.wav,1.0,0.0633941
/tmp/unfreezing_ablation_frozen_60k0cium/data/PhysioNet2022/training_data/68888_PV.wav,1.0,0.15527812
/tmp/unfreezing_ablation_frozen_60k0cium/data/PhysioNet2022/training_data/68888_TV.wav,1.0,0.1779212
/tmp/unfreezing_ablation_frozen_60k0cium/data/PhysioNet2022/training_data/68901_AV.wav,1.0,0.07371377
/tmp/unfreezing_ablation_frozen_60k0cium/data/PhysioNet2022/training_data/68901_MV.wav,1.0,0.05555104
/tmp/unfreezing_ablation_frozen_60k0cium/data/PhysioNet2022/training_data/68901_PV.wav,1.0,0.66254455
/tmp/unfreezing_ablation_frozen_60k0cium/data/PhysioNet2022/training_data/68901_TV.wav,1.0,0.2257497
/tmp/unfreezing_ablation_frozen_60k0cium/data/PhysioNet2022/training_data/68952_AV.wav,1.0,0.239475
/tmp/unfreezing_ablation_frozen_60k0cium/data/PhysioNet2022/training_data/68952_MV.wav,1.0,0.056755424
/tmp/unfreezing_ablation_frozen_60k0cium/data/PhysioNet2022/training_data/68952_PV.wav,1.0,0.0850385
/tmp/unfreezing_ablation_frozen_60k0cium/data/PhysioNet2022/training_data/68952_TV.wav,1.0,0.06372104
/tmp/unfreezing_ablation_frozen_60k0cium/data/PhysioNet2022/training_data/69060_AV.wav,1.0,0.3136911
/tmp/unfreezing_ablation_frozen_60k0cium/data/PhysioNet2022/training_data/69060_MV.wav,1.0,0.15185589
/tmp/unfreezing_ablation_frozen_60k0cium/data/PhysioNet2022/training_data/69060_PV.wav,1.0,0.070969
/tmp/unfreezing_ablation_frozen_60k0cium/data/PhysioNet2022/training_data/69060_TV.wav,1.0,0.013951203
/tmp/unfreezing_ablation_frozen_60k0cium/data/PhysioNet2022/training_data/69066_AV.wav,1.0,0.07231598
/tmp/unfreezing_ablation_frozen_60k0cium/data/PhysioNet2022/training_data/69066_MV.wav,1.0,0.145788
/tmp/unfreezing_ablation_frozen_60k0cium/data/PhysioNet2022/training_data/69066_PV.wav,1.0,0.08819851
/tmp/unfreezing_ablation_frozen_60k0cium/data/PhysioNet2022/training_data/69066_TV.wav,1.0,0.22637065
/tmp/unfreezing_ablation_frozen_60k0cium/data/PhysioNet2022/training_data/69068_AV.wav,1.0,0.19138987
/tmp/unfreezing_ablation_frozen_60k0cium/data/PhysioNet2022/training_data/69068_MV.wav,1.0,0.4394521
/tmp/unfreezing_ablation_frozen_60k0cium/data/PhysioNet2022/training_data/69068_PV.wav,1.0,0.14043525
/tmp/unfreezing_ablation_frozen_60k0cium/data/PhysioNet2022/training_data/69068_TV.wav,1.0,0.097135134
/tmp/unfreezing_ablation_frozen_60k0cium/data/PhysioNet2022/training_data/69093_AV.wav,1.0,0.08463642
/tmp/unfreezing_ablation_frozen_60k0cium/data/PhysioNet2022/training_data/69093_MV.wav,1.0,0.2538713
/tmp/unfreezing_ablation_frozen_60k0cium/data/PhysioNet2022/training_data/69093_PV.wav,1.0,0.048220705
/tmp/unfreezing_ablation_frozen_60k0cium/data/PhysioNet2022/training_data/69093_TV.wav,1.0,0.070017055
/tmp/unfreezing_ablation_frozen_60k0cium/data/PhysioNet2022/training_data/69112_AV.wav,1.0,0.014041317
/tmp/unfreezing_ablation_frozen_60k0cium/data/PhysioNet2022/training_data/69112_MV.wav,1.0,0.1182259
/tmp/unfreezing_ablation_frozen_60k0cium/data/PhysioNet2022/training_data/69112_PV.wav,1.0,0.08634632
/tmp/unfreezing_ablation_frozen_60k0cium/data/PhysioNet2022/training_data/69112_TV.wav,1.0,0.10617472
/tmp/unfreezing_ablation_frozen_60k0cium/data/PhysioNet2022/training_data/69120_AV.wav,1.0,0.09015876
/tmp/unfreezing_ablation_frozen_60k0cium/data/PhysioNet2022/training_data/69120_MV.wav,1.0,0.66865593
/tmp/unfreezing_ablation_frozen_60k0cium/data/PhysioNet2022/training_data/69120_PV.wav,1.0,0.083401576
/tmp/unfreezing_ablation_frozen_60k0cium/data/PhysioNet2022/training_data/69120_TV.wav,1.0,0.08278651
/tmp/unfreezing_ablation_frozen_60k0cium/data/PhysioNet2022/training_data/69125_AV.wav,1.0,0.19812039
/tmp/unfreezing_ablation_frozen_60k0cium/data/PhysioNet2022/training_data/69125_MV.wav,1.0,0.08187624
/tmp/unfreezing_ablation_frozen_60k0cium/data/PhysioNet2022/training_data/69125_PV.wav,1.0,0.21334624
/tmp/unfreezing_ablation_frozen_60k0cium/data/PhysioNet2022/training_data/69125_TV.wav,1.0,0.13535598
/tmp/unfreezing_ablation_frozen_60k0cium/data/PhysioNet2022/training_data/69144_AV.wav,1.0,0.03553329
/tmp/unfreezing_ablation_frozen_60k0cium/data/PhysioNet2022/training_data/69144_MV.wav,1.0,0.009067317
/tmp/unfreezing_ablation_frozen_60k0cium/data/PhysioNet2022/training_data/69144_PV.wav,1.0,0.045759883
/tmp/unfreezing_ablation_frozen_60k0cium/data/PhysioNet2022/training_data/69144_TV.wav,1.0,0.7693315
/tmp/unfreezing_ablation_frozen_60k0cium/data/PhysioNet2022/training_data/69155_MV.wav,1.0,0.07293954
/tmp/unfreezing_ablation_frozen_60k0cium/data/PhysioNet2022/training_data/69155_PV.wav,1.0,0.043113604
/tmp/unfreezing_ablation_frozen_60k0cium/data/PhysioNet2022/training_data/69155_TV.wav,1.0,0.030141635
/tmp/unfreezing_ablation_frozen_60k0cium/data/PhysioNet2022/training_data/69161_AV.wav,1.0,0.014232404
/tmp/unfreezing_ablation_frozen_60k0cium/data/PhysioNet2022/training_data/69161_MV.wav,1.0,0.08801518
/tmp/unfreezing_ablation_frozen_60k0cium/data/PhysioNet2022/training_data/69161_PV.wav,1.0,0.016270354
/tmp/unfreezing_ablation_frozen_60k0cium/data/PhysioNet2022/training_data/69161_TV.wav,1.0,0.017169233
/tmp/unfreezing_ablation_frozen_60k0cium/data/PhysioNet2022/training_data/69174_AV.wav,1.0,0.036017057
/tmp/unfreezing_ablation_frozen_60k0cium/data/PhysioNet2022/training_data/69174_MV.wav,1.0,0.038662136
/tmp/unfreezing_ablation_frozen_60k0cium/data/PhysioNet2022/training_data/69174_PV.wav,1.0,0.027166769
/tmp/unfreezing_ablation_frozen_60k0cium/data/PhysioNet2022/training_data/69174_TV.wav,1.0,0.018398091
/tmp/unfreezing_ablation_frozen_60k0cium/data/PhysioNet2022/training_data/69176_AV.wav,1.0,0.06434746
/tmp/unfreezing_ablation_frozen_60k0cium/data/PhysioNet2022/training_data/69176_MV.wav,1.0,0.21640046
/tmp/unfreezing_ablation_frozen_60k0cium/data/PhysioNet2022/training_data/69176_PV.wav,1.0,0.12317793
/tmp/unfreezing_ablation_frozen_60k0cium/data/PhysioNet2022/training_data/69176_TV.wav,1.0,0.057222325
/tmp/unfreezing_ablation_frozen_60k0cium/data/PhysioNet2022/training_data/72288_PV.wav,1.0,0.11766288
/tmp/unfreezing_ablation_frozen_60k0cium/data/PhysioNet2022/training_data/73497_AV.wav,1.0,0.09922448
/tmp/unfreezing_ablation_frozen_60k0cium/data/PhysioNet2022/training_data/73497_MV.wav,1.0,0.076522455
/tmp/unfreezing_ablation_frozen_60k0cium/data/PhysioNet2022/training_data/73497_PV.wav,1.0,0.040202834
/tmp/unfreezing_ablation_frozen_60k0cium/data/PhysioNet2022/training_data/73497_TV.wav,1.0,0.29904145
/tmp/unfreezing_ablation_frozen_60k0cium/data/PhysioNet2022/training_data/74420_AV.wav,1.0,0.054337796
/tmp/unfreezing_ablation_frozen_60k0cium/data/PhysioNet2022/training_data/74420_MV.wav,1.0,0.06402471
/tmp/unfreezing_ablation_frozen_60k0cium/data/PhysioNet2022/training_data/75440_AV.wav,1.0,0.04213571
/tmp/unfreezing_ablation_frozen_60k0cium/data/PhysioNet2022/training_data/75440_MV.wav,1.0,0.371232
/tmp/unfreezing_ablation_frozen_60k0cium/data/PhysioNet2022/training_data/75440_PV.wav,1.0,0.01918455
/tmp/unfreezing_ablation_frozen_60k0cium/data/PhysioNet2022/training_data/75440_TV.wav,1.0,0.21266247
/tmp/unfreezing_ablation_frozen_60k0cium/data/PhysioNet2022/training_data/78592_AV.wav,1.0,0.08023089
/tmp/unfreezing_ablation_frozen_60k0cium/data/PhysioNet2022/training_data/78592_MV.wav,1.0,0.11045119
/tmp/unfreezing_ablation_frozen_60k0cium/data/PhysioNet2022/training_data/78592_PV.wav,1.0,0.026107542
/tmp/unfreezing_ablation_frozen_60k0cium/data/PhysioNet2022/training_data/78592_TV.wav,1.0,0.03978481
/tmp/unfreezing_ablation_frozen_60k0cium/data/PhysioNet2022/training_data/84688_MV.wav,1.0,0.08086556
/tmp/unfreezing_ablation_frozen_60k0cium/data/PhysioNet2022/training_data/84689_AV.wav,1.0,0.034845427
/tmp/unfreezing_ablation_frozen_60k0cium/data/PhysioNet2022/training_data/84689_MV.wav,1.0,0.31012085
/tmp/unfreezing_ablation_frozen_60k0cium/data/PhysioNet2022/training_data/84689_PV.wav,1.0,0.0442308
/tmp/unfreezing_ablation_frozen_60k0cium/data/PhysioNet2022/training_data/84689_TV.wav,1.0,0.034978244
/tmp/unfreezing_ablation_frozen_60k0cium/data/PhysioNet2022/training_data/84692_AV.wav,1.0,0.034231678
/tmp/unfreezing_ablation_frozen_60k0cium/data/PhysioNet2022/training_data/84692_MV.wav,1.0,0.36842647
/tmp/unfreezing_ablation_frozen_60k0cium/data/PhysioNet2022/training_data/84692_PV.wav,1.0,0.022034418
/tmp/unfreezing_ablation_frozen_60k0cium/data/PhysioNet2022/training_data/84692_TV.wav,1.0,0.063630365
/tmp/unfreezing_ablation_frozen_60k0cium/data/PhysioNet2022/training_data/84699_AV.wav,1.0,0.09332063
/tmp/unfreezing_ablation_frozen_60k0cium/data/PhysioNet2022/training_data/84699_MV.wav,1.0,0.21949346
/tmp/unfreezing_ablation_frozen_60k0cium/data/PhysioNet2022/training_data/84699_PV.wav,1.0,0.17299771
/tmp/unfreezing_ablation_frozen_60k0cium/data/PhysioNet2022/training_data/84699_TV.wav,1.0,0.034478698
/tmp/unfreezing_ablation_frozen_60k0cium/data/PhysioNet2022/training_data/84709_AV.wav,1.0,0.15349202
/tmp/unfreezing_ablation_frozen_60k0cium/data/PhysioNet2022/training_data/84709_MV.wav,1.0,0.032801032
/tmp/unfreezing_ablation_frozen_60k0cium/data/PhysioNet2022/training_data/84709_PV.wav,1.0,0.45007667
/tmp/unfreezing_ablation_frozen_60k0cium/data/PhysioNet2022/training_data/84709_TV.wav,1.0,0.040645506
/tmp/unfreezing_ablation_frozen_60k0cium/data/PhysioNet2022/training_data/84711_AV.wav,1.0,0.019386971
/tmp/unfreezing_ablation_frozen_60k0cium/data/PhysioNet2022/training_data/84711_MV.wav,1.0,0.1212487
/tmp/unfreezing_ablation_frozen_60k0cium/data/PhysioNet2022/training_data/84711_PV.wav,1.0,0.2634693
/tmp/unfreezing_ablation_frozen_60k0cium/data/PhysioNet2022/training_data/84711_TV.wav,1.0,0.027688725
/tmp/unfreezing_ablation_frozen_60k0cium/data/PhysioNet2022/training_data/84714_AV.wav,1.0,0.021341655
/tmp/unfreezing_ablation_frozen_60k0cium/data/PhysioNet2022/training_data/84714_MV.wav,1.0,0.14854524
/tmp/unfreezing_ablation_frozen_60k0cium/data/PhysioNet2022/training_data/84714_TV.wav,1.0,0.063318335
/tmp/unfreezing_ablation_frozen_60k0cium/data/PhysioNet2022/training_data/84720_AV.wav,1.0,0.27061132
/tmp/unfreezing_ablation_frozen_60k0cium/data/PhysioNet2022/training_data/84724_AV.wav,1.0,0.030579923
/tmp/unfreezing_ablation_frozen_60k0cium/data/PhysioNet2022/training_data/84724_MV.wav,1.0,0.118693754
/tmp/unfreezing_ablation_frozen_60k0cium/data/PhysioNet2022/training_data/84724_PV.wav,1.0,0.011430747
/tmp/unfreezing_ablation_frozen_60k0cium/data/PhysioNet2022/training_data/84724_TV.wav,1.0,0.048910078
/tmp/unfreezing_ablation_frozen_60k0cium/data/PhysioNet2022/training_data/84727_AV.wav,1.0,0.17885947
/tmp/unfreezing_ablation_frozen_60k0cium/data/PhysioNet2022/training_data/84727_MV.wav,1.0,0.5040777
/tmp/unfreezing_ablation_frozen_60k0cium/data/PhysioNet2022/training_data/84727_PV.wav,1.0,0.15215783
/tmp/unfreezing_ablation_frozen_60k0cium/data/PhysioNet2022/training_data/84727_TV.wav,1.0,0.040518142
/tmp/unfreezing_ablation_frozen_60k0cium/data/PhysioNet2022/training_data/84735_AV.wav,1.0,0.039837692
/tmp/unfreezing_ablation_frozen_60k0cium/data/PhysioNet2022/training_data/84735_MV.wav,1.0,0.25271714
/tmp/unfreezing_ablation_frozen_60k0cium/data/PhysioNet2022/training_data/84735_PV.wav,1.0,0.016082413
/tmp/unfreezing_ablation_frozen_60k0cium/data/PhysioNet2022/training_data/84735_TV.wav,1.0,0.191891
/tmp/unfreezing_ablation_frozen_60k0cium/data/PhysioNet2022/training_data/84736_AV.wav,1.0,0.15489134
/tmp/unfreezing_ablation_frozen_60k0cium/data/PhysioNet2022/training_data/84736_MV.wav,1.0,0.047029
/tmp/unfreezing_ablation_frozen_60k0cium/data/PhysioNet2022/training_data/84742_AV.wav,1.0,0.23733474
/tmp/unfreezing_ablation_frozen_60k0cium/data/PhysioNet2022/training_data/84742_MV.wav,1.0,0.04417531
/tmp/unfreezing_ablation_frozen_60k0cium/data/PhysioNet2022/training_data/84742_PV.wav,1.0,0.2240415
/tmp/unfreezing_ablation_frozen_60k0cium/data/PhysioNet2022/training_data/84742_TV.wav,1.0,0.16534549
/tmp/unfreezing_ablation_frozen_60k0cium/data/PhysioNet2022/training_data/84743_AV.wav,1.0,0.12747942
/tmp/unfreezing_ablation_frozen_60k0cium/data/PhysioNet2022/training_data/84743_MV.wav,1.0,0.072151616
/tmp/unfreezing_ablation_frozen_60k0cium/data/PhysioNet2022/training_data/84743_PV.wav,1.0,0.101191446
/tmp/unfreezing_ablation_frozen_60k0cium/data/PhysioNet2022/training_data/84743_TV.wav,1.0,0.041022573
/tmp/unfreezing_ablation_frozen_60k0cium/data/PhysioNet2022/training_data/84747_TV.wav,1.0,0.12735862
/tmp/unfreezing_ablation_frozen_60k0cium/data/PhysioNet2022/training_data/84749_AV.wav,1.0,0.27138975
/tmp/unfreezing_ablation_frozen_60k0cium/data/PhysioNet2022/training_data/84749_MV.wav,1.0,0.41132015
/tmp/unfreezing_ablation_frozen_60k0cium/data/PhysioNet2022/training_data/84749_PV.wav,1.0,0.17138796
/tmp/unfreezing_ablation_frozen_60k0cium/data/PhysioNet2022/training_data/84749_TV.wav,1.0,0.0413616
/tmp/unfreezing_ablation_frozen_60k0cium/data/PhysioNet2022/training_data/84750_AV.wav,1.0,0.033163358
/tmp/unfreezing_ablation_frozen_60k0cium/data/PhysioNet2022/training_data/84750_MV.wav,1.0,0.15462363
/tmp/unfreezing_ablation_frozen_60k0cium/data/PhysioNet2022/training_data/84750_PV.wav,1.0,0.42516786
/tmp/unfreezing_ablation_frozen_60k0cium/data/PhysioNet2022/training_data/84750_TV.wav,1.0,0.047919024
/tmp/unfreezing_ablation_frozen_60k0cium/data/PhysioNet2022/training_data/84758_AV.wav,1.0,0.038318995
/tmp/unfreezing_ablation_frozen_60k0cium/data/PhysioNet2022/training_data/84758_MV.wav,1.0,0.03769426
/tmp/unfreezing_ablation_frozen_60k0cium/data/PhysioNet2022/training_data/84758_PV.wav,1.0,0.09751833
/tmp/unfreezing_ablation_frozen_60k0cium/data/PhysioNet2022/training_data/84758_TV.wav,1.0,0.097924985
/tmp/unfreezing_ablation_frozen_60k0cium/data/PhysioNet2022/training_data/84761_AV.wav,1.0,0.2474424
/tmp/unfreezing_ablation_frozen_60k0cium/data/PhysioNet2022/training_data/84761_MV.wav,1.0,0.0069222786
/tmp/unfreezing_ablation_frozen_60k0cium/data/PhysioNet2022/training_data/84761_PV.wav,1.0,0.20366801
/tmp/unfreezing_ablation_frozen_60k0cium/data/PhysioNet2022/training_data/84761_TV.wav,1.0,0.050055537
/tmp/unfreezing_ablation_frozen_60k0cium/data/PhysioNet2022/training_data/84776_AV.wav,1.0,0.11744916
/tmp/unfreezing_ablation_frozen_60k0cium/data/PhysioNet2022/training_data/84776_MV.wav,1.0,0.17007902
/tmp/unfreezing_ablation_frozen_60k0cium/data/PhysioNet2022/training_data/84776_PV.wav,1.0,0.21545842
/tmp/unfreezing_ablation_frozen_60k0cium/data/PhysioNet2022/training_data/84776_TV.wav,1.0,0.16279475
/tmp/unfreezing_ablation_frozen_60k0cium/data/PhysioNet2022/training_data/84778_AV.wav,1.0,0.10777133
/tmp/unfreezing_ablation_frozen_60k0cium/data/PhysioNet2022/training_data/84778_MV.wav,1.0,0.07068148
/tmp/unfreezing_ablation_frozen_60k0cium/data/PhysioNet2022/training_data/84778_PV.wav,1.0,0.2349649
/tmp/unfreezing_ablation_frozen_60k0cium/data/PhysioNet2022/training_data/84778_TV.wav,1.0,0.25785723
/tmp/unfreezing_ablation_frozen_60k0cium/data/PhysioNet2022/training_data/84785_AV.wav,1.0,0.023669409
/tmp/unfreezing_ablation_frozen_60k0cium/data/PhysioNet2022/training_data/84785_MV.wav,1.0,0.15263593
/tmp/unfreezing_ablation_frozen_60k0cium/data/PhysioNet2022/training_data/84785_PV.wav,1.0,0.055984434
/tmp/unfreezing_ablation_frozen_60k0cium/data/PhysioNet2022/training_data/84785_TV.wav,1.0,0.22602157
/tmp/unfreezing_ablation_frozen_60k0cium/data/PhysioNet2022/training_data/84796_AV.wav,1.0,0.11782445
/tmp/unfreezing_ablation_frozen_60k0cium/data/PhysioNet2022/training_data/84796_MV.wav,1.0,0.04224895
/tmp/unfreezing_ablation_frozen_60k0cium/data/PhysioNet2022/training_data/84798_AV.wav,1.0,0.23022549
/tmp/unfreezing_ablation_frozen_60k0cium/data/PhysioNet2022/training_data/84798_MV.wav,1.0,0.062425554
/tmp/unfreezing_ablation_frozen_60k0cium/data/PhysioNet2022/training_data/84798_PV.wav,1.0,0.05273481
/tmp/unfreezing_ablation_frozen_60k0cium/data/PhysioNet2022/training_data/84798_TV.wav,1.0,0.010925707
/tmp/unfreezing_ablation_frozen_60k0cium/data/PhysioNet2022/training_data/84809_AV.wav,1.0,0.058354344
/tmp/unfreezing_ablation_frozen_60k0cium/data/PhysioNet2022/training_data/84809_MV.wav,1.0,0.14462328
/tmp/unfreezing_ablation_frozen_60k0cium/data/PhysioNet2022/training_data/84809_PV.wav,1.0,0.076233156
/tmp/unfreezing_ablation_frozen_60k0cium/data/PhysioNet2022/training_data/84809_TV.wav,1.0,0.2723611
/tmp/unfreezing_ablation_frozen_60k0cium/data/PhysioNet2022/training_data/84835_AV.wav,1.0,0.03737173
/tmp/unfreezing_ablation_frozen_60k0cium/data/PhysioNet2022/training_data/84835_MV.wav,1.0,0.27174056
/tmp/unfreezing_ablation_frozen_60k0cium/data/PhysioNet2022/training_data/84835_PV.wav,1.0,0.050280992
/tmp/unfreezing_ablation_frozen_60k0cium/data/PhysioNet2022/training_data/84835_TV.wav,1.0,0.04493192
/tmp/unfreezing_ablation_frozen_60k0cium/data/PhysioNet2022/training_data/84837_AV.wav,1.0,0.11115792
/tmp/unfreezing_ablation_frozen_60k0cium/data/PhysioNet2022/training_data/84837_PV.wav,1.0,0.050241057
/tmp/unfreezing_ablation_frozen_60k0cium/data/PhysioNet2022/training_data/84840_MV.wav,1.0,0.20022544
/tmp/unfreezing_ablation_frozen_60k0cium/data/PhysioNet2022/training_data/84840_TV.wav,1.0,0.1283827
/tmp/unfreezing_ablation_frozen_60k0cium/data/PhysioNet2022/training_data/84852_AV.wav,1.0,0.19579059
/tmp/unfreezing_ablation_frozen_60k0cium/data/PhysioNet2022/training_data/84852_MV.wav,1.0,0.15555671
/tmp/unfreezing_ablation_frozen_60k0cium/data/PhysioNet2022/training_data/84852_PV.wav,1.0,0.012174516
/tmp/unfreezing_ablation_frozen_60k0cium/data/PhysioNet2022/training_data/84852_TV.wav,1.0,0.01376103
/tmp/unfreezing_ablation_frozen_60k0cium/data/PhysioNet2022/training_data/84861_AV.wav,1.0,0.14462309
/tmp/unfreezing_ablation_frozen_60k0cium/data/PhysioNet2022/training_data/84861_MV.wav,1.0,0.0804588
/tmp/unfreezing_ablation_frozen_60k0cium/data/PhysioNet2022/training_data/84861_PV.wav,1.0,0.03681361
/tmp/unfreezing_ablation_frozen_60k0cium/data/PhysioNet2022/training_data/84861_TV.wav,1.0,0.034769103
/tmp/unfreezing_ablation_frozen_60k0cium/data/PhysioNet2022/training_data/84864_AV.wav,1.0,0.62698835
/tmp/unfreezing_ablation_frozen_60k0cium/data/PhysioNet2022/training_data/84864_MV.wav,1.0,0.064404674
/tmp/unfreezing_ablation_frozen_60k0cium/data/PhysioNet2022/training_data/84864_PV.wav,1.0,0.1552565
/tmp/unfreezing_ablation_frozen_60k0cium/data/PhysioNet2022/training_data/84864_TV.wav,1.0,0.014595705
/tmp/unfreezing_ablation_frozen_60k0cium/data/PhysioNet2022/training_data/84870_AV.wav,1.0,0.01381412
/tmp/unfreezing_ablation_frozen_60k0cium/data/PhysioNet2022/training_data/84870_MV.wav,1.0,0.20904116
/tmp/unfreezing_ablation_frozen_60k0cium/data/PhysioNet2022/training_data/84870_PV.wav,1.0,0.026283745
/tmp/unfreezing_ablation_frozen_60k0cium/data/PhysioNet2022/training_data/84870_TV.wav,1.0,0.056978386
/tmp/unfreezing_ablation_frozen_60k0cium/data/PhysioNet2022/training_data/84877_AV.wav,1.0,0.03433665
/tmp/unfreezing_ablation_frozen_60k0cium/data/PhysioNet2022/training_data/84877_MV.wav,1.0,0.07494824
/tmp/unfreezing_ablation_frozen_60k0cium/data/PhysioNet2022/training_data/84877_PV.wav,1.0,0.08214514
/tmp/unfreezing_ablation_frozen_60k0cium/data/PhysioNet2022/training_data/84877_TV.wav,1.0,0.137648
/tmp/unfreezing_ablation_frozen_60k0cium/data/PhysioNet2022/training_data/84881_AV.wav,1.0,0.04815505
/tmp/unfreezing_ablation_frozen_60k0cium/data/PhysioNet2022/training_data/84881_MV.wav,1.0,0.05547428
/tmp/unfreezing_ablation_frozen_60k0cium/data/PhysioNet2022/training_data/84881_PV.wav,1.0,0.04100861
/tmp/unfreezing_ablation_frozen_60k0cium/data/PhysioNet2022/training_data/84881_TV.wav,1.0,0.09809816
/tmp/unfreezing_ablation_frozen_60k0cium/data/PhysioNet2022/training_data/84885_AV.wav,1.0,0.030959833
/tmp/unfreezing_ablation_frozen_60k0cium/data/PhysioNet2022/training_data/84885_MV.wav,1.0,0.05672894
/tmp/unfreezing_ablation_frozen_60k0cium/data/PhysioNet2022/training_data/84890_AV.wav,1.0,0.053251423
/tmp/unfreezing_ablation_frozen_60k0cium/data/PhysioNet2022/training_data/84890_MV.wav,1.0,0.053241566
/tmp/unfreezing_ablation_frozen_60k0cium/data/PhysioNet2022/training_data/84890_PV.wav,1.0,0.053070426
/tmp/unfreezing_ablation_frozen_60k0cium/data/PhysioNet2022/training_data/84890_TV.wav,1.0,0.12590958
/tmp/unfreezing_ablation_frozen_60k0cium/data/PhysioNet2022/training_data/84893_AV.wav,1.0,0.043818098
/tmp/unfreezing_ablation_frozen_60k0cium/data/PhysioNet2022/training_data/84893_PV.wav,1.0,0.15048485
/tmp/unfreezing_ablation_frozen_60k0cium/data/PhysioNet2022/training_data/84894_AV.wav,1.0,0.017436659
/tmp/unfreezing_ablation_frozen_60k0cium/data/PhysioNet2022/training_data/84894_MV.wav,1.0,0.13163973
/tmp/unfreezing_ablation_frozen_60k0cium/data/PhysioNet2022/training_data/84894_PV.wav,1.0,0.09628956
/tmp/unfreezing_ablation_frozen_60k0cium/data/PhysioNet2022/training_data/84894_TV.wav,1.0,0.172144
/tmp/unfreezing_ablation_frozen_60k0cium/data/PhysioNet2022/training_data/84917_AV.wav,1.0,0.6649457
/tmp/unfreezing_ablation_frozen_60k0cium/data/PhysioNet2022/training_data/84917_MV.wav,1.0,0.17715447
/tmp/unfreezing_ablation_frozen_60k0cium/data/PhysioNet2022/training_data/84917_PV.wav,1.0,0.14321317
/tmp/unfreezing_ablation_frozen_60k0cium/data/PhysioNet2022/training_data/84917_TV.wav,1.0,0.11796428
/tmp/unfreezing_ablation_frozen_60k0cium/data/PhysioNet2022/training_data/84921_AV.wav,1.0,0.055831447
/tmp/unfreezing_ablation_frozen_60k0cium/data/PhysioNet2022/training_data/84921_MV.wav,1.0,0.025776833
/tmp/unfreezing_ablation_frozen_60k0cium/data/PhysioNet2022/training_data/84921_PV.wav,1.0,0.043287866
/tmp/unfreezing_ablation_frozen_60k0cium/data/PhysioNet2022/training_data/84921_TV.wav,1.0,0.054200523
/tmp/unfreezing_ablation_frozen_60k0cium/data/PhysioNet2022/training_data/84922_AV.wav,1.0,0.15716061
/tmp/unfreezing_ablation_frozen_60k0cium/data/PhysioNet2022/training_data/84922_MV.wav,1.0,0.049008954
/tmp/unfreezing_ablation_frozen_60k0cium/data/PhysioNet2022/training_data/84930_AV.wav,1.0,0.044442594
/tmp/unfreezing_ablation_frozen_60k0cium/data/PhysioNet2022/training_data/84930_MV.wav,1.0,0.079826705
/tmp/unfreezing_ablation_frozen_60k0cium/data/PhysioNet2022/training_data/84930_PV.wav,1.0,0.16645151
/tmp/unfreezing_ablation_frozen_60k0cium/data/PhysioNet2022/training_data/84930_TV.wav,1.0,0.14743273
/tmp/unfreezing_ablation_frozen_60k0cium/data/PhysioNet2022/training_data/84937_AV.wav,1.0,0.04928414
/tmp/unfreezing_ablation_frozen_60k0cium/data/PhysioNet2022/training_data/84937_MV.wav,1.0,0.05095654
/tmp/unfreezing_ablation_frozen_60k0cium/data/PhysioNet2022/training_data/84937_PV.wav,1.0,0.40436295
/tmp/unfreezing_ablation_frozen_60k0cium/data/PhysioNet2022/training_data/84937_TV.wav,1.0,0.1999684
/tmp/unfreezing_ablation_frozen_60k0cium/data/PhysioNet2022/training_data/84939_AV.wav,1.0,0.02503114
/tmp/unfreezing_ablation_frozen_60k0cium/data/PhysioNet2022/training_data/84939_MV.wav,1.0,0.10353878
/tmp/unfreezing_ablation_frozen_60k0cium/data/PhysioNet2022/training_data/84939_PV.wav,1.0,0.20306644
/tmp/unfreezing_ablation_frozen_60k0cium/data/PhysioNet2022/training_data/84939_TV.wav,1.0,0.027458197
/tmp/unfreezing_ablation_frozen_60k0cium/data/PhysioNet2022/training_data/84945_AV.wav,1.0,0.26899296
/tmp/unfreezing_ablation_frozen_60k0cium/data/PhysioNet2022/training_data/84945_MV.wav,1.0,0.1571295
/tmp/unfreezing_ablation_frozen_60k0cium/data/PhysioNet2022/training_data/84945_PV.wav,1.0,0.059503153
/tmp/unfreezing_ablation_frozen_60k0cium/data/PhysioNet2022/training_data/84945_TV.wav,1.0,0.0053719413
/tmp/unfreezing_ablation_frozen_60k0cium/data/PhysioNet2022/training_data/84947_AV.wav,1.0,0.13169616
/tmp/unfreezing_ablation_frozen_60k0cium/data/PhysioNet2022/training_data/84947_MV.wav,1.0,0.29034558
/tmp/unfreezing_ablation_frozen_60k0cium/data/PhysioNet2022/training_data/84947_PV.wav,1.0,0.61103487
/tmp/unfreezing_ablation_frozen_60k0cium/data/PhysioNet2022/training_data/84947_TV.wav,1.0,0.016699042
/tmp/unfreezing_ablation_frozen_60k0cium/data/PhysioNet2022/training_data/84969_MV.wav,1.0,0.07296108
/tmp/unfreezing_ablation_frozen_60k0cium/data/PhysioNet2022/training_data/84973_AV.wav,1.0,0.21677944
/tmp/unfreezing_ablation_frozen_60k0cium/data/PhysioNet2022/training_data/84973_MV.wav,1.0,0.038336728
/tmp/unfreezing_ablation_frozen_60k0cium/data/PhysioNet2022/training_data/84973_PV.wav,1.0,0.03838782
/tmp/unfreezing_ablation_frozen_60k0cium/data/PhysioNet2022/training_data/84973_TV.wav,1.0,0.10937366
/tmp/unfreezing_ablation_frozen_60k0cium/data/PhysioNet2022/training_data/84984_MV.wav,1.0,0.15068752
/tmp/unfreezing_ablation_frozen_60k0cium/data/PhysioNet2022/training_data/84984_PV.wav,1.0,0.011736164
/tmp/unfreezing_ablation_frozen_60k0cium/data/PhysioNet2022/training_data/84988_AV.wav,1.0,0.11393649
/tmp/unfreezing_ablation_frozen_60k0cium/data/PhysioNet2022/training_data/84988_MV.wav,1.0,0.39131948
/tmp/unfreezing_ablation_frozen_60k0cium/data/PhysioNet2022/training_data/84988_PV.wav,1.0,0.18789308
/tmp/unfreezing_ablation_frozen_60k0cium/data/PhysioNet2022/training_data/84992_AV.wav,1.0,0.12919015
/tmp/unfreezing_ablation_frozen_60k0cium/data/PhysioNet2022/training_data/84992_PV.wav,1.0,0.23556438
/tmp/unfreezing_ablation_frozen_60k0cium/data/PhysioNet2022/training_data/84992_TV.wav,1.0,0.55759007
/tmp/unfreezing_ablation_frozen_60k0cium/data/PhysioNet2022/training_data/84994_AV.wav,1.0,0.0361246
/tmp/unfreezing_ablation_frozen_60k0cium/data/PhysioNet2022/training_data/84994_MV.wav,1.0,0.7417687
/tmp/unfreezing_ablation_frozen_60k0cium/data/PhysioNet2022/training_data/84994_PV.wav,1.0,0.14652622
/tmp/unfreezing_ablation_frozen_60k0cium/data/PhysioNet2022/training_data/84994_TV.wav,1.0,0.0072559877
/tmp/unfreezing_ablation_frozen_60k0cium/data/PhysioNet2022/training_data/85002_AV.wav,1.0,0.085184015
/tmp/unfreezing_ablation_frozen_60k0cium/data/PhysioNet2022/training_data/85002_MV.wav,1.0,0.094312534
/tmp/unfreezing_ablation_frozen_60k0cium/data/PhysioNet2022/training_data/85002_PV.wav,1.0,0.044591207
/tmp/unfreezing_ablation_frozen_60k0cium/data/PhysioNet2022/training_data/85002_TV.wav,1.0,0.12958561
/tmp/unfreezing_ablation_frozen_60k0cium/data/PhysioNet2022/training_data/85010_AV.wav,1.0,0.024569778
/tmp/unfreezing_ablation_frozen_60k0cium/data/PhysioNet2022/training_data/85010_MV.wav,1.0,0.122834414
/tmp/unfreezing_ablation_frozen_60k0cium/data/PhysioNet2022/training_data/85010_PV.wav,1.0,0.0961092
/tmp/unfreezing_ablation_frozen_60k0cium/data/PhysioNet2022/training_data/85010_TV.wav,1.0,0.40499255
/tmp/unfreezing_ablation_frozen_60k0cium/data/PhysioNet2022/training_data/85024_AV.wav,1.0,0.06805435
/tmp/unfreezing_ablation_frozen_60k0cium/data/PhysioNet2022/training_data/85024_MV.wav,1.0,0.101075195
/tmp/unfreezing_ablation_frozen_60k0cium/data/PhysioNet2022/training_data/85024_PV.wav,1.0,0.06354568
/tmp/unfreezing_ablation_frozen_60k0cium/data/PhysioNet2022/training_data/85024_TV.wav,1.0,0.13098727
/tmp/unfreezing_ablation_frozen_60k0cium/data/PhysioNet2022/training_data/85033_AV.wav,1.0,0.07020146
/tmp/unfreezing_ablation_frozen_60k0cium/data/PhysioNet2022/training_data/85033_MV.wav,1.0,0.14488818
/tmp/unfreezing_ablation_frozen_60k0cium/data/PhysioNet2022/training_data/85033_PV.wav,1.0,0.09736106
/tmp/unfreezing_ablation_frozen_60k0cium/data/PhysioNet2022/training_data/85033_TV.wav,1.0,0.061399538
/tmp/unfreezing_ablation_frozen_60k0cium/data/PhysioNet2022/training_data/85043_MV.wav,1.0,0.12990245
/tmp/unfreezing_ablation_frozen_60k0cium/data/PhysioNet2022/training_data/85043_PV.wav,1.0,0.040139787
/tmp/unfreezing_ablation_frozen_60k0cium/data/PhysioNet2022/training_data/85043_TV.wav,1.0,0.6200603
/tmp/unfreezing_ablation_frozen_60k0cium/data/PhysioNet2022/training_data/85044_AV.wav,1.0,0.053699143
/tmp/unfreezing_ablation_frozen_60k0cium/data/PhysioNet2022/training_data/85044_PV.wav,1.0,0.2785879
/tmp/unfreezing_ablation_frozen_60k0cium/data/PhysioNet2022/training_data/85048_AV.wav,1.0,0.06822472
/tmp/unfreezing_ablation_frozen_60k0cium/data/PhysioNet2022/training_data/85048_MV.wav,1.0,0.0866502
/tmp/unfreezing_ablation_frozen_60k0cium/data/PhysioNet2022/training_data/85048_PV.wav,1.0,0.08355767
/tmp/unfreezing_ablation_frozen_60k0cium/data/PhysioNet2022/training_data/85048_TV.wav,1.0,0.0865075
/tmp/unfreezing_ablation_frozen_60k0cium/data/PhysioNet2022/training_data/85075_AV.wav,1.0,0.07097428
/tmp/unfreezing_ablation_frozen_60k0cium/data/PhysioNet2022/training_data/85075_MV.wav,1.0,0.22077388
/tmp/unfreezing_ablation_frozen_60k0cium/data/PhysioNet2022/training_data/85075_PV.wav,1.0,0.090932325
/tmp/unfreezing_ablation_frozen_60k0cium/data/PhysioNet2022/training_data/85075_TV.wav,1.0,0.112180136
/tmp/unfreezing_ablation_frozen_60k0cium/data/PhysioNet2022/training_data/85076_MV.wav,1.0,0.066377126
/tmp/unfreezing_ablation_frozen_60k0cium/data/PhysioNet2022/training_data/85076_PV.wav,1.0,0.0645112
/tmp/unfreezing_ablation_frozen_60k0cium/data/PhysioNet2022/training_data/85084_AV.wav,1.0,0.108979374
/tmp/unfreezing_ablation_frozen_60k0cium/data/PhysioNet2022/training_data/85084_PV.wav,1.0,0.09775436
/tmp/unfreezing_ablation_frozen_60k0cium/data/PhysioNet2022/training_data/85084_TV.wav,1.0,0.6216218
/tmp/unfreezing_ablation_frozen_60k0cium/data/PhysioNet2022/training_data/85105_PV.wav,1.0,0.056310944
/tmp/unfreezing_ablation_frozen_60k0cium/data/PhysioNet2022/training_data/85105_TV.wav,1.0,0.027974669
/tmp/unfreezing_ablation_frozen_60k0cium/data/PhysioNet2022/training_data/85114_AV.wav,1.0,0.07693352
/tmp/unfreezing_ablation_frozen_60k0cium/data/PhysioNet2022/training_data/85114_MV.wav,1.0,0.26280025
/tmp/unfreezing_ablation_frozen_60k0cium/data/PhysioNet2022/training_data/85114_PV.wav,1.0,0.029408814
/tmp/unfreezing_ablation_frozen_60k0cium/data/PhysioNet2022/training_data/85114_TV.wav,1.0,0.26258892
/tmp/unfreezing_ablation_frozen_60k0cium/data/PhysioNet2022/training_data/85123_AV.wav,1.0,0.04110658
/tmp/unfreezing_ablation_frozen_60k0cium/data/PhysioNet2022/training_data/85123_MV.wav,1.0,0.06329159
/tmp/unfreezing_ablation_frozen_60k0cium/data/PhysioNet2022/training_data/85123_PV.wav,1.0,0.21401222
/tmp/unfreezing_ablation_frozen_60k0cium/data/PhysioNet2022/training_data/85123_TV.wav,1.0,0.033660453
/tmp/unfreezing_ablation_frozen_60k0cium/data/PhysioNet2022/training_data/85124_AV.wav,1.0,0.10345656
/tmp/unfreezing_ablation_frozen_60k0cium/data/PhysioNet2022/training_data/85124_MV.wav,1.0,0.032850504
/tmp/unfreezing_ablation_frozen_60k0cium/data/PhysioNet2022/training_data/85124_PV.wav,1.0,0.08877806
/tmp/unfreezing_ablation_frozen_60k0cium/data/PhysioNet2022/training_data/85124_TV.wav,1.0,0.04489087
/tmp/unfreezing_ablation_frozen_60k0cium/data/PhysioNet2022/training_data/85128_AV.wav,1.0,0.14982904
/tmp/unfreezing_ablation_frozen_60k0cium/data/PhysioNet2022/training_data/85128_MV.wav,1.0,0.051439818
/tmp/unfreezing_ablation_frozen_60k0cium/data/PhysioNet2022/training_data/85128_PV.wav,1.0,0.33334312
/tmp/unfreezing_ablation_frozen_60k0cium/data/PhysioNet2022/training_data/85128_TV.wav,1.0,0.03456286
/tmp/unfreezing_ablation_frozen_60k0cium/data/PhysioNet2022/training_data/85133_AV.wav,1.0,0.01479786
/tmp/unfreezing_ablation_frozen_60k0cium/data/PhysioNet2022/training_data/85133_MV.wav,1.0,0.11412175
/tmp/unfreezing_ablation_frozen_60k0cium/data/PhysioNet2022/training_data/85133_PV.wav,1.0,0.2287457
/tmp/unfreezing_ablation_frozen_60k0cium/data/PhysioNet2022/training_data/85133_TV.wav,1.0,0.11007973
/tmp/unfreezing_ablation_frozen_60k0cium/data/PhysioNet2022/training_data/85135_MV.wav,1.0,0.088153385
/tmp/unfreezing_ablation_frozen_60k0cium/data/PhysioNet2022/training_data/85135_PV.wav,1.0,0.15007523
/tmp/unfreezing_ablation_frozen_60k0cium/data/PhysioNet2022/training_data/85135_TV.wav,1.0,0.033606395
/tmp/unfreezing_ablation_frozen_60k0cium/data/PhysioNet2022/training_data/85136_AV.wav,1.0,0.044249456
/tmp/unfreezing_ablation_frozen_60k0cium/data/PhysioNet2022/training_data/85136_MV.wav,1.0,0.05025105
/tmp/unfreezing_ablation_frozen_60k0cium/data/PhysioNet2022/training_data/85136_PV.wav,1.0,0.05712454
/tmp/unfreezing_ablation_frozen_60k0cium/data/PhysioNet2022/training_data/85136_TV.wav,1.0,0.005331975
/tmp/unfreezing_ablation_frozen_60k0cium/data/PhysioNet2022/training_data/85140_AV.wav,1.0,0.109638795
/tmp/unfreezing_ablation_frozen_60k0cium/data/PhysioNet2022/training_data/85140_MV.wav,1.0,0.11229282
/tmp/unfreezing_ablation_frozen_60k0cium/data/PhysioNet2022/training_data/85140_PV.wav,1.0,0.08625152
/tmp/unfreezing_ablation_frozen_60k0cium/data/PhysioNet2022/training_data/85143_AV.wav,1.0,0.50703084
/tmp/unfreezing_ablation_frozen_60k0cium/data/PhysioNet2022/training_data/85143_MV.wav,1.0,0.004899258
/tmp/unfreezing_ablation_frozen_60k0cium/data/PhysioNet2022/training_data/85143_PV.wav,1.0,0.042681012
/tmp/unfreezing_ablation_frozen_60k0cium/data/PhysioNet2022/training_data/85143_TV.wav,1.0,0.090329856
/tmp/unfreezing_ablation_frozen_60k0cium/data/PhysioNet2022/training_data/85145_MV.wav,1.0,0.12810953
/tmp/unfreezing_ablation_frozen_60k0cium/data/PhysioNet2022/training_data/85148_AV.wav,1.0,0.01060972
/tmp/unfreezing_ablation_frozen_60k0cium/data/PhysioNet2022/training_data/85148_MV.wav,1.0,0.047440533
/tmp/unfreezing_ablation_frozen_60k0cium/data/PhysioNet2022/training_data/85148_PV.wav,1.0,0.022144817
/tmp/unfreezing_ablation_frozen_60k0cium/data/PhysioNet2022/training_data/85148_TV.wav,1.0,0.3372445
/tmp/unfreezing_ablation_frozen_60k0cium/data/PhysioNet2022/training_data/85151_AV.wav,1.0,0.3072356
/tmp/unfreezing_ablation_frozen_60k0cium/data/PhysioNet2022/training_data/85151_MV.wav,1.0,0.044543553
/tmp/unfreezing_ablation_frozen_60k0cium/data/PhysioNet2022/training_data/85151_PV.wav,1.0,0.1248245
/tmp/unfreezing_ablation_frozen_60k0cium/data/PhysioNet2022/training_data/85151_TV.wav,1.0,0.098658234
/tmp/unfreezing_ablation_frozen_60k0cium/data/PhysioNet2022/training_data/85155_AV.wav,1.0,0.024681173
/tmp/unfreezing_ablation_frozen_60k0cium/data/PhysioNet2022/training_data/85166_AV.wav,1.0,0.035484634
/tmp/unfreezing_ablation_frozen_60k0cium/data/PhysioNet2022/training_data/85166_MV.wav,1.0,0.047515746
/tmp/unfreezing_ablation_frozen_60k0cium/data/PhysioNet2022/training_data/85166_PV.wav,1.0,0.19755511
/tmp/unfreezing_ablation_frozen_60k0cium/data/PhysioNet2022/training_data/85166_TV.wav,1.0,0.068145856
/tmp/unfreezing_ablation_frozen_60k0cium/data/PhysioNet2022/training_data/85167_PV.wav,1.0,0.20702729
/tmp/unfreezing_ablation_frozen_60k0cium/data/PhysioNet2022/training_data/85167_TV.wav,1.0,0.024804411
/tmp/unfreezing_ablation_frozen_60k0cium/data/PhysioNet2022/training_data/85169_AV.wav,1.0,0.28409204
/tmp/unfreezing_ablation_frozen_60k0cium/data/PhysioNet2022/training_data/85169_MV.wav,1.0,0.04160957
/tmp/unfreezing_ablation_frozen_60k0cium/data/PhysioNet2022/training_data/85169_PV.wav,1.0,0.66500425
/tmp/unfreezing_ablation_frozen_60k0cium/data/PhysioNet2022/training_data/85169_TV.wav,1.0,0.13904868
/tmp/unfreezing_ablation_frozen_60k0cium/data/PhysioNet2022/training_data/85176_AV.wav,1.0,0.58899736
/tmp/unfreezing_ablation_frozen_60k0cium/data/PhysioNet2022/training_data/85176_MV.wav,1.0,0.14205293
/tmp/unfreezing_ablation_frozen_60k0cium/data/PhysioNet2022/training_data/85176_PV.wav,1.0,0.068890184
/tmp/unfreezing_ablation_frozen_60k0cium/data/PhysioNet2022/training_data/85176_TV.wav,1.0,0.19450581
/tmp/unfreezing_ablation_frozen_60k0cium/data/PhysioNet2022/training_data/85180_AV.wav,1.0,0.054002143
/tmp/unfreezing_ablation_frozen_60k0cium/data/PhysioNet2022/training_data/85180_MV.wav,1.0,0.037297454
/tmp/unfreezing_ablation_frozen_60k0cium/data/PhysioNet2022/training_data/85180_PV.wav,1.0,0.022057856
/tmp/unfreezing_ablation_frozen_60k0cium/data/PhysioNet2022/training_data/85180_TV.wav,1.0,0.34575477
/tmp/unfreezing_ablation_frozen_60k0cium/data/PhysioNet2022/training_data/85181_AV.wav,1.0,0.25679564
/tmp/unfreezing_ablation_frozen_60k0cium/data/PhysioNet2022/training_data/85181_PV.wav,1.0,0.13079217
/tmp/unfreezing_ablation_frozen_60k0cium/data/PhysioNet2022/training_data/85182_AV.wav,1.0,0.068904385
/tmp/unfreezing_ablation_frozen_60k0cium/data/PhysioNet2022/training_data/85182_MV.wav,1.0,0.057863478
/tmp/unfreezing_ablation_frozen_60k0cium/data/PhysioNet2022/training_data/85182_PV.wav,1.0,0.02500164
/tmp/unfreezing_ablation_frozen_60k0cium/data/PhysioNet2022/training_data/85182_TV.wav,1.0,0.23510227
/tmp/unfreezing_ablation_frozen_60k0cium/data/PhysioNet2022/training_data/85184_AV.wav,1.0,0.018242193
/tmp/unfreezing_ablation_frozen_60k0cium/data/PhysioNet2022/training_data/85184_MV.wav,1.0,0.10565915
/tmp/unfreezing_ablation_frozen_60k0cium/data/PhysioNet2022/training_data/85184_PV.wav,1.0,0.06770124
/tmp/unfreezing_ablation_frozen_60k0cium/data/PhysioNet2022/training_data/85184_TV.wav,1.0,0.06073382
/tmp/unfreezing_ablation_frozen_60k0cium/data/PhysioNet2022/training_data/85192_AV.wav,1.0,0.08931148
/tmp/unfreezing_ablation_frozen_60k0cium/data/PhysioNet2022/training_data/85192_MV.wav,1.0,0.23331293
/tmp/unfreezing_ablation_frozen_60k0cium/data/PhysioNet2022/training_data/85192_PV.wav,1.0,0.057145026
/tmp/unfreezing_ablation_frozen_60k0cium/data/PhysioNet2022/training_data/85192_TV.wav,1.0,0.063094944
/tmp/unfreezing_ablation_frozen_60k0cium/data/PhysioNet2022/training_data/85196_AV.wav,1.0,0.06525021
/tmp/unfreezing_ablation_frozen_60k0cium/data/PhysioNet2022/training_data/85196_MV.wav,1.0,0.014741816
/tmp/unfreezing_ablation_frozen_60k0cium/data/PhysioNet2022/training_data/85196_PV.wav,1.0,0.19147423
/tmp/unfreezing_ablation_frozen_60k0cium/data/PhysioNet2022/training_data/85196_TV.wav,1.0,0.20800483
/tmp/unfreezing_ablation_frozen_60k0cium/data/PhysioNet2022/training_data/85197_AV.wav,1.0,0.022154003
/tmp/unfreezing_ablation_frozen_60k0cium/data/PhysioNet2022/training_data/85197_MV.wav,1.0,0.054308042
/tmp/unfreezing_ablation_frozen_60k0cium/data/PhysioNet2022/training_data/85197_PV.wav,1.0,0.08704162
/tmp/unfreezing_ablation_frozen_60k0cium/data/PhysioNet2022/training_data/85197_TV.wav,1.0,0.16798694
/tmp/unfreezing_ablation_frozen_60k0cium/data/PhysioNet2022/training_data/85199_AV.wav,1.0,0.1711752
/tmp/unfreezing_ablation_frozen_60k0cium/data/PhysioNet2022/training_data/85199_PV.wav,1.0,0.2502683
/tmp/unfreezing_ablation_frozen_60k0cium/data/PhysioNet2022/training_data/85213_AV.wav,1.0,0.065876305
/tmp/unfreezing_ablation_frozen_60k0cium/data/PhysioNet2022/training_data/85213_MV.wav,1.0,0.74658763
/tmp/unfreezing_ablation_frozen_60k0cium/data/PhysioNet2022/training_data/85213_PV.wav,1.0,0.019310167
/tmp/unfreezing_ablation_frozen_60k0cium/data/PhysioNet2022/training_data/85213_TV.wav,1.0,0.03766569
/tmp/unfreezing_ablation_frozen_60k0cium/data/PhysioNet2022/training_data/85214_AV.wav,1.0,0.15692915
/tmp/unfreezing_ablation_frozen_60k0cium/data/PhysioNet2022/training_data/85214_MV.wav,1.0,0.1033117
/tmp/unfreezing_ablation_frozen_60k0cium/data/PhysioNet2022/training_data/85214_PV.wav,1.0,0.019720634
/tmp/unfreezing_ablation_frozen_60k0cium/data/PhysioNet2022/training_data/85214_TV.wav,1.0,0.3192487
/tmp/unfreezing_ablation_frozen_60k0cium/data/PhysioNet2022/training_data/85222_AV.wav,1.0,0.037696246
/tmp/unfreezing_ablation_frozen_60k0cium/data/PhysioNet2022/training_data/85222_PV.wav,1.0,0.04491148
/tmp/unfreezing_ablation_frozen_60k0cium/data/PhysioNet2022/training_data/85222_TV.wav,1.0,0.19802597
/tmp/unfreezing_ablation_frozen_60k0cium/data/PhysioNet2022/training_data/85225_AV.wav,1.0,0.15042005
/tmp/unfreezing_ablation_frozen_60k0cium/data/PhysioNet2022/training_data/85225_MV.wav,1.0,0.07576829
/tmp/unfreezing_ablation_frozen_60k0cium/data/PhysioNet2022/training_data/85225_PV.wav,1.0,0.39782998
/tmp/unfreezing_ablation_frozen_60k0cium/data/PhysioNet2022/training_data/85225_TV.wav,1.0,0.07723428
/tmp/unfreezing_ablation_frozen_60k0cium/data/PhysioNet2022/training_data/85226_MV.wav,1.0,0.038216554
/tmp/unfreezing_ablation_frozen_60k0cium/data/PhysioNet2022/training_data/85226_PV.wav,1.0,0.4124251
/tmp/unfreezing_ablation_frozen_60k0cium/data/PhysioNet2022/training_data/85226_TV.wav,1.0,0.22077118
/tmp/unfreezing_ablation_frozen_60k0cium/data/PhysioNet2022/training_data/85229_MV.wav,1.0,0.058667194
/tmp/unfreezing_ablation_frozen_60k0cium/data/PhysioNet2022/training_data/85229_PV.wav,1.0,0.11572708
/tmp/unfreezing_ablation_frozen_60k0cium/data/PhysioNet2022/training_data/85229_TV.wav,1.0,0.18126698
/tmp/unfreezing_ablation_frozen_60k0cium/data/PhysioNet2022/training_data/85235_AV.wav,1.0,0.010163861
/tmp/unfreezing_ablation_frozen_60k0cium/data/PhysioNet2022/training_data/85235_MV.wav,1.0,0.078548394
/tmp/unfreezing_ablation_frozen_60k0cium/data/PhysioNet2022/training_data/85235_PV.wav,1.0,0.13305752
/tmp/unfreezing_ablation_frozen_60k0cium/data/PhysioNet2022/training_data/85235_TV.wav,1.0,0.071840115
/tmp/unfreezing_ablation_frozen_60k0cium/data/PhysioNet2022/training_data/85241_AV.wav,1.0,0.31812677
/tmp/unfreezing_ablation_frozen_60k0cium/data/PhysioNet2022/training_data/85241_MV.wav,1.0,0.07406091
/tmp/unfreezing_ablation_frozen_60k0cium/data/PhysioNet2022/training_data/85241_PV.wav,1.0,0.027696697
/tmp/unfreezing_ablation_frozen_60k0cium/data/PhysioNet2022/training_data/85241_TV.wav,1.0,0.09778153
/tmp/unfreezing_ablation_frozen_60k0cium/data/PhysioNet2022/training_data/85242_MV.wav,1.0,0.029765664
/tmp/unfreezing_ablation_frozen_60k0cium/data/PhysioNet2022/training_data/85243_AV.wav,1.0,0.020744188
/tmp/unfreezing_ablation_frozen_60k0cium/data/PhysioNet2022/training_data/85243_PV.wav,1.0,0.45251748
/tmp/unfreezing_ablation_frozen_60k0cium/data/PhysioNet2022/training_data/85245_AV.wav,1.0,0.064960025
/tmp/unfreezing_ablation_frozen_60k0cium/data/PhysioNet2022/training_data/85245_PV.wav,1.0,0.0833816
/tmp/unfreezing_ablation_frozen_60k0cium/data/PhysioNet2022/training_data/85245_TV.wav,1.0,0.019091154
/tmp/unfreezing_ablation_frozen_60k0cium/data/PhysioNet2022/training_data/85246_AV.wav,1.0,0.100669205
/tmp/unfreezing_ablation_frozen_60k0cium/data/PhysioNet2022/training_data/85246_MV.wav,1.0,0.27948126
/tmp/unfreezing_ablation_frozen_60k0cium/data/PhysioNet2022/training_data/85246_PV.wav,1.0,0.07290586
/tmp/unfreezing_ablation_frozen_60k0cium/data/PhysioNet2022/training_data/85246_TV.wav,1.0,0.37844402
/tmp/unfreezing_ablation_frozen_60k0cium/data/PhysioNet2022/training_data/85249_AV.wav,1.0,0.06738625
/tmp/unfreezing_ablation_frozen_60k0cium/data/PhysioNet2022/training_data/85249_MV.wav,1.0,0.18348373
/tmp/unfreezing_ablation_frozen_60k0cium/data/PhysioNet2022/training_data/85249_PV.wav,1.0,0.08265722
/tmp/unfreezing_ablation_frozen_60k0cium/data/PhysioNet2022/training_data/85249_TV.wav,1.0,0.13262303
/tmp/unfreezing_ablation_frozen_60k0cium/data/PhysioNet2022/training_data/85261_AV.wav,1.0,0.17427741
/tmp/unfreezing_ablation_frozen_60k0cium/data/PhysioNet2022/training_data/85261_MV.wav,1.0,0.1006016
/tmp/unfreezing_ablation_frozen_60k0cium/data/PhysioNet2022/training_data/85261_PV.wav,1.0,0.13353306
/tmp/unfreezing_ablation_frozen_60k0cium/data/PhysioNet2022/training_data/85261_TV.wav,1.0,0.03894909
/tmp/unfreezing_ablation_frozen_60k0cium/data/PhysioNet2022/training_data/85262_AV.wav,1.0,0.013302202
/tmp/unfreezing_ablation_frozen_60k0cium/data/PhysioNet2022/training_data/85262_MV.wav,1.0,0.052560948
/tmp/unfreezing_ablation_frozen_60k0cium/data/PhysioNet2022/training_data/85262_PV.wav,1.0,0.12509538
/tmp/unfreezing_ablation_frozen_60k0cium/data/PhysioNet2022/training_data/85262_TV.wav,1.0,0.41654482
/tmp/unfreezing_ablation_frozen_60k0cium/data/PhysioNet2022/training_data/85265_AV.wav,1.0,0.077980936
/tmp/unfreezing_ablation_frozen_60k0cium/data/PhysioNet2022/training_data/85265_MV.wav,1.0,0.042568948
/tmp/unfreezing_ablation_frozen_60k0cium/data/PhysioNet2022/training_data/85265_PV.wav,1.0,0.09861111
/tmp/unfreezing_ablation_frozen_60k0cium/data/PhysioNet2022/training_data/85265_TV.wav,1.0,0.08704279
/tmp/unfreezing_ablation_frozen_60k0cium/data/PhysioNet2022/training_data/85270_AV.wav,1.0,0.024629915
/tmp/unfreezing_ablation_frozen_60k0cium/data/PhysioNet2022/training_data/85270_MV.wav,1.0,0.06653497
/tmp/unfreezing_ablation_frozen_60k0cium/data/PhysioNet2022/training_data/85270_PV.wav,1.0,0.095969714
/tmp/unfreezing_ablation_frozen_60k0cium/data/PhysioNet2022/training_data/85270_TV.wav,1.0,0.06383132
/tmp/unfreezing_ablation_frozen_60k0cium/data/PhysioNet2022/training_data/85279_AV.wav,1.0,0.018487891
/tmp/unfreezing_ablation_frozen_60k0cium/data/PhysioNet2022/training_data/85279_MV.wav,1.0,0.041595414
/tmp/unfreezing_ablation_frozen_60k0cium/data/PhysioNet2022/training_data/85279_PV.wav,1.0,0.173082
/tmp/unfreezing_ablation_frozen_60k0cium/data/PhysioNet2022/training_data/85279_TV.wav,1.0,0.012905297
/tmp/unfreezing_ablation_frozen_60k0cium/data/PhysioNet2022/training_data/85286_AV.wav,1.0,0.09502525
/tmp/unfreezing_ablation_frozen_60k0cium/data/PhysioNet2022/training_data/85286_MV.wav,1.0,0.031005897
/tmp/unfreezing_ablation_frozen_60k0cium/data/PhysioNet2022/training_data/85286_PV.wav,1.0,0.20567651
/tmp/unfreezing_ablation_frozen_60k0cium/data/PhysioNet2022/training_data/85286_TV.wav,1.0,0.1741372
/tmp/unfreezing_ablation_frozen_60k0cium/data/PhysioNet2022/training_data/85287_MV.wav,1.0,0.52856046
/tmp/unfreezing_ablation_frozen_60k0cium/data/PhysioNet2022/training_data/85287_PV.wav,1.0,0.07236334
/tmp/unfreezing_ablation_frozen_60k0cium/data/PhysioNet2022/training_data/85287_TV.wav,1.0,0.11545577
/tmp/unfreezing_ablation_frozen_60k0cium/data/PhysioNet2022/training_data/85288_AV.wav,1.0,0.13188753
/tmp/unfreezing_ablation_frozen_60k0cium/data/PhysioNet2022/training_data/85288_MV.wav,1.0,0.21271566
/tmp/unfreezing_ablation_frozen_60k0cium/data/PhysioNet2022/training_data/85288_PV.wav,1.0,0.15384416
/tmp/unfreezing_ablation_frozen_60k0cium/data/PhysioNet2022/training_data/85288_TV.wav,1.0,0.13838199
/tmp/unfreezing_ablation_frozen_60k0cium/data/PhysioNet2022/training_data/85313_MV.wav,1.0,0.2826258
/tmp/unfreezing_ablation_frozen_60k0cium/data/PhysioNet2022/training_data/85313_PV.wav,1.0,0.14602037
/tmp/unfreezing_ablation_frozen_60k0cium/data/PhysioNet2022/training_data/85313_TV.wav,1.0,0.041188266
/tmp/unfreezing_ablation_frozen_60k0cium/data/PhysioNet2022/training_data/85315_AV.wav,1.0,0.1112611
/tmp/unfreezing_ablation_frozen_60k0cium/data/PhysioNet2022/training_data/85315_MV.wav,1.0,0.0384085
/tmp/unfreezing_ablation_frozen_60k0cium/data/PhysioNet2022/training_data/85315_PV.wav,1.0,0.023114866
/tmp/unfreezing_ablation_frozen_60k0cium/data/PhysioNet2022/training_data/85315_TV.wav,1.0,0.21684532
/tmp/unfreezing_ablation_frozen_60k0cium/data/PhysioNet2022/training_data/85319_AV.wav,1.0,0.10646088
/tmp/unfreezing_ablation_frozen_60k0cium/data/PhysioNet2022/training_data/85319_MV.wav,1.0,0.07601705
/tmp/unfreezing_ablation_frozen_60k0cium/data/PhysioNet2022/training_data/85319_PV.wav,1.0,0.14318419
/tmp/unfreezing_ablation_frozen_60k0cium/data/PhysioNet2022/training_data/85319_TV.wav,1.0,0.04659233
/tmp/unfreezing_ablation_frozen_60k0cium/data/PhysioNet2022/training_data/85321_PV.wav,1.0,0.40646586
/tmp/unfreezing_ablation_frozen_60k0cium/data/PhysioNet2022/training_data/85321_TV.wav,1.0,0.061980087
/tmp/unfreezing_ablation_frozen_60k0cium/data/PhysioNet2022/training_data/85331_AV.wav,1.0,0.0918745
/tmp/unfreezing_ablation_frozen_60k0cium/data/PhysioNet2022/training_data/85331_MV.wav,1.0,0.011035448
/tmp/unfreezing_ablation_frozen_60k0cium/data/PhysioNet2022/training_data/85331_PV.wav,1.0,0.29907432
/tmp/unfreezing_ablation_frozen_60k0cium/data/PhysioNet2022/training_data/85331_TV.wav,1.0,0.15934981
/tmp/unfreezing_ablation_frozen_60k0cium/data/PhysioNet2022/training_data/85336_AV.wav,1.0,0.06241958
/tmp/unfreezing_ablation_frozen_60k0cium/data/PhysioNet2022/training_data/85336_MV.wav,1.0,0.074288696
/tmp/unfreezing_ablation_frozen_60k0cium/data/PhysioNet2022/training_data/85338_AV.wav,1.0,0.0691828
/tmp/unfreezing_ablation_frozen_60k0cium/data/PhysioNet2022/training_data/85338_MV.wav,1.0,0.15131788
/tmp/unfreezing_ablation_frozen_60k0cium/data/PhysioNet2022/training_data/85338_PV.wav,1.0,0.085926384
/tmp/unfreezing_ablation_frozen_60k0cium/data/PhysioNet2022/training_data/85338_TV.wav,1.0,0.080105394
/tmp/unfreezing_ablation_frozen_60k0cium/data/PhysioNet2022/training_data/85341_AV.wav,1.0,0.02386221
/tmp/unfreezing_ablation_frozen_60k0cium/data/PhysioNet2022/training_data/85341_MV.wav,1.0,0.107697986
/tmp/unfreezing_ablation_frozen_60k0cium/data/PhysioNet2022/training_data/85341_PV.wav,1.0,0.07226392
/tmp/unfreezing_ablation_frozen_60k0cium/data/PhysioNet2022/training_data/85341_TV.wav,1.0,0.052188788
/tmp/unfreezing_ablation_frozen_60k0cium/data/PhysioNet2022/training_data/85343_AV.wav,1.0,0.106065184
/tmp/unfreezing_ablation_frozen_60k0cium/data/PhysioNet2022/training_data/85343_MV.wav,1.0,0.34329876
/tmp/unfreezing_ablation_frozen_60k0cium/data/PhysioNet2022/training_data/85343_PV.wav,1.0,0.046526603
/tmp/unfreezing_ablation_frozen_60k0cium/data/PhysioNet2022/training_data/85343_TV.wav,1.0,0.031140141
noise,0.0,0.15379393
noise,0.0,0.03598275
noise,0.0,0.099368624
noise,0.0,0.05586083
noise,0.0,0.3126635
noise,0.0,0.33328483
noise,0.0,0.09540906
noise,0.0,0.106021404
noise,0.0,0.07382602
noise,0.0,0.074504316
noise,0.0,0.2069626
noise,0.0,0.03743979
noise,0.0,0.09916839
noise,0.0,0.62797767
noise,0.0,0.07445209
noise,0.0,0.051143467
noise,0.0,0.1474237
noise,0.0,0.037646074
noise,0.0,0.0269887
noise,0.0,0.049402535
noise,0.0,0.062879205
noise,0.0,0.051527895
noise,0.0,0.1802613
noise,0.0,0.030254906
noise,0.0,0.711797
noise,0.0,0.05832704
noise,0.0,0.15482634
noise,0.0,0.1390151
noise,0.0,0.014808549
noise,0.0,0.083975166
noise,0.0,0.087832704
noise,0.0,0.009848378
noise,0.0,0.16241398
noise,0.0,0.02370051
noise,0.0,0.14524485
noise,0.0,0.10682796
noise,0.0,0.07499581
noise,0.0,0.14847113
noise,0.0,0.18760571
noise,0.0,0.13128243
noise,0.0,0.033426687
noise,0.0,0.01758078
noise,0.0,0.24140863
noise,0.0,0.4805879
noise,0.0,0.022040946
noise,0.0,0.028252242
noise,0.0,0.010688578
noise,0.0,0.1118805
noise,0.0,0.08888575
noise,0.0,0.068240106
noise,0.0,0.44243938
noise,0.0,0.08984054
noise,0.0,0.1930153
noise,0.0,0.06173779
noise,0.0,0.14001718
noise,0.0,0.027605372
noise,0.0,0.09095765
noise,0.0,0.030678865
noise,0.0,0.085867904
noise,0.0,0.62797767
noise,0.0,0.03054373
noise,0.0,0.018416122
noise,0.0,0.04085785
noise,0.0,0.13424729
noise,0.0,0.17328893
noise,0.0,0.015405446
noise,0.0,0.036239244
noise,0.0,0.12279023
noise,0.0,0.06037701
noise,0.0,0.059132405
noise,0.0,0.029956562
noise,0.0,0.08531066
noise,0.0,0.092657685
noise,0.0,0.0761465
noise,0.0,0.07756385
noise,0.0,0.14515123
noise,0.0,0.05032617
noise,0.0,0.13149264
noise,0.0,0.10169638
noise,0.0,0.09814014
noise,0.0,0.14618301
noise,0.0,0.6070644
noise,0.0,0.124006934
noise,0.0,0.07460459
noise,0.0,0.087895
noise,0.0,0.05035026
noise,0.0,0.11878597
noise,0.0,0.060167704
noise,0.0,0.24165657
noise,0.0,0.04050504
noise,0.0,0.0663968
noise,0.0,0.0042338283
noise,0.0,0.11071647
noise,0.0,0.13914223
noise,0.0,0.010838352
noise,0.0,0.46813068
noise,0.0,0.12213262
noise,0.0,0.06067802
noise,0.0,0.22515716
noise,0.0,0.17166133
noise,0.0,0.10816855
noise,0.0,0.09677035
noise,0.0,0.09544992
noise,0.0,0.0902993
noise,0.0,0.23945865
noise,0.0,0.6348549
noise,0.0,0.14174798
noise,0.0,0.034065727
noise,0.0,0.04129589
noise,0.0,0.047100116
noise,0.0,0.25043294
noise,0.0,0.18301074
noise,0.0,0.029573817
noise,0.0,0.021790648
noise,0.0,0.06653427
noise,0.0,0.033791088
noise,0.0,0.005549538
noise,0.0,0.06786934
noise,0.0,0.34884685
noise,0.0,0.010025443
noise,0.0,0.06803714
noise,0.0,0.2548319
noise,0.0,0.081477724
noise,0.0,0.036958702
noise,0.0,0.18123443
noise,0.0,0.018283598
noise,0.0,0.07138283
noise,0.0,0.086946204
noise,0.0,0.021413205
noise,0.0,0.25898665
noise,0.0,0.37906477
noise,0.0,0.03330596
noise,0.0,0.56442463
noise,0.0,0.030959303
noise,0.0,0.096347965
noise,0.0,0.030988032
noise,0.0,0.0329815
noise,0.0,0.062358953
noise,0.0,0.1677819
noise,0.0,0.011935716
noise,0.0,0.037709
noise,0.0,0.08121799
noise,0.0,0.047698658
noise,0.0,0.03355537
noise,0.0,0.06249392
noise,0.0,0.021765448
noise,0.0,0.08048436
noise,0.0,0.1457425
noise,0.0,0.022348056
noise,0.0,0.06916536
noise,0.0,0.31639826
noise,0.0,0.13275185
noise,0.0,0.013460542
noise,0.0,0.0463491
noise,0.0,0.10860434
noise,0.0,0.057996802
noise,0.0,0.0951281
noise,0.0,0.13371381
noise,0.0,0.02038098
noise,0.0,0.050642103
noise,0.0,0.48910937
noise,0.0,0.04345935
noise,0.0,0.1365558
noise,0.0,0.11709424
noise,0.0,0.035882484
noise,0.0,0.109079264
noise,0.0,0.02394816
noise,0.0,0.026004417
noise,0.0,0.18301074
noise,0.0,0.024512721
noise,0.0,0.008810447
noise,0.0,0.068524525
noise,0.0,0.040329717
noise,0.0,0.060977966
noise,0.0,0.32231054
noise,0.0,0.06693496
noise,0.0,0.28006428
noise,0.0,0.30398628
noise,0.0,0.273078
noise,0.0,0.055810086
noise,0.0,0.05737886
noise,0.0,0.048329547
noise,0.0,0.023787176
noise,0.0,0.110287614
noise,0.0,0.12612647
noise,0.0,0.18389887
noise,0.0,0.12437752
noise,0.0,0.029385699
noise,0.0,0.084240675
noise,0.0,0.050855637
noise,0.0,0.030805584
noise,0.0,0.029663486
noise,0.0,0.75496936
noise,0.0,0.02102345
noise,0.0,0.03419697
noise,0.0,0.037287813
noise,0.0,0.20324187
noise,0.0,0.047999367
noise,0.0,0.028694563
noise,0.0,0.035771985
noise,0.0,0.027645284
noise,0.0,0.049603485
noise,0.0,0.030548384
noise,0.0,0.04748724
noise,0.0,0.07921526
noise,0.0,0.72227347
noise,0.0,0.015926125
noise,0.0,0.13719068
noise,0.0,0.03635237
noise,0.0,0.02969958
noise,0.0,0.03640566
noise,0.0,0.44767788
noise,0.0,0.09981707
noise,0.0,0.04523646
noise,0.0,0.0217363
noise,0.0,0.18254507
noise,0.0,0.38266924
noise,0.0,0.075154506
noise,0.0,0.30234084
noise,0.0,0.11520881
noise,0.0,0.08820074
noise,0.0,0.15715258
noise,0.0,0.16065587
noise,0.0,0.09332165
noise,0.0,0.04959079
noise,0.0,0.08763244
noise,0.0,0.092657566
noise,0.0,0.061602566
noise,0.0,0.23312895
noise,0.0,0.11704968
noise,0.0,0.09239513
noise,0.0,0.16865224
noise,0.0,0.06546118
noise,0.0,0.18953204
noise,0.0,0.1115378
noise,0.0,0.07997219
noise,0.0,0.055414256
noise,0.0,0.041489147
noise,0.0,0.051654767
noise,0.0,0.055463567
noise,0.0,0.07771
noise,0.0,0.042771965
noise,0.0,0.01629212
noise,0.0,0.13916597
noise,0.0,0.04651977
noise,0.0,0.06323729
noise,0.0,0.025892617
noise,0.0,0.08748651
noise,0.0,0.039935313
noise,0.0,0.15932529
noise,0.0,0.032887492
noise,0.0,0.08955787
noise,0.0,0.012244689
noise,0.0,0.116845064
noise,0.0,0.08323421
noise,0.0,0.076814935
noise,0.0,0.1243138
noise,0.0,0.18628106
noise,0.0,0.02248644
noise,0.0,0.07575527
noise,0.0,0.024385046
noise,0.0,0.031887893
noise,0.0,0.03471672
noise,0.0,0.10928786
noise,0.0,0.11658719
noise,0.0,0.031192528
noise,0.0,0.056327637
noise,0.0,0.060655534
noise,0.0,0.09860217
noise,0.0,0.093598224
noise,0.0,0.12602219
noise,0.0,0.15833385
noise,0.0,0.40515813
noise,0.0,0.078501545
noise,0.0,0.02585382
noise,0.0,0.163883
noise,0.0,0.10910408
noise,0.0,0.021981245
noise,0.0,0.21360868
noise,0.0,0.048692156
noise,0.0,0.034319483
noise,0.0,0.11398755
noise,0.0,0.038348176
noise,0.0,0.24019367
noise,0.0,0.025219094
noise,0.0,0.036621988
noise,0.0,0.1680324
noise,0.0,0.20364404
noise,0.0,0.31421518
noise,0.0,0.055950206
noise,0.0,0.6842847
noise,0.0,0.16382234
noise,0.0,0.15769102
noise,0.0,0.163141
noise,0.0,0.40507185
noise,0.0,0.044411328
noise,0.0,0.030997958
noise,0.0,0.5333207
noise,0.0,0.15282078
noise,0.0,0.31543562
noise,0.0,0.12368057
noise,0.0,0.054204
noise,0.0,0.012800752
noise,0.0,0.033900473
noise,0.0,0.16529843
noise,0.0,0.059444856
noise,0.0,0.15404654
noise,0.0,0.040517904
noise,0.0,0.04922264
noise,0.0,0.032115422
noise,0.0,0.2098808
noise,0.0,0.076070204
noise,0.0,0.0152559625
noise,0.0,0.08753083
noise,0.0,0.0564367
noise,0.0,0.7170043
noise,0.0,0.05310909
noise,0.0,0.05352979
noise,0.0,0.25252548
noise,0.0,0.06456063
noise,0.0,0.20254053
noise,0.0,0.055702347
noise,0.0,0.063383594
noise,0.0,0.10807803
noise,0.0,0.06033978
noise,0.0,0.0822251
noise,0.0,0.2725292
noise,0.0,0.007193335
noise,0.0,0.057956487
noise,0.0,0.08917959
noise,0.0,0.24020307
noise,0.0,0.09195368
noise,0.0,0.075870715
noise,0.0,0.039730825
noise,0.0,0.04268215
noise,0.0,0.057701197
noise,0.0,0.018711736
noise,0.0,0.19644892
noise,0.0,0.054063
noise,0.0,0.009406958
noise,0.0,0.18469986
noise,0.0,0.15790552
noise,0.0,0.019657211
noise,0.0,0.052466806
noise,0.0,0.16527408
noise,0.0,0.06866352
noise,0.0,0.33510154
noise,0.0,0.05356384
noise,0.0,0.07922533
noise,0.0,0.052049268
noise,0.0,0.029664557
noise,0.0,0.07487816
noise,0.0,0.050064646
noise,0.0,0.2521241
noise,0.0,0.013774587
noise,0.0,0.03860123
noise,0.0,0.39232022
noise,0.0,0.034733187
noise,0.0,0.024262818
noise,0.0,0.17257078
noise,0.0,0.7495275
noise,0.0,0.3487366
noise,0.0,0.1232082
noise,0.0,0.1619481
noise,0.0,0.0104116015
noise,0.0,0.10661963
noise,0.0,0.14951393
noise,0.0,0.058861356
noise,0.0,0.044664327
noise,0.0,0.08696962
noise,0.0,0.2275423
noise,0.0,0.039912466
noise,0.0,0.040516235
noise,0.0,0.056849644
noise,0.0,0.07973357
noise,0.0,0.11110052
noise,0.0,0.05045007
noise,0.0,0.09379588
noise,0.0,0.12891822
noise,0.0,0.03219203
noise,0.0,0.3469948
noise,0.0,0.005379233
noise,0.0,0.033378486
noise,0.0,0.08287112
noise,0.0,0.27541253
noise,0.0,0.029061362
noise,0.0,0.010873806
noise,0.0,0.092688486
noise,0.0,0.07037625
noise,0.0,0.092875764
noise,0.0,0.07878947
noise,0.0,0.02998894
noise,0.0,0.09928534
noise,0.0,0.03323675
noise,0.0,0.29487693
noise,0.0,0.083440565
noise,0.0,0.03704204
noise,0.0,0.48139194
noise,0.0,0.038809586
noise,0.0,0.17328069
noise,0.0,0.069107756
noise,0.0,0.021504242
noise,0.0,0.19522852
noise,0.0,0.017089443
noise,0.0,0.22542728
noise,0.0,0.1390248
noise,0.0,0.107734576
noise,0.0,0.10134488
noise,0.0,0.06309009
noise,0.0,0.08805197
noise,0.0,0.16040255
noise,0.0,0.05608753
noise,0.0,0.026409509
noise,0.0,0.04069789
noise,0.0,0.1805972
noise,0.0,0.14935625
noise,0.0,0.23500936
noise,0.0,0.05303805
noise,0.0,0.1797382
noise,0.0,0.011820537
noise,0.0,0.73900396
noise,0.0,0.063897274
noise,0.0,0.09706053
noise,0.0,0.09614124
noise,0.0,0.022455227
noise,0.0,0.3902646
noise,0.0,0.08686343
noise,0.0,0.2731314
noise,0.0,0.030367868
noise,0.0,0.1806867
noise,0.0,0.19374406
noise,0.0,0.17274234
noise,0.0,0.3033344
noise,0.0,0.13079633
noise,0.0,0.024118371
noise,0.0,0.018441392
noise,0.0,0.09588423
noise,0.0,0.068627045
noise,0.0,0.43118545
noise,0.0,0.07379386
noise,0.0,0.11719129
noise,0.0,0.3710701
noise,0.0,0.15554677
noise,0.0,0.09260915
noise,0.0,0.040523916
noise,0.0,0.09094125
noise,0.0,0.1843702
noise,0.0,0.043844037
noise,0.0,0.25721014
noise,0.0,0.19282568
noise,0.0,0.17021714
noise,0.0,0.2904819
noise,0.0,0.14893948
noise,0.0,0.10563849
noise,0.0,0.124810904
noise,0.0,0.16572666
noise,0.0,0.04085785
noise,0.0,0.12907563
noise,0.0,0.1258901
noise,0.0,0.34164226
noise,0.0,0.022811403
noise,0.0,0.084151074
noise,0.0,0.15961002
noise,0.0,0.044649594
noise,0.0,0.10290708
noise,0.0,0.012164216
noise,0.0,0.036965348
noise,0.0,0.09373709
noise,0.0,0.16060983
noise,0.0,0.027155
noise,0.0,0.4212084
noise,0.0,0.0858291
noise,0.0,0.06804166
noise,0.0,0.19418995
noise,0.0,0.26424393
noise,0.0,0.11365222
noise,0.0,0.049334515
noise,0.0,0.19707516
noise,0.0,0.081230976
noise,0.0,0.0106377965
noise,0.0,0.044999413
noise,0.0,0.057869792
noise,0.0,0.018906
noise,0.0,0.13244696
noise,0.0,0.05111381
noise,0.0,0.031877853
noise,0.0,0.26931193
noise,0.0,0.026525488
noise,0.0,0.02411417
noise,0.0,0.17579295
noise,0.0,0.064421445
noise,0.0,0.033359073
noise,0.0,0.039397616
noise,0.0,0.08645035
noise,0.0,0.01723586
noise,0.0,0.42655405
noise,0.0,0.19342211
noise,0.0,0.052533668
noise,0.0,0.13198073
noise,0.0,0.08329888
noise,0.0,0.014407868
noise,0.0,0.057395246
noise,0.0,0.046575483
noise,0.0,0.024849838
noise,0.0,0.15294151
noise,0.0,0.03935675
noise,0.0,0.04161253
noise,0.0,0.03170197
noise,0.0,0.16948
noise,0.0,0.07843905
noise,0.0,0.025444264
noise,0.0,0.08548782
noise,0.0,0.059888773
noise,0.0,0.3402771
noise,0.0,0.1666503
noise,0.0,0.14537743
noise,0.0,0.12362694
noise,0.0,0.05156496
noise,0.0,0.032612626
noise,0.0,0.07155056
noise,0.0,0.082512096
noise,0.0,0.07021265
noise,0.0,0.007524531
noise,0.0,0.0099044815
noise,0.0,0.12520833
noise,0.0,0.09215636
noise,0.0,0.20747764
noise,0.0,0.44041142
noise,0.0,0.05840349
noise,0.0,0.19798309
noise,0.0,0.034501035
noise,0.0,0.240688
noise,0.0,0.095729366
noise,0.0,0.33489943
noise,0.0,0.09606418
noise,0.0,0.022426423
noise,0.0,0.4805879
noise,0.0,0.03722619
noise,0.0,0.115416184
noise,0.0,0.013409405
noise,0.0,0.12670654
noise,0.0,0.3895758
noise,0.0,0.0995454
noise,0.0,0.02948572
noise,0.0,0.35616598
noise,0.0,0.020963032
noise,0.0,0.6304183
noise,0.0,0.049721684
noise,0.0,0.012526004
noise,0.0,0.0134444805
noise,0.0,0.026850406
noise,0.0,0.04528426
noise,0.0,0.04246681
noise,0.0,0.045796514
noise,0.0,0.09839632
noise,0.0,0.11245555
noise,0.0,0.705378
noise,0.0,0.061115272
noise,0.0,0.020452207
noise,0.0,0.0067156376
noise,0.0,0.085158385
noise,0.0,0.05086909
noise,0.0,0.08802469
noise,0.0,0.16533946
noise,0.0,0.06207326
noise,0.0,0.01955033
noise,0.0,0.03694903
noise,0.0,0.082502574
noise,0.0,0.019135654
noise,0.0,0.043759298
noise,0.0,0.11271789
noise,0.0,0.084362626
noise,0.0,0.19057451
noise,0.0,0.17101228
noise,0.0,0.124810904
noise,0.0,0.040898226
noise,0.0,0.20047477
noise,0.0,0.048432816
noise,0.0,0.16033506
noise,0.0,0.046278443
noise,0.0,0.051260937
noise,0.0,0.11334092
noise,0.0,0.07257671
noise,0.0,0.11004362
noise,0.0,0.057584077
noise,0.0,0.01685873
noise,0.0,0.071001545
noise,0.0,0.11928001
noise,0.0,0.05824489
noise,0.0,0.126763
noise,0.0,0.05265324
noise,0.0,0.08172015
noise,0.0,0.13789427
noise,0.0,0.045770656
noise,0.0,0.1723834
noise,0.0,0.24070653
noise,0.0,0.17007078
noise,0.0,0.08507482
noise,0.0,0.03795848
noise,0.0,0.081739254
noise,0.0,0.16735561
noise,0.0,0.031177288
noise,0.0,0.4686126
noise,0.0,0.03496308
noise,0.0,0.07654251
noise,0.0,0.042079575
noise,0.0,0.04932031
noise,0.0,0.11266785
noise,0.0,0.023519138
noise,0.0,0.29048386
noise,0.0,0.059211556
noise,0.0,0.28221196
noise,0.0,0.014169096
noise,0.0,0.040209133
noise,0.0,0.0663042
noise,0.0,0.087519296
noise,0.0,0.01639851
noise,0.0,0.12955582
noise,0.0,0.12654097
noise,0.0,0.12539822
noise,0.0,0.22802189
noise,0.0,0.08756573
noise,0.0,0.12599069
noise,0.0,0.103845745
noise,0.0,0.09145886
noise,0.0,0.14780276
noise,0.0,0.10810249
noise,0.0,0.052339926
noise,0.0,0.1480595
noise,0.0,0.17877287
noise,0.0,0.16101645
noise,0.0,0.09153248
noise,0.0,0.10959645
noise,0.0,0.18922687
noise,0.0,0.18715577
noise,0.0,0.12475129
noise,0.0,0.05324769
noise,0.0,0.20442839
noise,0.0,0.032095037
noise,0.0,0.1407032
noise,0.0,0.1324271
noise,0.0,0.40740785
noise,0.0,0.08834955
noise,0.0,0.25954968
noise,0.0,0.06512489
noise,0.0,0.03156168
noise,0.0,0.030923495
noise,0.0,0.16835615
noise,0.0,0.20058121
noise,0.0,0.2400369
noise,0.0,0.12722166
noise,0.0,0.014492031
noise,0.0,0.17191203
noise,0.0,0.08906764
noise,0.0,0.07720534
noise,0.0,0.077780485
noise,0.0,0.03085141
noise,0.0,0.033918753
noise,0.0,0.23505823
noise,0.0,0.029225169
noise,0.0,0.06285112
noise,0.0,0.00999376
noise,0.0,0.044927213
noise,0.0,0.13142209
noise,0.0,0.25289008
noise,0.0,0.08753034
noise,0.0,0.07017625
noise,0.0,0.18433905
noise,0.0,0.083172455
noise,0.0,0.12037121
noise,0.0,0.06941678
noise,0.0,0.02459563
noise,0.0,0.031047465
noise,0.0,0.064363904
noise,0.0,0.17629975
noise,0.0,0.10953566
noise,0.0,0.2311028
noise,0.0,0.07653892
noise,0.0,0.04005217
noise,0.0,0.13111126
noise,0.0,0.21020477
noise,0.0,0.04201909
noise,0.0,0.02544964
noise,0.0,0.04314579
noise,0.0,0.06477573
noise,0.0,0.122704774
noise,0.0,0.06013715
noise,0.0,0.045696754
noise,0.0,0.1040543
noise,0.0,0.2554274
noise,0.0,0.047498018
noise,0.0,0.017403254
noise,0.0,0.014747614
noise,0.0,0.018872326
noise,0.0,0.028912382
noise,0.0,0.27244344
noise,0.0,0.03129077
noise,0.0,0.058273744
noise,0.0,0.055048134
noise,0.0,0.09872559
noise,0.0,0.2747235
noise,0.0,0.008242098
noise,0.0,0.029536987
noise,0.0,0.035980634
noise,0.0,0.03041494
noise,0.0,0.10821362
noise,0.0,0.22082996
noise,0.0,0.40499073
noise,0.0,0.07595868
noise,0.0,0.016846485
noise,0.0,0.022080962
noise,0.0,0.1695723
noise,0.0,0.0671847
noise,0.0,0.050299473
noise,0.0,0.15277335
noise,0.0,0.26710474
noise,0.0,0.16210474
noise,0.0,0.043970775
noise,0.0,0.0812402
noise,0.0,0.22300234
noise,0.0,0.016041057
noise,0.0,0.25405788
noise,0.0,0.01044799
noise,0.0,0.09709104
noise,0.0,0.08681741
noise,0.0,0.2934524
noise,0.0,0.30303836
noise,0.0,0.06548963
noise,0.0,0.13069004
noise,0.0,0.12242131
noise,0.0,0.028326292
noise,0.0,0.06351828
noise,0.0,0.03819269
noise,0.0,0.1854034
noise,0.0,0.29492536
noise,0.0,0.048224285
noise,0.0,0.0039810617
noise,0.0,0.13660687
noise,0.0,0.25949737
noise,0.0,0.04562601
noise,0.0,0.28865725
noise,0.0,0.018714752
noise,0.0,0.17084049
noise,0.0,0.058561493
noise,0.0,0.02948572
noise,0.0,0.13147296
noise,0.0,0.097800165
noise,0.0,0.074325964
noise,0.0,0.27551624
noise,0.0,0.027603848
noise,0.0,0.0671302
noise,0.0,0.027737364
noise,0.0,0.087939136
noise,0.0,0.18125688
noise,0.0,0.59960705
noise,0.0,0.017976578
noise,0.0,0.08988927
noise,0.0,0.017582424
noise,0.0,0.020082943
noise,0.0,0.027685579
noise,0.0,0.07437275
noise,0.0,0.014747614
noise,0.0,0.06500079
noise,0.0,0.12310269
noise,0.0,0.31517455
noise,0.0,0.07728908
noise,0.0,0.23807341
noise,0.0,0.3970831
noise,0.0,0.7637778
noise,0.0,0.15543494
noise,0.0,0.2087381
noise,0.0,0.04389034
noise,0.0,0.04297882
noise,0.0,0.007919844
noise,0.0,0.08046212
noise,0.0,0.0436468
noise,0.0,0.14317825
noise,0.0,0.33765757
noise,0.0,0.43470433
noise,0.0,0.050144397
noise,0.0,0.045679156
noise,0.0,0.2215377
noise,0.0,0.06618387
noise,0.0,0.029929549
noise,0.0,0.42730948
noise,0.0,0.08886512
noise,0.0,0.033994786
noise,0.0,0.1505863
noise,0.0,0.05252496
noise,0.0,0.031476192
noise,0.0,0.04527647
noise,0.0,0.515871
noise,0.0,0.14869566
noise,0.0,0.064463966
noise,0.0,0.080104284
noise,0.0,0.10884277
noise,0.0,0.034618482
noise,0.0,0.014279108
noise,0.0,0.010282026
noise,0.0,0.0329211
noise,0.0,0.057243142
noise,0.0,0.20752087
noise,0.0,0.10170658
noise,0.0,0.077201836
noise,0.0,0.087598234
noise,0.0,0.057237107
noise,0.0,0.034471717
noise,0.0,0.045671523
noise,0.0,0.063434996
noise,0.0,0.53245234
noise,0.0,0.55362886
noise,0.0,0.060617693
noise,0.0,0.015095588
noise,0.0,0.0303319
noise,0.0,0.103324786
noise,0.0,0.0674689
noise,0.0,0.17389408
noise,0.0,0.114994556
noise,0.0,0.064088695
noise,0.0,0.03850833
noise,0.0,0.059016917
noise,0.0,0.07926388
noise,0.0,0.05250076
noise,0.0,0.2569571
noise,0.0,0.099582225
noise,0.0,0.20711389
noise,0.0,0.19461514
noise,0.0,0.05179581
noise,0.0,0.09694916
noise,0.0,0.21378168
noise,0.0,0.05274628
noise,0.0,0.013417728
noise,0.0,0.0301069
noise,0.0,0.06572982
noise,0.0,0.4291938
noise,0.0,0.07573667
noise,0.0,0.018197898
noise,0.0,0.12460461
noise,0.0,0.19266422
noise,0.0,0.09090994
noise,0.0,0.045829803
noise,0.0,0.030334126
noise,0.0,0.05170717
noise,0.0,0.030230748
noise,0.0,0.06966989
noise,0.0,0.052011237
noise,0.0,0.05516323
noise,0.0,0.0414031
noise,0.0,0.059327986
noise,0.0,0.07326875
noise,0.0,0.1092314
noise,0.0,0.655559
noise,0.0,0.18005125
noise,0.0,0.06795866
noise,0.0,0.17731747
noise,0.0,0.08122027
noise,0.0,0.09938626
noise,0.0,0.071137145
noise,0.0,0.035029314
noise,0.0,0.27635226
noise,0.0,0.027923014
noise,0.0,0.02025555
noise,0.0,0.10839784
noise,0.0,0.038497943
noise,0.0,0.051375188
noise,0.0,0.0056823897
noise,0.0,0.035660747
noise,0.0,0.23000535
noise,0.0,0.12133277
noise,0.0,0.1383929
noise,0.0,0.034430087
noise,0.0,0.03493855
noise,0.0,0.19097626
noise,0.0,0.024571383
noise,0.0,0.1133151
noise,0.0,0.08319067
noise,0.0,0.03892503
noise,0.0,0.04512585
noise,0.0,0.036850236
noise,0.0,0.066292465
noise,0.0,0.105085604
noise,0.0,0.040523857
noise,0.0,0.12866417
noise,0.0,0.0657087
noise,0.0,0.024410255
noise,0.0,0.10969081
noise,0.0,0.09060866
noise,0.0,0.039999202
noise,0.0,0.03030228
noise,0.0,0.029800365
noise,0.0,0.007645976
noise,0.0,0.36372188
noise,0.0,0.009420515
noise,0.0,0.019438257
noise,0.0,0.09047135
noise,0.0,0.039138373
noise,0.0,0.009863441
noise,0.0,0.05151874
noise,0.0,0.42075902
noise,0.0,0.025887555
noise,0.0,0.3429338
noise,0.0,0.019048283
noise,0.0,0.02602836
noise,0.0,0.2986348
noise,0.0,0.06928949
noise,0.0,0.03977276
noise,0.0,0.009269196
noise,0.0,0.22828943
noise,0.0,0.0666511
noise,0.0,0.46192923
noise,0.0,0.06121919
noise,0.0,0.29311773
noise,0.0,0.044884022
noise,0.0,0.0070021083
noise,0.0,0.041505083
noise,0.0,0.41515628
noise,0.0,0.30764866
noise,0.0,0.024664719
noise,0.0,0.020466957
noise,0.0,0.05427239
noise,0.0,0.32410678
noise,0.0,0.14159516
noise,0.0,0.2687127
noise,0.0,0.053557437
noise,0.0,0.15286203
noise,0.0,0.06454703
noise,0.0,0.07125995
noise,0.0,0.08649733
noise,0.0,0.056317355
noise,0.0,0.061304875
noise,0.0,0.12296114
noise,0.0,0.046868287
noise,0.0,0.10687763
noise,0.0,0.02863387
noise,0.0,0.07284686
noise,0.0,0.111664385
noise,0.0,0.05955317
noise,0.0,0.055772252
noise,0.0,0.36263326
noise,0.0,0.0742842
noise,0.0,0.057427622
noise,0.0,0.19292879
noise,0.0,0.03601426
noise,0.0,0.09322878
noise,0.0,0.027071709
noise,0.0,0.06433697
noise,0.0,0.23592599
noise,0.0,0.13567324
noise,0.0,0.13480033
noise,0.0,0.3312592
noise,0.0,0.029546564
noise,0.0,0.089729056
noise,0.0,0.066610225
noise,0.0,0.07255043
noise,0.0,0.052030697
noise,0.0,0.15086967
noise,0.0,0.10399585
noise,0.0,0.1075833
noise,0.0,0.032629207
noise,0.0,0.2854962
noise,0.0,0.052405704
noise,0.0,0.06537367
noise,0.0,0.08551321
noise,0.0,0.080334194
noise,0.0,0.078156196
noise,0.0,0.016675342
noise,0.0,0.14379099
noise,0.0,0.10325262
noise,0.0,0.059247807
noise,0.0,0.09469154
noise,0.0,0.017951652
noise,0.0,0.19012514
noise,0.0,0.15560527
noise,0.0,0.040789362
noise,0.0,0.033916105
noise,0.0,0.30158684
noise,0.0,0.08617203
noise,0.0,0.114075564
noise,0.0,0.031416446
noise,0.0,0.18260495
noise,0.0,0.029292919
noise,0.0,0.13615459
noise,0.0,0.08525705
noise,0.0,0.055529255
noise,0.0,0.04959737
noise,0.0,0.022994932
noise,0.0,0.068558834
noise,0.0,0.004370915
noise,0.0,0.16229294
noise,0.0,0.068245605
noise,0.0,0.2802018
noise,0.0,0.57353234
noise,0.0,0.05253958
noise,0.0,0.06828673
noise,0.0,0.06071711
noise,0.0,0.19355612
noise,0.0,0.07276703
noise,0.0,0.048014227
noise,0.0,0.05823424
noise,0.0,0.2632317
noise,0.0,0.020169001
noise,0.0,0.031952668
noise,0.0,0.07047201
noise,0.0,0.018281912
noise,0.0,0.08299675
noise,0.0,0.23664777
noise,0.0,0.050303757
noise,0.0,0.18629
noise,0.0,0.08361545
noise,0.0,0.14633079
noise,0.0,0.038869
noise,0.0,0.03392779
noise,0.0,0.022747466
noise,0.0,0.13587672
noise,0.0,0.022310227
noise,0.0,0.58261466
noise,0.0,0.049282447
noise,0.0,0.023839982
noise,0.0,0.03837259
noise,0.0,0.056851335
noise,0.0,0.025074765
noise,0.0,0.030512791
noise,0.0,0.02276202
noise,0.0,0.08851803
noise,0.0,0.03722109
noise,0.0,0.03252011
noise,0.0,0.20018293
noise,0.0,0.04022015
noise,0.0,0.28651965
noise,0.0,0.13863747
noise,0.0,0.38616377
noise,0.0,0.11837835
noise,0.0,0.20752294
noise,0.0,0.19572838
noise,0.0,0.048661813
noise,0.0,0.038313314
noise,0.0,0.04821458
noise,0.0,0.045206297
noise,0.0,0.034450438
noise,0.0,0.021336658
noise,0.0,0.14408833
noise,0.0,0.0435886
noise,0.0,0.18954234
noise,0.0,0.03427792
noise,0.0,0.05015062
noise,0.0,0.0298672
noise,0.0,0.36160898
noise,0.0,0.35718244
noise,0.0,0.027552832
noise,0.0,0.12878257
noise,0.0,0.06922087
noise,0.0,0.47831702
noise,0.0,0.010442346
noise,0.0,0.09196735
noise,0.0,0.010864363
noise,0.0,0.014033127
noise,0.0,0.2250157
