filename,y_true,probs
/tmp/unfreezing_ablation_frozen_60k0cium/data/PhysioNet2022/training_data/14241_AV.wav,1.0,0.98883367
/tmp/unfreezing_ablation_frozen_60k0cium/data/PhysioNet2022/training_data/14241_MV.wav,1.0,0.9981115
/tmp/unfreezing_ablation_frozen_60k0cium/data/PhysioNet2022/training_data/14241_PV.wav,1.0,0.99648726
/tmp/unfreezing_ablation_frozen_60k0cium/data/PhysioNet2022/training_data/14241_TV.wav,1.0,0.9946292
/tmp/unfreezing_ablation_frozen_60k0cium/data/PhysioNet2022/training_data/24160_AV.wav,1.0,0.99971503
/tmp/unfreezing_ablation_frozen_60k0cium/data/PhysioNet2022/training_data/24160_MV.wav,1.0,0.99540615
/tmp/unfreezing_ablation_frozen_60k0cium/data/PhysioNet2022/training_data/24160_PV.wav,1.0,0.99480826
/tmp/unfreezing_ablation_frozen_60k0cium/data/PhysioNet2022/training_data/24160_TV.wav,1.0,0.9935011
/tmp/unfreezing_ablation_frozen_60k0cium/data/PhysioNet2022/training_data/31737_AV.wav,1.0,0.9848536
/tmp/unfreezing_ablation_frozen_60k0cium/data/PhysioNet2022/training_data/31737_MV.wav,1.0,0.9936532
/tmp/unfreezing_ablation_frozen_60k0cium/data/PhysioNet2022/training_data/31737_PV.wav,1.0,0.97630674
/tmp/unfreezing_ablation_frozen_60k0cium/data/PhysioNet2022/training_data/31737_TV.wav,1.0,0.99286383
/tmp/unfreezing_ablation_frozen_60k0cium/data/PhysioNet2022/training_data/39403_AV.wav,1.0,0.99369496
/tmp/unfreezing_ablation_frozen_60k0cium/data/PhysioNet2022/training_data/39403_MV.wav,1.0,0.97850513
/tmp/unfreezing_ablation_frozen_60k0cium/data/PhysioNet2022/training_data/39403_PV.wav,1.0,0.9957995
/tmp/unfreezing_ablation_frozen_60k0cium/data/PhysioNet2022/training_data/39403_TV.wav,1.0,0.9966337
/tmp/unfreezing_ablation_frozen_60k0cium/data/PhysioNet2022/training_data/39456_MV.wav,1.0,0.9954346
/tmp/unfreezing_ablation_frozen_60k0cium/data/PhysioNet2022/training_data/39456_PV.wav,1.0,0.9899766
/tmp/unfreezing_ablation_frozen_60k0cium/data/PhysioNet2022/training_data/39456_TV.wav,1.0,0.9991691
/tmp/unfreezing_ablation_frozen_60k0cium/data/PhysioNet2022/training_data/45843_AV.wav,1.0,0.9978265
/tmp/unfreezing_ablation_frozen_60k0cium/data/PhysioNet2022/training_data/45843_MV.wav,1.0,0.99397165
/tmp/unfreezing_ablation_frozen_60k0cium/data/PhysioNet2022/training_data/45843_PV.wav,1.0,0.9942807
/tmp/unfreezing_ablation_frozen_60k0cium/data/PhysioNet2022/training_data/45843_TV.wav,1.0,0.91127497
/tmp/unfreezing_ablation_frozen_60k0cium/data/PhysioNet2022/training_data/46065_AV.wav,1.0,0.6991346
/tmp/unfreezing_ablation_frozen_60k0cium/data/PhysioNet2022/training_data/46065_MV.wav,1.0,0.9948167
/tmp/unfreezing_ablation_frozen_60k0cium/data/PhysioNet2022/training_data/46065_PV.wav,1.0,0.98213404
/tmp/unfreezing_ablation_frozen_60k0cium/data/PhysioNet2022/training_data/46065_TV.wav,1.0,0.9283763
/tmp/unfreezing_ablation_frozen_60k0cium/data/PhysioNet2022/training_data/49561_AV.wav,1.0,0.694338
/tmp/unfreezing_ablation_frozen_60k0cium/data/PhysioNet2022/training_data/49561_MV.wav,1.0,0.9976311
/tmp/unfreezing_ablation_frozen_60k0cium/data/PhysioNet2022/training_data/49561_PV.wav,1.0,0.9652012
/tmp/unfreezing_ablation_frozen_60k0cium/data/PhysioNet2022/training_data/49561_TV.wav,1.0,0.95740247
/tmp/unfreezing_ablation_frozen_60k0cium/data/PhysioNet2022/training_data/49577_AV.wav,1.0,0.98597914
/tmp/unfreezing_ablation_frozen_60k0cium/data/PhysioNet2022/training_data/49577_MV.wav,1.0,0.9997962
/tmp/unfreezing_ablation_frozen_60k0cium/data/PhysioNet2022/training_data/49577_PV.wav,1.0,0.979539
/tmp/unfreezing_ablation_frozen_60k0cium/data/PhysioNet2022/training_data/49577_TV.wav,1.0,0.9697772
/tmp/unfreezing_ablation_frozen_60k0cium/data/PhysioNet2022/training_data/49595_AV.wav,1.0,0.99668044
/tmp/unfreezing_ablation_frozen_60k0cium/data/PhysioNet2022/training_data/49595_MV.wav,1.0,0.9779133
/tmp/unfreezing_ablation_frozen_60k0cium/data/PhysioNet2022/training_data/49598_AV.wav,1.0,0.64221746
/tmp/unfreezing_ablation_frozen_60k0cium/data/PhysioNet2022/training_data/49598_MV.wav,1.0,0.98794144
/tmp/unfreezing_ablation_frozen_60k0cium/data/PhysioNet2022/training_data/49607_MV.wav,1.0,0.9611269
/tmp/unfreezing_ablation_frozen_60k0cium/data/PhysioNet2022/training_data/49627_AV.wav,1.0,0.9968843
/tmp/unfreezing_ablation_frozen_60k0cium/data/PhysioNet2022/training_data/49627_MV.wav,1.0,0.9341267
/tmp/unfreezing_ablation_frozen_60k0cium/data/PhysioNet2022/training_data/49627_PV.wav,1.0,0.9780386
/tmp/unfreezing_ablation_frozen_60k0cium/data/PhysioNet2022/training_data/49627_TV.wav,1.0,0.89365983
/tmp/unfreezing_ablation_frozen_60k0cium/data/PhysioNet2022/training_data/49659_AV.wav,1.0,0.9858991
/tmp/unfreezing_ablation_frozen_60k0cium/data/PhysioNet2022/training_data/49659_MV.wav,1.0,0.9927313
/tmp/unfreezing_ablation_frozen_60k0cium/data/PhysioNet2022/training_data/49659_PV.wav,1.0,0.9381305
/tmp/unfreezing_ablation_frozen_60k0cium/data/PhysioNet2022/training_data/49659_TV.wav,1.0,0.9830413
/tmp/unfreezing_ablation_frozen_60k0cium/data/PhysioNet2022/training_data/49687_AV.wav,1.0,0.9944823
/tmp/unfreezing_ablation_frozen_60k0cium/data/PhysioNet2022/training_data/49687_MV.wav,1.0,0.9991192
/tmp/unfreezing_ablation_frozen_60k0cium/data/PhysioNet2022/training_data/49687_PV.wav,1.0,0.99032426
/tmp/unfreezing_ablation_frozen_60k0cium/data/PhysioNet2022/training_data/49687_TV.wav,1.0,0.9975395
/tmp/unfreezing_ablation_frozen_60k0cium/data/PhysioNet2022/training_data/49691_AV.wav,1.0,0.99537116
/tmp/unfreezing_ablation_frozen_60k0cium/data/PhysioNet2022/training_data/49691_MV.wav,1.0,0.99080515
/tmp/unfreezing_ablation_frozen_60k0cium/data/PhysioNet2022/training_data/49691_PV.wav,1.0,0.99359
/tmp/unfreezing_ablation_frozen_60k0cium/data/PhysioNet2022/training_data/49691_TV.wav,1.0,0.76127887
/tmp/unfreezing_ablation_frozen_60k0cium/data/PhysioNet2022/training_data/49735_MV.wav,1.0,0.9954299
/tmp/unfreezing_ablation_frozen_60k0cium/data/PhysioNet2022/training_data/49735_PV.wav,1.0,0.9665589
/tmp/unfreezing_ablation_frozen_60k0cium/data/PhysioNet2022/training_data/49735_TV.wav,1.0,0.9405908
/tmp/unfreezing_ablation_frozen_60k0cium/data/PhysioNet2022/training_data/49754_AV.wav,1.0,0.9992711
/tmp/unfreezing_ablation_frozen_60k0cium/data/PhysioNet2022/training_data/49754_MV.wav,1.0,0.9909367
/tmp/unfreezing_ablation_frozen_60k0cium/data/PhysioNet2022/training_data/49754_PV.wav,1.0,0.98949313
/tmp/unfreezing_ablation_frozen_60k0cium/data/PhysioNet2022/training_data/49754_TV.wav,1.0,0.97704995
/tmp/unfreezing_ablation_frozen_60k0cium/data/PhysioNet2022/training_data/49776_AV.wav,1.0,0.99951017
/tmp/unfreezing_ablation_frozen_60k0cium/data/PhysioNet2022/training_data/49776_MV.wav,1.0,0.9964832
/tmp/unfreezing_ablation_frozen_60k0cium/data/PhysioNet2022/training_data/49838_MV.wav,1.0,0.9976682
/tmp/unfreezing_ablation_frozen_60k0cium/data/PhysioNet2022/training_data/49897_AV.wav,1.0,0.9905139
/tmp/unfreezing_ablation_frozen_60k0cium/data/PhysioNet2022/training_data/49897_MV.wav,1.0,0.9802617
/tmp/unfreezing_ablation_frozen_60k0cium/data/PhysioNet2022/training_data/49897_PV.wav,1.0,0.44867542
/tmp/unfreezing_ablation_frozen_60k0cium/data/PhysioNet2022/training_data/49897_TV.wav,1.0,0.96190333
/tmp/unfreezing_ablation_frozen_60k0cium/data/PhysioNet2022/training_data/49952_AV.wav,1.0,0.99469143
/tmp/unfreezing_ablation_frozen_60k0cium/data/PhysioNet2022/training_data/49952_MV_1.wav,1.0,0.9947642
/tmp/unfreezing_ablation_frozen_60k0cium/data/PhysioNet2022/training_data/49952_MV_2.wav,1.0,0.992702
/tmp/unfreezing_ablation_frozen_60k0cium/data/PhysioNet2022/training_data/49952_PV.wav,1.0,0.83312887
/tmp/unfreezing_ablation_frozen_60k0cium/data/PhysioNet2022/training_data/49952_TV.wav,1.0,0.76403224
/tmp/unfreezing_ablation_frozen_60k0cium/data/PhysioNet2022/training_data/49960_AV.wav,1.0,0.9996933
/tmp/unfreezing_ablation_frozen_60k0cium/data/PhysioNet2022/training_data/49960_MV.wav,1.0,0.9940241
/tmp/unfreezing_ablation_frozen_60k0cium/data/PhysioNet2022/training_data/49960_PV.wav,1.0,0.99607027
/tmp/unfreezing_ablation_frozen_60k0cium/data/PhysioNet2022/training_data/49960_TV.wav,1.0,0.9941075
/tmp/unfreezing_ablation_frozen_60k0cium/data/PhysioNet2022/training_data/49969_MV.wav,1.0,0.9920725
/tmp/unfreezing_ablation_frozen_60k0cium/data/PhysioNet2022/training_data/49979_MV.wav,1.0,0.95248836
/tmp/unfreezing_ablation_frozen_60k0cium/data/PhysioNet2022/training_data/49986_AV.wav,1.0,0.89610815
/tmp/unfreezing_ablation_frozen_60k0cium/data/PhysioNet2022/training_data/49986_MV.wav,1.0,0.97017866
/tmp/unfreezing_ablation_frozen_60k0cium/data/PhysioNet2022/training_data/49987_AV.wav,1.0,0.99913764
/tmp/unfreezing_ablation_frozen_60k0cium/data/PhysioNet2022/training_data/49987_MV.wav,1.0,0.9976527
/tmp/unfreezing_ablation_frozen_60k0cium/data/PhysioNet2022/training_data/49990_AV.wav,1.0,0.9854151
/tmp/unfreezing_ablation_frozen_60k0cium/data/PhysioNet2022/training_data/49990_MV.wav,1.0,0.9977575
/tmp/unfreezing_ablation_frozen_60k0cium/data/PhysioNet2022/training_data/49990_PV.wav,1.0,0.99928564
/tmp/unfreezing_ablation_frozen_60k0cium/data/PhysioNet2022/training_data/49990_TV.wav,1.0,0.9977822
/tmp/unfreezing_ablation_frozen_60k0cium/data/PhysioNet2022/training_data/49993_AV.wav,1.0,0.99873334
/tmp/unfreezing_ablation_frozen_60k0cium/data/PhysioNet2022/training_data/49993_MV.wav,1.0,0.9989844
/tmp/unfreezing_ablation_frozen_60k0cium/data/PhysioNet2022/training_data/49993_PV.wav,1.0,0.9675706
/tmp/unfreezing_ablation_frozen_60k0cium/data/PhysioNet2022/training_data/49993_TV.wav,1.0,0.99643886
/tmp/unfreezing_ablation_frozen_60k0cium/data/PhysioNet2022/training_data/49995_AV.wav,1.0,0.99732083
/tmp/unfreezing_ablation_frozen_60k0cium/data/PhysioNet2022/training_data/49995_MV.wav,1.0,0.9994635
/tmp/unfreezing_ablation_frozen_60k0cium/data/PhysioNet2022/training_data/49995_PV.wav,1.0,0.9996568
/tmp/unfreezing_ablation_frozen_60k0cium/data/PhysioNet2022/training_data/49995_TV.wav,1.0,0.99392253
/tmp/unfreezing_ablation_frozen_60k0cium/data/PhysioNet2022/training_data/49998_MV.wav,1.0,0.9960263
/tmp/unfreezing_ablation_frozen_60k0cium/data/PhysioNet2022/training_data/49998_PV.wav,1.0,0.97936594
/tmp/unfreezing_ablation_frozen_60k0cium/data/PhysioNet2022/training_data/49998_TV.wav,1.0,0.9670351
/tmp/unfreezing_ablation_frozen_60k0cium/data/PhysioNet2022/training_data/50007_AV.wav,1.0,0.5029714
/tmp/unfreezing_ablation_frozen_60k0cium/data/PhysioNet2022/training_data/50007_MV.wav,1.0,0.60259104
/tmp/unfreezing_ablation_frozen_60k0cium/data/PhysioNet2022/training_data/50007_PV.wav,1.0,0.20131397
/tmp/unfreezing_ablation_frozen_60k0cium/data/PhysioNet2022/training_data/50007_TV.wav,1.0,0.9511474
/tmp/unfreezing_ablation_frozen_60k0cium/data/PhysioNet2022/training_data/50018_AV.wav,1.0,0.9162255
/tmp/unfreezing_ablation_frozen_60k0cium/data/PhysioNet2022/training_data/50018_MV.wav,1.0,0.9948683
/tmp/unfreezing_ablation_frozen_60k0cium/data/PhysioNet2022/training_data/50026_AV.wav,1.0,0.99886644
/tmp/unfreezing_ablation_frozen_60k0cium/data/PhysioNet2022/training_data/50026_MV.wav,1.0,0.9871057
/tmp/unfreezing_ablation_frozen_60k0cium/data/PhysioNet2022/training_data/50027_AV.wav,1.0,0.9982338
/tmp/unfreezing_ablation_frozen_60k0cium/data/PhysioNet2022/training_data/50027_MV.wav,1.0,0.99809057
/tmp/unfreezing_ablation_frozen_60k0cium/data/PhysioNet2022/training_data/50029_AV.wav,1.0,0.9990926
/tmp/unfreezing_ablation_frozen_60k0cium/data/PhysioNet2022/training_data/50029_MV.wav,1.0,0.98847765
/tmp/unfreezing_ablation_frozen_60k0cium/data/PhysioNet2022/training_data/50029_PV.wav,1.0,0.99854785
/tmp/unfreezing_ablation_frozen_60k0cium/data/PhysioNet2022/training_data/50029_TV.wav,1.0,0.9996642
/tmp/unfreezing_ablation_frozen_60k0cium/data/PhysioNet2022/training_data/50043_AV.wav,1.0,0.9791854
/tmp/unfreezing_ablation_frozen_60k0cium/data/PhysioNet2022/training_data/50043_PV.wav,1.0,0.9980326
/tmp/unfreezing_ablation_frozen_60k0cium/data/PhysioNet2022/training_data/50043_TV.wav,1.0,0.9988889
/tmp/unfreezing_ablation_frozen_60k0cium/data/PhysioNet2022/training_data/50047_MV.wav,1.0,0.99362093
/tmp/unfreezing_ablation_frozen_60k0cium/data/PhysioNet2022/training_data/50047_PV.wav,1.0,0.9727638
/tmp/unfreezing_ablation_frozen_60k0cium/data/PhysioNet2022/training_data/50047_TV.wav,1.0,0.9991829
/tmp/unfreezing_ablation_frozen_60k0cium/data/PhysioNet2022/training_data/50048_MV.wav,1.0,0.921823
/tmp/unfreezing_ablation_frozen_60k0cium/data/PhysioNet2022/training_data/50048_PV.wav,1.0,0.8751114
/tmp/unfreezing_ablation_frozen_60k0cium/data/PhysioNet2022/training_data/50048_TV.wav,1.0,0.99875
/tmp/unfreezing_ablation_frozen_60k0cium/data/PhysioNet2022/training_data/50056_AV.wav,1.0,0.94444543
/tmp/unfreezing_ablation_frozen_60k0cium/data/PhysioNet2022/training_data/50056_MV.wav,1.0,0.9946234
/tmp/unfreezing_ablation_frozen_60k0cium/data/PhysioNet2022/training_data/50056_PV.wav,1.0,0.9423917
/tmp/unfreezing_ablation_frozen_60k0cium/data/PhysioNet2022/training_data/50056_TV.wav,1.0,0.95260715
/tmp/unfreezing_ablation_frozen_60k0cium/data/PhysioNet2022/training_data/50067_MV.wav,1.0,0.99696285
/tmp/unfreezing_ablation_frozen_60k0cium/data/PhysioNet2022/training_data/50067_PV.wav,1.0,0.9788027
/tmp/unfreezing_ablation_frozen_60k0cium/data/PhysioNet2022/training_data/50067_TV.wav,1.0,0.9821315
/tmp/unfreezing_ablation_frozen_60k0cium/data/PhysioNet2022/training_data/50076_AV.wav,1.0,0.9933289
/tmp/unfreezing_ablation_frozen_60k0cium/data/PhysioNet2022/training_data/50076_MV.wav,1.0,0.9915978
/tmp/unfreezing_ablation_frozen_60k0cium/data/PhysioNet2022/training_data/50076_PV.wav,1.0,0.98882395
/tmp/unfreezing_ablation_frozen_60k0cium/data/PhysioNet2022/training_data/50076_TV.wav,1.0,0.72083986
/tmp/unfreezing_ablation_frozen_60k0cium/data/PhysioNet2022/training_data/50079_AV.wav,1.0,0.99363285
/tmp/unfreezing_ablation_frozen_60k0cium/data/PhysioNet2022/training_data/50079_PV.wav,1.0,0.99689204
/tmp/unfreezing_ablation_frozen_60k0cium/data/PhysioNet2022/training_data/50079_TV.wav,1.0,0.9948236
/tmp/unfreezing_ablation_frozen_60k0cium/data/PhysioNet2022/training_data/50080_AV.wav,1.0,0.9089105
/tmp/unfreezing_ablation_frozen_60k0cium/data/PhysioNet2022/training_data/50080_MV.wav,1.0,0.73734385
/tmp/unfreezing_ablation_frozen_60k0cium/data/PhysioNet2022/training_data/50080_PV.wav,1.0,0.9750919
/tmp/unfreezing_ablation_frozen_60k0cium/data/PhysioNet2022/training_data/50080_TV.wav,1.0,0.99851364
/tmp/unfreezing_ablation_frozen_60k0cium/data/PhysioNet2022/training_data/50089_AV.wav,1.0,0.9422242
/tmp/unfreezing_ablation_frozen_60k0cium/data/PhysioNet2022/training_data/50089_PV.wav,1.0,0.9990595
/tmp/unfreezing_ablation_frozen_60k0cium/data/PhysioNet2022/training_data/50089_TV.wav,1.0,0.99308115
/tmp/unfreezing_ablation_frozen_60k0cium/data/PhysioNet2022/training_data/50092_AV.wav,1.0,0.9937634
/tmp/unfreezing_ablation_frozen_60k0cium/data/PhysioNet2022/training_data/50092_MV.wav,1.0,0.95696795
/tmp/unfreezing_ablation_frozen_60k0cium/data/PhysioNet2022/training_data/50092_PV.wav,1.0,0.706252
/tmp/unfreezing_ablation_frozen_60k0cium/data/PhysioNet2022/training_data/50092_TV.wav,1.0,0.99592775
/tmp/unfreezing_ablation_frozen_60k0cium/data/PhysioNet2022/training_data/50103_AV.wav,1.0,0.98763067
/tmp/unfreezing_ablation_frozen_60k0cium/data/PhysioNet2022/training_data/50103_MV.wav,1.0,0.9984268
/tmp/unfreezing_ablation_frozen_60k0cium/data/PhysioNet2022/training_data/50103_PV.wav,1.0,0.7602426
/tmp/unfreezing_ablation_frozen_60k0cium/data/PhysioNet2022/training_data/50103_TV.wav,1.0,0.9961046
/tmp/unfreezing_ablation_frozen_60k0cium/data/PhysioNet2022/training_data/50109_AV.wav,1.0,0.9977291
/tmp/unfreezing_ablation_frozen_60k0cium/data/PhysioNet2022/training_data/50109_MV.wav,1.0,0.9970912
/tmp/unfreezing_ablation_frozen_60k0cium/data/PhysioNet2022/training_data/50109_PV.wav,1.0,0.9498185
/tmp/unfreezing_ablation_frozen_60k0cium/data/PhysioNet2022/training_data/50109_TV.wav,1.0,0.9886906
/tmp/unfreezing_ablation_frozen_60k0cium/data/PhysioNet2022/training_data/50111_AV.wav,1.0,0.97973174
/tmp/unfreezing_ablation_frozen_60k0cium/data/PhysioNet2022/training_data/50111_MV.wav,1.0,0.9997824
/tmp/unfreezing_ablation_frozen_60k0cium/data/PhysioNet2022/training_data/50111_PV.wav,1.0,0.9988483
/tmp/unfreezing_ablation_frozen_60k0cium/data/PhysioNet2022/training_data/50111_TV.wav,1.0,0.9947702
/tmp/unfreezing_ablation_frozen_60k0cium/data/PhysioNet2022/training_data/50113_AV.wav,1.0,0.9969764
/tmp/unfreezing_ablation_frozen_60k0cium/data/PhysioNet2022/training_data/50113_MV.wav,1.0,0.9992865
/tmp/unfreezing_ablation_frozen_60k0cium/data/PhysioNet2022/training_data/50113_PV.wav,1.0,0.8635849
/tmp/unfreezing_ablation_frozen_60k0cium/data/PhysioNet2022/training_data/50113_TV.wav,1.0,0.9546934
/tmp/unfreezing_ablation_frozen_60k0cium/data/PhysioNet2022/training_data/50119_PV.wav,1.0,0.99890745
/tmp/unfreezing_ablation_frozen_60k0cium/data/PhysioNet2022/training_data/50125_MV.wav,1.0,0.99708575
/tmp/unfreezing_ablation_frozen_60k0cium/data/PhysioNet2022/training_data/50125_PV.wav,1.0,0.98943603
/tmp/unfreezing_ablation_frozen_60k0cium/data/PhysioNet2022/training_data/50125_TV.wav,1.0,0.94595766
/tmp/unfreezing_ablation_frozen_60k0cium/data/PhysioNet2022/training_data/50146_MV.wav,1.0,0.9945716
/tmp/unfreezing_ablation_frozen_60k0cium/data/PhysioNet2022/training_data/50151_PV.wav,1.0,0.9992041
/tmp/unfreezing_ablation_frozen_60k0cium/data/PhysioNet2022/training_data/50152_AV.wav,1.0,0.9428715
/tmp/unfreezing_ablation_frozen_60k0cium/data/PhysioNet2022/training_data/50152_MV.wav,1.0,0.813058
/tmp/unfreezing_ablation_frozen_60k0cium/data/PhysioNet2022/training_data/50155_AV.wav,1.0,0.99223524
/tmp/unfreezing_ablation_frozen_60k0cium/data/PhysioNet2022/training_data/50155_PV.wav,1.0,0.99806994
/tmp/unfreezing_ablation_frozen_60k0cium/data/PhysioNet2022/training_data/50155_TV.wav,1.0,0.9934777
/tmp/unfreezing_ablation_frozen_60k0cium/data/PhysioNet2022/training_data/50160_MV.wav,1.0,0.99852556
/tmp/unfreezing_ablation_frozen_60k0cium/data/PhysioNet2022/training_data/50160_PV.wav,1.0,0.98891723
/tmp/unfreezing_ablation_frozen_60k0cium/data/PhysioNet2022/training_data/50160_TV.wav,1.0,0.9983833
/tmp/unfreezing_ablation_frozen_60k0cium/data/PhysioNet2022/training_data/50174_AV.wav,1.0,0.9935927
/tmp/unfreezing_ablation_frozen_60k0cium/data/PhysioNet2022/training_data/50174_MV.wav,1.0,0.97806317
/tmp/unfreezing_ablation_frozen_60k0cium/data/PhysioNet2022/training_data/50174_PV.wav,1.0,0.47389892
/tmp/unfreezing_ablation_frozen_60k0cium/data/PhysioNet2022/training_data/50174_TV.wav,1.0,0.85959053
/tmp/unfreezing_ablation_frozen_60k0cium/data/PhysioNet2022/training_data/50207_AV.wav,1.0,0.9990559
/tmp/unfreezing_ablation_frozen_60k0cium/data/PhysioNet2022/training_data/50207_MV.wav,1.0,0.9982786
/tmp/unfreezing_ablation_frozen_60k0cium/data/PhysioNet2022/training_data/50209_AV.wav,1.0,0.98898613
/tmp/unfreezing_ablation_frozen_60k0cium/data/PhysioNet2022/training_data/50209_MV.wav,1.0,0.99429494
/tmp/unfreezing_ablation_frozen_60k0cium/data/PhysioNet2022/training_data/50209_PV.wav,1.0,0.8849522
/tmp/unfreezing_ablation_frozen_60k0cium/data/PhysioNet2022/training_data/50209_TV.wav,1.0,0.94125664
/tmp/unfreezing_ablation_frozen_60k0cium/data/PhysioNet2022/training_data/50210_AV.wav,1.0,0.99695
/tmp/unfreezing_ablation_frozen_60k0cium/data/PhysioNet2022/training_data/50210_MV_1.wav,1.0,0.9982066
/tmp/unfreezing_ablation_frozen_60k0cium/data/PhysioNet2022/training_data/50210_MV_2.wav,1.0,0.99329525
/tmp/unfreezing_ablation_frozen_60k0cium/data/PhysioNet2022/training_data/50210_PV.wav,1.0,0.9941229
/tmp/unfreezing_ablation_frozen_60k0cium/data/PhysioNet2022/training_data/50210_TV.wav,1.0,0.96803063
/tmp/unfreezing_ablation_frozen_60k0cium/data/PhysioNet2022/training_data/50216_AV.wav,1.0,0.99250776
/tmp/unfreezing_ablation_frozen_60k0cium/data/PhysioNet2022/training_data/50216_MV.wav,1.0,0.993515
/tmp/unfreezing_ablation_frozen_60k0cium/data/PhysioNet2022/training_data/50216_PV.wav,1.0,0.98756045
/tmp/unfreezing_ablation_frozen_60k0cium/data/PhysioNet2022/training_data/50216_Phc_1.wav,1.0,0.9907211
/tmp/unfreezing_ablation_frozen_60k0cium/data/PhysioNet2022/training_data/50216_Phc_2.wav,1.0,0.99979883
/tmp/unfreezing_ablation_frozen_60k0cium/data/PhysioNet2022/training_data/50217_AV.wav,1.0,0.99874794
/tmp/unfreezing_ablation_frozen_60k0cium/data/PhysioNet2022/training_data/50217_PV.wav,1.0,0.9983746
/tmp/unfreezing_ablation_frozen_60k0cium/data/PhysioNet2022/training_data/50218_AV.wav,1.0,0.96091366
/tmp/unfreezing_ablation_frozen_60k0cium/data/PhysioNet2022/training_data/50218_MV.wav,1.0,0.9821721
/tmp/unfreezing_ablation_frozen_60k0cium/data/PhysioNet2022/training_data/50218_PV.wav,1.0,0.99882776
/tmp/unfreezing_ablation_frozen_60k0cium/data/PhysioNet2022/training_data/50218_TV.wav,1.0,0.9782929
/tmp/unfreezing_ablation_frozen_60k0cium/data/PhysioNet2022/training_data/50229_AV.wav,1.0,0.9784399
/tmp/unfreezing_ablation_frozen_60k0cium/data/PhysioNet2022/training_data/50229_MV.wav,1.0,0.9885273
/tmp/unfreezing_ablation_frozen_60k0cium/data/PhysioNet2022/training_data/50229_PV.wav,1.0,0.69554687
/tmp/unfreezing_ablation_frozen_60k0cium/data/PhysioNet2022/training_data/50229_TV.wav,1.0,0.9936745
/tmp/unfreezing_ablation_frozen_60k0cium/data/PhysioNet2022/training_data/50231_AV.wav,1.0,0.99678934
/tmp/unfreezing_ablation_frozen_60k0cium/data/PhysioNet2022/training_data/50231_MV.wav,1.0,0.978384
/tmp/unfreezing_ablation_frozen_60k0cium/data/PhysioNet2022/training_data/50231_PV.wav,1.0,0.98162466
/tmp/unfreezing_ablation_frozen_60k0cium/data/PhysioNet2022/training_data/50231_TV.wav,1.0,0.98273325
/tmp/unfreezing_ablation_frozen_60k0cium/data/PhysioNet2022/training_data/50233_AV.wav,1.0,0.994842
/tmp/unfreezing_ablation_frozen_60k0cium/data/PhysioNet2022/training_data/50233_MV.wav,1.0,0.9325043
/tmp/unfreezing_ablation_frozen_60k0cium/data/PhysioNet2022/training_data/50233_PV.wav,1.0,0.98625433
/tmp/unfreezing_ablation_frozen_60k0cium/data/PhysioNet2022/training_data/50233_TV.wav,1.0,0.9795141
/tmp/unfreezing_ablation_frozen_60k0cium/data/PhysioNet2022/training_data/50239_AV.wav,1.0,0.9935061
/tmp/unfreezing_ablation_frozen_60k0cium/data/PhysioNet2022/training_data/50239_MV.wav,1.0,0.9914806
/tmp/unfreezing_ablation_frozen_60k0cium/data/PhysioNet2022/training_data/50239_PV.wav,1.0,0.9995752
/tmp/unfreezing_ablation_frozen_60k0cium/data/PhysioNet2022/training_data/50239_TV.wav,1.0,0.9986016
/tmp/unfreezing_ablation_frozen_60k0cium/data/PhysioNet2022/training_data/50249_AV_1.wav,1.0,0.986896
/tmp/unfreezing_ablation_frozen_60k0cium/data/PhysioNet2022/training_data/50249_AV_2.wav,1.0,0.9991775
/tmp/unfreezing_ablation_frozen_60k0cium/data/PhysioNet2022/training_data/50249_MV.wav,1.0,0.9972107
/tmp/unfreezing_ablation_frozen_60k0cium/data/PhysioNet2022/training_data/50258_MV.wav,1.0,0.9984877
/tmp/unfreezing_ablation_frozen_60k0cium/data/PhysioNet2022/training_data/50258_PV.wav,1.0,0.96243304
/tmp/unfreezing_ablation_frozen_60k0cium/data/PhysioNet2022/training_data/50258_TV.wav,1.0,0.9992505
/tmp/unfreezing_ablation_frozen_60k0cium/data/PhysioNet2022/training_data/50261_AV.wav,1.0,0.996995
/tmp/unfreezing_ablation_frozen_60k0cium/data/PhysioNet2022/training_data/50261_MV.wav,1.0,0.99894303
/tmp/unfreezing_ablation_frozen_60k0cium/data/PhysioNet2022/training_data/50261_PV.wav,1.0,0.9995276
/tmp/unfreezing_ablation_frozen_60k0cium/data/PhysioNet2022/training_data/50261_TV.wav,1.0,0.99292904
/tmp/unfreezing_ablation_frozen_60k0cium/data/PhysioNet2022/training_data/50263_AV.wav,1.0,0.9992531
/tmp/unfreezing_ablation_frozen_60k0cium/data/PhysioNet2022/training_data/50263_MV.wav,1.0,0.9775244
/tmp/unfreezing_ablation_frozen_60k0cium/data/PhysioNet2022/training_data/50263_PV.wav,1.0,0.99770904
/tmp/unfreezing_ablation_frozen_60k0cium/data/PhysioNet2022/training_data/50263_TV_1.wav,1.0,0.9935587
/tmp/unfreezing_ablation_frozen_60k0cium/data/PhysioNet2022/training_data/50263_TV_2.wav,1.0,0.99299484
/tmp/unfreezing_ablation_frozen_60k0cium/data/PhysioNet2022/training_data/50277_AV.wav,1.0,0.9602319
/tmp/unfreezing_ablation_frozen_60k0cium/data/PhysioNet2022/training_data/50277_MV.wav,1.0,0.99878997
/tmp/unfreezing_ablation_frozen_60k0cium/data/PhysioNet2022/training_data/50277_PV.wav,1.0,0.9974789
/tmp/unfreezing_ablation_frozen_60k0cium/data/PhysioNet2022/training_data/50277_TV.wav,1.0,0.980903
/tmp/unfreezing_ablation_frozen_60k0cium/data/PhysioNet2022/training_data/50278_AV.wav,1.0,0.99546427
/tmp/unfreezing_ablation_frozen_60k0cium/data/PhysioNet2022/training_data/50278_MV.wav,1.0,0.99956495
/tmp/unfreezing_ablation_frozen_60k0cium/data/PhysioNet2022/training_data/50278_PV.wav,1.0,0.99974793
/tmp/unfreezing_ablation_frozen_60k0cium/data/PhysioNet2022/training_data/50278_TV.wav,1.0,0.96936
/tmp/unfreezing_ablation_frozen_60k0cium/data/PhysioNet2022/training_data/50280_AV.wav,1.0,0.9777905
/tmp/unfreezing_ablation_frozen_60k0cium/data/PhysioNet2022/training_data/50280_PV.wav,1.0,0.9274796
/tmp/unfreezing_ablation_frozen_60k0cium/data/PhysioNet2022/training_data/50280_TV.wav,1.0,0.8024483
/tmp/unfreezing_ablation_frozen_60k0cium/data/PhysioNet2022/training_data/50281_MV.wav,1.0,0.85166264
/tmp/unfreezing_ablation_frozen_60k0cium/data/PhysioNet2022/training_data/50281_PV.wav,1.0,0.99660325
/tmp/unfreezing_ablation_frozen_60k0cium/data/PhysioNet2022/training_data/50281_TV.wav,1.0,0.9894884
/tmp/unfreezing_ablation_frozen_60k0cium/data/PhysioNet2022/training_data/50289_AV.wav,1.0,0.99771297
/tmp/unfreezing_ablation_frozen_60k0cium/data/PhysioNet2022/training_data/50289_MV.wav,1.0,0.99663615
/tmp/unfreezing_ablation_frozen_60k0cium/data/PhysioNet2022/training_data/50289_PV.wav,1.0,0.99077225
/tmp/unfreezing_ablation_frozen_60k0cium/data/PhysioNet2022/training_data/50289_TV.wav,1.0,0.9975713
/tmp/unfreezing_ablation_frozen_60k0cium/data/PhysioNet2022/training_data/50298_MV.wav,1.0,0.993453
/tmp/unfreezing_ablation_frozen_60k0cium/data/PhysioNet2022/training_data/50298_PV.wav,1.0,0.39903492
/tmp/unfreezing_ablation_frozen_60k0cium/data/PhysioNet2022/training_data/50298_TV.wav,1.0,0.9997223
/tmp/unfreezing_ablation_frozen_60k0cium/data/PhysioNet2022/training_data/50299_AV.wav,1.0,0.9978871
/tmp/unfreezing_ablation_frozen_60k0cium/data/PhysioNet2022/training_data/50299_MV.wav,1.0,0.9900185
/tmp/unfreezing_ablation_frozen_60k0cium/data/PhysioNet2022/training_data/50299_PV.wav,1.0,0.99771994
/tmp/unfreezing_ablation_frozen_60k0cium/data/PhysioNet2022/training_data/50299_TV.wav,1.0,0.99331784
/tmp/unfreezing_ablation_frozen_60k0cium/data/PhysioNet2022/training_data/50300_AV.wav,1.0,0.9787204
/tmp/unfreezing_ablation_frozen_60k0cium/data/PhysioNet2022/training_data/50300_MV.wav,1.0,0.99952126
/tmp/unfreezing_ablation_frozen_60k0cium/data/PhysioNet2022/training_data/50312_AV.wav,1.0,0.99633336
/tmp/unfreezing_ablation_frozen_60k0cium/data/PhysioNet2022/training_data/50312_MV.wav,1.0,0.9926737
/tmp/unfreezing_ablation_frozen_60k0cium/data/PhysioNet2022/training_data/50312_PV.wav,1.0,0.96294516
/tmp/unfreezing_ablation_frozen_60k0cium/data/PhysioNet2022/training_data/50312_TV.wav,1.0,0.99279517
/tmp/unfreezing_ablation_frozen_60k0cium/data/PhysioNet2022/training_data/50318_AV.wav,1.0,0.9060331
/tmp/unfreezing_ablation_frozen_60k0cium/data/PhysioNet2022/training_data/50318_MV.wav,1.0,0.9939766
/tmp/unfreezing_ablation_frozen_60k0cium/data/PhysioNet2022/training_data/50318_PV.wav,1.0,0.99868697
/tmp/unfreezing_ablation_frozen_60k0cium/data/PhysioNet2022/training_data/50318_TV.wav,1.0,0.99363834
/tmp/unfreezing_ablation_frozen_60k0cium/data/PhysioNet2022/training_data/50326_AV.wav,1.0,0.4756884
/tmp/unfreezing_ablation_frozen_60k0cium/data/PhysioNet2022/training_data/50326_MV.wav,1.0,0.99559456
/tmp/unfreezing_ablation_frozen_60k0cium/data/PhysioNet2022/training_data/50326_PV.wav,1.0,0.99267334
/tmp/unfreezing_ablation_frozen_60k0cium/data/PhysioNet2022/training_data/50326_TV.wav,1.0,0.9959413
/tmp/unfreezing_ablation_frozen_60k0cium/data/PhysioNet2022/training_data/50330_AV.wav,1.0,0.9995171
/tmp/unfreezing_ablation_frozen_60k0cium/data/PhysioNet2022/training_data/50330_MV.wav,1.0,0.99664307
/tmp/unfreezing_ablation_frozen_60k0cium/data/PhysioNet2022/training_data/50331_AV.wav,1.0,0.9948225
/tmp/unfreezing_ablation_frozen_60k0cium/data/PhysioNet2022/training_data/50331_MV.wav,1.0,0.997171
/tmp/unfreezing_ablation_frozen_60k0cium/data/PhysioNet2022/training_data/50331_PV.wav,1.0,0.9096973
/tmp/unfreezing_ablation_frozen_60k0cium/data/PhysioNet2022/training_data/50331_TV.wav,1.0,0.9885744
/tmp/unfreezing_ablation_frozen_60k0cium/data/PhysioNet2022/training_data/50335_AV.wav,1.0,0.99695766
/tmp/unfreezing_ablation_frozen_60k0cium/data/PhysioNet2022/training_data/50335_MV.wav,1.0,0.998596
/tmp/unfreezing_ablation_frozen_60k0cium/data/PhysioNet2022/training_data/50339_AV.wav,1.0,0.99337995
/tmp/unfreezing_ablation_frozen_60k0cium/data/PhysioNet2022/training_data/50339_MV.wav,1.0,0.9970893
/tmp/unfreezing_ablation_frozen_60k0cium/data/PhysioNet2022/training_data/50339_PV.wav,1.0,0.9095388
/tmp/unfreezing_ablation_frozen_60k0cium/data/PhysioNet2022/training_data/50339_TV.wav,1.0,0.99067724
/tmp/unfreezing_ablation_frozen_60k0cium/data/PhysioNet2022/training_data/50343_AV.wav,1.0,0.9942958
/tmp/unfreezing_ablation_frozen_60k0cium/data/PhysioNet2022/training_data/50343_MV.wav,1.0,0.93404317
/tmp/unfreezing_ablation_frozen_60k0cium/data/PhysioNet2022/training_data/50343_PV.wav,1.0,0.9862279
/tmp/unfreezing_ablation_frozen_60k0cium/data/PhysioNet2022/training_data/50343_TV.wav,1.0,0.9924354
/tmp/unfreezing_ablation_frozen_60k0cium/data/PhysioNet2022/training_data/50349_AV.wav,1.0,0.9362033
/tmp/unfreezing_ablation_frozen_60k0cium/data/PhysioNet2022/training_data/50349_MV.wav,1.0,0.99959284
/tmp/unfreezing_ablation_frozen_60k0cium/data/PhysioNet2022/training_data/50349_PV.wav,1.0,0.8941829
/tmp/unfreezing_ablation_frozen_60k0cium/data/PhysioNet2022/training_data/50349_TV.wav,1.0,0.82026774
/tmp/unfreezing_ablation_frozen_60k0cium/data/PhysioNet2022/training_data/50379_AV.wav,1.0,0.99974614
/tmp/unfreezing_ablation_frozen_60k0cium/data/PhysioNet2022/training_data/50379_MV.wav,1.0,0.99113816
/tmp/unfreezing_ablation_frozen_60k0cium/data/PhysioNet2022/training_data/50379_PV.wav,1.0,0.9477244
/tmp/unfreezing_ablation_frozen_60k0cium/data/PhysioNet2022/training_data/50379_TV.wav,1.0,0.9919594
/tmp/unfreezing_ablation_frozen_60k0cium/data/PhysioNet2022/training_data/50391_MV.wav,1.0,0.935308
/tmp/unfreezing_ablation_frozen_60k0cium/data/PhysioNet2022/training_data/50391_PV.wav,1.0,0.9942268
/tmp/unfreezing_ablation_frozen_60k0cium/data/PhysioNet2022/training_data/50391_TV.wav,1.0,0.9988726
/tmp/unfreezing_ablation_frozen_60k0cium/data/PhysioNet2022/training_data/50619_AV.wav,1.0,0.99954873
/tmp/unfreezing_ablation_frozen_60k0cium/data/PhysioNet2022/training_data/50619_MV.wav,1.0,0.9995066
/tmp/unfreezing_ablation_frozen_60k0cium/data/PhysioNet2022/training_data/50619_PV.wav,1.0,0.99569535
/tmp/unfreezing_ablation_frozen_60k0cium/data/PhysioNet2022/training_data/50619_TV.wav,1.0,0.99717903
/tmp/unfreezing_ablation_frozen_60k0cium/data/PhysioNet2022/training_data/50621_PV.wav,1.0,0.98977685
/tmp/unfreezing_ablation_frozen_60k0cium/data/PhysioNet2022/training_data/50631_AV.wav,1.0,0.66694796
/tmp/unfreezing_ablation_frozen_60k0cium/data/PhysioNet2022/training_data/50631_MV.wav,1.0,0.9783528
/tmp/unfreezing_ablation_frozen_60k0cium/data/PhysioNet2022/training_data/50641_MV.wav,1.0,0.9994605
/tmp/unfreezing_ablation_frozen_60k0cium/data/PhysioNet2022/training_data/50641_PV.wav,1.0,0.9986345
/tmp/unfreezing_ablation_frozen_60k0cium/data/PhysioNet2022/training_data/50641_TV.wav,1.0,0.9980275
/tmp/unfreezing_ablation_frozen_60k0cium/data/PhysioNet2022/training_data/50647_AV.wav,1.0,0.9988502
/tmp/unfreezing_ablation_frozen_60k0cium/data/PhysioNet2022/training_data/50647_MV.wav,1.0,0.99249905
/tmp/unfreezing_ablation_frozen_60k0cium/data/PhysioNet2022/training_data/50647_PV.wav,1.0,0.9878626
/tmp/unfreezing_ablation_frozen_60k0cium/data/PhysioNet2022/training_data/50647_TV.wav,1.0,0.9941572
/tmp/unfreezing_ablation_frozen_60k0cium/data/PhysioNet2022/training_data/50652_AV.wav,1.0,0.99352384
/tmp/unfreezing_ablation_frozen_60k0cium/data/PhysioNet2022/training_data/50652_MV.wav,1.0,0.98089117
/tmp/unfreezing_ablation_frozen_60k0cium/data/PhysioNet2022/training_data/50655_AV.wav,1.0,0.9935161
/tmp/unfreezing_ablation_frozen_60k0cium/data/PhysioNet2022/training_data/50655_MV.wav,1.0,0.9624601
/tmp/unfreezing_ablation_frozen_60k0cium/data/PhysioNet2022/training_data/50667_AV.wav,1.0,0.99858665
/tmp/unfreezing_ablation_frozen_60k0cium/data/PhysioNet2022/training_data/50667_MV.wav,1.0,0.99881977
/tmp/unfreezing_ablation_frozen_60k0cium/data/PhysioNet2022/training_data/50667_PV.wav,1.0,0.9940059
/tmp/unfreezing_ablation_frozen_60k0cium/data/PhysioNet2022/training_data/50667_TV.wav,1.0,0.99716824
/tmp/unfreezing_ablation_frozen_60k0cium/data/PhysioNet2022/training_data/50676_AV.wav,1.0,0.99234664
/tmp/unfreezing_ablation_frozen_60k0cium/data/PhysioNet2022/training_data/50676_MV.wav,1.0,0.99200624
/tmp/unfreezing_ablation_frozen_60k0cium/data/PhysioNet2022/training_data/50676_PV.wav,1.0,0.99253476
/tmp/unfreezing_ablation_frozen_60k0cium/data/PhysioNet2022/training_data/50676_TV.wav,1.0,0.9976956
/tmp/unfreezing_ablation_frozen_60k0cium/data/PhysioNet2022/training_data/50689_AV.wav,1.0,0.98056245
/tmp/unfreezing_ablation_frozen_60k0cium/data/PhysioNet2022/training_data/50689_MV.wav,1.0,0.99925846
/tmp/unfreezing_ablation_frozen_60k0cium/data/PhysioNet2022/training_data/50689_PV.wav,1.0,0.9867308
/tmp/unfreezing_ablation_frozen_60k0cium/data/PhysioNet2022/training_data/50689_TV.wav,1.0,0.98545384
/tmp/unfreezing_ablation_frozen_60k0cium/data/PhysioNet2022/training_data/50691_AV.wav,1.0,0.974355
/tmp/unfreezing_ablation_frozen_60k0cium/data/PhysioNet2022/training_data/50691_MV.wav,1.0,0.99920976
/tmp/unfreezing_ablation_frozen_60k0cium/data/PhysioNet2022/training_data/50691_PV.wav,1.0,0.8775618
/tmp/unfreezing_ablation_frozen_60k0cium/data/PhysioNet2022/training_data/50691_TV.wav,1.0,0.99398583
/tmp/unfreezing_ablation_frozen_60k0cium/data/PhysioNet2022/training_data/50707_AV.wav,1.0,0.99682283
/tmp/unfreezing_ablation_frozen_60k0cium/data/PhysioNet2022/training_data/50707_MV.wav,1.0,0.9934215
/tmp/unfreezing_ablation_frozen_60k0cium/data/PhysioNet2022/training_data/50707_TV.wav,1.0,0.9993235
/tmp/unfreezing_ablation_frozen_60k0cium/data/PhysioNet2022/training_data/50713_AV.wav,1.0,0.94029754
/tmp/unfreezing_ablation_frozen_60k0cium/data/PhysioNet2022/training_data/50713_MV.wav,1.0,0.98482
/tmp/unfreezing_ablation_frozen_60k0cium/data/PhysioNet2022/training_data/50713_PV.wav,1.0,0.9516271
/tmp/unfreezing_ablation_frozen_60k0cium/data/PhysioNet2022/training_data/50713_TV.wav,1.0,0.89094204
/tmp/unfreezing_ablation_frozen_60k0cium/data/PhysioNet2022/training_data/50720_AV.wav,1.0,0.99818254
/tmp/unfreezing_ablation_frozen_60k0cium/data/PhysioNet2022/training_data/50720_MV.wav,1.0,0.9934744
/tmp/unfreezing_ablation_frozen_60k0cium/data/PhysioNet2022/training_data/50721_AV.wav,1.0,0.9347177
/tmp/unfreezing_ablation_frozen_60k0cium/data/PhysioNet2022/training_data/50721_MV.wav,1.0,0.9818731
/tmp/unfreezing_ablation_frozen_60k0cium/data/PhysioNet2022/training_data/50721_PV.wav,1.0,0.9977984
/tmp/unfreezing_ablation_frozen_60k0cium/data/PhysioNet2022/training_data/50721_TV.wav,1.0,0.94631654
/tmp/unfreezing_ablation_frozen_60k0cium/data/PhysioNet2022/training_data/50736_AV.wav,1.0,0.9955805
/tmp/unfreezing_ablation_frozen_60k0cium/data/PhysioNet2022/training_data/50736_PV.wav,1.0,0.9954051
/tmp/unfreezing_ablation_frozen_60k0cium/data/PhysioNet2022/training_data/50736_TV.wav,1.0,0.9918298
/tmp/unfreezing_ablation_frozen_60k0cium/data/PhysioNet2022/training_data/50746_AV.wav,1.0,0.99507445
/tmp/unfreezing_ablation_frozen_60k0cium/data/PhysioNet2022/training_data/50746_MV.wav,1.0,0.99525553
/tmp/unfreezing_ablation_frozen_60k0cium/data/PhysioNet2022/training_data/50746_PV.wav,1.0,0.84325516
/tmp/unfreezing_ablation_frozen_60k0cium/data/PhysioNet2022/training_data/50746_TV.wav,1.0,0.9959657
/tmp/unfreezing_ablation_frozen_60k0cium/data/PhysioNet2022/training_data/50753_AV.wav,1.0,0.99169296
/tmp/unfreezing_ablation_frozen_60k0cium/data/PhysioNet2022/training_data/50753_MV.wav,1.0,0.98394334
/tmp/unfreezing_ablation_frozen_60k0cium/data/PhysioNet2022/training_data/50753_PV.wav,1.0,0.9926398
/tmp/unfreezing_ablation_frozen_60k0cium/data/PhysioNet2022/training_data/50753_TV.wav,1.0,0.99748766
/tmp/unfreezing_ablation_frozen_60k0cium/data/PhysioNet2022/training_data/50754_AV.wav,1.0,0.99862814
/tmp/unfreezing_ablation_frozen_60k0cium/data/PhysioNet2022/training_data/50754_MV.wav,1.0,0.9965352
/tmp/unfreezing_ablation_frozen_60k0cium/data/PhysioNet2022/training_data/50754_PV.wav,1.0,0.9888009
/tmp/unfreezing_ablation_frozen_60k0cium/data/PhysioNet2022/training_data/50754_TV.wav,1.0,0.9995004
/tmp/unfreezing_ablation_frozen_60k0cium/data/PhysioNet2022/training_data/50758_AV.wav,1.0,0.9944193
/tmp/unfreezing_ablation_frozen_60k0cium/data/PhysioNet2022/training_data/50758_MV.wav,1.0,0.97864175
/tmp/unfreezing_ablation_frozen_60k0cium/data/PhysioNet2022/training_data/50758_PV.wav,1.0,0.95957536
/tmp/unfreezing_ablation_frozen_60k0cium/data/PhysioNet2022/training_data/50758_TV.wav,1.0,0.98902905
/tmp/unfreezing_ablation_frozen_60k0cium/data/PhysioNet2022/training_data/50763_AV.wav,1.0,0.9961527
/tmp/unfreezing_ablation_frozen_60k0cium/data/PhysioNet2022/training_data/50763_MV.wav,1.0,0.99632347
/tmp/unfreezing_ablation_frozen_60k0cium/data/PhysioNet2022/training_data/50763_PV.wav,1.0,0.9981883
/tmp/unfreezing_ablation_frozen_60k0cium/data/PhysioNet2022/training_data/50763_TV.wav,1.0,0.9777225
/tmp/unfreezing_ablation_frozen_60k0cium/data/PhysioNet2022/training_data/50766_AV.wav,1.0,0.99583626
/tmp/unfreezing_ablation_frozen_60k0cium/data/PhysioNet2022/training_data/50766_MV.wav,1.0,0.9917498
/tmp/unfreezing_ablation_frozen_60k0cium/data/PhysioNet2022/training_data/50766_PV.wav,1.0,0.84784174
/tmp/unfreezing_ablation_frozen_60k0cium/data/PhysioNet2022/training_data/50766_TV.wav,1.0,0.9952127
/tmp/unfreezing_ablation_frozen_60k0cium/data/PhysioNet2022/training_data/50773_AV.wav,1.0,0.9920792
/tmp/unfreezing_ablation_frozen_60k0cium/data/PhysioNet2022/training_data/50773_MV.wav,1.0,0.99812573
/tmp/unfreezing_ablation_frozen_60k0cium/data/PhysioNet2022/training_data/50773_PV.wav,1.0,0.9775745
/tmp/unfreezing_ablation_frozen_60k0cium/data/PhysioNet2022/training_data/50773_TV.wav,1.0,0.94580317
/tmp/unfreezing_ablation_frozen_60k0cium/data/PhysioNet2022/training_data/50774_AV.wav,1.0,0.92128545
/tmp/unfreezing_ablation_frozen_60k0cium/data/PhysioNet2022/training_data/50774_MV.wav,1.0,0.9995303
/tmp/unfreezing_ablation_frozen_60k0cium/data/PhysioNet2022/training_data/50774_TV.wav,1.0,0.9888073
/tmp/unfreezing_ablation_frozen_60k0cium/data/PhysioNet2022/training_data/50776_PV.wav,1.0,0.9722129
/tmp/unfreezing_ablation_frozen_60k0cium/data/PhysioNet2022/training_data/50781_AV.wav,1.0,0.99828905
/tmp/unfreezing_ablation_frozen_60k0cium/data/PhysioNet2022/training_data/50781_MV.wav,1.0,0.9989536
/tmp/unfreezing_ablation_frozen_60k0cium/data/PhysioNet2022/training_data/50781_PV.wav,1.0,0.98681486
/tmp/unfreezing_ablation_frozen_60k0cium/data/PhysioNet2022/training_data/50781_TV.wav,1.0,0.99717015
/tmp/unfreezing_ablation_frozen_60k0cium/data/PhysioNet2022/training_data/50784_AV.wav,1.0,0.9970951
/tmp/unfreezing_ablation_frozen_60k0cium/data/PhysioNet2022/training_data/50784_MV.wav,1.0,0.9982734
/tmp/unfreezing_ablation_frozen_60k0cium/data/PhysioNet2022/training_data/50784_PV.wav,1.0,0.9831959
/tmp/unfreezing_ablation_frozen_60k0cium/data/PhysioNet2022/training_data/50784_TV.wav,1.0,0.99928325
/tmp/unfreezing_ablation_frozen_60k0cium/data/PhysioNet2022/training_data/50788_AV.wav,1.0,0.99743384
/tmp/unfreezing_ablation_frozen_60k0cium/data/PhysioNet2022/training_data/50788_MV.wav,1.0,0.9943995
/tmp/unfreezing_ablation_frozen_60k0cium/data/PhysioNet2022/training_data/50788_PV.wav,1.0,0.9917951
/tmp/unfreezing_ablation_frozen_60k0cium/data/PhysioNet2022/training_data/50788_TV.wav,1.0,0.9585767
/tmp/unfreezing_ablation_frozen_60k0cium/data/PhysioNet2022/training_data/50789_AV.wav,1.0,0.99748296
/tmp/unfreezing_ablation_frozen_60k0cium/data/PhysioNet2022/training_data/50789_MV.wav,1.0,0.993926
/tmp/unfreezing_ablation_frozen_60k0cium/data/PhysioNet2022/training_data/50789_PV.wav,1.0,0.98475456
/tmp/unfreezing_ablation_frozen_60k0cium/data/PhysioNet2022/training_data/50789_TV.wav,1.0,0.99328184
/tmp/unfreezing_ablation_frozen_60k0cium/data/PhysioNet2022/training_data/50797_AV.wav,1.0,0.9560287
/tmp/unfreezing_ablation_frozen_60k0cium/data/PhysioNet2022/training_data/50797_MV.wav,1.0,0.99930286
/tmp/unfreezing_ablation_frozen_60k0cium/data/PhysioNet2022/training_data/50797_PV.wav,1.0,0.9952597
/tmp/unfreezing_ablation_frozen_60k0cium/data/PhysioNet2022/training_data/50797_TV.wav,1.0,0.97604454
/tmp/unfreezing_ablation_frozen_60k0cium/data/PhysioNet2022/training_data/50802_AV.wav,1.0,0.99075514
/tmp/unfreezing_ablation_frozen_60k0cium/data/PhysioNet2022/training_data/50802_MV.wav,1.0,0.9953376
/tmp/unfreezing_ablation_frozen_60k0cium/data/PhysioNet2022/training_data/50802_PV.wav,1.0,0.99923027
/tmp/unfreezing_ablation_frozen_60k0cium/data/PhysioNet2022/training_data/50802_TV_1.wav,1.0,0.9827382
/tmp/unfreezing_ablation_frozen_60k0cium/data/PhysioNet2022/training_data/50802_TV_2.wav,1.0,0.9210357
/tmp/unfreezing_ablation_frozen_60k0cium/data/PhysioNet2022/training_data/50803_AV.wav,1.0,0.9977229
/tmp/unfreezing_ablation_frozen_60k0cium/data/PhysioNet2022/training_data/50803_MV.wav,1.0,0.97434616
/tmp/unfreezing_ablation_frozen_60k0cium/data/PhysioNet2022/training_data/50803_PV.wav,1.0,0.99504435
/tmp/unfreezing_ablation_frozen_60k0cium/data/PhysioNet2022/training_data/50803_TV.wav,1.0,0.9966633
/tmp/unfreezing_ablation_frozen_60k0cium/data/PhysioNet2022/training_data/50805_MV.wav,1.0,0.99976164
/tmp/unfreezing_ablation_frozen_60k0cium/data/PhysioNet2022/training_data/50805_PV.wav,1.0,0.998692
/tmp/unfreezing_ablation_frozen_60k0cium/data/PhysioNet2022/training_data/50805_TV.wav,1.0,0.99771094
/tmp/unfreezing_ablation_frozen_60k0cium/data/PhysioNet2022/training_data/50807_AV.wav,1.0,0.98249555
/tmp/unfreezing_ablation_frozen_60k0cium/data/PhysioNet2022/training_data/50807_MV.wav,1.0,0.99945456
/tmp/unfreezing_ablation_frozen_60k0cium/data/PhysioNet2022/training_data/50807_PV.wav,1.0,0.9821983
/tmp/unfreezing_ablation_frozen_60k0cium/data/PhysioNet2022/training_data/50807_TV.wav,1.0,0.99408156
/tmp/unfreezing_ablation_frozen_60k0cium/data/PhysioNet2022/training_data/50818_AV.wav,1.0,0.99014753
/tmp/unfreezing_ablation_frozen_60k0cium/data/PhysioNet2022/training_data/50818_MV.wav,1.0,0.99927646
/tmp/unfreezing_ablation_frozen_60k0cium/data/PhysioNet2022/training_data/50818_PV.wav,1.0,0.9967591
/tmp/unfreezing_ablation_frozen_60k0cium/data/PhysioNet2022/training_data/50818_TV.wav,1.0,0.9966557
/tmp/unfreezing_ablation_frozen_60k0cium/data/PhysioNet2022/training_data/50826_AV.wav,1.0,0.9866833
/tmp/unfreezing_ablation_frozen_60k0cium/data/PhysioNet2022/training_data/50826_MV.wav,1.0,0.9986436
/tmp/unfreezing_ablation_frozen_60k0cium/data/PhysioNet2022/training_data/50826_PV.wav,1.0,0.98881257
/tmp/unfreezing_ablation_frozen_60k0cium/data/PhysioNet2022/training_data/50826_TV.wav,1.0,0.99833953
/tmp/unfreezing_ablation_frozen_60k0cium/data/PhysioNet2022/training_data/51331_AV.wav,1.0,0.7742041
/tmp/unfreezing_ablation_frozen_60k0cium/data/PhysioNet2022/training_data/51331_MV.wav,1.0,0.9986815
/tmp/unfreezing_ablation_frozen_60k0cium/data/PhysioNet2022/training_data/51331_PV.wav,1.0,0.996705
/tmp/unfreezing_ablation_frozen_60k0cium/data/PhysioNet2022/training_data/51331_TV.wav,1.0,0.99027973
/tmp/unfreezing_ablation_frozen_60k0cium/data/PhysioNet2022/training_data/55945_AV.wav,1.0,0.9955929
/tmp/unfreezing_ablation_frozen_60k0cium/data/PhysioNet2022/training_data/55945_MV.wav,1.0,0.9991223
/tmp/unfreezing_ablation_frozen_60k0cium/data/PhysioNet2022/training_data/55945_PV.wav,1.0,0.9992812
/tmp/unfreezing_ablation_frozen_60k0cium/data/PhysioNet2022/training_data/55945_TV.wav,1.0,0.976428
/tmp/unfreezing_ablation_frozen_60k0cium/data/PhysioNet2022/training_data/57700_MV.wav,1.0,0.99395496
/tmp/unfreezing_ablation_frozen_60k0cium/data/PhysioNet2022/training_data/57700_PV.wav,1.0,0.9908998
/tmp/unfreezing_ablation_frozen_60k0cium/data/PhysioNet2022/training_data/57700_TV.wav,1.0,0.89677644
/tmp/unfreezing_ablation_frozen_60k0cium/data/PhysioNet2022/training_data/61117_AV.wav,1.0,0.9969126
/tmp/unfreezing_ablation_frozen_60k0cium/data/PhysioNet2022/training_data/61117_MV.wav,1.0,0.94980055
/tmp/unfreezing_ablation_frozen_60k0cium/data/PhysioNet2022/training_data/61117_PV.wav,1.0,0.9965044
/tmp/unfreezing_ablation_frozen_60k0cium/data/PhysioNet2022/training_data/61117_TV.wav,1.0,0.9265153
/tmp/unfreezing_ablation_frozen_60k0cium/data/PhysioNet2022/training_data/61610_AV.wav,1.0,0.984726
/tmp/unfreezing_ablation_frozen_60k0cium/data/PhysioNet2022/training_data/61610_MV.wav,1.0,0.99752265
/tmp/unfreezing_ablation_frozen_60k0cium/data/PhysioNet2022/training_data/61610_PV.wav,1.0,0.9787821
/tmp/unfreezing_ablation_frozen_60k0cium/data/PhysioNet2022/training_data/61610_TV.wav,1.0,0.9908215
/tmp/unfreezing_ablation_frozen_60k0cium/data/PhysioNet2022/training_data/63581_AV.wav,1.0,0.74312717
/tmp/unfreezing_ablation_frozen_60k0cium/data/PhysioNet2022/training_data/63581_MV.wav,1.0,0.9975134
/tmp/unfreezing_ablation_frozen_60k0cium/data/PhysioNet2022/training_data/63581_PV.wav,1.0,0.9886246
/tmp/unfreezing_ablation_frozen_60k0cium/data/PhysioNet2022/training_data/63581_TV.wav,1.0,0.9977429
/tmp/unfreezing_ablation_frozen_60k0cium/data/PhysioNet2022/training_data/68194_AV.wav,1.0,0.95590127
/tmp/unfreezing_ablation_frozen_60k0cium/data/PhysioNet2022/training_data/68194_MV.wav,1.0,0.9972824
/tmp/unfreezing_ablation_frozen_60k0cium/data/PhysioNet2022/training_data/68194_PV.wav,1.0,0.8785747
/tmp/unfreezing_ablation_frozen_60k0cium/data/PhysioNet2022/training_data/68194_TV.wav,1.0,0.9708754
/tmp/unfreezing_ablation_frozen_60k0cium/data/PhysioNet2022/training_data/68279_MV.wav,1.0,0.9989297
/tmp/unfreezing_ablation_frozen_60k0cium/data/PhysioNet2022/training_data/68279_PV.wav,1.0,0.92668444
/tmp/unfreezing_ablation_frozen_60k0cium/data/PhysioNet2022/training_data/68279_TV.wav,1.0,0.9992569
/tmp/unfreezing_ablation_frozen_60k0cium/data/PhysioNet2022/training_data/68303_AV.wav,1.0,0.9588956
/tmp/unfreezing_ablation_frozen_60k0cium/data/PhysioNet2022/training_data/68303_MV.wav,1.0,0.9996006
/tmp/unfreezing_ablation_frozen_60k0cium/data/PhysioNet2022/training_data/68303_PV.wav,1.0,0.888606
/tmp/unfreezing_ablation_frozen_60k0cium/data/PhysioNet2022/training_data/68303_TV.wav,1.0,0.9815283
/tmp/unfreezing_ablation_frozen_60k0cium/data/PhysioNet2022/training_data/68318_AV.wav,1.0,0.96385664
/tmp/unfreezing_ablation_frozen_60k0cium/data/PhysioNet2022/training_data/68318_MV.wav,1.0,0.96487594
/tmp/unfreezing_ablation_frozen_60k0cium/data/PhysioNet2022/training_data/68318_PV.wav,1.0,0.84935147
/tmp/unfreezing_ablation_frozen_60k0cium/data/PhysioNet2022/training_data/68318_TV.wav,1.0,0.9982718
/tmp/unfreezing_ablation_frozen_60k0cium/data/PhysioNet2022/training_data/68394_MV.wav,1.0,0.99274796
/tmp/unfreezing_ablation_frozen_60k0cium/data/PhysioNet2022/training_data/68394_PV.wav,1.0,0.89008796
/tmp/unfreezing_ablation_frozen_60k0cium/data/PhysioNet2022/training_data/68404_MV.wav,1.0,0.99212
/tmp/unfreezing_ablation_frozen_60k0cium/data/PhysioNet2022/training_data/68404_PV.wav,1.0,0.30001628
/tmp/unfreezing_ablation_frozen_60k0cium/data/PhysioNet2022/training_data/68404_TV.wav,1.0,0.97312635
/tmp/unfreezing_ablation_frozen_60k0cium/data/PhysioNet2022/training_data/68406_AV.wav,1.0,0.99607843
/tmp/unfreezing_ablation_frozen_60k0cium/data/PhysioNet2022/training_data/68406_MV.wav,1.0,0.99864763
/tmp/unfreezing_ablation_frozen_60k0cium/data/PhysioNet2022/training_data/68406_PV.wav,1.0,0.9994869
/tmp/unfreezing_ablation_frozen_60k0cium/data/PhysioNet2022/training_data/68406_TV.wav,1.0,0.9823827
/tmp/unfreezing_ablation_frozen_60k0cium/data/PhysioNet2022/training_data/68413_AV.wav,1.0,0.96941984
/tmp/unfreezing_ablation_frozen_60k0cium/data/PhysioNet2022/training_data/68413_MV.wav,1.0,0.99663794
/tmp/unfreezing_ablation_frozen_60k0cium/data/PhysioNet2022/training_data/68413_PV.wav,1.0,0.9553769
/tmp/unfreezing_ablation_frozen_60k0cium/data/PhysioNet2022/training_data/68413_TV.wav,1.0,0.89041466
/tmp/unfreezing_ablation_frozen_60k0cium/data/PhysioNet2022/training_data/68419_AV.wav,1.0,0.9868476
/tmp/unfreezing_ablation_frozen_60k0cium/data/PhysioNet2022/training_data/68419_MV.wav,1.0,0.9979557
/tmp/unfreezing_ablation_frozen_60k0cium/data/PhysioNet2022/training_data/68419_PV.wav,1.0,0.98695767
/tmp/unfreezing_ablation_frozen_60k0cium/data/PhysioNet2022/training_data/68419_TV.wav,1.0,0.99715364
/tmp/unfreezing_ablation_frozen_60k0cium/data/PhysioNet2022/training_data/68423_AV.wav,1.0,0.37521163
/tmp/unfreezing_ablation_frozen_60k0cium/data/PhysioNet2022/training_data/68423_MV.wav,1.0,0.8493277
/tmp/unfreezing_ablation_frozen_60k0cium/data/PhysioNet2022/training_data/68423_PV.wav,1.0,0.58940667
/tmp/unfreezing_ablation_frozen_60k0cium/data/PhysioNet2022/training_data/68423_TV.wav,1.0,0.6777557
/tmp/unfreezing_ablation_frozen_60k0cium/data/PhysioNet2022/training_data/68425_AV.wav,1.0,0.9605732
/tmp/unfreezing_ablation_frozen_60k0cium/data/PhysioNet2022/training_data/68425_MV.wav,1.0,0.98987585
/tmp/unfreezing_ablation_frozen_60k0cium/data/PhysioNet2022/training_data/68425_PV.wav,1.0,0.9979007
/tmp/unfreezing_ablation_frozen_60k0cium/data/PhysioNet2022/training_data/68425_TV.wav,1.0,0.96655375
/tmp/unfreezing_ablation_frozen_60k0cium/data/PhysioNet2022/training_data/68431_AV.wav,1.0,0.99944705
/tmp/unfreezing_ablation_frozen_60k0cium/data/PhysioNet2022/training_data/68431_MV.wav,1.0,0.9998455
/tmp/unfreezing_ablation_frozen_60k0cium/data/PhysioNet2022/training_data/68431_PV.wav,1.0,0.9973707
/tmp/unfreezing_ablation_frozen_60k0cium/data/PhysioNet2022/training_data/68431_TV.wav,1.0,0.9958261
/tmp/unfreezing_ablation_frozen_60k0cium/data/PhysioNet2022/training_data/68436_AV.wav,1.0,0.94060713
/tmp/unfreezing_ablation_frozen_60k0cium/data/PhysioNet2022/training_data/68436_MV.wav,1.0,0.88424426
/tmp/unfreezing_ablation_frozen_60k0cium/data/PhysioNet2022/training_data/68436_PV.wav,1.0,0.8718038
/tmp/unfreezing_ablation_frozen_60k0cium/data/PhysioNet2022/training_data/68436_TV.wav,1.0,0.9630241
/tmp/unfreezing_ablation_frozen_60k0cium/data/PhysioNet2022/training_data/68465_AV.wav,1.0,0.9521807
/tmp/unfreezing_ablation_frozen_60k0cium/data/PhysioNet2022/training_data/68465_MV.wav,1.0,0.99827945
/tmp/unfreezing_ablation_frozen_60k0cium/data/PhysioNet2022/training_data/68465_PV.wav,1.0,0.9728674
/tmp/unfreezing_ablation_frozen_60k0cium/data/PhysioNet2022/training_data/68465_TV.wav,1.0,0.887963
/tmp/unfreezing_ablation_frozen_60k0cium/data/PhysioNet2022/training_data/68470_MV.wav,1.0,0.98602575
/tmp/unfreezing_ablation_frozen_60k0cium/data/PhysioNet2022/training_data/68470_TV.wav,1.0,0.95171034
/tmp/unfreezing_ablation_frozen_60k0cium/data/PhysioNet2022/training_data/68478_AV.wav,1.0,0.97886616
/tmp/unfreezing_ablation_frozen_60k0cium/data/PhysioNet2022/training_data/68478_MV.wav,1.0,0.9961515
/tmp/unfreezing_ablation_frozen_60k0cium/data/PhysioNet2022/training_data/68478_PV.wav,1.0,0.9955825
/tmp/unfreezing_ablation_frozen_60k0cium/data/PhysioNet2022/training_data/68478_TV.wav,1.0,0.99877566
/tmp/unfreezing_ablation_frozen_60k0cium/data/PhysioNet2022/training_data/68482_AV.wav,1.0,0.9952211
/tmp/unfreezing_ablation_frozen_60k0cium/data/PhysioNet2022/training_data/68482_MV.wav,1.0,0.99385744
/tmp/unfreezing_ablation_frozen_60k0cium/data/PhysioNet2022/training_data/68482_PV.wav,1.0,0.99693155
/tmp/unfreezing_ablation_frozen_60k0cium/data/PhysioNet2022/training_data/68482_TV.wav,1.0,0.99478614
/tmp/unfreezing_ablation_frozen_60k0cium/data/PhysioNet2022/training_data/68484_AV.wav,1.0,0.99646664
/tmp/unfreezing_ablation_frozen_60k0cium/data/PhysioNet2022/training_data/68484_MV.wav,1.0,0.9956585
/tmp/unfreezing_ablation_frozen_60k0cium/data/PhysioNet2022/training_data/68484_PV.wav,1.0,0.9651117
/tmp/unfreezing_ablation_frozen_60k0cium/data/PhysioNet2022/training_data/68484_TV.wav,1.0,0.9428503
/tmp/unfreezing_ablation_frozen_60k0cium/data/PhysioNet2022/training_data/68567_AV.wav,1.0,0.9994048
/tmp/unfreezing_ablation_frozen_60k0cium/data/PhysioNet2022/training_data/68567_MV.wav,1.0,0.9718568
/tmp/unfreezing_ablation_frozen_60k0cium/data/PhysioNet2022/training_data/68567_PV.wav,1.0,0.9802343
/tmp/unfreezing_ablation_frozen_60k0cium/data/PhysioNet2022/training_data/68567_TV.wav,1.0,0.9984926
/tmp/unfreezing_ablation_frozen_60k0cium/data/PhysioNet2022/training_data/68632_AV.wav,1.0,0.9916402
/tmp/unfreezing_ablation_frozen_60k0cium/data/PhysioNet2022/training_data/68632_PV.wav,1.0,0.9777451
/tmp/unfreezing_ablation_frozen_60k0cium/data/PhysioNet2022/training_data/68632_TV.wav,1.0,0.861973
/tmp/unfreezing_ablation_frozen_60k0cium/data/PhysioNet2022/training_data/68646_AV.wav,1.0,0.99111044
/tmp/unfreezing_ablation_frozen_60k0cium/data/PhysioNet2022/training_data/68646_MV.wav,1.0,0.99898976
/tmp/unfreezing_ablation_frozen_60k0cium/data/PhysioNet2022/training_data/68646_PV.wav,1.0,0.98587996
/tmp/unfreezing_ablation_frozen_60k0cium/data/PhysioNet2022/training_data/68646_TV.wav,1.0,0.78013194
/tmp/unfreezing_ablation_frozen_60k0cium/data/PhysioNet2022/training_data/68660_AV.wav,1.0,0.99032754
/tmp/unfreezing_ablation_frozen_60k0cium/data/PhysioNet2022/training_data/68660_MV.wav,1.0,0.96636057
/tmp/unfreezing_ablation_frozen_60k0cium/data/PhysioNet2022/training_data/68660_PV.wav,1.0,0.9845456
/tmp/unfreezing_ablation_frozen_60k0cium/data/PhysioNet2022/training_data/68660_TV.wav,1.0,0.9902845
/tmp/unfreezing_ablation_frozen_60k0cium/data/PhysioNet2022/training_data/68682_AV.wav,1.0,0.9893471
/tmp/unfreezing_ablation_frozen_60k0cium/data/PhysioNet2022/training_data/68682_MV.wav,1.0,0.99160904
/tmp/unfreezing_ablation_frozen_60k0cium/data/PhysioNet2022/training_data/68682_PV.wav,1.0,0.8879589
/tmp/unfreezing_ablation_frozen_60k0cium/data/PhysioNet2022/training_data/68682_TV.wav,1.0,0.9942364
/tmp/unfreezing_ablation_frozen_60k0cium/data/PhysioNet2022/training_data/68708_AV.wav,1.0,0.6374995
/tmp/unfreezing_ablation_frozen_60k0cium/data/PhysioNet2022/training_data/68708_MV.wav,1.0,0.9900647
/tmp/unfreezing_ablation_frozen_60k0cium/data/PhysioNet2022/training_data/68708_PV.wav,1.0,0.99847955
/tmp/unfreezing_ablation_frozen_60k0cium/data/PhysioNet2022/training_data/68708_TV.wav,1.0,0.56127536
/tmp/unfreezing_ablation_frozen_60k0cium/data/PhysioNet2022/training_data/68737_AV.wav,1.0,0.99745303
/tmp/unfreezing_ablation_frozen_60k0cium/data/PhysioNet2022/training_data/68737_MV.wav,1.0,0.9558053
/tmp/unfreezing_ablation_frozen_60k0cium/data/PhysioNet2022/training_data/68737_PV.wav,1.0,0.9783854
/tmp/unfreezing_ablation_frozen_60k0cium/data/PhysioNet2022/training_data/68737_TV.wav,1.0,0.52451056
/tmp/unfreezing_ablation_frozen_60k0cium/data/PhysioNet2022/training_data/68752_AV.wav,1.0,0.9870912
/tmp/unfreezing_ablation_frozen_60k0cium/data/PhysioNet2022/training_data/68752_MV.wav,1.0,0.99492973
/tmp/unfreezing_ablation_frozen_60k0cium/data/PhysioNet2022/training_data/68752_PV.wav,1.0,0.9699738
/tmp/unfreezing_ablation_frozen_60k0cium/data/PhysioNet2022/training_data/68752_TV.wav,1.0,0.88954777
/tmp/unfreezing_ablation_frozen_60k0cium/data/PhysioNet2022/training_data/68756_MV.wav,1.0,0.98727304
/tmp/unfreezing_ablation_frozen_60k0cium/data/PhysioNet2022/training_data/68756_PV.wav,1.0,0.9674997
/tmp/unfreezing_ablation_frozen_60k0cium/data/PhysioNet2022/training_data/68756_TV.wav,1.0,0.99372673
/tmp/unfreezing_ablation_frozen_60k0cium/data/PhysioNet2022/training_data/68757_AV.wav,1.0,0.9488445
/tmp/unfreezing_ablation_frozen_60k0cium/data/PhysioNet2022/training_data/68757_PV.wav,1.0,0.99458355
/tmp/unfreezing_ablation_frozen_60k0cium/data/PhysioNet2022/training_data/68757_TV.wav,1.0,0.88958144
/tmp/unfreezing_ablation_frozen_60k0cium/data/PhysioNet2022/training_data/68831_AV.wav,1.0,0.99689925
/tmp/unfreezing_ablation_frozen_60k0cium/data/PhysioNet2022/training_data/68831_MV.wav,1.0,0.99903655
/tmp/unfreezing_ablation_frozen_60k0cium/data/PhysioNet2022/training_data/68831_PV.wav,1.0,0.9998628
/tmp/unfreezing_ablation_frozen_60k0cium/data/PhysioNet2022/training_data/68831_TV.wav,1.0,0.9905744
/tmp/unfreezing_ablation_frozen_60k0cium/data/PhysioNet2022/training_data/68849_AV.wav,1.0,0.972637
/tmp/unfreezing_ablation_frozen_60k0cium/data/PhysioNet2022/training_data/68849_MV.wav,1.0,0.9995889
/tmp/unfreezing_ablation_frozen_60k0cium/data/PhysioNet2022/training_data/68849_PV.wav,1.0,0.99278647
/tmp/unfreezing_ablation_frozen_60k0cium/data/PhysioNet2022/training_data/68849_TV.wav,1.0,0.9784016
/tmp/unfreezing_ablation_frozen_60k0cium/data/PhysioNet2022/training_data/68857_MV.wav,1.0,0.39652517
/tmp/unfreezing_ablation_frozen_60k0cium/data/PhysioNet2022/training_data/68909_AV.wav,1.0,0.99273396
/tmp/unfreezing_ablation_frozen_60k0cium/data/PhysioNet2022/training_data/68909_MV.wav,1.0,0.99957913
/tmp/unfreezing_ablation_frozen_60k0cium/data/PhysioNet2022/training_data/68909_PV.wav,1.0,0.99177814
/tmp/unfreezing_ablation_frozen_60k0cium/data/PhysioNet2022/training_data/68909_TV.wav,1.0,0.9931559
/tmp/unfreezing_ablation_frozen_60k0cium/data/PhysioNet2022/training_data/69067_AV.wav,1.0,0.999602
/tmp/unfreezing_ablation_frozen_60k0cium/data/PhysioNet2022/training_data/69067_MV.wav,1.0,0.99984825
/tmp/unfreezing_ablation_frozen_60k0cium/data/PhysioNet2022/training_data/69067_PV.wav,1.0,0.99827623
/tmp/unfreezing_ablation_frozen_60k0cium/data/PhysioNet2022/training_data/69067_TV.wav,1.0,0.98603165
/tmp/unfreezing_ablation_frozen_60k0cium/data/PhysioNet2022/training_data/69159_AV.wav,1.0,0.7263685
/tmp/unfreezing_ablation_frozen_60k0cium/data/PhysioNet2022/training_data/69159_MV.wav,1.0,0.9979639
/tmp/unfreezing_ablation_frozen_60k0cium/data/PhysioNet2022/training_data/69159_PV.wav,1.0,0.943518
/tmp/unfreezing_ablation_frozen_60k0cium/data/PhysioNet2022/training_data/69159_TV.wav,1.0,0.9077093
/tmp/unfreezing_ablation_frozen_60k0cium/data/PhysioNet2022/training_data/72283_MV.wav,1.0,0.98408604
/tmp/unfreezing_ablation_frozen_60k0cium/data/PhysioNet2022/training_data/72283_PV.wav,1.0,0.9982798
/tmp/unfreezing_ablation_frozen_60k0cium/data/PhysioNet2022/training_data/72283_TV.wav,1.0,0.99542576
/tmp/unfreezing_ablation_frozen_60k0cium/data/PhysioNet2022/training_data/74417_AV.wav,1.0,0.40296125
/tmp/unfreezing_ablation_frozen_60k0cium/data/PhysioNet2022/training_data/74417_MV.wav,1.0,0.9983789
/tmp/unfreezing_ablation_frozen_60k0cium/data/PhysioNet2022/training_data/74417_PV.wav,1.0,0.9992543
/tmp/unfreezing_ablation_frozen_60k0cium/data/PhysioNet2022/training_data/74417_TV.wav,1.0,0.998604
/tmp/unfreezing_ablation_frozen_60k0cium/data/PhysioNet2022/training_data/76240_AV.wav,1.0,0.24774599
/tmp/unfreezing_ablation_frozen_60k0cium/data/PhysioNet2022/training_data/76240_MV.wav,1.0,0.96228665
/tmp/unfreezing_ablation_frozen_60k0cium/data/PhysioNet2022/training_data/76240_PV.wav,1.0,0.90876913
/tmp/unfreezing_ablation_frozen_60k0cium/data/PhysioNet2022/training_data/76240_TV.wav,1.0,0.9959104
/tmp/unfreezing_ablation_frozen_60k0cium/data/PhysioNet2022/training_data/77373_AV.wav,1.0,0.9954645
/tmp/unfreezing_ablation_frozen_60k0cium/data/PhysioNet2022/training_data/77373_MV.wav,1.0,0.999887
/tmp/unfreezing_ablation_frozen_60k0cium/data/PhysioNet2022/training_data/77373_PV.wav,1.0,0.99650276
/tmp/unfreezing_ablation_frozen_60k0cium/data/PhysioNet2022/training_data/77373_TV.wav,1.0,0.9972166
/tmp/unfreezing_ablation_frozen_60k0cium/data/PhysioNet2022/training_data/78280_AV.wav,1.0,0.91553086
/tmp/unfreezing_ablation_frozen_60k0cium/data/PhysioNet2022/training_data/78280_MV.wav,1.0,0.7292832
/tmp/unfreezing_ablation_frozen_60k0cium/data/PhysioNet2022/training_data/81035_MV.wav,1.0,0.8431963
/tmp/unfreezing_ablation_frozen_60k0cium/data/PhysioNet2022/training_data/81297_AV.wav,1.0,0.99944097
/tmp/unfreezing_ablation_frozen_60k0cium/data/PhysioNet2022/training_data/81297_MV.wav,1.0,0.99953675
/tmp/unfreezing_ablation_frozen_60k0cium/data/PhysioNet2022/training_data/81297_PV.wav,1.0,0.97118866
/tmp/unfreezing_ablation_frozen_60k0cium/data/PhysioNet2022/training_data/81297_TV.wav,1.0,0.9618129
/tmp/unfreezing_ablation_frozen_60k0cium/data/PhysioNet2022/training_data/81501_AV.wav,1.0,0.25670403
/tmp/unfreezing_ablation_frozen_60k0cium/data/PhysioNet2022/training_data/81501_MV.wav,1.0,0.99624264
/tmp/unfreezing_ablation_frozen_60k0cium/data/PhysioNet2022/training_data/81501_PV.wav,1.0,0.9947713
/tmp/unfreezing_ablation_frozen_60k0cium/data/PhysioNet2022/training_data/81501_TV.wav,1.0,0.5166894
/tmp/unfreezing_ablation_frozen_60k0cium/data/PhysioNet2022/training_data/81638_AV.wav,1.0,0.9853822
/tmp/unfreezing_ablation_frozen_60k0cium/data/PhysioNet2022/training_data/81638_MV.wav,1.0,0.9987361
/tmp/unfreezing_ablation_frozen_60k0cium/data/PhysioNet2022/training_data/82275_AV.wav,1.0,0.9107775
/tmp/unfreezing_ablation_frozen_60k0cium/data/PhysioNet2022/training_data/82275_PV.wav,1.0,0.997468
/tmp/unfreezing_ablation_frozen_60k0cium/data/PhysioNet2022/training_data/83094_MV.wav,1.0,0.9629396
/tmp/unfreezing_ablation_frozen_60k0cium/data/PhysioNet2022/training_data/84687_AV.wav,1.0,0.9866964
/tmp/unfreezing_ablation_frozen_60k0cium/data/PhysioNet2022/training_data/84687_MV.wav,1.0,0.9957957
/tmp/unfreezing_ablation_frozen_60k0cium/data/PhysioNet2022/training_data/84693_AV.wav,1.0,0.7623358
/tmp/unfreezing_ablation_frozen_60k0cium/data/PhysioNet2022/training_data/84693_MV.wav,1.0,0.93656576
/tmp/unfreezing_ablation_frozen_60k0cium/data/PhysioNet2022/training_data/84693_PV.wav,1.0,0.18201526
/tmp/unfreezing_ablation_frozen_60k0cium/data/PhysioNet2022/training_data/84693_TV.wav,1.0,0.5151917
/tmp/unfreezing_ablation_frozen_60k0cium/data/PhysioNet2022/training_data/84696_AV.wav,1.0,0.97009933
/tmp/unfreezing_ablation_frozen_60k0cium/data/PhysioNet2022/training_data/84696_MV.wav,1.0,0.99911076
/tmp/unfreezing_ablation_frozen_60k0cium/data/PhysioNet2022/training_data/84696_PV.wav,1.0,0.9904509
/tmp/unfreezing_ablation_frozen_60k0cium/data/PhysioNet2022/training_data/84696_TV.wav,1.0,0.9987226
/tmp/unfreezing_ablation_frozen_60k0cium/data/PhysioNet2022/training_data/84697_AV.wav,1.0,0.99781525
/tmp/unfreezing_ablation_frozen_60k0cium/data/PhysioNet2022/training_data/84697_MV.wav,1.0,0.81314963
/tmp/unfreezing_ablation_frozen_60k0cium/data/PhysioNet2022/training_data/84697_PV.wav,1.0,0.989641
/tmp/unfreezing_ablation_frozen_60k0cium/data/PhysioNet2022/training_data/84697_TV.wav,1.0,0.7048249
/tmp/unfreezing_ablation_frozen_60k0cium/data/PhysioNet2022/training_data/84704_PV.wav,1.0,0.8388369
/tmp/unfreezing_ablation_frozen_60k0cium/data/PhysioNet2022/training_data/84718_AV.wav,1.0,0.99103177
/tmp/unfreezing_ablation_frozen_60k0cium/data/PhysioNet2022/training_data/84718_MV.wav,1.0,0.9808288
/tmp/unfreezing_ablation_frozen_60k0cium/data/PhysioNet2022/training_data/84718_PV.wav,1.0,0.9500246
/tmp/unfreezing_ablation_frozen_60k0cium/data/PhysioNet2022/training_data/84718_TV.wav,1.0,0.99800175
/tmp/unfreezing_ablation_frozen_60k0cium/data/PhysioNet2022/training_data/84730_AV.wav,1.0,0.9994617
/tmp/unfreezing_ablation_frozen_60k0cium/data/PhysioNet2022/training_data/84730_MV.wav,1.0,0.9975555
/tmp/unfreezing_ablation_frozen_60k0cium/data/PhysioNet2022/training_data/84730_PV.wav,1.0,0.6661618
/tmp/unfreezing_ablation_frozen_60k0cium/data/PhysioNet2022/training_data/84730_TV.wav,1.0,0.9983302
/tmp/unfreezing_ablation_frozen_60k0cium/data/PhysioNet2022/training_data/84740_AV.wav,1.0,0.9973738
/tmp/unfreezing_ablation_frozen_60k0cium/data/PhysioNet2022/training_data/84740_MV.wav,1.0,0.9812369
/tmp/unfreezing_ablation_frozen_60k0cium/data/PhysioNet2022/training_data/84740_PV.wav,1.0,0.9996809
/tmp/unfreezing_ablation_frozen_60k0cium/data/PhysioNet2022/training_data/84740_TV.wav,1.0,0.99962056
/tmp/unfreezing_ablation_frozen_60k0cium/data/PhysioNet2022/training_data/84751_AV.wav,1.0,0.95828
/tmp/unfreezing_ablation_frozen_60k0cium/data/PhysioNet2022/training_data/84751_MV.wav,1.0,0.9853559
/tmp/unfreezing_ablation_frozen_60k0cium/data/PhysioNet2022/training_data/84751_PV.wav,1.0,0.9476019
/tmp/unfreezing_ablation_frozen_60k0cium/data/PhysioNet2022/training_data/84751_TV.wav,1.0,0.2055348
/tmp/unfreezing_ablation_frozen_60k0cium/data/PhysioNet2022/training_data/84753_AV.wav,1.0,0.99779046
/tmp/unfreezing_ablation_frozen_60k0cium/data/PhysioNet2022/training_data/84753_MV.wav,1.0,0.9962112
/tmp/unfreezing_ablation_frozen_60k0cium/data/PhysioNet2022/training_data/84753_PV.wav,1.0,0.99952865
/tmp/unfreezing_ablation_frozen_60k0cium/data/PhysioNet2022/training_data/84753_TV.wav,1.0,0.9992933
/tmp/unfreezing_ablation_frozen_60k0cium/data/PhysioNet2022/training_data/84754_AV.wav,1.0,0.9993031
/tmp/unfreezing_ablation_frozen_60k0cium/data/PhysioNet2022/training_data/84754_MV.wav,1.0,0.9672665
/tmp/unfreezing_ablation_frozen_60k0cium/data/PhysioNet2022/training_data/84754_TV.wav,1.0,0.9998229
/tmp/unfreezing_ablation_frozen_60k0cium/data/PhysioNet2022/training_data/84755_MV.wav,1.0,0.99354315
/tmp/unfreezing_ablation_frozen_60k0cium/data/PhysioNet2022/training_data/84760_MV.wav,1.0,0.9992142
/tmp/unfreezing_ablation_frozen_60k0cium/data/PhysioNet2022/training_data/84760_PV.wav,1.0,0.9877829
/tmp/unfreezing_ablation_frozen_60k0cium/data/PhysioNet2022/training_data/84760_TV.wav,1.0,0.99873394
/tmp/unfreezing_ablation_frozen_60k0cium/data/PhysioNet2022/training_data/84762_AV.wav,1.0,0.99697125
/tmp/unfreezing_ablation_frozen_60k0cium/data/PhysioNet2022/training_data/84762_MV.wav,1.0,0.99931383
/tmp/unfreezing_ablation_frozen_60k0cium/data/PhysioNet2022/training_data/84762_PV.wav,1.0,0.8333123
/tmp/unfreezing_ablation_frozen_60k0cium/data/PhysioNet2022/training_data/84762_TV.wav,1.0,0.9911758
/tmp/unfreezing_ablation_frozen_60k0cium/data/PhysioNet2022/training_data/84775_AV.wav,1.0,0.9953524
/tmp/unfreezing_ablation_frozen_60k0cium/data/PhysioNet2022/training_data/84775_MV.wav,1.0,0.99521744
/tmp/unfreezing_ablation_frozen_60k0cium/data/PhysioNet2022/training_data/84775_PV.wav,1.0,0.9966001
/tmp/unfreezing_ablation_frozen_60k0cium/data/PhysioNet2022/training_data/84775_TV.wav,1.0,0.9969374
/tmp/unfreezing_ablation_frozen_60k0cium/data/PhysioNet2022/training_data/84780_AV.wav,1.0,0.5502476
/tmp/unfreezing_ablation_frozen_60k0cium/data/PhysioNet2022/training_data/84780_MV.wav,1.0,0.9972881
/tmp/unfreezing_ablation_frozen_60k0cium/data/PhysioNet2022/training_data/84780_PV.wav,1.0,0.9941711
/tmp/unfreezing_ablation_frozen_60k0cium/data/PhysioNet2022/training_data/84780_TV.wav,1.0,0.835785
/tmp/unfreezing_ablation_frozen_60k0cium/data/PhysioNet2022/training_data/84784_AV.wav,1.0,0.99729365
/tmp/unfreezing_ablation_frozen_60k0cium/data/PhysioNet2022/training_data/84784_MV.wav,1.0,0.9971455
/tmp/unfreezing_ablation_frozen_60k0cium/data/PhysioNet2022/training_data/84790_AV.wav,1.0,0.7228713
/tmp/unfreezing_ablation_frozen_60k0cium/data/PhysioNet2022/training_data/84802_AV.wav,1.0,0.9900962
/tmp/unfreezing_ablation_frozen_60k0cium/data/PhysioNet2022/training_data/84802_MV.wav,1.0,0.99788386
/tmp/unfreezing_ablation_frozen_60k0cium/data/PhysioNet2022/training_data/84802_PV.wav,1.0,0.98591006
/tmp/unfreezing_ablation_frozen_60k0cium/data/PhysioNet2022/training_data/84802_TV.wav,1.0,0.946733
/tmp/unfreezing_ablation_frozen_60k0cium/data/PhysioNet2022/training_data/84808_AV.wav,1.0,0.99862313
/tmp/unfreezing_ablation_frozen_60k0cium/data/PhysioNet2022/training_data/84808_MV.wav,1.0,0.99802655
/tmp/unfreezing_ablation_frozen_60k0cium/data/PhysioNet2022/training_data/84808_PV.wav,1.0,0.9938002
/tmp/unfreezing_ablation_frozen_60k0cium/data/PhysioNet2022/training_data/84808_TV.wav,1.0,0.9883759
/tmp/unfreezing_ablation_frozen_60k0cium/data/PhysioNet2022/training_data/84813_AV.wav,1.0,0.9984616
/tmp/unfreezing_ablation_frozen_60k0cium/data/PhysioNet2022/training_data/84813_MV.wav,1.0,0.9995442
/tmp/unfreezing_ablation_frozen_60k0cium/data/PhysioNet2022/training_data/84813_PV.wav,1.0,0.9975617
/tmp/unfreezing_ablation_frozen_60k0cium/data/PhysioNet2022/training_data/84813_TV.wav,1.0,0.9996623
/tmp/unfreezing_ablation_frozen_60k0cium/data/PhysioNet2022/training_data/84814_AV.wav,1.0,0.991679
/tmp/unfreezing_ablation_frozen_60k0cium/data/PhysioNet2022/training_data/84814_PV.wav,1.0,0.9796901
/tmp/unfreezing_ablation_frozen_60k0cium/data/PhysioNet2022/training_data/84815_AV.wav,1.0,0.85681677
/tmp/unfreezing_ablation_frozen_60k0cium/data/PhysioNet2022/training_data/84815_MV.wav,1.0,0.4761104
/tmp/unfreezing_ablation_frozen_60k0cium/data/PhysioNet2022/training_data/84815_PV.wav,1.0,0.99287695
/tmp/unfreezing_ablation_frozen_60k0cium/data/PhysioNet2022/training_data/84815_TV.wav,1.0,0.38501385
/tmp/unfreezing_ablation_frozen_60k0cium/data/PhysioNet2022/training_data/84822_AV.wav,1.0,0.96694505
/tmp/unfreezing_ablation_frozen_60k0cium/data/PhysioNet2022/training_data/84822_MV.wav,1.0,0.98463666
/tmp/unfreezing_ablation_frozen_60k0cium/data/PhysioNet2022/training_data/84822_PV.wav,1.0,0.8749002
/tmp/unfreezing_ablation_frozen_60k0cium/data/PhysioNet2022/training_data/84822_TV.wav,1.0,0.9888622
/tmp/unfreezing_ablation_frozen_60k0cium/data/PhysioNet2022/training_data/84826_AV.wav,1.0,0.99651563
/tmp/unfreezing_ablation_frozen_60k0cium/data/PhysioNet2022/training_data/84826_MV.wav,1.0,0.95846474
/tmp/unfreezing_ablation_frozen_60k0cium/data/PhysioNet2022/training_data/84826_PV.wav,1.0,0.99158126
/tmp/unfreezing_ablation_frozen_60k0cium/data/PhysioNet2022/training_data/84826_TV.wav,1.0,0.9238402
/tmp/unfreezing_ablation_frozen_60k0cium/data/PhysioNet2022/training_data/84829_AV.wav,1.0,0.99401605
/tmp/unfreezing_ablation_frozen_60k0cium/data/PhysioNet2022/training_data/84829_MV.wav,1.0,0.9991437
/tmp/unfreezing_ablation_frozen_60k0cium/data/PhysioNet2022/training_data/84829_PV.wav,1.0,0.9985695
/tmp/unfreezing_ablation_frozen_60k0cium/data/PhysioNet2022/training_data/84829_TV.wav,1.0,0.99949574
/tmp/unfreezing_ablation_frozen_60k0cium/data/PhysioNet2022/training_data/84831_AV.wav,1.0,0.99942505
/tmp/unfreezing_ablation_frozen_60k0cium/data/PhysioNet2022/training_data/84831_MV.wav,1.0,0.9990576
/tmp/unfreezing_ablation_frozen_60k0cium/data/PhysioNet2022/training_data/84831_PV.wav,1.0,0.99447894
/tmp/unfreezing_ablation_frozen_60k0cium/data/PhysioNet2022/training_data/84831_TV.wav,1.0,0.9991671
/tmp/unfreezing_ablation_frozen_60k0cium/data/PhysioNet2022/training_data/84834_AV.wav,1.0,0.99779034
/tmp/unfreezing_ablation_frozen_60k0cium/data/PhysioNet2022/training_data/84834_MV.wav,1.0,0.9925565
/tmp/unfreezing_ablation_frozen_60k0cium/data/PhysioNet2022/training_data/84834_PV.wav,1.0,0.9704296
/tmp/unfreezing_ablation_frozen_60k0cium/data/PhysioNet2022/training_data/84834_TV.wav,1.0,0.98193145
/tmp/unfreezing_ablation_frozen_60k0cium/data/PhysioNet2022/training_data/84851_AV.wav,1.0,0.9931038
/tmp/unfreezing_ablation_frozen_60k0cium/data/PhysioNet2022/training_data/84851_MV.wav,1.0,0.9994388
/tmp/unfreezing_ablation_frozen_60k0cium/data/PhysioNet2022/training_data/84851_PV.wav,1.0,0.97429806
/tmp/unfreezing_ablation_frozen_60k0cium/data/PhysioNet2022/training_data/84851_TV.wav,1.0,0.99313074
/tmp/unfreezing_ablation_frozen_60k0cium/data/PhysioNet2022/training_data/84856_AV.wav,1.0,0.9932268
/tmp/unfreezing_ablation_frozen_60k0cium/data/PhysioNet2022/training_data/84856_MV.wav,1.0,0.99890554
/tmp/unfreezing_ablation_frozen_60k0cium/data/PhysioNet2022/training_data/84856_PV.wav,1.0,0.9926146
/tmp/unfreezing_ablation_frozen_60k0cium/data/PhysioNet2022/training_data/84856_TV.wav,1.0,0.99449265
/tmp/unfreezing_ablation_frozen_60k0cium/data/PhysioNet2022/training_data/84859_AV.wav,1.0,0.97587603
/tmp/unfreezing_ablation_frozen_60k0cium/data/PhysioNet2022/training_data/84859_MV.wav,1.0,0.9959566
/tmp/unfreezing_ablation_frozen_60k0cium/data/PhysioNet2022/training_data/84859_PV.wav,1.0,0.7715143
/tmp/unfreezing_ablation_frozen_60k0cium/data/PhysioNet2022/training_data/84859_TV.wav,1.0,0.94295716
/tmp/unfreezing_ablation_frozen_60k0cium/data/PhysioNet2022/training_data/84863_AV.wav,1.0,0.99057347
/tmp/unfreezing_ablation_frozen_60k0cium/data/PhysioNet2022/training_data/84863_MV.wav,1.0,0.9980903
/tmp/unfreezing_ablation_frozen_60k0cium/data/PhysioNet2022/training_data/84863_PV.wav,1.0,0.8932209
/tmp/unfreezing_ablation_frozen_60k0cium/data/PhysioNet2022/training_data/84863_TV.wav,1.0,0.9925426
/tmp/unfreezing_ablation_frozen_60k0cium/data/PhysioNet2022/training_data/84868_AV.wav,1.0,0.99870133
/tmp/unfreezing_ablation_frozen_60k0cium/data/PhysioNet2022/training_data/84868_MV.wav,1.0,0.99972934
/tmp/unfreezing_ablation_frozen_60k0cium/data/PhysioNet2022/training_data/84868_PV.wav,1.0,0.9915501
/tmp/unfreezing_ablation_frozen_60k0cium/data/PhysioNet2022/training_data/84868_TV.wav,1.0,0.93967813
/tmp/unfreezing_ablation_frozen_60k0cium/data/PhysioNet2022/training_data/84876_AV.wav,1.0,0.9669757
/tmp/unfreezing_ablation_frozen_60k0cium/data/PhysioNet2022/training_data/84876_MV.wav,1.0,0.99826425
/tmp/unfreezing_ablation_frozen_60k0cium/data/PhysioNet2022/training_data/84879_AV.wav,1.0,0.98444194
/tmp/unfreezing_ablation_frozen_60k0cium/data/PhysioNet2022/training_data/84879_MV.wav,1.0,0.88945025
/tmp/unfreezing_ablation_frozen_60k0cium/data/PhysioNet2022/training_data/84879_PV.wav,1.0,0.97425437
/tmp/unfreezing_ablation_frozen_60k0cium/data/PhysioNet2022/training_data/84879_TV.wav,1.0,0.9864064
/tmp/unfreezing_ablation_frozen_60k0cium/data/PhysioNet2022/training_data/84882_AV.wav,1.0,0.9630717
/tmp/unfreezing_ablation_frozen_60k0cium/data/PhysioNet2022/training_data/84882_MV.wav,1.0,0.99824345
/tmp/unfreezing_ablation_frozen_60k0cium/data/PhysioNet2022/training_data/84882_PV.wav,1.0,0.98788995
/tmp/unfreezing_ablation_frozen_60k0cium/data/PhysioNet2022/training_data/84882_TV.wav,1.0,0.9986364
/tmp/unfreezing_ablation_frozen_60k0cium/data/PhysioNet2022/training_data/84883_AV.wav,1.0,0.881016
/tmp/unfreezing_ablation_frozen_60k0cium/data/PhysioNet2022/training_data/84883_MV.wav,1.0,0.77349806
/tmp/unfreezing_ablation_frozen_60k0cium/data/PhysioNet2022/training_data/84883_PV.wav,1.0,0.9976125
/tmp/unfreezing_ablation_frozen_60k0cium/data/PhysioNet2022/training_data/84883_TV.wav,1.0,0.663704
/tmp/unfreezing_ablation_frozen_60k0cium/data/PhysioNet2022/training_data/84884_AV.wav,1.0,0.9989801
/tmp/unfreezing_ablation_frozen_60k0cium/data/PhysioNet2022/training_data/84884_MV.wav,1.0,0.9978903
/tmp/unfreezing_ablation_frozen_60k0cium/data/PhysioNet2022/training_data/84884_PV.wav,1.0,0.9995467
/tmp/unfreezing_ablation_frozen_60k0cium/data/PhysioNet2022/training_data/84884_TV.wav,1.0,0.93495876
/tmp/unfreezing_ablation_frozen_60k0cium/data/PhysioNet2022/training_data/84887_AV.wav,1.0,0.98476946
/tmp/unfreezing_ablation_frozen_60k0cium/data/PhysioNet2022/training_data/84887_MV.wav,1.0,0.9989875
/tmp/unfreezing_ablation_frozen_60k0cium/data/PhysioNet2022/training_data/84887_PV.wav,1.0,0.93431073
/tmp/unfreezing_ablation_frozen_60k0cium/data/PhysioNet2022/training_data/84887_TV.wav,1.0,0.8899296
/tmp/unfreezing_ablation_frozen_60k0cium/data/PhysioNet2022/training_data/84892_AV.wav,1.0,0.9997564
/tmp/unfreezing_ablation_frozen_60k0cium/data/PhysioNet2022/training_data/84892_MV.wav,1.0,0.998919
/tmp/unfreezing_ablation_frozen_60k0cium/data/PhysioNet2022/training_data/84892_PV.wav,1.0,0.9983767
/tmp/unfreezing_ablation_frozen_60k0cium/data/PhysioNet2022/training_data/84896_AV.wav,1.0,0.9795243
/tmp/unfreezing_ablation_frozen_60k0cium/data/PhysioNet2022/training_data/84896_MV.wav,1.0,0.99385935
/tmp/unfreezing_ablation_frozen_60k0cium/data/PhysioNet2022/training_data/84896_PV.wav,1.0,0.97883326
/tmp/unfreezing_ablation_frozen_60k0cium/data/PhysioNet2022/training_data/84896_TV.wav,1.0,0.9988362
/tmp/unfreezing_ablation_frozen_60k0cium/data/PhysioNet2022/training_data/84918_PV.wav,1.0,0.99883026
/tmp/unfreezing_ablation_frozen_60k0cium/data/PhysioNet2022/training_data/84919_PV.wav,1.0,0.9572414
/tmp/unfreezing_ablation_frozen_60k0cium/data/PhysioNet2022/training_data/84919_TV.wav,1.0,0.9989686
/tmp/unfreezing_ablation_frozen_60k0cium/data/PhysioNet2022/training_data/84923_AV.wav,1.0,0.86371267
/tmp/unfreezing_ablation_frozen_60k0cium/data/PhysioNet2022/training_data/84923_MV.wav,1.0,0.98673975
/tmp/unfreezing_ablation_frozen_60k0cium/data/PhysioNet2022/training_data/84923_PV.wav,1.0,0.80471534
/tmp/unfreezing_ablation_frozen_60k0cium/data/PhysioNet2022/training_data/84923_TV.wav,1.0,0.93611884
/tmp/unfreezing_ablation_frozen_60k0cium/data/PhysioNet2022/training_data/84931_AV.wav,1.0,0.9976422
/tmp/unfreezing_ablation_frozen_60k0cium/data/PhysioNet2022/training_data/84931_MV.wav,1.0,0.83998203
/tmp/unfreezing_ablation_frozen_60k0cium/data/PhysioNet2022/training_data/84931_PV.wav,1.0,0.99698156
/tmp/unfreezing_ablation_frozen_60k0cium/data/PhysioNet2022/training_data/84931_TV.wav,1.0,0.9555362
/tmp/unfreezing_ablation_frozen_60k0cium/data/PhysioNet2022/training_data/84933_AV.wav,1.0,0.976389
/tmp/unfreezing_ablation_frozen_60k0cium/data/PhysioNet2022/training_data/84933_MV.wav,1.0,0.99860686
/tmp/unfreezing_ablation_frozen_60k0cium/data/PhysioNet2022/training_data/84933_PV.wav,1.0,0.9866153
/tmp/unfreezing_ablation_frozen_60k0cium/data/PhysioNet2022/training_data/84933_TV.wav,1.0,0.99886274
/tmp/unfreezing_ablation_frozen_60k0cium/data/PhysioNet2022/training_data/84934_AV.wav,1.0,0.44247913
/tmp/unfreezing_ablation_frozen_60k0cium/data/PhysioNet2022/training_data/84935_AV.wav,1.0,0.97127825
/tmp/unfreezing_ablation_frozen_60k0cium/data/PhysioNet2022/training_data/84935_MV.wav,1.0,0.9484809
/tmp/unfreezing_ablation_frozen_60k0cium/data/PhysioNet2022/training_data/84935_PV.wav,1.0,0.9887221
/tmp/unfreezing_ablation_frozen_60k0cium/data/PhysioNet2022/training_data/84935_TV.wav,1.0,0.81830347
/tmp/unfreezing_ablation_frozen_60k0cium/data/PhysioNet2022/training_data/84936_AV.wav,1.0,0.9991416
/tmp/unfreezing_ablation_frozen_60k0cium/data/PhysioNet2022/training_data/84936_MV.wav,1.0,0.9898074
/tmp/unfreezing_ablation_frozen_60k0cium/data/PhysioNet2022/training_data/84936_PV.wav,1.0,0.9932794
/tmp/unfreezing_ablation_frozen_60k0cium/data/PhysioNet2022/training_data/84936_TV.wav,1.0,0.9967519
/tmp/unfreezing_ablation_frozen_60k0cium/data/PhysioNet2022/training_data/84942_AV.wav,1.0,0.9995772
/tmp/unfreezing_ablation_frozen_60k0cium/data/PhysioNet2022/training_data/84942_PV.wav,1.0,0.9901427
/tmp/unfreezing_ablation_frozen_60k0cium/data/PhysioNet2022/training_data/84942_TV.wav,1.0,0.98770124
/tmp/unfreezing_ablation_frozen_60k0cium/data/PhysioNet2022/training_data/84946_AV.wav,1.0,0.9928341
/tmp/unfreezing_ablation_frozen_60k0cium/data/PhysioNet2022/training_data/84946_MV.wav,1.0,0.9987644
/tmp/unfreezing_ablation_frozen_60k0cium/data/PhysioNet2022/training_data/84946_PV.wav,1.0,0.99752957
/tmp/unfreezing_ablation_frozen_60k0cium/data/PhysioNet2022/training_data/84946_TV.wav,1.0,0.9811457
/tmp/unfreezing_ablation_frozen_60k0cium/data/PhysioNet2022/training_data/84949_AV.wav,1.0,0.9922793
/tmp/unfreezing_ablation_frozen_60k0cium/data/PhysioNet2022/training_data/84949_MV.wav,1.0,0.99379903
/tmp/unfreezing_ablation_frozen_60k0cium/data/PhysioNet2022/training_data/84949_PV.wav,1.0,0.9905004
/tmp/unfreezing_ablation_frozen_60k0cium/data/PhysioNet2022/training_data/84949_TV.wav,1.0,0.83716714
/tmp/unfreezing_ablation_frozen_60k0cium/data/PhysioNet2022/training_data/84962_AV.wav,1.0,0.99093807
/tmp/unfreezing_ablation_frozen_60k0cium/data/PhysioNet2022/training_data/84962_MV.wav,1.0,0.9984653
/tmp/unfreezing_ablation_frozen_60k0cium/data/PhysioNet2022/training_data/84962_PV.wav,1.0,0.9812564
/tmp/unfreezing_ablation_frozen_60k0cium/data/PhysioNet2022/training_data/84962_TV.wav,1.0,0.9930367
/tmp/unfreezing_ablation_frozen_60k0cium/data/PhysioNet2022/training_data/84966_AV.wav,1.0,0.9850352
/tmp/unfreezing_ablation_frozen_60k0cium/data/PhysioNet2022/training_data/84966_PV.wav,1.0,0.9978806
/tmp/unfreezing_ablation_frozen_60k0cium/data/PhysioNet2022/training_data/84970_AV.wav,1.0,0.9983236
/tmp/unfreezing_ablation_frozen_60k0cium/data/PhysioNet2022/training_data/84970_MV.wav,1.0,0.9866269
/tmp/unfreezing_ablation_frozen_60k0cium/data/PhysioNet2022/training_data/84971_MV.wav,1.0,0.99271166
/tmp/unfreezing_ablation_frozen_60k0cium/data/PhysioNet2022/training_data/84971_PV.wav,1.0,0.9986149
/tmp/unfreezing_ablation_frozen_60k0cium/data/PhysioNet2022/training_data/84971_TV.wav,1.0,0.98149407
/tmp/unfreezing_ablation_frozen_60k0cium/data/PhysioNet2022/training_data/84976_AV.wav,1.0,0.9896488
/tmp/unfreezing_ablation_frozen_60k0cium/data/PhysioNet2022/training_data/84976_MV.wav,1.0,0.98134506
/tmp/unfreezing_ablation_frozen_60k0cium/data/PhysioNet2022/training_data/84976_PV.wav,1.0,0.9638843
/tmp/unfreezing_ablation_frozen_60k0cium/data/PhysioNet2022/training_data/84976_TV.wav,1.0,0.9841393
/tmp/unfreezing_ablation_frozen_60k0cium/data/PhysioNet2022/training_data/84977_AV.wav,1.0,0.9897864
/tmp/unfreezing_ablation_frozen_60k0cium/data/PhysioNet2022/training_data/84977_MV.wav,1.0,0.86798614
/tmp/unfreezing_ablation_frozen_60k0cium/data/PhysioNet2022/training_data/84977_PV.wav,1.0,0.994155
/tmp/unfreezing_ablation_frozen_60k0cium/data/PhysioNet2022/training_data/84977_TV.wav,1.0,0.72900563
/tmp/unfreezing_ablation_frozen_60k0cium/data/PhysioNet2022/training_data/84978_AV.wav,1.0,0.99279296
/tmp/unfreezing_ablation_frozen_60k0cium/data/PhysioNet2022/training_data/84978_MV.wav,1.0,0.99948126
/tmp/unfreezing_ablation_frozen_60k0cium/data/PhysioNet2022/training_data/84978_PV.wav,1.0,0.9927685
/tmp/unfreezing_ablation_frozen_60k0cium/data/PhysioNet2022/training_data/84978_TV.wav,1.0,0.998705
/tmp/unfreezing_ablation_frozen_60k0cium/data/PhysioNet2022/training_data/84982_AV.wav,1.0,0.99948454
/tmp/unfreezing_ablation_frozen_60k0cium/data/PhysioNet2022/training_data/84982_MV.wav,1.0,0.9915624
/tmp/unfreezing_ablation_frozen_60k0cium/data/PhysioNet2022/training_data/84982_PV.wav,1.0,0.99766916
/tmp/unfreezing_ablation_frozen_60k0cium/data/PhysioNet2022/training_data/84982_TV.wav,1.0,0.99595225
/tmp/unfreezing_ablation_frozen_60k0cium/data/PhysioNet2022/training_data/84983_MV.wav,1.0,0.9881451
/tmp/unfreezing_ablation_frozen_60k0cium/data/PhysioNet2022/training_data/84983_PV.wav,1.0,0.9967417
/tmp/unfreezing_ablation_frozen_60k0cium/data/PhysioNet2022/training_data/84983_TV.wav,1.0,0.9951444
/tmp/unfreezing_ablation_frozen_60k0cium/data/PhysioNet2022/training_data/84985_AV.wav,1.0,0.8872999
/tmp/unfreezing_ablation_frozen_60k0cium/data/PhysioNet2022/training_data/84985_MV.wav,1.0,0.96644676
/tmp/unfreezing_ablation_frozen_60k0cium/data/PhysioNet2022/training_data/84985_PV.wav,1.0,0.2459229
/tmp/unfreezing_ablation_frozen_60k0cium/data/PhysioNet2022/training_data/84985_TV.wav,1.0,0.6801669
/tmp/unfreezing_ablation_frozen_60k0cium/data/PhysioNet2022/training_data/84990_AV.wav,1.0,0.99477273
/tmp/unfreezing_ablation_frozen_60k0cium/data/PhysioNet2022/training_data/84990_MV.wav,1.0,0.9756369
/tmp/unfreezing_ablation_frozen_60k0cium/data/PhysioNet2022/training_data/84990_PV.wav,1.0,0.99606496
/tmp/unfreezing_ablation_frozen_60k0cium/data/PhysioNet2022/training_data/84990_TV.wav,1.0,0.81044406
/tmp/unfreezing_ablation_frozen_60k0cium/data/PhysioNet2022/training_data/84991_AV.wav,1.0,0.995057
/tmp/unfreezing_ablation_frozen_60k0cium/data/PhysioNet2022/training_data/84991_MV.wav,1.0,0.99831486
/tmp/unfreezing_ablation_frozen_60k0cium/data/PhysioNet2022/training_data/84991_PV.wav,1.0,0.9808595
/tmp/unfreezing_ablation_frozen_60k0cium/data/PhysioNet2022/training_data/84991_TV.wav,1.0,0.9868838
/tmp/unfreezing_ablation_frozen_60k0cium/data/PhysioNet2022/training_data/84995_AV.wav,1.0,0.5444317
/tmp/unfreezing_ablation_frozen_60k0cium/data/PhysioNet2022/training_data/84995_MV.wav,1.0,0.9989405
/tmp/unfreezing_ablation_frozen_60k0cium/data/PhysioNet2022/training_data/84996_AV.wav,1.0,0.9013283
/tmp/unfreezing_ablation_frozen_60k0cium/data/PhysioNet2022/training_data/84996_MV.wav,1.0,0.979579
/tmp/unfreezing_ablation_frozen_60k0cium/data/PhysioNet2022/training_data/84996_PV.wav,1.0,0.99700326
/tmp/unfreezing_ablation_frozen_60k0cium/data/PhysioNet2022/training_data/84996_TV.wav,1.0,0.9801807
/tmp/unfreezing_ablation_frozen_60k0cium/data/PhysioNet2022/training_data/85004_MV.wav,1.0,0.9825357
/tmp/unfreezing_ablation_frozen_60k0cium/data/PhysioNet2022/training_data/85012_AV.wav,1.0,0.99868613
/tmp/unfreezing_ablation_frozen_60k0cium/data/PhysioNet2022/training_data/85012_MV.wav,1.0,0.9335867
/tmp/unfreezing_ablation_frozen_60k0cium/data/PhysioNet2022/training_data/85012_PV.wav,1.0,0.77496743
/tmp/unfreezing_ablation_frozen_60k0cium/data/PhysioNet2022/training_data/85012_TV.wav,1.0,0.7744941
/tmp/unfreezing_ablation_frozen_60k0cium/data/PhysioNet2022/training_data/85019_AV.wav,1.0,0.7957234
/tmp/unfreezing_ablation_frozen_60k0cium/data/PhysioNet2022/training_data/85019_MV.wav,1.0,0.99664503
/tmp/unfreezing_ablation_frozen_60k0cium/data/PhysioNet2022/training_data/85020_AV.wav,1.0,0.99563295
/tmp/unfreezing_ablation_frozen_60k0cium/data/PhysioNet2022/training_data/85020_MV.wav,1.0,0.7571949
/tmp/unfreezing_ablation_frozen_60k0cium/data/PhysioNet2022/training_data/85020_PV.wav,1.0,0.9904356
/tmp/unfreezing_ablation_frozen_60k0cium/data/PhysioNet2022/training_data/85020_TV.wav,1.0,0.99846244
/tmp/unfreezing_ablation_frozen_60k0cium/data/PhysioNet2022/training_data/85034_AV.wav,1.0,0.99234325
/tmp/unfreezing_ablation_frozen_60k0cium/data/PhysioNet2022/training_data/85034_MV.wav,1.0,0.99463105
/tmp/unfreezing_ablation_frozen_60k0cium/data/PhysioNet2022/training_data/85035_AV.wav,1.0,0.9990212
/tmp/unfreezing_ablation_frozen_60k0cium/data/PhysioNet2022/training_data/85035_MV.wav,1.0,0.99703264
/tmp/unfreezing_ablation_frozen_60k0cium/data/PhysioNet2022/training_data/85035_PV.wav,1.0,0.51998985
/tmp/unfreezing_ablation_frozen_60k0cium/data/PhysioNet2022/training_data/85035_TV.wav,1.0,0.92848533
/tmp/unfreezing_ablation_frozen_60k0cium/data/PhysioNet2022/training_data/85042_AV.wav,1.0,0.99869823
/tmp/unfreezing_ablation_frozen_60k0cium/data/PhysioNet2022/training_data/85042_MV.wav,1.0,0.9971449
/tmp/unfreezing_ablation_frozen_60k0cium/data/PhysioNet2022/training_data/85042_PV.wav,1.0,0.99268967
/tmp/unfreezing_ablation_frozen_60k0cium/data/PhysioNet2022/training_data/85042_TV.wav,1.0,0.98324096
/tmp/unfreezing_ablation_frozen_60k0cium/data/PhysioNet2022/training_data/85046_AV.wav,1.0,0.9891011
/tmp/unfreezing_ablation_frozen_60k0cium/data/PhysioNet2022/training_data/85046_MV.wav,1.0,0.9984097
/tmp/unfreezing_ablation_frozen_60k0cium/data/PhysioNet2022/training_data/85046_PV.wav,1.0,0.9948925
/tmp/unfreezing_ablation_frozen_60k0cium/data/PhysioNet2022/training_data/85046_TV.wav,1.0,0.97248095
/tmp/unfreezing_ablation_frozen_60k0cium/data/PhysioNet2022/training_data/85052_MV.wav,1.0,0.9987245
/tmp/unfreezing_ablation_frozen_60k0cium/data/PhysioNet2022/training_data/85052_PV.wav,1.0,0.9891478
/tmp/unfreezing_ablation_frozen_60k0cium/data/PhysioNet2022/training_data/85052_TV.wav,1.0,0.862153
/tmp/unfreezing_ablation_frozen_60k0cium/data/PhysioNet2022/training_data/85053_AV.wav,1.0,0.9964128
/tmp/unfreezing_ablation_frozen_60k0cium/data/PhysioNet2022/training_data/85053_MV.wav,1.0,0.99810445
/tmp/unfreezing_ablation_frozen_60k0cium/data/PhysioNet2022/training_data/85053_PV.wav,1.0,0.9919199
/tmp/unfreezing_ablation_frozen_60k0cium/data/PhysioNet2022/training_data/85053_TV.wav,1.0,0.9927489
/tmp/unfreezing_ablation_frozen_60k0cium/data/PhysioNet2022/training_data/85057_AV.wav,1.0,0.96006554
/tmp/unfreezing_ablation_frozen_60k0cium/data/PhysioNet2022/training_data/85057_MV.wav,1.0,0.78232497
/tmp/unfreezing_ablation_frozen_60k0cium/data/PhysioNet2022/training_data/85057_PV.wav,1.0,0.9763193
/tmp/unfreezing_ablation_frozen_60k0cium/data/PhysioNet2022/training_data/85057_TV.wav,1.0,0.86208254
/tmp/unfreezing_ablation_frozen_60k0cium/data/PhysioNet2022/training_data/85062_AV.wav,1.0,0.86552376
/tmp/unfreezing_ablation_frozen_60k0cium/data/PhysioNet2022/training_data/85062_MV.wav,1.0,0.9937079
/tmp/unfreezing_ablation_frozen_60k0cium/data/PhysioNet2022/training_data/85062_PV.wav,1.0,0.9980348
/tmp/unfreezing_ablation_frozen_60k0cium/data/PhysioNet2022/training_data/85062_TV.wav,1.0,0.93537503
/tmp/unfreezing_ablation_frozen_60k0cium/data/PhysioNet2022/training_data/85063_MV.wav,1.0,0.34707838
/tmp/unfreezing_ablation_frozen_60k0cium/data/PhysioNet2022/training_data/85066_MV.wav,1.0,0.9928657
/tmp/unfreezing_ablation_frozen_60k0cium/data/PhysioNet2022/training_data/85069_AV.wav,1.0,0.7980691
/tmp/unfreezing_ablation_frozen_60k0cium/data/PhysioNet2022/training_data/85069_MV.wav,1.0,0.98718715
/tmp/unfreezing_ablation_frozen_60k0cium/data/PhysioNet2022/training_data/85069_PV.wav,1.0,0.96437955
/tmp/unfreezing_ablation_frozen_60k0cium/data/PhysioNet2022/training_data/85069_TV.wav,1.0,0.94265294
/tmp/unfreezing_ablation_frozen_60k0cium/data/PhysioNet2022/training_data/85077_AV.wav,1.0,0.92250955
/tmp/unfreezing_ablation_frozen_60k0cium/data/PhysioNet2022/training_data/85077_MV.wav,1.0,0.99947554
/tmp/unfreezing_ablation_frozen_60k0cium/data/PhysioNet2022/training_data/85077_PV.wav,1.0,0.85198146
/tmp/unfreezing_ablation_frozen_60k0cium/data/PhysioNet2022/training_data/85077_TV.wav,1.0,0.8440837
/tmp/unfreezing_ablation_frozen_60k0cium/data/PhysioNet2022/training_data/85081_AV.wav,1.0,0.9961325
/tmp/unfreezing_ablation_frozen_60k0cium/data/PhysioNet2022/training_data/85081_MV.wav,1.0,0.9987418
/tmp/unfreezing_ablation_frozen_60k0cium/data/PhysioNet2022/training_data/85094_AV.wav,1.0,0.9010988
/tmp/unfreezing_ablation_frozen_60k0cium/data/PhysioNet2022/training_data/85094_MV.wav,1.0,0.95995796
/tmp/unfreezing_ablation_frozen_60k0cium/data/PhysioNet2022/training_data/85094_PV.wav,1.0,0.9902838
/tmp/unfreezing_ablation_frozen_60k0cium/data/PhysioNet2022/training_data/85094_TV.wav,1.0,0.9441254
/tmp/unfreezing_ablation_frozen_60k0cium/data/PhysioNet2022/training_data/85096_AV.wav,1.0,0.99934775
/tmp/unfreezing_ablation_frozen_60k0cium/data/PhysioNet2022/training_data/85096_MV.wav,1.0,0.98639524
/tmp/unfreezing_ablation_frozen_60k0cium/data/PhysioNet2022/training_data/85096_PV.wav,1.0,0.9704012
/tmp/unfreezing_ablation_frozen_60k0cium/data/PhysioNet2022/training_data/85096_TV.wav,1.0,0.983297
/tmp/unfreezing_ablation_frozen_60k0cium/data/PhysioNet2022/training_data/85099_AV.wav,1.0,0.9846202
/tmp/unfreezing_ablation_frozen_60k0cium/data/PhysioNet2022/training_data/85099_MV.wav,1.0,0.9952565
/tmp/unfreezing_ablation_frozen_60k0cium/data/PhysioNet2022/training_data/85099_PV.wav,1.0,0.9808764
/tmp/unfreezing_ablation_frozen_60k0cium/data/PhysioNet2022/training_data/85099_TV.wav,1.0,0.9872363
/tmp/unfreezing_ablation_frozen_60k0cium/data/PhysioNet2022/training_data/85100_AV.wav,1.0,0.9974407
/tmp/unfreezing_ablation_frozen_60k0cium/data/PhysioNet2022/training_data/85100_PV.wav,1.0,0.98055124
/tmp/unfreezing_ablation_frozen_60k0cium/data/PhysioNet2022/training_data/85102_AV.wav,1.0,0.9512163
/tmp/unfreezing_ablation_frozen_60k0cium/data/PhysioNet2022/training_data/85102_MV.wav,1.0,0.9995685
/tmp/unfreezing_ablation_frozen_60k0cium/data/PhysioNet2022/training_data/85102_PV.wav,1.0,0.9529141
/tmp/unfreezing_ablation_frozen_60k0cium/data/PhysioNet2022/training_data/85102_TV.wav,1.0,0.9978758
/tmp/unfreezing_ablation_frozen_60k0cium/data/PhysioNet2022/training_data/85103_AV.wav,1.0,0.9754076
/tmp/unfreezing_ablation_frozen_60k0cium/data/PhysioNet2022/training_data/85103_PV.wav,1.0,0.9713497
/tmp/unfreezing_ablation_frozen_60k0cium/data/PhysioNet2022/training_data/85103_TV.wav,1.0,0.9990534
/tmp/unfreezing_ablation_frozen_60k0cium/data/PhysioNet2022/training_data/85108_AV.wav,1.0,0.9983224
/tmp/unfreezing_ablation_frozen_60k0cium/data/PhysioNet2022/training_data/85108_MV.wav,1.0,0.20497575
/tmp/unfreezing_ablation_frozen_60k0cium/data/PhysioNet2022/training_data/85108_PV.wav,1.0,0.9143785
/tmp/unfreezing_ablation_frozen_60k0cium/data/PhysioNet2022/training_data/85108_TV.wav,1.0,0.18235198
/tmp/unfreezing_ablation_frozen_60k0cium/data/PhysioNet2022/training_data/85109_AV.wav,1.0,0.9729908
/tmp/unfreezing_ablation_frozen_60k0cium/data/PhysioNet2022/training_data/85109_MV.wav,1.0,0.99949026
/tmp/unfreezing_ablation_frozen_60k0cium/data/PhysioNet2022/training_data/85109_PV.wav,1.0,0.9963368
/tmp/unfreezing_ablation_frozen_60k0cium/data/PhysioNet2022/training_data/85109_TV.wav,1.0,0.9735213
/tmp/unfreezing_ablation_frozen_60k0cium/data/PhysioNet2022/training_data/85110_AV.wav,1.0,0.9800745
/tmp/unfreezing_ablation_frozen_60k0cium/data/PhysioNet2022/training_data/85110_MV.wav,1.0,0.99698716
/tmp/unfreezing_ablation_frozen_60k0cium/data/PhysioNet2022/training_data/85110_PV.wav,1.0,0.99758637
/tmp/unfreezing_ablation_frozen_60k0cium/data/PhysioNet2022/training_data/85110_TV.wav,1.0,0.98286575
/tmp/unfreezing_ablation_frozen_60k0cium/data/PhysioNet2022/training_data/85115_AV.wav,1.0,0.97595257
/tmp/unfreezing_ablation_frozen_60k0cium/data/PhysioNet2022/training_data/85115_MV.wav,1.0,0.994759
/tmp/unfreezing_ablation_frozen_60k0cium/data/PhysioNet2022/training_data/85115_PV.wav,1.0,0.9782737
/tmp/unfreezing_ablation_frozen_60k0cium/data/PhysioNet2022/training_data/85115_TV.wav,1.0,0.9958775
/tmp/unfreezing_ablation_frozen_60k0cium/data/PhysioNet2022/training_data/85118_AV.wav,1.0,0.9929791
/tmp/unfreezing_ablation_frozen_60k0cium/data/PhysioNet2022/training_data/85118_MV.wav,1.0,0.99940395
/tmp/unfreezing_ablation_frozen_60k0cium/data/PhysioNet2022/training_data/85118_PV.wav,1.0,0.9813772
/tmp/unfreezing_ablation_frozen_60k0cium/data/PhysioNet2022/training_data/85118_TV.wav,1.0,0.9985669
/tmp/unfreezing_ablation_frozen_60k0cium/data/PhysioNet2022/training_data/85119_AV.wav,1.0,0.99419665
/tmp/unfreezing_ablation_frozen_60k0cium/data/PhysioNet2022/training_data/85119_MV.wav,1.0,0.8855423
/tmp/unfreezing_ablation_frozen_60k0cium/data/PhysioNet2022/training_data/85119_PV.wav,1.0,0.6253245
/tmp/unfreezing_ablation_frozen_60k0cium/data/PhysioNet2022/training_data/85119_TV.wav,1.0,0.667783
/tmp/unfreezing_ablation_frozen_60k0cium/data/PhysioNet2022/training_data/85121_AV.wav,1.0,0.9997044
/tmp/unfreezing_ablation_frozen_60k0cium/data/PhysioNet2022/training_data/85121_MV.wav,1.0,0.9995801
/tmp/unfreezing_ablation_frozen_60k0cium/data/PhysioNet2022/training_data/85121_PV.wav,1.0,0.9977658
/tmp/unfreezing_ablation_frozen_60k0cium/data/PhysioNet2022/training_data/85121_TV.wav,1.0,0.99675506
/tmp/unfreezing_ablation_frozen_60k0cium/data/PhysioNet2022/training_data/85131_AV.wav,1.0,0.60325044
/tmp/unfreezing_ablation_frozen_60k0cium/data/PhysioNet2022/training_data/85131_MV.wav,1.0,0.9989618
/tmp/unfreezing_ablation_frozen_60k0cium/data/PhysioNet2022/training_data/85131_PV.wav,1.0,0.8522356
/tmp/unfreezing_ablation_frozen_60k0cium/data/PhysioNet2022/training_data/85131_TV.wav,1.0,0.6838646
/tmp/unfreezing_ablation_frozen_60k0cium/data/PhysioNet2022/training_data/85134_AV.wav,1.0,0.8762534
/tmp/unfreezing_ablation_frozen_60k0cium/data/PhysioNet2022/training_data/85134_MV.wav,1.0,0.9992248
/tmp/unfreezing_ablation_frozen_60k0cium/data/PhysioNet2022/training_data/85134_PV.wav,1.0,0.99236405
/tmp/unfreezing_ablation_frozen_60k0cium/data/PhysioNet2022/training_data/85134_TV.wav,1.0,0.9958572
/tmp/unfreezing_ablation_frozen_60k0cium/data/PhysioNet2022/training_data/85139_MV.wav,1.0,0.99890554
/tmp/unfreezing_ablation_frozen_60k0cium/data/PhysioNet2022/training_data/85139_PV.wav,1.0,0.9985065
/tmp/unfreezing_ablation_frozen_60k0cium/data/PhysioNet2022/training_data/85139_TV.wav,1.0,0.9987966
/tmp/unfreezing_ablation_frozen_60k0cium/data/PhysioNet2022/training_data/85144_AV.wav,1.0,0.9866714
/tmp/unfreezing_ablation_frozen_60k0cium/data/PhysioNet2022/training_data/85144_MV.wav,1.0,0.7221169
/tmp/unfreezing_ablation_frozen_60k0cium/data/PhysioNet2022/training_data/85150_AV.wav,1.0,0.99006885
/tmp/unfreezing_ablation_frozen_60k0cium/data/PhysioNet2022/training_data/85150_PV.wav,1.0,0.9929471
/tmp/unfreezing_ablation_frozen_60k0cium/data/PhysioNet2022/training_data/85152_AV.wav,1.0,0.9970642
/tmp/unfreezing_ablation_frozen_60k0cium/data/PhysioNet2022/training_data/85152_MV.wav,1.0,0.99236697
/tmp/unfreezing_ablation_frozen_60k0cium/data/PhysioNet2022/training_data/85152_PV.wav,1.0,0.9963387
/tmp/unfreezing_ablation_frozen_60k0cium/data/PhysioNet2022/training_data/85152_TV.wav,1.0,0.9978561
/tmp/unfreezing_ablation_frozen_60k0cium/data/PhysioNet2022/training_data/85157_AV.wav,1.0,0.7022518
/tmp/unfreezing_ablation_frozen_60k0cium/data/PhysioNet2022/training_data/85157_MV.wav,1.0,0.89207333
/tmp/unfreezing_ablation_frozen_60k0cium/data/PhysioNet2022/training_data/85157_PV.wav,1.0,0.84115225
/tmp/unfreezing_ablation_frozen_60k0cium/data/PhysioNet2022/training_data/85157_TV.wav,1.0,0.5001119
/tmp/unfreezing_ablation_frozen_60k0cium/data/PhysioNet2022/training_data/85162_AV.wav,1.0,0.9997538
/tmp/unfreezing_ablation_frozen_60k0cium/data/PhysioNet2022/training_data/85162_MV.wav,1.0,0.99922323
/tmp/unfreezing_ablation_frozen_60k0cium/data/PhysioNet2022/training_data/85162_PV.wav,1.0,0.9971686
/tmp/unfreezing_ablation_frozen_60k0cium/data/PhysioNet2022/training_data/85162_TV.wav,1.0,0.95396465
/tmp/unfreezing_ablation_frozen_60k0cium/data/PhysioNet2022/training_data/85163_AV.wav,1.0,0.9694951
/tmp/unfreezing_ablation_frozen_60k0cium/data/PhysioNet2022/training_data/85163_MV.wav,1.0,0.99708396
/tmp/unfreezing_ablation_frozen_60k0cium/data/PhysioNet2022/training_data/85163_PV.wav,1.0,0.94467336
/tmp/unfreezing_ablation_frozen_60k0cium/data/PhysioNet2022/training_data/85163_TV.wav,1.0,0.9833718
/tmp/unfreezing_ablation_frozen_60k0cium/data/PhysioNet2022/training_data/85164_AV.wav,1.0,0.9796799
/tmp/unfreezing_ablation_frozen_60k0cium/data/PhysioNet2022/training_data/85164_MV.wav,1.0,0.9958733
/tmp/unfreezing_ablation_frozen_60k0cium/data/PhysioNet2022/training_data/85164_PV.wav,1.0,0.99043256
/tmp/unfreezing_ablation_frozen_60k0cium/data/PhysioNet2022/training_data/85164_TV.wav,1.0,0.9994796
/tmp/unfreezing_ablation_frozen_60k0cium/data/PhysioNet2022/training_data/85168_AV.wav,1.0,0.9990007
/tmp/unfreezing_ablation_frozen_60k0cium/data/PhysioNet2022/training_data/85168_MV.wav,1.0,0.9964617
/tmp/unfreezing_ablation_frozen_60k0cium/data/PhysioNet2022/training_data/85168_PV.wav,1.0,0.9945142
/tmp/unfreezing_ablation_frozen_60k0cium/data/PhysioNet2022/training_data/85168_TV.wav,1.0,0.98810345
/tmp/unfreezing_ablation_frozen_60k0cium/data/PhysioNet2022/training_data/85174_AV.wav,1.0,0.9865341
/tmp/unfreezing_ablation_frozen_60k0cium/data/PhysioNet2022/training_data/85174_MV.wav,1.0,0.9972609
/tmp/unfreezing_ablation_frozen_60k0cium/data/PhysioNet2022/training_data/85174_PV.wav,1.0,0.9351764
/tmp/unfreezing_ablation_frozen_60k0cium/data/PhysioNet2022/training_data/85174_TV.wav,1.0,0.9910585
/tmp/unfreezing_ablation_frozen_60k0cium/data/PhysioNet2022/training_data/85175_AV.wav,1.0,0.9898024
/tmp/unfreezing_ablation_frozen_60k0cium/data/PhysioNet2022/training_data/85175_MV.wav,1.0,0.999701
/tmp/unfreezing_ablation_frozen_60k0cium/data/PhysioNet2022/training_data/85175_PV.wav,1.0,0.97732544
/tmp/unfreezing_ablation_frozen_60k0cium/data/PhysioNet2022/training_data/85175_TV.wav,1.0,0.9999063
/tmp/unfreezing_ablation_frozen_60k0cium/data/PhysioNet2022/training_data/85186_AV.wav,1.0,0.9918584
/tmp/unfreezing_ablation_frozen_60k0cium/data/PhysioNet2022/training_data/85186_PV.wav,1.0,0.9726836
/tmp/unfreezing_ablation_frozen_60k0cium/data/PhysioNet2022/training_data/85186_TV.wav,1.0,0.9813969
/tmp/unfreezing_ablation_frozen_60k0cium/data/PhysioNet2022/training_data/85202_AV.wav,1.0,0.99960405
/tmp/unfreezing_ablation_frozen_60k0cium/data/PhysioNet2022/training_data/85202_MV.wav,1.0,0.9994331
/tmp/unfreezing_ablation_frozen_60k0cium/data/PhysioNet2022/training_data/85207_AV.wav,1.0,0.98127526
/tmp/unfreezing_ablation_frozen_60k0cium/data/PhysioNet2022/training_data/85207_MV.wav,1.0,0.9986792
/tmp/unfreezing_ablation_frozen_60k0cium/data/PhysioNet2022/training_data/85207_PV.wav,1.0,0.9905529
/tmp/unfreezing_ablation_frozen_60k0cium/data/PhysioNet2022/training_data/85207_TV.wav,1.0,0.9856354
/tmp/unfreezing_ablation_frozen_60k0cium/data/PhysioNet2022/training_data/85212_AV.wav,1.0,0.5390251
/tmp/unfreezing_ablation_frozen_60k0cium/data/PhysioNet2022/training_data/85212_MV.wav,1.0,0.9991671
/tmp/unfreezing_ablation_frozen_60k0cium/data/PhysioNet2022/training_data/85212_PV.wav,1.0,0.9928785
/tmp/unfreezing_ablation_frozen_60k0cium/data/PhysioNet2022/training_data/85212_TV.wav,1.0,0.9824348
/tmp/unfreezing_ablation_frozen_60k0cium/data/PhysioNet2022/training_data/85216_AV.wav,1.0,0.9870013
/tmp/unfreezing_ablation_frozen_60k0cium/data/PhysioNet2022/training_data/85216_MV.wav,1.0,0.9956994
/tmp/unfreezing_ablation_frozen_60k0cium/data/PhysioNet2022/training_data/85216_PV.wav,1.0,0.99788946
/tmp/unfreezing_ablation_frozen_60k0cium/data/PhysioNet2022/training_data/85216_TV.wav,1.0,0.9951165
/tmp/unfreezing_ablation_frozen_60k0cium/data/PhysioNet2022/training_data/85230_AV.wav,1.0,0.9992072
/tmp/unfreezing_ablation_frozen_60k0cium/data/PhysioNet2022/training_data/85230_MV.wav,1.0,0.9989735
/tmp/unfreezing_ablation_frozen_60k0cium/data/PhysioNet2022/training_data/85230_PV.wav,1.0,0.9821014
/tmp/unfreezing_ablation_frozen_60k0cium/data/PhysioNet2022/training_data/85230_TV.wav,1.0,0.9731575
/tmp/unfreezing_ablation_frozen_60k0cium/data/PhysioNet2022/training_data/85234_AV.wav,1.0,0.9953833
/tmp/unfreezing_ablation_frozen_60k0cium/data/PhysioNet2022/training_data/85234_MV.wav,1.0,0.9942713
/tmp/unfreezing_ablation_frozen_60k0cium/data/PhysioNet2022/training_data/85234_PV.wav,1.0,0.996402
/tmp/unfreezing_ablation_frozen_60k0cium/data/PhysioNet2022/training_data/85234_TV.wav,1.0,0.9625713
/tmp/unfreezing_ablation_frozen_60k0cium/data/PhysioNet2022/training_data/85236_AV.wav,1.0,0.4512915
/tmp/unfreezing_ablation_frozen_60k0cium/data/PhysioNet2022/training_data/85236_MV.wav,1.0,0.9960975
/tmp/unfreezing_ablation_frozen_60k0cium/data/PhysioNet2022/training_data/85236_PV.wav,1.0,0.998836
/tmp/unfreezing_ablation_frozen_60k0cium/data/PhysioNet2022/training_data/85236_TV.wav,1.0,0.66880107
/tmp/unfreezing_ablation_frozen_60k0cium/data/PhysioNet2022/training_data/85239_AV.wav,1.0,0.99915504
/tmp/unfreezing_ablation_frozen_60k0cium/data/PhysioNet2022/training_data/85239_MV.wav,1.0,0.7809461
/tmp/unfreezing_ablation_frozen_60k0cium/data/PhysioNet2022/training_data/85239_PV.wav,1.0,0.97713727
/tmp/unfreezing_ablation_frozen_60k0cium/data/PhysioNet2022/training_data/85239_TV.wav,1.0,0.99728084
/tmp/unfreezing_ablation_frozen_60k0cium/data/PhysioNet2022/training_data/85244_AV.wav,1.0,0.9779147
/tmp/unfreezing_ablation_frozen_60k0cium/data/PhysioNet2022/training_data/85244_MV.wav,1.0,0.99902654
/tmp/unfreezing_ablation_frozen_60k0cium/data/PhysioNet2022/training_data/85244_PV.wav,1.0,0.98788327
/tmp/unfreezing_ablation_frozen_60k0cium/data/PhysioNet2022/training_data/85244_TV.wav,1.0,0.9948715
/tmp/unfreezing_ablation_frozen_60k0cium/data/PhysioNet2022/training_data/85247_AV.wav,1.0,0.98811406
/tmp/unfreezing_ablation_frozen_60k0cium/data/PhysioNet2022/training_data/85247_MV.wav,1.0,0.9920901
/tmp/unfreezing_ablation_frozen_60k0cium/data/PhysioNet2022/training_data/85247_PV.wav,1.0,0.99955004
/tmp/unfreezing_ablation_frozen_60k0cium/data/PhysioNet2022/training_data/85247_TV.wav,1.0,0.9984884
/tmp/unfreezing_ablation_frozen_60k0cium/data/PhysioNet2022/training_data/85252_AV.wav,1.0,0.93363005
/tmp/unfreezing_ablation_frozen_60k0cium/data/PhysioNet2022/training_data/85252_MV.wav,1.0,0.94323134
/tmp/unfreezing_ablation_frozen_60k0cium/data/PhysioNet2022/training_data/85252_PV.wav,1.0,0.9084715
/tmp/unfreezing_ablation_frozen_60k0cium/data/PhysioNet2022/training_data/85252_TV.wav,1.0,0.9982455
/tmp/unfreezing_ablation_frozen_60k0cium/data/PhysioNet2022/training_data/85253_AV.wav,1.0,0.9956578
/tmp/unfreezing_ablation_frozen_60k0cium/data/PhysioNet2022/training_data/85253_MV.wav,1.0,0.98597485
/tmp/unfreezing_ablation_frozen_60k0cium/data/PhysioNet2022/training_data/85253_PV.wav,1.0,0.9910692
/tmp/unfreezing_ablation_frozen_60k0cium/data/PhysioNet2022/training_data/85253_TV.wav,1.0,0.94954497
/tmp/unfreezing_ablation_frozen_60k0cium/data/PhysioNet2022/training_data/85258_AV.wav,1.0,0.9951645
/tmp/unfreezing_ablation_frozen_60k0cium/data/PhysioNet2022/training_data/85258_MV.wav,1.0,0.9986541
/tmp/unfreezing_ablation_frozen_60k0cium/data/PhysioNet2022/training_data/85258_PV.wav,1.0,0.9218572
/tmp/unfreezing_ablation_frozen_60k0cium/data/PhysioNet2022/training_data/85258_TV.wav,1.0,0.9830824
/tmp/unfreezing_ablation_frozen_60k0cium/data/PhysioNet2022/training_data/85276_MV.wav,1.0,0.99076766
/tmp/unfreezing_ablation_frozen_60k0cium/data/PhysioNet2022/training_data/85277_AV.wav,1.0,0.9598989
/tmp/unfreezing_ablation_frozen_60k0cium/data/PhysioNet2022/training_data/85277_MV.wav,1.0,0.992867
/tmp/unfreezing_ablation_frozen_60k0cium/data/PhysioNet2022/training_data/85277_PV.wav,1.0,0.9957426
/tmp/unfreezing_ablation_frozen_60k0cium/data/PhysioNet2022/training_data/85277_TV.wav,1.0,0.90970343
/tmp/unfreezing_ablation_frozen_60k0cium/data/PhysioNet2022/training_data/85282_AV.wav,1.0,0.98679346
/tmp/unfreezing_ablation_frozen_60k0cium/data/PhysioNet2022/training_data/85282_MV.wav,1.0,0.81986195
/tmp/unfreezing_ablation_frozen_60k0cium/data/PhysioNet2022/training_data/85282_PV.wav,1.0,0.9916304
/tmp/unfreezing_ablation_frozen_60k0cium/data/PhysioNet2022/training_data/85282_TV.wav,1.0,0.94797254
/tmp/unfreezing_ablation_frozen_60k0cium/data/PhysioNet2022/training_data/85285_AV.wav,1.0,0.9395756
/tmp/unfreezing_ablation_frozen_60k0cium/data/PhysioNet2022/training_data/85285_MV.wav,1.0,0.9687234
/tmp/unfreezing_ablation_frozen_60k0cium/data/PhysioNet2022/training_data/85285_PV.wav,1.0,0.9890007
/tmp/unfreezing_ablation_frozen_60k0cium/data/PhysioNet2022/training_data/85285_TV.wav,1.0,0.77195466
/tmp/unfreezing_ablation_frozen_60k0cium/data/PhysioNet2022/training_data/85293_AV.wav,1.0,0.9945687
/tmp/unfreezing_ablation_frozen_60k0cium/data/PhysioNet2022/training_data/85293_MV.wav,1.0,0.9826952
/tmp/unfreezing_ablation_frozen_60k0cium/data/PhysioNet2022/training_data/85293_PV.wav,1.0,0.9748424
/tmp/unfreezing_ablation_frozen_60k0cium/data/PhysioNet2022/training_data/85293_TV.wav,1.0,0.99938405
/tmp/unfreezing_ablation_frozen_60k0cium/data/PhysioNet2022/training_data/85312_AV.wav,1.0,0.9967487
/tmp/unfreezing_ablation_frozen_60k0cium/data/PhysioNet2022/training_data/85312_MV.wav,1.0,0.9969199
/tmp/unfreezing_ablation_frozen_60k0cium/data/PhysioNet2022/training_data/85312_PV.wav,1.0,0.9934842
/tmp/unfreezing_ablation_frozen_60k0cium/data/PhysioNet2022/training_data/85312_TV.wav,1.0,0.97646457
/tmp/unfreezing_ablation_frozen_60k0cium/data/PhysioNet2022/training_data/85317_AV.wav,1.0,0.98971015
/tmp/unfreezing_ablation_frozen_60k0cium/data/PhysioNet2022/training_data/85323_PV.wav,1.0,0.98957646
/tmp/unfreezing_ablation_frozen_60k0cium/data/PhysioNet2022/training_data/85326_AV.wav,1.0,0.9934127
/tmp/unfreezing_ablation_frozen_60k0cium/data/PhysioNet2022/training_data/85326_MV.wav,1.0,0.9852958
/tmp/unfreezing_ablation_frozen_60k0cium/data/PhysioNet2022/training_data/85326_PV.wav,1.0,0.9841966
/tmp/unfreezing_ablation_frozen_60k0cium/data/PhysioNet2022/training_data/85326_TV.wav,1.0,0.99041736
/tmp/unfreezing_ablation_frozen_60k0cium/data/PhysioNet2022/training_data/85334_AV.wav,1.0,0.994831
/tmp/unfreezing_ablation_frozen_60k0cium/data/PhysioNet2022/training_data/85334_MV.wav,1.0,0.988422
/tmp/unfreezing_ablation_frozen_60k0cium/data/PhysioNet2022/training_data/85334_PV.wav,1.0,0.9795726
/tmp/unfreezing_ablation_frozen_60k0cium/data/PhysioNet2022/training_data/85334_TV.wav,1.0,0.9986179
/tmp/unfreezing_ablation_frozen_60k0cium/data/PhysioNet2022/training_data/85339_MV.wav,1.0,0.98904514
/tmp/unfreezing_ablation_frozen_60k0cium/data/PhysioNet2022/training_data/85345_AV.wav,1.0,0.9983255
/tmp/unfreezing_ablation_frozen_60k0cium/data/PhysioNet2022/training_data/85345_PV.wav,1.0,0.96507484
/tmp/unfreezing_ablation_frozen_60k0cium/data/PhysioNet2022/training_data/85349_AV.wav,1.0,0.99963164
/tmp/unfreezing_ablation_frozen_60k0cium/data/PhysioNet2022/training_data/85349_PV.wav,1.0,0.99423134
/tmp/unfreezing_ablation_frozen_60k0cium/data/PhysioNet2022/training_data/85349_TV.wav,1.0,0.99910176
noise,0.0,0.2949659
noise,0.0,0.15698855
noise,0.0,0.028910099
noise,0.0,0.1399163
noise,0.0,0.5382989
noise,0.0,0.11089766
noise,0.0,0.085736185
noise,0.0,0.09150351
noise,0.0,0.28556204
noise,0.0,0.040548973
noise,0.0,0.087232515
noise,0.0,0.124032095
noise,0.0,0.038066518
noise,0.0,0.1107958
noise,0.0,0.2139614
noise,0.0,0.08378877
noise,0.0,0.13967076
noise,0.0,0.161219
noise,0.0,0.23749934
noise,0.0,0.0810073
noise,0.0,0.04375802
noise,0.0,0.033617325
noise,0.0,0.05655329
noise,0.0,0.10170368
noise,0.0,0.2526422
noise,0.0,0.09547793
noise,0.0,0.073322445
noise,0.0,0.6264577
noise,0.0,0.12506975
noise,0.0,0.047549073
noise,0.0,0.112135224
noise,0.0,0.07014679
noise,0.0,0.06228618
noise,0.0,0.12106614
noise,0.0,0.04648144
noise,0.0,0.20333931
noise,0.0,0.057673655
noise,0.0,0.95378494
noise,0.0,0.25851634
noise,0.0,0.018253708
noise,0.0,0.37967804
noise,0.0,0.043148465
noise,0.0,0.046343926
noise,0.0,0.20668706
noise,0.0,0.7998411
noise,0.0,0.0841189
noise,0.0,0.2949659
noise,0.0,0.049291417
noise,0.0,0.08945052
noise,0.0,0.25751913
noise,0.0,0.3103549
noise,0.0,0.02204853
noise,0.0,0.7130626
noise,0.0,0.2386225
noise,0.0,0.19930485
noise,0.0,0.82255805
noise,0.0,0.16497797
noise,0.0,0.6252084
noise,0.0,0.045175437
noise,0.0,0.052219752
noise,0.0,0.11579428
noise,0.0,0.04153927
noise,0.0,0.3545354
noise,0.0,0.09982071
noise,0.0,0.28621155
noise,0.0,0.20510726
noise,0.0,0.04312523
noise,0.0,0.08967457
noise,0.0,0.093572654
noise,0.0,0.16022207
noise,0.0,0.09355046
noise,0.0,0.023884488
noise,0.0,0.19726264
noise,0.0,0.25812328
noise,0.0,0.27091935
noise,0.0,0.10069647
noise,0.0,0.18411571
noise,0.0,0.047816366
noise,0.0,0.06669307
noise,0.0,0.1727145
noise,0.0,0.049589753
noise,0.0,0.1069433
noise,0.0,0.030969383
noise,0.0,0.040243164
noise,0.0,0.79808533
noise,0.0,0.12190385
noise,0.0,0.023544045
noise,0.0,0.20907043
noise,0.0,0.014465251
noise,0.0,0.0627414
noise,0.0,0.08093529
noise,0.0,0.044733237
noise,0.0,0.034993228
noise,0.0,0.23233938
noise,0.0,0.3930626
noise,0.0,0.06585712
noise,0.0,0.066192985
noise,0.0,0.07299042
noise,0.0,0.06917718
noise,0.0,0.0318742
noise,0.0,0.07276405
noise,0.0,0.19057274
noise,0.0,0.29545325
noise,0.0,0.046768595
noise,0.0,0.08238535
noise,0.0,0.05688334
noise,0.0,0.062319238
noise,0.0,0.023727328
noise,0.0,0.0821587
noise,0.0,0.045484323
noise,0.0,0.13068295
noise,0.0,0.14559685
noise,0.0,0.24482293
noise,0.0,0.22342777
noise,0.0,0.37189293
noise,0.0,0.0984965
noise,0.0,0.34232152
noise,0.0,0.039617795
noise,0.0,0.08987266
noise,0.0,0.04837075
noise,0.0,0.03433152
noise,0.0,0.019841116
noise,0.0,0.050086405
noise,0.0,0.014528913
noise,0.0,0.057526488
noise,0.0,0.11680928
noise,0.0,0.049423356
noise,0.0,0.13917251
noise,0.0,0.084322184
noise,0.0,0.19412549
noise,0.0,0.073961616
noise,0.0,0.034296956
noise,0.0,0.041118007
noise,0.0,0.055974707
noise,0.0,0.43734592
noise,0.0,0.18981253
noise,0.0,0.121309064
noise,0.0,0.1446334
noise,0.0,0.18467632
noise,0.0,0.014575823
noise,0.0,0.36089092
noise,0.0,0.056807604
noise,0.0,0.10747432
noise,0.0,0.054940417
noise,0.0,0.14912014
noise,0.0,0.11216487
noise,0.0,0.18217754
noise,0.0,0.021604883
noise,0.0,0.044447795
noise,0.0,0.18053295
noise,0.0,0.03375776
noise,0.0,0.79871255
noise,0.0,0.61554223
noise,0.0,0.037104413
noise,0.0,0.011320695
noise,0.0,0.06917718
noise,0.0,0.043203097
noise,0.0,0.35324037
noise,0.0,0.53468424
noise,0.0,0.108796805
noise,0.0,0.2052765
noise,0.0,0.12094121
noise,0.0,0.5110639
noise,0.0,0.3308821
noise,0.0,0.29321176
noise,0.0,0.18985629
noise,0.0,0.2310723
noise,0.0,0.063560635
noise,0.0,0.7813482
noise,0.0,0.59511477
noise,0.0,0.11672249
noise,0.0,0.029528473
noise,0.0,0.051134095
noise,0.0,0.75261086
noise,0.0,0.4876786
noise,0.0,0.03211826
noise,0.0,0.082288004
noise,0.0,0.08231881
noise,0.0,0.3137802
noise,0.0,0.2696447
noise,0.0,0.22571963
noise,0.0,0.1379272
noise,0.0,0.51981044
noise,0.0,0.5987532
noise,0.0,0.26471663
noise,0.0,0.023792302
noise,0.0,0.117615625
noise,0.0,0.111781
noise,0.0,0.26890293
noise,0.0,0.16110854
noise,0.0,0.30940324
noise,0.0,0.2964066
noise,0.0,0.1888322
noise,0.0,0.4465171
noise,0.0,0.2708337
noise,0.0,0.10263578
noise,0.0,0.1576227
noise,0.0,0.037766915
noise,0.0,0.19066793
noise,0.0,0.014203965
noise,0.0,0.13628656
noise,0.0,0.043143317
noise,0.0,0.11361081
noise,0.0,0.028757617
noise,0.0,0.008344852
noise,0.0,0.052265935
noise,0.0,0.117953874
noise,0.0,0.03005346
noise,0.0,0.19419448
noise,0.0,0.012133331
noise,0.0,0.083148144
noise,0.0,0.5941526
noise,0.0,0.22124106
noise,0.0,0.24169724
noise,0.0,0.15002747
noise,0.0,0.13725425
noise,0.0,0.04062131
noise,0.0,0.07070844
noise,0.0,0.18944179
noise,0.0,0.11142326
noise,0.0,0.29746145
noise,0.0,0.07164327
noise,0.0,0.50974953
noise,0.0,0.1341144
noise,0.0,0.13353986
noise,0.0,0.17777817
noise,0.0,0.09662136
noise,0.0,0.017094072
noise,0.0,0.095197916
noise,0.0,0.03694289
noise,0.0,0.03425433
noise,0.0,0.8668864
noise,0.0,0.050462075
noise,0.0,0.42612967
noise,0.0,0.12773763
noise,0.0,0.44102138
noise,0.0,0.03913154
noise,0.0,0.058516122
noise,0.0,0.14277913
noise,0.0,0.36010072
noise,0.0,0.11643266
noise,0.0,0.12705082
noise,0.0,0.08535999
noise,0.0,0.32559004
noise,0.0,0.04069008
noise,0.0,0.106162325
noise,0.0,0.08398937
noise,0.0,0.55413073
noise,0.0,0.07800935
noise,0.0,0.15411215
noise,0.0,0.22525422
noise,0.0,0.06972414
noise,0.0,0.049558055
noise,0.0,0.1510636
noise,0.0,0.103779845
noise,0.0,0.14986436
noise,0.0,0.1455092
noise,0.0,0.0663694
noise,0.0,0.53193253
noise,0.0,0.037518345
noise,0.0,0.399197
noise,0.0,0.047823463
noise,0.0,0.042840503
noise,0.0,0.15034585
noise,0.0,0.12662128
noise,0.0,0.07854267
noise,0.0,0.08672483
noise,0.0,0.5472912
noise,0.0,0.03631778
noise,0.0,0.23384584
noise,0.0,0.014059053
noise,0.0,0.06560891
noise,0.0,0.5869254
noise,0.0,0.304909
noise,0.0,0.2623989
noise,0.0,0.84648883
noise,0.0,0.015563055
noise,0.0,0.08979746
noise,0.0,0.32457575
noise,0.0,0.042536706
noise,0.0,0.114397384
noise,0.0,0.1405267
noise,0.0,0.039573617
noise,0.0,0.95287335
noise,0.0,0.09984288
noise,0.0,0.33460715
noise,0.0,0.40804532
noise,0.0,0.08854974
noise,0.0,0.42572588
noise,0.0,0.09023587
noise,0.0,0.14945881
noise,0.0,0.009956634
noise,0.0,0.43615285
noise,0.0,0.033659305
noise,0.0,0.044207696
noise,0.0,0.07152649
noise,0.0,0.10414949
noise,0.0,0.07357633
noise,0.0,0.032094356
noise,0.0,0.08296493
noise,0.0,0.37614813
noise,0.0,0.24916801
noise,0.0,0.31557977
noise,0.0,0.0109242285
noise,0.0,0.022750864
noise,0.0,0.014560278
noise,0.0,0.07279198
noise,0.0,0.093968034
noise,0.0,0.023202423
noise,0.0,0.062710226
noise,0.0,0.099587634
noise,0.0,0.15319876
noise,0.0,0.21182744
noise,0.0,0.020351091
noise,0.0,0.11976994
noise,0.0,0.047451675
noise,0.0,0.15309896
noise,0.0,0.087883435
noise,0.0,0.09873212
noise,0.0,0.042962607
noise,0.0,0.21438889
noise,0.0,0.39712244
noise,0.0,0.035355087
noise,0.0,0.037012454
noise,0.0,0.08064497
noise,0.0,0.28482065
noise,0.0,0.23628683
noise,0.0,0.33192047
noise,0.0,0.07051758
noise,0.0,0.45950678
noise,0.0,0.23391074
noise,0.0,0.01863381
noise,0.0,0.23900339
noise,0.0,0.3211235
noise,0.0,0.47624218
noise,0.0,0.35060805
noise,0.0,0.05804442
noise,0.0,0.16078359
noise,0.0,0.5400952
noise,0.0,0.14757621
noise,0.0,0.25961086
noise,0.0,0.03956053
noise,0.0,0.02783247
noise,0.0,0.04409667
noise,0.0,0.22365455
noise,0.0,0.81852645
noise,0.0,0.022728495
noise,0.0,0.027494555
noise,0.0,0.7935705
noise,0.0,0.030893004
noise,0.0,0.57532084
noise,0.0,0.56188625
noise,0.0,0.01265648
noise,0.0,0.30845276
noise,0.0,0.56167
noise,0.0,0.52262765
noise,0.0,0.06291452
noise,0.0,0.06478385
noise,0.0,0.5764136
noise,0.0,0.06842396
noise,0.0,0.25440976
noise,0.0,0.031412207
noise,0.0,0.023710303
noise,0.0,0.2760415
noise,0.0,0.16910172
noise,0.0,0.33259115
noise,0.0,0.024387011
noise,0.0,0.19449472
noise,0.0,0.25326684
noise,0.0,0.11344267
noise,0.0,0.11721622
noise,0.0,0.057352863
noise,0.0,0.090726376
noise,0.0,0.06279161
noise,0.0,0.09800766
noise,0.0,0.48937124
noise,0.0,0.24718027
noise,0.0,0.13968085
noise,0.0,0.17502825
noise,0.0,0.45696336
noise,0.0,0.039214488
noise,0.0,0.0111693125
noise,0.0,0.081360005
noise,0.0,0.19546051
noise,0.0,0.08227774
noise,0.0,0.1272467
noise,0.0,0.021456601
noise,0.0,0.17040166
noise,0.0,0.068190716
noise,0.0,0.060421795
noise,0.0,0.6038714
noise,0.0,0.051935516
noise,0.0,0.07742668
noise,0.0,0.070778854
noise,0.0,0.01840251
noise,0.0,0.047561727
noise,0.0,0.09321575
noise,0.0,0.04549325
noise,0.0,0.0724768
noise,0.0,0.17356965
noise,0.0,0.09329338
noise,0.0,0.08650114
noise,0.0,0.14414236
noise,0.0,0.045703795
noise,0.0,0.21507089
noise,0.0,0.10147685
noise,0.0,0.0804306
noise,0.0,0.016824292
noise,0.0,0.17595264
noise,0.0,0.32688034
noise,0.0,0.17527016
noise,0.0,0.09057459
noise,0.0,0.027068568
noise,0.0,0.033099603
noise,0.0,0.08129304
noise,0.0,0.12364241
noise,0.0,0.22537628
noise,0.0,0.5989628
noise,0.0,0.07544449
noise,0.0,0.022905806
noise,0.0,0.052122854
noise,0.0,0.034928367
noise,0.0,0.1028599
noise,0.0,0.2547182
noise,0.0,0.124663815
noise,0.0,0.1388538
noise,0.0,0.12994935
noise,0.0,0.2614213
noise,0.0,0.01443002
noise,0.0,0.12589821
noise,0.0,0.47693372
noise,0.0,0.6437103
noise,0.0,0.027282916
noise,0.0,0.10772323
noise,0.0,0.09944878
noise,0.0,0.15927526
noise,0.0,0.6631096
noise,0.0,0.041863885
noise,0.0,0.098150164
noise,0.0,0.18128686
noise,0.0,0.21431535
noise,0.0,0.08678299
noise,0.0,0.18548103
noise,0.0,0.25751913
noise,0.0,0.27589655
noise,0.0,0.23811504
noise,0.0,0.40393236
noise,0.0,0.4322727
noise,0.0,0.08315525
noise,0.0,0.13300365
noise,0.0,0.12914653
noise,0.0,0.14069581
noise,0.0,0.18332262
noise,0.0,0.08032793
noise,0.0,0.13707195
noise,0.0,0.05540352
noise,0.0,0.026639001
noise,0.0,0.03150675
noise,0.0,0.14166497
noise,0.0,0.2533506
noise,0.0,0.1386426
noise,0.0,0.095583424
noise,0.0,0.047714166
noise,0.0,0.11880158
noise,0.0,0.19574657
noise,0.0,0.0631305
noise,0.0,0.039733164
noise,0.0,0.19674659
noise,0.0,0.19061734
noise,0.0,0.49256438
noise,0.0,0.029902626
noise,0.0,0.531876
noise,0.0,0.26545316
noise,0.0,0.030519467
noise,0.0,0.16994132
noise,0.0,0.08760882
noise,0.0,0.11433474
noise,0.0,0.1756023
noise,0.0,0.060516134
noise,0.0,0.3474667
noise,0.0,0.41717532
noise,0.0,0.016257247
noise,0.0,0.14108461
noise,0.0,0.024086758
noise,0.0,0.042523038
noise,0.0,0.070610695
noise,0.0,0.41385078
noise,0.0,0.18896583
noise,0.0,0.06868395
noise,0.0,0.08336341
noise,0.0,0.28547505
noise,0.0,0.2489262
noise,0.0,0.08690194
noise,0.0,0.12984419
noise,0.0,0.04485398
noise,0.0,0.30573705
noise,0.0,0.2571123
noise,0.0,0.10699287
noise,0.0,0.056824278
noise,0.0,0.24924235
noise,0.0,0.09964457
noise,0.0,0.502475
noise,0.0,0.26056382
noise,0.0,0.34603217
noise,0.0,0.19968924
noise,0.0,0.11525426
noise,0.0,0.27106
noise,0.0,0.072303444
noise,0.0,0.09759846
noise,0.0,0.6696394
noise,0.0,0.083162054
noise,0.0,0.14383839
noise,0.0,0.37744567
noise,0.0,0.023134803
noise,0.0,0.021988379
noise,0.0,0.09337175
noise,0.0,0.06032538
noise,0.0,0.01943021
noise,0.0,0.16798699
noise,0.0,0.07874016
noise,0.0,0.040336125
noise,0.0,0.055717114
noise,0.0,0.06407905
noise,0.0,0.112135224
noise,0.0,0.11241436
noise,0.0,0.06932672
noise,0.0,0.15310678
noise,0.0,0.05383223
noise,0.0,0.057761617
noise,0.0,0.829054
noise,0.0,0.11834038
noise,0.0,0.06648534
noise,0.0,0.15999843
noise,0.0,0.45151109
noise,0.0,0.070104375
noise,0.0,0.035354625
noise,0.0,0.057328984
noise,0.0,0.11583493
noise,0.0,0.40652695
noise,0.0,0.038216457
noise,0.0,0.8565924
noise,0.0,0.07265457
noise,0.0,0.066628814
noise,0.0,0.027808813
noise,0.0,0.1217247
noise,0.0,0.075667575
noise,0.0,0.051988345
noise,0.0,0.06383975
noise,0.0,0.17101763
noise,0.0,0.2382116
noise,0.0,0.052910775
noise,0.0,0.2005843
noise,0.0,0.16893731
noise,0.0,0.5733219
noise,0.0,0.044794317
noise,0.0,0.055376753
noise,0.0,0.3596802
noise,0.0,0.6953439
noise,0.0,0.055247117
noise,0.0,0.11204963
noise,0.0,0.064289205
noise,0.0,0.08678299
noise,0.0,0.075813614
noise,0.0,0.24569687
noise,0.0,0.30411422
noise,0.0,0.418527
noise,0.0,0.8750458
noise,0.0,0.12377583
noise,0.0,0.05269085
noise,0.0,0.13114664
noise,0.0,0.22991714
noise,0.0,0.05054652
noise,0.0,0.17469278
noise,0.0,0.047686532
noise,0.0,0.12718892
noise,0.0,0.0199015
noise,0.0,0.05297456
noise,0.0,0.2613901
noise,0.0,0.100651786
noise,0.0,0.13550422
noise,0.0,0.48073113
noise,0.0,0.081257686
noise,0.0,0.10437438
noise,0.0,0.09074497
noise,0.0,0.08121543
noise,0.0,0.13750635
noise,0.0,0.17031416
noise,0.0,0.3553679
noise,0.0,0.14412086
noise,0.0,0.24353436
noise,0.0,0.035117086
noise,0.0,0.09611083
noise,0.0,0.04100916
noise,0.0,0.026623324
noise,0.0,0.12593314
noise,0.0,0.11756592
noise,0.0,0.65881675
noise,0.0,0.09935913
noise,0.0,0.06431668
noise,0.0,0.35022643
noise,0.0,0.049148243
noise,0.0,0.16650888
noise,0.0,0.037880022
noise,0.0,0.12459348
noise,0.0,0.062093638
noise,0.0,0.023305418
noise,0.0,0.06588806
noise,0.0,0.18266101
noise,0.0,0.06301245
noise,0.0,0.036456786
noise,0.0,0.5063873
noise,0.0,0.10792089
noise,0.0,0.101830736
noise,0.0,0.039143287
noise,0.0,0.5570822
noise,0.0,0.022793233
noise,0.0,0.05688359
noise,0.0,0.108626224
noise,0.0,0.053170662
noise,0.0,0.8885153
noise,0.0,0.14164142
noise,0.0,0.051367912
noise,0.0,0.33962652
noise,0.0,0.07865179
noise,0.0,0.04421003
noise,0.0,0.2698351
noise,0.0,0.036367547
noise,0.0,0.17714423
noise,0.0,0.12761748
noise,0.0,0.036155984
noise,0.0,0.07469534
noise,0.0,0.78758353
noise,0.0,0.2634915
noise,0.0,0.013209065
noise,0.0,0.3422839
noise,0.0,0.15774031
noise,0.0,0.036567956
noise,0.0,0.57679224
noise,0.0,0.44811055
noise,0.0,0.15279715
noise,0.0,0.28324908
noise,0.0,0.12125086
noise,0.0,0.10964378
noise,0.0,0.19655332
noise,0.0,0.10683385
noise,0.0,0.16256526
noise,0.0,0.06898842
noise,0.0,0.043847293
noise,0.0,0.06900965
noise,0.0,0.05328355
noise,0.0,0.3648633
noise,0.0,0.019877138
noise,0.0,0.05576242
noise,0.0,0.17102523
noise,0.0,0.12192095
noise,0.0,0.21860373
noise,0.0,0.07158497
noise,0.0,0.12365471
noise,0.0,0.66498345
noise,0.0,0.37759155
noise,0.0,0.9215001
noise,0.0,0.050894443
noise,0.0,0.55028284
noise,0.0,0.07690855
noise,0.0,0.23415838
noise,0.0,0.16986518
noise,0.0,0.27227724
noise,0.0,0.056561682
noise,0.0,0.039028525
noise,0.0,0.006115323
noise,0.0,0.04342678
noise,0.0,0.08911787
noise,0.0,0.117769755
noise,0.0,0.042506017
noise,0.0,0.05132518
noise,0.0,0.24819425
noise,0.0,0.074958324
noise,0.0,0.044749543
noise,0.0,0.49526727
noise,0.0,0.120070815
noise,0.0,0.18203716
noise,0.0,0.3950336
noise,0.0,0.020501018
noise,0.0,0.2798215
noise,0.0,0.3138354
noise,0.0,0.033138487
noise,0.0,0.18097952
noise,0.0,0.05581786
noise,0.0,0.4120492
noise,0.0,0.35812163
noise,0.0,0.095249556
noise,0.0,0.013761911
noise,0.0,0.03379317
noise,0.0,0.5010757
noise,0.0,0.10402129
noise,0.0,0.43210015
noise,0.0,0.030904213
noise,0.0,0.101560615
noise,0.0,0.06233124
noise,0.0,0.21419409
noise,0.0,0.10948685
noise,0.0,0.39583287
noise,0.0,0.2536319
noise,0.0,0.11238062
noise,0.0,0.08065032
noise,0.0,0.056335546
noise,0.0,0.46426967
noise,0.0,0.019422749
noise,0.0,0.15045218
noise,0.0,0.15701994
noise,0.0,0.8301375
noise,0.0,0.16806066
noise,0.0,0.389353
noise,0.0,0.05329916
noise,0.0,0.13906173
noise,0.0,0.3721253
noise,0.0,0.16928542
noise,0.0,0.26875308
noise,0.0,0.4021895
noise,0.0,0.02509502
noise,0.0,0.18624854
noise,0.0,0.39446124
noise,0.0,0.035780266
noise,0.0,0.07500219
noise,0.0,0.0145315975
noise,0.0,0.06817742
noise,0.0,0.38798884
noise,0.0,0.10025679
noise,0.0,0.539926
noise,0.0,0.13958474
noise,0.0,0.5589941
noise,0.0,0.11834038
noise,0.0,0.040427558
noise,0.0,0.35513455
noise,0.0,0.020125272
noise,0.0,0.119710594
noise,0.0,0.26887983
noise,0.0,0.14849888
noise,0.0,0.09710561
noise,0.0,0.064517125
noise,0.0,0.05414343
noise,0.0,0.06272599
noise,0.0,0.5841173
noise,0.0,0.06823087
noise,0.0,0.02614531
noise,0.0,0.031571854
noise,0.0,0.04994104
noise,0.0,0.80841655
noise,0.0,0.120070815
noise,0.0,0.3563263
noise,0.0,0.07971638
noise,0.0,0.029437186
noise,0.0,0.08152808
noise,0.0,0.6197341
noise,0.0,0.15564267
noise,0.0,0.3225382
noise,0.0,0.3021094
noise,0.0,0.5155983
noise,0.0,0.27049127
noise,0.0,0.4051881
noise,0.0,0.107613266
noise,0.0,0.3248075
noise,0.0,0.3295334
noise,0.0,0.2841664
noise,0.0,0.21010461
noise,0.0,0.08644166
noise,0.0,0.6698099
noise,0.0,0.6482823
noise,0.0,0.01902474
noise,0.0,0.01590625
noise,0.0,0.12837632
noise,0.0,0.0922679
noise,0.0,0.25572777
noise,0.0,0.054194294
noise,0.0,0.47130024
noise,0.0,0.15625478
noise,0.0,0.25550675
noise,0.0,0.068666995
noise,0.0,0.016079465
noise,0.0,0.084529735
noise,0.0,0.054389417
noise,0.0,0.07707539
noise,0.0,0.04771432
noise,0.0,0.05066942
noise,0.0,0.08483547
noise,0.0,0.1265268
noise,0.0,0.0869951
noise,0.0,0.19197193
noise,0.0,0.05650503
noise,0.0,0.05259817
noise,0.0,0.1301178
noise,0.0,0.20394637
noise,0.0,0.41286346
noise,0.0,0.10064369
noise,0.0,0.018675247
noise,0.0,0.2503375
noise,0.0,0.014779115
noise,0.0,0.048971634
noise,0.0,0.14192264
noise,0.0,0.39435738
noise,0.0,0.06689825
noise,0.0,0.31702772
noise,0.0,0.042785186
noise,0.0,0.040353
noise,0.0,0.015319986
noise,0.0,0.24778108
noise,0.0,0.21028359
noise,0.0,0.5554425
noise,0.0,0.15451767
noise,0.0,0.01616335
noise,0.0,0.10703085
noise,0.0,0.29498988
noise,0.0,0.01811648
noise,0.0,0.040548213
noise,0.0,0.38518938
noise,0.0,0.04621014
noise,0.0,0.020422395
noise,0.0,0.016668823
noise,0.0,0.13879666
noise,0.0,0.20879626
noise,0.0,0.6507215
noise,0.0,0.0751059
noise,0.0,0.37900284
noise,0.0,0.068024516
noise,0.0,0.03285866
noise,0.0,0.06652302
noise,0.0,0.03909731
noise,0.0,0.12927164
noise,0.0,0.07516402
noise,0.0,0.13319054
noise,0.0,0.041126613
noise,0.0,0.045158323
noise,0.0,0.06618302
noise,0.0,0.15375865
noise,0.0,0.039594706
noise,0.0,0.1559558
noise,0.0,0.11037903
noise,0.0,0.07693518
noise,0.0,0.14673802
noise,0.0,0.26248547
noise,0.0,0.07954362
noise,0.0,0.2125208
noise,0.0,0.14517774
noise,0.0,0.41348
noise,0.0,0.3880791
noise,0.0,0.2114393
noise,0.0,0.05653464
noise,0.0,0.059131872
noise,0.0,0.5142601
noise,0.0,0.022132555
noise,0.0,0.2915882
noise,0.0,0.055012103
noise,0.0,0.022691986
noise,0.0,0.6744864
noise,0.0,0.07176231
noise,0.0,0.15356372
noise,0.0,0.14642608
noise,0.0,0.16722308
noise,0.0,0.06979231
noise,0.0,0.040963326
noise,0.0,0.033921402
noise,0.0,0.1717496
noise,0.0,0.23718075
noise,0.0,0.22815776
noise,0.0,0.09413715
noise,0.0,0.08634674
noise,0.0,0.060121145
noise,0.0,0.25184548
noise,0.0,0.09551822
noise,0.0,0.059837673
noise,0.0,0.04838152
noise,0.0,0.018168308
noise,0.0,0.43040735
noise,0.0,0.08982689
noise,0.0,0.40052986
noise,0.0,0.049822442
noise,0.0,0.5923898
noise,0.0,0.22724965
noise,0.0,0.21521056
noise,0.0,0.10133251
noise,0.0,0.4656603
noise,0.0,0.08072579
noise,0.0,0.14207536
noise,0.0,0.15740006
noise,0.0,0.07514063
noise,0.0,0.15749717
noise,0.0,0.37929556
noise,0.0,0.68069977
noise,0.0,0.036962256
noise,0.0,0.17553437
noise,0.0,0.030336514
noise,0.0,0.6530417
noise,0.0,0.096883595
noise,0.0,0.013970738
noise,0.0,0.20334126
noise,0.0,0.037914798
noise,0.0,0.016869824
noise,0.0,0.10970387
noise,0.0,0.078991786
noise,0.0,0.0374436
noise,0.0,0.39816776
noise,0.0,0.067350194
noise,0.0,0.04680503
noise,0.0,0.049975455
noise,0.0,0.037058186
noise,0.0,0.08214058
noise,0.0,0.12260382
noise,0.0,0.038371906
noise,0.0,0.016191633
noise,0.0,0.037232514
noise,0.0,0.1556094
noise,0.0,0.012183144
noise,0.0,0.53428596
noise,0.0,0.053632025
noise,0.0,0.0639701
noise,0.0,0.069243535
noise,0.0,0.08909798
noise,0.0,0.018989833
noise,0.0,0.22317551
noise,0.0,0.2796117
noise,0.0,0.04549546
noise,0.0,0.10854925
noise,0.0,0.04573548
noise,0.0,0.22821216
noise,0.0,0.13444263
noise,0.0,0.2989622
noise,0.0,0.10675921
noise,0.0,0.53873
noise,0.0,0.06632833
noise,0.0,0.13152854
noise,0.0,0.57060534
noise,0.0,0.11618344
noise,0.0,0.11068855
noise,0.0,0.12136378
noise,0.0,0.012490329
noise,0.0,0.2114571
noise,0.0,0.038992684
noise,0.0,0.06827806
noise,0.0,0.8695373
noise,0.0,0.09610261
noise,0.0,0.6446101
noise,0.0,0.05077513
noise,0.0,0.09730777
noise,0.0,0.18680945
noise,0.0,0.1248539
noise,0.0,0.11553151
noise,0.0,0.0982741
noise,0.0,0.14062655
noise,0.0,0.044721104
noise,0.0,0.4422341
noise,0.0,0.42105424
noise,0.0,0.17436485
noise,0.0,0.40797925
noise,0.0,0.4496001
noise,0.0,0.03818185
noise,0.0,0.073969506
noise,0.0,0.06606262
noise,0.0,0.63209474
noise,0.0,0.094114795
noise,0.0,0.08981007
noise,0.0,0.16922832
noise,0.0,0.07571917
noise,0.0,0.24035077
noise,0.0,0.48903295
noise,0.0,0.15598807
noise,0.0,0.32365423
noise,0.0,0.085583486
noise,0.0,0.33030924
noise,0.0,0.02222494
noise,0.0,0.1475864
noise,0.0,0.18165424
noise,0.0,0.052504938
noise,0.0,0.12529719
noise,0.0,0.020845752
noise,0.0,0.08576952
noise,0.0,0.057417527
noise,0.0,0.18246917
noise,0.0,0.06341882
noise,0.0,0.16068208
noise,0.0,0.12060317
noise,0.0,0.09861584
noise,0.0,0.11036871
noise,0.0,0.025318278
noise,0.0,0.4951513
noise,0.0,0.27404496
noise,0.0,0.23661326
noise,0.0,0.024791386
noise,0.0,0.3099806
noise,0.0,0.025581094
noise,0.0,0.50808376
noise,0.0,0.21599302
noise,0.0,0.20986173
noise,0.0,0.066092074
noise,0.0,0.12981762
noise,0.0,0.1982283
noise,0.0,0.08511222
noise,0.0,0.27434847
noise,0.0,0.1343707
noise,0.0,0.5216646
noise,0.0,0.104223765
noise,0.0,0.062386822
noise,0.0,0.039470326
noise,0.0,0.35007802
noise,0.0,0.2478944
noise,0.0,0.08657162
noise,0.0,0.059249904
noise,0.0,0.12801956
noise,0.0,0.042917274
noise,0.0,0.14860244
noise,0.0,0.054618586
noise,0.0,0.047811482
noise,0.0,0.054280672
noise,0.0,0.10268551
noise,0.0,0.11555071
noise,0.0,0.2832838
noise,0.0,0.36509994
noise,0.0,0.40146008
noise,0.0,0.13395517
noise,0.0,0.33922285
noise,0.0,0.036175847
noise,0.0,0.08627806
noise,0.0,0.04719718
noise,0.0,0.11388107
noise,0.0,0.049829476
noise,0.0,0.22536178
noise,0.0,0.09598602
noise,0.0,0.089140594
noise,0.0,0.09426821
noise,0.0,0.6245316
noise,0.0,0.1286168
noise,0.0,0.514814
noise,0.0,0.02821299
noise,0.0,0.062033582
noise,0.0,0.060639076
noise,0.0,0.044437494
noise,0.0,0.5015913
noise,0.0,0.2091983
noise,0.0,0.3159159
noise,0.0,0.2145275
noise,0.0,0.22440521
noise,0.0,0.09251419
noise,0.0,0.444118
noise,0.0,0.11279882
noise,0.0,0.018734168
noise,0.0,0.23759802
noise,0.0,0.17685232
noise,0.0,0.05437319
noise,0.0,0.082098454
noise,0.0,0.07220442
noise,0.0,0.071006246
noise,0.0,0.11574596
noise,0.0,0.038800407
noise,0.0,0.040961564
noise,0.0,0.056214765
noise,0.0,0.12509258
noise,0.0,0.16592386
noise,0.0,0.057841536
noise,0.0,0.66506267
noise,0.0,0.04519157
noise,0.0,0.05893231
noise,0.0,0.08772406
noise,0.0,0.26336846
noise,0.0,0.06423042
noise,0.0,0.6535408
noise,0.0,0.77246255
noise,0.0,0.03656463
noise,0.0,0.14152111
noise,0.0,0.35943177
noise,0.0,0.50820065
noise,0.0,0.03144205
