{
  "clean": {
    "0.0": {
      "auroc": {
        "mean": 1.0,
        "ci": 0.0
      },
      "auprc": {
        "mean": 1.0,
        "ci": 1.9501629437514144e-16
      },
      "f1": {
        "mean": 0.9989484098846152,
        "ci": 0.002262524590208186
      },
      "accuracy": {
        "mean": 0.9989483811040339,
        "ci": 0.002262679370698399
      },
      "sensitivity": {
        "mean": 0.9989583333333334,
        "ci": 0.0044819299267668785
      },
      "specificity": {
        "mean": 0.9989384288747346,
        "ci": 0.004567571899889746
      }
    },
    "0.25": {
      "auroc": {
        "mean": 0.9994734063917764,
        "ci": 0.0009394171967070558
      },
      "auprc": {
        "mean": 0.9994739731065949,
        "ci": 0.0009721328316857307
      },
      "f1": {
        "mean": 0.9536195139010317,
        "ci": 0.036201688107506
      },
      "accuracy": {
        "mean": 0.9557173430780118,
        "ci": 0.03267606617260648
      },
      "sensitivity": {
        "mean": 0.9135578284065545,
        "ci": 0.06950692164539574
      },
      "specificity": {
        "mean": 0.9978768577494691,
        "ci": 0.009135143799779493
      }
    },
    "0.5": {
      "auroc": {
        "mean": 0.9966393919288777,
        "ci": 0.0021725745651550313
      },
      "auprc": {
        "mean": 0.996839387824981,
        "ci": 0.002329041924338723
      },
      "f1": {
        "mean": 0.8513983896087364,
        "ci": 0.0999623509315205
      },
      "accuracy": {
        "mean": 0.8712312523817302,
        "ci": 0.07533984957003574
      },
      "sensitivity": {
        "mean": 0.7435240758887255,
        "ci": 0.15461588111188188
      },
      "specificity": {
        "mean": 0.9989384288747346,
        "ci": 0.004567571899889746
      }
    },
    "1.0": {
      "auroc": {
        "mean": 0.9816700658785967,
        "ci": 0.010368417921926344
      },
      "auprc": {
        "mean": 0.9825885221716365,
        "ci": 0.00903196292810192
      },
      "f1": {
        "mean": 0.6077783047977682,
        "ci": 0.13717089735211574
      },
      "accuracy": {
        "mean": 0.7184831611682726,
        "ci": 0.06839793161298585
      },
      "sensitivity": {
        "mean": 0.43908946458707604,
        "ci": 0.14412985390098162
      },
      "specificity": {
        "mean": 0.9978768577494691,
        "ci": 0.009135143799779493
      }
    },
    "10.0": {
      "auroc": {
        "mean": 0.5962933128051918,
        "ci": 0.03729810116606655
      },
      "auprc": {
        "mean": 0.5876586268181624,
        "ci": 0.03708097289252073
      },
      "f1": {
        "mean": 0.006289308176100628,
        "ci": 0.027060708991799635
      },
      "accuracy": {
        "mean": 0.5010615711252654,
        "ci": 0.004567571899889746
      },
      "sensitivity": {
        "mean": 0.003184713375796178,
        "ci": 0.013702715699669242
      },
      "specificity": {
        "mean": 0.9989384288747346,
        "ci": 0.004567571899889746
      }
    },
    "100.0": {
      "auroc": {
        "mean": 0.5121727985999277,
        "ci": 0.07327580672771335
      },
      "auprc": {
        "mean": 0.5122819772872873,
        "ci": 0.06262552241049373
      },
      "f1": {
        "mean": 0.0020964360587002098,
        "ci": 0.009020236330599878
      },
      "accuracy": {
        "mean": 0.49893842887473455,
        "ci": 0.004567571899889746
      },
      "sensitivity": {
        "mean": 0.0010615711252653928,
        "ci": 0.004567571899889747
      },
      "specificity": {
        "mean": 0.9968152866242038,
        "ci": 0.01370271569966924
      }
    },
    "25.0": {
      "auroc": {
        "mean": 0.5268051271704494,
        "ci": 0.02098494559838048
      },
      "auprc": {
        "mean": 0.5271863925935686,
        "ci": 0.02932946405489452
      },
      "f1": {
        "mean": 0.0041928721174004195,
        "ci": 0.018040472661199757
      },
      "accuracy": {
        "mean": 0.5,
        "ci": 0.0
      },
      "sensitivity": {
        "mean": 0.0021231422505307855,
        "ci": 0.009135143799779494
      },
      "specificity": {
        "mean": 0.9978768577494691,
        "ci": 0.009135143799779493
      }
    },
    "5.0": {
      "auroc": {
        "mean": 0.7183869869770282,
        "ci": 0.019981164263912672
      },
      "auprc": {
        "mean": 0.7181531425361714,
        "ci": 0.03828141111581025
      },
      "f1": {
        "mean": 0.020887108737576026,
        "ci": 0.03889557299355788
      },
      "accuracy": {
        "mean": 0.5047773252490609,
        "ci": 0.007948619134920721
      },
      "sensitivity": {
        "mean": 0.010616221623387228,
        "ci": 0.019968754239617352
      },
      "specificity": {
        "mean": 0.9989384288747346,
        "ci": 0.004567571899889746
      }
    },
    "50.0": {
      "auroc": {
        "mean": 0.49355761670708254,
        "ci": 0.05964837324838299
      },
      "auprc": {
        "mean": 0.49830069456251835,
        "ci": 0.057701574106700904
      },
      "f1": {
        "mean": 0.0041928721174004195,
        "ci": 0.018040472661199757
      },
      "accuracy": {
        "mean": 0.5,
        "ci": 0.0
      },
      "sensitivity": {
        "mean": 0.0021231422505307855,
        "ci": 0.009135143799779494
      },
      "specificity": {
        "mean": 0.9978768577494691,
        "ci": 0.009135143799779493
      }
    },
    "75.0": {
      "auroc": {
        "mean": 0.5001440045617261,
        "ci": 0.05798881547694846
      },
      "auprc": {
        "mean": 0.505766784371601,
        "ci": 0.03478172087729604
      },
      "f1": {
        "mean": 0.0041928721174004195,
        "ci": 0.018040472661199757
      },
      "accuracy": {
        "mean": 0.5,
        "ci": 0.0
      },
      "sensitivity": {
        "mean": 0.0021231422505307855,
        "ci": 0.009135143799779494
      },
      "specificity": {
        "mean": 0.9978768577494691,
        "ci": 0.009135143799779493
      }
    }
  },
  "noise_0_10": {
    "0.0": {
      "auroc": {
        "mean": 0.9999693119070914,
        "ci": 3.6547826262262224e-05
      },
      "auprc": {
        "mean": 0.9999693769224522,
        "ci": 3.643253587780409e-05
      },
      "f1": {
        "mean": 0.9566839417909662,
        "ci": 0.05585962348548225
      },
      "accuracy": {
        "mean": 0.9539523768129685,
        "ci": 0.06274607184828657
      },
      "sensitivity": {
        "mean": 1.0,
        "ci": 0.0
      },
      "specificity": {
        "mean": 0.9071115225312782,
        "ci": 0.12860481567523172
      }
    },
    "0.25": {
      "auroc": {
        "mean": 0.9996466955889751,
        "ci": 0.002298344349379355
      },
      "auprc": {
        "mean": 0.9996676483626478,
        "ci": 0.0020478790798695913
      },
      "f1": {
        "mean": 0.9674915589721715,
        "ci": 0.0019182302199463612
      },
      "accuracy": {
        "mean": 0.9664533317001469,
        "ci": 0.001361823756047911
      },
      "sensitivity": {
        "mean": 0.9983974358974359,
        "ci": 0.020362507590435976
      },
      "specificity": {
        "mean": 0.9345092275028581,
        "ci": 0.01763886007833945
      }
    },
    "0.5": {
      "auroc": {
        "mean": 0.9993686927412883,
        "ci": 0.003061421277989485
      },
      "auprc": {
        "mean": 0.9993992840527027,
        "ci": 0.0027940486581300157
      },
      "f1": {
        "mean": 0.9614997435848734,
        "ci": 0.056473093664174405
      },
      "accuracy": {
        "mean": 0.9600481789972236,
        "ci": 0.06251419527764417
      },
      "sensitivity": {
        "mean": 0.9968152866242038,
        "ci": 0.04046562017972003
      },
      "specificity": {
        "mean": 0.9232810713702433,
        "ci": 0.16549401073500908
      }
    },
    "1.0": {
      "auroc": {
        "mean": 0.9975545731764973,
        "ci": 0.011741383610453054
      },