{
  "0.0": {
    "auroc": {
      "mean": 0.9999763752748999,
      "ci": 2.770255986228029e-05
    },
    "auprc": {
      "mean": 0.9999764246058447,
      "ci": 2.76592299916965e-05
    },
    "f1": {
      "mean": 0.997649329772965,
      "ci": 0.0015847762655625583
    },
    "accuracy": {
      "mean": 0.9976518021779484,
      "ci": 0.0015821171895234677
    },
    "sensitivity": {
      "mean": 0.9972101808225655,
      "ci": 0.0024117574910275585
    },
    "specificity": {
      "mean": 0.998093423533331,
      "ci": 0.0016062044373297473
    }
  },
  "0.25": {
    "auroc": {
      "mean": 0.9998183892106904,
      "ci": 0.00013491465827319298
    },
    "auprc": {
      "mean": 0.9998296149610857,
      "ci": 0.00012009809588471151
    },
    "f1": {
      "mean": 0.9944682966953204,
      "ci": 0.0015332641174805818
    },
    "accuracy": {
      "mean": 0.9944701055052493,
      "ci": 0.0015315095744786948
    },
    "sensitivity": {
      "mean": 0.9942711702480744,
      "ci": 0.003011328923826466
    },
    "specificity": {
      "mean": 0.9946690407624239,
      "ci": 0.0027574222493536664
    }
  },
  "0.5": {
    "auroc": {
      "mean": 0.9996298486347964,
      "ci": 0.00022010612255587153
    },
    "auprc": {
      "mean": 0.9996400618987618,
      "ci": 0.00021197010519179635
    },
    "f1": {
      "mean": 0.9907505987649868,
      "ci": 0.003903367644643916
    },
    "accuracy": {
      "mean": 0.9907919823451227,
      "ci": 0.0038646267259581334
    },
    "sensitivity": {
      "mean": 0.9879047690121169,
      "ci": 0.0062047330317260615
    },
    "specificity": {
      "mean": 0.9936791956781285,
      "ci": 0.002359670460925948
    }
  },
  "1.0": {
    "auroc": {
      "mean": 0.997379455673232,
      "ci": 0.0011022567803744639
    },
    "auprc": {
      "mean": 0.9976171200243795,
      "ci": 0.0010302122282705856
    },
    "f1": {
      "mean": 0.9769934275675348,
      "ci": 0.005276812697865026
    },
    "accuracy": {
      "mean": 0.9770545043333261,
      "ci": 0.005258047254211676
    },
    "sensitivity": {
      "mean": 0.9747986836967932,
      "ci": 0.008515790967173347
    },
    "specificity": {
      "mean": 0.9793103249698593,
      "ci": 0.007415891597892153
    }
  },
  "10.0": {
    "auroc": {
      "mean": 0.7598970396874898,
      "ci": 0.00985170370868213
    },
    "auprc": {
      "mean": 0.7623794644404132,
      "ci": 0.015318112425644756
    },
    "f1": {
      "mean": 0.6659497321444825,
      "ci": 0.024179424067785546
    },
    "accuracy": {
      "mean": 0.683958253586996,
      "ci": 0.011200179918718826
    },
    "sensitivity": {
      "mean": 0.6362265702205327,
      "ci": 0.059258252643327736
    },
    "specificity": {
      "mean": 0.7316899369534594,
      "ci": 0.05710039926417457
    }
  },
  "100.0": {
    "auroc": {
      "mean": 0.5066362818219379,
      "ci": 0.012945348095860548
    },
    "auprc": {
      "mean": 0.5096555334573308,
      "ci": 0.01324732129812092
    },
    "f1": {
      "mean": 0.5258747249265957,
      "ci": 0.051779740549552276
    },
    "accuracy": {
      "mean": 0.5089150330607429,
      "ci": 0.011039599635623018
    },
    "sensitivity": {
      "mean": 0.5668426057022727,
      "ci": 0.11552564969540333
    },
    "specificity": {
      "mean": 0.4509874604192131,
      "ci": 0.12432948922336133
    }
  },
  "25.0": {
    "auroc": {
      "mean": 0.5774988184160528,
      "ci": 0.01199968790954021
    },
    "auprc": {
      "mean": 0.5777044538457976,
      "ci": 0.012013590339017936
    },
    "f1": {
      "mean": 0.5446045596456596,
      "ci": 0.04276336087523288
    },
    "accuracy": {
      "mean": 0.547867109068464,
      "ci": 0.015239684096274348
    },
    "sensitivity": {
      "mean": 0.5564806102861507,
      "ci": 0.09880279763447676
    },
    "specificity": {
      "mean": 0.5392536078507775,
      "ci": 0.11680394258216495
    }
  },
  "5.0": {
    "auroc": {
      "mean": 0.9029209050029037,
      "ci": 0.009712148027087515
    },
    "auprc": {
      "mean": 0.9089210141219217,
      "ci": 0.011129142135993857
    },
    "f1": {
      "mean": 0.8207954916905909,
      "ci": 0.010383298519539322
    },
    "accuracy": {
      "mean": 0.8207999522802787,
      "ci": 0.00967820103701012
    },
    "sensitivity": {
      "mean": 0.8224986276065799,
      "ci": 0.03628752696082769
    },
    "specificity": {
      "mean": 0.8191012769539775,
      "ci": 0.03986900048484202
    }
  },
  "50.0": {
    "auroc": {
      "mean": 0.49910453987905284,
      "ci": 0.01221692458530058
    },
    "auprc": {
      "mean": 0.5020076154143549,
      "ci": 0.010935608389750228
    },
    "f1": {
      "mean": 0.4735668508299361,
      "ci": 0.06715420583254657
    },
    "accuracy": {
      "mean": 0.4982007167491013,
      "ci": 0.010652371078256367
    },
    "sensitivity": {
      "mean": 0.47985552200940235,
      "ci": 0.13254133620740488
    },
    "specificity": {
      "mean": 0.5165459114888005,
      "ci": 0.13022289015328264
    }
  },
  "75.0": {
    "auroc": {
      "mean": 0.5201077167549361,
      "ci": 0.016171456539929786
    },
    "auprc": {
      "mean": 0.5235556273813269,
      "ci": 0.015674638047271577
    },
    "f1": {
      "mean": 0.4700872187574003,
      "ci": 0.09404724669662018
    },
    "accuracy": {
      "mean": 0.5169590988757731,
      "ci": 0.012870190005297126
    },
    "sensitivity": {
      "mean": 0.4754982002664959,
      "ci": 0.1543915978559064
    },
    "specificity": {
      "mean": 0.5584199974850502,
      "ci": 0.1527707343277155
    }
  }
}