filename,y_true,snr_db,probs
/Users/somesh/Desktop/onehearthealth/ast-heart-quality/data_processed/PhysioNet2022/training_data/46579_AV.wav,1,8.131876604026736,0.8193753602211452
/Users/somesh/Desktop/onehearthealth/ast-heart-quality/data_processed/PhysioNet2022/training_data/46579_MV.wav,1,4.388420602032543,0.6820979665710177
/Users/somesh/Desktop/onehearthealth/ast-heart-quality/data_processed/PhysioNet2022/training_data/46579_PV.wav,1,4.833447021179834,0.7010777552984
/Users/somesh/Desktop/onehearthealth/ast-heart-quality/data_processed/PhysioNet2022/training_data/46579_TV.wav,1,7.241514188918432,0.7915095563452343
/Users/somesh/Desktop/onehearthealth/ast-heart-quality/data_processed/PhysioNet2022/training_data/49572_MV.wav,1,0.7284158092096047,0.5078566209443546
/Users/somesh/Desktop/onehearthealth/ast-heart-quality/data_processed/PhysioNet2022/training_data/49572_PV.wav,1,3.4450569423217003,0.6398601704240773
/Users/somesh/Desktop/onehearthealth/ast-heart-quality/data_processed/PhysioNet2022/training_data/49572_TV.wav,1,5.550882974604969,0.7302561393012361
/Users/somesh/Desktop/onehearthealth/ast-heart-quality/data_processed/PhysioNet2022/training_data/49574_AV.wav,1,4.891877031363024,0.7035209953738958
/Users/somesh/Desktop/onehearthealth/ast-heart-quality/data_processed/PhysioNet2022/training_data/49574_MV.wav,1,4.244890071855533,0.6758410477669551
/Users/somesh/Desktop/onehearthealth/ast-heart-quality/data_processed/PhysioNet2022/training_data/49574_PV.wav,1,4.258349194064159,0.6764304931062494
/Users/somesh/Desktop/onehearthealth/ast-heart-quality/data_processed/PhysioNet2022/training_data/49574_TV.wav,1,5.757341999351882,0.7383121475362686
/Users/somesh/Desktop/onehearthealth/ast-heart-quality/data_processed/PhysioNet2022/training_data/49585_AV.wav,1,12.689247217977734,0.9186089614802836
/Users/somesh/Desktop/onehearthealth/ast-heart-quality/data_processed/PhysioNet2022/training_data/49585_MV.wav,1,3.696469430324382,0.6513639016909956
/Users/somesh/Desktop/onehearthealth/ast-heart-quality/data_processed/PhysioNet2022/training_data/49585_PV.wav,1,2.265436919183058,0.5839070879547738
/Users/somesh/Desktop/onehearthealth/ast-heart-quality/data_processed/PhysioNet2022/training_data/49585_TV.wav,1,7.709395043720101,0.8065309806389681
/Users/somesh/Desktop/onehearthealth/ast-heart-quality/data_processed/PhysioNet2022/training_data/49622_AV.wav,1,4.6936510829196285,0.6951856703268445
/Users/somesh/Desktop/onehearthealth/ast-heart-quality/data_processed/PhysioNet2022/training_data/49622_MV.wav,1,6.101926644509375,0.7514071512362608
/Users/somesh/Desktop/onehearthealth/ast-heart-quality/data_processed/PhysioNet2022/training_data/49638_AV.wav,1,9.542673101632207,0.8574512804914491
/Users/somesh/Desktop/onehearthealth/ast-heart-quality/data_processed/PhysioNet2022/training_data/49638_MV.wav,1,4.521524264293431,0.6878422299872657
/Users/somesh/Desktop/onehearthealth/ast-heart-quality/data_processed/PhysioNet2022/training_data/49638_PV.wav,1,3.876676424228251,0.6595032217645516
/Users/somesh/Desktop/onehearthealth/ast-heart-quality/data_processed/PhysioNet2022/training_data/49669_MV.wav,1,3.1339520505872387,0.6254008583555813
/Users/somesh/Desktop/onehearthealth/ast-heart-quality/data_processed/PhysioNet2022/training_data/49669_PV.wav,1,3.7580882387336754,0.6541572460474269
/Users/somesh/Desktop/onehearthealth/ast-heart-quality/data_processed/PhysioNet2022/training_data/49748_AV_1.wav,1,4.598693548999311,0.6911464701464761
/Users/somesh/Desktop/onehearthealth/ast-heart-quality/data_processed/PhysioNet2022/training_data/49748_AV_2.wav,1,7.819477777916677,0.8099432488692446
/Users/somesh/Desktop/onehearthealth/ast-heart-quality/data_processed/PhysioNet2022/training_data/49748_MV.wav,1,4.761126086208884,0.6980377397117554
/Users/somesh/Desktop/onehearthealth/ast-heart-quality/data_processed/PhysioNet2022/training_data/49748_PV_1.wav,1,2.8553935322861967,0.6122606168191053
/Users/somesh/Desktop/onehearthealth/ast-heart-quality/data_processed/PhysioNet2022/training_data/49748_PV_2.wav,1,6.371039411940572,0.7613243183560782
/Users/somesh/Desktop/onehearthealth/ast-heart-quality/data_processed/PhysioNet2022/training_data/49748_TV.wav,1,4.208832970034543,0.674259171262991
/Users/somesh/Desktop/onehearthealth/ast-heart-quality/data_processed/PhysioNet2022/training_data/49761_AV.wav,1,8.088920699082427,0.818100380304903
/Users/somesh/Desktop/onehearthealth/ast-heart-quality/data_processed/PhysioNet2022/training_data/49761_MV.wav,1,5.37079996208752,0.723102964581063
/Users/somesh/Desktop/onehearthealth/ast-heart-quality/data_processed/PhysioNet2022/training_data/49808_MV.wav,1,3.6207876181194063,0.6479187733919832
/Users/somesh/Desktop/onehearthealth/ast-heart-quality/data_processed/PhysioNet2022/training_data/49808_PV.wav,1,8.03639784900508,0.8165319461642849
/Users/somesh/Desktop/onehearthealth/ast-heart-quality/data_processed/PhysioNet2022/training_data/49808_TV.wav,1,4.288397248803211,0.6777444332658145
/Users/somesh/Desktop/onehearthealth/ast-heart-quality/data_processed/PhysioNet2022/training_data/49821_AV.wav,1,5.310258726623884,0.7206720528623742
/Users/somesh/Desktop/onehearthealth/ast-heart-quality/data_processed/PhysioNet2022/training_data/49821_MV.wav,1,4.479158474919967,0.6860200240290382
/Users/somesh/Desktop/onehearthealth/ast-heart-quality/data_processed/PhysioNet2022/training_data/49821_PV.wav,1,8.322570762369072,0.824951289586681
/Users/somesh/Desktop/onehearthealth/ast-heart-quality/data_processed/PhysioNet2022/training_data/49821_TV.wav,1,5.804220308346704,0.7401195424651059
/Users/somesh/Desktop/onehearthealth/ast-heart-quality/data_processed/PhysioNet2022/training_data/49823_MV.wav,1,4.593583634980108,0.6909282719980079
/Users/somesh/Desktop/onehearthealth/ast-heart-quality/data_processed/PhysioNet2022/training_data/49823_PV.wav,1,6.752951371919197,0.7749256301098704
/Users/somesh/Desktop/onehearthealth/ast-heart-quality/data_processed/PhysioNet2022/training_data/49823_TV.wav,1,4.259714879645821,0.6764902723688374
/Users/somesh/Desktop/onehearthealth/ast-heart-quality/data_processed/PhysioNet2022/training_data/49832_AV.wav,1,5.113317190565919,0.7126745556767728
/Users/somesh/Desktop/onehearthealth/ast-heart-quality/data_processed/PhysioNet2022/training_data/49832_MV.wav,1,4.1355785592009235,0.6710331647471023
/Users/somesh/Desktop/onehearthealth/ast-heart-quality/data_processed/PhysioNet2022/training_data/49839_AV.wav,1,5.468725363608435,0.7270072042700343
/Users/somesh/Desktop/onehearthealth/ast-heart-quality/data_processed/PhysioNet2022/training_data/49839_MV.wav,1,5.989292217634269,0.7471754673466993
/Users/somesh/Desktop/onehearthealth/ast-heart-quality/data_processed/PhysioNet2022/training_data/49839_PV.wav,1,13.519044267507487,0.9301863090394085
/Users/somesh/Desktop/onehearthealth/ast-heart-quality/data_processed/PhysioNet2022/training_data/49839_TV.wav,1,4.997586825244807,0.7079117122500131
/Users/somesh/Desktop/onehearthealth/ast-heart-quality/data_processed/PhysioNet2022/training_data/49854_AV.wav,1,3.57921296123469,0.6460196460826809
/Users/somesh/Desktop/onehearthealth/ast-heart-quality/data_processed/PhysioNet2022/training_data/49854_MV.wav,1,1.9788302430395366,0.5699168613930234
/Users/somesh/Desktop/onehearthealth/ast-heart-quality/data_processed/PhysioNet2022/training_data/49854_PV.wav,1,11.127940785813212,0.8919999191247209
/Users/somesh/Desktop/onehearthealth/ast-heart-quality/data_processed/PhysioNet2022/training_data/49854_TV.wav,1,5.573715101322961,0.7311546970543223
/Users/somesh/Desktop/onehearthealth/ast-heart-quality/data_processed/PhysioNet2022/training_data/49873_AV.wav,1,4.5864060931930215,0.6906216403746855
/Users/somesh/Desktop/onehearthealth/ast-heart-quality/data_processed/PhysioNet2022/training_data/49873_MV.wav,1,4.160633184973269,0.6721383652247443
/Users/somesh/Desktop/onehearthealth/ast-heart-quality/data_processed/PhysioNet2022/training_data/49876_AV.wav,1,4.484376713530148,0.6862447784943777
/Users/somesh/Desktop/onehearthealth/ast-heart-quality/data_processed/PhysioNet2022/training_data/49876_MV.wav,1,5.702490183094319,0.736187058591413
/Users/somesh/Desktop/onehearthealth/ast-heart-quality/data_processed/PhysioNet2022/training_data/49876_PV.wav,1,4.0904604222879835,0.66903815470796
/Users/somesh/Desktop/onehearthealth/ast-heart-quality/data_processed/PhysioNet2022/training_data/49876_TV.wav,1,5.072244801448588,0.7109895466326689
/Users/somesh/Desktop/onehearthealth/ast-heart-quality/data_processed/PhysioNet2022/training_data/49959_AV.wav,1,4.3308888780658314,0.6795977158171946
/Users/somesh/Desktop/onehearthealth/ast-heart-quality/data_processed/PhysioNet2022/training_data/49959_MV.wav,1,7.2862011365759844,0.7929805815320166
/Users/somesh/Desktop/onehearthealth/ast-heart-quality/data_processed/PhysioNet2022/training_data/49980_AV.wav,1,6.125503989135533,0.752286930023546
/Users/somesh/Desktop/onehearthealth/ast-heart-quality/data_processed/PhysioNet2022/training_data/49980_MV.wav,1,6.7933598029022555,0.7763320720885586
/Users/somesh/Desktop/onehearthealth/ast-heart-quality/data_processed/PhysioNet2022/training_data/49980_PV.wav,1,5.156234561680804,0.7144289762453568
/Users/somesh/Desktop/onehearthealth/ast-heart-quality/data_processed/PhysioNet2022/training_data/49980_TV.wav,1,5.690140594814352,0.7357070821144143
/Users/somesh/Desktop/onehearthealth/ast-heart-quality/data_processed/PhysioNet2022/training_data/49999_AV.wav,1,11.430013008607068,0.8976836749229726
/Users/somesh/Desktop/onehearthealth/ast-heart-quality/data_processed/PhysioNet2022/training_data/49999_MV.wav,1,4.047303855700799,0.667124175989619
/Users/somesh/Desktop/onehearthealth/ast-heart-quality/data_processed/PhysioNet2022/training_data/49999_PV.wav,1,1.55753409699087,0.5491539093256289
/Users/somesh/Desktop/onehearthealth/ast-heart-quality/data_processed/PhysioNet2022/training_data/49999_TV.wav,1,3.95705151988537,0.6631036983047098
/Users/somesh/Desktop/onehearthealth/ast-heart-quality/data_processed/PhysioNet2022/training_data/50004_MV.wav,1,6.367263975278485,0.76118708466566
/Users/somesh/Desktop/onehearthealth/ast-heart-quality/data_processed/PhysioNet2022/training_data/50004_PV.wav,1,2.4999874270565736,0.5952575895247061
/Users/somesh/Desktop/onehearthealth/ast-heart-quality/data_processed/PhysioNet2022/training_data/50004_TV.wav,1,3.678743111589033,0.6505583799815612
/Users/somesh/Desktop/onehearthealth/ast-heart-quality/data_processed/PhysioNet2022/training_data/50005_MV.wav,1,10.274033149635468,0.8744128330934529
/Users/somesh/Desktop/onehearthealth/ast-heart-quality/data_processed/PhysioNet2022/training_data/50023_AV.wav,1,4.579857203493839,0.6903417189310891
/Users/somesh/Desktop/onehearthealth/ast-heart-quality/data_processed/PhysioNet2022/training_data/50023_MV.wav,1,6.927776823330022,0.7809654230877773
/Users/somesh/Desktop/onehearthealth/ast-heart-quality/data_processed/PhysioNet2022/training_data/50023_PV.wav,1,3.5275913977167708,0.6436551565982113
/Users/somesh/Desktop/onehearthealth/ast-heart-quality/data_processed/PhysioNet2022/training_data/50023_TV.wav,1,4.392838065304774,0.6822895125814588
/Users/somesh/Desktop/onehearthealth/ast-heart-quality/data_processed/PhysioNet2022/training_data/50061_AV.wav,1,3.267124224588424,0.6316194928351866
/Users/somesh/Desktop/onehearthealth/ast-heart-quality/data_processed/PhysioNet2022/training_data/50061_MV.wav,1,4.794362700962825,0.6994370222501247
/Users/somesh/Desktop/onehearthealth/ast-heart-quality/data_processed/PhysioNet2022/training_data/50061_PV.wav,1,3.824762441976575,0.6571678276186943
/Users/somesh/Desktop/onehearthealth/ast-heart-quality/data_processed/PhysioNet2022/training_data/50061_TV.wav,1,4.313948357800687,0.6788595257711706
/Users/somesh/Desktop/onehearthealth/ast-heart-quality/data_processed/PhysioNet2022/training_data/50066_AV.wav,1,4.661821121945643,0.6938350266397956
/Users/somesh/Desktop/onehearthealth/ast-heart-quality/data_processed/PhysioNet2022/training_data/50066_MV.wav,1,1.5855261912767673,0.5505396027219193
/Users/somesh/Desktop/onehearthealth/ast-heart-quality/data_processed/PhysioNet2022/training_data/50070_AV.wav,1,3.8015142020986854,0.656119505756442
/Users/somesh/Desktop/onehearthealth/ast-heart-quality/data_processed/PhysioNet2022/training_data/50070_MV.wav,1,5.9167743418524115,0.7444258708969707
/Users/somesh/Desktop/onehearthealth/ast-heart-quality/data_processed/PhysioNet2022/training_data/50070_PV.wav,1,4.301758889149148,0.6783278107526438
/Users/somesh/Desktop/onehearthealth/ast-heart-quality/data_processed/PhysioNet2022/training_data/50070_TV.wav,1,3.3579095136776327,0.6358340222680836
/Users/somesh/Desktop/onehearthealth/ast-heart-quality/data_processed/PhysioNet2022/training_data/50074_AV.wav,1,9.16655161926869,0.8480072332043831
/Users/somesh/Desktop/onehearthealth/ast-heart-quality/data_processed/PhysioNet2022/training_data/50074_MV.wav,1,5.341693135502808,0.7219358688334375
/Users/somesh/Desktop/onehearthealth/ast-heart-quality/data_processed/PhysioNet2022/training_data/50074_PV.wav,1,4.251485480814477,0.6761299650522947
/Users/somesh/Desktop/onehearthealth/ast-heart-quality/data_processed/PhysioNet2022/training_data/50074_TV.wav,1,4.4855580142855604,0.6862956461099986
/Users/somesh/Desktop/onehearthealth/ast-heart-quality/data_processed/PhysioNet2022/training_data/50105_MV.wav,1,7.00905465788812,0.7837333719876054
/Users/somesh/Desktop/onehearthealth/ast-heart-quality/data_processed/PhysioNet2022/training_data/50105_PV.wav,1,7.579920944750634,0.8024582854144633
/Users/somesh/Desktop/onehearthealth/ast-heart-quality/data_processed/PhysioNet2022/training_data/50105_TV.wav,1,5.112518870318279,0.7126418602337028
/Users/somesh/Desktop/onehearthealth/ast-heart-quality/data_processed/PhysioNet2022/training_data/50118_MV.wav,1,4.094642387086267,0.6692233277499791
/Users/somesh/Desktop/onehearthealth/ast-heart-quality/data_processed/PhysioNet2022/training_data/50118_PV.wav,1,3.937892440787552,0.6622471471604083
/Users/somesh/Desktop/onehearthealth/ast-heart-quality/data_processed/PhysioNet2022/training_data/50118_TV.wav,1,4.114673237926743,0.6701095454756969
/Users/somesh/Desktop/onehearthealth/ast-heart-quality/data_processed/PhysioNet2022/training_data/50122_MV.wav,1,6.895792027065522,0.7798692027493058
/Users/somesh/Desktop/onehearthealth/ast-heart-quality/data_processed/PhysioNet2022/training_data/50122_PV.wav,1,1.1496797553356957,0.5288882562200793
/Users/somesh/Desktop/onehearthealth/ast-heart-quality/data_processed/PhysioNet2022/training_data/50122_TV.wav,1,1.6646615714559476,0.554452733623541
/Users/somesh/Desktop/onehearthealth/ast-heart-quality/data_processed/PhysioNet2022/training_data/50129_AV.wav,1,10.400759258729366,0.8771698092784607
/Users/somesh/Desktop/onehearthealth/ast-heart-quality/data_processed/PhysioNet2022/training_data/50129_MV.wav,1,6.366939440469512,0.7611752855933004
/Users/somesh/Desktop/onehearthealth/ast-heart-quality/data_processed/PhysioNet2022/training_data/50129_PV.wav,1,4.050432812986168,0.6672631306546364
/Users/somesh/Desktop/onehearthealth/ast-heart-quality/data_processed/PhysioNet2022/training_data/50129_TV.wav,1,4.23842180665887,0.6755575699096867
/Users/somesh/Desktop/onehearthealth/ast-heart-quality/data_processed/PhysioNet2022/training_data/50161_MV.wav,1,4.082594415158021,0.6686897142588685
/Users/somesh/Desktop/onehearthealth/ast-heart-quality/data_processed/PhysioNet2022/training_data/50161_PV.wav,1,7.241978003186455,0.7915248638594803
/Users/somesh/Desktop/onehearthealth/ast-heart-quality/data_processed/PhysioNet2022/training_data/50161_TV.wav,1,8.951117380923378,0.8423700732899756
/Users/somesh/Desktop/onehearthealth/ast-heart-quality/data_processed/PhysioNet2022/training_data/50204_AV.wav,1,3.94842200715578,0.6627180280659271
/Users/somesh/Desktop/onehearthealth/ast-heart-quality/data_processed/PhysioNet2022/training_data/50204_MV_1.wav,1,5.342464852034327,0.7219668513373328
/Users/somesh/Desktop/onehearthealth/ast-heart-quality/data_processed/PhysioNet2022/training_data/50204_MV_2.wav,1,4.6680364458609755,0.6940990247395108
/Users/somesh/Desktop/onehearthealth/ast-heart-quality/data_processed/PhysioNet2022/training_data/50206_MV.wav,1,2.4466147671841245,0.5926832240757469
/Users/somesh/Desktop/onehearthealth/ast-heart-quality/data_processed/PhysioNet2022/training_data/50206_PV.wav,1,5.738905138211395,0.7375990944446627
/Users/somesh/Desktop/onehearthealth/ast-heart-quality/data_processed/PhysioNet2022/training_data/50206_TV.wav,1,6.057718660596474,0.7497519215495783
/Users/somesh/Desktop/onehearthealth/ast-heart-quality/data_processed/PhysioNet2022/training_data/50219_AV.wav,1,4.315426877506226,0.6789239885616473
/Users/somesh/Desktop/onehearthealth/ast-heart-quality/data_processed/PhysioNet2022/training_data/50219_MV.wav,1,3.111986415449195,0.6243710945271407
/Users/somesh/Desktop/onehearthealth/ast-heart-quality/data_processed/PhysioNet2022/training_data/50219_PV.wav,1,13.750239036990902,0.9331299766397156
/Users/somesh/Desktop/onehearthealth/ast-heart-quality/data_processed/PhysioNet2022/training_data/50220_AV.wav,1,4.766754661627671,0.698274966212298
/Users/somesh/Desktop/onehearthealth/ast-heart-quality/data_processed/PhysioNet2022/training_data/50220_MV.wav,1,4.018072883854767,0.6658246484822254
/Users/somesh/Desktop/onehearthealth/ast-heart-quality/data_processed/PhysioNet2022/training_data/50221_AV.wav,1,6.198353593750976,0.7549920624188811
/Users/somesh/Desktop/onehearthealth/ast-heart-quality/data_processed/PhysioNet2022/training_data/50221_MV.wav,1,10.286145863269514,0.8746786234865429
/Users/somesh/Desktop/onehearthealth/ast-heart-quality/data_processed/PhysioNet2022/training_data/50228_AV.wav,1,4.9191179471196085,0.7046561116342535
/Users/somesh/Desktop/onehearthealth/ast-heart-quality/data_processed/PhysioNet2022/training_data/50228_MV.wav,1,3.465442006771541,0.6407991370281786
/Users/somesh/Desktop/onehearthealth/ast-heart-quality/data_processed/PhysioNet2022/training_data/50230_AV.wav,1,4.312210034275569,0.6787837269299626
/Users/somesh/Desktop/onehearthealth/ast-heart-quality/data_processed/PhysioNet2022/training_data/50230_MV.wav,1,8.417833842594096,0.8276856029050437
/Users/somesh/Desktop/onehearthealth/ast-heart-quality/data_processed/PhysioNet2022/training_data/50230_PV.wav,1,5.232224288439898,0.7175195330700128
/Users/somesh/Desktop/onehearthealth/ast-heart-quality/data_processed/PhysioNet2022/training_data/50230_TV.wav,1,6.485804618261256,0.7654700573851435
/Users/somesh/Desktop/onehearthealth/ast-heart-quality/data_processed/PhysioNet2022/training_data/50238_AV.wav,1,13.155546258503009,0.9253150144545579
/Users/somesh/Desktop/onehearthealth/ast-heart-quality/data_processed/PhysioNet2022/training_data/50238_MV.wav,1,4.243040637924602,0.6757600077272146
/Users/somesh/Desktop/onehearthealth/ast-heart-quality/data_processed/PhysioNet2022/training_data/50238_PV.wav,1,11.366799265696732,0.896516615397084
/Users/somesh/Desktop/onehearthealth/ast-heart-quality/data_processed/PhysioNet2022/training_data/50238_TV.wav,1,5.225753521059069,0.7172571534214096
/Users/somesh/Desktop/onehearthealth/ast-heart-quality/data_processed/PhysioNet2022/training_data/50260_AV.wav,1,7.890392119908238,0.8121168997500512
/Users/somesh/Desktop/onehearthealth/ast-heart-quality/data_processed/PhysioNet2022/training_data/50260_MV.wav,1,3.886993578153249,0.6599664305276683
/Users/somesh/Desktop/onehearthealth/ast-heart-quality/data_processed/PhysioNet2022/training_data/50260_PV.wav,1,5.641203149854938,0.7337995961963816
/Users/somesh/Desktop/onehearthealth/ast-heart-quality/data_processed/PhysioNet2022/training_data/50260_TV.wav,1,3.7176363712687763,0.6523246403922631
/Users/somesh/Desktop/onehearthealth/ast-heart-quality/data_processed/PhysioNet2022/training_data/50271_AV.wav,1,6.722715144946161,0.7738691411359869
/Users/somesh/Desktop/onehearthealth/ast-heart-quality/data_processed/PhysioNet2022/training_data/50271_MV.wav,1,8.35937235353542,0.8260116277096218
/Users/somesh/Desktop/onehearthealth/ast-heart-quality/data_processed/PhysioNet2022/training_data/50271_PV.wav,1,2.6975136882090194,0.604738520176801
/Users/somesh/Desktop/onehearthealth/ast-heart-quality/data_processed/PhysioNet2022/training_data/50271_TV.wav,1,10.706197745396777,0.8836013907046045
/Users/somesh/Desktop/onehearthealth/ast-heart-quality/data_processed/PhysioNet2022/training_data/50284_AV.wav,1,11.587311796383467,0.9005372446795386
/Users/somesh/Desktop/onehearthealth/ast-heart-quality/data_processed/PhysioNet2022/training_data/50284_MV.wav,1,7.001936023435816,0.7834919593863995
/Users/somesh/Desktop/onehearthealth/ast-heart-quality/data_processed/PhysioNet2022/training_data/50284_PV.wav,1,4.840383310934186,0.7013683986862317
/Users/somesh/Desktop/onehearthealth/ast-heart-quality/data_processed/PhysioNet2022/training_data/50284_TV.wav,1,5.3975874731164115,0.7241743876127127
/Users/somesh/Desktop/onehearthealth/ast-heart-quality/data_processed/PhysioNet2022/training_data/50291_AV.wav,1,6.810860544214126,0.7769392519974514
/Users/somesh/Desktop/onehearthealth/ast-heart-quality/data_processed/PhysioNet2022/training_data/50291_MV.wav,1,0.9319090675345352,0.5180241171812967
/Users/somesh/Desktop/onehearthealth/ast-heart-quality/data_processed/PhysioNet2022/training_data/50291_PV.wav,1,11.218645954828911,0.8937351674754703
/Users/somesh/Desktop/onehearthealth/ast-heart-quality/data_processed/PhysioNet2022/training_data/50303_AV.wav,1,7.584249947931334,0.8025954953134904
/Users/somesh/Desktop/onehearthealth/ast-heart-quality/data_processed/PhysioNet2022/training_data/50303_MV.wav,1,4.847430571707649,0.7016635257109556
/Users/somesh/Desktop/onehearthealth/ast-heart-quality/data_processed/PhysioNet2022/training_data/50303_PV.wav,1,3.1050332658386957,0.6240448911798225
/Users/somesh/Desktop/onehearthealth/ast-heart-quality/data_processed/PhysioNet2022/training_data/50314_AV.wav,1,4.720253591495343,0.6963119259721853
/Users/somesh/Desktop/onehearthealth/ast-heart-quality/data_processed/PhysioNet2022/training_data/50314_MV.wav,1,7.508192598961987,0.8001743537580722
/Users/somesh/Desktop/onehearthealth/ast-heart-quality/data_processed/PhysioNet2022/training_data/50314_PV.wav,1,3.885531747213663,0.6599008173465832
/Users/somesh/Desktop/onehearthealth/ast-heart-quality/data_processed/PhysioNet2022/training_data/50314_TV.wav,1,1.7131725599724212,0.556848230701942
/Users/somesh/Desktop/onehearthealth/ast-heart-quality/data_processed/PhysioNet2022/training_data/50316_AV.wav,1,7.030725910299935,0.7844671039212144
/Users/somesh/Desktop/onehearthealth/ast-heart-quality/data_processed/PhysioNet2022/training_data/50316_MV.wav,1,5.780024053483574,0.739187667306033
/Users/somesh/Desktop/onehearthealth/ast-heart-quality/data_processed/PhysioNet2022/training_data/50317_AV.wav,1,5.048962633438939,0.7100317875437444
/Users/somesh/Desktop/onehearthealth/ast-heart-quality/data_processed/PhysioNet2022/training_data/50317_PV.wav,1,5.352342859080296,0.722363241271467
/Users/somesh/Desktop/onehearthealth/ast-heart-quality/data_processed/PhysioNet2022/training_data/50317_TV.wav,1,8.103820029419765,0.8185434003103582
/Users/somesh/Desktop/onehearthealth/ast-heart-quality/data_processed/PhysioNet2022/training_data/50323_AV.wav,1,4.401409008459813,0.6826609819984892
/Users/somesh/Desktop/onehearthealth/ast-heart-quality/data_processed/PhysioNet2022/training_data/50323_MV.wav,1,3.506192593251555,0.6426729345813232
/Users/somesh/Desktop/onehearthealth/ast-heart-quality/data_processed/PhysioNet2022/training_data/50323_PV.wav,1,6.00340751865167,0.7477083833073728
/Users/somesh/Desktop/onehearthealth/ast-heart-quality/data_processed/PhysioNet2022/training_data/50323_TV.wav,1,5.120633649907977,0.7129740999967245
/Users/somesh/Desktop/onehearthealth/ast-heart-quality/data_processed/PhysioNet2022/training_data/50325_AV.wav,1,5.191285408755833,0.7158570400205639
/Users/somesh/Desktop/onehearthealth/ast-heart-quality/data_processed/PhysioNet2022/training_data/50325_MV.wav,1,3.5712623433694834,0.6456559350129343
/Users/somesh/Desktop/onehearthealth/ast-heart-quality/data_processed/PhysioNet2022/training_data/50325_PV.wav,1,6.036245450127299,0.7489452797569692
/Users/somesh/Desktop/onehearthealth/ast-heart-quality/data_processed/PhysioNet2022/training_data/50325_TV.wav,1,2.073208610510754,0.5745372736673761
/Users/somesh/Desktop/onehearthealth/ast-heart-quality/data_processed/PhysioNet2022/training_data/50337_MV.wav,1,3.643716674204245,0.6489641778553692
/Users/somesh/Desktop/onehearthealth/ast-heart-quality/data_processed/PhysioNet2022/training_data/50337_PV.wav,1,5.958553420370444,0.7460123654647463
/Users/somesh/Desktop/onehearthealth/ast-heart-quality/data_processed/PhysioNet2022/training_data/50337_TV.wav,1,10.09805286037205,0.8704965732911467
/Users/somesh/Desktop/onehearthealth/ast-heart-quality/data_processed/PhysioNet2022/training_data/50348_AV_1.wav,1,4.901287847271611,0.7039134250331217
/Users/somesh/Desktop/onehearthealth/ast-heart-quality/data_processed/PhysioNet2022/training_data/50348_AV_2.wav,1,2.2682402079029504,0.5840432987249662
/Users/somesh/Desktop/onehearthealth/ast-heart-quality/data_processed/PhysioNet2022/training_data/50348_MV.wav,1,10.285983822964951,0.8746750710036995
/Users/somesh/Desktop/onehearthealth/ast-heart-quality/data_processed/PhysioNet2022/training_data/50348_PV.wav,1,6.816652008730742,0.7771399251507518
/Users/somesh/Desktop/onehearthealth/ast-heart-quality/data_processed/PhysioNet2022/training_data/50348_TV.wav,1,4.3187844481356,0.6790703517873957
/Users/somesh/Desktop/onehearthealth/ast-heart-quality/data_processed/PhysioNet2022/training_data/50625_AV.wav,1,3.428771321598444,0.6391092601537317
/Users/somesh/Desktop/onehearthealth/ast-heart-quality/data_processed/PhysioNet2022/training_data/50625_MV.wav,1,7.3218596774375655,0.7941488936269465
/Users/somesh/Desktop/onehearthealth/ast-heart-quality/data_processed/PhysioNet2022/training_data/50629_AV.wav,1,8.88968798682007,0.8407318504453648
/Users/somesh/Desktop/onehearthealth/ast-heart-quality/data_processed/PhysioNet2022/training_data/50629_MV.wav,1,4.993153943237894,0.707728358650603
/Users/somesh/Desktop/onehearthealth/ast-heart-quality/data_processed/PhysioNet2022/training_data/50640_MV.wav,1,11.196641235096266,0.8933164734677936
/Users/somesh/Desktop/onehearthealth/ast-heart-quality/data_processed/PhysioNet2022/training_data/50643_AV.wav,1,3.3447582800388425,0.6352247736378348
/Users/somesh/Desktop/onehearthealth/ast-heart-quality/data_processed/PhysioNet2022/training_data/50643_MV.wav,1,5.242745386705535,0.7179458320840749
/Users/somesh/Desktop/onehearthealth/ast-heart-quality/data_processed/PhysioNet2022/training_data/50644_AV.wav,1,3.905783123480165,0.6608092380494748
/Users/somesh/Desktop/onehearthealth/ast-heart-quality/data_processed/PhysioNet2022/training_data/50644_MV.wav,1,10.762900449885315,0.8847627005990089
/Users/somesh/Desktop/onehearthealth/ast-heart-quality/data_processed/PhysioNet2022/training_data/50657_AV.wav,1,3.3412369870784513,0.6350615713433713
/Users/somesh/Desktop/onehearthealth/ast-heart-quality/data_processed/PhysioNet2022/training_data/50657_MV.wav,1,9.464408192168172,0.8555273130517252
/Users/somesh/Desktop/onehearthealth/ast-heart-quality/data_processed/PhysioNet2022/training_data/50657_PV.wav,1,5.145358904073027,0.713984998545395
/Users/somesh/Desktop/onehearthealth/ast-heart-quality/data_processed/PhysioNet2022/training_data/50657_TV.wav,1,5.2408889259466065,0.717870639482714
/Users/somesh/Desktop/onehearthealth/ast-heart-quality/data_processed/PhysioNet2022/training_data/50659_AV.wav,1,3.503351508073783,0.6425424361260598
/Users/somesh/Desktop/onehearthealth/ast-heart-quality/data_processed/PhysioNet2022/training_data/50659_MV.wav,1,4.494698171553512,0.6866890760960672
/Users/somesh/Desktop/onehearthealth/ast-heart-quality/data_processed/PhysioNet2022/training_data/50659_PV.wav,1,3.848490472062495,0.6582362056014526
/Users/somesh/Desktop/onehearthealth/ast-heart-quality/data_processed/PhysioNet2022/training_data/50659_TV.wav,1,9.296075750667663,0.8513161164382683
/Users/somesh/Desktop/onehearthealth/ast-heart-quality/data_processed/PhysioNet2022/training_data/50664_AV.wav,1,6.656749585793721,0.7715520649624229
/Users/somesh/Desktop/onehearthealth/ast-heart-quality/data_processed/PhysioNet2022/training_data/50664_PV.wav,1,1.845934633559632,0.5633902650946109
/Users/somesh/Desktop/onehearthealth/ast-heart-quality/data_processed/PhysioNet2022/training_data/50668_AV.wav,1,11.27142642561298,0.8947335485247453
/Users/somesh/Desktop/onehearthealth/ast-heart-quality/data_processed/PhysioNet2022/training_data/50668_MV.wav,1,7.61544918833239,0.8035822453394879
/Users/somesh/Desktop/onehearthealth/ast-heart-quality/data_processed/PhysioNet2022/training_data/50668_PV.wav,1,1.8232350837620606,0.5622732108875818
/Users/somesh/Desktop/onehearthealth/ast-heart-quality/data_processed/PhysioNet2022/training_data/50668_TV.wav,1,4.537378610871787,0.6885226582840026
/Users/somesh/Desktop/onehearthealth/ast-heart-quality/data_processed/PhysioNet2022/training_data/50669_AV.wav,1,3.7556734070542768,0.6540479737624421
/Users/somesh/Desktop/onehearthealth/ast-heart-quality/data_processed/PhysioNet2022/training_data/50669_MV.wav,1,3.9304716221284206,0.6619150956590133
/Users/somesh/Desktop/onehearthealth/ast-heart-quality/data_processed/PhysioNet2022/training_data/50669_PV.wav,1,3.8915144774545722,0.6601693088423801
/Users/somesh/Desktop/onehearthealth/ast-heart-quality/data_processed/PhysioNet2022/training_data/50669_TV.wav,1,4.198355673425604,0.6737987697440184
/Users/somesh/Desktop/onehearthealth/ast-heart-quality/data_processed/PhysioNet2022/training_data/50671_MV.wav,1,5.8484953569707265,0.7418191132694109
/Users/somesh/Desktop/onehearthealth/ast-heart-quality/data_processed/PhysioNet2022/training_data/50678_MV.wav,1,5.888602346289398,0.7433524171822748
/Users/somesh/Desktop/onehearthealth/ast-heart-quality/data_processed/PhysioNet2022/training_data/50678_PV.wav,1,5.58982431774562,0.7317875349038391
/Users/somesh/Desktop/onehearthealth/ast-heart-quality/data_processed/PhysioNet2022/training_data/50678_TV.wav,1,4.217448260580306,0.6746374992719917
/Users/somesh/Desktop/onehearthealth/ast-heart-quality/data_processed/PhysioNet2022/training_data/50680_AV.wav,1,4.911253659341957,0.7043286696719101
/Users/somesh/Desktop/onehearthealth/ast-heart-quality/data_processed/PhysioNet2022/training_data/50680_MV.wav,1,3.876961416347442,0.6595160211414106
/Users/somesh/Desktop/onehearthealth/ast-heart-quality/data_processed/PhysioNet2022/training_data/50680_PV.wav,1,3.979178997560833,0.6640916268295782
/Users/somesh/Desktop/onehearthealth/ast-heart-quality/data_processed/PhysioNet2022/training_data/50680_TV.wav,1,8.345284771912286,0.8256063323409635
/Users/somesh/Desktop/onehearthealth/ast-heart-quality/data_processed/PhysioNet2022/training_data/50685_AV.wav,1,6.157722173896843,0.753485757162365
/Users/somesh/Desktop/onehearthealth/ast-heart-quality/data_processed/PhysioNet2022/training_data/50685_MV.wav,1,4.798297458155708,0.6996024330479598
/Users/somesh/Desktop/onehearthealth/ast-heart-quality/data_processed/PhysioNet2022/training_data/50685_TV.wav,1,5.142339480937373,0.7138616630778785
/Users/somesh/Desktop/onehearthealth/ast-heart-quality/data_processed/PhysioNet2022/training_data/50725_AV.wav,1,6.644032378102164,0.7711034496832845
/Users/somesh/Desktop/onehearthealth/ast-heart-quality/data_processed/PhysioNet2022/training_data/50725_MV.wav,1,4.381505186167279,0.6817979828534974
/Users/somesh/Desktop/onehearthealth/ast-heart-quality/data_processed/PhysioNet2022/training_data/50725_PV.wav,1,14.83419192566384,0.9454521145883164
/Users/somesh/Desktop/onehearthealth/ast-heart-quality/data_processed/PhysioNet2022/training_data/50725_TV.wav,1,3.8358748494751826,0.6576683738163761
/Users/somesh/Desktop/onehearthealth/ast-heart-quality/data_processed/PhysioNet2022/training_data/50739_AV.wav,1,3.991345108350953,0.664634198377422
/Users/somesh/Desktop/onehearthealth/ast-heart-quality/data_processed/PhysioNet2022/training_data/50739_MV.wav,1,5.6433518090652885,0.7338835306127297
/Users/somesh/Desktop/onehearthealth/ast-heart-quality/data_processed/PhysioNet2022/training_data/50744_AV.wav,1,4.2630577382969905,0.6766365728150505
/Users/somesh/Desktop/onehearthealth/ast-heart-quality/data_processed/PhysioNet2022/training_data/50744_MV.wav,1,7.5850993080632945,0.8026224077686924
/Users/somesh/Desktop/onehearthealth/ast-heart-quality/data_processed/PhysioNet2022/training_data/50744_PV.wav,1,4.9178921350539095,0.7046050868840282
/Users/somesh/Desktop/onehearthealth/ast-heart-quality/data_processed/PhysioNet2022/training_data/50744_TV.wav,1,3.942452612825397,0.6624511170472456
/Users/somesh/Desktop/onehearthealth/ast-heart-quality/data_processed/PhysioNet2022/training_data/50751_AV.wav,1,19.55352090523481,0.9780426230860285
/Users/somesh/Desktop/onehearthealth/ast-heart-quality/data_processed/PhysioNet2022/training_data/50751_MV.wav,1,5.760826976348239,0.7384467897797887
/Users/somesh/Desktop/onehearthealth/ast-heart-quality/data_processed/PhysioNet2022/training_data/50751_PV.wav,1,5.2106638278874,0.7166447163995533
/Users/somesh/Desktop/onehearthealth/ast-heart-quality/data_processed/PhysioNet2022/training_data/50751_TV.wav,1,8.63164238064883,0.8336991883320561
/Users/somesh/Desktop/onehearthealth/ast-heart-quality/data_processed/PhysioNet2022/training_data/50752_AV.wav,1,5.613550009495654,0.7327178597680016
/Users/somesh/Desktop/onehearthealth/ast-heart-quality/data_processed/PhysioNet2022/training_data/50752_MV.wav,1,3.860880163563988,0.658793427059423
/Users/somesh/Desktop/onehearthealth/ast-heart-quality/data_processed/PhysioNet2022/training_data/50752_PV.wav,1,9.003973712994949,0.8437686799536713
/Users/somesh/Desktop/onehearthealth/ast-heart-quality/data_processed/PhysioNet2022/training_data/50752_TV.wav,1,5.689874794644538,0.7356967454324587
/Users/somesh/Desktop/onehearthealth/ast-heart-quality/data_processed/PhysioNet2022/training_data/50762_AV.wav,1,5.9685352474612365,0.7463904468109503
/Users/somesh/Desktop/onehearthealth/ast-heart-quality/data_processed/PhysioNet2022/training_data/50762_MV.wav,1,3.4187591178407017,0.6386472714339864
/Users/somesh/Desktop/onehearthealth/ast-heart-quality/data_processed/PhysioNet2022/training_data/50762_PV.wav,1,3.7005000295160406,0.6515469402703746
/Users/somesh/Desktop/onehearthealth/ast-heart-quality/data_processed/PhysioNet2022/training_data/50762_TV.wav,1,5.082103773518223,0.7113945490514809
/Users/somesh/Desktop/onehearthealth/ast-heart-quality/data_processed/PhysioNet2022/training_data/50768_AV.wav,1,3.9775236700599867,0.6640177707331546
/Users/somesh/Desktop/onehearthealth/ast-heart-quality/data_processed/PhysioNet2022/training_data/50770_AV.wav,1,5.564336984915618,0.7307858506550406
/Users/somesh/Desktop/onehearthealth/ast-heart-quality/data_processed/PhysioNet2022/training_data/50770_MV.wav,1,5.145463410682607,0.7139892667940403
/Users/somesh/Desktop/onehearthealth/ast-heart-quality/data_processed/PhysioNet2022/training_data/50770_PV.wav,1,8.060294862560989,0.8172468537681177
/Users/somesh/Desktop/onehearthealth/ast-heart-quality/data_processed/PhysioNet2022/training_data/50770_TV.wav,1,5.436553198214284,0.7257283133322602
/Users/somesh/Desktop/onehearthealth/ast-heart-quality/data_processed/PhysioNet2022/training_data/50820_AV.wav,1,1.9681493842929902,0.5693931828336941
/Users/somesh/Desktop/onehearthealth/ast-heart-quality/data_processed/PhysioNet2022/training_data/50820_MV.wav,1,4.92280480994105,0.7048095474097795
/Users/somesh/Desktop/onehearthealth/ast-heart-quality/data_processed/PhysioNet2022/training_data/50820_PV.wav,1,3.08669398603336,0.6231839742507169
/Users/somesh/Desktop/onehearthealth/ast-heart-quality/data_processed/PhysioNet2022/training_data/50820_TV.wav,1,5.181910244689737,0.7154754932718269
/Users/somesh/Desktop/onehearthealth/ast-heart-quality/data_processed/PhysioNet2022/training_data/63456_AV.wav,1,14.415400022004288,0.9409678028240952
/Users/somesh/Desktop/onehearthealth/ast-heart-quality/data_processed/PhysioNet2022/training_data/63456_MV.wav,1,4.548394087130596,0.6889949360016124
/Users/somesh/Desktop/onehearthealth/ast-heart-quality/data_processed/PhysioNet2022/training_data/63456_PV.wav,1,12.893366993632053,0.9216095329441956
/Users/somesh/Desktop/onehearthealth/ast-heart-quality/data_processed/PhysioNet2022/training_data/63456_TV.wav,1,4.011848635433309,0.6655476095538115
/Users/somesh/Desktop/onehearthealth/ast-heart-quality/data_processed/PhysioNet2022/training_data/64256_MV.wav,1,6.139098342251143,0.7527932474990814
/Users/somesh/Desktop/onehearthealth/ast-heart-quality/data_processed/PhysioNet2022/training_data/64256_PV.wav,1,3.573572592867734,0.6457616376825414
/Users/somesh/Desktop/onehearthealth/ast-heart-quality/data_processed/PhysioNet2022/training_data/64256_TV.wav,1,9.169855386190562,0.848092378764083
/Users/somesh/Desktop/onehearthealth/ast-heart-quality/data_processed/PhysioNet2022/training_data/64715_MV.wav,1,4.062082680522275,0.6677802367079494
/Users/somesh/Desktop/onehearthealth/ast-heart-quality/data_processed/PhysioNet2022/training_data/64715_PV.wav,1,5.7145761655928515,0.7366562479436402
/Users/somesh/Desktop/onehearthealth/ast-heart-quality/data_processed/PhysioNet2022/training_data/64715_TV.wav,1,5.456166236982568,0.7265084038466108
/Users/somesh/Desktop/onehearthealth/ast-heart-quality/data_processed/PhysioNet2022/training_data/68182_AV.wav,1,4.515605913646445,0.6875880214124392
/Users/somesh/Desktop/onehearthealth/ast-heart-quality/data_processed/PhysioNet2022/training_data/68182_MV.wav,1,5.0872985146608745,0.7116078110907343
/Users/somesh/Desktop/onehearthealth/ast-heart-quality/data_processed/PhysioNet2022/training_data/68182_PV.wav,1,4.171896891526459,0.6726346055416544
/Users/somesh/Desktop/onehearthealth/ast-heart-quality/data_processed/PhysioNet2022/training_data/68182_TV.wav,1,3.7752313785764366,0.6549325130341553
/Users/somesh/Desktop/onehearthealth/ast-heart-quality/data_processed/PhysioNet2022/training_data/68306_AV.wav,1,5.542011198702594,0.7299064803097367
/Users/somesh/Desktop/onehearthealth/ast-heart-quality/data_processed/PhysioNet2022/training_data/68306_MV.wav,1,4.362852132208847,0.6809880803813266
/Users/somesh/Desktop/onehearthealth/ast-heart-quality/data_processed/PhysioNet2022/training_data/68306_PV.wav,1,3.8187608551482137,0.6568973471940006
/Users/somesh/Desktop/onehearthealth/ast-heart-quality/data_processed/PhysioNet2022/training_data/68306_TV.wav,1,13.994974055076792,0.9361202015088381
/Users/somesh/Desktop/onehearthealth/ast-heart-quality/data_processed/PhysioNet2022/training_data/68327_AV.wav,1,4.571951979500108,0.6900036372655151
/Users/somesh/Desktop/onehearthealth/ast-heart-quality/data_processed/PhysioNet2022/training_data/68327_MV.wav,1,4.9599886126327,0.7063544279588208
/Users/somesh/Desktop/onehearthealth/ast-heart-quality/data_processed/PhysioNet2022/training_data/68327_PV.wav,1,4.291973778307701,0.6779006411547551
/Users/somesh/Desktop/onehearthealth/ast-heart-quality/data_processed/PhysioNet2022/training_data/68327_TV.wav,1,6.697075122982129,0.7729705023698504
/Users/somesh/Desktop/onehearthealth/ast-heart-quality/data_processed/PhysioNet2022/training_data/68337_AV.wav,1,4.459771862314139,0.6851842603766469
/Users/somesh/Desktop/onehearthealth/ast-heart-quality/data_processed/PhysioNet2022/training_data/68337_MV.wav,1,6.9758172844149495,0.7826045308183773
/Users/somesh/Desktop/onehearthealth/ast-heart-quality/data_processed/PhysioNet2022/training_data/68337_PV.wav,1,2.830496159347927,0.6110778430069076
/Users/somesh/Desktop/onehearthealth/ast-heart-quality/data_processed/PhysioNet2022/training_data/68337_TV.wav,1,6.246782854210893,0.7567793139648614
/Users/somesh/Desktop/onehearthealth/ast-heart-quality/data_processed/PhysioNet2022/training_data/68363_AV.wav,1,4.594357870821582,0.6909613380749111
/Users/somesh/Desktop/onehearthealth/ast-heart-quality/data_processed/PhysioNet2022/training_data/68363_MV.wav,1,1.8982982600232556,0.5659646310259748
/Users/somesh/Desktop/onehearthealth/ast-heart-quality/data_processed/PhysioNet2022/training_data/68368_AV.wav,1,9.359234660499824,0.8529079241233315
/Users/somesh/Desktop/onehearthealth/ast-heart-quality/data_processed/PhysioNet2022/training_data/68368_MV.wav,1,5.4946170771664935,0.7280337291934931
/Users/somesh/Desktop/onehearthealth/ast-heart-quality/data_processed/PhysioNet2022/training_data/68368_PV.wav,1,6.778531196523652,0.7758166805105636
/Users/somesh/Desktop/onehearthealth/ast-heart-quality/data_processed/PhysioNet2022/training_data/68368_TV.wav,1,0.6976290185325082,0.5063175918929462
/Users/somesh/Desktop/onehearthealth/ast-heart-quality/data_processed/PhysioNet2022/training_data/68374_AV.wav,1,2.6641831123039257,0.6031440123364814
/Users/somesh/Desktop/onehearthealth/ast-heart-quality/data_processed/PhysioNet2022/training_data/68374_MV.wav,1,5.44903207879905,0.7262248094361536
/Users/somesh/Desktop/onehearthealth/ast-heart-quality/data_processed/PhysioNet2022/training_data/68395_PV.wav,1,5.041058090970303,0.7097061915494077
/Users/somesh/Desktop/onehearthealth/ast-heart-quality/data_processed/PhysioNet2022/training_data/68395_TV.wav,1,7.721109389069792,0.8068962964955317
/Users/somesh/Desktop/onehearthealth/ast-heart-quality/data_processed/PhysioNet2022/training_data/68407_AV.wav,1,6.82632916580428,0.777474949411036
/Users/somesh/Desktop/onehearthealth/ast-heart-quality/data_processed/PhysioNet2022/training_data/68407_MV.wav,1,8.370766250643648,0.8263388824648924
/Users/somesh/Desktop/onehearthealth/ast-heart-quality/data_processed/PhysioNet2022/training_data/68407_PV.wav,1,5.135449543744813,0.7135801080398486
/Users/somesh/Desktop/onehearthealth/ast-heart-quality/data_processed/PhysioNet2022/training_data/68407_TV.wav,1,2.424431380894995,0.5916117277700379
/Users/somesh/Desktop/onehearthealth/ast-heart-quality/data_processed/PhysioNet2022/training_data/68412_AV.wav,1,5.934688217335978,0.7451069181957305
/Users/somesh/Desktop/onehearthealth/ast-heart-quality/data_processed/PhysioNet2022/training_data/68412_MV.wav,1,5.496503295533735,0.7281084172482325
/Users/somesh/Desktop/onehearthealth/ast-heart-quality/data_processed/PhysioNet2022/training_data/68412_PV.wav,1,3.9503774928319757,0.6628054416456307
/Users/somesh/Desktop/onehearthealth/ast-heart-quality/data_processed/PhysioNet2022/training_data/68412_TV.wav,1,2.7753429397711544,0.6084530918917265
/Users/somesh/Desktop/onehearthealth/ast-heart-quality/data_processed/PhysioNet2022/training_data/68435_AV.wav,1,3.840198687181632,0.6578630416176318
/Users/somesh/Desktop/onehearthealth/ast-heart-quality/data_processed/PhysioNet2022/training_data/68435_MV.wav,1,10.738210322176034,0.8842582736788349
/Users/somesh/Desktop/onehearthealth/ast-heart-quality/data_processed/PhysioNet2022/training_data/68487_AV.wav,1,5.675481422127681,0.7351366160263308
/Users/somesh/Desktop/onehearthealth/ast-heart-quality/data_processed/PhysioNet2022/training_data/68487_MV.wav,1,4.172060361694816,0.6726418046387318
/Users/somesh/Desktop/onehearthealth/ast-heart-quality/data_processed/PhysioNet2022/training_data/68487_PV.wav,1,4.107838052579628,0.6698072742670755
/Users/somesh/Desktop/onehearthealth/ast-heart-quality/data_processed/PhysioNet2022/training_data/68487_TV.wav,1,6.25125857298579,0.756944040174598
/Users/somesh/Desktop/onehearthealth/ast-heart-quality/data_processed/PhysioNet2022/training_data/68498_AV.wav,1,5.842848217035845,0.7416027421780773
/Users/somesh/Desktop/onehearthealth/ast-heart-quality/data_processed/PhysioNet2022/training_data/68498_MV.wav,1,3.8415687152547076,0.6579247119306729
/Users/somesh/Desktop/onehearthealth/ast-heart-quality/data_processed/PhysioNet2022/training_data/68498_PV.wav,1,4.8096954012120605,0.7000812907185732
/Users/somesh/Desktop/onehearthealth/ast-heart-quality/data_processed/PhysioNet2022/training_data/68498_TV.wav,1,4.886348849374814,0.7032903307329629
/Users/somesh/Desktop/onehearthealth/ast-heart-quality/data_processed/PhysioNet2022/training_data/68702_AV.wav,1,5.196869998501868,0.7160841727565243
/Users/somesh/Desktop/onehearthealth/ast-heart-quality/data_processed/PhysioNet2022/training_data/68702_MV.wav,1,10.513857245898048,0.8795861928612985
/Users/somesh/Desktop/onehearthealth/ast-heart-quality/data_processed/PhysioNet2022/training_data/68702_PV.wav,1,7.373806794030089,0.795842129620835
/Users/somesh/Desktop/onehearthealth/ast-heart-quality/data_processed/PhysioNet2022/training_data/68702_TV.wav,1,7.067863566760293,0.7857202859291524
/Users/somesh/Desktop/onehearthealth/ast-heart-quality/data_processed/PhysioNet2022/training_data/68738_AV.wav,1,4.441043477024094,0.684375732520874
/Users/somesh/Desktop/onehearthealth/ast-heart-quality/data_processed/PhysioNet2022/training_data/68738_MV.wav,1,5.0173047029083975,0.708726467003089
/Users/somesh/Desktop/onehearthealth/ast-heart-quality/data_processed/PhysioNet2022/training_data/68738_PV.wav,1,4.023711807625525,0.666075536109093
/Users/somesh/Desktop/onehearthealth/ast-heart-quality/data_processed/PhysioNet2022/training_data/68738_TV.wav,1,7.431986850989769,0.7977262118328011
/Users/somesh/Desktop/onehearthealth/ast-heart-quality/data_processed/PhysioNet2022/training_data/68740_AV.wav,1,6.431238070752609,0.7635051653190864
/Users/somesh/Desktop/onehearthealth/ast-heart-quality/data_processed/PhysioNet2022/training_data/68740_MV.wav,1,6.280002063492564,0.7580001214334595
/Users/somesh/Desktop/onehearthealth/ast-heart-quality/data_processed/PhysioNet2022/training_data/68740_PV.wav,1,5.6213684300250115,0.7330239839524966
/Users/somesh/Desktop/onehearthealth/ast-heart-quality/data_processed/PhysioNet2022/training_data/68740_TV.wav,1,5.52961255743716,0.7294173406065325
/Users/somesh/Desktop/onehearthealth/ast-heart-quality/data_processed/PhysioNet2022/training_data/68796_AV.wav,1,4.938687163952029,0.7054699916246199
/Users/somesh/Desktop/onehearthealth/ast-heart-quality/data_processed/PhysioNet2022/training_data/68796_MV.wav,1,4.200872815153245,0.6739094105846886
/Users/somesh/Desktop/onehearthealth/ast-heart-quality/data_processed/PhysioNet2022/training_data/68796_PV.wav,1,4.764704982020603,0.6981885910079687
/Users/somesh/Desktop/onehearthealth/ast-heart-quality/data_processed/PhysioNet2022/training_data/68796_TV.wav,1,3.853963906089503,0.658482425097328
/Users/somesh/Desktop/onehearthealth/ast-heart-quality/data_processed/PhysioNet2022/training_data/68886_AV.wav,1,3.145777020187996,0.6259547518910672
/Users/somesh/Desktop/onehearthealth/ast-heart-quality/data_processed/PhysioNet2022/training_data/68886_MV.wav,1,4.2029488273423095,0.6740006470217565
/Users/somesh/Desktop/onehearthealth/ast-heart-quality/data_processed/PhysioNet2022/training_data/68886_PV.wav,1,10.448887857707714,0.8782031530154185
/Users/somesh/Desktop/onehearthealth/ast-heart-quality/data_processed/PhysioNet2022/training_data/68886_TV.wav,1,11.415805074928556,0.8974223866383059
/Users/somesh/Desktop/onehearthealth/ast-heart-quality/data_processed/PhysioNet2022/training_data/68901_AV.wav,1,2.167129829087596,0.5791224183954292
/Users/somesh/Desktop/onehearthealth/ast-heart-quality/data_processed/PhysioNet2022/training_data/68901_MV.wav,1,4.09485537413151,0.6692327571920874
/Users/somesh/Desktop/onehearthealth/ast-heart-quality/data_processed/PhysioNet2022/training_data/68901_PV.wav,1,3.4859721962792687,0.6417436993744721
/Users/somesh/Desktop/onehearthealth/ast-heart-quality/data_processed/PhysioNet2022/training_data/68901_TV.wav,1,3.0897288485986314,0.623326496340477
/Users/somesh/Desktop/onehearthealth/ast-heart-quality/data_processed/PhysioNet2022/training_data/68952_AV.wav,1,2.182079766306612,0.5798510239545789
/Users/somesh/Desktop/onehearthealth/ast-heart-quality/data_processed/PhysioNet2022/training_data/68952_MV.wav,1,10.995289039210295,0.8894173830840276
/Users/somesh/Desktop/onehearthealth/ast-heart-quality/data_processed/PhysioNet2022/training_data/68952_PV.wav,1,4.2017815029883785,0.6739493471553324
/Users/somesh/Desktop/onehearthealth/ast-heart-quality/data_processed/PhysioNet2022/training_data/68952_TV.wav,1,3.859591878244011,0.6587355073376897
/Users/somesh/Desktop/onehearthealth/ast-heart-quality/data_processed/PhysioNet2022/training_data/69060_AV.wav,1,2.38735895311522,0.5898191245779287
/Users/somesh/Desktop/onehearthealth/ast-heart-quality/data_processed/PhysioNet2022/training_data/69060_MV.wav,1,8.406748082426477,0.8273691581481939
/Users/somesh/Desktop/onehearthealth/ast-heart-quality/data_processed/PhysioNet2022/training_data/69060_PV.wav,1,4.098242558819301,0.6693826976225475
/Users/somesh/Desktop/onehearthealth/ast-heart-quality/data_processed/PhysioNet2022/training_data/69060_TV.wav,1,7.023514130245031,0.7842231325184549
/Users/somesh/Desktop/onehearthealth/ast-heart-quality/data_processed/PhysioNet2022/training_data/69066_AV.wav,1,4.09194935387525,0.6691040890520972
/Users/somesh/Desktop/onehearthealth/ast-heart-quality/data_processed/PhysioNet2022/training_data/69066_MV.wav,1,3.5133735776892143,0.6430026815783387
/Users/somesh/Desktop/onehearthealth/ast-heart-quality/data_processed/PhysioNet2022/training_data/69066_PV.wav,1,5.506032642361809,0.7284855515599025
/Users/somesh/Desktop/onehearthealth/ast-heart-quality/data_processed/PhysioNet2022/training_data/69066_TV.wav,1,10.135833802836206,0.8713460176207347
/Users/somesh/Desktop/onehearthealth/ast-heart-quality/data_processed/PhysioNet2022/training_data/69068_AV.wav,1,4.660055785133875,0.6937600201199141
/Users/somesh/Desktop/onehearthealth/ast-heart-quality/data_processed/PhysioNet2022/training_data/69068_MV.wav,1,9.38602653991836,0.8535788940940476
/Users/somesh/Desktop/onehearthealth/ast-heart-quality/data_processed/PhysioNet2022/training_data/69068_PV.wav,1,4.740635503991261,0.6971732340026969
/Users/somesh/Desktop/onehearthealth/ast-heart-quality/data_processed/PhysioNet2022/training_data/69068_TV.wav,1,3.9439337173020275,0.6625173517056118
/Users/somesh/Desktop/onehearthealth/ast-heart-quality/data_processed/PhysioNet2022/training_data/69093_AV.wav,1,11.14710242548927,0.8923685562671619
/Users/somesh/Desktop/onehearthealth/ast-heart-quality/data_processed/PhysioNet2022/training_data/69093_MV.wav,1,6.8651287730825485,0.7788145840034276
/Users/somesh/Desktop/onehearthealth/ast-heart-quality/data_processed/PhysioNet2022/training_data/69093_PV.wav,1,3.3005696469441723,0.6331745094648513
/Users/somesh/Desktop/onehearthealth/ast-heart-quality/data_processed/PhysioNet2022/training_data/69093_TV.wav,1,13.66675561319042,0.9320805650439785
/Users/somesh/Desktop/onehearthealth/ast-heart-quality/data_processed/PhysioNet2022/training_data/69112_AV.wav,1,10.802140678457013,0.8855604559839073
/Users/somesh/Desktop/onehearthealth/ast-heart-quality/data_processed/PhysioNet2022/training_data/69112_MV.wav,1,10.755531621505428,0.8846123536660422
/Users/somesh/Desktop/onehearthealth/ast-heart-quality/data_processed/PhysioNet2022/training_data/69112_PV.wav,1,4.923089184349639,0.7048213802645104
/Users/somesh/Desktop/onehearthealth/ast-heart-quality/data_processed/PhysioNet2022/training_data/69112_TV.wav,1,4.885952879643631,0.7032738048252909
/Users/somesh/Desktop/onehearthealth/ast-heart-quality/data_processed/PhysioNet2022/training_data/69125_AV.wav,1,7.3686016868016555,0.795672935034315
/Users/somesh/Desktop/onehearthealth/ast-heart-quality/data_processed/PhysioNet2022/training_data/69125_MV.wav,1,6.9265042029461235,0.780921881485012
/Users/somesh/Desktop/onehearthealth/ast-heart-quality/data_processed/PhysioNet2022/training_data/69125_PV.wav,1,2.883462625811746,0.613592480795003
/Users/somesh/Desktop/onehearthealth/ast-heart-quality/data_processed/PhysioNet2022/training_data/69125_TV.wav,1,2.195376583163962,0.5804987702693268
/Users/somesh/Desktop/onehearthealth/ast-heart-quality/data_processed/PhysioNet2022/training_data/69144_AV.wav,1,4.4175737409305595,0.6833609372947292
/Users/somesh/Desktop/onehearthealth/ast-heart-quality/data_processed/PhysioNet2022/training_data/69144_MV.wav,1,3.017004774688066,0.6199054346536746
/Users/somesh/Desktop/onehearthealth/ast-heart-quality/data_processed/PhysioNet2022/training_data/69144_PV.wav,1,3.533053123249364,0.643905661028642
/Users/somesh/Desktop/onehearthealth/ast-heart-quality/data_processed/PhysioNet2022/training_data/69144_TV.wav,1,1.5468084629359438,0.5486227546763672
/Users/somesh/Desktop/onehearthealth/ast-heart-quality/data_processed/PhysioNet2022/training_data/69155_MV.wav,1,5.522421613850192,0.7291333949928561
/Users/somesh/Desktop/onehearthealth/ast-heart-quality/data_processed/PhysioNet2022/training_data/69155_PV.wav,1,3.015060582593594,0.6198138112300255
/Users/somesh/Desktop/onehearthealth/ast-heart-quality/data_processed/PhysioNet2022/training_data/69155_TV.wav,1,4.068296668436,0.668055893578802
/Users/somesh/Desktop/onehearthealth/ast-heart-quality/data_processed/PhysioNet2022/training_data/69161_AV.wav,1,3.246792579767691,0.6306728490731349
/Users/somesh/Desktop/onehearthealth/ast-heart-quality/data_processed/PhysioNet2022/training_data/69161_MV.wav,1,4.344100155863416,0.6801727796297742
/Users/somesh/Desktop/onehearthealth/ast-heart-quality/data_processed/PhysioNet2022/training_data/69161_PV.wav,1,7.488033300698277,0.7995288978224407
/Users/somesh/Desktop/onehearthealth/ast-heart-quality/data_processed/PhysioNet2022/training_data/69161_TV.wav,1,6.3990896701935105,0.7623422236385337
/Users/somesh/Desktop/onehearthealth/ast-heart-quality/data_processed/PhysioNet2022/training_data/73497_AV.wav,1,5.260790132233632,0.7186760677225323
/Users/somesh/Desktop/onehearthealth/ast-heart-quality/data_processed/PhysioNet2022/training_data/73497_MV.wav,1,5.025285577330267,0.7090558607790839
/Users/somesh/Desktop/onehearthealth/ast-heart-quality/data_processed/PhysioNet2022/training_data/73497_PV.wav,1,5.796412858071481,0.7398190888073962
/Users/somesh/Desktop/onehearthealth/ast-heart-quality/data_processed/PhysioNet2022/training_data/73497_TV.wav,1,4.24677379522272,0.6759235794936325
/Users/somesh/Desktop/onehearthealth/ast-heart-quality/data_processed/PhysioNet2022/training_data/74420_AV.wav,1,3.9645533326831313,0.6634387930094368
/Users/somesh/Desktop/onehearthealth/ast-heart-quality/data_processed/PhysioNet2022/training_data/74420_MV.wav,1,4.326844789571504,0.6794215745049669
/Users/somesh/Desktop/onehearthealth/ast-heart-quality/data_processed/PhysioNet2022/training_data/75440_AV.wav,1,1.7726406833416877,0.5597811823546353
/Users/somesh/Desktop/onehearthealth/ast-heart-quality/data_processed/PhysioNet2022/training_data/75440_MV.wav,1,2.2475219930747534,0.5830363064380826
/Users/somesh/Desktop/onehearthealth/ast-heart-quality/data_processed/PhysioNet2022/training_data/75440_PV.wav,1,3.742312833848236,0.6534431078386882
/Users/somesh/Desktop/onehearthealth/ast-heart-quality/data_processed/PhysioNet2022/training_data/75440_TV.wav,1,10.218854483674916,0.8731959279125828
/Users/somesh/Desktop/onehearthealth/ast-heart-quality/data_processed/PhysioNet2022/training_data/78592_AV.wav,1,5.924125842671098,0.7447055037708967
/Users/somesh/Desktop/onehearthealth/ast-heart-quality/data_processed/PhysioNet2022/training_data/78592_MV.wav,1,4.994178947675864,0.7077707610588145
/Users/somesh/Desktop/onehearthealth/ast-heart-quality/data_processed/PhysioNet2022/training_data/78592_PV.wav,1,4.854243626225451,0.7019486851318465
/Users/somesh/Desktop/onehearthealth/ast-heart-quality/data_processed/PhysioNet2022/training_data/78592_TV.wav,1,10.925499977456951,0.88803709495837
/Users/somesh/Desktop/onehearthealth/ast-heart-quality/data_processed/PhysioNet2022/training_data/84688_MV.wav,1,5.567342597374221,0.7309040978183204
/Users/somesh/Desktop/onehearthealth/ast-heart-quality/data_processed/PhysioNet2022/training_data/84699_AV.wav,1,6.208110176272932,0.755352835464014
/Users/somesh/Desktop/onehearthealth/ast-heart-quality/data_processed/PhysioNet2022/training_data/84699_MV.wav,1,5.807513109864953,0.7402461916376584
/Users/somesh/Desktop/onehearthealth/ast-heart-quality/data_processed/PhysioNet2022/training_data/84699_PV.wav,1,4.509981734154627,0.6873463436173117
/Users/somesh/Desktop/onehearthealth/ast-heart-quality/data_processed/PhysioNet2022/training_data/84699_TV.wav,1,7.25357848391373,0.7919074515326567
/Users/somesh/Desktop/onehearthealth/ast-heart-quality/data_processed/PhysioNet2022/training_data/84709_AV.wav,1,2.5177327581477864,0.5961123619478997
/Users/somesh/Desktop/onehearthealth/ast-heart-quality/data_processed/PhysioNet2022/training_data/84709_MV.wav,1,8.15567621005044,0.8200787549750325
/Users/somesh/Desktop/onehearthealth/ast-heart-quality/data_processed/PhysioNet2022/training_data/84709_PV.wav,1,7.046812938506029,0.7850106000325431
/Users/somesh/Desktop/onehearthealth/ast-heart-quality/data_processed/PhysioNet2022/training_data/84709_TV.wav,1,8.503558400733754,0.8301171267835984
/Users/somesh/Desktop/onehearthealth/ast-heart-quality/data_processed/PhysioNet2022/training_data/84714_AV.wav,1,7.823022305748573,0.8100523504005551
/Users/somesh/Desktop/onehearthealth/ast-heart-quality/data_processed/PhysioNet2022/training_data/84714_MV.wav,1,6.6622685270819195,0.7717465597855021
/Users/somesh/Desktop/onehearthealth/ast-heart-quality/data_processed/PhysioNet2022/training_data/84714_TV.wav,1,7.61338556837915,0.8035170937221214
/Users/somesh/Desktop/onehearthealth/ast-heart-quality/data_processed/PhysioNet2022/training_data/84720_AV.wav,1,6.646465193808828,0.7711893181697691
/Users/somesh/Desktop/onehearthealth/ast-heart-quality/data_processed/PhysioNet2022/training_data/84724_AV.wav,1,4.70411488150243,0.6956289502246019
/Users/somesh/Desktop/onehearthealth/ast-heart-quality/data_processed/PhysioNet2022/training_data/84724_MV.wav,1,6.268938971639633,0.7575940160467358
/Users/somesh/Desktop/onehearthealth/ast-heart-quality/data_processed/PhysioNet2022/training_data/84724_PV.wav,1,1.7070133016028677,0.5565442275343292
/Users/somesh/Desktop/onehearthealth/ast-heart-quality/data_processed/PhysioNet2022/training_data/84724_TV.wav,1,7.322030971852759,0.7941544940903483
/Users/somesh/Desktop/onehearthealth/ast-heart-quality/data_processed/PhysioNet2022/training_data/84727_AV.wav,1,8.89656266268625,0.8409158705088374
/Users/somesh/Desktop/onehearthealth/ast-heart-quality/data_processed/PhysioNet2022/training_data/84727_MV.wav,1,8.514880772911887,0.8304362303635767
/Users/somesh/Desktop/onehearthealth/ast-heart-quality/data_processed/PhysioNet2022/training_data/84727_PV.wav,1,4.639499172080669,0.692885845482664
/Users/somesh/Desktop/onehearthealth/ast-heart-quality/data_processed/PhysioNet2022/training_data/84727_TV.wav,1,4.512923426765212,0.6874727644203846
/Users/somesh/Desktop/onehearthealth/ast-heart-quality/data_processed/PhysioNet2022/training_data/84735_AV.wav,1,4.362609981709821,0.6809775591736916
/Users/somesh/Desktop/onehearthealth/ast-heart-quality/data_processed/PhysioNet2022/training_data/84735_MV.wav,1,6.044599798489225,0.7492593164136261
/Users/somesh/Desktop/onehearthealth/ast-heart-quality/data_processed/PhysioNet2022/training_data/84735_PV.wav,1,7.216077410264851,0.7906687847577554
/Users/somesh/Desktop/onehearthealth/ast-heart-quality/data_processed/PhysioNet2022/training_data/84735_TV.wav,1,7.44978154453234,0.7982998705415322
/Users/somesh/Desktop/onehearthealth/ast-heart-quality/data_processed/PhysioNet2022/training_data/84742_AV.wav,1,5.029281757852593,0.7092207121554532
/Users/somesh/Desktop/onehearthealth/ast-heart-quality/data_processed/PhysioNet2022/training_data/84742_MV.wav,1,12.954614127590652,0.9224899398555398
/Users/somesh/Desktop/onehearthealth/ast-heart-quality/data_processed/PhysioNet2022/training_data/84742_PV.wav,1,4.411692109673793,0.6831063503881804
/Users/somesh/Desktop/onehearthealth/ast-heart-quality/data_processed/PhysioNet2022/training_data/84742_TV.wav,1,5.344556127023607,0.7220508001679747
/Users/somesh/Desktop/onehearthealth/ast-heart-quality/data_processed/PhysioNet2022/training_data/84743_AV.wav,1,2.1387861405302764,0.5777401059909535
/Users/somesh/Desktop/onehearthealth/ast-heart-quality/data_processed/PhysioNet2022/training_data/84743_MV.wav,1,6.307963367209261,0.7590244624319767
/Users/somesh/Desktop/onehearthealth/ast-heart-quality/data_processed/PhysioNet2022/training_data/84743_PV.wav,1,4.2835519083046965,0.6775327456444579
/Users/somesh/Desktop/onehearthealth/ast-heart-quality/data_processed/PhysioNet2022/training_data/84743_TV.wav,1,4.25129927626098,0.676121810049895
/Users/somesh/Desktop/onehearthealth/ast-heart-quality/data_processed/PhysioNet2022/training_data/84747_TV.wav,1,8.790977346300943,0.8380705281657203
/Users/somesh/Desktop/onehearthealth/ast-heart-quality/data_processed/PhysioNet2022/training_data/84749_AV.wav,1,4.194773838224602,0.6736412969764327
/Users/somesh/Desktop/onehearthealth/ast-heart-quality/data_processed/PhysioNet2022/training_data/84749_MV.wav,1,5.035425749116236,0.7094740579916505
/Users/somesh/Desktop/onehearthealth/ast-heart-quality/data_processed/PhysioNet2022/training_data/84749_PV.wav,1,7.878694907978835,0.8117596798450942
/Users/somesh/Desktop/onehearthealth/ast-heart-quality/data_processed/PhysioNet2022/training_data/84749_TV.wav,1,3.168975802336461,0.62704044669381
/Users/somesh/Desktop/onehearthealth/ast-heart-quality/data_processed/PhysioNet2022/training_data/84750_AV.wav,1,8.37600332812405,0.8264891382884378
/Users/somesh/Desktop/onehearthealth/ast-heart-quality/data_processed/PhysioNet2022/training_data/84750_MV.wav,1,2.967978324952194,0.6175923849541182
/Users/somesh/Desktop/onehearthealth/ast-heart-quality/data_processed/PhysioNet2022/training_data/84750_PV.wav,1,4.482632828056884,0.6861696774151357
/Users/somesh/Desktop/onehearthealth/ast-heart-quality/data_processed/PhysioNet2022/training_data/84750_TV.wav,1,3.3307181069157563,0.634573865238538
/Users/somesh/Desktop/onehearthealth/ast-heart-quality/data_processed/PhysioNet2022/training_data/84758_AV.wav,1,3.9727054888365645,0.6638027512816369
/Users/somesh/Desktop/onehearthealth/ast-heart-quality/data_processed/PhysioNet2022/training_data/84758_MV.wav,1,13.211207387744118,0.9260806975386466
/Users/somesh/Desktop/onehearthealth/ast-heart-quality/data_processed/PhysioNet2022/training_data/84758_PV.wav,1,4.425969827221696,0.6837241723275875
/Users/somesh/Desktop/onehearthealth/ast-heart-quality/data_processed/PhysioNet2022/training_data/84758_TV.wav,1,4.126609103672853,0.670637046060543
/Users/somesh/Desktop/onehearthealth/ast-heart-quality/data_processed/PhysioNet2022/training_data/84785_AV.wav,1,4.640390432507974,0.6929237753399952
/Users/somesh/Desktop/onehearthealth/ast-heart-quality/data_processed/PhysioNet2022/training_data/84785_MV.wav,1,5.314537133425895,0.7208442722805579
/Users/somesh/Desktop/onehearthealth/ast-heart-quality/data_processed/PhysioNet2022/training_data/84785_PV.wav,1,4.511617593518405,0.6874166489836857
/Users/somesh/Desktop/onehearthealth/ast-heart-quality/data_processed/PhysioNet2022/training_data/84785_TV.wav,1,7.011233691397131,0.7838072300734178
/Users/somesh/Desktop/onehearthealth/ast-heart-quality/data_processed/PhysioNet2022/training_data/84798_AV.wav,1,3.7540232726929905,0.6539732950429038
/Users/somesh/Desktop/onehearthealth/ast-heart-quality/data_processed/PhysioNet2022/training_data/84798_MV.wav,1,12.601475556524926,0.9172868030412175
/Users/somesh/Desktop/onehearthealth/ast-heart-quality/data_processed/PhysioNet2022/training_data/84798_PV.wav,1,6.405712786776895,0.7625821309273217
/Users/somesh/Desktop/onehearthealth/ast-heart-quality/data_processed/PhysioNet2022/training_data/84798_TV.wav,1,5.62470050941543,0.7331543811674928
/Users/somesh/Desktop/onehearthealth/ast-heart-quality/data_processed/PhysioNet2022/training_data/84809_AV.wav,1,5.765867487967268,0.7386414510074892
/Users/somesh/Desktop/onehearthealth/ast-heart-quality/data_processed/PhysioNet2022/training_data/84809_MV.wav,1,7.456325922116246,0.7985105397124864
/Users/somesh/Desktop/onehearthealth/ast-heart-quality/data_processed/PhysioNet2022/training_data/84809_PV.wav,1,12.17823175666021,0.9106333079878668
/Users/somesh/Desktop/onehearthealth/ast-heart-quality/data_processed/PhysioNet2022/training_data/84809_TV.wav,1,4.305998901037103,0.6785128161981184
/Users/somesh/Desktop/onehearthealth/ast-heart-quality/data_processed/PhysioNet2022/training_data/84835_AV.wav,1,4.85633396487337,0.702036144509238
/Users/somesh/Desktop/onehearthealth/ast-heart-quality/data_processed/PhysioNet2022/training_data/84835_MV.wav,1,12.475363532763028,0.9153528837779411
/Users/somesh/Desktop/onehearthealth/ast-heart-quality/data_processed/PhysioNet2022/training_data/84835_PV.wav,1,5.121218208832338,0.712998024466304
/Users/somesh/Desktop/onehearthealth/ast-heart-quality/data_processed/PhysioNet2022/training_data/84835_TV.wav,1,4.23844554256308,0.6755586103937311
/Users/somesh/Desktop/onehearthealth/ast-heart-quality/data_processed/PhysioNet2022/training_data/84837_AV.wav,1,2.403103449802241,0.5905807297100131
/Users/somesh/Desktop/onehearthealth/ast-heart-quality/data_processed/PhysioNet2022/training_data/84837_PV.wav,1,5.207824046116744,0.7165293701148769
/Users/somesh/Desktop/onehearthealth/ast-heart-quality/data_processed/PhysioNet2022/training_data/84840_MV.wav,1,4.163123124200995,0.6722480965923798
/Users/somesh/Desktop/onehearthealth/ast-heart-quality/data_processed/PhysioNet2022/training_data/84840_TV.wav,1,5.849307349774676,0.7418502151913667
/Users/somesh/Desktop/onehearthealth/ast-heart-quality/data_processed/PhysioNet2022/training_data/84861_AV.wav,1,4.70497470195103,0.6956653588384049
/Users/somesh/Desktop/onehearthealth/ast-heart-quality/data_processed/PhysioNet2022/training_data/84861_MV.wav,1,6.741893589382052,0.7745396649811292
/Users/somesh/Desktop/onehearthealth/ast-heart-quality/data_processed/PhysioNet2022/training_data/84861_PV.wav,1,4.312596762866567,0.6788005908770832
/Users/somesh/Desktop/onehearthealth/ast-heart-quality/data_processed/PhysioNet2022/training_data/84861_TV.wav,1,3.612095063381323,0.6475220822986595
/Users/somesh/Desktop/onehearthealth/ast-heart-quality/data_processed/PhysioNet2022/training_data/84870_AV.wav,1,4.66658425578909,0.6940373538467814
/Users/somesh/Desktop/onehearthealth/ast-heart-quality/data_processed/PhysioNet2022/training_data/84870_MV.wav,1,5.396945018296392,0.7241487213374033
/Users/somesh/Desktop/onehearthealth/ast-heart-quality/data_processed/PhysioNet2022/training_data/84870_PV.wav,1,3.1270468819147776,0.6250772612056686
/Users/somesh/Desktop/onehearthealth/ast-heart-quality/data_processed/PhysioNet2022/training_data/84870_TV.wav,1,6.984228602000586,0.7828906061100934
/Users/somesh/Desktop/onehearthealth/ast-heart-quality/data_processed/PhysioNet2022/training_data/84877_AV.wav,1,3.744997109526977,0.6535646714656873
/Users/somesh/Desktop/onehearthealth/ast-heart-quality/data_processed/PhysioNet2022/training_data/84877_MV.wav,1,4.288129528290708,0.6777327387521977
/Users/somesh/Desktop/onehearthealth/ast-heart-quality/data_processed/PhysioNet2022/training_data/84877_PV.wav,1,8.044664337754782,0.8167794930087067
/Users/somesh/Desktop/onehearthealth/ast-heart-quality/data_processed/PhysioNet2022/training_data/84877_TV.wav,1,2.273852795646194,0.5843159737079884
/Users/somesh/Desktop/onehearthealth/ast-heart-quality/data_processed/PhysioNet2022/training_data/84885_AV.wav,1,4.590516266810987,0.6907972515728641
/Users/somesh/Desktop/onehearthealth/ast-heart-quality/data_processed/PhysioNet2022/training_data/84885_MV.wav,1,3.9747184800930797,0.6638925926674076
/Users/somesh/Desktop/onehearthealth/ast-heart-quality/data_processed/PhysioNet2022/training_data/84890_AV.wav,1,10.760806849717037,0.8847200020039571
/Users/somesh/Desktop/onehearthealth/ast-heart-quality/data_processed/PhysioNet2022/training_data/84890_MV.wav,1,6.3044673278016425,0.758896549724647
/Users/somesh/Desktop/onehearthealth/ast-heart-quality/data_processed/PhysioNet2022/training_data/84890_PV.wav,1,8.558431965948195,0.8316592079113007
/Users/somesh/Desktop/onehearthealth/ast-heart-quality/data_processed/PhysioNet2022/training_data/84890_TV.wav,1,2.301160593939213,0.5856419225022478
/Users/somesh/Desktop/onehearthealth/ast-heart-quality/data_processed/PhysioNet2022/training_data/84893_AV.wav,1,5.316121802335525,0.7209080437064983
/Users/somesh/Desktop/onehearthealth/ast-heart-quality/data_processed/PhysioNet2022/training_data/84893_PV.wav,1,6.689178534261444,0.7726932329961356
/Users/somesh/Desktop/onehearthealth/ast-heart-quality/data_processed/PhysioNet2022/training_data/84894_AV.wav,1,4.432113052733595,0.6839898012199247
/Users/somesh/Desktop/onehearthealth/ast-heart-quality/data_processed/PhysioNet2022/training_data/84894_MV.wav,1,7.679348884186989,0.8055915799923681
/Users/somesh/Desktop/onehearthealth/ast-heart-quality/data_processed/PhysioNet2022/training_data/84894_PV.wav,1,6.585025700874367,0.7690138182436606
/Users/somesh/Desktop/onehearthealth/ast-heart-quality/data_processed/PhysioNet2022/training_data/84894_TV.wav,1,4.4661656820633855,0.6854600331005853
/Users/somesh/Desktop/onehearthealth/ast-heart-quality/data_processed/PhysioNet2022/training_data/84917_AV.wav,1,4.60324045719231,0.6913405557533815
/Users/somesh/Desktop/onehearthealth/ast-heart-quality/data_processed/PhysioNet2022/training_data/84917_MV.wav,1,1.8849444422188555,0.565308446302251
/Users/somesh/Desktop/onehearthealth/ast-heart-quality/data_processed/PhysioNet2022/training_data/84917_PV.wav,1,6.369523377233643,0.7612692183784052
/Users/somesh/Desktop/onehearthealth/ast-heart-quality/data_processed/PhysioNet2022/training_data/84917_TV.wav,1,5.329361010074624,0.7214404767158542
/Users/somesh/Desktop/onehearthealth/ast-heart-quality/data_processed/PhysioNet2022/training_data/84921_AV.wav,1,4.68313864738699,0.6947399651967946
/Users/somesh/Desktop/onehearthealth/ast-heart-quality/data_processed/PhysioNet2022/training_data/84921_MV.wav,1,5.052936436780291,0.710195390835781
/Users/somesh/Desktop/onehearthealth/ast-heart-quality/data_processed/PhysioNet2022/training_data/84921_PV.wav,1,4.8237017893697836,0.7006691380525459
/Users/somesh/Desktop/onehearthealth/ast-heart-quality/data_processed/PhysioNet2022/training_data/84921_TV.wav,1,5.698364747014491,0.7360267824974898
/Users/somesh/Desktop/onehearthealth/ast-heart-quality/data_processed/PhysioNet2022/training_data/84930_AV.wav,1,3.8924148965271534,0.6602097087230658
/Users/somesh/Desktop/onehearthealth/ast-heart-quality/data_processed/PhysioNet2022/training_data/84930_MV.wav,1,9.701945729608305,0.861300657785433
/Users/somesh/Desktop/onehearthealth/ast-heart-quality/data_processed/PhysioNet2022/training_data/84930_PV.wav,1,10.543909895570456,0.8802213430490062
/Users/somesh/Desktop/onehearthealth/ast-heart-quality/data_processed/PhysioNet2022/training_data/84930_TV.wav,1,12.144897046863846,0.9100892629422028
/Users/somesh/Desktop/onehearthealth/ast-heart-quality/data_processed/PhysioNet2022/training_data/84937_AV.wav,1,3.790434154528582,0.6556193420096711
/Users/somesh/Desktop/onehearthealth/ast-heart-quality/data_processed/PhysioNet2022/training_data/84937_MV.wav,1,1.4643143918240913,0.5445338697364425
/Users/somesh/Desktop/onehearthealth/ast-heart-quality/data_processed/PhysioNet2022/training_data/84937_PV.wav,1,3.462496734511692,0.6406635398222006
/Users/somesh/Desktop/onehearthealth/ast-heart-quality/data_processed/PhysioNet2022/training_data/84937_TV.wav,1,7.441191832894497,0.7980231105392056
/Users/somesh/Desktop/onehearthealth/ast-heart-quality/data_processed/PhysioNet2022/training_data/84939_AV.wav,1,3.7023819814614383,0.6516323886320912
/Users/somesh/Desktop/onehearthealth/ast-heart-quality/data_processed/PhysioNet2022/training_data/84939_MV.wav,1,5.690988514869682,0.7357400550796883
/Users/somesh/Desktop/onehearthealth/ast-heart-quality/data_processed/PhysioNet2022/training_data/84939_PV.wav,1,9.569500589743349,0.8581058407039742
/Users/somesh/Desktop/onehearthealth/ast-heart-quality/data_processed/PhysioNet2022/training_data/84939_TV.wav,1,10.39493588558351,0.8770442686823344
/Users/somesh/Desktop/onehearthealth/ast-heart-quality/data_processed/PhysioNet2022/training_data/84945_AV.wav,1,8.997028026665628,0.8435854721203934
/Users/somesh/Desktop/onehearthealth/ast-heart-quality/data_processed/PhysioNet2022/training_data/84945_MV.wav,1,4.374785503080529,0.6815063452747148
/Users/somesh/Desktop/onehearthealth/ast-heart-quality/data_processed/PhysioNet2022/training_data/84945_PV.wav,1,7.130743825542271,0.7878300306679685
/Users/somesh/Desktop/onehearthealth/ast-heart-quality/data_processed/PhysioNet2022/training_data/84945_TV.wav,1,5.252318225094079,0.7183333694734205
/Users/somesh/Desktop/onehearthealth/ast-heart-quality/data_processed/PhysioNet2022/training_data/84947_AV.wav,1,7.22455369378732,0.7909492312454457
/Users/somesh/Desktop/onehearthealth/ast-heart-quality/data_processed/PhysioNet2022/training_data/84947_MV.wav,1,7.835295751692724,0.8104297599583469
/Users/somesh/Desktop/onehearthealth/ast-heart-quality/data_processed/PhysioNet2022/training_data/84947_PV.wav,1,6.932374362518474,0.781122672019485
/Users/somesh/Desktop/onehearthealth/ast-heart-quality/data_processed/PhysioNet2022/training_data/84947_TV.wav,1,4.972895127809994,0.706889550947278
/Users/somesh/Desktop/onehearthealth/ast-heart-quality/data_processed/PhysioNet2022/training_data/84969_MV.wav,1,3.694781956041308,0.6512872564172137
/Users/somesh/Desktop/onehearthealth/ast-heart-quality/data_processed/PhysioNet2022/training_data/84984_MV.wav,1,4.00447278295437,0.6652191653186248
/Users/somesh/Desktop/onehearthealth/ast-heart-quality/data_processed/PhysioNet2022/training_data/84984_PV.wav,1,12.275560833000727,0.9122048303174938
/Users/somesh/Desktop/onehearthealth/ast-heart-quality/data_processed/PhysioNet2022/training_data/84988_AV.wav,1,6.513960476901152,0.7664794854731455
/Users/somesh/Desktop/onehearthealth/ast-heart-quality/data_processed/PhysioNet2022/training_data/84988_MV.wav,1,5.689579792294298,0.7356852728059142
/Users/somesh/Desktop/onehearthealth/ast-heart-quality/data_processed/PhysioNet2022/training_data/84988_PV.wav,1,5.353905704831144,0.7224259240916817
/Users/somesh/Desktop/onehearthealth/ast-heart-quality/data_processed/PhysioNet2022/training_data/84992_AV.wav,1,5.2375819409430155,0.7177366658705115
/Users/somesh/Desktop/onehearthealth/ast-heart-quality/data_processed/PhysioNet2022/training_data/84992_PV.wav,1,3.7558556388429616,0.6540562204051422
/Users/somesh/Desktop/onehearthealth/ast-heart-quality/data_processed/PhysioNet2022/training_data/84992_TV.wav,1,6.088121436245383,0.7508910460707496
/Users/somesh/Desktop/onehearthealth/ast-heart-quality/data_processed/PhysioNet2022/training_data/84994_AV.wav,1,4.123994627601487,0.6705215370940173
/Users/somesh/Desktop/onehearthealth/ast-heart-quality/data_processed/PhysioNet2022/training_data/84994_MV.wav,1,4.8781582733656315,0.7029483864561642
/Users/somesh/Desktop/onehearthealth/ast-heart-quality/data_processed/PhysioNet2022/training_data/84994_PV.wav,1,4.978046865699197,0.7071029900620811
/Users/somesh/Desktop/onehearthealth/ast-heart-quality/data_processed/PhysioNet2022/training_data/84994_TV.wav,1,4.206699557135997,0.6741654504046533
/Users/somesh/Desktop/onehearthealth/ast-heart-quality/data_processed/PhysioNet2022/training_data/85010_AV.wav,1,6.612058917581127,0.7699728116097153
/Users/somesh/Desktop/onehearthealth/ast-heart-quality/data_processed/PhysioNet2022/training_data/85010_MV.wav,1,1.8674947852750678,0.5644506540474528
/Users/somesh/Desktop/onehearthealth/ast-heart-quality/data_processed/PhysioNet2022/training_data/85010_PV.wav,1,14.091807103727788,0.9372685734561761
/Users/somesh/Desktop/onehearthealth/ast-heart-quality/data_processed/PhysioNet2022/training_data/85010_TV.wav,1,7.787992679708325,0.8089720236524656
/Users/somesh/Desktop/onehearthealth/ast-heart-quality/data_processed/PhysioNet2022/training_data/85033_AV.wav,1,5.19209560695801,0.7158899986603767
/Users/somesh/Desktop/onehearthealth/ast-heart-quality/data_processed/PhysioNet2022/training_data/85033_MV.wav,1,4.058654783723759,0.6676281235783748
/Users/somesh/Desktop/onehearthealth/ast-heart-quality/data_processed/PhysioNet2022/training_data/85033_PV.wav,1,5.440002869485513,0.7258656210990475
/Users/somesh/Desktop/onehearthealth/ast-heart-quality/data_processed/PhysioNet2022/training_data/85033_TV.wav,1,4.624735572683289,0.6922571637051521
/Users/somesh/Desktop/onehearthealth/ast-heart-quality/data_processed/PhysioNet2022/training_data/85043_MV.wav,1,4.572552275586764,0.6900293171803265
/Users/somesh/Desktop/onehearthealth/ast-heart-quality/data_processed/PhysioNet2022/training_data/85043_PV.wav,1,12.541294185758236,0.9163689914704375
/Users/somesh/Desktop/onehearthealth/ast-heart-quality/data_processed/PhysioNet2022/training_data/85043_TV.wav,1,4.650565024642071,0.6933565960633196
/Users/somesh/Desktop/onehearthealth/ast-heart-quality/data_processed/PhysioNet2022/training_data/85044_AV.wav,1,4.305095116767942,0.67847338585958
/Users/somesh/Desktop/onehearthealth/ast-heart-quality/data_processed/PhysioNet2022/training_data/85044_PV.wav,1,3.640171590927425,0.6488026399478946
/Users/somesh/Desktop/onehearthealth/ast-heart-quality/data_processed/PhysioNet2022/training_data/85075_AV.wav,1,5.359076814048265,0.72263326547876
/Users/somesh/Desktop/onehearthealth/ast-heart-quality/data_processed/PhysioNet2022/training_data/85075_MV.wav,1,14.60302303510849,0.9430180308344122
/Users/somesh/Desktop/onehearthealth/ast-heart-quality/data_processed/PhysioNet2022/training_data/85075_PV.wav,1,3.152569446439861,0.6262727669154858
/Users/somesh/Desktop/onehearthealth/ast-heart-quality/data_processed/PhysioNet2022/training_data/85075_TV.wav,1,6.680393819539139,0.7723844985100216
/Users/somesh/Desktop/onehearthealth/ast-heart-quality/data_processed/PhysioNet2022/training_data/85076_MV.wav,1,5.263359327162627,0.7187799444138263
/Users/somesh/Desktop/onehearthealth/ast-heart-quality/data_processed/PhysioNet2022/training_data/85076_PV.wav,1,4.002052025990947,0.6651113349080433
/Users/somesh/Desktop/onehearthealth/ast-heart-quality/data_processed/PhysioNet2022/training_data/85084_AV.wav,1,3.907997332875938,0.6609084897308768
/Users/somesh/Desktop/onehearthealth/ast-heart-quality/data_processed/PhysioNet2022/training_data/85084_PV.wav,1,6.053290370591905,0.7495857141192276
/Users/somesh/Desktop/onehearthealth/ast-heart-quality/data_processed/PhysioNet2022/training_data/85084_TV.wav,1,5.259672992581924,0.7186308926828922
/Users/somesh/Desktop/onehearthealth/ast-heart-quality/data_processed/PhysioNet2022/training_data/85114_AV.wav,1,6.489205939566416,0.7655921602126136
/Users/somesh/Desktop/onehearthealth/ast-heart-quality/data_processed/PhysioNet2022/training_data/85114_MV.wav,1,4.324954058302437,0.6793392056765141
/Users/somesh/Desktop/onehearthealth/ast-heart-quality/data_processed/PhysioNet2022/training_data/85114_PV.wav,1,5.370770607885641,0.7231017890901146
/Users/somesh/Desktop/onehearthealth/ast-heart-quality/data_processed/PhysioNet2022/training_data/85114_TV.wav,1,9.483544941353667,0.8559997313441637
/Users/somesh/Desktop/onehearthealth/ast-heart-quality/data_processed/PhysioNet2022/training_data/85123_AV.wav,1,3.41784337264696,0.6386050037871472
/Users/somesh/Desktop/onehearthealth/ast-heart-quality/data_processed/PhysioNet2022/training_data/85123_MV.wav,1,13.229635278178499,0.92633259880889
/Users/somesh/Desktop/onehearthealth/ast-heart-quality/data_processed/PhysioNet2022/training_data/85123_PV.wav,1,5.809649719964551,0.7403283494351249
/Users/somesh/Desktop/onehearthealth/ast-heart-quality/data_processed/PhysioNet2022/training_data/85123_TV.wav,1,7.971954718424809,0.8145932505735173
/Users/somesh/Desktop/onehearthealth/ast-heart-quality/data_processed/PhysioNet2022/training_data/85124_AV.wav,1,7.817864994508045,0.8098935910835126
/Users/somesh/Desktop/onehearthealth/ast-heart-quality/data_processed/PhysioNet2022/training_data/85124_MV.wav,1,3.9863194088726117,0.6644101200749658
/Users/somesh/Desktop/onehearthealth/ast-heart-quality/data_processed/PhysioNet2022/training_data/85124_PV.wav,1,4.673126339523425,0.6943151249350906
/Users/somesh/Desktop/onehearthealth/ast-heart-quality/data_processed/PhysioNet2022/training_data/85124_TV.wav,1,4.083014924742338,0.6687083462511156
/Users/somesh/Desktop/onehearthealth/ast-heart-quality/data_processed/PhysioNet2022/training_data/85133_AV.wav,1,4.140787871870858,0.6712631124640496
/Users/somesh/Desktop/onehearthealth/ast-heart-quality/data_processed/PhysioNet2022/training_data/85133_MV.wav,1,3.5064247847060273,0.6426835988056818
/Users/somesh/Desktop/onehearthealth/ast-heart-quality/data_processed/PhysioNet2022/training_data/85133_PV.wav,1,7.894326190906302,0.8122369247715461
/Users/somesh/Desktop/onehearthealth/ast-heart-quality/data_processed/PhysioNet2022/training_data/85133_TV.wav,1,5.2704980631199465,0.7190684524039126
/Users/somesh/Desktop/onehearthealth/ast-heart-quality/data_processed/PhysioNet2022/training_data/85135_MV.wav,1,10.40833682873747,0.8773330018918492
/Users/somesh/Desktop/onehearthealth/ast-heart-quality/data_processed/PhysioNet2022/training_data/85135_PV.wav,1,15.66651517003632,0.9534273132597547
/Users/somesh/Desktop/onehearthealth/ast-heart-quality/data_processed/PhysioNet2022/training_data/85135_TV.wav,1,5.746277873967317,0.7378843881313626
/Users/somesh/Desktop/onehearthealth/ast-heart-quality/data_processed/PhysioNet2022/training_data/85140_AV.wav,1,6.959521907248641,0.7820495383920313
/Users/somesh/Desktop/onehearthealth/ast-heart-quality/data_processed/PhysioNet2022/training_data/85140_MV.wav,1,8.245332639242383,0.8227093403316766
/Users/somesh/Desktop/onehearthealth/ast-heart-quality/data_processed/PhysioNet2022/training_data/85140_PV.wav,1,4.282264942227403,0.6774765072584403
/Users/somesh/Desktop/onehearthealth/ast-heart-quality/data_processed/PhysioNet2022/training_data/85145_MV.wav,1,5.56560910178694,0.7308359024339734
/Users/somesh/Desktop/onehearthealth/ast-heart-quality/data_processed/PhysioNet2022/training_data/85148_AV.wav,1,4.3698166006978525,0.6812906009118682
/Users/somesh/Desktop/onehearthealth/ast-heart-quality/data_processed/PhysioNet2022/training_data/85148_MV.wav,1,7.657568987568498,0.8049084653293636
/Users/somesh/Desktop/onehearthealth/ast-heart-quality/data_processed/PhysioNet2022/training_data/85148_PV.wav,1,10.24907419034763,0.8738636340110952
/Users/somesh/Desktop/onehearthealth/ast-heart-quality/data_processed/PhysioNet2022/training_data/85148_TV.wav,1,10.12806759624928,0.8711717954980318
/Users/somesh/Desktop/onehearthealth/ast-heart-quality/data_processed/PhysioNet2022/training_data/85155_AV.wav,1,3.3681361960634786,0.6363074864203502
/Users/somesh/Desktop/onehearthealth/ast-heart-quality/data_processed/PhysioNet2022/training_data/85166_AV.wav,1,8.579202619558188,0.8322399942092006
/Users/somesh/Desktop/onehearthealth/ast-heart-quality/data_processed/PhysioNet2022/training_data/85166_MV.wav,1,6.878967333736387,0.7792909888788616
/Users/somesh/Desktop/onehearthealth/ast-heart-quality/data_processed/PhysioNet2022/training_data/85166_PV.wav,1,4.580844092050761,0.6903839107851281
/Users/somesh/Desktop/onehearthealth/ast-heart-quality/data_processed/PhysioNet2022/training_data/85166_TV.wav,1,4.373965830295706,0.6814707613275091
/Users/somesh/Desktop/onehearthealth/ast-heart-quality/data_processed/PhysioNet2022/training_data/85180_AV.wav,1,10.319060853036206,0.8753984468733818
/Users/somesh/Desktop/onehearthealth/ast-heart-quality/data_processed/PhysioNet2022/training_data/85180_MV.wav,1,9.57895910904417,0.8583360189589502
/Users/somesh/Desktop/onehearthealth/ast-heart-quality/data_processed/PhysioNet2022/training_data/85180_PV.wav,1,6.247908912239295,0.7568207650030371
/Users/somesh/Desktop/onehearthealth/ast-heart-quality/data_processed/PhysioNet2022/training_data/85180_TV.wav,1,4.386524179356698,0.6820157167072708
/Users/somesh/Desktop/onehearthealth/ast-heart-quality/data_processed/PhysioNet2022/training_data/85181_AV.wav,1,4.754603967602883,0.6977627209001218
/Users/somesh/Desktop/onehearthealth/ast-heart-quality/data_processed/PhysioNet2022/training_data/85181_PV.wav,1,3.9760625136695267,0.6639525713449212
/Users/somesh/Desktop/onehearthealth/ast-heart-quality/data_processed/PhysioNet2022/training_data/85184_AV.wav,1,2.509122015107685,0.5956976647538793
/Users/somesh/Desktop/onehearthealth/ast-heart-quality/data_processed/PhysioNet2022/training_data/85184_MV.wav,1,3.162902032812786,0.6267563196527048
/Users/somesh/Desktop/onehearthealth/ast-heart-quality/data_processed/PhysioNet2022/training_data/85184_PV.wav,1,3.494199304266849,0.6421219078596915
/Users/somesh/Desktop/onehearthealth/ast-heart-quality/data_processed/PhysioNet2022/training_data/85184_TV.wav,1,8.199886679559766,0.8213797119097976
/Users/somesh/Desktop/onehearthealth/ast-heart-quality/data_processed/PhysioNet2022/training_data/85192_AV.wav,1,1.8746676402186855,0.5648033050828745
/Users/somesh/Desktop/onehearthealth/ast-heart-quality/data_processed/PhysioNet2022/training_data/85192_MV.wav,1,6.985136646685703,0.7829214731227967
/Users/somesh/Desktop/onehearthealth/ast-heart-quality/data_processed/PhysioNet2022/training_data/85192_PV.wav,1,4.828156590620662,0.7008559674207463
/Users/somesh/Desktop/onehearthealth/ast-heart-quality/data_processed/PhysioNet2022/training_data/85192_TV.wav,1,2.7074812414035665,0.6052149290799319
/Users/somesh/Desktop/onehearthealth/ast-heart-quality/data_processed/PhysioNet2022/training_data/85197_AV.wav,1,4.410797984043158,0.6830676384764722
/Users/somesh/Desktop/onehearthealth/ast-heart-quality/data_processed/PhysioNet2022/training_data/85197_MV.wav,1,7.0086291972990775,0.783718948919091
/Users/somesh/Desktop/onehearthealth/ast-heart-quality/data_processed/PhysioNet2022/training_data/85197_PV.wav,1,10.064011466189948,0.869727122508222
/Users/somesh/Desktop/onehearthealth/ast-heart-quality/data_processed/PhysioNet2022/training_data/85197_TV.wav,1,7.702297990958068,0.806309401208883
/Users/somesh/Desktop/onehearthealth/ast-heart-quality/data_processed/PhysioNet2022/training_data/85213_AV.wav,1,9.554763922285703,0.8577465938587179
/Users/somesh/Desktop/onehearthealth/ast-heart-quality/data_processed/PhysioNet2022/training_data/85213_MV.wav,1,11.345945647282983,0.8961290378864977
/Users/somesh/Desktop/onehearthealth/ast-heart-quality/data_processed/PhysioNet2022/training_data/85213_PV.wav,1,4.5573731091126675,0.6893796119477374
/Users/somesh/Desktop/onehearthealth/ast-heart-quality/data_processed/PhysioNet2022/training_data/85213_TV.wav,1,6.212717675247406,0.7555230838807813
/Users/somesh/Desktop/onehearthealth/ast-heart-quality/data_processed/PhysioNet2022/training_data/85235_AV.wav,1,4.971327821351052,0.7068245985859946
/Users/somesh/Desktop/onehearthealth/ast-heart-quality/data_processed/PhysioNet2022/training_data/85235_MV.wav,1,10.137120413469061,0.8713748612242315
/Users/somesh/Desktop/onehearthealth/ast-heart-quality/data_processed/PhysioNet2022/training_data/85235_PV.wav,1,8.25987357038791,0.8231331265195471
/Users/somesh/Desktop/onehearthealth/ast-heart-quality/data_processed/PhysioNet2022/training_data/85235_TV.wav,1,11.089905276127329,0.8912648925777827
/Users/somesh/Desktop/onehearthealth/ast-heart-quality/data_processed/PhysioNet2022/training_data/85242_MV.wav,1,5.08551033890914,0.7115344108878577
/Users/somesh/Desktop/onehearthealth/ast-heart-quality/data_processed/PhysioNet2022/training_data/85243_AV.wav,1,5.392724770033989,0.7239800843200727
/Users/somesh/Desktop/onehearthealth/ast-heart-quality/data_processed/PhysioNet2022/training_data/85243_PV.wav,1,3.6268224064312498,0.6481940554379616
/Users/somesh/Desktop/onehearthealth/ast-heart-quality/data_processed/PhysioNet2022/training_data/85245_AV.wav,1,3.0938846315435056,0.6235216240616341
/Users/somesh/Desktop/onehearthealth/ast-heart-quality/data_processed/PhysioNet2022/training_data/85245_PV.wav,1,4.3981637520893235,0.6825203581311017
/Users/somesh/Desktop/onehearthealth/ast-heart-quality/data_processed/PhysioNet2022/training_data/85245_TV.wav,1,5.81042820353379,0.7403582798070726
/Users/somesh/Desktop/onehearthealth/ast-heart-quality/data_processed/PhysioNet2022/training_data/85249_AV.wav,1,10.853835869641184,0.886604077021022
/Users/somesh/Desktop/onehearthealth/ast-heart-quality/data_processed/PhysioNet2022/training_data/85249_MV.wav,1,5.430211047901929,0.7254757642017656
/Users/somesh/Desktop/onehearthealth/ast-heart-quality/data_processed/PhysioNet2022/training_data/85249_PV.wav,1,4.0636497322810525,0.6678497630728025
/Users/somesh/Desktop/onehearthealth/ast-heart-quality/data_processed/PhysioNet2022/training_data/85249_TV.wav,1,3.4749638975349586,0.6412373607823562
/Users/somesh/Desktop/onehearthealth/ast-heart-quality/data_processed/PhysioNet2022/training_data/85261_AV.wav,1,4.572221325186,0.6900151596815625
/Users/somesh/Desktop/onehearthealth/ast-heart-quality/data_processed/PhysioNet2022/training_data/85261_MV.wav,1,7.086962765970062,0.7863627072084666
/Users/somesh/Desktop/onehearthealth/ast-heart-quality/data_processed/PhysioNet2022/training_data/85261_PV.wav,1,3.887589457949548,0.659993174383127
/Users/somesh/Desktop/onehearthealth/ast-heart-quality/data_processed/PhysioNet2022/training_data/85261_TV.wav,1,5.118415627139239,0.7128833112832259
/Users/somesh/Desktop/onehearthealth/ast-heart-quality/data_processed/PhysioNet2022/training_data/85262_AV.wav,1,3.7257473760907427,0.6526924600658633
/Users/somesh/Desktop/onehearthealth/ast-heart-quality/data_processed/PhysioNet2022/training_data/85262_MV.wav,1,10.486090248661311,0.8789967673324894
/Users/somesh/Desktop/onehearthealth/ast-heart-quality/data_processed/PhysioNet2022/training_data/85262_PV.wav,1,4.008923139128051,0.6654173573626063
/Users/somesh/Desktop/onehearthealth/ast-heart-quality/data_processed/PhysioNet2022/training_data/85262_TV.wav,1,15.438538615184216,0.9513603391729408
/Users/somesh/Desktop/onehearthealth/ast-heart-quality/data_processed/PhysioNet2022/training_data/85265_AV.wav,1,7.650290037253177,0.80467975993272
/Users/somesh/Desktop/onehearthealth/ast-heart-quality/data_processed/PhysioNet2022/training_data/85265_MV.wav,1,7.926933189103852,0.8132294665055241
/Users/somesh/Desktop/onehearthealth/ast-heart-quality/data_processed/PhysioNet2022/training_data/85265_PV.wav,1,4.618436865140708,0.691988726944503
/Users/somesh/Desktop/onehearthealth/ast-heart-quality/data_processed/PhysioNet2022/training_data/85265_TV.wav,1,4.606670384188766,0.6914869181320754
/Users/somesh/Desktop/onehearthealth/ast-heart-quality/data_processed/PhysioNet2022/training_data/85287_MV.wav,1,3.496781618992863,0.6422405830351174
/Users/somesh/Desktop/onehearthealth/ast-heart-quality/data_processed/PhysioNet2022/training_data/85287_PV.wav,1,6.9874983778984,0.7830017402081652
/Users/somesh/Desktop/onehearthealth/ast-heart-quality/data_processed/PhysioNet2022/training_data/85287_TV.wav,1,5.760969208949432,0.7384522839924336
/Users/somesh/Desktop/onehearthealth/ast-heart-quality/data_processed/PhysioNet2022/training_data/85288_AV.wav,1,5.161454862880572,0.7146419379425722
/Users/somesh/Desktop/onehearthealth/ast-heart-quality/data_processed/PhysioNet2022/training_data/85288_MV.wav,1,4.89403121364597,0.7036108510189397
/Users/somesh/Desktop/onehearthealth/ast-heart-quality/data_processed/PhysioNet2022/training_data/85288_PV.wav,1,5.7071523011787795,0.7363681099866061
/Users/somesh/Desktop/onehearthealth/ast-heart-quality/data_processed/PhysioNet2022/training_data/85288_TV.wav,1,4.349099488346521,0.6803902491622507
/Users/somesh/Desktop/onehearthealth/ast-heart-quality/data_processed/PhysioNet2022/training_data/85321_PV.wav,1,3.598906480533794,0.6469198231587469
/Users/somesh/Desktop/onehearthealth/ast-heart-quality/data_processed/PhysioNet2022/training_data/85321_TV.wav,1,4.3302249229788465,0.6795688005926421
/Users/somesh/Desktop/onehearthealth/ast-heart-quality/data_processed/PhysioNet2022/training_data/85331_AV.wav,1,3.5220014347845225,0.6433986890821436
/Users/somesh/Desktop/onehearthealth/ast-heart-quality/data_processed/PhysioNet2022/training_data/85331_MV.wav,1,4.209536752653737,0.674290085386608
/Users/somesh/Desktop/onehearthealth/ast-heart-quality/data_processed/PhysioNet2022/training_data/85331_PV.wav,1,4.464737107018742,0.6853984283732572
/Users/somesh/Desktop/onehearthealth/ast-heart-quality/data_processed/PhysioNet2022/training_data/85331_TV.wav,1,6.327100337101106,0.7597238228181382
/Users/somesh/Desktop/onehearthealth/ast-heart-quality/data_processed/PhysioNet2022/training_data/85336_AV.wav,1,6.758907133015446,0.7751333179559229
/Users/somesh/Desktop/onehearthealth/ast-heart-quality/data_processed/PhysioNet2022/training_data/85336_MV.wav,1,5.107555562402782,0.7124385366795524
/Users/somesh/Desktop/onehearthealth/ast-heart-quality/data_processed/PhysioNet2022/training_data/85338_AV.wav,1,15.215471063612725,0.9492538316729368
/Users/somesh/Desktop/onehearthealth/ast-heart-quality/data_processed/PhysioNet2022/training_data/85338_MV.wav,1,2.9858231213176936,0.6184349188232292
/Users/somesh/Desktop/onehearthealth/ast-heart-quality/data_processed/PhysioNet2022/training_data/85338_PV.wav,1,8.172597755443423,0.8205775675815121
/Users/somesh/Desktop/onehearthealth/ast-heart-quality/data_processed/PhysioNet2022/training_data/85338_TV.wav,1,6.9308188457434685,0.7810694780135936
/Users/somesh/Desktop/onehearthealth/ast-heart-quality/data_processed/PhysioNet2022/training_data/85341_AV.wav,1,2.7250168110727797,0.606052573226413
/Users/somesh/Desktop/onehearthealth/ast-heart-quality/data_processed/PhysioNet2022/training_data/85341_MV.wav,1,5.272106515227746,0.7191334321886852
/Users/somesh/Desktop/onehearthealth/ast-heart-quality/data_processed/PhysioNet2022/training_data/85341_PV.wav,1,5.846126312118644,0.741728357312505
/Users/somesh/Desktop/onehearthealth/ast-heart-quality/data_processed/PhysioNet2022/training_data/85341_TV.wav,1,8.916907001319554,0.8414594341106112
/Users/somesh/Desktop/onehearthealth/ast-heart-quality/data_processed/PhysioNet2022/training_data/85343_AV.wav,1,5.83313139860774,0.741230164242019
/Users/somesh/Desktop/onehearthealth/ast-heart-quality/data_processed/PhysioNet2022/training_data/85343_MV.wav,1,5.059071095057287,0.7104478501899107
/Users/somesh/Desktop/onehearthealth/ast-heart-quality/data_processed/PhysioNet2022/training_data/85343_PV.wav,1,4.2350882856207,0.6754114248882502
/Users/somesh/Desktop/onehearthealth/ast-heart-quality/data_processed/PhysioNet2022/training_data/85343_TV.wav,1,6.593197838771337,0.7693040165134153
noise,0,15.551931110291692,0.9523990832183077
noise,0,5.775322910475554,0.7390063605689666
noise,0,4.063770269933024,0.6678551107392185
noise,0,9.290943870640147,0.8511861540058887
noise,0,15.55036015750092,0.9523848373427317
noise,0,5.9765530994749625,0.7466938695064087
noise,0,7.1990991078442015,0.7901062086333859
noise,0,5.432690709918063,0.7255745233909566
noise,0,3.6662239362393505,0.649988963353818
noise,0,6.68149250982652,0.7724231276172359
noise,0,5.305043917522481,0.7204620523245561
noise,0,3.696630789260998,0.6513712302221162
noise,0,3.6320310388142625,0.6484315725151318
noise,0,3.3976430538663855,0.6376720817728919
noise,0,9.468415067453323,0.8556263350552371
noise,0,4.3134503535745665,0.6788378114767951
noise,0,6.283237540719062,0.7581188021750421
noise,0,1.5597298675897953,0.5492626344636157
noise,0,6.798609431572409,0.7765143289136255
noise,0,5.3975410430287765,0.7241725327654437
noise,0,14.63269392931875,0.9433360670449995
noise,0,4.93869143525304,0.7054701691245526
noise,0,2.1092330931429597,0.576297515874301
noise,0,8.78849572259566,0.838003161467675
noise,0,1.8237914116957918,0.562300595611802
noise,0,6.642110706802072,0.7710356064962594
noise,0,4.559323910341217,0.6894631528796511
noise,0,3.799387923506415,0.6560235503429617
noise,0,3.1179496392102135,0.6246507661674301
noise,0,8.20143783489016,0.8214252229478105
noise,0,7.452300419474466,0.7983809747834302
noise,0,6.70147400270327,0.7731248546251127
noise,0,4.741938637833023,0.6972282554060543
noise,0,6.510639463859643,0.7663605796809724
noise,0,7.927031401783775,0.8132324499389495
noise,0,10.101694561124999,0.8705786585894802
noise,0,7.530451293030533,0.8008852150301461
noise,0,5.401012116652016,0.7243111782666943
noise,0,3.5665298734577497,0.6454393621626344
noise,0,4.083533907339064,0.6687313406692038
noise,0,5.874044971096017,0.7427965737054106
noise,0,1.6459152180225436,0.5535263448706093
noise,0,6.662055720974777,0.7717390623775936
noise,0,4.685270322762544,0.6948303732742239
noise,0,2.8694154396271814,0.6129261601562922
noise,0,3.7637807809853365,0.6544147718994507
noise,0,6.5154673292033785,0.7665334230431204
noise,0,4.144101666807377,0.6714093461876526
noise,0,5.54702833331027,0.7301042532719763
noise,0,6.571899062303882,0.7685471478539482
noise,0,5.335058108742343,0.7216694014089372
noise,0,6.339614500066306,0.7601804016940695
noise,0,5.559909572592634,0.7306116071058435
noise,0,1.973548006450183,0.5696578947622064
noise,0,6.492270873087326,0.7657021493894802
noise,0,6.329673154392996,0.7598177404976122
noise,0,3.9358800787948516,0.6621571179215414
noise,0,7.196096453548817,0.7900066002133856
noise,0,3.9735907034664235,0.6638422605680763
noise,0,4.2940201057500875,0.6779899983243163
noise,0,7.795222745803203,0.8091953853366689
noise,0,5.124688968144621,0.7131400490357921
noise,0,4.086886044726824,0.6688798434859085
noise,0,5.844219678169976,0.7416553007970792
noise,0,6.916788979023485,0.7805892783105035
noise,0,8.873529089766816,0.840298632675957
noise,0,2.1871273566867684,0.5800969467535556
noise,0,4.050403937951168,0.6672618484687581
noise,0,5.550433946664137,0.7302384488411645
noise,0,7.522109720961019,0.8006190385702543
noise,0,3.0703094808271274,0.6224141635878433
noise,0,3.8839296159343735,0.6598288998439084
noise,0,4.031716892235722,0.6664315378246322
noise,0,11.17840835795538,0.8929684482107375
noise,0,6.014749953115567,0.7481360714267157
noise,0,5.400584639984131,0.7242941058467612
noise,0,7.9977551755247305,0.8153713199982877
noise,0,4.731511382363704,0.696787833572613
noise,0,5.302038934875977,0.7203409977012463
noise,0,4.3735461274733645,0.6814525402090617
noise,0,6.267815899004675,0.7575527642527704
noise,0,4.429156928714001,0.6838619954081037
noise,0,2.268335884868949,0.5840479474072252
noise,0,5.0621516666097675,0.7105745756783384
noise,0,5.816982906369407,0.7406101997409172
noise,0,7.728834589316602,0.8071369222457754
noise,0,3.476037993778177,0.6412867788822862
noise,0,8.309533022758004,0.8245744231868334
noise,0,6.978361114690284,0.7826910771224651
noise,0,10.573194453874455,0.8808374735432233
noise,0,3.9127908053795823,0.6611233081222776
noise,0,10.298457214891934,0.8749482786265628
noise,0,2.579367363591713,0.5990766716649946
noise,0,4.188284199016368,0.6733558849434251
noise,0,8.473023873410956,0.8292541775739953
noise,0,9.95848994862936,0.867317251395516
noise,0,1.8249498269571025,0.5623576163052683
noise,0,9.418094118086909,0.8543786515463142
noise,0,3.4907989362432175,0.6419656109175763
noise,0,5.730124219999421,0.7372590491457047
noise,0,6.900053480658263,0.7800154833481511
noise,0,2.9736101225609244,0.6178583643125732
noise,0,4.479399017168105,0.6860303863304099
noise,0,4.056567507640249,0.6675354834453826
noise,0,6.914280643500898,0.7805033458633801
noise,0,7.876251160978253,0.8116849846721537
noise,0,3.73703122952912,0.6532038597165145
noise,0,4.003122952493672,0.6651590404791758
noise,0,4.359647366373876,0.6808488214407734
noise,0,10.687590292351574,0.8832180887481585
noise,0,8.452467540781566,0.8286712681775088
noise,0,9.873847125347831,0.8653570030962453
noise,0,6.487594991481684,0.7655343348571008
noise,0,4.382317703947336,0.681833236876074
noise,0,3.7897526300520052,0.6555885660804729
noise,0,4.4198631261558425,0.6834600038459893
noise,0,2.007578399733969,0.5713255927312693
noise,0,4.6991868155481065,0.6954202267919922
noise,0,3.9662072414066563,0.6635126485310789
noise,0,12.269990669207552,0.9121155695976525
noise,0,7.0101125503119475,0.7837692314090887
noise,0,1.1062232223293673,0.5267221525148099
noise,0,4.908740072456438,0.7042239681286181
noise,0,4.803919487201983,0.6998386838531806
noise,0,2.136441685061901,0.5776257128044263
noise,0,4.89208910015112,0.703529841925352
noise,0,4.829612157971177,0.700916997793725
noise,0,6.017383025258974,0.7482352876212793
noise,0,4.186190050558135,0.6732637576127891
noise,0,10.632336620681542,0.8820734371811195
noise,0,5.135737740792234,0.7135918884412282
noise,0,9.404936012072596,0.8540509309245534
noise,0,4.714291043626016,0.6960596969387254
noise,0,4.093938884052335,0.6691921810345381
noise,0,6.582908969445041,0.768938610016073
noise,0,3.5741403497688076,0.6457876125333539
noise,0,4.95981292578446,0.7063471397883075
noise,0,4.9032459612934085,0.7039950402711773
noise,0,6.042733151773234,0.749189172580654
noise,0,1.947572794937857,0.5683838835182894
noise,0,4.524860781509061,0.6879854922810763
noise,0,4.266786790314405,0.6767997342721688
noise,0,3.9005640090685354,0.6605752359251283
noise,0,7.9328480033828,0.813409076967648
noise,0,3.2910250102773704,0.6327310207074872
noise,0,4.062790782036896,0.6678116543961493
noise,0,2.062643204372891,0.5740206620522689
noise,0,4.4512895537026225,0.6848182071539045
noise,0,14.410326495658751,0.9409114133610438
noise,0,4.1887319789856345,0.6733755822758064
noise,0,7.675383981569133,0.805467358214232
noise,0,3.4714199877915854,0.6410742877540448
noise,0,7.926714509582632,0.8132228234860537
noise,0,8.337183987671892,0.8253729382493172
noise,0,6.865782288667331,0.7788370984191678
noise,0,4.765925359901356,0.6982400204383254
noise,0,7.832401521768051,0.8103408139220465
noise,0,8.822406014363883,0.8389217428496176
noise,0,11.283136544083964,0.8949539291860935
noise,0,10.14644396263158,0.8715837145380073
noise,0,6.876538563588463,0.7792074295301866
noise,0,8.131676705902471,0.8193694431859321
noise,0,3.6583409382294425,0.6496301969603618
noise,0,14.79573648774515,0.9450541050150268
noise,0,5.801960272205631,0.7400325927815344
noise,0,7.163545609241136,0.788924549039027
noise,0,4.9123270034881505,0.7043733724505689
noise,0,6.40310967739835,0.7624878591261954
noise,0,11.073713597424925,0.8909506618139457
noise,0,5.7390580949212175,0.7376050152540048
noise,0,8.386193598385592,0.8267812106621895
noise,0,3.477787025055938,0.6413672436522009
noise,0,3.8630186534204904,0.658889560466722
noise,0,6.490594355863716,0.765641989798457
noise,0,9.251433406288212,0.8501824292329566
noise,0,7.141965590656233,0.7882049406228292
noise,0,2.6193305772980704,0.6009948458918251
noise,0,6.403762240416584,0.7625114941651528
noise,0,4.168414558200769,0.6724812270321976
noise,0,4.565207795322827,0.6897150490139683
noise,0,7.149324857201131,0.7884505445129177
noise,0,5.132292374777898,0.7134510359649011
noise,0,3.3560562276496526,0.6357481925985439
noise,0,4.660078757337404,0.693760996240385
noise,0,11.428920247900567,0.8976635996678693
noise,0,5.468548987620389,0.7270002032256058
noise,0,9.23831460959838,0.8498479279139187
noise,0,10.709656305988736,0.8836725144024182
noise,0,6.152652303375913,0.753297368166769
noise,0,2.144638529561921,0.5780256256188243
noise,0,14.657920912843007,0.9436051568267688
noise,0,7.631572479282251,0.8040907201479498
noise,0,4.4198631261558425,0.6834600038459893
noise,0,7.618310393820543,0.8036725509364777
noise,0,5.564138747959676,0.7307780504395377
noise,0,6.700756575225311,0.7730996858791421
noise,0,3.7853215290434092,0.6553884368912605
noise,0,4.3030279638321645,0.6783831904597978
noise,0,3.6061708880864347,0.6472516115768335
noise,0,3.5568311818219445,0.6449953329776695
noise,0,2.1258274099566337,0.5771077056786472
noise,0,4.576448955035448,0.6901959837530581
noise,0,4.790279173795714,0.6992653024927685
noise,0,5.054259411874693,0.7102498461973585
noise,0,13.251874782784174,0.9266355508763033
noise,0,2.671902803438187,0.6035135125016623
noise,0,3.282452518532538,0.6323325107456689
noise,0,4.854056983227083,0.7019408753054674
noise,0,8.337287316263309,0.8253759168299178
noise,0,5.874490536963965,0.7428135983931591
noise,0,10.402761261617508,0.8772129430972546
noise,0,10.560070392814184,0.8805616903328042
noise,0,2.249734298048342,0.5831438669521686
noise,0,4.783099633313767,0.698963254212194
noise,0,6.538624205016634,0.7673612302999837
noise,0,4.642452756353213,0.6930115327810356
noise,0,1.8462619129607447,0.5634063659748076
noise,0,7.723368399685403,0.8069666841302847
noise,0,8.03523690388285,0.8164971599442574
noise,0,4.779140308997285,0.6987966088103965
noise,0,8.416252128080895,0.8276404807244736
noise,0,3.66817843593199,0.6500778891691397
noise,0,2.158670187505955,0.5787099732763668
noise,0,12.574494159923248,0.9168764550015941
noise,0,5.820150696512136,0.74073189194828
noise,0,11.034948421248856,0.8901951093367308
noise,0,7.239657757538907,0.7914482792435843
noise,0,6.9770447076837865,0.7826462933736948
noise,0,9.34876195733939,0.8526449571561049
noise,0,8.622317265191672,0.8334404515305328
noise,0,4.644450274733976,0.6930965192547989
noise,0,5.844895764254618,0.741681207936458
noise,0,4.978556405453466,0.707124095604328
noise,0,4.56753264900021,0.68981454778543
noise,0,5.6831030201077795,0.735433311071466
noise,0,6.632124853318109,0.7706828357414826
noise,0,5.256599263930346,0.7185065740639011
noise,0,17.212714066458133,0.9653866323969738
noise,0,2.1753599510067554,0.5795235674557657
noise,0,6.572968142441253,0.7685851797844292
noise,0,5.30598968653516,0.7205001456465725
noise,0,10.239261294370035,0.8736471480154361
noise,0,5.302312316995486,0.7203520121256533
noise,0,3.20761468394627,0.6288458886066817
noise,0,5.097563388523147,0.7120289438564477
noise,0,6.573569720276954,0.7686065786604463
noise,0,5.10891989807209,0.7124944356926121
noise,0,7.043711847590103,0.7849059079531828
noise,0,7.9403877119968715,0.8136378362907538
noise,0,3.00127686788187,0.6191639852791795
noise,0,12.294439192672597,0.9125067429867436
noise,0,4.456842659510901,0.6850578768824936
noise,0,4.155698950697123,0.671920858447635
noise,0,1.8632603774496335,0.5642424401540403
noise,0,11.92367017379793,0.9064025126739232
noise,0,4.065450131789474,0.6679296334934658
noise,0,3.2009856458840966,0.6285363939604043
noise,0,4.43024772761583,0.6839091585189507
noise,0,4.541996272808667,0.6887206838160649
noise,0,6.280512958931061,0.7580188642560696
noise,0,7.089443015470626,0.7864460299681436
noise,0,5.10544860212288,0.7123521984168952
noise,0,6.048972445804292,0.7494235782659472
noise,0,6.061606421911058,0.7498977806655177
noise,0,5.103681663839165,0.7122797815399201
noise,0,5.193606295211425,0.7159514468842745
noise,0,1.8603565738605898,0.5640996415032572
noise,0,7.954252481066353,0.8140579372712285
noise,0,4.584111698407698,0.6905235861657155
noise,0,4.497055476397526,0.6867905006692393
noise,0,4.698559759407093,0.6953936626714964
noise,0,4.653314226377675,0.693473486963492
noise,0,9.89315570022007,0.8658063134674897
noise,0,6.092353429474428,0.7510493344321444
noise,0,4.270358698704518,0.6769559797040233
noise,0,4.804685897198882,0.6998708819734608
noise,0,6.684648282440827,0.7725340564417799
noise,0,3.571414718066322,0.6456629071711371
noise,0,5.462036707405615,0.7267416271790073
noise,0,2.7498012720884324,0.6072354211408747
noise,0,6.214182566206566,0.7555771952317368
noise,0,10.370336270547725,0.8765127309517466
noise,0,2.9712417085502487,0.6177465171054906
noise,0,2.769814212085179,0.6081896297993802
noise,0,3.7748034834961395,0.6549131722695691
noise,0,5.937520699523542,0.7452144937312941
noise,0,8.786539388828857,0.8379500384696993
noise,0,3.128847886358413,0.6251616725255343
noise,0,5.354950173758067,0.7224678109284907
noise,0,6.747915817993016,0.7747499253435856
noise,0,5.3841051300962555,0.723635453767995
noise,0,4.572597650303893,0.6900312582062704
noise,0,6.197174185315606,0.7549484266245395
noise,0,3.1400204800786504,0.6256851508604978
noise,0,4.292314469987913,0.6779155190728723
noise,0,5.1758115470130175,0.7152271252680291
noise,0,10.627789501234222,0.8819788061348305
noise,0,4.9470019612451965,0.7058154067002371
noise,0,4.415994676285891,0.6832925981258668
noise,0,7.9097692125091665,0.8127075077636204
noise,0,5.2014191204850775,0.7162691106272867
noise,0,5.07633657408204,0.7111576758731015
noise,0,3.828645722122822,0.6573427855164562
noise,0,4.576190253836406,0.690184920262173
noise,0,5.193947104426838,0.7159653084115823
noise,0,7.168102428389037,0.7890762717565704
noise,0,7.223051183480665,0.7908995393226511
noise,0,6.564794402263567,0.7682942925725663
noise,0,8.449986155215658,0.8286007976432175
noise,0,11.25118520633954,0.8943516532154564
noise,0,3.666786220373429,0.6500145472226914
noise,0,6.795818086662812,0.7764174320563043
noise,0,10.810306153760665,0.8857258547755116
noise,0,3.8454312094385648,0.6580985491368659
noise,0,8.146987232421509,0.81982220131799
noise,0,5.061431480886789,0.7105449523386778
noise,0,4.323572829022967,0.679279026002863
noise,0,1.6865645691278994,0.555534634788514
noise,0,5.044317727603991,0.709840485412745
noise,0,5.671664155140234,0.7349879367430034
noise,0,6.53401308458581,0.7671965561343628
noise,0,7.614911293803955,0.8035652647649494
noise,0,4.070390298172422,0.6681487425443249
noise,0,2.105137507149321,0.5760974924209163
noise,0,6.77165579932549,0.7755774288975051
noise,0,6.223093210065835,0.7559061693777027
noise,0,1.6742755908960403,0.5549276834148646
noise,0,1.647222832938409,0.5535909754297642
noise,0,6.231039113724083,0.7561992730830295
noise,0,4.249529278651999,0.6760442860097873
noise,0,5.798445915871398,0.739897348534873
noise,0,4.155461601737248,0.6719103939685148
noise,0,5.373192943251657,0.7231987813111612
noise,0,2.266685748096461,0.5839677696775456
noise,0,5.43423359060845,0.7256359616017258
noise,0,5.165366019705948,0.7148014306893617
noise,0,6.360939109421833,0.7609570602213298
noise,0,2.619516785022953,0.6010037763822508
noise,0,3.939399129985415,0.6623145458660871
noise,0,4.413577250792435,0.6831879608310791
noise,0,2.943714948715865,0.6164456666748397
noise,0,5.869101289387816,0.7426076304588961
noise,0,3.644783415949366,0.6490127791283541
noise,0,10.648798984828897,0.8824154892390643
noise,0,2.674542038966746,0.6036398114675804
noise,0,4.631496862256091,0.6925451700018345
noise,0,4.027513134195026,0.6662446121403838
noise,0,5.213552042430187,0.7167620008147804
noise,0,6.818853864414034,0.7772161852440733
noise,0,2.87313575735577,0.6131026726685636
noise,0,6.62285170087419,0.7703549008722169
noise,0,4.239084235197934,0.6755866073907135
noise,0,12.831084276592131,0.920704865529222
noise,0,11.418968958284122,0.8974806225302795
noise,0,14.462293243124742,0.941486612662567
noise,0,12.83745422411505,0.9207978263739852
noise,0,4.790322899397497,0.6992671415301256
noise,0,4.036780257843562,0.6666566176553009
noise,0,3.247145071905035,0.6306892697403353
noise,0,4.2009000922349315,0.6739106094413883
noise,0,5.9271782956916175,0.7448215524260227
noise,0,14.903264308906998,0.9461601919440776
noise,0,4.523487644516474,0.6879265373209761
noise,0,1.950451229658514,0.5685251075739326
noise,0,3.090412307491131,0.6233585897407183
noise,0,1.5189278225097742,0.5472415346757109
noise,0,6.85537120452563,0.7784782286059733
noise,0,1.869560413986871,0.5645522166997975
noise,0,3.8193916093033584,0.6569257789120327
noise,0,5.17976851529887,0.7153882867201888
noise,0,6.356528622181596,0.7607965685162648
noise,0,6.004418251135153,0.7477465144255888
noise,0,8.32555553398616,0.8250374770450423
noise,0,5.194412487231541,0.7159842359861124
noise,0,6.083888208429586,0.7507326442623804
noise,0,2.1103201017811313,0.5763505998624321
noise,0,4.850007376123034,0.701771395930518
noise,0,2.9141936932702475,0.615048706760078
noise,0,6.942384319579688,0.78146475993477
noise,0,6.783858537518656,0.7760019377764189
noise,0,5.331297043136817,0.7215182846776733
noise,0,3.5052729506970204,0.64263069531428
noise,0,5.048778647293005,0.7100242114270116
noise,0,2.6858438072219917,0.6041804940539977
noise,0,5.327749955365056,0.7213757192590622
noise,0,9.876453691080782,0.8654177319437787
noise,0,4.808478789232318,0.7000301984418352
noise,0,4.811386475312809,0.7001523000251701
noise,0,4.02344805866254,0.6660638034546076
noise,0,3.127185567718485,0.6250837615442483
noise,0,8.143213898781275,0.8197106997517533
noise,0,5.960716014830198,0.7460943095225059
noise,0,3.7566937851767053,0.6540941483434078
noise,0,5.898400506335182,0.7437260966748875
noise,0,1.8798964565461662,0.5650603368073279
noise,0,5.486712267119291,0.7277205849107805
noise,0,5.035710031212495,0.709485777132405
noise,0,3.928864125539518,0.6618431456710754
noise,0,3.5108124390705244,0.6428850909740409
noise,0,8.129129003088549,0.8192940173005746
noise,0,4.021019706599434,0.6659557705641781
noise,0,5.576920620572617,0.7312806985622053
noise,0,3.551484751685801,0.6447504538193017
noise,0,7.506408999965478,0.800117309810736
noise,0,4.137809721553993,0.6711316620002706
noise,0,7.630032911694599,0.8040422103488191
noise,0,9.356164677640308,0.8528308778789054
noise,0,4.215287508851956,0.6745426343595667
noise,0,4.007063904638101,0.6653345653568044
noise,0,4.115800200951472,0.6701593694725596
noise,0,7.936601894601169,0.8135229993368768
noise,0,13.370206921628998,0.9282282883803363
noise,0,2.874992873822921,0.613190773463421
noise,0,4.280281307923005,0.6773898155076254
noise,0,5.5749429214774135,0.7312029642233998
noise,0,6.3983003895086386,0.76231362262265
noise,0,3.7381925855379823,0.6532564739089112
noise,0,3.689815259696424,0.651061623094692
noise,0,4.91989150169055,0.7046883084121863
noise,0,5.858339514140498,0.7421960112256859
noise,0,4.926937663159114,0.7049814888349589
noise,0,4.7322029082515495,0.6968170531412581
noise,0,2.9084660789540484,0.6147774527004736
noise,0,12.850097722192075,0.9209820462657045
noise,0,5.839961800750495,0.7414921030475972
noise,0,3.540115054811845,0.6442294428630179
noise,0,2.914501188345953,0.6150632673972694
noise,0,4.872289078652319,0.702703216476324
noise,0,9.443407625475809,0.8550074020630426
noise,0,3.629195251659058,0.6483022678492395
noise,0,5.19261190625815,0.7159110003708681
noise,0,4.301303542295425,0.6783079391668345
noise,0,6.102028790082093,0.7514109672617603
noise,0,15.336946002053878,0.9504114534595147
noise,0,5.64032905898191,0.7337654462119961
noise,0,6.50488303069632,0.7661543762479087
noise,0,8.208413178541687,0.8216297680036365
noise,0,3.123884955792453,0.6249290464187635
noise,0,4.510849672236793,0.6873836466167736
noise,0,21.170335026616907,0.9840122086549629
noise,0,3.6139152102375514,0.6476051628933543
noise,0,13.134456343258949,0.925022998280146
noise,0,6.081281477812652,0.7506350703722084
noise,0,6.533425036910387,0.7671755497055937
noise,0,5.639609897438413,0.7337373470912592
noise,0,6.0600295359219425,0.7498386266638389
noise,0,14.083914338407313,0.9371756964537087
noise,0,4.81214918114791,0.7001843233961141
noise,0,7.540315148136808,0.801199622324631
noise,0,3.4723783092783758,0.6411183881416662
noise,0,6.746918665567568,0.7747151203283658
noise,0,5.598808815025745,0.7321400735887638
noise,0,4.116928283262275,0.6702092391266996
noise,0,5.009246942130471,0.7083936771650851
noise,0,6.069565419037875,0.7501962056248547
noise,0,4.630979164880157,0.6925231232790202
noise,0,4.4565446254343435,0.6850450163567094
noise,0,5.608523003290968,0.7325209135144055
noise,0,5.570786240164476,0.7310395376778887
noise,0,8.843273836102716,0.8394849277159426
noise,0,5.294887229530968,0.7200527649238799
noise,0,7.318138924211138,0.7940272159087268
noise,0,4.26884802771797,0.6768899034771092
noise,0,3.7271245292488464,0.6527548934359697
noise,0,4.14433120724529,0.6714194742967992
noise,0,4.591240814127749,0.6908282028580308
noise,0,3.8363996334266273,0.6576920034688677
noise,0,7.808393708548566,0.8096017687345385
noise,0,3.70198284700111,0.6516142671000741
noise,0,4.755370967572661,0.697795070429017
noise,0,5.061133222181729,0.7105326835619231
noise,0,5.199250090068382,0.7161809409563672
noise,0,2.927746446222808,0.615690266544396
noise,0,5.485248266795786,0.727662564661233
noise,0,2.789622789349756,0.6091332811003186
noise,0,5.796061560685203,0.7398055645572513
noise,0,2.5482420529671392,0.5975805946199649
noise,0,11.11654212222043,0.8917801023037889
noise,0,3.942801399651246,0.6624667152894117
noise,0,3.711376407261611,0.6520406378007054
noise,0,1.7110040139459903,0.5567412023907423
noise,0,3.8538162125661533,0.6584757823042288
noise,0,3.2624431398246245,0.6314016305000536
noise,0,6.605069208274247,0.7697251221436664
noise,0,9.178128144753563,0.848305414723226
noise,0,5.65753212108028,0.7344370418096653
noise,0,3.6139152102375514,0.6476051628933543
noise,0,3.61810841672724,0.6477965278017578
noise,0,4.520094261131504,0.6877808179778272
noise,0,5.204440312304128,0.7163918925345278
noise,0,4.6991868155481065,0.6954202267919922
noise,0,6.913972790251227,0.780492797528422
noise,0,1.5805974876255189,0.5502956732364821
noise,0,6.797430093814775,0.7764733938301694
noise,0,6.3264789840596904,0.759701137289729
noise,0,9.353635142653985,0.8527673699688935
noise,0,3.6525925809512176,0.6493684743216677
noise,0,12.2701643630762,0.9121183542441959
noise,0,5.484161135093362,0.7276194752034979
noise,0,4.021963557121737,0.6659977627972224
noise,0,4.714191850527116,0.6960554998521914
noise,0,7.5431880707074646,0.8012911256108642
noise,0,7.479660369696436,0.7992603564272043
noise,0,6.655896826838333,0.7715220022008495
noise,0,9.286291648835123,0.8510682576989793
noise,0,2.4771490636972127,0.5941566413423087
noise,0,4.135060380454819,0.6710102869928352
noise,0,4.690550862713047,0.695054265511947
noise,0,4.001064210824597,0.6650673286289869
noise,0,3.741356318526681,0.653399784991005
noise,0,3.029430922809456,0.6204908363882609
noise,0,4.627556792142755,0.6923773555928119
noise,0,4.41408943898607,0.6832101322399246
noise,0,4.621533410506306,0.692120710986762
noise,0,7.602837112879757,0.8031838079433333
noise,0,8.420674580523862,0.8277666182476852
noise,0,3.5770727475582986,0.6459217558966044
noise,0,7.347066287114882,0.79497180888796
noise,0,2.1482778285928337,0.5782031492714309
noise,0,6.598084559651514,0.7694774253544118
noise,0,3.266656209512494,0.6315977133627851
noise,0,4.861677603241743,0.7022596541744517
noise,0,8.714863239925782,0.8359940182712102
noise,0,4.954949796094149,0.7061453564000856
noise,0,6.209455620461998,0.7554025582999202
noise,0,3.679918716355489,0.6506118286467785
noise,0,6.323704377780132,0.7595998188639036
noise,0,1.6163877517957526,0.5520664339741993
noise,0,5.163346688033591,0.7147190912170136
noise,0,6.849819397351215,0.7782866877070321
noise,0,3.048404845353334,0.6213840302029834
noise,0,14.827748438878238,0.9453856151902249
noise,0,6.103196079738173,0.7514545728987572
noise,0,4.444974263765288,0.684545522282641
noise,0,3.80780961793272,0.6564035326683308
noise,0,14.002294617584454,0.9362076983360812
noise,0,15.831759446064872,0.9548730080859438
noise,0,5.733179143388649,0.7373773846956202
noise,0,5.499889538563535,0.7282424691039604
noise,0,4.332025956125468,0.6796472323297678
noise,0,3.1102669822798026,0.6242904387164753
noise,0,5.302710273365926,0.7203680451079295
noise,0,13.728079581691112,0.9328529022108115
noise,0,4.823200898981474,0.7006481270919184
noise,0,4.7573368941995176,0.6978779777653891
noise,0,8.192575413497838,0.8211650764844232
noise,0,5.590394322484265,0.7318099097960034
noise,0,5.90203625664801,0.7438646651602678
noise,0,6.774023715918991,0.775659848669366
noise,0,5.97509069463684,0.7466385450403726
noise,0,4.020935483318749,0.6659520233136962
noise,0,2.7298984899363443,0.6062856520242024
noise,0,10.637947546437353,0.8821901167161047
noise,0,5.5749429214774135,0.7312029642233998
noise,0,4.818079115460609,0.7004332340303656
noise,0,12.895076780577458,0.9216342342316576
noise,0,8.07965469257028,0.8178244388486902
noise,0,6.604329584816854,0.7696989016888002
noise,0,6.580298036271042,0.76884581903064
noise,0,6.619277617002039,0.7702284194659323
noise,0,3.9957037697289266,0.6648284757548286
noise,0,7.747575231973016,0.8077197102550251
noise,0,4.268817287507063,0.6768885588375747
noise,0,5.718771114200595,0.7368189744456799
noise,0,5.3209860665966335,0.7211037392738979
noise,0,5.2381474739133225,0.7177595796552592
noise,0,11.932111759961634,0.9065456461959874
noise,0,4.4555438215171055,0.685001828398471
noise,0,6.587349773077883,0.7690963736361363
noise,0,4.613827786115524,0.691792216056556
noise,0,2.085278273277918,0.5751272390290445
noise,0,4.461608268094536,0.6852634800267549
noise,0,5.692319679278283,0.7357918145919028
noise,0,5.583883423686082,0.7315542614384389
noise,0,7.58514287246882,0.802623788056875
noise,0,7.699292383159794,0.806215504032986
noise,0,5.9034157782518735,0.7439172296803775
noise,0,4.705386138081842,0.6956827800035301
noise,0,8.38050243243511,0.826618139050761
noise,0,8.754619904506702,0.8370812992724784
noise,0,4.174848430225237,0.6727645764591762
noise,0,8.473347808773173,0.8292633506891706
noise,0,8.706550648605338,0.8357659463367471
noise,0,4.071247003484507,0.6681867322181904
noise,0,6.959951402824859,0.7820641793746713
noise,0,5.569246060928492,0.7309789671338881
noise,0,7.054176450011092,0.7852590421401952
noise,0,5.42612379206169,0.7253129300676932
noise,0,1.3822474122545896,0.5404601866673979
noise,0,4.243919612845128,0.6757985246981842
noise,0,3.7340189214862263,0.6530673723518247
noise,0,10.678669697181284,0.8830339419056626
noise,0,8.077084967547467,0.8177478548946642
noise,0,10.443140428856314,0.8780801478257175
noise,0,8.087545603722045,0.8180594505456049
noise,0,5.499889538563535,0.7282424691039604
noise,0,2.1801178044806138,0.5797554248358209
noise,0,4.821476333193699,0.7005757798865874
noise,0,7.557060565260568,0.8017325222148466
noise,0,3.52540339089826,0.6435547806424646
noise,0,9.769703317583605,0.8629116346661089
noise,0,3.522953480350073,0.6434423747498434
noise,0,8.047680377785227,0.8168697462922301
noise,0,6.18163664923358,0.7543730783914955
noise,0,6.761549772773088,0.7752254278574652
noise,0,11.425685036979182,0.8976041447076856
noise,0,5.6135983322321,0.732719752491859
noise,0,4.181743345242092,0.6730680905213641
noise,0,5.548753749976628,0.730172247244477
noise,0,8.760832173695727,0.8372506694473079
noise,0,7.7207697502212405,0.8068857121323268
noise,0,8.142783264624153,0.8196979711415917
noise,0,4.559696213581022,0.6894790949559931
noise,0,7.386716889766882,0.7962613290205607
noise,0,4.055864318329843,0.6675042706874348
noise,0,5.484853166898134,0.7276469050094115
noise,0,4.5484060884187905,0.6889954503307801
noise,0,1.5879627610166742,0.5506601835144308
noise,0,4.949628805218892,0.7059244824896611
noise,0,4.112477143104008,0.6700124432733565
noise,0,4.026144619162971,0.666183748023923
noise,0,4.536311454176288,0.6884768841265787
noise,0,3.557609483259041,0.6450309746981481
noise,0,9.272479855864951,0.8507177861119372
noise,0,1.245824013144378,0.5336766146156479
noise,0,1.9106354079932215,0.5665706528723252
noise,0,6.020304862843463,0.748345354361666
noise,0,8.179439110627325,0.8207789298016156
noise,0,3.9062485285878163,0.6608301009535481
noise,0,7.59249019035108,0.8028564752597221
