filename,y_true,probs
/Users/somesh/Desktop/onehearthealth/ast-heart-quality/data_processed/PhysioNet2022/training_data/46579_AV.wav,1,0.9999999999605202
/Users/somesh/Desktop/onehearthealth/ast-heart-quality/data_processed/PhysioNet2022/training_data/46579_MV.wav,1,0.9999999999652069
/Users/somesh/Desktop/onehearthealth/ast-heart-quality/data_processed/PhysioNet2022/training_data/46579_PV.wav,1,0.9999989999945744
/Users/somesh/Desktop/onehearthealth/ast-heart-quality/data_processed/PhysioNet2022/training_data/46579_TV.wav,1,0.9939269865455527
/Users/somesh/Desktop/onehearthealth/ast-heart-quality/data_processed/PhysioNet2022/training_data/49572_MV.wav,1,0.999999999995081
/Users/somesh/Desktop/onehearthealth/ast-heart-quality/data_processed/PhysioNet2022/training_data/49572_PV.wav,1,0.9999998938933427
/Users/somesh/Desktop/onehearthealth/ast-heart-quality/data_processed/PhysioNet2022/training_data/49572_TV.wav,1,0.9999999999747828
/Users/somesh/Desktop/onehearthealth/ast-heart-quality/data_processed/PhysioNet2022/training_data/49574_AV.wav,1,0.9999999999933787
/Users/somesh/Desktop/onehearthealth/ast-heart-quality/data_processed/PhysioNet2022/training_data/49574_MV.wav,1,0.9999999999925635
/Users/somesh/Desktop/onehearthealth/ast-heart-quality/data_processed/PhysioNet2022/training_data/49574_PV.wav,1,0.999999991421921
/Users/somesh/Desktop/onehearthealth/ast-heart-quality/data_processed/PhysioNet2022/training_data/49574_TV.wav,1,0.9999999998290939
/Users/somesh/Desktop/onehearthealth/ast-heart-quality/data_processed/PhysioNet2022/training_data/49585_AV.wav,1,0.9999999995147404
/Users/somesh/Desktop/onehearthealth/ast-heart-quality/data_processed/PhysioNet2022/training_data/49585_MV.wav,1,0.9999997574002768
/Users/somesh/Desktop/onehearthealth/ast-heart-quality/data_processed/PhysioNet2022/training_data/49585_PV.wav,1,0.9999999995946317
/Users/somesh/Desktop/onehearthealth/ast-heart-quality/data_processed/PhysioNet2022/training_data/49585_TV.wav,1,0.9999999999905282
/Users/somesh/Desktop/onehearthealth/ast-heart-quality/data_processed/PhysioNet2022/training_data/49622_AV.wav,1,0.9999999602784749
/Users/somesh/Desktop/onehearthealth/ast-heart-quality/data_processed/PhysioNet2022/training_data/49622_MV.wav,1,0.9999999999976796
/Users/somesh/Desktop/onehearthealth/ast-heart-quality/data_processed/PhysioNet2022/training_data/49638_AV.wav,1,0.9999995815971857
/Users/somesh/Desktop/onehearthealth/ast-heart-quality/data_processed/PhysioNet2022/training_data/49638_MV.wav,1,0.9999999999999606
/Users/somesh/Desktop/onehearthealth/ast-heart-quality/data_processed/PhysioNet2022/training_data/49638_PV.wav,1,0.9999999999996577
/Users/somesh/Desktop/onehearthealth/ast-heart-quality/data_processed/PhysioNet2022/training_data/49669_MV.wav,1,0.9999999999998053
/Users/somesh/Desktop/onehearthealth/ast-heart-quality/data_processed/PhysioNet2022/training_data/49669_PV.wav,1,0.9999971717541305
/Users/somesh/Desktop/onehearthealth/ast-heart-quality/data_processed/PhysioNet2022/training_data/49748_AV_1.wav,1,0.9999999979138076
/Users/somesh/Desktop/onehearthealth/ast-heart-quality/data_processed/PhysioNet2022/training_data/49748_AV_2.wav,1,0.9999999999762883
/Users/somesh/Desktop/onehearthealth/ast-heart-quality/data_processed/PhysioNet2022/training_data/49748_MV.wav,1,0.9999999999517942
/Users/somesh/Desktop/onehearthealth/ast-heart-quality/data_processed/PhysioNet2022/training_data/49748_PV_1.wav,1,0.9999995432585393
/Users/somesh/Desktop/onehearthealth/ast-heart-quality/data_processed/PhysioNet2022/training_data/49748_PV_2.wav,1,0.9964522309447574
/Users/somesh/Desktop/onehearthealth/ast-heart-quality/data_processed/PhysioNet2022/training_data/49748_TV.wav,1,0.9999999996385858
/Users/somesh/Desktop/onehearthealth/ast-heart-quality/data_processed/PhysioNet2022/training_data/49761_AV.wav,1,0.9999999999852387
/Users/somesh/Desktop/onehearthealth/ast-heart-quality/data_processed/PhysioNet2022/training_data/49761_MV.wav,1,0.999999999999673
/Users/somesh/Desktop/onehearthealth/ast-heart-quality/data_processed/PhysioNet2022/training_data/49808_MV.wav,1,0.9999999998541041
/Users/somesh/Desktop/onehearthealth/ast-heart-quality/data_processed/PhysioNet2022/training_data/49808_PV.wav,1,0.9999999965162009
/Users/somesh/Desktop/onehearthealth/ast-heart-quality/data_processed/PhysioNet2022/training_data/49808_TV.wav,1,0.9999999992799244
/Users/somesh/Desktop/onehearthealth/ast-heart-quality/data_processed/PhysioNet2022/training_data/49821_AV.wav,1,0.9999968998237762
/Users/somesh/Desktop/onehearthealth/ast-heart-quality/data_processed/PhysioNet2022/training_data/49821_MV.wav,1,0.9999999997004865
/Users/somesh/Desktop/onehearthealth/ast-heart-quality/data_processed/PhysioNet2022/training_data/49821_PV.wav,1,0.9999999957545668
/Users/somesh/Desktop/onehearthealth/ast-heart-quality/data_processed/PhysioNet2022/training_data/49821_TV.wav,1,0.9999999997795518
/Users/somesh/Desktop/onehearthealth/ast-heart-quality/data_processed/PhysioNet2022/training_data/49823_MV.wav,1,0.999999999736754
/Users/somesh/Desktop/onehearthealth/ast-heart-quality/data_processed/PhysioNet2022/training_data/49823_PV.wav,1,0.9999965040529339
/Users/somesh/Desktop/onehearthealth/ast-heart-quality/data_processed/PhysioNet2022/training_data/49823_TV.wav,1,0.9999864770912972
/Users/somesh/Desktop/onehearthealth/ast-heart-quality/data_processed/PhysioNet2022/training_data/49832_AV.wav,1,0.9919685352456589
/Users/somesh/Desktop/onehearthealth/ast-heart-quality/data_processed/PhysioNet2022/training_data/49832_MV.wav,1,0.9999999999898179
/Users/somesh/Desktop/onehearthealth/ast-heart-quality/data_processed/PhysioNet2022/training_data/49839_AV.wav,1,0.9999999981326827
/Users/somesh/Desktop/onehearthealth/ast-heart-quality/data_processed/PhysioNet2022/training_data/49839_MV.wav,1,0.9999999999774504
/Users/somesh/Desktop/onehearthealth/ast-heart-quality/data_processed/PhysioNet2022/training_data/49839_PV.wav,1,0.9785998146708643
/Users/somesh/Desktop/onehearthealth/ast-heart-quality/data_processed/PhysioNet2022/training_data/49839_TV.wav,1,0.9999999999423795
/Users/somesh/Desktop/onehearthealth/ast-heart-quality/data_processed/PhysioNet2022/training_data/49854_AV.wav,1,0.9999999497327146
/Users/somesh/Desktop/onehearthealth/ast-heart-quality/data_processed/PhysioNet2022/training_data/49854_MV.wav,1,0.999999999623029
/Users/somesh/Desktop/onehearthealth/ast-heart-quality/data_processed/PhysioNet2022/training_data/49854_PV.wav,1,0.9999999771631349
/Users/somesh/Desktop/onehearthealth/ast-heart-quality/data_processed/PhysioNet2022/training_data/49854_TV.wav,1,0.9999978473473415
/Users/somesh/Desktop/onehearthealth/ast-heart-quality/data_processed/PhysioNet2022/training_data/49873_AV.wav,1,0.9999999999999563
/Users/somesh/Desktop/onehearthealth/ast-heart-quality/data_processed/PhysioNet2022/training_data/49873_MV.wav,1,0.999999295096015
/Users/somesh/Desktop/onehearthealth/ast-heart-quality/data_processed/PhysioNet2022/training_data/49876_AV.wav,1,0.9999999999983217
/Users/somesh/Desktop/onehearthealth/ast-heart-quality/data_processed/PhysioNet2022/training_data/49876_MV.wav,1,0.9999999473829805
/Users/somesh/Desktop/onehearthealth/ast-heart-quality/data_processed/PhysioNet2022/training_data/49876_PV.wav,1,0.9999997078481568
/Users/somesh/Desktop/onehearthealth/ast-heart-quality/data_processed/PhysioNet2022/training_data/49876_TV.wav,1,0.9999999880500274
/Users/somesh/Desktop/onehearthealth/ast-heart-quality/data_processed/PhysioNet2022/training_data/49959_AV.wav,1,0.9999994396267824
/Users/somesh/Desktop/onehearthealth/ast-heart-quality/data_processed/PhysioNet2022/training_data/49959_MV.wav,1,0.9999999938892143
/Users/somesh/Desktop/onehearthealth/ast-heart-quality/data_processed/PhysioNet2022/training_data/49980_AV.wav,1,0.9999944945035998
/Users/somesh/Desktop/onehearthealth/ast-heart-quality/data_processed/PhysioNet2022/training_data/49980_MV.wav,1,0.9999999999988898
/Users/somesh/Desktop/onehearthealth/ast-heart-quality/data_processed/PhysioNet2022/training_data/49980_PV.wav,1,0.9999999999754776
/Users/somesh/Desktop/onehearthealth/ast-heart-quality/data_processed/PhysioNet2022/training_data/49980_TV.wav,1,0.9999999999986606
/Users/somesh/Desktop/onehearthealth/ast-heart-quality/data_processed/PhysioNet2022/training_data/49999_AV.wav,1,0.9999999998865164
/Users/somesh/Desktop/onehearthealth/ast-heart-quality/data_processed/PhysioNet2022/training_data/49999_MV.wav,1,0.9999999999695964
/Users/somesh/Desktop/onehearthealth/ast-heart-quality/data_processed/PhysioNet2022/training_data/49999_PV.wav,1,0.9999994706873496
/Users/somesh/Desktop/onehearthealth/ast-heart-quality/data_processed/PhysioNet2022/training_data/49999_TV.wav,1,0.9999984665005442
/Users/somesh/Desktop/onehearthealth/ast-heart-quality/data_processed/PhysioNet2022/training_data/50004_MV.wav,1,0.9999991251912819
/Users/somesh/Desktop/onehearthealth/ast-heart-quality/data_processed/PhysioNet2022/training_data/50004_PV.wav,1,0.9999999999308921
/Users/somesh/Desktop/onehearthealth/ast-heart-quality/data_processed/PhysioNet2022/training_data/50004_TV.wav,1,0.9999999500532152
/Users/somesh/Desktop/onehearthealth/ast-heart-quality/data_processed/PhysioNet2022/training_data/50005_MV.wav,1,0.9999999999922309
/Users/somesh/Desktop/onehearthealth/ast-heart-quality/data_processed/PhysioNet2022/training_data/50023_AV.wav,1,0.9999999999214142
/Users/somesh/Desktop/onehearthealth/ast-heart-quality/data_processed/PhysioNet2022/training_data/50023_MV.wav,1,0.9999999999999699
/Users/somesh/Desktop/onehearthealth/ast-heart-quality/data_processed/PhysioNet2022/training_data/50023_PV.wav,1,0.9999999999540405
/Users/somesh/Desktop/onehearthealth/ast-heart-quality/data_processed/PhysioNet2022/training_data/50023_TV.wav,1,0.9999999999485774
/Users/somesh/Desktop/onehearthealth/ast-heart-quality/data_processed/PhysioNet2022/training_data/50061_AV.wav,1,0.9999999946833102
/Users/somesh/Desktop/onehearthealth/ast-heart-quality/data_processed/PhysioNet2022/training_data/50061_MV.wav,1,0.9999994005486718
/Users/somesh/Desktop/onehearthealth/ast-heart-quality/data_processed/PhysioNet2022/training_data/50061_PV.wav,1,0.999999999999944
/Users/somesh/Desktop/onehearthealth/ast-heart-quality/data_processed/PhysioNet2022/training_data/50061_TV.wav,1,0.999999998091405
/Users/somesh/Desktop/onehearthealth/ast-heart-quality/data_processed/PhysioNet2022/training_data/50066_AV.wav,1,0.9999972211050718
/Users/somesh/Desktop/onehearthealth/ast-heart-quality/data_processed/PhysioNet2022/training_data/50066_MV.wav,1,0.9999999967168364
/Users/somesh/Desktop/onehearthealth/ast-heart-quality/data_processed/PhysioNet2022/training_data/50070_AV.wav,1,0.9999999978510125
/Users/somesh/Desktop/onehearthealth/ast-heart-quality/data_processed/PhysioNet2022/training_data/50070_MV.wav,1,0.9999999704901407
/Users/somesh/Desktop/onehearthealth/ast-heart-quality/data_processed/PhysioNet2022/training_data/50070_PV.wav,1,0.9999992952338249
/Users/somesh/Desktop/onehearthealth/ast-heart-quality/data_processed/PhysioNet2022/training_data/50070_TV.wav,1,0.9999999999865832
/Users/somesh/Desktop/onehearthealth/ast-heart-quality/data_processed/PhysioNet2022/training_data/50074_AV.wav,1,0.9999999997526998
/Users/somesh/Desktop/onehearthealth/ast-heart-quality/data_processed/PhysioNet2022/training_data/50074_MV.wav,1,0.9999999998776004
/Users/somesh/Desktop/onehearthealth/ast-heart-quality/data_processed/PhysioNet2022/training_data/50074_PV.wav,1,0.9999999999908762
/Users/somesh/Desktop/onehearthealth/ast-heart-quality/data_processed/PhysioNet2022/training_data/50074_TV.wav,1,0.999999996219456
/Users/somesh/Desktop/onehearthealth/ast-heart-quality/data_processed/PhysioNet2022/training_data/50105_MV.wav,1,0.9999996979269874
/Users/somesh/Desktop/onehearthealth/ast-heart-quality/data_processed/PhysioNet2022/training_data/50105_PV.wav,1,0.9999960490775563
/Users/somesh/Desktop/onehearthealth/ast-heart-quality/data_processed/PhysioNet2022/training_data/50105_TV.wav,1,0.9999999985761863
/Users/somesh/Desktop/onehearthealth/ast-heart-quality/data_processed/PhysioNet2022/training_data/50118_MV.wav,1,0.999999999988777
/Users/somesh/Desktop/onehearthealth/ast-heart-quality/data_processed/PhysioNet2022/training_data/50118_PV.wav,1,0.9999999999889326
/Users/somesh/Desktop/onehearthealth/ast-heart-quality/data_processed/PhysioNet2022/training_data/50118_TV.wav,1,0.9999998464167099
/Users/somesh/Desktop/onehearthealth/ast-heart-quality/data_processed/PhysioNet2022/training_data/50122_MV.wav,1,0.9999999990002454
/Users/somesh/Desktop/onehearthealth/ast-heart-quality/data_processed/PhysioNet2022/training_data/50122_PV.wav,1,0.9999999997292086
/Users/somesh/Desktop/onehearthealth/ast-heart-quality/data_processed/PhysioNet2022/training_data/50122_TV.wav,1,0.9999999999971791
/Users/somesh/Desktop/onehearthealth/ast-heart-quality/data_processed/PhysioNet2022/training_data/50129_AV.wav,1,0.9999999988272478
/Users/somesh/Desktop/onehearthealth/ast-heart-quality/data_processed/PhysioNet2022/training_data/50129_MV.wav,1,0.9999999999977849
/Users/somesh/Desktop/onehearthealth/ast-heart-quality/data_processed/PhysioNet2022/training_data/50129_PV.wav,1,0.9999932785555552
/Users/somesh/Desktop/onehearthealth/ast-heart-quality/data_processed/PhysioNet2022/training_data/50129_TV.wav,1,0.9999999999326775
/Users/somesh/Desktop/onehearthealth/ast-heart-quality/data_processed/PhysioNet2022/training_data/50161_MV.wav,1,0.9999999999996882
/Users/somesh/Desktop/onehearthealth/ast-heart-quality/data_processed/PhysioNet2022/training_data/50161_PV.wav,1,0.9999999999984763
/Users/somesh/Desktop/onehearthealth/ast-heart-quality/data_processed/PhysioNet2022/training_data/50161_TV.wav,1,0.9999999990222669
/Users/somesh/Desktop/onehearthealth/ast-heart-quality/data_processed/PhysioNet2022/training_data/50204_AV.wav,1,0.9999999999999487
/Users/somesh/Desktop/onehearthealth/ast-heart-quality/data_processed/PhysioNet2022/training_data/50204_MV_1.wav,1,0.9999999999799364
/Users/somesh/Desktop/onehearthealth/ast-heart-quality/data_processed/PhysioNet2022/training_data/50204_MV_2.wav,1,0.9999999999708178
/Users/somesh/Desktop/onehearthealth/ast-heart-quality/data_processed/PhysioNet2022/training_data/50206_MV.wav,1,0.9999999979152395
/Users/somesh/Desktop/onehearthealth/ast-heart-quality/data_processed/PhysioNet2022/training_data/50206_PV.wav,1,0.9999999999976628
/Users/somesh/Desktop/onehearthealth/ast-heart-quality/data_processed/PhysioNet2022/training_data/50206_TV.wav,1,0.9999999999935711
/Users/somesh/Desktop/onehearthealth/ast-heart-quality/data_processed/PhysioNet2022/training_data/50219_AV.wav,1,0.999999999135342
/Users/somesh/Desktop/onehearthealth/ast-heart-quality/data_processed/PhysioNet2022/training_data/50219_MV.wav,1,0.9999999999640026
/Users/somesh/Desktop/onehearthealth/ast-heart-quality/data_processed/PhysioNet2022/training_data/50219_PV.wav,1,0.999999999786258
/Users/somesh/Desktop/onehearthealth/ast-heart-quality/data_processed/PhysioNet2022/training_data/50220_AV.wav,1,0.9999999947772421
/Users/somesh/Desktop/onehearthealth/ast-heart-quality/data_processed/PhysioNet2022/training_data/50220_MV.wav,1,0.9999999364021063
/Users/somesh/Desktop/onehearthealth/ast-heart-quality/data_processed/PhysioNet2022/training_data/50221_AV.wav,1,0.9999999966633442
/Users/somesh/Desktop/onehearthealth/ast-heart-quality/data_processed/PhysioNet2022/training_data/50221_MV.wav,1,0.9999999999986977
/Users/somesh/Desktop/onehearthealth/ast-heart-quality/data_processed/PhysioNet2022/training_data/50228_AV.wav,1,0.9999999999966843
/Users/somesh/Desktop/onehearthealth/ast-heart-quality/data_processed/PhysioNet2022/training_data/50228_MV.wav,1,0.9999999999986309
/Users/somesh/Desktop/onehearthealth/ast-heart-quality/data_processed/PhysioNet2022/training_data/50230_AV.wav,1,0.999999827980997
/Users/somesh/Desktop/onehearthealth/ast-heart-quality/data_processed/PhysioNet2022/training_data/50230_MV.wav,1,0.9999999999951122
/Users/somesh/Desktop/onehearthealth/ast-heart-quality/data_processed/PhysioNet2022/training_data/50230_PV.wav,1,0.9999999994303125
/Users/somesh/Desktop/onehearthealth/ast-heart-quality/data_processed/PhysioNet2022/training_data/50230_TV.wav,1,0.9999999999432154
/Users/somesh/Desktop/onehearthealth/ast-heart-quality/data_processed/PhysioNet2022/training_data/50238_AV.wav,1,0.9999999836948201
/Users/somesh/Desktop/onehearthealth/ast-heart-quality/data_processed/PhysioNet2022/training_data/50238_MV.wav,1,0.7927756201127827
/Users/somesh/Desktop/onehearthealth/ast-heart-quality/data_processed/PhysioNet2022/training_data/50238_PV.wav,1,0.9999999201655266
/Users/somesh/Desktop/onehearthealth/ast-heart-quality/data_processed/PhysioNet2022/training_data/50238_TV.wav,1,0.9999999971350935
/Users/somesh/Desktop/onehearthealth/ast-heart-quality/data_processed/PhysioNet2022/training_data/50260_AV.wav,1,0.9999999555184894
/Users/somesh/Desktop/onehearthealth/ast-heart-quality/data_processed/PhysioNet2022/training_data/50260_MV.wav,1,0.9999999999488521
/Users/somesh/Desktop/onehearthealth/ast-heart-quality/data_processed/PhysioNet2022/training_data/50260_PV.wav,1,0.9999990133734958
/Users/somesh/Desktop/onehearthealth/ast-heart-quality/data_processed/PhysioNet2022/training_data/50260_TV.wav,1,0.9999999999945345
/Users/somesh/Desktop/onehearthealth/ast-heart-quality/data_processed/PhysioNet2022/training_data/50271_AV.wav,1,0.9999999998319803
/Users/somesh/Desktop/onehearthealth/ast-heart-quality/data_processed/PhysioNet2022/training_data/50271_MV.wav,1,0.9999999999810006
/Users/somesh/Desktop/onehearthealth/ast-heart-quality/data_processed/PhysioNet2022/training_data/50271_PV.wav,1,0.9999999999904622
/Users/somesh/Desktop/onehearthealth/ast-heart-quality/data_processed/PhysioNet2022/training_data/50271_TV.wav,1,0.9999998637173204
/Users/somesh/Desktop/onehearthealth/ast-heart-quality/data_processed/PhysioNet2022/training_data/50284_AV.wav,1,0.9999999999826479
/Users/somesh/Desktop/onehearthealth/ast-heart-quality/data_processed/PhysioNet2022/training_data/50284_MV.wav,1,0.9999999998408011
/Users/somesh/Desktop/onehearthealth/ast-heart-quality/data_processed/PhysioNet2022/training_data/50284_PV.wav,1,0.9999999997407673
/Users/somesh/Desktop/onehearthealth/ast-heart-quality/data_processed/PhysioNet2022/training_data/50284_TV.wav,1,0.9999999999857567
/Users/somesh/Desktop/onehearthealth/ast-heart-quality/data_processed/PhysioNet2022/training_data/50291_AV.wav,1,0.9999896739634907
/Users/somesh/Desktop/onehearthealth/ast-heart-quality/data_processed/PhysioNet2022/training_data/50291_MV.wav,1,0.9999999999635799
/Users/somesh/Desktop/onehearthealth/ast-heart-quality/data_processed/PhysioNet2022/training_data/50291_PV.wav,1,0.9999918729878686
/Users/somesh/Desktop/onehearthealth/ast-heart-quality/data_processed/PhysioNet2022/training_data/50303_AV.wav,1,0.9999999999951632
/Users/somesh/Desktop/onehearthealth/ast-heart-quality/data_processed/PhysioNet2022/training_data/50303_MV.wav,1,0.9999988620445192
/Users/somesh/Desktop/onehearthealth/ast-heart-quality/data_processed/PhysioNet2022/training_data/50303_PV.wav,1,0.9999999982809461
/Users/somesh/Desktop/onehearthealth/ast-heart-quality/data_processed/PhysioNet2022/training_data/50314_AV.wav,1,0.9999924966838418
/Users/somesh/Desktop/onehearthealth/ast-heart-quality/data_processed/PhysioNet2022/training_data/50314_MV.wav,1,0.9999999999903435
/Users/somesh/Desktop/onehearthealth/ast-heart-quality/data_processed/PhysioNet2022/training_data/50314_PV.wav,1,0.9999989335621781
/Users/somesh/Desktop/onehearthealth/ast-heart-quality/data_processed/PhysioNet2022/training_data/50314_TV.wav,1,0.9999999999861179
/Users/somesh/Desktop/onehearthealth/ast-heart-quality/data_processed/PhysioNet2022/training_data/50316_AV.wav,1,0.9999995696067835
/Users/somesh/Desktop/onehearthealth/ast-heart-quality/data_processed/PhysioNet2022/training_data/50316_MV.wav,1,0.9999999997678984
/Users/somesh/Desktop/onehearthealth/ast-heart-quality/data_processed/PhysioNet2022/training_data/50317_AV.wav,1,0.9999913120780488
/Users/somesh/Desktop/onehearthealth/ast-heart-quality/data_processed/PhysioNet2022/training_data/50317_PV.wav,1,0.999999996602175
/Users/somesh/Desktop/onehearthealth/ast-heart-quality/data_processed/PhysioNet2022/training_data/50317_TV.wav,1,0.9999999978997303
/Users/somesh/Desktop/onehearthealth/ast-heart-quality/data_processed/PhysioNet2022/training_data/50323_AV.wav,1,0.9999978696394703
/Users/somesh/Desktop/onehearthealth/ast-heart-quality/data_processed/PhysioNet2022/training_data/50323_MV.wav,1,0.9999997074635857
/Users/somesh/Desktop/onehearthealth/ast-heart-quality/data_processed/PhysioNet2022/training_data/50323_PV.wav,1,0.9999995597855699
/Users/somesh/Desktop/onehearthealth/ast-heart-quality/data_processed/PhysioNet2022/training_data/50323_TV.wav,1,0.9999999999974368
/Users/somesh/Desktop/onehearthealth/ast-heart-quality/data_processed/PhysioNet2022/training_data/50325_AV.wav,1,0.9999999838842084
/Users/somesh/Desktop/onehearthealth/ast-heart-quality/data_processed/PhysioNet2022/training_data/50325_MV.wav,1,0.9999999999992246
/Users/somesh/Desktop/onehearthealth/ast-heart-quality/data_processed/PhysioNet2022/training_data/50325_PV.wav,1,0.9999999999661637
/Users/somesh/Desktop/onehearthealth/ast-heart-quality/data_processed/PhysioNet2022/training_data/50325_TV.wav,1,0.9999970173731448
/Users/somesh/Desktop/onehearthealth/ast-heart-quality/data_processed/PhysioNet2022/training_data/50337_MV.wav,1,0.9999999950265949
/Users/somesh/Desktop/onehearthealth/ast-heart-quality/data_processed/PhysioNet2022/training_data/50337_PV.wav,1,0.9999999982423164
/Users/somesh/Desktop/onehearthealth/ast-heart-quality/data_processed/PhysioNet2022/training_data/50337_TV.wav,1,0.9999997322332737
/Users/somesh/Desktop/onehearthealth/ast-heart-quality/data_processed/PhysioNet2022/training_data/50348_AV_1.wav,1,0.9999999998042121
/Users/somesh/Desktop/onehearthealth/ast-heart-quality/data_processed/PhysioNet2022/training_data/50348_AV_2.wav,1,0.9999989962149036
/Users/somesh/Desktop/onehearthealth/ast-heart-quality/data_processed/PhysioNet2022/training_data/50348_MV.wav,1,0.9999997817789433
/Users/somesh/Desktop/onehearthealth/ast-heart-quality/data_processed/PhysioNet2022/training_data/50348_PV.wav,1,0.9999991139837947
/Users/somesh/Desktop/onehearthealth/ast-heart-quality/data_processed/PhysioNet2022/training_data/50348_TV.wav,1,0.9999999995375682
/Users/somesh/Desktop/onehearthealth/ast-heart-quality/data_processed/PhysioNet2022/training_data/50625_AV.wav,1,0.9999946264480789
/Users/somesh/Desktop/onehearthealth/ast-heart-quality/data_processed/PhysioNet2022/training_data/50625_MV.wav,1,0.9999974397040436
/Users/somesh/Desktop/onehearthealth/ast-heart-quality/data_processed/PhysioNet2022/training_data/50629_AV.wav,1,0.9941437250293853
/Users/somesh/Desktop/onehearthealth/ast-heart-quality/data_processed/PhysioNet2022/training_data/50629_MV.wav,1,0.9999999701829853
/Users/somesh/Desktop/onehearthealth/ast-heart-quality/data_processed/PhysioNet2022/training_data/50640_MV.wav,1,0.9999999986128005
/Users/somesh/Desktop/onehearthealth/ast-heart-quality/data_processed/PhysioNet2022/training_data/50643_AV.wav,1,0.9999999953558181
/Users/somesh/Desktop/onehearthealth/ast-heart-quality/data_processed/PhysioNet2022/training_data/50643_MV.wav,1,0.999999997322569
/Users/somesh/Desktop/onehearthealth/ast-heart-quality/data_processed/PhysioNet2022/training_data/50644_AV.wav,1,0.9999999940865777
/Users/somesh/Desktop/onehearthealth/ast-heart-quality/data_processed/PhysioNet2022/training_data/50644_MV.wav,1,0.9999999999999699
/Users/somesh/Desktop/onehearthealth/ast-heart-quality/data_processed/PhysioNet2022/training_data/50657_AV.wav,1,0.9999999999999427
/Users/somesh/Desktop/onehearthealth/ast-heart-quality/data_processed/PhysioNet2022/training_data/50657_MV.wav,1,0.9999999999985704
/Users/somesh/Desktop/onehearthealth/ast-heart-quality/data_processed/PhysioNet2022/training_data/50657_PV.wav,1,0.9999999999933188
/Users/somesh/Desktop/onehearthealth/ast-heart-quality/data_processed/PhysioNet2022/training_data/50657_TV.wav,1,0.9999999999999605
/Users/somesh/Desktop/onehearthealth/ast-heart-quality/data_processed/PhysioNet2022/training_data/50659_AV.wav,1,0.9999999998510172
/Users/somesh/Desktop/onehearthealth/ast-heart-quality/data_processed/PhysioNet2022/training_data/50659_MV.wav,1,0.9999999999997027
/Users/somesh/Desktop/onehearthealth/ast-heart-quality/data_processed/PhysioNet2022/training_data/50659_PV.wav,1,0.9999999907760343
/Users/somesh/Desktop/onehearthealth/ast-heart-quality/data_processed/PhysioNet2022/training_data/50659_TV.wav,1,0.9999999999998734
/Users/somesh/Desktop/onehearthealth/ast-heart-quality/data_processed/PhysioNet2022/training_data/50664_AV.wav,1,0.999999996040129
/Users/somesh/Desktop/onehearthealth/ast-heart-quality/data_processed/PhysioNet2022/training_data/50664_PV.wav,1,0.9999999999696292
/Users/somesh/Desktop/onehearthealth/ast-heart-quality/data_processed/PhysioNet2022/training_data/50668_AV.wav,1,0.9999954784509179
/Users/somesh/Desktop/onehearthealth/ast-heart-quality/data_processed/PhysioNet2022/training_data/50668_MV.wav,1,0.9999999999903225
/Users/somesh/Desktop/onehearthealth/ast-heart-quality/data_processed/PhysioNet2022/training_data/50668_PV.wav,1,0.9999999999922767
/Users/somesh/Desktop/onehearthealth/ast-heart-quality/data_processed/PhysioNet2022/training_data/50668_TV.wav,1,0.999999999999895
/Users/somesh/Desktop/onehearthealth/ast-heart-quality/data_processed/PhysioNet2022/training_data/50669_AV.wav,1,0.9999999741859015
/Users/somesh/Desktop/onehearthealth/ast-heart-quality/data_processed/PhysioNet2022/training_data/50669_MV.wav,1,0.999999978435458
/Users/somesh/Desktop/onehearthealth/ast-heart-quality/data_processed/PhysioNet2022/training_data/50669_PV.wav,1,0.9999999999949959
/Users/somesh/Desktop/onehearthealth/ast-heart-quality/data_processed/PhysioNet2022/training_data/50669_TV.wav,1,0.9999999999996536
/Users/somesh/Desktop/onehearthealth/ast-heart-quality/data_processed/PhysioNet2022/training_data/50671_MV.wav,1,0.999999999745801
/Users/somesh/Desktop/onehearthealth/ast-heart-quality/data_processed/PhysioNet2022/training_data/50678_MV.wav,1,0.9999999999935876
/Users/somesh/Desktop/onehearthealth/ast-heart-quality/data_processed/PhysioNet2022/training_data/50678_PV.wav,1,0.9999999971984587
/Users/somesh/Desktop/onehearthealth/ast-heart-quality/data_processed/PhysioNet2022/training_data/50678_TV.wav,1,0.9999864506896904
/Users/somesh/Desktop/onehearthealth/ast-heart-quality/data_processed/PhysioNet2022/training_data/50680_AV.wav,1,0.9999999192265896
/Users/somesh/Desktop/onehearthealth/ast-heart-quality/data_processed/PhysioNet2022/training_data/50680_MV.wav,1,0.9999999999354526
/Users/somesh/Desktop/onehearthealth/ast-heart-quality/data_processed/PhysioNet2022/training_data/50680_PV.wav,1,0.9999999999533113
/Users/somesh/Desktop/onehearthealth/ast-heart-quality/data_processed/PhysioNet2022/training_data/50680_TV.wav,1,0.999999999714947
/Users/somesh/Desktop/onehearthealth/ast-heart-quality/data_processed/PhysioNet2022/training_data/50685_AV.wav,1,0.9999999999165476
/Users/somesh/Desktop/onehearthealth/ast-heart-quality/data_processed/PhysioNet2022/training_data/50685_MV.wav,1,0.9999999960210391
/Users/somesh/Desktop/onehearthealth/ast-heart-quality/data_processed/PhysioNet2022/training_data/50685_TV.wav,1,0.9999999999997733
/Users/somesh/Desktop/onehearthealth/ast-heart-quality/data_processed/PhysioNet2022/training_data/50725_AV.wav,1,0.9999999956792651
/Users/somesh/Desktop/onehearthealth/ast-heart-quality/data_processed/PhysioNet2022/training_data/50725_MV.wav,1,0.9999999999999699
/Users/somesh/Desktop/onehearthealth/ast-heart-quality/data_processed/PhysioNet2022/training_data/50725_PV.wav,1,0.9999999968672904
/Users/somesh/Desktop/onehearthealth/ast-heart-quality/data_processed/PhysioNet2022/training_data/50725_TV.wav,1,0.9999999997757775
/Users/somesh/Desktop/onehearthealth/ast-heart-quality/data_processed/PhysioNet2022/training_data/50739_AV.wav,1,0.9999999981686598
/Users/somesh/Desktop/onehearthealth/ast-heart-quality/data_processed/PhysioNet2022/training_data/50739_MV.wav,1,0.9999999999916147
/Users/somesh/Desktop/onehearthealth/ast-heart-quality/data_processed/PhysioNet2022/training_data/50744_AV.wav,1,0.9999958977476799
/Users/somesh/Desktop/onehearthealth/ast-heart-quality/data_processed/PhysioNet2022/training_data/50744_MV.wav,1,0.9999999998286855
/Users/somesh/Desktop/onehearthealth/ast-heart-quality/data_processed/PhysioNet2022/training_data/50744_PV.wav,1,0.9999999510328529
/Users/somesh/Desktop/onehearthealth/ast-heart-quality/data_processed/PhysioNet2022/training_data/50744_TV.wav,1,0.9999989403533538
/Users/somesh/Desktop/onehearthealth/ast-heart-quality/data_processed/PhysioNet2022/training_data/50751_AV.wav,1,0.9999999592980884
/Users/somesh/Desktop/onehearthealth/ast-heart-quality/data_processed/PhysioNet2022/training_data/50751_MV.wav,1,0.9999999994021709
/Users/somesh/Desktop/onehearthealth/ast-heart-quality/data_processed/PhysioNet2022/training_data/50751_PV.wav,1,0.9999999961965599
/Users/somesh/Desktop/onehearthealth/ast-heart-quality/data_processed/PhysioNet2022/training_data/50751_TV.wav,1,0.9999999999976225
/Users/somesh/Desktop/onehearthealth/ast-heart-quality/data_processed/PhysioNet2022/training_data/50752_AV.wav,1,0.9999998756615301
/Users/somesh/Desktop/onehearthealth/ast-heart-quality/data_processed/PhysioNet2022/training_data/50752_MV.wav,1,0.9999999996860808
/Users/somesh/Desktop/onehearthealth/ast-heart-quality/data_processed/PhysioNet2022/training_data/50752_PV.wav,1,0.999999999986765
/Users/somesh/Desktop/onehearthealth/ast-heart-quality/data_processed/PhysioNet2022/training_data/50752_TV.wav,1,0.9999999996006907
/Users/somesh/Desktop/onehearthealth/ast-heart-quality/data_processed/PhysioNet2022/training_data/50762_AV.wav,1,0.9999998799933374
/Users/somesh/Desktop/onehearthealth/ast-heart-quality/data_processed/PhysioNet2022/training_data/50762_MV.wav,1,0.9999999987470402
/Users/somesh/Desktop/onehearthealth/ast-heart-quality/data_processed/PhysioNet2022/training_data/50762_PV.wav,1,0.9999999804955961
/Users/somesh/Desktop/onehearthealth/ast-heart-quality/data_processed/PhysioNet2022/training_data/50762_TV.wav,1,0.9999999999954049
/Users/somesh/Desktop/onehearthealth/ast-heart-quality/data_processed/PhysioNet2022/training_data/50768_AV.wav,1,0.9999999998570812
/Users/somesh/Desktop/onehearthealth/ast-heart-quality/data_processed/PhysioNet2022/training_data/50770_AV.wav,1,0.9999999970951746
/Users/somesh/Desktop/onehearthealth/ast-heart-quality/data_processed/PhysioNet2022/training_data/50770_MV.wav,1,0.9999999841144146
/Users/somesh/Desktop/onehearthealth/ast-heart-quality/data_processed/PhysioNet2022/training_data/50770_PV.wav,1,0.9999999999464353
/Users/somesh/Desktop/onehearthealth/ast-heart-quality/data_processed/PhysioNet2022/training_data/50770_TV.wav,1,0.9999999993416944
/Users/somesh/Desktop/onehearthealth/ast-heart-quality/data_processed/PhysioNet2022/training_data/50820_AV.wav,1,0.9999981918472479
/Users/somesh/Desktop/onehearthealth/ast-heart-quality/data_processed/PhysioNet2022/training_data/50820_MV.wav,1,0.9999968719505518
/Users/somesh/Desktop/onehearthealth/ast-heart-quality/data_processed/PhysioNet2022/training_data/50820_PV.wav,1,0.9966166288276025
/Users/somesh/Desktop/onehearthealth/ast-heart-quality/data_processed/PhysioNet2022/training_data/50820_TV.wav,1,0.9999999442055378
/Users/somesh/Desktop/onehearthealth/ast-heart-quality/data_processed/PhysioNet2022/training_data/63456_AV.wav,1,0.999994901262014
/Users/somesh/Desktop/onehearthealth/ast-heart-quality/data_processed/PhysioNet2022/training_data/63456_MV.wav,1,0.999999998396897
/Users/somesh/Desktop/onehearthealth/ast-heart-quality/data_processed/PhysioNet2022/training_data/63456_PV.wav,1,0.9999989989660795
/Users/somesh/Desktop/onehearthealth/ast-heart-quality/data_processed/PhysioNet2022/training_data/63456_TV.wav,1,0.9999998980623803
/Users/somesh/Desktop/onehearthealth/ast-heart-quality/data_processed/PhysioNet2022/training_data/64256_MV.wav,1,0.9999994958648144
/Users/somesh/Desktop/onehearthealth/ast-heart-quality/data_processed/PhysioNet2022/training_data/64256_PV.wav,1,0.9999996032337306
/Users/somesh/Desktop/onehearthealth/ast-heart-quality/data_processed/PhysioNet2022/training_data/64256_TV.wav,1,0.9999977962060602
/Users/somesh/Desktop/onehearthealth/ast-heart-quality/data_processed/PhysioNet2022/training_data/64715_MV.wav,1,0.9999960332720239
/Users/somesh/Desktop/onehearthealth/ast-heart-quality/data_processed/PhysioNet2022/training_data/64715_PV.wav,1,0.9999919472210606
/Users/somesh/Desktop/onehearthealth/ast-heart-quality/data_processed/PhysioNet2022/training_data/64715_TV.wav,1,0.999999999999768
/Users/somesh/Desktop/onehearthealth/ast-heart-quality/data_processed/PhysioNet2022/training_data/68182_AV.wav,1,0.9999999170541242
/Users/somesh/Desktop/onehearthealth/ast-heart-quality/data_processed/PhysioNet2022/training_data/68182_MV.wav,1,0.9999999999993922
/Users/somesh/Desktop/onehearthealth/ast-heart-quality/data_processed/PhysioNet2022/training_data/68182_PV.wav,1,0.999999686849806
/Users/somesh/Desktop/onehearthealth/ast-heart-quality/data_processed/PhysioNet2022/training_data/68182_TV.wav,1,0.9999999175470846
/Users/somesh/Desktop/onehearthealth/ast-heart-quality/data_processed/PhysioNet2022/training_data/68306_AV.wav,1,0.9654288886385027
/Users/somesh/Desktop/onehearthealth/ast-heart-quality/data_processed/PhysioNet2022/training_data/68306_MV.wav,1,0.9999999986627534
/Users/somesh/Desktop/onehearthealth/ast-heart-quality/data_processed/PhysioNet2022/training_data/68306_PV.wav,1,0.9999999855152829
/Users/somesh/Desktop/onehearthealth/ast-heart-quality/data_processed/PhysioNet2022/training_data/68306_TV.wav,1,0.5
/Users/somesh/Desktop/onehearthealth/ast-heart-quality/data_processed/PhysioNet2022/training_data/68327_AV.wav,1,0.9999999984962149
/Users/somesh/Desktop/onehearthealth/ast-heart-quality/data_processed/PhysioNet2022/training_data/68327_MV.wav,1,0.9999999999691471
/Users/somesh/Desktop/onehearthealth/ast-heart-quality/data_processed/PhysioNet2022/training_data/68327_PV.wav,1,0.9999999999996921
/Users/somesh/Desktop/onehearthealth/ast-heart-quality/data_processed/PhysioNet2022/training_data/68327_TV.wav,1,0.9999999999948739
/Users/somesh/Desktop/onehearthealth/ast-heart-quality/data_processed/PhysioNet2022/training_data/68337_AV.wav,1,0.9999999999992335
/Users/somesh/Desktop/onehearthealth/ast-heart-quality/data_processed/PhysioNet2022/training_data/68337_MV.wav,1,0.9999999999997545
/Users/somesh/Desktop/onehearthealth/ast-heart-quality/data_processed/PhysioNet2022/training_data/68337_PV.wav,1,0.9999999999996448
/Users/somesh/Desktop/onehearthealth/ast-heart-quality/data_processed/PhysioNet2022/training_data/68337_TV.wav,1,0.999991462938971
/Users/somesh/Desktop/onehearthealth/ast-heart-quality/data_processed/PhysioNet2022/training_data/68363_AV.wav,1,0.9999998971919756
/Users/somesh/Desktop/onehearthealth/ast-heart-quality/data_processed/PhysioNet2022/training_data/68363_MV.wav,1,0.9999999970428499
/Users/somesh/Desktop/onehearthealth/ast-heart-quality/data_processed/PhysioNet2022/training_data/68368_AV.wav,1,0.9999999097062339
/Users/somesh/Desktop/onehearthealth/ast-heart-quality/data_processed/PhysioNet2022/training_data/68368_MV.wav,1,0.999999609379542
/Users/somesh/Desktop/onehearthealth/ast-heart-quality/data_processed/PhysioNet2022/training_data/68368_PV.wav,1,0.9999991853306579
/Users/somesh/Desktop/onehearthealth/ast-heart-quality/data_processed/PhysioNet2022/training_data/68368_TV.wav,1,0.9958944815466553
/Users/somesh/Desktop/onehearthealth/ast-heart-quality/data_processed/PhysioNet2022/training_data/68374_AV.wav,1,0.9999999999226374
/Users/somesh/Desktop/onehearthealth/ast-heart-quality/data_processed/PhysioNet2022/training_data/68374_MV.wav,1,0.9999999999964427
/Users/somesh/Desktop/onehearthealth/ast-heart-quality/data_processed/PhysioNet2022/training_data/68395_PV.wav,1,0.9999942294401354
/Users/somesh/Desktop/onehearthealth/ast-heart-quality/data_processed/PhysioNet2022/training_data/68395_TV.wav,1,0.9999999998503039
/Users/somesh/Desktop/onehearthealth/ast-heart-quality/data_processed/PhysioNet2022/training_data/68407_AV.wav,1,0.999995303399722
/Users/somesh/Desktop/onehearthealth/ast-heart-quality/data_processed/PhysioNet2022/training_data/68407_MV.wav,1,0.9973116331032688
/Users/somesh/Desktop/onehearthealth/ast-heart-quality/data_processed/PhysioNet2022/training_data/68407_PV.wav,1,0.9999957426114049
/Users/somesh/Desktop/onehearthealth/ast-heart-quality/data_processed/PhysioNet2022/training_data/68407_TV.wav,1,0.9999999999965936
/Users/somesh/Desktop/onehearthealth/ast-heart-quality/data_processed/PhysioNet2022/training_data/68412_AV.wav,1,0.9999997368727482
/Users/somesh/Desktop/onehearthealth/ast-heart-quality/data_processed/PhysioNet2022/training_data/68412_MV.wav,1,0.9999999863780925
/Users/somesh/Desktop/onehearthealth/ast-heart-quality/data_processed/PhysioNet2022/training_data/68412_PV.wav,1,0.9999999997493015
/Users/somesh/Desktop/onehearthealth/ast-heart-quality/data_processed/PhysioNet2022/training_data/68412_TV.wav,1,0.9999999991689598
/Users/somesh/Desktop/onehearthealth/ast-heart-quality/data_processed/PhysioNet2022/training_data/68435_AV.wav,1,0.9999999520109801
/Users/somesh/Desktop/onehearthealth/ast-heart-quality/data_processed/PhysioNet2022/training_data/68435_MV.wav,1,0.9999999998347823
/Users/somesh/Desktop/onehearthealth/ast-heart-quality/data_processed/PhysioNet2022/training_data/68487_AV.wav,1,0.9999999997352997
/Users/somesh/Desktop/onehearthealth/ast-heart-quality/data_processed/PhysioNet2022/training_data/68487_MV.wav,1,0.9999999999186847
/Users/somesh/Desktop/onehearthealth/ast-heart-quality/data_processed/PhysioNet2022/training_data/68487_PV.wav,1,0.9999999999707857
/Users/somesh/Desktop/onehearthealth/ast-heart-quality/data_processed/PhysioNet2022/training_data/68487_TV.wav,1,0.9999999995232364
/Users/somesh/Desktop/onehearthealth/ast-heart-quality/data_processed/PhysioNet2022/training_data/68498_AV.wav,1,0.9999999709785993
/Users/somesh/Desktop/onehearthealth/ast-heart-quality/data_processed/PhysioNet2022/training_data/68498_MV.wav,1,0.9999999990947913
/Users/somesh/Desktop/onehearthealth/ast-heart-quality/data_processed/PhysioNet2022/training_data/68498_PV.wav,1,0.9999999999053769
/Users/somesh/Desktop/onehearthealth/ast-heart-quality/data_processed/PhysioNet2022/training_data/68498_TV.wav,1,0.9999999932043399
/Users/somesh/Desktop/onehearthealth/ast-heart-quality/data_processed/PhysioNet2022/training_data/68702_AV.wav,1,0.9999999121591806
/Users/somesh/Desktop/onehearthealth/ast-heart-quality/data_processed/PhysioNet2022/training_data/68702_MV.wav,1,0.9999998815514052
/Users/somesh/Desktop/onehearthealth/ast-heart-quality/data_processed/PhysioNet2022/training_data/68702_PV.wav,1,0.9999999999986908
/Users/somesh/Desktop/onehearthealth/ast-heart-quality/data_processed/PhysioNet2022/training_data/68702_TV.wav,1,0.9999999999998531
/Users/somesh/Desktop/onehearthealth/ast-heart-quality/data_processed/PhysioNet2022/training_data/68738_AV.wav,1,0.9999846930158994
/Users/somesh/Desktop/onehearthealth/ast-heart-quality/data_processed/PhysioNet2022/training_data/68738_MV.wav,1,0.9999999997022511
/Users/somesh/Desktop/onehearthealth/ast-heart-quality/data_processed/PhysioNet2022/training_data/68738_PV.wav,1,0.9999923908316909
/Users/somesh/Desktop/onehearthealth/ast-heart-quality/data_processed/PhysioNet2022/training_data/68738_TV.wav,1,0.9999999977593522
/Users/somesh/Desktop/onehearthealth/ast-heart-quality/data_processed/PhysioNet2022/training_data/68740_AV.wav,1,0.999999999958252
/Users/somesh/Desktop/onehearthealth/ast-heart-quality/data_processed/PhysioNet2022/training_data/68740_MV.wav,1,0.9999999999875296
/Users/somesh/Desktop/onehearthealth/ast-heart-quality/data_processed/PhysioNet2022/training_data/68740_PV.wav,1,0.9999999997827266
/Users/somesh/Desktop/onehearthealth/ast-heart-quality/data_processed/PhysioNet2022/training_data/68740_TV.wav,1,0.9999999999870486
/Users/somesh/Desktop/onehearthealth/ast-heart-quality/data_processed/PhysioNet2022/training_data/68796_AV.wav,1,0.9999999860381147
/Users/somesh/Desktop/onehearthealth/ast-heart-quality/data_processed/PhysioNet2022/training_data/68796_MV.wav,1,0.9999999970565008
/Users/somesh/Desktop/onehearthealth/ast-heart-quality/data_processed/PhysioNet2022/training_data/68796_PV.wav,1,0.9999973380945695
/Users/somesh/Desktop/onehearthealth/ast-heart-quality/data_processed/PhysioNet2022/training_data/68796_TV.wav,1,0.9999999931984626
/Users/somesh/Desktop/onehearthealth/ast-heart-quality/data_processed/PhysioNet2022/training_data/68886_AV.wav,1,0.9322524408809827
/Users/somesh/Desktop/onehearthealth/ast-heart-quality/data_processed/PhysioNet2022/training_data/68886_MV.wav,1,0.999999999936652
/Users/somesh/Desktop/onehearthealth/ast-heart-quality/data_processed/PhysioNet2022/training_data/68886_PV.wav,1,0.9949855380538186
/Users/somesh/Desktop/onehearthealth/ast-heart-quality/data_processed/PhysioNet2022/training_data/68886_TV.wav,1,0.9999999929956268
/Users/somesh/Desktop/onehearthealth/ast-heart-quality/data_processed/PhysioNet2022/training_data/68901_AV.wav,1,0.9999923751573015
/Users/somesh/Desktop/onehearthealth/ast-heart-quality/data_processed/PhysioNet2022/training_data/68901_MV.wav,1,0.9999999999988045
/Users/somesh/Desktop/onehearthealth/ast-heart-quality/data_processed/PhysioNet2022/training_data/68901_PV.wav,1,0.9999999972106701
/Users/somesh/Desktop/onehearthealth/ast-heart-quality/data_processed/PhysioNet2022/training_data/68901_TV.wav,1,0.9999999999885512
/Users/somesh/Desktop/onehearthealth/ast-heart-quality/data_processed/PhysioNet2022/training_data/68952_AV.wav,1,0.9999999886977646
/Users/somesh/Desktop/onehearthealth/ast-heart-quality/data_processed/PhysioNet2022/training_data/68952_MV.wav,1,0.999999999992315
/Users/somesh/Desktop/onehearthealth/ast-heart-quality/data_processed/PhysioNet2022/training_data/68952_PV.wav,1,0.9999999999557939
/Users/somesh/Desktop/onehearthealth/ast-heart-quality/data_processed/PhysioNet2022/training_data/68952_TV.wav,1,0.9999999999969857
/Users/somesh/Desktop/onehearthealth/ast-heart-quality/data_processed/PhysioNet2022/training_data/69060_AV.wav,1,0.9999949585216316
/Users/somesh/Desktop/onehearthealth/ast-heart-quality/data_processed/PhysioNet2022/training_data/69060_MV.wav,1,0.9972724155867915
/Users/somesh/Desktop/onehearthealth/ast-heart-quality/data_processed/PhysioNet2022/training_data/69060_PV.wav,1,0.9999998028310922
/Users/somesh/Desktop/onehearthealth/ast-heart-quality/data_processed/PhysioNet2022/training_data/69060_TV.wav,1,0.9999930176317298
/Users/somesh/Desktop/onehearthealth/ast-heart-quality/data_processed/PhysioNet2022/training_data/69066_AV.wav,1,0.9999994986543206
/Users/somesh/Desktop/onehearthealth/ast-heart-quality/data_processed/PhysioNet2022/training_data/69066_MV.wav,1,0.9999999999999549
/Users/somesh/Desktop/onehearthealth/ast-heart-quality/data_processed/PhysioNet2022/training_data/69066_PV.wav,1,0.9999995359598897
/Users/somesh/Desktop/onehearthealth/ast-heart-quality/data_processed/PhysioNet2022/training_data/69066_TV.wav,1,0.9999999999998912
/Users/somesh/Desktop/onehearthealth/ast-heart-quality/data_processed/PhysioNet2022/training_data/69068_AV.wav,1,0.9999999981576237
/Users/somesh/Desktop/onehearthealth/ast-heart-quality/data_processed/PhysioNet2022/training_data/69068_MV.wav,1,0.9999999999986644
/Users/somesh/Desktop/onehearthealth/ast-heart-quality/data_processed/PhysioNet2022/training_data/69068_PV.wav,1,0.999999999986922
/Users/somesh/Desktop/onehearthealth/ast-heart-quality/data_processed/PhysioNet2022/training_data/69068_TV.wav,1,0.9999990903820912
/Users/somesh/Desktop/onehearthealth/ast-heart-quality/data_processed/PhysioNet2022/training_data/69093_AV.wav,1,0.9999999934196192
/Users/somesh/Desktop/onehearthealth/ast-heart-quality/data_processed/PhysioNet2022/training_data/69093_MV.wav,1,0.9999999999967044
/Users/somesh/Desktop/onehearthealth/ast-heart-quality/data_processed/PhysioNet2022/training_data/69093_PV.wav,1,0.9999999983013967
/Users/somesh/Desktop/onehearthealth/ast-heart-quality/data_processed/PhysioNet2022/training_data/69093_TV.wav,1,0.9999999749543268
/Users/somesh/Desktop/onehearthealth/ast-heart-quality/data_processed/PhysioNet2022/training_data/69112_AV.wav,1,0.9999999999956091
/Users/somesh/Desktop/onehearthealth/ast-heart-quality/data_processed/PhysioNet2022/training_data/69112_MV.wav,1,0.9999999997013478
/Users/somesh/Desktop/onehearthealth/ast-heart-quality/data_processed/PhysioNet2022/training_data/69112_PV.wav,1,0.9999999999656303
/Users/somesh/Desktop/onehearthealth/ast-heart-quality/data_processed/PhysioNet2022/training_data/69112_TV.wav,1,0.999999999996189
/Users/somesh/Desktop/onehearthealth/ast-heart-quality/data_processed/PhysioNet2022/training_data/69125_AV.wav,1,0.9999999985683388
/Users/somesh/Desktop/onehearthealth/ast-heart-quality/data_processed/PhysioNet2022/training_data/69125_MV.wav,1,0.9999999999881971
/Users/somesh/Desktop/onehearthealth/ast-heart-quality/data_processed/PhysioNet2022/training_data/69125_PV.wav,1,0.9999999999872312
/Users/somesh/Desktop/onehearthealth/ast-heart-quality/data_processed/PhysioNet2022/training_data/69125_TV.wav,1,0.9999999999990857
/Users/somesh/Desktop/onehearthealth/ast-heart-quality/data_processed/PhysioNet2022/training_data/69144_AV.wav,1,0.9999994545458329
/Users/somesh/Desktop/onehearthealth/ast-heart-quality/data_processed/PhysioNet2022/training_data/69144_MV.wav,1,0.9999999999997419
/Users/somesh/Desktop/onehearthealth/ast-heart-quality/data_processed/PhysioNet2022/training_data/69144_PV.wav,1,0.9999999991972224
/Users/somesh/Desktop/onehearthealth/ast-heart-quality/data_processed/PhysioNet2022/training_data/69144_TV.wav,1,0.9999999997638942
/Users/somesh/Desktop/onehearthealth/ast-heart-quality/data_processed/PhysioNet2022/training_data/69155_MV.wav,1,0.9999873760647988
/Users/somesh/Desktop/onehearthealth/ast-heart-quality/data_processed/PhysioNet2022/training_data/69155_PV.wav,1,0.9999999998875001
/Users/somesh/Desktop/onehearthealth/ast-heart-quality/data_processed/PhysioNet2022/training_data/69155_TV.wav,1,0.9999999999984838
/Users/somesh/Desktop/onehearthealth/ast-heart-quality/data_processed/PhysioNet2022/training_data/69161_AV.wav,1,0.9554140383090561
/Users/somesh/Desktop/onehearthealth/ast-heart-quality/data_processed/PhysioNet2022/training_data/69161_MV.wav,1,0.999999991202102
/Users/somesh/Desktop/onehearthealth/ast-heart-quality/data_processed/PhysioNet2022/training_data/69161_PV.wav,1,0.9999999419365884
/Users/somesh/Desktop/onehearthealth/ast-heart-quality/data_processed/PhysioNet2022/training_data/69161_TV.wav,1,0.9999999209200789
/Users/somesh/Desktop/onehearthealth/ast-heart-quality/data_processed/PhysioNet2022/training_data/73497_AV.wav,1,0.9999998358180159
/Users/somesh/Desktop/onehearthealth/ast-heart-quality/data_processed/PhysioNet2022/training_data/73497_MV.wav,1,0.9999999883782129
/Users/somesh/Desktop/onehearthealth/ast-heart-quality/data_processed/PhysioNet2022/training_data/73497_PV.wav,1,0.9999986279737202
/Users/somesh/Desktop/onehearthealth/ast-heart-quality/data_processed/PhysioNet2022/training_data/73497_TV.wav,1,0.9999999989081172
/Users/somesh/Desktop/onehearthealth/ast-heart-quality/data_processed/PhysioNet2022/training_data/74420_AV.wav,1,0.9802517790230623
/Users/somesh/Desktop/onehearthealth/ast-heart-quality/data_processed/PhysioNet2022/training_data/74420_MV.wav,1,0.9999999996543237
/Users/somesh/Desktop/onehearthealth/ast-heart-quality/data_processed/PhysioNet2022/training_data/75440_AV.wav,1,0.9999994524795557
/Users/somesh/Desktop/onehearthealth/ast-heart-quality/data_processed/PhysioNet2022/training_data/75440_MV.wav,1,0.9999999238639344
/Users/somesh/Desktop/onehearthealth/ast-heart-quality/data_processed/PhysioNet2022/training_data/75440_PV.wav,1,0.9999999958301381
/Users/somesh/Desktop/onehearthealth/ast-heart-quality/data_processed/PhysioNet2022/training_data/75440_TV.wav,1,0.9999945765671646
/Users/somesh/Desktop/onehearthealth/ast-heart-quality/data_processed/PhysioNet2022/training_data/78592_AV.wav,1,0.9999999998196294
/Users/somesh/Desktop/onehearthealth/ast-heart-quality/data_processed/PhysioNet2022/training_data/78592_MV.wav,1,0.9999999999996106
/Users/somesh/Desktop/onehearthealth/ast-heart-quality/data_processed/PhysioNet2022/training_data/78592_PV.wav,1,0.9999999998632392
/Users/somesh/Desktop/onehearthealth/ast-heart-quality/data_processed/PhysioNet2022/training_data/78592_TV.wav,1,0.9999999999888529
/Users/somesh/Desktop/onehearthealth/ast-heart-quality/data_processed/PhysioNet2022/training_data/84688_MV.wav,1,0.9999999998563206
/Users/somesh/Desktop/onehearthealth/ast-heart-quality/data_processed/PhysioNet2022/training_data/84699_AV.wav,1,0.9999994159723036
/Users/somesh/Desktop/onehearthealth/ast-heart-quality/data_processed/PhysioNet2022/training_data/84699_MV.wav,1,0.9944257947619995
/Users/somesh/Desktop/onehearthealth/ast-heart-quality/data_processed/PhysioNet2022/training_data/84699_PV.wav,1,0.9999999999907684
/Users/somesh/Desktop/onehearthealth/ast-heart-quality/data_processed/PhysioNet2022/training_data/84699_TV.wav,1,0.9999999999999699
/Users/somesh/Desktop/onehearthealth/ast-heart-quality/data_processed/PhysioNet2022/training_data/84709_AV.wav,1,0.9999999997627961
/Users/somesh/Desktop/onehearthealth/ast-heart-quality/data_processed/PhysioNet2022/training_data/84709_MV.wav,1,0.9999999886518655
/Users/somesh/Desktop/onehearthealth/ast-heart-quality/data_processed/PhysioNet2022/training_data/84709_PV.wav,1,0.9999991612148434
/Users/somesh/Desktop/onehearthealth/ast-heart-quality/data_processed/PhysioNet2022/training_data/84709_TV.wav,1,0.9430775900144884
/Users/somesh/Desktop/onehearthealth/ast-heart-quality/data_processed/PhysioNet2022/training_data/84714_AV.wav,1,0.9999999993282962
/Users/somesh/Desktop/onehearthealth/ast-heart-quality/data_processed/PhysioNet2022/training_data/84714_MV.wav,1,0.999999999996841
/Users/somesh/Desktop/onehearthealth/ast-heart-quality/data_processed/PhysioNet2022/training_data/84714_TV.wav,1,0.9999999552071266
/Users/somesh/Desktop/onehearthealth/ast-heart-quality/data_processed/PhysioNet2022/training_data/84720_AV.wav,1,0.9999987754170241
/Users/somesh/Desktop/onehearthealth/ast-heart-quality/data_processed/PhysioNet2022/training_data/84724_AV.wav,1,0.9999933082439092
/Users/somesh/Desktop/onehearthealth/ast-heart-quality/data_processed/PhysioNet2022/training_data/84724_MV.wav,1,0.9999999998687639
/Users/somesh/Desktop/onehearthealth/ast-heart-quality/data_processed/PhysioNet2022/training_data/84724_PV.wav,1,0.20675524337655296
/Users/somesh/Desktop/onehearthealth/ast-heart-quality/data_processed/PhysioNet2022/training_data/84724_TV.wav,1,0.9999999786310515
/Users/somesh/Desktop/onehearthealth/ast-heart-quality/data_processed/PhysioNet2022/training_data/84727_AV.wav,1,0.9867649731485689
/Users/somesh/Desktop/onehearthealth/ast-heart-quality/data_processed/PhysioNet2022/training_data/84727_MV.wav,1,0.9999999144285369
/Users/somesh/Desktop/onehearthealth/ast-heart-quality/data_processed/PhysioNet2022/training_data/84727_PV.wav,1,0.9999976343218915
/Users/somesh/Desktop/onehearthealth/ast-heart-quality/data_processed/PhysioNet2022/training_data/84727_TV.wav,1,0.9999999998525527
/Users/somesh/Desktop/onehearthealth/ast-heart-quality/data_processed/PhysioNet2022/training_data/84735_AV.wav,1,0.9999969654681415
/Users/somesh/Desktop/onehearthealth/ast-heart-quality/data_processed/PhysioNet2022/training_data/84735_MV.wav,1,0.9999999966593389
/Users/somesh/Desktop/onehearthealth/ast-heart-quality/data_processed/PhysioNet2022/training_data/84735_PV.wav,1,0.9999984693413423
/Users/somesh/Desktop/onehearthealth/ast-heart-quality/data_processed/PhysioNet2022/training_data/84735_TV.wav,1,0.999999982885842
/Users/somesh/Desktop/onehearthealth/ast-heart-quality/data_processed/PhysioNet2022/training_data/84742_AV.wav,1,0.9999999641876446
/Users/somesh/Desktop/onehearthealth/ast-heart-quality/data_processed/PhysioNet2022/training_data/84742_MV.wav,1,0.9999999999999699
/Users/somesh/Desktop/onehearthealth/ast-heart-quality/data_processed/PhysioNet2022/training_data/84742_PV.wav,1,0.9999999999816294
/Users/somesh/Desktop/onehearthealth/ast-heart-quality/data_processed/PhysioNet2022/training_data/84742_TV.wav,1,0.9999999999964999
/Users/somesh/Desktop/onehearthealth/ast-heart-quality/data_processed/PhysioNet2022/training_data/84743_AV.wav,1,0.9972034844973592
/Users/somesh/Desktop/onehearthealth/ast-heart-quality/data_processed/PhysioNet2022/training_data/84743_MV.wav,1,0.9999999996958944
/Users/somesh/Desktop/onehearthealth/ast-heart-quality/data_processed/PhysioNet2022/training_data/84743_PV.wav,1,0.9999999704331489
/Users/somesh/Desktop/onehearthealth/ast-heart-quality/data_processed/PhysioNet2022/training_data/84743_TV.wav,1,0.9999994837552394
/Users/somesh/Desktop/onehearthealth/ast-heart-quality/data_processed/PhysioNet2022/training_data/84747_TV.wav,1,0.9999999993841344
/Users/somesh/Desktop/onehearthealth/ast-heart-quality/data_processed/PhysioNet2022/training_data/84749_AV.wav,1,0.999999857766071
/Users/somesh/Desktop/onehearthealth/ast-heart-quality/data_processed/PhysioNet2022/training_data/84749_MV.wav,1,0.9999999997230308
/Users/somesh/Desktop/onehearthealth/ast-heart-quality/data_processed/PhysioNet2022/training_data/84749_PV.wav,1,0.9999999999990562
/Users/somesh/Desktop/onehearthealth/ast-heart-quality/data_processed/PhysioNet2022/training_data/84749_TV.wav,1,0.9999815451361261
/Users/somesh/Desktop/onehearthealth/ast-heart-quality/data_processed/PhysioNet2022/training_data/84750_AV.wav,1,0.9999829121417099
/Users/somesh/Desktop/onehearthealth/ast-heart-quality/data_processed/PhysioNet2022/training_data/84750_MV.wav,1,0.9999999999960052
/Users/somesh/Desktop/onehearthealth/ast-heart-quality/data_processed/PhysioNet2022/training_data/84750_PV.wav,1,0.9999999999870306
/Users/somesh/Desktop/onehearthealth/ast-heart-quality/data_processed/PhysioNet2022/training_data/84750_TV.wav,1,0.9999999999858502
/Users/somesh/Desktop/onehearthealth/ast-heart-quality/data_processed/PhysioNet2022/training_data/84758_AV.wav,1,0.9999999998983363
/Users/somesh/Desktop/onehearthealth/ast-heart-quality/data_processed/PhysioNet2022/training_data/84758_MV.wav,1,0.9999999997584561
/Users/somesh/Desktop/onehearthealth/ast-heart-quality/data_processed/PhysioNet2022/training_data/84758_PV.wav,1,0.9999999850356468
/Users/somesh/Desktop/onehearthealth/ast-heart-quality/data_processed/PhysioNet2022/training_data/84758_TV.wav,1,0.9999999988667532
/Users/somesh/Desktop/onehearthealth/ast-heart-quality/data_processed/PhysioNet2022/training_data/84785_AV.wav,1,0.9999999998242042
/Users/somesh/Desktop/onehearthealth/ast-heart-quality/data_processed/PhysioNet2022/training_data/84785_MV.wav,1,0.9999999967666136
/Users/somesh/Desktop/onehearthealth/ast-heart-quality/data_processed/PhysioNet2022/training_data/84785_PV.wav,1,0.9967754837515822
/Users/somesh/Desktop/onehearthealth/ast-heart-quality/data_processed/PhysioNet2022/training_data/84785_TV.wav,1,0.999999991358856
/Users/somesh/Desktop/onehearthealth/ast-heart-quality/data_processed/PhysioNet2022/training_data/84798_AV.wav,1,0.9999999999551175
/Users/somesh/Desktop/onehearthealth/ast-heart-quality/data_processed/PhysioNet2022/training_data/84798_MV.wav,1,0.999999982340885
/Users/somesh/Desktop/onehearthealth/ast-heart-quality/data_processed/PhysioNet2022/training_data/84798_PV.wav,1,0.9999999999999654
/Users/somesh/Desktop/onehearthealth/ast-heart-quality/data_processed/PhysioNet2022/training_data/84798_TV.wav,1,0.999999999998877
/Users/somesh/Desktop/onehearthealth/ast-heart-quality/data_processed/PhysioNet2022/training_data/84809_AV.wav,1,0.9999993594069518
/Users/somesh/Desktop/onehearthealth/ast-heart-quality/data_processed/PhysioNet2022/training_data/84809_MV.wav,1,0.9999999574643267
/Users/somesh/Desktop/onehearthealth/ast-heart-quality/data_processed/PhysioNet2022/training_data/84809_PV.wav,1,0.9999999926867629
/Users/somesh/Desktop/onehearthealth/ast-heart-quality/data_processed/PhysioNet2022/training_data/84809_TV.wav,1,0.9999999999678799
/Users/somesh/Desktop/onehearthealth/ast-heart-quality/data_processed/PhysioNet2022/training_data/84835_AV.wav,1,0.9999999899700102
/Users/somesh/Desktop/onehearthealth/ast-heart-quality/data_processed/PhysioNet2022/training_data/84835_MV.wav,1,0.9999999993662654
/Users/somesh/Desktop/onehearthealth/ast-heart-quality/data_processed/PhysioNet2022/training_data/84835_PV.wav,1,0.9999991807483678
/Users/somesh/Desktop/onehearthealth/ast-heart-quality/data_processed/PhysioNet2022/training_data/84835_TV.wav,1,0.9999999999929349
/Users/somesh/Desktop/onehearthealth/ast-heart-quality/data_processed/PhysioNet2022/training_data/84837_AV.wav,1,0.9999999995952239
/Users/somesh/Desktop/onehearthealth/ast-heart-quality/data_processed/PhysioNet2022/training_data/84837_PV.wav,1,0.9999999029928052
/Users/somesh/Desktop/onehearthealth/ast-heart-quality/data_processed/PhysioNet2022/training_data/84840_MV.wav,1,0.9999997488793104
/Users/somesh/Desktop/onehearthealth/ast-heart-quality/data_processed/PhysioNet2022/training_data/84840_TV.wav,1,0.9999999540299032
/Users/somesh/Desktop/onehearthealth/ast-heart-quality/data_processed/PhysioNet2022/training_data/84861_AV.wav,1,0.9899017003109734
/Users/somesh/Desktop/onehearthealth/ast-heart-quality/data_processed/PhysioNet2022/training_data/84861_MV.wav,1,0.9999998979775495
/Users/somesh/Desktop/onehearthealth/ast-heart-quality/data_processed/PhysioNet2022/training_data/84861_PV.wav,1,0.9999999999977828
/Users/somesh/Desktop/onehearthealth/ast-heart-quality/data_processed/PhysioNet2022/training_data/84861_TV.wav,1,0.9960077553703041
/Users/somesh/Desktop/onehearthealth/ast-heart-quality/data_processed/PhysioNet2022/training_data/84870_AV.wav,1,0.9999862544029601
/Users/somesh/Desktop/onehearthealth/ast-heart-quality/data_processed/PhysioNet2022/training_data/84870_MV.wav,1,0.9999999997675311
/Users/somesh/Desktop/onehearthealth/ast-heart-quality/data_processed/PhysioNet2022/training_data/84870_PV.wav,1,0.999999999979109
/Users/somesh/Desktop/onehearthealth/ast-heart-quality/data_processed/PhysioNet2022/training_data/84870_TV.wav,1,0.999999999991194
/Users/somesh/Desktop/onehearthealth/ast-heart-quality/data_processed/PhysioNet2022/training_data/84877_AV.wav,1,0.9999999210732307
/Users/somesh/Desktop/onehearthealth/ast-heart-quality/data_processed/PhysioNet2022/training_data/84877_MV.wav,1,0.9999999999957513
/Users/somesh/Desktop/onehearthealth/ast-heart-quality/data_processed/PhysioNet2022/training_data/84877_PV.wav,1,0.9999999999933634
/Users/somesh/Desktop/onehearthealth/ast-heart-quality/data_processed/PhysioNet2022/training_data/84877_TV.wav,1,0.9999999999902832
/Users/somesh/Desktop/onehearthealth/ast-heart-quality/data_processed/PhysioNet2022/training_data/84885_AV.wav,1,0.9765914793305104
/Users/somesh/Desktop/onehearthealth/ast-heart-quality/data_processed/PhysioNet2022/training_data/84885_MV.wav,1,0.9999999798097051
/Users/somesh/Desktop/onehearthealth/ast-heart-quality/data_processed/PhysioNet2022/training_data/84890_AV.wav,1,0.9999998724574274
/Users/somesh/Desktop/onehearthealth/ast-heart-quality/data_processed/PhysioNet2022/training_data/84890_MV.wav,1,0.9999999999471861
/Users/somesh/Desktop/onehearthealth/ast-heart-quality/data_processed/PhysioNet2022/training_data/84890_PV.wav,1,0.9999999999709398
/Users/somesh/Desktop/onehearthealth/ast-heart-quality/data_processed/PhysioNet2022/training_data/84890_TV.wav,1,0.9999999845769373
/Users/somesh/Desktop/onehearthealth/ast-heart-quality/data_processed/PhysioNet2022/training_data/84893_AV.wav,1,0.9999999995529668
/Users/somesh/Desktop/onehearthealth/ast-heart-quality/data_processed/PhysioNet2022/training_data/84893_PV.wav,1,0.9999990353547997
/Users/somesh/Desktop/onehearthealth/ast-heart-quality/data_processed/PhysioNet2022/training_data/84894_AV.wav,1,0.9999999995676694
/Users/somesh/Desktop/onehearthealth/ast-heart-quality/data_processed/PhysioNet2022/training_data/84894_MV.wav,1,0.9999999996295735
/Users/somesh/Desktop/onehearthealth/ast-heart-quality/data_processed/PhysioNet2022/training_data/84894_PV.wav,1,0.9999999999979408
/Users/somesh/Desktop/onehearthealth/ast-heart-quality/data_processed/PhysioNet2022/training_data/84894_TV.wav,1,0.9999999999998789
/Users/somesh/Desktop/onehearthealth/ast-heart-quality/data_processed/PhysioNet2022/training_data/84917_AV.wav,1,0.9999986904157646
/Users/somesh/Desktop/onehearthealth/ast-heart-quality/data_processed/PhysioNet2022/training_data/84917_MV.wav,1,0.9999988545270528
/Users/somesh/Desktop/onehearthealth/ast-heart-quality/data_processed/PhysioNet2022/training_data/84917_PV.wav,1,0.9999923228493581
/Users/somesh/Desktop/onehearthealth/ast-heart-quality/data_processed/PhysioNet2022/training_data/84917_TV.wav,1,0.9999999999986349
/Users/somesh/Desktop/onehearthealth/ast-heart-quality/data_processed/PhysioNet2022/training_data/84921_AV.wav,1,0.9999954347834349
/Users/somesh/Desktop/onehearthealth/ast-heart-quality/data_processed/PhysioNet2022/training_data/84921_MV.wav,1,0.9999999999060011
/Users/somesh/Desktop/onehearthealth/ast-heart-quality/data_processed/PhysioNet2022/training_data/84921_PV.wav,1,0.999999999999731
/Users/somesh/Desktop/onehearthealth/ast-heart-quality/data_processed/PhysioNet2022/training_data/84921_TV.wav,1,0.9999999999502742
/Users/somesh/Desktop/onehearthealth/ast-heart-quality/data_processed/PhysioNet2022/training_data/84930_AV.wav,1,0.9999995899477864
/Users/somesh/Desktop/onehearthealth/ast-heart-quality/data_processed/PhysioNet2022/training_data/84930_MV.wav,1,0.9999999998694231
/Users/somesh/Desktop/onehearthealth/ast-heart-quality/data_processed/PhysioNet2022/training_data/84930_PV.wav,1,0.9999999880024781
/Users/somesh/Desktop/onehearthealth/ast-heart-quality/data_processed/PhysioNet2022/training_data/84930_TV.wav,1,0.9999852625608164
/Users/somesh/Desktop/onehearthealth/ast-heart-quality/data_processed/PhysioNet2022/training_data/84937_AV.wav,1,0.9999999917658915
/Users/somesh/Desktop/onehearthealth/ast-heart-quality/data_processed/PhysioNet2022/training_data/84937_MV.wav,1,0.9999994823142184
/Users/somesh/Desktop/onehearthealth/ast-heart-quality/data_processed/PhysioNet2022/training_data/84937_PV.wav,1,0.9999999975335871
/Users/somesh/Desktop/onehearthealth/ast-heart-quality/data_processed/PhysioNet2022/training_data/84937_TV.wav,1,0.9999999807713683
/Users/somesh/Desktop/onehearthealth/ast-heart-quality/data_processed/PhysioNet2022/training_data/84939_AV.wav,1,0.9999999999806581
/Users/somesh/Desktop/onehearthealth/ast-heart-quality/data_processed/PhysioNet2022/training_data/84939_MV.wav,1,0.9999999999996887
/Users/somesh/Desktop/onehearthealth/ast-heart-quality/data_processed/PhysioNet2022/training_data/84939_PV.wav,1,0.999999854956463
/Users/somesh/Desktop/onehearthealth/ast-heart-quality/data_processed/PhysioNet2022/training_data/84939_TV.wav,1,0.9999986664488518
/Users/somesh/Desktop/onehearthealth/ast-heart-quality/data_processed/PhysioNet2022/training_data/84945_AV.wav,1,0.9999998766403022
/Users/somesh/Desktop/onehearthealth/ast-heart-quality/data_processed/PhysioNet2022/training_data/84945_MV.wav,1,0.999999956685546
/Users/somesh/Desktop/onehearthealth/ast-heart-quality/data_processed/PhysioNet2022/training_data/84945_PV.wav,1,0.9999983989857227
/Users/somesh/Desktop/onehearthealth/ast-heart-quality/data_processed/PhysioNet2022/training_data/84945_TV.wav,1,0.9999895307247894
/Users/somesh/Desktop/onehearthealth/ast-heart-quality/data_processed/PhysioNet2022/training_data/84947_AV.wav,1,0.9999999947965559
/Users/somesh/Desktop/onehearthealth/ast-heart-quality/data_processed/PhysioNet2022/training_data/84947_MV.wav,1,0.999999999999648
/Users/somesh/Desktop/onehearthealth/ast-heart-quality/data_processed/PhysioNet2022/training_data/84947_PV.wav,1,0.9999999999861809
/Users/somesh/Desktop/onehearthealth/ast-heart-quality/data_processed/PhysioNet2022/training_data/84947_TV.wav,1,0.9999999999992732
/Users/somesh/Desktop/onehearthealth/ast-heart-quality/data_processed/PhysioNet2022/training_data/84969_MV.wav,1,0.9263795307392633
/Users/somesh/Desktop/onehearthealth/ast-heart-quality/data_processed/PhysioNet2022/training_data/84984_MV.wav,1,0.9999871455507159
/Users/somesh/Desktop/onehearthealth/ast-heart-quality/data_processed/PhysioNet2022/training_data/84984_PV.wav,1,0.9999849815302992
/Users/somesh/Desktop/onehearthealth/ast-heart-quality/data_processed/PhysioNet2022/training_data/84988_AV.wav,1,0.9999999999914047
/Users/somesh/Desktop/onehearthealth/ast-heart-quality/data_processed/PhysioNet2022/training_data/84988_MV.wav,1,0.9999999814320483
/Users/somesh/Desktop/onehearthealth/ast-heart-quality/data_processed/PhysioNet2022/training_data/84988_PV.wav,1,0.9999999998365416
/Users/somesh/Desktop/onehearthealth/ast-heart-quality/data_processed/PhysioNet2022/training_data/84992_AV.wav,1,0.9999999995165622
/Users/somesh/Desktop/onehearthealth/ast-heart-quality/data_processed/PhysioNet2022/training_data/84992_PV.wav,1,0.9913258826852775
/Users/somesh/Desktop/onehearthealth/ast-heart-quality/data_processed/PhysioNet2022/training_data/84992_TV.wav,1,0.9999999999987098
/Users/somesh/Desktop/onehearthealth/ast-heart-quality/data_processed/PhysioNet2022/training_data/84994_AV.wav,1,0.9999977289235675
/Users/somesh/Desktop/onehearthealth/ast-heart-quality/data_processed/PhysioNet2022/training_data/84994_MV.wav,1,0.9999999999212896
/Users/somesh/Desktop/onehearthealth/ast-heart-quality/data_processed/PhysioNet2022/training_data/84994_PV.wav,1,0.9923446466523965
/Users/somesh/Desktop/onehearthealth/ast-heart-quality/data_processed/PhysioNet2022/training_data/84994_TV.wav,1,0.9999999999580745
/Users/somesh/Desktop/onehearthealth/ast-heart-quality/data_processed/PhysioNet2022/training_data/85010_AV.wav,1,0.9999999959859694
/Users/somesh/Desktop/onehearthealth/ast-heart-quality/data_processed/PhysioNet2022/training_data/85010_MV.wav,1,0.9999999960441831
/Users/somesh/Desktop/onehearthealth/ast-heart-quality/data_processed/PhysioNet2022/training_data/85010_PV.wav,1,0.999998650754197
/Users/somesh/Desktop/onehearthealth/ast-heart-quality/data_processed/PhysioNet2022/training_data/85010_TV.wav,1,0.9999999970953056
/Users/somesh/Desktop/onehearthealth/ast-heart-quality/data_processed/PhysioNet2022/training_data/85033_AV.wav,1,0.9999993856937299
/Users/somesh/Desktop/onehearthealth/ast-heart-quality/data_processed/PhysioNet2022/training_data/85033_MV.wav,1,0.9999999999971605
/Users/somesh/Desktop/onehearthealth/ast-heart-quality/data_processed/PhysioNet2022/training_data/85033_PV.wav,1,0.9999999964789277
/Users/somesh/Desktop/onehearthealth/ast-heart-quality/data_processed/PhysioNet2022/training_data/85033_TV.wav,1,0.9999999929204794
/Users/somesh/Desktop/onehearthealth/ast-heart-quality/data_processed/PhysioNet2022/training_data/85043_MV.wav,1,0.9999999850848147
/Users/somesh/Desktop/onehearthealth/ast-heart-quality/data_processed/PhysioNet2022/training_data/85043_PV.wav,1,0.9999999999999699
/Users/somesh/Desktop/onehearthealth/ast-heart-quality/data_processed/PhysioNet2022/training_data/85043_TV.wav,1,0.9999999999983897
/Users/somesh/Desktop/onehearthealth/ast-heart-quality/data_processed/PhysioNet2022/training_data/85044_AV.wav,1,0.9999992807072023
/Users/somesh/Desktop/onehearthealth/ast-heart-quality/data_processed/PhysioNet2022/training_data/85044_PV.wav,1,0.9999999999867704
/Users/somesh/Desktop/onehearthealth/ast-heart-quality/data_processed/PhysioNet2022/training_data/85075_AV.wav,1,0.999999995812969
/Users/somesh/Desktop/onehearthealth/ast-heart-quality/data_processed/PhysioNet2022/training_data/85075_MV.wav,1,0.9999999982614147
/Users/somesh/Desktop/onehearthealth/ast-heart-quality/data_processed/PhysioNet2022/training_data/85075_PV.wav,1,0.9999999781125405
/Users/somesh/Desktop/onehearthealth/ast-heart-quality/data_processed/PhysioNet2022/training_data/85075_TV.wav,1,0.9999997292979573
/Users/somesh/Desktop/onehearthealth/ast-heart-quality/data_processed/PhysioNet2022/training_data/85076_MV.wav,1,0.9999999792024449
/Users/somesh/Desktop/onehearthealth/ast-heart-quality/data_processed/PhysioNet2022/training_data/85076_PV.wav,1,0.9999999883803466
/Users/somesh/Desktop/onehearthealth/ast-heart-quality/data_processed/PhysioNet2022/training_data/85084_AV.wav,1,0.9999999935275193
/Users/somesh/Desktop/onehearthealth/ast-heart-quality/data_processed/PhysioNet2022/training_data/85084_PV.wav,1,0.9999999991681549
/Users/somesh/Desktop/onehearthealth/ast-heart-quality/data_processed/PhysioNet2022/training_data/85084_TV.wav,1,0.9999860092082133
/Users/somesh/Desktop/onehearthealth/ast-heart-quality/data_processed/PhysioNet2022/training_data/85114_AV.wav,1,0.999999999999767
/Users/somesh/Desktop/onehearthealth/ast-heart-quality/data_processed/PhysioNet2022/training_data/85114_MV.wav,1,0.99999999999793
/Users/somesh/Desktop/onehearthealth/ast-heart-quality/data_processed/PhysioNet2022/training_data/85114_PV.wav,1,0.9999999999440693
/Users/somesh/Desktop/onehearthealth/ast-heart-quality/data_processed/PhysioNet2022/training_data/85114_TV.wav,1,0.9999992614986148
/Users/somesh/Desktop/onehearthealth/ast-heart-quality/data_processed/PhysioNet2022/training_data/85123_AV.wav,1,0.9999999998080484
/Users/somesh/Desktop/onehearthealth/ast-heart-quality/data_processed/PhysioNet2022/training_data/85123_MV.wav,1,0.9999999936593523
/Users/somesh/Desktop/onehearthealth/ast-heart-quality/data_processed/PhysioNet2022/training_data/85123_PV.wav,1,0.9999999887761514
/Users/somesh/Desktop/onehearthealth/ast-heart-quality/data_processed/PhysioNet2022/training_data/85123_TV.wav,1,0.9999998719111121
/Users/somesh/Desktop/onehearthealth/ast-heart-quality/data_processed/PhysioNet2022/training_data/85124_AV.wav,1,0.9824144918639984
/Users/somesh/Desktop/onehearthealth/ast-heart-quality/data_processed/PhysioNet2022/training_data/85124_MV.wav,1,0.999999998994484
/Users/somesh/Desktop/onehearthealth/ast-heart-quality/data_processed/PhysioNet2022/training_data/85124_PV.wav,1,0.7827046295215853
/Users/somesh/Desktop/onehearthealth/ast-heart-quality/data_processed/PhysioNet2022/training_data/85124_TV.wav,1,0.9999960041217067
/Users/somesh/Desktop/onehearthealth/ast-heart-quality/data_processed/PhysioNet2022/training_data/85133_AV.wav,1,0.9999991550091201
/Users/somesh/Desktop/onehearthealth/ast-heart-quality/data_processed/PhysioNet2022/training_data/85133_MV.wav,1,0.9882438819152961
/Users/somesh/Desktop/onehearthealth/ast-heart-quality/data_processed/PhysioNet2022/training_data/85133_PV.wav,1,0.9999996782601533
/Users/somesh/Desktop/onehearthealth/ast-heart-quality/data_processed/PhysioNet2022/training_data/85133_TV.wav,1,0.9999997440032709
/Users/somesh/Desktop/onehearthealth/ast-heart-quality/data_processed/PhysioNet2022/training_data/85135_MV.wav,1,0.9999999998130469
/Users/somesh/Desktop/onehearthealth/ast-heart-quality/data_processed/PhysioNet2022/training_data/85135_PV.wav,1,0.9999999999957364
/Users/somesh/Desktop/onehearthealth/ast-heart-quality/data_processed/PhysioNet2022/training_data/85135_TV.wav,1,0.9999988945526112
/Users/somesh/Desktop/onehearthealth/ast-heart-quality/data_processed/PhysioNet2022/training_data/85140_AV.wav,1,0.9999999997472127
/Users/somesh/Desktop/onehearthealth/ast-heart-quality/data_processed/PhysioNet2022/training_data/85140_MV.wav,1,0.9999999000959466
/Users/somesh/Desktop/onehearthealth/ast-heart-quality/data_processed/PhysioNet2022/training_data/85140_PV.wav,1,0.9999999928229714
/Users/somesh/Desktop/onehearthealth/ast-heart-quality/data_processed/PhysioNet2022/training_data/85145_MV.wav,1,0.9999999999992817
/Users/somesh/Desktop/onehearthealth/ast-heart-quality/data_processed/PhysioNet2022/training_data/85148_AV.wav,1,0.999999341239216
/Users/somesh/Desktop/onehearthealth/ast-heart-quality/data_processed/PhysioNet2022/training_data/85148_MV.wav,1,0.9543404012061747
/Users/somesh/Desktop/onehearthealth/ast-heart-quality/data_processed/PhysioNet2022/training_data/85148_PV.wav,1,0.16464162687848385
/Users/somesh/Desktop/onehearthealth/ast-heart-quality/data_processed/PhysioNet2022/training_data/85148_TV.wav,1,0.9999983107173295
/Users/somesh/Desktop/onehearthealth/ast-heart-quality/data_processed/PhysioNet2022/training_data/85155_AV.wav,1,0.9936934624592553
/Users/somesh/Desktop/onehearthealth/ast-heart-quality/data_processed/PhysioNet2022/training_data/85166_AV.wav,1,0.9969576015157976
/Users/somesh/Desktop/onehearthealth/ast-heart-quality/data_processed/PhysioNet2022/training_data/85166_MV.wav,1,0.9999999756588561
/Users/somesh/Desktop/onehearthealth/ast-heart-quality/data_processed/PhysioNet2022/training_data/85166_PV.wav,1,0.9999959579435052
/Users/somesh/Desktop/onehearthealth/ast-heart-quality/data_processed/PhysioNet2022/training_data/85166_TV.wav,1,0.9999999999997474
/Users/somesh/Desktop/onehearthealth/ast-heart-quality/data_processed/PhysioNet2022/training_data/85180_AV.wav,1,0.9999998835283342
/Users/somesh/Desktop/onehearthealth/ast-heart-quality/data_processed/PhysioNet2022/training_data/85180_MV.wav,1,0.9999999999421872
/Users/somesh/Desktop/onehearthealth/ast-heart-quality/data_processed/PhysioNet2022/training_data/85180_PV.wav,1,0.9999999988731095
/Users/somesh/Desktop/onehearthealth/ast-heart-quality/data_processed/PhysioNet2022/training_data/85180_TV.wav,1,0.9999999995028349
/Users/somesh/Desktop/onehearthealth/ast-heart-quality/data_processed/PhysioNet2022/training_data/85181_AV.wav,1,0.999992573862083
/Users/somesh/Desktop/onehearthealth/ast-heart-quality/data_processed/PhysioNet2022/training_data/85181_PV.wav,1,0.2832203416200599
/Users/somesh/Desktop/onehearthealth/ast-heart-quality/data_processed/PhysioNet2022/training_data/85184_AV.wav,1,0.9999998317175944
/Users/somesh/Desktop/onehearthealth/ast-heart-quality/data_processed/PhysioNet2022/training_data/85184_MV.wav,1,0.9835918635864743
/Users/somesh/Desktop/onehearthealth/ast-heart-quality/data_processed/PhysioNet2022/training_data/85184_PV.wav,1,0.9999999999444958
/Users/somesh/Desktop/onehearthealth/ast-heart-quality/data_processed/PhysioNet2022/training_data/85184_TV.wav,1,0.40909089671332255
/Users/somesh/Desktop/onehearthealth/ast-heart-quality/data_processed/PhysioNet2022/training_data/85192_AV.wav,1,0.9999999775815885
/Users/somesh/Desktop/onehearthealth/ast-heart-quality/data_processed/PhysioNet2022/training_data/85192_MV.wav,1,0.9999999999953614
/Users/somesh/Desktop/onehearthealth/ast-heart-quality/data_processed/PhysioNet2022/training_data/85192_PV.wav,1,0.9999995851988335
/Users/somesh/Desktop/onehearthealth/ast-heart-quality/data_processed/PhysioNet2022/training_data/85192_TV.wav,1,0.9999999999172143
/Users/somesh/Desktop/onehearthealth/ast-heart-quality/data_processed/PhysioNet2022/training_data/85197_AV.wav,1,0.9999999999779315
/Users/somesh/Desktop/onehearthealth/ast-heart-quality/data_processed/PhysioNet2022/training_data/85197_MV.wav,1,0.9999999999998558
/Users/somesh/Desktop/onehearthealth/ast-heart-quality/data_processed/PhysioNet2022/training_data/85197_PV.wav,1,0.9999999999990308
/Users/somesh/Desktop/onehearthealth/ast-heart-quality/data_processed/PhysioNet2022/training_data/85197_TV.wav,1,0.9999999999996562
/Users/somesh/Desktop/onehearthealth/ast-heart-quality/data_processed/PhysioNet2022/training_data/85213_AV.wav,1,0.9999897594992566
/Users/somesh/Desktop/onehearthealth/ast-heart-quality/data_processed/PhysioNet2022/training_data/85213_MV.wav,1,0.9999999740715056
/Users/somesh/Desktop/onehearthealth/ast-heart-quality/data_processed/PhysioNet2022/training_data/85213_PV.wav,1,0.9999994248120355
/Users/somesh/Desktop/onehearthealth/ast-heart-quality/data_processed/PhysioNet2022/training_data/85213_TV.wav,1,0.9999999516712857
/Users/somesh/Desktop/onehearthealth/ast-heart-quality/data_processed/PhysioNet2022/training_data/85235_AV.wav,1,0.9999999985048177
/Users/somesh/Desktop/onehearthealth/ast-heart-quality/data_processed/PhysioNet2022/training_data/85235_MV.wav,1,0.9999999122778183
/Users/somesh/Desktop/onehearthealth/ast-heart-quality/data_processed/PhysioNet2022/training_data/85235_PV.wav,1,0.9999999998185787
/Users/somesh/Desktop/onehearthealth/ast-heart-quality/data_processed/PhysioNet2022/training_data/85235_TV.wav,1,0.9999999892830497
/Users/somesh/Desktop/onehearthealth/ast-heart-quality/data_processed/PhysioNet2022/training_data/85242_MV.wav,1,0.9999999995005194
/Users/somesh/Desktop/onehearthealth/ast-heart-quality/data_processed/PhysioNet2022/training_data/85243_AV.wav,1,0.9999987232343721
/Users/somesh/Desktop/onehearthealth/ast-heart-quality/data_processed/PhysioNet2022/training_data/85243_PV.wav,1,0.9999999967711919
/Users/somesh/Desktop/onehearthealth/ast-heart-quality/data_processed/PhysioNet2022/training_data/85245_AV.wav,1,0.9607791790047377
/Users/somesh/Desktop/onehearthealth/ast-heart-quality/data_processed/PhysioNet2022/training_data/85245_PV.wav,1,0.9999995301694703
/Users/somesh/Desktop/onehearthealth/ast-heart-quality/data_processed/PhysioNet2022/training_data/85245_TV.wav,1,0.999999364693134
/Users/somesh/Desktop/onehearthealth/ast-heart-quality/data_processed/PhysioNet2022/training_data/85249_AV.wav,1,0.9999999899808802
/Users/somesh/Desktop/onehearthealth/ast-heart-quality/data_processed/PhysioNet2022/training_data/85249_MV.wav,1,0.9999999999842957
/Users/somesh/Desktop/onehearthealth/ast-heart-quality/data_processed/PhysioNet2022/training_data/85249_PV.wav,1,0.9999999981514668
/Users/somesh/Desktop/onehearthealth/ast-heart-quality/data_processed/PhysioNet2022/training_data/85249_TV.wav,1,0.9999999999847177
/Users/somesh/Desktop/onehearthealth/ast-heart-quality/data_processed/PhysioNet2022/training_data/85261_AV.wav,1,0.9999984594307583
/Users/somesh/Desktop/onehearthealth/ast-heart-quality/data_processed/PhysioNet2022/training_data/85261_MV.wav,1,0.9999999999079336
/Users/somesh/Desktop/onehearthealth/ast-heart-quality/data_processed/PhysioNet2022/training_data/85261_PV.wav,1,0.9999996059334378
/Users/somesh/Desktop/onehearthealth/ast-heart-quality/data_processed/PhysioNet2022/training_data/85261_TV.wav,1,0.9999998874415913
/Users/somesh/Desktop/onehearthealth/ast-heart-quality/data_processed/PhysioNet2022/training_data/85262_AV.wav,1,0.9813392465506583
/Users/somesh/Desktop/onehearthealth/ast-heart-quality/data_processed/PhysioNet2022/training_data/85262_MV.wav,1,0.9999999999999265
/Users/somesh/Desktop/onehearthealth/ast-heart-quality/data_processed/PhysioNet2022/training_data/85262_PV.wav,1,0.999999999729256
/Users/somesh/Desktop/onehearthealth/ast-heart-quality/data_processed/PhysioNet2022/training_data/85262_TV.wav,1,0.9959261067351641
/Users/somesh/Desktop/onehearthealth/ast-heart-quality/data_processed/PhysioNet2022/training_data/85265_AV.wav,1,0.9999999028737798
/Users/somesh/Desktop/onehearthealth/ast-heart-quality/data_processed/PhysioNet2022/training_data/85265_MV.wav,1,0.9999999913705747
/Users/somesh/Desktop/onehearthealth/ast-heart-quality/data_processed/PhysioNet2022/training_data/85265_PV.wav,1,0.9673517235493521
/Users/somesh/Desktop/onehearthealth/ast-heart-quality/data_processed/PhysioNet2022/training_data/85265_TV.wav,1,0.999988915541354
/Users/somesh/Desktop/onehearthealth/ast-heart-quality/data_processed/PhysioNet2022/training_data/85287_MV.wav,1,0.9999994395099798
/Users/somesh/Desktop/onehearthealth/ast-heart-quality/data_processed/PhysioNet2022/training_data/85287_PV.wav,1,0.9999999791809775
/Users/somesh/Desktop/onehearthealth/ast-heart-quality/data_processed/PhysioNet2022/training_data/85287_TV.wav,1,0.9999999536163303
/Users/somesh/Desktop/onehearthealth/ast-heart-quality/data_processed/PhysioNet2022/training_data/85288_AV.wav,1,0.999999923916206
/Users/somesh/Desktop/onehearthealth/ast-heart-quality/data_processed/PhysioNet2022/training_data/85288_MV.wav,1,0.9999999999803685
/Users/somesh/Desktop/onehearthealth/ast-heart-quality/data_processed/PhysioNet2022/training_data/85288_PV.wav,1,0.9999886498460676
/Users/somesh/Desktop/onehearthealth/ast-heart-quality/data_processed/PhysioNet2022/training_data/85288_TV.wav,1,0.9999999996995959
/Users/somesh/Desktop/onehearthealth/ast-heart-quality/data_processed/PhysioNet2022/training_data/85321_PV.wav,1,0.9999999999931554
/Users/somesh/Desktop/onehearthealth/ast-heart-quality/data_processed/PhysioNet2022/training_data/85321_TV.wav,1,0.9999999997692931
/Users/somesh/Desktop/onehearthealth/ast-heart-quality/data_processed/PhysioNet2022/training_data/85331_AV.wav,1,0.9999999999991944
/Users/somesh/Desktop/onehearthealth/ast-heart-quality/data_processed/PhysioNet2022/training_data/85331_MV.wav,1,0.9999999999972975
/Users/somesh/Desktop/onehearthealth/ast-heart-quality/data_processed/PhysioNet2022/training_data/85331_PV.wav,1,0.9999999999927923
/Users/somesh/Desktop/onehearthealth/ast-heart-quality/data_processed/PhysioNet2022/training_data/85331_TV.wav,1,0.999999999995439
/Users/somesh/Desktop/onehearthealth/ast-heart-quality/data_processed/PhysioNet2022/training_data/85336_AV.wav,1,0.9999999996763957
/Users/somesh/Desktop/onehearthealth/ast-heart-quality/data_processed/PhysioNet2022/training_data/85336_MV.wav,1,0.9999999998299146
/Users/somesh/Desktop/onehearthealth/ast-heart-quality/data_processed/PhysioNet2022/training_data/85338_AV.wav,1,0.9999999996793308
/Users/somesh/Desktop/onehearthealth/ast-heart-quality/data_processed/PhysioNet2022/training_data/85338_MV.wav,1,0.9999999985653684
/Users/somesh/Desktop/onehearthealth/ast-heart-quality/data_processed/PhysioNet2022/training_data/85338_PV.wav,1,0.9912843229718353
/Users/somesh/Desktop/onehearthealth/ast-heart-quality/data_processed/PhysioNet2022/training_data/85338_TV.wav,1,0.9999999999034734
/Users/somesh/Desktop/onehearthealth/ast-heart-quality/data_processed/PhysioNet2022/training_data/85341_AV.wav,1,0.9684574329714013
/Users/somesh/Desktop/onehearthealth/ast-heart-quality/data_processed/PhysioNet2022/training_data/85341_MV.wav,1,0.999999963759583
/Users/somesh/Desktop/onehearthealth/ast-heart-quality/data_processed/PhysioNet2022/training_data/85341_PV.wav,1,0.9999999944676644
/Users/somesh/Desktop/onehearthealth/ast-heart-quality/data_processed/PhysioNet2022/training_data/85341_TV.wav,1,0.9999998202357632
/Users/somesh/Desktop/onehearthealth/ast-heart-quality/data_processed/PhysioNet2022/training_data/85343_AV.wav,1,0.873911995710089
/Users/somesh/Desktop/onehearthealth/ast-heart-quality/data_processed/PhysioNet2022/training_data/85343_MV.wav,1,0.9999999994360306
/Users/somesh/Desktop/onehearthealth/ast-heart-quality/data_processed/PhysioNet2022/training_data/85343_PV.wav,1,0.9999999993245743
/Users/somesh/Desktop/onehearthealth/ast-heart-quality/data_processed/PhysioNet2022/training_data/85343_TV.wav,1,0.999995974051731
noise,0,0.0009838796060471792
noise,0,2.5651581881937276e-05
noise,0,0.005208326879105374
noise,0,0.0013273209733783392
noise,0,0.0010588183178998328
noise,0,0.003573722012050922
noise,0,0.0007051797159221866
noise,0,0.00011130005163727603
noise,0,1.685794370658907e-05
noise,0,2.357702778852663e-05
noise,0,8.1288991308993e-06
noise,0,0.0006279444224788769
noise,0,0.000994048818587068
noise,0,0.0001003873338226668
noise,0,4.363079310144492e-06
noise,0,0.0021856510221427254
noise,0,0.001459178116817165
noise,0,0.00035785949865032945
noise,0,6.965896108389437e-07
noise,0,7.73432435200235e-05
noise,0,0.0007967707142803184
noise,0,4.4748119649623804e-07
noise,0,2.8224682221498518e-06
noise,0,4.8993785845876934e-05
noise,0,7.386878795740194e-05
noise,0,3.99799307850356e-06
noise,0,2.8510549145435286e-07
noise,0,8.941426244009513e-07
noise,0,0.0019204461882160338
noise,0,0.0003775545786958921
noise,0,3.6905705838186823e-06
noise,0,0.2860257428560298
noise,0,0.0015382815921754576
noise,0,1.3658603648043037e-05
noise,0,9.698427836533385e-06
noise,0,6.0265929727689604e-05
noise,0,0.0008225332964695136
noise,0,0.0003262492423346778
noise,0,0.0021192520476701025
noise,0,3.413369397348097e-05
noise,0,0.0009534483151884667
noise,0,0.0005048202347537845
noise,0,0.00030041691833524825
noise,0,1.6005230687773833e-06
noise,0,0.0001848842673142083
noise,0,1.7081102134386427e-06
noise,0,8.15892037866738e-05
noise,0,0.0008798768540143671
noise,0,0.000301345646126877
noise,0,4.679673599860039e-05
noise,0,0.003136447128911859
noise,0,8.36159678155397e-05
noise,0,0.04052939811908476
noise,0,1.0000000994736041e-07
noise,0,1.3119542985639412e-05
noise,0,3.495304377591706e-05
noise,0,9.210577548787098e-06
noise,0,3.5465263936480066e-06
noise,0,4.477028996207564e-05
noise,0,0.0003694763325583227
noise,0,0.0009426916998267179
noise,0,5.122328079520395e-05
noise,0,9.977953079592285e-05
noise,0,0.00114953267497516
noise,0,1.0474949602373163e-05
noise,0,0.0004002288228651178
noise,0,0.0010336013141367094
noise,0,3.2372714627807343e-06
noise,0,7.265885223832076e-06
noise,0,0.010789406298724387
noise,0,6.475012660799087e-05
noise,0,0.002223193209542713
noise,0,1.6643457196662642e-05
noise,0,0.004332409669544483
noise,0,0.0009653081082722228
noise,0,5.505920025436649e-05
noise,0,0.0012973858466308378
noise,0,1.7194635886236874e-06
noise,0,5.14396528076465e-07
noise,0,1.5610217085000835e-06
noise,0,3.048709708359909e-06
noise,0,0.00010221789661225665
noise,0,0.0007035575242609159
noise,0,1.3999516835442271e-05
noise,0,2.1796083572214496e-05
noise,0,0.0007114039371135327
noise,0,4.182239775067444e-06
noise,0,0.9999948641647347
noise,0,1.7192731156641162e-06
noise,0,0.3048299101803191
noise,0,3.430377127458055e-06
noise,0,1.832973167632215e-05
noise,0,0.002442199681144689
noise,0,0.00021478236701021056
noise,0,2.5820282390984796e-05
noise,0,6.19893748351242e-07
noise,0,1.0000000994736041e-07
noise,0,0.0003047054224340635
noise,0,0.00159038769575926
noise,0,0.0014782331417414474
noise,0,1.1807210335964517e-06
noise,0,0.0006488674872609641
noise,0,5.8360033222396734e-05
noise,0,0.0006407999433628687
noise,0,4.044197737916991e-06
noise,0,0.004069252405408058
noise,0,3.557282557631467e-06
noise,0,6.577002505024914e-05
noise,0,0.007655902695318035
noise,0,0.0025019865474026166
noise,0,0.008333513316301487
noise,0,0.11471823910513794
noise,0,0.0011651613982082841
noise,0,3.786315504388736e-05
noise,0,7.862702324178905e-06
noise,0,2.349882207530077e-05
noise,0,8.44361856910806e-06
noise,0,6.279666999625871e-07
noise,0,0.15038838048298755
noise,0,0.6773306388849305
noise,0,3.963156961631611e-06
noise,0,0.15402593216556543
noise,0,2.7058182417272654e-05
noise,0,0.000632546647513741
noise,0,1.5190072226576871e-06
noise,0,0.008669887796220074
noise,0,0.0007448790848323403
noise,0,0.0053818363022129275
noise,0,6.41099301473764e-05
noise,0,6.21091791281816e-07
noise,0,0.0019427441694468228
noise,0,1.579123150623072e-05
noise,0,2.9171735466154073e-07
noise,0,6.914895136064157e-05
noise,0,7.183220891149639e-06
noise,0,6.1979811298210395e-06
noise,0,7.40729260172412e-06
noise,0,0.09459503087456038
noise,0,3.817500326568302e-07
noise,0,1.0000000994736041e-07
noise,0,3.1543607500308396e-06
noise,0,0.00028240653618126656
noise,0,8.08305159015778e-07
noise,0,0.00019645713817376188
noise,0,5.895574898074687e-05
noise,0,0.0009516701610377267
noise,0,1.6348191304812627e-06
noise,0,0.0001315926622034675
noise,0,0.42877954223451215
noise,0,0.0018625543276863563
noise,0,0.0003466779764635513
noise,0,7.434525036839517e-06
noise,0,0.0019388444109038983
noise,0,0.023890349141937082
noise,0,5.868832569122822e-06
noise,0,2.9745070693759947e-06
noise,0,3.602820885965387e-05
noise,0,5.611661882052984e-05
noise,0,7.415404370410755e-07
noise,0,0.0008571165315409468
noise,0,5.473659277575663e-05
noise,0,0.04090283029908256
noise,0,0.0009183677893115116
noise,0,0.3043496553495155
noise,0,3.2461811855895505e-05
noise,0,4.76507282375246e-06
noise,0,4.419212829888291e-06
noise,0,0.0017295449934976637
noise,0,0.042823021690536006
noise,0,2.9194764493366035e-05
noise,0,0.0652383312146691
noise,0,1.182634402910178e-05
noise,0,8.178660291237186e-05
noise,0,0.47577358316992063
noise,0,9.411280707893766e-07
noise,0,0.0005083543578218931
noise,0,0.00031189879385592264
noise,0,0.0010114927518707969
noise,0,6.063620259239043e-05
noise,0,0.000850084967846038
noise,0,0.9638518697971611
noise,0,0.0065874918777733904
noise,0,3.835848174367075e-06
noise,0,4.966659945385988e-07
noise,0,0.02804618892379331
noise,0,9.081008973367868e-07
noise,0,7.127536950558981e-06
noise,0,0.00042475967912727284
noise,0,1.7360378023867155e-06
noise,0,1.531632240122694e-06
noise,0,0.06988164877152203
noise,0,0.00035784227110829703
noise,0,2.349882207530077e-05
noise,0,0.002387398341653678
noise,0,0.003792025980419918
noise,0,4.702928761475143e-06
noise,0,0.003992634707252329
noise,0,2.952574618268793e-05
noise,0,1.0000000994736041e-07
noise,0,2.4557993411246713e-06
noise,0,1.7791454378313391e-06
noise,0,0.02752072598418427
noise,0,1.0747388463428818e-06
noise,0,5.17377264336705e-06
noise,0,0.0007092263065236193
noise,0,0.0011316482638674193
noise,0,0.0004848964542745241
noise,0,0.09733595492249587
noise,0,1.274047930084033e-06
noise,0,6.22171987891345e-07
noise,0,4.2392877423465214e-05
noise,0,8.748037063640577e-07
noise,0,3.4340781531829295e-07
noise,0,2.1384186506386358e-05
noise,0,0.0004204045421295873
noise,0,0.0003453297681952746
noise,0,1.0000000994736041e-07
noise,0,0.0032909230456172707
noise,0,0.9999939050460196
noise,0,0.0039591950036468
noise,0,7.88119503327247e-05
noise,0,0.00022034955530793698
noise,0,3.1743123003624932e-06
noise,0,0.0006778173517997567
noise,0,0.0009589992069726374
noise,0,0.04488927032513333
noise,0,0.0008617990628073499
noise,0,1.7739650337491005e-06
noise,0,0.001971834530199791
noise,0,8.06389439604199e-06
noise,0,0.009020541256510743
noise,0,1.4825634344095155e-05
noise,0,0.00719445685412595
noise,0,5.387137826803117e-06
noise,0,0.003070781375318993
noise,0,1.2963114445661587e-05
noise,0,1.5104844059881684e-05
noise,0,0.3857264329908746
noise,0,5.875244020335149e-07
noise,0,5.151961399502575e-06
noise,0,8.467553420883804e-05
noise,0,3.924414560205937e-07
noise,0,0.941082511913361
noise,0,0.0009439324286721242
noise,0,0.006146862623701415
noise,0,2.243503305508991e-06
noise,0,7.427011271037573e-06
noise,0,4.737755505778684e-06
noise,0,1.97627694852444e-07
noise,0,1.36048430983407e-05
noise,0,0.4161780586624178
noise,0,9.69581106458769e-07
noise,0,7.1483687520099875e-06
noise,0,3.10399777195182e-07
noise,0,3.113019836817759e-05
noise,0,8.885345974640117e-07
noise,0,2.5955591921860073e-05
noise,0,0.0003946325742565448
noise,0,0.0003549703433454356
noise,0,0.0004114914443685093
noise,0,8.597046206436029e-06
noise,0,2.768871927617847e-06
noise,0,3.0133004027965435e-05
noise,0,6.77871644137017e-07
noise,0,0.0035340295285827598
noise,0,0.0001190330212410652
noise,0,2.546447277411054e-06
noise,0,7.112945534884417e-07
noise,0,1.3513626886001238e-06
noise,0,1.1417800685210004e-06
noise,0,5.75221207414393e-05
noise,0,0.0003430687369096893
noise,0,0.000276733396863707
noise,0,0.0018937757260782345
noise,0,1.5903407964637468e-05
noise,0,0.0022575449503748992
noise,0,3.391634783723514e-05
noise,0,1.7434937557396332e-05
noise,0,0.007176297468975342
noise,0,2.4653494528856507e-05
noise,0,0.00017107595931266142
noise,0,0.0001049363681535404
noise,0,0.00037214583645442406
noise,0,4.967317200690136e-05
noise,0,4.935822948060154e-05
noise,0,0.00015683075095430525
noise,0,6.0304068022807e-07
noise,0,2.723514007770364e-06
noise,0,0.0019985525813805867
noise,0,5.1013583157608495e-06
noise,0,7.549151156214444e-06
noise,0,0.00012946840233258632
noise,0,7.378588961847819e-07
noise,0,0.031143475139756852
noise,0,1.2262565148129445e-05
noise,0,3.455624763872987e-06
noise,0,9.327315346876978e-07
noise,0,9.556242859055564e-05
noise,0,0.027795439679902608
noise,0,8.993892909427918e-06
noise,0,0.010437997246312721
noise,0,0.0015531017710023937
noise,0,4.018090308607782e-06
noise,0,1.6880640353733053e-05
noise,0,0.00047627115568285697
noise,0,0.8726817482329386
noise,0,5.0003709035117784e-05
noise,0,7.671713148522247e-06
noise,0,2.4733001151629802e-05
noise,0,0.005115428006095336
noise,0,3.294766817220512e-06
noise,0,2.6304919233079224e-06
noise,0,8.924112948922965e-07
noise,0,6.574374196308367e-06
noise,0,0.006721475807783991
noise,0,0.00010598009539574775
noise,0,5.202930703224604e-05
noise,0,1.0509506559277606e-07
noise,0,1.529589946198554e-06
noise,0,0.0003217191924154567
noise,0,4.4330073863891814e-05
noise,0,0.015478330327258894
noise,0,3.829696662654057e-06
noise,0,0.0003953342396917796
noise,0,1.0919254893853914e-06
noise,0,5.903747906119289e-05
noise,0,0.04583786921476922
noise,0,5.381911678453073e-07
noise,0,0.0012404678053101075
noise,0,0.35740350159314704
noise,0,0.00021096401168602181
noise,0,0.0001642691418711831
noise,0,5.467333945295303e-05
noise,0,0.0006675600864248349
noise,0,3.2347287860204806e-06
noise,0,2.574591848089151e-05
noise,0,7.317837706475997e-06
noise,0,0.0005844776282331781
noise,0,1.4199203275304509e-06
noise,0,1.3816021404680193e-05
noise,0,0.00025407389383618536
noise,0,3.3139219144750167e-05
noise,0,2.877350524358517e-06
noise,0,7.585691230674971e-07
noise,0,0.00011731918479751916
noise,0,7.203490377350062e-07
noise,0,0.0018675350712191892
noise,0,3.5183599990637426e-05
noise,0,0.002088026567275784
noise,0,4.816806801049525e-06
noise,0,7.868439612692318e-07
noise,0,2.772100491779021e-05
noise,0,0.0006170153827264216
noise,0,0.08215380624363393
noise,0,0.003887738472571645
noise,0,0.0004956418813404173
noise,0,6.42081974089772e-05
noise,0,5.833327802366369e-05
noise,0,0.0053301262212068655
noise,0,1.9644112267485993e-06
noise,0,9.202977146705198e-05
noise,0,0.328673326513563
noise,0,6.738019327988648e-05
noise,0,2.987579491186858e-06
noise,0,0.0001613064048806152
noise,0,1.0000000994736041e-07
noise,0,0.0009660939516494575
noise,0,0.0005455964836087076
noise,0,2.6224760981839112e-05
noise,0,2.533661861794165e-06
noise,0,1.9785286169352436e-06
noise,0,4.409380077733776e-06
noise,0,0.0008173323083968093
noise,0,8.953083400388563e-06
noise,0,1.0171263252789035e-05
noise,0,3.322344732243245e-06
noise,0,5.8302106262095604e-05
noise,0,5.001055774425951e-06
noise,0,0.0001673540619050889
noise,0,0.4615012513032648
noise,0,4.6854841409360496e-05
noise,0,1.4765092191678762e-05
noise,0,0.0005035917807071066
noise,0,2.3700891115948659e-07
noise,0,0.026916311974341422
noise,0,0.0008976645683298731
noise,0,1.994270847940475e-05
noise,0,1.3930051896651895e-05
noise,0,3.715894551725496e-07
noise,0,0.0007333459823618923
noise,0,0.05633337418940337
noise,0,0.0013064042220186868
noise,0,2.459399428348111e-07
noise,0,0.012348809326183385
noise,0,3.0657331856016917e-06
noise,0,0.005043952679861198
noise,0,0.0002298992755073017
noise,0,6.548347127120618e-06
noise,0,9.840743763802261e-07
noise,0,0.002216152918017987
noise,0,0.0005060477825842188
noise,0,4.280251220635368e-06
noise,0,0.0001075027486131403
noise,0,0.0003547324184980522
noise,0,5.889023417515093e-07
noise,0,0.9819740604852253
noise,0,3.0585251570275338e-06
noise,0,0.00436963882629291
noise,0,7.548072366715821e-05
noise,0,9.919935197157912e-07
noise,0,2.257107836684059e-05
noise,0,0.08483943494326092
noise,0,5.895670696487198e-05
noise,0,0.0011323677117360167
noise,0,0.005821455925860735
noise,0,0.0015378841112109517
noise,0,0.00021966897918851566
noise,0,2.375838900881731e-06
noise,0,1.648837021950491e-06
noise,0,1.0326880363994131e-05
noise,0,2.91170353503933e-05
noise,0,1.0956050087428898e-05
noise,0,0.0004422016110999752
noise,0,0.8778731599507064
noise,0,0.0007888274221814497
noise,0,0.0003412273574160381
noise,0,0.00018518377736661195
noise,0,9.974983858867792e-05
noise,0,0.006952631635128004
noise,0,2.2229900010848125e-07
noise,0,0.0003366160147703001
noise,0,0.001657577202734726
noise,0,8.759352378910787e-06
noise,0,0.0007333561468903587
noise,0,2.044020793437741e-05
noise,0,1.0908046093682029e-05
noise,0,9.866097050083485e-06
noise,0,0.005108901702580022
noise,0,4.543250280633093e-07
noise,0,0.9303864983134303
noise,0,0.00042452016540438144
noise,0,0.004160177820698376
noise,0,8.59163146353135e-06
noise,0,0.0036206977731573485
noise,0,0.00014547238856392946
noise,0,3.2551778059790033e-06
noise,0,0.006144060724072517
noise,0,0.1826405583923204
noise,0,0.0020157458059075787
noise,0,6.475568650158558e-07
noise,0,1.9753737298002415e-05
noise,0,0.005731868922346409
noise,0,0.0018442395590594412
noise,0,0.00040416275738366507
noise,0,0.00012955897441004326
noise,0,0.0005759622205991653
noise,0,4.6193089099715124e-05
noise,0,0.00027955794785507437
noise,0,4.868824344652415e-05
noise,0,0.0004250574857136624
noise,0,0.0004560098288461828
noise,0,0.001329333879956352
noise,0,1.1423210014618112e-05
noise,0,0.0004202831987242982
noise,0,1.5193958730494838e-05
noise,0,0.009859711488733155
noise,0,0.026386287278352714
noise,0,0.005650938868408414
noise,0,5.295108959018146e-06
noise,0,0.001820521180034482
noise,0,0.05513218723614967
noise,0,0.004685328556654498
noise,0,8.308043991329882e-05
noise,0,0.005996201650153433
noise,0,2.102199020135271e-06
noise,0,0.00020387365302900276
noise,0,3.6671043115481896e-06
noise,0,0.001434490862749644
noise,0,2.681460228391212e-06
noise,0,2.2841980143976742e-06
noise,0,2.983562119348892e-07
noise,0,2.8785581595007695e-05
noise,0,0.00019273260334642172
noise,0,0.006462727735091704
noise,0,2.2462609133572982e-07
noise,0,0.0002131526213365422
noise,0,0.00042452016540438144
noise,0,0.005559768362787096
noise,0,1.4337715359355554e-06
noise,0,4.7247839104745967e-07
noise,0,6.279666999625871e-07
noise,0,0.9659072983438243
noise,0,0.000430040901047461
noise,0,0.00012366572555957007
noise,0,0.014216792975548382
noise,0,0.0017121492657292668
noise,0,3.3234850159635254e-07
noise,0,3.852637601682234e-05
noise,0,2.6040067262751936e-05
noise,0,0.0004030573166574634
noise,0,0.0008852835491359378
noise,0,3.1260592488946205e-06
noise,0,0.0004381993630668159
noise,0,0.0014263217341946093
noise,0,0.0005833802776877687
noise,0,0.0020243299967837238
noise,0,1.4262522069763988e-05
noise,0,2.100280422036353e-05
noise,0,7.117840232572527e-05
noise,0,1.2826951512125461e-05
noise,0,4.0826569284437674e-07
noise,0,6.878705493964395e-07
noise,0,3.335007034550186e-05
noise,0,1.3186414394031932e-05
noise,0,1.0116235511037299e-05
noise,0,2.2620434213342797e-07
noise,0,2.269292414671046e-05
noise,0,6.687443192736798e-07
noise,0,8.291288275963228e-07
noise,0,4.5580713341023165e-06
noise,0,0.006747141844099459
noise,0,4.173816057041849e-05
noise,0,4.6888006701870993e-07
noise,0,5.09416248409535e-05
noise,0,0.00024332794479327573
noise,0,1.365081774319623e-06
noise,0,4.49419241026395e-06
noise,0,1.0000000994736041e-07
noise,0,0.00013633643781166442
noise,0,0.005226637413272046
noise,0,1.8693992182233632e-05
noise,0,0.5233979523922481
noise,0,0.017626008838165647
noise,0,0.0008134417449324275
noise,0,6.277148738607525e-05
noise,0,0.005793851676129225
noise,0,0.0021712050431892836
noise,0,0.00010427626806714331
noise,0,0.027546665283013444
noise,0,0.003288139281368313
noise,0,0.00010179997926968117
noise,0,1.791599616477875e-05
noise,0,0.002004195011938226
noise,0,4.54288872507438e-07
noise,0,6.775532693694849e-05
noise,0,0.995103156004517
noise,0,5.046862528980833e-06
noise,0,5.8459524739575575e-06
noise,0,8.526778773621177e-05
noise,0,0.03092203539777339
noise,0,4.255302648027743e-05
noise,0,5.408364018448113e-07
noise,0,7.853482584653353e-07
noise,0,0.005821455925860735
noise,0,1.0142838026218934e-05
noise,0,0.0005338792911257565
noise,0,0.010823291477769396
noise,0,1.1047719914896561e-06
noise,0,4.250640481642897e-06
noise,0,0.0001699531034993014
noise,0,1.9693903310351577e-06
noise,0,2.7129677886491095e-05
noise,0,5.737046961488183e-07
noise,0,0.0014813890537993587
noise,0,6.288558029790934e-05
noise,0,0.0021803466548124795
noise,0,0.00032286862021643114
noise,0,0.006713395920048203
noise,0,1.4961390385186794e-05
noise,0,3.870330881310149e-05
noise,0,1.0000000994736041e-07
noise,0,1.16544972365086e-05
noise,0,0.0003043657634808673
noise,0,0.00012778407644934713
noise,0,6.877267822029434e-06
noise,0,1.3559881114330612e-05
noise,0,1.0642173735715416e-06
noise,0,1.9928503613138954e-06
noise,0,6.575804320578958e-05
noise,0,0.00035812338802247587
noise,0,1.8163348894757098e-05
noise,0,0.008472108331049805
noise,0,0.0029271110243038467
noise,0,0.0006415773381518745
noise,0,0.0008943512674038433
noise,0,4.002768626513448e-05
noise,0,3.4960140690943097e-06
noise,0,0.0002805320756561766
noise,0,3.279476547789873e-07
noise,0,0.004269998756755052
noise,0,0.002494771550467547
noise,0,0.000929207022143832
noise,0,0.009451681503606073
noise,0,8.158676886906026e-05
noise,0,0.0005676438353826036
noise,0,0.027546665283013444
noise,0,1.0000000994736041e-07
noise,0,1.6836368736780548e-06
noise,0,0.0009863552285604897
noise,0,0.0002047513448807866
noise,0,0.0004214750790095104
noise,0,7.034682372202116e-05
noise,0,0.0007859446118879988
noise,0,3.0625709918121323e-06
noise,0,2.850766486388744e-05
noise,0,0.4480456485249725
noise,0,0.0051341965422910816
noise,0,8.333051510863822e-06
noise,0,2.9675348948012666e-05
noise,0,0.0008766679749316619
noise,0,0.16805167937762358
noise,0,4.321990826899716e-07
noise,0,1.570404404040555e-05
noise,0,5.5439789035532065e-06
noise,0,7.922866643013594e-05
noise,0,1.1690129665303991e-07
noise,0,1.9707491730473468e-05
noise,0,1.6868167621432791e-07
noise,0,5.741834323050634e-07
noise,0,0.00010294456192386274
noise,0,0.004398555861993207
noise,0,2.03836539366065e-05
noise,0,8.09070965489361e-06
noise,0,1.2815455527827088e-06
noise,0,2.727426084434467e-05
noise,0,4.442540413300304e-06
noise,0,0.0013643325485009435
noise,0,1.686159145737737e-07
noise,0,1.8225620269135376e-05
noise,0,0.0010113174873269235
