filename,y_true,probs
/tmp/backbone_swap_panns_a6jkby7y/data/PhysioNet2022/training_data/13918_AV.wav,1.0,0.9999131
/tmp/backbone_swap_panns_a6jkby7y/data/PhysioNet2022/training_data/13918_MV.wav,1.0,0.99966526
/tmp/backbone_swap_panns_a6jkby7y/data/PhysioNet2022/training_data/13918_PV.wav,1.0,0.99942124
/tmp/backbone_swap_panns_a6jkby7y/data/PhysioNet2022/training_data/13918_TV.wav,1.0,0.99998164
/tmp/backbone_swap_panns_a6jkby7y/data/PhysioNet2022/training_data/14998_AV.wav,1.0,0.9999398
/tmp/backbone_swap_panns_a6jkby7y/data/PhysioNet2022/training_data/14998_MV.wav,1.0,0.99994445
/tmp/backbone_swap_panns_a6jkby7y/data/PhysioNet2022/training_data/14998_PV.wav,1.0,0.9999484
/tmp/backbone_swap_panns_a6jkby7y/data/PhysioNet2022/training_data/14998_TV.wav,1.0,0.9999815
/tmp/backbone_swap_panns_a6jkby7y/data/PhysioNet2022/training_data/2530_AV.wav,1.0,0.9999312
/tmp/backbone_swap_panns_a6jkby7y/data/PhysioNet2022/training_data/2530_MV.wav,1.0,0.9999454
/tmp/backbone_swap_panns_a6jkby7y/data/PhysioNet2022/training_data/2530_PV.wav,1.0,0.9999887
/tmp/backbone_swap_panns_a6jkby7y/data/PhysioNet2022/training_data/2530_TV.wav,1.0,0.99998546
/tmp/backbone_swap_panns_a6jkby7y/data/PhysioNet2022/training_data/29378_AV.wav,1.0,0.9987866
/tmp/backbone_swap_panns_a6jkby7y/data/PhysioNet2022/training_data/29378_MV.wav,1.0,0.99469936
/tmp/backbone_swap_panns_a6jkby7y/data/PhysioNet2022/training_data/36327_AV.wav,1.0,0.9999039
/tmp/backbone_swap_panns_a6jkby7y/data/PhysioNet2022/training_data/36327_MV.wav,1.0,0.9998462
/tmp/backbone_swap_panns_a6jkby7y/data/PhysioNet2022/training_data/36327_PV.wav,1.0,0.99956876
/tmp/backbone_swap_panns_a6jkby7y/data/PhysioNet2022/training_data/36327_TV.wav,1.0,0.99951935
/tmp/backbone_swap_panns_a6jkby7y/data/PhysioNet2022/training_data/46579_AV.wav,1.0,0.9956735
/tmp/backbone_swap_panns_a6jkby7y/data/PhysioNet2022/training_data/46579_MV.wav,1.0,0.9996438
/tmp/backbone_swap_panns_a6jkby7y/data/PhysioNet2022/training_data/46579_PV.wav,1.0,0.9935747
/tmp/backbone_swap_panns_a6jkby7y/data/PhysioNet2022/training_data/46579_TV.wav,1.0,0.9998759
/tmp/backbone_swap_panns_a6jkby7y/data/PhysioNet2022/training_data/47002_AV.wav,1.0,0.99982893
/tmp/backbone_swap_panns_a6jkby7y/data/PhysioNet2022/training_data/47002_MV.wav,1.0,0.9995641
/tmp/backbone_swap_panns_a6jkby7y/data/PhysioNet2022/training_data/49568_AV.wav,1.0,0.99785787
/tmp/backbone_swap_panns_a6jkby7y/data/PhysioNet2022/training_data/49568_MV.wav,1.0,0.9998714
/tmp/backbone_swap_panns_a6jkby7y/data/PhysioNet2022/training_data/49568_PV.wav,1.0,0.999699
/tmp/backbone_swap_panns_a6jkby7y/data/PhysioNet2022/training_data/49568_TV.wav,1.0,0.99996877
/tmp/backbone_swap_panns_a6jkby7y/data/PhysioNet2022/training_data/49572_MV.wav,1.0,0.99999785
/tmp/backbone_swap_panns_a6jkby7y/data/PhysioNet2022/training_data/49572_PV.wav,1.0,0.9999945
/tmp/backbone_swap_panns_a6jkby7y/data/PhysioNet2022/training_data/49572_TV.wav,1.0,0.99996364
/tmp/backbone_swap_panns_a6jkby7y/data/PhysioNet2022/training_data/49574_AV.wav,1.0,0.99999535
/tmp/backbone_swap_panns_a6jkby7y/data/PhysioNet2022/training_data/49574_MV.wav,1.0,0.99986935
/tmp/backbone_swap_panns_a6jkby7y/data/PhysioNet2022/training_data/49574_PV.wav,1.0,0.9999938
/tmp/backbone_swap_panns_a6jkby7y/data/PhysioNet2022/training_data/49574_TV.wav,1.0,0.9995436
/tmp/backbone_swap_panns_a6jkby7y/data/PhysioNet2022/training_data/49585_AV.wav,1.0,0.99995077
/tmp/backbone_swap_panns_a6jkby7y/data/PhysioNet2022/training_data/49585_MV.wav,1.0,0.9998282
/tmp/backbone_swap_panns_a6jkby7y/data/PhysioNet2022/training_data/49585_PV.wav,1.0,0.9999796
/tmp/backbone_swap_panns_a6jkby7y/data/PhysioNet2022/training_data/49585_TV.wav,1.0,0.999977
/tmp/backbone_swap_panns_a6jkby7y/data/PhysioNet2022/training_data/49622_AV.wav,1.0,0.9998306
/tmp/backbone_swap_panns_a6jkby7y/data/PhysioNet2022/training_data/49622_MV.wav,1.0,0.9999957
/tmp/backbone_swap_panns_a6jkby7y/data/PhysioNet2022/training_data/49638_AV.wav,1.0,0.99956936
/tmp/backbone_swap_panns_a6jkby7y/data/PhysioNet2022/training_data/49638_MV.wav,1.0,0.99967456
/tmp/backbone_swap_panns_a6jkby7y/data/PhysioNet2022/training_data/49638_PV.wav,1.0,0.99991393
/tmp/backbone_swap_panns_a6jkby7y/data/PhysioNet2022/training_data/49669_MV.wav,1.0,0.9999504
/tmp/backbone_swap_panns_a6jkby7y/data/PhysioNet2022/training_data/49669_PV.wav,1.0,0.99936134
/tmp/backbone_swap_panns_a6jkby7y/data/PhysioNet2022/training_data/49704_AV.wav,1.0,0.9996878
/tmp/backbone_swap_panns_a6jkby7y/data/PhysioNet2022/training_data/49704_MV.wav,1.0,0.99977654
/tmp/backbone_swap_panns_a6jkby7y/data/PhysioNet2022/training_data/49712_AV.wav,1.0,0.9989266
/tmp/backbone_swap_panns_a6jkby7y/data/PhysioNet2022/training_data/49712_MV.wav,1.0,0.9992889
/tmp/backbone_swap_panns_a6jkby7y/data/PhysioNet2022/training_data/49712_PV.wav,1.0,0.99483263
/tmp/backbone_swap_panns_a6jkby7y/data/PhysioNet2022/training_data/49712_TV.wav,1.0,0.9995227
/tmp/backbone_swap_panns_a6jkby7y/data/PhysioNet2022/training_data/49745_AV.wav,1.0,0.99937457
/tmp/backbone_swap_panns_a6jkby7y/data/PhysioNet2022/training_data/49745_MV.wav,1.0,0.998895
/tmp/backbone_swap_panns_a6jkby7y/data/PhysioNet2022/training_data/49745_PV.wav,1.0,0.9996853
/tmp/backbone_swap_panns_a6jkby7y/data/PhysioNet2022/training_data/49745_TV.wav,1.0,0.99992
/tmp/backbone_swap_panns_a6jkby7y/data/PhysioNet2022/training_data/49748_AV_1.wav,1.0,0.9982993
/tmp/backbone_swap_panns_a6jkby7y/data/PhysioNet2022/training_data/49748_AV_2.wav,1.0,0.9994814
/tmp/backbone_swap_panns_a6jkby7y/data/PhysioNet2022/training_data/49748_MV.wav,1.0,0.9997545
/tmp/backbone_swap_panns_a6jkby7y/data/PhysioNet2022/training_data/49748_PV_1.wav,1.0,0.99976975
/tmp/backbone_swap_panns_a6jkby7y/data/PhysioNet2022/training_data/49748_PV_2.wav,1.0,0.9986112
/tmp/backbone_swap_panns_a6jkby7y/data/PhysioNet2022/training_data/49748_TV.wav,1.0,0.98434794
/tmp/backbone_swap_panns_a6jkby7y/data/PhysioNet2022/training_data/49761_AV.wav,1.0,0.9993918
/tmp/backbone_swap_panns_a6jkby7y/data/PhysioNet2022/training_data/49761_MV.wav,1.0,0.999159
/tmp/backbone_swap_panns_a6jkby7y/data/PhysioNet2022/training_data/49808_MV.wav,1.0,0.9999143
/tmp/backbone_swap_panns_a6jkby7y/data/PhysioNet2022/training_data/49808_PV.wav,1.0,0.9999633
/tmp/backbone_swap_panns_a6jkby7y/data/PhysioNet2022/training_data/49808_TV.wav,1.0,0.99950683
/tmp/backbone_swap_panns_a6jkby7y/data/PhysioNet2022/training_data/49821_AV.wav,1.0,0.99950564
/tmp/backbone_swap_panns_a6jkby7y/data/PhysioNet2022/training_data/49821_MV.wav,1.0,0.9999714
/tmp/backbone_swap_panns_a6jkby7y/data/PhysioNet2022/training_data/49821_PV.wav,1.0,0.9990109
/tmp/backbone_swap_panns_a6jkby7y/data/PhysioNet2022/training_data/49821_TV.wav,1.0,0.9999924
/tmp/backbone_swap_panns_a6jkby7y/data/PhysioNet2022/training_data/49823_MV.wav,1.0,0.9999616
/tmp/backbone_swap_panns_a6jkby7y/data/PhysioNet2022/training_data/49823_PV.wav,1.0,0.99999464
/tmp/backbone_swap_panns_a6jkby7y/data/PhysioNet2022/training_data/49823_TV.wav,1.0,0.99937254
/tmp/backbone_swap_panns_a6jkby7y/data/PhysioNet2022/training_data/49829_AV.wav,1.0,0.9987373
/tmp/backbone_swap_panns_a6jkby7y/data/PhysioNet2022/training_data/49829_MV.wav,1.0,0.99978465
/tmp/backbone_swap_panns_a6jkby7y/data/PhysioNet2022/training_data/49829_PV.wav,1.0,0.99955183
/tmp/backbone_swap_panns_a6jkby7y/data/PhysioNet2022/training_data/49829_TV.wav,1.0,0.9996556
/tmp/backbone_swap_panns_a6jkby7y/data/PhysioNet2022/training_data/49832_AV.wav,1.0,0.99983907
/tmp/backbone_swap_panns_a6jkby7y/data/PhysioNet2022/training_data/49832_MV.wav,1.0,0.9997979
/tmp/backbone_swap_panns_a6jkby7y/data/PhysioNet2022/training_data/49839_AV.wav,1.0,0.9999807
/tmp/backbone_swap_panns_a6jkby7y/data/PhysioNet2022/training_data/49839_MV.wav,1.0,0.99999475
/tmp/backbone_swap_panns_a6jkby7y/data/PhysioNet2022/training_data/49839_PV.wav,1.0,0.99989486
/tmp/backbone_swap_panns_a6jkby7y/data/PhysioNet2022/training_data/49839_TV.wav,1.0,0.99995077
/tmp/backbone_swap_panns_a6jkby7y/data/PhysioNet2022/training_data/49854_AV.wav,1.0,0.99974865
/tmp/backbone_swap_panns_a6jkby7y/data/PhysioNet2022/training_data/49854_MV.wav,1.0,0.9999796
/tmp/backbone_swap_panns_a6jkby7y/data/PhysioNet2022/training_data/49854_PV.wav,1.0,0.9999448
/tmp/backbone_swap_panns_a6jkby7y/data/PhysioNet2022/training_data/49854_TV.wav,1.0,0.99986017
/tmp/backbone_swap_panns_a6jkby7y/data/PhysioNet2022/training_data/49873_AV.wav,1.0,0.9997309
/tmp/backbone_swap_panns_a6jkby7y/data/PhysioNet2022/training_data/49873_MV.wav,1.0,0.9995283
/tmp/backbone_swap_panns_a6jkby7y/data/PhysioNet2022/training_data/49876_AV.wav,1.0,0.9999796
/tmp/backbone_swap_panns_a6jkby7y/data/PhysioNet2022/training_data/49876_MV.wav,1.0,0.9999932
/tmp/backbone_swap_panns_a6jkby7y/data/PhysioNet2022/training_data/49876_PV.wav,1.0,0.99999094
/tmp/backbone_swap_panns_a6jkby7y/data/PhysioNet2022/training_data/49876_TV.wav,1.0,0.9999933
/tmp/backbone_swap_panns_a6jkby7y/data/PhysioNet2022/training_data/49896_AV.wav,1.0,0.9993537
/tmp/backbone_swap_panns_a6jkby7y/data/PhysioNet2022/training_data/49896_MV.wav,1.0,0.99978524
/tmp/backbone_swap_panns_a6jkby7y/data/PhysioNet2022/training_data/49896_PV.wav,1.0,0.99995446
/tmp/backbone_swap_panns_a6jkby7y/data/PhysioNet2022/training_data/49896_TV.wav,1.0,0.9999566
/tmp/backbone_swap_panns_a6jkby7y/data/PhysioNet2022/training_data/49900_AV.wav,1.0,0.9991553
/tmp/backbone_swap_panns_a6jkby7y/data/PhysioNet2022/training_data/49900_MV.wav,1.0,0.99992025
/tmp/backbone_swap_panns_a6jkby7y/data/PhysioNet2022/training_data/49930_AV.wav,1.0,0.9989599
/tmp/backbone_swap_panns_a6jkby7y/data/PhysioNet2022/training_data/49930_MV.wav,1.0,0.99744165
/tmp/backbone_swap_panns_a6jkby7y/data/PhysioNet2022/training_data/49930_PV.wav,1.0,0.9995839
/tmp/backbone_swap_panns_a6jkby7y/data/PhysioNet2022/training_data/49930_TV.wav,1.0,0.99942756
/tmp/backbone_swap_panns_a6jkby7y/data/PhysioNet2022/training_data/49946_MV.wav,1.0,0.9997813
/tmp/backbone_swap_panns_a6jkby7y/data/PhysioNet2022/training_data/49946_PV.wav,1.0,0.9999614
/tmp/backbone_swap_panns_a6jkby7y/data/PhysioNet2022/training_data/49946_TV.wav,1.0,0.99977714
/tmp/backbone_swap_panns_a6jkby7y/data/PhysioNet2022/training_data/49959_AV.wav,1.0,0.9994844
/tmp/backbone_swap_panns_a6jkby7y/data/PhysioNet2022/training_data/49959_MV.wav,1.0,0.99999285
/tmp/backbone_swap_panns_a6jkby7y/data/PhysioNet2022/training_data/49968_MV.wav,1.0,0.9987883
/tmp/backbone_swap_panns_a6jkby7y/data/PhysioNet2022/training_data/49968_PV.wav,1.0,0.99394673
/tmp/backbone_swap_panns_a6jkby7y/data/PhysioNet2022/training_data/49968_TV.wav,1.0,0.99961567
/tmp/backbone_swap_panns_a6jkby7y/data/PhysioNet2022/training_data/49980_AV.wav,1.0,0.9979614
/tmp/backbone_swap_panns_a6jkby7y/data/PhysioNet2022/training_data/49980_MV.wav,1.0,0.9999474
/tmp/backbone_swap_panns_a6jkby7y/data/PhysioNet2022/training_data/49980_PV.wav,1.0,0.9999825
/tmp/backbone_swap_panns_a6jkby7y/data/PhysioNet2022/training_data/49980_TV.wav,1.0,0.9999416
/tmp/backbone_swap_panns_a6jkby7y/data/PhysioNet2022/training_data/49983_AV.wav,1.0,0.9998394
/tmp/backbone_swap_panns_a6jkby7y/data/PhysioNet2022/training_data/49983_MV.wav,1.0,0.99990165
/tmp/backbone_swap_panns_a6jkby7y/data/PhysioNet2022/training_data/49983_PV.wav,1.0,0.9998958
/tmp/backbone_swap_panns_a6jkby7y/data/PhysioNet2022/training_data/49983_TV.wav,1.0,0.9999901
/tmp/backbone_swap_panns_a6jkby7y/data/PhysioNet2022/training_data/49989_MV.wav,1.0,0.9998766
/tmp/backbone_swap_panns_a6jkby7y/data/PhysioNet2022/training_data/49989_PV.wav,1.0,0.9999459
/tmp/backbone_swap_panns_a6jkby7y/data/PhysioNet2022/training_data/49999_AV.wav,1.0,0.99976903
/tmp/backbone_swap_panns_a6jkby7y/data/PhysioNet2022/training_data/49999_MV.wav,1.0,0.9999106
/tmp/backbone_swap_panns_a6jkby7y/data/PhysioNet2022/training_data/49999_PV.wav,1.0,0.9999628
/tmp/backbone_swap_panns_a6jkby7y/data/PhysioNet2022/training_data/49999_TV.wav,1.0,0.9997174
/tmp/backbone_swap_panns_a6jkby7y/data/PhysioNet2022/training_data/50004_MV.wav,1.0,0.9985317
/tmp/backbone_swap_panns_a6jkby7y/data/PhysioNet2022/training_data/50004_PV.wav,1.0,0.9999405
/tmp/backbone_swap_panns_a6jkby7y/data/PhysioNet2022/training_data/50004_TV.wav,1.0,0.999926
/tmp/backbone_swap_panns_a6jkby7y/data/PhysioNet2022/training_data/50005_MV.wav,1.0,0.99985933
/tmp/backbone_swap_panns_a6jkby7y/data/PhysioNet2022/training_data/50017_AV.wav,1.0,0.99964535
/tmp/backbone_swap_panns_a6jkby7y/data/PhysioNet2022/training_data/50017_MV.wav,1.0,0.99990225
/tmp/backbone_swap_panns_a6jkby7y/data/PhysioNet2022/training_data/50017_PV.wav,1.0,0.9997758
/tmp/backbone_swap_panns_a6jkby7y/data/PhysioNet2022/training_data/50017_TV.wav,1.0,0.99985003
/tmp/backbone_swap_panns_a6jkby7y/data/PhysioNet2022/training_data/50023_AV.wav,1.0,0.9995074
/tmp/backbone_swap_panns_a6jkby7y/data/PhysioNet2022/training_data/50023_MV.wav,1.0,0.9999783
/tmp/backbone_swap_panns_a6jkby7y/data/PhysioNet2022/training_data/50023_PV.wav,1.0,0.99943477
/tmp/backbone_swap_panns_a6jkby7y/data/PhysioNet2022/training_data/50023_TV.wav,1.0,0.9999759
/tmp/backbone_swap_panns_a6jkby7y/data/PhysioNet2022/training_data/50049_AV.wav,1.0,0.9996854
/tmp/backbone_swap_panns_a6jkby7y/data/PhysioNet2022/training_data/50049_MV.wav,1.0,0.9981943
/tmp/backbone_swap_panns_a6jkby7y/data/PhysioNet2022/training_data/50049_PV.wav,1.0,0.99987674
/tmp/backbone_swap_panns_a6jkby7y/data/PhysioNet2022/training_data/50049_TV.wav,1.0,0.999948
/tmp/backbone_swap_panns_a6jkby7y/data/PhysioNet2022/training_data/50054_AV.wav,1.0,0.9999951
/tmp/backbone_swap_panns_a6jkby7y/data/PhysioNet2022/training_data/50054_MV.wav,1.0,0.99999845
/tmp/backbone_swap_panns_a6jkby7y/data/PhysioNet2022/training_data/50054_PV.wav,1.0,0.99996996
/tmp/backbone_swap_panns_a6jkby7y/data/PhysioNet2022/training_data/50054_TV.wav,1.0,0.9999236
/tmp/backbone_swap_panns_a6jkby7y/data/PhysioNet2022/training_data/50057_MV.wav,1.0,0.9995449
/tmp/backbone_swap_panns_a6jkby7y/data/PhysioNet2022/training_data/50057_PV.wav,1.0,0.99995863
/tmp/backbone_swap_panns_a6jkby7y/data/PhysioNet2022/training_data/50057_TV.wav,1.0,0.99996257
/tmp/backbone_swap_panns_a6jkby7y/data/PhysioNet2022/training_data/50061_AV.wav,1.0,0.9999031
/tmp/backbone_swap_panns_a6jkby7y/data/PhysioNet2022/training_data/50061_MV.wav,1.0,0.99848974
/tmp/backbone_swap_panns_a6jkby7y/data/PhysioNet2022/training_data/50061_PV.wav,1.0,0.9999776
/tmp/backbone_swap_panns_a6jkby7y/data/PhysioNet2022/training_data/50061_TV.wav,1.0,0.9997453
/tmp/backbone_swap_panns_a6jkby7y/data/PhysioNet2022/training_data/50066_AV.wav,1.0,0.9998031
/tmp/backbone_swap_panns_a6jkby7y/data/PhysioNet2022/training_data/50066_MV.wav,1.0,0.9997224
/tmp/backbone_swap_panns_a6jkby7y/data/PhysioNet2022/training_data/50070_AV.wav,1.0,0.9984251
/tmp/backbone_swap_panns_a6jkby7y/data/PhysioNet2022/training_data/50070_MV.wav,1.0,0.99982977
/tmp/backbone_swap_panns_a6jkby7y/data/PhysioNet2022/training_data/50070_PV.wav,1.0,0.99977297
/tmp/backbone_swap_panns_a6jkby7y/data/PhysioNet2022/training_data/50070_TV.wav,1.0,0.9999938
/tmp/backbone_swap_panns_a6jkby7y/data/PhysioNet2022/training_data/50074_AV.wav,1.0,0.999851
/tmp/backbone_swap_panns_a6jkby7y/data/PhysioNet2022/training_data/50074_MV.wav,1.0,0.9999199
/tmp/backbone_swap_panns_a6jkby7y/data/PhysioNet2022/training_data/50074_PV.wav,1.0,0.9999391
/tmp/backbone_swap_panns_a6jkby7y/data/PhysioNet2022/training_data/50074_TV.wav,1.0,0.9994184
/tmp/backbone_swap_panns_a6jkby7y/data/PhysioNet2022/training_data/50077_MV.wav,1.0,0.99040514
/tmp/backbone_swap_panns_a6jkby7y/data/PhysioNet2022/training_data/50085_AV.wav,1.0,0.9999769
/tmp/backbone_swap_panns_a6jkby7y/data/PhysioNet2022/training_data/50085_MV.wav,1.0,0.99979573
/tmp/backbone_swap_panns_a6jkby7y/data/PhysioNet2022/training_data/50085_PV.wav,1.0,0.99999785
/tmp/backbone_swap_panns_a6jkby7y/data/PhysioNet2022/training_data/50085_TV.wav,1.0,0.9999958
/tmp/backbone_swap_panns_a6jkby7y/data/PhysioNet2022/training_data/50100_AV.wav,1.0,0.9999844
/tmp/backbone_swap_panns_a6jkby7y/data/PhysioNet2022/training_data/50100_MV.wav,1.0,0.99999714
/tmp/backbone_swap_panns_a6jkby7y/data/PhysioNet2022/training_data/50105_MV.wav,1.0,0.9991642
/tmp/backbone_swap_panns_a6jkby7y/data/PhysioNet2022/training_data/50105_PV.wav,1.0,0.9978542
/tmp/backbone_swap_panns_a6jkby7y/data/PhysioNet2022/training_data/50105_TV.wav,1.0,0.999616
/tmp/backbone_swap_panns_a6jkby7y/data/PhysioNet2022/training_data/50118_MV.wav,1.0,0.9999976
/tmp/backbone_swap_panns_a6jkby7y/data/PhysioNet2022/training_data/50118_PV.wav,1.0,0.99999845
/tmp/backbone_swap_panns_a6jkby7y/data/PhysioNet2022/training_data/50118_TV.wav,1.0,0.9999888
/tmp/backbone_swap_panns_a6jkby7y/data/PhysioNet2022/training_data/50122_MV.wav,1.0,0.9999988
/tmp/backbone_swap_panns_a6jkby7y/data/PhysioNet2022/training_data/50122_PV.wav,1.0,0.9999956
/tmp/backbone_swap_panns_a6jkby7y/data/PhysioNet2022/training_data/50122_TV.wav,1.0,0.99998903
/tmp/backbone_swap_panns_a6jkby7y/data/PhysioNet2022/training_data/50127_AV.wav,1.0,0.999398
/tmp/backbone_swap_panns_a6jkby7y/data/PhysioNet2022/training_data/50127_MV.wav,1.0,0.9998472
/tmp/backbone_swap_panns_a6jkby7y/data/PhysioNet2022/training_data/50127_PV.wav,1.0,0.9998956
/tmp/backbone_swap_panns_a6jkby7y/data/PhysioNet2022/training_data/50127_TV.wav,1.0,0.9999876
/tmp/backbone_swap_panns_a6jkby7y/data/PhysioNet2022/training_data/50129_AV.wav,1.0,0.99972314
/tmp/backbone_swap_panns_a6jkby7y/data/PhysioNet2022/training_data/50129_MV.wav,1.0,0.9994753
/tmp/backbone_swap_panns_a6jkby7y/data/PhysioNet2022/training_data/50129_PV.wav,1.0,0.99994516
/tmp/backbone_swap_panns_a6jkby7y/data/PhysioNet2022/training_data/50129_TV.wav,1.0,0.99995816
/tmp/backbone_swap_panns_a6jkby7y/data/PhysioNet2022/training_data/50143_PV.wav,1.0,0.99965787
/tmp/backbone_swap_panns_a6jkby7y/data/PhysioNet2022/training_data/50143_TV.wav,1.0,0.9997298
/tmp/backbone_swap_panns_a6jkby7y/data/PhysioNet2022/training_data/50161_MV.wav,1.0,0.999912
/tmp/backbone_swap_panns_a6jkby7y/data/PhysioNet2022/training_data/50161_PV.wav,1.0,0.99998105
/tmp/backbone_swap_panns_a6jkby7y/data/PhysioNet2022/training_data/50161_TV.wav,1.0,0.9978835
/tmp/backbone_swap_panns_a6jkby7y/data/PhysioNet2022/training_data/50168_MV.wav,1.0,0.9999422
/tmp/backbone_swap_panns_a6jkby7y/data/PhysioNet2022/training_data/50168_PV.wav,1.0,0.9994603
/tmp/backbone_swap_panns_a6jkby7y/data/PhysioNet2022/training_data/50168_TV.wav,1.0,0.9998485
/tmp/backbone_swap_panns_a6jkby7y/data/PhysioNet2022/training_data/50204_AV.wav,1.0,0.9999337
/tmp/backbone_swap_panns_a6jkby7y/data/PhysioNet2022/training_data/50204_MV_1.wav,1.0,0.9974771
/tmp/backbone_swap_panns_a6jkby7y/data/PhysioNet2022/training_data/50204_MV_2.wav,1.0,0.9982541
/tmp/backbone_swap_panns_a6jkby7y/data/PhysioNet2022/training_data/50206_MV.wav,1.0,0.99990475
/tmp/backbone_swap_panns_a6jkby7y/data/PhysioNet2022/training_data/50206_PV.wav,1.0,0.9995735
/tmp/backbone_swap_panns_a6jkby7y/data/PhysioNet2022/training_data/50206_TV.wav,1.0,0.9998863
/tmp/backbone_swap_panns_a6jkby7y/data/PhysioNet2022/training_data/50214_AV.wav,1.0,0.9999584
/tmp/backbone_swap_panns_a6jkby7y/data/PhysioNet2022/training_data/50214_MV.wav,1.0,0.9999633
/tmp/backbone_swap_panns_a6jkby7y/data/PhysioNet2022/training_data/50219_AV.wav,1.0,0.99990034
/tmp/backbone_swap_panns_a6jkby7y/data/PhysioNet2022/training_data/50219_MV.wav,1.0,0.99969923
/tmp/backbone_swap_panns_a6jkby7y/data/PhysioNet2022/training_data/50219_PV.wav,1.0,0.99992836
/tmp/backbone_swap_panns_a6jkby7y/data/PhysioNet2022/training_data/50220_AV.wav,1.0,0.9999795
/tmp/backbone_swap_panns_a6jkby7y/data/PhysioNet2022/training_data/50220_MV.wav,1.0,0.99997747
/tmp/backbone_swap_panns_a6jkby7y/data/PhysioNet2022/training_data/50221_AV.wav,1.0,0.99918324
/tmp/backbone_swap_panns_a6jkby7y/data/PhysioNet2022/training_data/50221_MV.wav,1.0,0.99986136
/tmp/backbone_swap_panns_a6jkby7y/data/PhysioNet2022/training_data/50222_PV.wav,1.0,0.99725336
/tmp/backbone_swap_panns_a6jkby7y/data/PhysioNet2022/training_data/50222_TV.wav,1.0,0.99966526
/tmp/backbone_swap_panns_a6jkby7y/data/PhysioNet2022/training_data/50225_AV.wav,1.0,0.9950062
/tmp/backbone_swap_panns_a6jkby7y/data/PhysioNet2022/training_data/50225_MV.wav,1.0,0.9981504
/tmp/backbone_swap_panns_a6jkby7y/data/PhysioNet2022/training_data/50225_PV.wav,1.0,0.9981511
/tmp/backbone_swap_panns_a6jkby7y/data/PhysioNet2022/training_data/50225_TV.wav,1.0,0.999225
/tmp/backbone_swap_panns_a6jkby7y/data/PhysioNet2022/training_data/50228_AV.wav,1.0,0.9988809
/tmp/backbone_swap_panns_a6jkby7y/data/PhysioNet2022/training_data/50228_MV.wav,1.0,0.9991278
/tmp/backbone_swap_panns_a6jkby7y/data/PhysioNet2022/training_data/50230_AV.wav,1.0,0.99987185
/tmp/backbone_swap_panns_a6jkby7y/data/PhysioNet2022/training_data/50230_MV.wav,1.0,0.9991574
/tmp/backbone_swap_panns_a6jkby7y/data/PhysioNet2022/training_data/50230_PV.wav,1.0,0.9994978
/tmp/backbone_swap_panns_a6jkby7y/data/PhysioNet2022/training_data/50230_TV.wav,1.0,0.9999174
/tmp/backbone_swap_panns_a6jkby7y/data/PhysioNet2022/training_data/50238_AV.wav,1.0,0.9995247
/tmp/backbone_swap_panns_a6jkby7y/data/PhysioNet2022/training_data/50238_MV.wav,1.0,0.9983529
/tmp/backbone_swap_panns_a6jkby7y/data/PhysioNet2022/training_data/50238_PV.wav,1.0,0.9997043
/tmp/backbone_swap_panns_a6jkby7y/data/PhysioNet2022/training_data/50238_TV.wav,1.0,0.99991727
/tmp/backbone_swap_panns_a6jkby7y/data/PhysioNet2022/training_data/50254_AV.wav,1.0,0.99990857
/tmp/backbone_swap_panns_a6jkby7y/data/PhysioNet2022/training_data/50254_MV.wav,1.0,0.9999578
/tmp/backbone_swap_panns_a6jkby7y/data/PhysioNet2022/training_data/50254_PV.wav,1.0,0.9999689
/tmp/backbone_swap_panns_a6jkby7y/data/PhysioNet2022/training_data/50254_TV.wav,1.0,0.99989426
/tmp/backbone_swap_panns_a6jkby7y/data/PhysioNet2022/training_data/50255_AV.wav,1.0,0.9991779
/tmp/backbone_swap_panns_a6jkby7y/data/PhysioNet2022/training_data/50255_MV.wav,1.0,0.99958795
/tmp/backbone_swap_panns_a6jkby7y/data/PhysioNet2022/training_data/50260_AV.wav,1.0,0.99958056
/tmp/backbone_swap_panns_a6jkby7y/data/PhysioNet2022/training_data/50260_MV.wav,1.0,0.9999733
/tmp/backbone_swap_panns_a6jkby7y/data/PhysioNet2022/training_data/50260_PV.wav,1.0,0.99993837
/tmp/backbone_swap_panns_a6jkby7y/data/PhysioNet2022/training_data/50260_TV.wav,1.0,0.99991155
/tmp/backbone_swap_panns_a6jkby7y/data/PhysioNet2022/training_data/50271_AV.wav,1.0,0.9999721
/tmp/backbone_swap_panns_a6jkby7y/data/PhysioNet2022/training_data/50271_MV.wav,1.0,0.99998844
/tmp/backbone_swap_panns_a6jkby7y/data/PhysioNet2022/training_data/50271_PV.wav,1.0,0.99987066
/tmp/backbone_swap_panns_a6jkby7y/data/PhysioNet2022/training_data/50271_TV.wav,1.0,0.9999082
/tmp/backbone_swap_panns_a6jkby7y/data/PhysioNet2022/training_data/50276_AV.wav,1.0,0.9999782
/tmp/backbone_swap_panns_a6jkby7y/data/PhysioNet2022/training_data/50276_MV.wav,1.0,0.9999927
/tmp/backbone_swap_panns_a6jkby7y/data/PhysioNet2022/training_data/50276_PV.wav,1.0,0.9998313
/tmp/backbone_swap_panns_a6jkby7y/data/PhysioNet2022/training_data/50276_TV.wav,1.0,0.99993956
/tmp/backbone_swap_panns_a6jkby7y/data/PhysioNet2022/training_data/50284_AV.wav,1.0,0.99997854
/tmp/backbone_swap_panns_a6jkby7y/data/PhysioNet2022/training_data/50284_MV.wav,1.0,0.9999987
/tmp/backbone_swap_panns_a6jkby7y/data/PhysioNet2022/training_data/50284_PV.wav,1.0,0.99999404
/tmp/backbone_swap_panns_a6jkby7y/data/PhysioNet2022/training_data/50284_TV.wav,1.0,0.9999101
/tmp/backbone_swap_panns_a6jkby7y/data/PhysioNet2022/training_data/50291_AV.wav,1.0,0.9962282
/tmp/backbone_swap_panns_a6jkby7y/data/PhysioNet2022/training_data/50291_MV.wav,1.0,0.99960285
/tmp/backbone_swap_panns_a6jkby7y/data/PhysioNet2022/training_data/50291_PV.wav,1.0,0.9993581
/tmp/backbone_swap_panns_a6jkby7y/data/PhysioNet2022/training_data/50297_AV.wav,1.0,0.99317604
/tmp/backbone_swap_panns_a6jkby7y/data/PhysioNet2022/training_data/50297_MV.wav,1.0,0.9999497
/tmp/backbone_swap_panns_a6jkby7y/data/PhysioNet2022/training_data/50297_PV.wav,1.0,0.9994925
/tmp/backbone_swap_panns_a6jkby7y/data/PhysioNet2022/training_data/50297_TV.wav,1.0,0.9999577
/tmp/backbone_swap_panns_a6jkby7y/data/PhysioNet2022/training_data/50303_AV.wav,1.0,0.9998447
/tmp/backbone_swap_panns_a6jkby7y/data/PhysioNet2022/training_data/50303_MV.wav,1.0,0.99978477
/tmp/backbone_swap_panns_a6jkby7y/data/PhysioNet2022/training_data/50303_PV.wav,1.0,0.999826
/tmp/backbone_swap_panns_a6jkby7y/data/PhysioNet2022/training_data/50314_AV.wav,1.0,0.9996604
/tmp/backbone_swap_panns_a6jkby7y/data/PhysioNet2022/training_data/50314_MV.wav,1.0,0.9999343
/tmp/backbone_swap_panns_a6jkby7y/data/PhysioNet2022/training_data/50314_PV.wav,1.0,0.99982613
/tmp/backbone_swap_panns_a6jkby7y/data/PhysioNet2022/training_data/50314_TV.wav,1.0,0.9996705
/tmp/backbone_swap_panns_a6jkby7y/data/PhysioNet2022/training_data/50316_AV.wav,1.0,0.9998447
/tmp/backbone_swap_panns_a6jkby7y/data/PhysioNet2022/training_data/50316_MV.wav,1.0,0.99968445
/tmp/backbone_swap_panns_a6jkby7y/data/PhysioNet2022/training_data/50317_AV.wav,1.0,0.996935
/tmp/backbone_swap_panns_a6jkby7y/data/PhysioNet2022/training_data/50317_PV.wav,1.0,0.9995851
/tmp/backbone_swap_panns_a6jkby7y/data/PhysioNet2022/training_data/50317_TV.wav,1.0,0.9998074
/tmp/backbone_swap_panns_a6jkby7y/data/PhysioNet2022/training_data/50323_AV.wav,1.0,0.99991703
/tmp/backbone_swap_panns_a6jkby7y/data/PhysioNet2022/training_data/50323_MV.wav,1.0,0.99992526
/tmp/backbone_swap_panns_a6jkby7y/data/PhysioNet2022/training_data/50323_PV.wav,1.0,0.9998323
/tmp/backbone_swap_panns_a6jkby7y/data/PhysioNet2022/training_data/50323_TV.wav,1.0,0.99996066
/tmp/backbone_swap_panns_a6jkby7y/data/PhysioNet2022/training_data/50325_AV.wav,1.0,0.99936265
/tmp/backbone_swap_panns_a6jkby7y/data/PhysioNet2022/training_data/50325_MV.wav,1.0,0.99993503
/tmp/backbone_swap_panns_a6jkby7y/data/PhysioNet2022/training_data/50325_PV.wav,1.0,0.9998448
/tmp/backbone_swap_panns_a6jkby7y/data/PhysioNet2022/training_data/50325_TV.wav,1.0,0.9997696
/tmp/backbone_swap_panns_a6jkby7y/data/PhysioNet2022/training_data/50336_MV.wav,1.0,0.99909604
/tmp/backbone_swap_panns_a6jkby7y/data/PhysioNet2022/training_data/50336_PV.wav,1.0,0.999474
/tmp/backbone_swap_panns_a6jkby7y/data/PhysioNet2022/training_data/50336_TV.wav,1.0,0.9998223
/tmp/backbone_swap_panns_a6jkby7y/data/PhysioNet2022/training_data/50337_MV.wav,1.0,0.99992895
/tmp/backbone_swap_panns_a6jkby7y/data/PhysioNet2022/training_data/50337_PV.wav,1.0,0.99983656
/tmp/backbone_swap_panns_a6jkby7y/data/PhysioNet2022/training_data/50337_TV.wav,1.0,0.9998956
/tmp/backbone_swap_panns_a6jkby7y/data/PhysioNet2022/training_data/50345_MV.wav,1.0,0.9998547
/tmp/backbone_swap_panns_a6jkby7y/data/PhysioNet2022/training_data/50345_PV.wav,1.0,0.9998852
/tmp/backbone_swap_panns_a6jkby7y/data/PhysioNet2022/training_data/50345_TV.wav,1.0,0.9999249
/tmp/backbone_swap_panns_a6jkby7y/data/PhysioNet2022/training_data/50348_AV_1.wav,1.0,0.9994862
/tmp/backbone_swap_panns_a6jkby7y/data/PhysioNet2022/training_data/50348_AV_2.wav,1.0,0.99993074
/tmp/backbone_swap_panns_a6jkby7y/data/PhysioNet2022/training_data/50348_MV.wav,1.0,0.9979868
/tmp/backbone_swap_panns_a6jkby7y/data/PhysioNet2022/training_data/50348_PV.wav,1.0,0.99978596
/tmp/backbone_swap_panns_a6jkby7y/data/PhysioNet2022/training_data/50348_TV.wav,1.0,0.9999651
/tmp/backbone_swap_panns_a6jkby7y/data/PhysioNet2022/training_data/50359_AV.wav,1.0,0.99933976
/tmp/backbone_swap_panns_a6jkby7y/data/PhysioNet2022/training_data/50359_MV.wav,1.0,0.9983639
/tmp/backbone_swap_panns_a6jkby7y/data/PhysioNet2022/training_data/50359_PV.wav,1.0,0.9988985
/tmp/backbone_swap_panns_a6jkby7y/data/PhysioNet2022/training_data/50359_TV.wav,1.0,0.99901664
/tmp/backbone_swap_panns_a6jkby7y/data/PhysioNet2022/training_data/50385_AV.wav,1.0,0.9960704
/tmp/backbone_swap_panns_a6jkby7y/data/PhysioNet2022/training_data/50385_MV.wav,1.0,0.99996984
/tmp/backbone_swap_panns_a6jkby7y/data/PhysioNet2022/training_data/50385_PV.wav,1.0,0.99943715
/tmp/backbone_swap_panns_a6jkby7y/data/PhysioNet2022/training_data/50385_TV.wav,1.0,0.99986756
/tmp/backbone_swap_panns_a6jkby7y/data/PhysioNet2022/training_data/50386_AV.wav,1.0,0.9998442
/tmp/backbone_swap_panns_a6jkby7y/data/PhysioNet2022/training_data/50386_MV.wav,1.0,0.99945325
/tmp/backbone_swap_panns_a6jkby7y/data/PhysioNet2022/training_data/50386_PV.wav,1.0,0.99974746
/tmp/backbone_swap_panns_a6jkby7y/data/PhysioNet2022/training_data/50386_TV.wav,1.0,0.9999727
/tmp/backbone_swap_panns_a6jkby7y/data/PhysioNet2022/training_data/50388_AV.wav,1.0,0.9999479
/tmp/backbone_swap_panns_a6jkby7y/data/PhysioNet2022/training_data/50388_MV.wav,1.0,0.9999379
/tmp/backbone_swap_panns_a6jkby7y/data/PhysioNet2022/training_data/50388_PV.wav,1.0,0.9999943
/tmp/backbone_swap_panns_a6jkby7y/data/PhysioNet2022/training_data/50388_TV.wav,1.0,0.99999857
/tmp/backbone_swap_panns_a6jkby7y/data/PhysioNet2022/training_data/50393_AV.wav,1.0,0.99993265
/tmp/backbone_swap_panns_a6jkby7y/data/PhysioNet2022/training_data/50393_MV.wav,1.0,0.9999517
/tmp/backbone_swap_panns_a6jkby7y/data/PhysioNet2022/training_data/50393_PV.wav,1.0,0.9999827
/tmp/backbone_swap_panns_a6jkby7y/data/PhysioNet2022/training_data/50393_TV.wav,1.0,0.9996513
/tmp/backbone_swap_panns_a6jkby7y/data/PhysioNet2022/training_data/50620_PV.wav,1.0,0.9982116
/tmp/backbone_swap_panns_a6jkby7y/data/PhysioNet2022/training_data/50620_TV.wav,1.0,0.99955803
/tmp/backbone_swap_panns_a6jkby7y/data/PhysioNet2022/training_data/50624_AV.wav,1.0,0.9998616
/tmp/backbone_swap_panns_a6jkby7y/data/PhysioNet2022/training_data/50624_MV.wav,1.0,0.99985254
/tmp/backbone_swap_panns_a6jkby7y/data/PhysioNet2022/training_data/50624_PV.wav,1.0,0.9999523
/tmp/backbone_swap_panns_a6jkby7y/data/PhysioNet2022/training_data/50624_TV.wav,1.0,0.99994266
/tmp/backbone_swap_panns_a6jkby7y/data/PhysioNet2022/training_data/50625_AV.wav,1.0,0.99746644
/tmp/backbone_swap_panns_a6jkby7y/data/PhysioNet2022/training_data/50625_MV.wav,1.0,0.99957174
/tmp/backbone_swap_panns_a6jkby7y/data/PhysioNet2022/training_data/50626_AV.wav,1.0,0.9993772
/tmp/backbone_swap_panns_a6jkby7y/data/PhysioNet2022/training_data/50626_MV.wav,1.0,0.99995065
/tmp/backbone_swap_panns_a6jkby7y/data/PhysioNet2022/training_data/50629_AV.wav,1.0,0.99733895
/tmp/backbone_swap_panns_a6jkby7y/data/PhysioNet2022/training_data/50629_MV.wav,1.0,0.9997466
/tmp/backbone_swap_panns_a6jkby7y/data/PhysioNet2022/training_data/50636_AV.wav,1.0,0.9958788
/tmp/backbone_swap_panns_a6jkby7y/data/PhysioNet2022/training_data/50636_MV.wav,1.0,0.99993134
/tmp/backbone_swap_panns_a6jkby7y/data/PhysioNet2022/training_data/50639_PV.wav,1.0,0.9999522
/tmp/backbone_swap_panns_a6jkby7y/data/PhysioNet2022/training_data/50639_TV.wav,1.0,0.9998702
/tmp/backbone_swap_panns_a6jkby7y/data/PhysioNet2022/training_data/50640_MV.wav,1.0,0.9995426
/tmp/backbone_swap_panns_a6jkby7y/data/PhysioNet2022/training_data/50643_AV.wav,1.0,0.9995896
/tmp/backbone_swap_panns_a6jkby7y/data/PhysioNet2022/training_data/50643_MV.wav,1.0,0.9990702
/tmp/backbone_swap_panns_a6jkby7y/data/PhysioNet2022/training_data/50644_AV.wav,1.0,0.99958533
/tmp/backbone_swap_panns_a6jkby7y/data/PhysioNet2022/training_data/50644_MV.wav,1.0,0.99988604
/tmp/backbone_swap_panns_a6jkby7y/data/PhysioNet2022/training_data/50645_AV.wav,1.0,0.9986286
/tmp/backbone_swap_panns_a6jkby7y/data/PhysioNet2022/training_data/50645_MV.wav,1.0,0.99988854
/tmp/backbone_swap_panns_a6jkby7y/data/PhysioNet2022/training_data/50645_PV.wav,1.0,0.99941266
/tmp/backbone_swap_panns_a6jkby7y/data/PhysioNet2022/training_data/50645_TV.wav,1.0,0.99993944
/tmp/backbone_swap_panns_a6jkby7y/data/PhysioNet2022/training_data/50646_AV.wav,1.0,0.99981767
/tmp/backbone_swap_panns_a6jkby7y/data/PhysioNet2022/training_data/50646_MV.wav,1.0,0.9997751
/tmp/backbone_swap_panns_a6jkby7y/data/PhysioNet2022/training_data/50649_AV.wav,1.0,0.9997601
/tmp/backbone_swap_panns_a6jkby7y/data/PhysioNet2022/training_data/50649_MV.wav,1.0,0.99999106
/tmp/backbone_swap_panns_a6jkby7y/data/PhysioNet2022/training_data/50649_PV.wav,1.0,0.99994075
/tmp/backbone_swap_panns_a6jkby7y/data/PhysioNet2022/training_data/50649_TV.wav,1.0,0.99999607
/tmp/backbone_swap_panns_a6jkby7y/data/PhysioNet2022/training_data/50654_AV.wav,1.0,0.99766123
/tmp/backbone_swap_panns_a6jkby7y/data/PhysioNet2022/training_data/50654_PV.wav,1.0,0.99989164
/tmp/backbone_swap_panns_a6jkby7y/data/PhysioNet2022/training_data/50654_TV.wav,1.0,0.99984777
/tmp/backbone_swap_panns_a6jkby7y/data/PhysioNet2022/training_data/50656_AV.wav,1.0,0.99660444
/tmp/backbone_swap_panns_a6jkby7y/data/PhysioNet2022/training_data/50656_MV.wav,1.0,0.9985072
/tmp/backbone_swap_panns_a6jkby7y/data/PhysioNet2022/training_data/50656_PV.wav,1.0,0.9998429
/tmp/backbone_swap_panns_a6jkby7y/data/PhysioNet2022/training_data/50656_TV_1.wav,1.0,0.99970585
/tmp/backbone_swap_panns_a6jkby7y/data/PhysioNet2022/training_data/50656_TV_2.wav,1.0,0.9994603
/tmp/backbone_swap_panns_a6jkby7y/data/PhysioNet2022/training_data/50657_AV.wav,1.0,0.99954706
/tmp/backbone_swap_panns_a6jkby7y/data/PhysioNet2022/training_data/50657_MV.wav,1.0,0.9997341
/tmp/backbone_swap_panns_a6jkby7y/data/PhysioNet2022/training_data/50657_PV.wav,1.0,0.9998466
/tmp/backbone_swap_panns_a6jkby7y/data/PhysioNet2022/training_data/50657_TV.wav,1.0,0.9999919
/tmp/backbone_swap_panns_a6jkby7y/data/PhysioNet2022/training_data/50659_AV.wav,1.0,0.999673
/tmp/backbone_swap_panns_a6jkby7y/data/PhysioNet2022/training_data/50659_MV.wav,1.0,0.9994654
/tmp/backbone_swap_panns_a6jkby7y/data/PhysioNet2022/training_data/50659_PV.wav,1.0,0.99780935
/tmp/backbone_swap_panns_a6jkby7y/data/PhysioNet2022/training_data/50659_TV.wav,1.0,0.9999423
/tmp/backbone_swap_panns_a6jkby7y/data/PhysioNet2022/training_data/50664_AV.wav,1.0,0.9999647
/tmp/backbone_swap_panns_a6jkby7y/data/PhysioNet2022/training_data/50664_PV.wav,1.0,0.99999356
/tmp/backbone_swap_panns_a6jkby7y/data/PhysioNet2022/training_data/50668_AV.wav,1.0,0.99975187
/tmp/backbone_swap_panns_a6jkby7y/data/PhysioNet2022/training_data/50668_MV.wav,1.0,0.9998945
/tmp/backbone_swap_panns_a6jkby7y/data/PhysioNet2022/training_data/50668_PV.wav,1.0,0.9999479
/tmp/backbone_swap_panns_a6jkby7y/data/PhysioNet2022/training_data/50668_TV.wav,1.0,0.99993765
/tmp/backbone_swap_panns_a6jkby7y/data/PhysioNet2022/training_data/50669_AV.wav,1.0,0.99963653
/tmp/backbone_swap_panns_a6jkby7y/data/PhysioNet2022/training_data/50669_MV.wav,1.0,0.9999269
/tmp/backbone_swap_panns_a6jkby7y/data/PhysioNet2022/training_data/50669_PV.wav,1.0,0.9996749
/tmp/backbone_swap_panns_a6jkby7y/data/PhysioNet2022/training_data/50669_TV.wav,1.0,0.99999034
/tmp/backbone_swap_panns_a6jkby7y/data/PhysioNet2022/training_data/50671_MV.wav,1.0,0.99934644
/tmp/backbone_swap_panns_a6jkby7y/data/PhysioNet2022/training_data/50677_AV.wav,1.0,0.9995183
/tmp/backbone_swap_panns_a6jkby7y/data/PhysioNet2022/training_data/50677_PV.wav,1.0,0.9999434
/tmp/backbone_swap_panns_a6jkby7y/data/PhysioNet2022/training_data/50678_MV.wav,1.0,0.99941266
/tmp/backbone_swap_panns_a6jkby7y/data/PhysioNet2022/training_data/50678_PV.wav,1.0,0.994768
/tmp/backbone_swap_panns_a6jkby7y/data/PhysioNet2022/training_data/50678_TV.wav,1.0,0.9994873
/tmp/backbone_swap_panns_a6jkby7y/data/PhysioNet2022/training_data/50680_AV.wav,1.0,0.99959177
/tmp/backbone_swap_panns_a6jkby7y/data/PhysioNet2022/training_data/50680_MV.wav,1.0,0.9998852
/tmp/backbone_swap_panns_a6jkby7y/data/PhysioNet2022/training_data/50680_PV.wav,1.0,0.99997485
/tmp/backbone_swap_panns_a6jkby7y/data/PhysioNet2022/training_data/50680_TV.wav,1.0,0.99993575
/tmp/backbone_swap_panns_a6jkby7y/data/PhysioNet2022/training_data/50685_AV.wav,1.0,0.9996966
/tmp/backbone_swap_panns_a6jkby7y/data/PhysioNet2022/training_data/50685_MV.wav,1.0,0.99987686
/tmp/backbone_swap_panns_a6jkby7y/data/PhysioNet2022/training_data/50685_TV.wav,1.0,0.9999895
/tmp/backbone_swap_panns_a6jkby7y/data/PhysioNet2022/training_data/50704_AV.wav,1.0,0.9994605
/tmp/backbone_swap_panns_a6jkby7y/data/PhysioNet2022/training_data/50704_MV.wav,1.0,0.9999733
/tmp/backbone_swap_panns_a6jkby7y/data/PhysioNet2022/training_data/50708_AV.wav,1.0,0.99990034
/tmp/backbone_swap_panns_a6jkby7y/data/PhysioNet2022/training_data/50708_MV.wav,1.0,0.99986696
/tmp/backbone_swap_panns_a6jkby7y/data/PhysioNet2022/training_data/50708_PV.wav,1.0,0.9997181
/tmp/backbone_swap_panns_a6jkby7y/data/PhysioNet2022/training_data/50708_TV.wav,1.0,0.9990914
/tmp/backbone_swap_panns_a6jkby7y/data/PhysioNet2022/training_data/50715_AV.wav,1.0,0.9999727
/tmp/backbone_swap_panns_a6jkby7y/data/PhysioNet2022/training_data/50715_MV.wav,1.0,0.9999926
/tmp/backbone_swap_panns_a6jkby7y/data/PhysioNet2022/training_data/50715_PV.wav,1.0,0.99978405
/tmp/backbone_swap_panns_a6jkby7y/data/PhysioNet2022/training_data/50715_TV.wav,1.0,0.99999833
/tmp/backbone_swap_panns_a6jkby7y/data/PhysioNet2022/training_data/50723_AV.wav,1.0,0.99995863
/tmp/backbone_swap_panns_a6jkby7y/data/PhysioNet2022/training_data/50723_MV.wav,1.0,0.9998995
/tmp/backbone_swap_panns_a6jkby7y/data/PhysioNet2022/training_data/50723_PV.wav,1.0,0.9998952
/tmp/backbone_swap_panns_a6jkby7y/data/PhysioNet2022/training_data/50723_TV.wav,1.0,0.99999547
/tmp/backbone_swap_panns_a6jkby7y/data/PhysioNet2022/training_data/50725_AV.wav,1.0,0.9997645
/tmp/backbone_swap_panns_a6jkby7y/data/PhysioNet2022/training_data/50725_MV.wav,1.0,0.99964464
/tmp/backbone_swap_panns_a6jkby7y/data/PhysioNet2022/training_data/50725_PV.wav,1.0,0.9999589
/tmp/backbone_swap_panns_a6jkby7y/data/PhysioNet2022/training_data/50725_TV.wav,1.0,0.99997663
/tmp/backbone_swap_panns_a6jkby7y/data/PhysioNet2022/training_data/50735_AV.wav,1.0,0.9993124
/tmp/backbone_swap_panns_a6jkby7y/data/PhysioNet2022/training_data/50735_MV.wav,1.0,0.99937797
/tmp/backbone_swap_panns_a6jkby7y/data/PhysioNet2022/training_data/50735_PV.wav,1.0,0.9999101
/tmp/backbone_swap_panns_a6jkby7y/data/PhysioNet2022/training_data/50735_TV.wav,1.0,0.9999453
/tmp/backbone_swap_panns_a6jkby7y/data/PhysioNet2022/training_data/50739_AV.wav,1.0,0.99990153
/tmp/backbone_swap_panns_a6jkby7y/data/PhysioNet2022/training_data/50739_MV.wav,1.0,0.9993216
/tmp/backbone_swap_panns_a6jkby7y/data/PhysioNet2022/training_data/50740_AV.wav,1.0,0.99959856
/tmp/backbone_swap_panns_a6jkby7y/data/PhysioNet2022/training_data/50740_MV.wav,1.0,0.9996525
/tmp/backbone_swap_panns_a6jkby7y/data/PhysioNet2022/training_data/50740_PV.wav,1.0,0.99997795
/tmp/backbone_swap_panns_a6jkby7y/data/PhysioNet2022/training_data/50740_TV.wav,1.0,0.999992
/tmp/backbone_swap_panns_a6jkby7y/data/PhysioNet2022/training_data/50742_AV.wav,1.0,0.9897469
/tmp/backbone_swap_panns_a6jkby7y/data/PhysioNet2022/training_data/50742_MV.wav,1.0,0.99949396
/tmp/backbone_swap_panns_a6jkby7y/data/PhysioNet2022/training_data/50742_PV.wav,1.0,0.9999391
/tmp/backbone_swap_panns_a6jkby7y/data/PhysioNet2022/training_data/50742_TV.wav,1.0,0.9999746
/tmp/backbone_swap_panns_a6jkby7y/data/PhysioNet2022/training_data/50744_AV.wav,1.0,0.998743
/tmp/backbone_swap_panns_a6jkby7y/data/PhysioNet2022/training_data/50744_MV.wav,1.0,0.9999896
/tmp/backbone_swap_panns_a6jkby7y/data/PhysioNet2022/training_data/50744_PV.wav,1.0,0.9996985
/tmp/backbone_swap_panns_a6jkby7y/data/PhysioNet2022/training_data/50744_TV.wav,1.0,0.9998634
/tmp/backbone_swap_panns_a6jkby7y/data/PhysioNet2022/training_data/50751_AV.wav,1.0,0.9998616
/tmp/backbone_swap_panns_a6jkby7y/data/PhysioNet2022/training_data/50751_MV.wav,1.0,0.99999475
/tmp/backbone_swap_panns_a6jkby7y/data/PhysioNet2022/training_data/50751_PV.wav,1.0,0.9999795
/tmp/backbone_swap_panns_a6jkby7y/data/PhysioNet2022/training_data/50751_TV.wav,1.0,0.9998735
/tmp/backbone_swap_panns_a6jkby7y/data/PhysioNet2022/training_data/50752_AV.wav,1.0,0.99940586
/tmp/backbone_swap_panns_a6jkby7y/data/PhysioNet2022/training_data/50752_MV.wav,1.0,0.9998534
/tmp/backbone_swap_panns_a6jkby7y/data/PhysioNet2022/training_data/50752_PV.wav,1.0,0.99959797
/tmp/backbone_swap_panns_a6jkby7y/data/PhysioNet2022/training_data/50752_TV.wav,1.0,0.999882
/tmp/backbone_swap_panns_a6jkby7y/data/PhysioNet2022/training_data/50762_AV.wav,1.0,0.9996338
/tmp/backbone_swap_panns_a6jkby7y/data/PhysioNet2022/training_data/50762_MV.wav,1.0,0.999861
/tmp/backbone_swap_panns_a6jkby7y/data/PhysioNet2022/training_data/50762_PV.wav,1.0,0.9999784
/tmp/backbone_swap_panns_a6jkby7y/data/PhysioNet2022/training_data/50762_TV.wav,1.0,0.99991965
/tmp/backbone_swap_panns_a6jkby7y/data/PhysioNet2022/training_data/50768_AV.wav,1.0,0.99965405
/tmp/backbone_swap_panns_a6jkby7y/data/PhysioNet2022/training_data/50770_AV.wav,1.0,0.9998592
/tmp/backbone_swap_panns_a6jkby7y/data/PhysioNet2022/training_data/50770_MV.wav,1.0,0.9999913
/tmp/backbone_swap_panns_a6jkby7y/data/PhysioNet2022/training_data/50770_PV.wav,1.0,0.99954575
/tmp/backbone_swap_panns_a6jkby7y/data/PhysioNet2022/training_data/50770_TV.wav,1.0,0.99955195
/tmp/backbone_swap_panns_a6jkby7y/data/PhysioNet2022/training_data/50771_AV.wav,1.0,0.9998154
/tmp/backbone_swap_panns_a6jkby7y/data/PhysioNet2022/training_data/50771_MV.wav,1.0,0.99983037
/tmp/backbone_swap_panns_a6jkby7y/data/PhysioNet2022/training_data/50771_PV.wav,1.0,0.9999101
/tmp/backbone_swap_panns_a6jkby7y/data/PhysioNet2022/training_data/50771_TV.wav,1.0,0.9999747
/tmp/backbone_swap_panns_a6jkby7y/data/PhysioNet2022/training_data/50793_MV.wav,1.0,0.9987079
/tmp/backbone_swap_panns_a6jkby7y/data/PhysioNet2022/training_data/50793_PV.wav,1.0,0.9997502
/tmp/backbone_swap_panns_a6jkby7y/data/PhysioNet2022/training_data/50793_TV.wav,1.0,0.9945937
/tmp/backbone_swap_panns_a6jkby7y/data/PhysioNet2022/training_data/50812_AV.wav,1.0,0.99912006
/tmp/backbone_swap_panns_a6jkby7y/data/PhysioNet2022/training_data/50812_MV.wav,1.0,0.99991393
/tmp/backbone_swap_panns_a6jkby7y/data/PhysioNet2022/training_data/50812_PV.wav,1.0,0.9999782
/tmp/backbone_swap_panns_a6jkby7y/data/PhysioNet2022/training_data/50812_TV.wav,1.0,0.99995255
/tmp/backbone_swap_panns_a6jkby7y/data/PhysioNet2022/training_data/50815_AV.wav,1.0,0.9993223
/tmp/backbone_swap_panns_a6jkby7y/data/PhysioNet2022/training_data/50815_MV.wav,1.0,0.999881
/tmp/backbone_swap_panns_a6jkby7y/data/PhysioNet2022/training_data/50815_PV.wav,1.0,0.99996805
/tmp/backbone_swap_panns_a6jkby7y/data/PhysioNet2022/training_data/50815_TV.wav,1.0,0.9999248
/tmp/backbone_swap_panns_a6jkby7y/data/PhysioNet2022/training_data/50820_AV.wav,1.0,0.998716
/tmp/backbone_swap_panns_a6jkby7y/data/PhysioNet2022/training_data/50820_MV.wav,1.0,0.99976724
/tmp/backbone_swap_panns_a6jkby7y/data/PhysioNet2022/training_data/50820_PV.wav,1.0,0.99621576
/tmp/backbone_swap_panns_a6jkby7y/data/PhysioNet2022/training_data/50820_TV.wav,1.0,0.99986506
/tmp/backbone_swap_panns_a6jkby7y/data/PhysioNet2022/training_data/51064_MV.wav,1.0,0.997317
/tmp/backbone_swap_panns_a6jkby7y/data/PhysioNet2022/training_data/59536_AV.wav,1.0,0.9999876
/tmp/backbone_swap_panns_a6jkby7y/data/PhysioNet2022/training_data/59536_MV.wav,1.0,0.9998882
/tmp/backbone_swap_panns_a6jkby7y/data/PhysioNet2022/training_data/63456_AV.wav,1.0,0.9984862
/tmp/backbone_swap_panns_a6jkby7y/data/PhysioNet2022/training_data/63456_MV.wav,1.0,0.99836916
/tmp/backbone_swap_panns_a6jkby7y/data/PhysioNet2022/training_data/63456_PV.wav,1.0,0.9998599
/tmp/backbone_swap_panns_a6jkby7y/data/PhysioNet2022/training_data/63456_TV.wav,1.0,0.9999566
/tmp/backbone_swap_panns_a6jkby7y/data/PhysioNet2022/training_data/64256_MV.wav,1.0,0.99889576
/tmp/backbone_swap_panns_a6jkby7y/data/PhysioNet2022/training_data/64256_PV.wav,1.0,0.998473
/tmp/backbone_swap_panns_a6jkby7y/data/PhysioNet2022/training_data/64256_TV.wav,1.0,0.99995697
/tmp/backbone_swap_panns_a6jkby7y/data/PhysioNet2022/training_data/64715_MV.wav,1.0,0.9999198
/tmp/backbone_swap_panns_a6jkby7y/data/PhysioNet2022/training_data/64715_PV.wav,1.0,0.99992585
/tmp/backbone_swap_panns_a6jkby7y/data/PhysioNet2022/training_data/64715_TV.wav,1.0,0.9997446
/tmp/backbone_swap_panns_a6jkby7y/data/PhysioNet2022/training_data/68182_AV.wav,1.0,0.9999833
/tmp/backbone_swap_panns_a6jkby7y/data/PhysioNet2022/training_data/68182_MV.wav,1.0,0.9998559
/tmp/backbone_swap_panns_a6jkby7y/data/PhysioNet2022/training_data/68182_PV.wav,1.0,0.99999714
/tmp/backbone_swap_panns_a6jkby7y/data/PhysioNet2022/training_data/68182_TV.wav,1.0,0.99998975
/tmp/backbone_swap_panns_a6jkby7y/data/PhysioNet2022/training_data/68213_AV.wav,1.0,0.990427
/tmp/backbone_swap_panns_a6jkby7y/data/PhysioNet2022/training_data/68213_MV.wav,1.0,0.9999939
/tmp/backbone_swap_panns_a6jkby7y/data/PhysioNet2022/training_data/68213_PV.wav,1.0,0.99925023
/tmp/backbone_swap_panns_a6jkby7y/data/PhysioNet2022/training_data/68213_TV.wav,1.0,0.99985015
/tmp/backbone_swap_panns_a6jkby7y/data/PhysioNet2022/training_data/68219_AV.wav,1.0,0.99993825
/tmp/backbone_swap_panns_a6jkby7y/data/PhysioNet2022/training_data/68219_MV.wav,1.0,0.999775
/tmp/backbone_swap_panns_a6jkby7y/data/PhysioNet2022/training_data/68219_PV.wav,1.0,0.99968517
/tmp/backbone_swap_panns_a6jkby7y/data/PhysioNet2022/training_data/68219_TV.wav,1.0,0.9962729
/tmp/backbone_swap_panns_a6jkby7y/data/PhysioNet2022/training_data/68260_AV.wav,1.0,0.9997929
/tmp/backbone_swap_panns_a6jkby7y/data/PhysioNet2022/training_data/68260_MV.wav,1.0,0.9991592
/tmp/backbone_swap_panns_a6jkby7y/data/PhysioNet2022/training_data/68260_PV.wav,1.0,0.9995227
/tmp/backbone_swap_panns_a6jkby7y/data/PhysioNet2022/training_data/68260_TV.wav,1.0,0.9999877
/tmp/backbone_swap_panns_a6jkby7y/data/PhysioNet2022/training_data/68292_AV.wav,1.0,0.9997187
/tmp/backbone_swap_panns_a6jkby7y/data/PhysioNet2022/training_data/68292_MV.wav,1.0,0.99996865
/tmp/backbone_swap_panns_a6jkby7y/data/PhysioNet2022/training_data/68292_PV.wav,1.0,0.99996674
/tmp/backbone_swap_panns_a6jkby7y/data/PhysioNet2022/training_data/68292_TV.wav,1.0,0.99999726
/tmp/backbone_swap_panns_a6jkby7y/data/PhysioNet2022/training_data/68306_AV.wav,1.0,0.99977833
/tmp/backbone_swap_panns_a6jkby7y/data/PhysioNet2022/training_data/68306_MV.wav,1.0,0.999808
/tmp/backbone_swap_panns_a6jkby7y/data/PhysioNet2022/training_data/68306_PV.wav,1.0,0.9903064
/tmp/backbone_swap_panns_a6jkby7y/data/PhysioNet2022/training_data/68306_TV.wav,1.0,0.9856995
/tmp/backbone_swap_panns_a6jkby7y/data/PhysioNet2022/training_data/68316_AV.wav,1.0,0.99990344
/tmp/backbone_swap_panns_a6jkby7y/data/PhysioNet2022/training_data/68316_MV.wav,1.0,0.999944
/tmp/backbone_swap_panns_a6jkby7y/data/PhysioNet2022/training_data/68316_PV.wav,1.0,0.9998272
/tmp/backbone_swap_panns_a6jkby7y/data/PhysioNet2022/training_data/68316_TV.wav,1.0,0.9995758
/tmp/backbone_swap_panns_a6jkby7y/data/PhysioNet2022/training_data/68327_AV.wav,1.0,0.99975234
/tmp/backbone_swap_panns_a6jkby7y/data/PhysioNet2022/training_data/68327_MV.wav,1.0,0.9999052
/tmp/backbone_swap_panns_a6jkby7y/data/PhysioNet2022/training_data/68327_PV.wav,1.0,0.9997764
/tmp/backbone_swap_panns_a6jkby7y/data/PhysioNet2022/training_data/68327_TV.wav,1.0,0.9996679
/tmp/backbone_swap_panns_a6jkby7y/data/PhysioNet2022/training_data/68337_AV.wav,1.0,0.9996184
/tmp/backbone_swap_panns_a6jkby7y/data/PhysioNet2022/training_data/68337_MV.wav,1.0,0.9998801
/tmp/backbone_swap_panns_a6jkby7y/data/PhysioNet2022/training_data/68337_PV.wav,1.0,0.99993587
/tmp/backbone_swap_panns_a6jkby7y/data/PhysioNet2022/training_data/68337_TV.wav,1.0,0.99990416
/tmp/backbone_swap_panns_a6jkby7y/data/PhysioNet2022/training_data/68363_AV.wav,1.0,0.99984884
/tmp/backbone_swap_panns_a6jkby7y/data/PhysioNet2022/training_data/68363_MV.wav,1.0,0.9994343
/tmp/backbone_swap_panns_a6jkby7y/data/PhysioNet2022/training_data/68368_AV.wav,1.0,0.99979943
/tmp/backbone_swap_panns_a6jkby7y/data/PhysioNet2022/training_data/68368_MV.wav,1.0,0.9999163
/tmp/backbone_swap_panns_a6jkby7y/data/PhysioNet2022/training_data/68368_PV.wav,1.0,0.9999558
/tmp/backbone_swap_panns_a6jkby7y/data/PhysioNet2022/training_data/68368_TV.wav,1.0,0.9999778
/tmp/backbone_swap_panns_a6jkby7y/data/PhysioNet2022/training_data/68374_AV.wav,1.0,0.9998116
/tmp/backbone_swap_panns_a6jkby7y/data/PhysioNet2022/training_data/68374_MV.wav,1.0,0.999982
/tmp/backbone_swap_panns_a6jkby7y/data/PhysioNet2022/training_data/68379_AV.wav,1.0,0.9996666
/tmp/backbone_swap_panns_a6jkby7y/data/PhysioNet2022/training_data/68379_MV.wav,1.0,0.9995098
/tmp/backbone_swap_panns_a6jkby7y/data/PhysioNet2022/training_data/68379_PV.wav,1.0,0.9997404
/tmp/backbone_swap_panns_a6jkby7y/data/PhysioNet2022/training_data/68379_TV.wav,1.0,0.9998184
/tmp/backbone_swap_panns_a6jkby7y/data/PhysioNet2022/training_data/68395_PV.wav,1.0,0.9996393
/tmp/backbone_swap_panns_a6jkby7y/data/PhysioNet2022/training_data/68395_TV.wav,1.0,0.9988335
/tmp/backbone_swap_panns_a6jkby7y/data/PhysioNet2022/training_data/68407_AV.wav,1.0,0.9992543
/tmp/backbone_swap_panns_a6jkby7y/data/PhysioNet2022/training_data/68407_MV.wav,1.0,0.9997578
/tmp/backbone_swap_panns_a6jkby7y/data/PhysioNet2022/training_data/68407_PV.wav,1.0,0.9995295
/tmp/backbone_swap_panns_a6jkby7y/data/PhysioNet2022/training_data/68407_TV.wav,1.0,0.9999652
/tmp/backbone_swap_panns_a6jkby7y/data/PhysioNet2022/training_data/68412_AV.wav,1.0,0.99998534
/tmp/backbone_swap_panns_a6jkby7y/data/PhysioNet2022/training_data/68412_MV.wav,1.0,0.99993193
/tmp/backbone_swap_panns_a6jkby7y/data/PhysioNet2022/training_data/68412_PV.wav,1.0,0.999754
/tmp/backbone_swap_panns_a6jkby7y/data/PhysioNet2022/training_data/68412_TV.wav,1.0,0.99995744
/tmp/backbone_swap_panns_a6jkby7y/data/PhysioNet2022/training_data/68435_AV.wav,1.0,0.9988801
/tmp/backbone_swap_panns_a6jkby7y/data/PhysioNet2022/training_data/68435_MV.wav,1.0,0.999265
/tmp/backbone_swap_panns_a6jkby7y/data/PhysioNet2022/training_data/68444_AV.wav,1.0,0.99893945
/tmp/backbone_swap_panns_a6jkby7y/data/PhysioNet2022/training_data/68444_MV.wav,1.0,0.99982363
/tmp/backbone_swap_panns_a6jkby7y/data/PhysioNet2022/training_data/68444_PV.wav,1.0,0.9977533
/tmp/backbone_swap_panns_a6jkby7y/data/PhysioNet2022/training_data/68444_TV.wav,1.0,0.9996855
/tmp/backbone_swap_panns_a6jkby7y/data/PhysioNet2022/training_data/68487_AV.wav,1.0,0.9996137
/tmp/backbone_swap_panns_a6jkby7y/data/PhysioNet2022/training_data/68487_MV.wav,1.0,0.9999876
/tmp/backbone_swap_panns_a6jkby7y/data/PhysioNet2022/training_data/68487_PV.wav,1.0,0.9992353
/tmp/backbone_swap_panns_a6jkby7y/data/PhysioNet2022/training_data/68487_TV.wav,1.0,0.99998605
/tmp/backbone_swap_panns_a6jkby7y/data/PhysioNet2022/training_data/68498_AV.wav,1.0,0.9987865
/tmp/backbone_swap_panns_a6jkby7y/data/PhysioNet2022/training_data/68498_MV.wav,1.0,0.9993736
/tmp/backbone_swap_panns_a6jkby7y/data/PhysioNet2022/training_data/68498_PV.wav,1.0,0.9999684
/tmp/backbone_swap_panns_a6jkby7y/data/PhysioNet2022/training_data/68498_TV.wav,1.0,0.99998784
/tmp/backbone_swap_panns_a6jkby7y/data/PhysioNet2022/training_data/68504_AV.wav,1.0,0.999961
/tmp/backbone_swap_panns_a6jkby7y/data/PhysioNet2022/training_data/68504_MV.wav,1.0,0.9998946
/tmp/backbone_swap_panns_a6jkby7y/data/PhysioNet2022/training_data/68504_PV.wav,1.0,0.99986255
/tmp/backbone_swap_panns_a6jkby7y/data/PhysioNet2022/training_data/68504_TV.wav,1.0,0.99997616
/tmp/backbone_swap_panns_a6jkby7y/data/PhysioNet2022/training_data/68545_AV.wav,1.0,0.9999877
/tmp/backbone_swap_panns_a6jkby7y/data/PhysioNet2022/training_data/68545_MV.wav,1.0,0.99969137
/tmp/backbone_swap_panns_a6jkby7y/data/PhysioNet2022/training_data/68545_PV.wav,1.0,0.99864846
/tmp/backbone_swap_panns_a6jkby7y/data/PhysioNet2022/training_data/68545_TV.wav,1.0,0.99992263
/tmp/backbone_swap_panns_a6jkby7y/data/PhysioNet2022/training_data/68556_AV.wav,1.0,0.9994406
/tmp/backbone_swap_panns_a6jkby7y/data/PhysioNet2022/training_data/68556_MV.wav,1.0,0.9957931
/tmp/backbone_swap_panns_a6jkby7y/data/PhysioNet2022/training_data/68576_AV.wav,1.0,0.99655366
/tmp/backbone_swap_panns_a6jkby7y/data/PhysioNet2022/training_data/68576_MV.wav,1.0,0.9998097
/tmp/backbone_swap_panns_a6jkby7y/data/PhysioNet2022/training_data/68698_AV.wav,1.0,0.9996625
/tmp/backbone_swap_panns_a6jkby7y/data/PhysioNet2022/training_data/68698_MV.wav,1.0,0.99994326
/tmp/backbone_swap_panns_a6jkby7y/data/PhysioNet2022/training_data/68698_PV.wav,1.0,0.9998547
/tmp/backbone_swap_panns_a6jkby7y/data/PhysioNet2022/training_data/68698_TV.wav,1.0,0.9997434
/tmp/backbone_swap_panns_a6jkby7y/data/PhysioNet2022/training_data/68702_AV.wav,1.0,0.9986339
/tmp/backbone_swap_panns_a6jkby7y/data/PhysioNet2022/training_data/68702_MV.wav,1.0,0.9988563
/tmp/backbone_swap_panns_a6jkby7y/data/PhysioNet2022/training_data/68702_PV.wav,1.0,0.99860966
/tmp/backbone_swap_panns_a6jkby7y/data/PhysioNet2022/training_data/68702_TV.wav,1.0,0.9980604
/tmp/backbone_swap_panns_a6jkby7y/data/PhysioNet2022/training_data/68738_AV.wav,1.0,0.9998987
/tmp/backbone_swap_panns_a6jkby7y/data/PhysioNet2022/training_data/68738_MV.wav,1.0,0.9999435
/tmp/backbone_swap_panns_a6jkby7y/data/PhysioNet2022/training_data/68738_PV.wav,1.0,0.9961991
/tmp/backbone_swap_panns_a6jkby7y/data/PhysioNet2022/training_data/68738_TV.wav,1.0,0.99989843
/tmp/backbone_swap_panns_a6jkby7y/data/PhysioNet2022/training_data/68740_AV.wav,1.0,0.9999243
/tmp/backbone_swap_panns_a6jkby7y/data/PhysioNet2022/training_data/68740_MV.wav,1.0,0.9999876
/tmp/backbone_swap_panns_a6jkby7y/data/PhysioNet2022/training_data/68740_PV.wav,1.0,0.9999597
/tmp/backbone_swap_panns_a6jkby7y/data/PhysioNet2022/training_data/68740_TV.wav,1.0,0.9999969
/tmp/backbone_swap_panns_a6jkby7y/data/PhysioNet2022/training_data/68796_AV.wav,1.0,0.9993668
/tmp/backbone_swap_panns_a6jkby7y/data/PhysioNet2022/training_data/68796_MV.wav,1.0,0.9999188
/tmp/backbone_swap_panns_a6jkby7y/data/PhysioNet2022/training_data/68796_PV.wav,1.0,0.99980694
/tmp/backbone_swap_panns_a6jkby7y/data/PhysioNet2022/training_data/68796_TV.wav,1.0,0.9999664
/tmp/backbone_swap_panns_a6jkby7y/data/PhysioNet2022/training_data/68827_AV.wav,1.0,0.9998783
/tmp/backbone_swap_panns_a6jkby7y/data/PhysioNet2022/training_data/68827_PV.wav,1.0,0.9996276
/tmp/backbone_swap_panns_a6jkby7y/data/PhysioNet2022/training_data/68827_TV.wav,1.0,0.9999
/tmp/backbone_swap_panns_a6jkby7y/data/PhysioNet2022/training_data/68874_AV.wav,1.0,0.99971825
/tmp/backbone_swap_panns_a6jkby7y/data/PhysioNet2022/training_data/68874_MV.wav,1.0,0.9995678
/tmp/backbone_swap_panns_a6jkby7y/data/PhysioNet2022/training_data/68874_PV.wav,1.0,0.9993968
/tmp/backbone_swap_panns_a6jkby7y/data/PhysioNet2022/training_data/68874_TV.wav,1.0,0.9998561
/tmp/backbone_swap_panns_a6jkby7y/data/PhysioNet2022/training_data/68886_AV.wav,1.0,0.9989316
/tmp/backbone_swap_panns_a6jkby7y/data/PhysioNet2022/training_data/68886_MV.wav,1.0,0.99904007
/tmp/backbone_swap_panns_a6jkby7y/data/PhysioNet2022/training_data/68886_PV.wav,1.0,0.999632
/tmp/backbone_swap_panns_a6jkby7y/data/PhysioNet2022/training_data/68886_TV.wav,1.0,0.99997735
/tmp/backbone_swap_panns_a6jkby7y/data/PhysioNet2022/training_data/68888_AV.wav,1.0,0.9993555
/tmp/backbone_swap_panns_a6jkby7y/data/PhysioNet2022/training_data/68888_MV.wav,1.0,0.99988604
/tmp/backbone_swap_panns_a6jkby7y/data/PhysioNet2022/training_data/68888_PV.wav,1.0,0.9982492
/tmp/backbone_swap_panns_a6jkby7y/data/PhysioNet2022/training_data/68888_TV.wav,1.0,0.99995923
/tmp/backbone_swap_panns_a6jkby7y/data/PhysioNet2022/training_data/68901_AV.wav,1.0,0.9966054
/tmp/backbone_swap_panns_a6jkby7y/data/PhysioNet2022/training_data/68901_MV.wav,1.0,0.9997856
/tmp/backbone_swap_panns_a6jkby7y/data/PhysioNet2022/training_data/68901_PV.wav,1.0,0.99964905
/tmp/backbone_swap_panns_a6jkby7y/data/PhysioNet2022/training_data/68901_TV.wav,1.0,0.99995303
/tmp/backbone_swap_panns_a6jkby7y/data/PhysioNet2022/training_data/68952_AV.wav,1.0,0.99879575
/tmp/backbone_swap_panns_a6jkby7y/data/PhysioNet2022/training_data/68952_MV.wav,1.0,0.99998474
/tmp/backbone_swap_panns_a6jkby7y/data/PhysioNet2022/training_data/68952_PV.wav,1.0,0.99997246
/tmp/backbone_swap_panns_a6jkby7y/data/PhysioNet2022/training_data/68952_TV.wav,1.0,0.9999956
/tmp/backbone_swap_panns_a6jkby7y/data/PhysioNet2022/training_data/69060_AV.wav,1.0,0.9989673
/tmp/backbone_swap_panns_a6jkby7y/data/PhysioNet2022/training_data/69060_MV.wav,1.0,0.9972362
/tmp/backbone_swap_panns_a6jkby7y/data/PhysioNet2022/training_data/69060_PV.wav,1.0,0.99979335
/tmp/backbone_swap_panns_a6jkby7y/data/PhysioNet2022/training_data/69060_TV.wav,1.0,0.99995935
/tmp/backbone_swap_panns_a6jkby7y/data/PhysioNet2022/training_data/69066_AV.wav,1.0,0.99998665
/tmp/backbone_swap_panns_a6jkby7y/data/PhysioNet2022/training_data/69066_MV.wav,1.0,0.999992
/tmp/backbone_swap_panns_a6jkby7y/data/PhysioNet2022/training_data/69066_PV.wav,1.0,0.9996263
/tmp/backbone_swap_panns_a6jkby7y/data/PhysioNet2022/training_data/69066_TV.wav,1.0,0.9999267
/tmp/backbone_swap_panns_a6jkby7y/data/PhysioNet2022/training_data/69068_AV.wav,1.0,0.99943775
/tmp/backbone_swap_panns_a6jkby7y/data/PhysioNet2022/training_data/69068_MV.wav,1.0,0.9999896
/tmp/backbone_swap_panns_a6jkby7y/data/PhysioNet2022/training_data/69068_PV.wav,1.0,0.99995124
/tmp/backbone_swap_panns_a6jkby7y/data/PhysioNet2022/training_data/69068_TV.wav,1.0,0.9999778
/tmp/backbone_swap_panns_a6jkby7y/data/PhysioNet2022/training_data/69093_AV.wav,1.0,0.9982083
/tmp/backbone_swap_panns_a6jkby7y/data/PhysioNet2022/training_data/69093_MV.wav,1.0,0.9999037
/tmp/backbone_swap_panns_a6jkby7y/data/PhysioNet2022/training_data/69093_PV.wav,1.0,0.9998809
/tmp/backbone_swap_panns_a6jkby7y/data/PhysioNet2022/training_data/69093_TV.wav,1.0,0.99999654
/tmp/backbone_swap_panns_a6jkby7y/data/PhysioNet2022/training_data/69112_AV.wav,1.0,0.9998474
/tmp/backbone_swap_panns_a6jkby7y/data/PhysioNet2022/training_data/69112_MV.wav,1.0,0.9999896
/tmp/backbone_swap_panns_a6jkby7y/data/PhysioNet2022/training_data/69112_PV.wav,1.0,0.999889
/tmp/backbone_swap_panns_a6jkby7y/data/PhysioNet2022/training_data/69112_TV.wav,1.0,0.9999912
/tmp/backbone_swap_panns_a6jkby7y/data/PhysioNet2022/training_data/69120_AV.wav,1.0,0.99792683
/tmp/backbone_swap_panns_a6jkby7y/data/PhysioNet2022/training_data/69120_MV.wav,1.0,0.99998593
/tmp/backbone_swap_panns_a6jkby7y/data/PhysioNet2022/training_data/69120_PV.wav,1.0,0.94122547
/tmp/backbone_swap_panns_a6jkby7y/data/PhysioNet2022/training_data/69120_TV.wav,1.0,0.9891879
/tmp/backbone_swap_panns_a6jkby7y/data/PhysioNet2022/training_data/69125_AV.wav,1.0,0.9981184
/tmp/backbone_swap_panns_a6jkby7y/data/PhysioNet2022/training_data/69125_MV.wav,1.0,0.999642
/tmp/backbone_swap_panns_a6jkby7y/data/PhysioNet2022/training_data/69125_PV.wav,1.0,0.99953616
/tmp/backbone_swap_panns_a6jkby7y/data/PhysioNet2022/training_data/69125_TV.wav,1.0,0.9999243
/tmp/backbone_swap_panns_a6jkby7y/data/PhysioNet2022/training_data/69144_AV.wav,1.0,0.9993967
/tmp/backbone_swap_panns_a6jkby7y/data/PhysioNet2022/training_data/69144_MV.wav,1.0,0.9999306
/tmp/backbone_swap_panns_a6jkby7y/data/PhysioNet2022/training_data/69144_PV.wav,1.0,0.99939346
/tmp/backbone_swap_panns_a6jkby7y/data/PhysioNet2022/training_data/69144_TV.wav,1.0,0.9999852
/tmp/backbone_swap_panns_a6jkby7y/data/PhysioNet2022/training_data/69155_MV.wav,1.0,0.9980647
/tmp/backbone_swap_panns_a6jkby7y/data/PhysioNet2022/training_data/69155_PV.wav,1.0,0.999747
/tmp/backbone_swap_panns_a6jkby7y/data/PhysioNet2022/training_data/69155_TV.wav,1.0,0.99941814
/tmp/backbone_swap_panns_a6jkby7y/data/PhysioNet2022/training_data/69161_AV.wav,1.0,0.9979645
/tmp/backbone_swap_panns_a6jkby7y/data/PhysioNet2022/training_data/69161_MV.wav,1.0,0.9996749
/tmp/backbone_swap_panns_a6jkby7y/data/PhysioNet2022/training_data/69161_PV.wav,1.0,0.99924976
/tmp/backbone_swap_panns_a6jkby7y/data/PhysioNet2022/training_data/69161_TV.wav,1.0,0.99991703
/tmp/backbone_swap_panns_a6jkby7y/data/PhysioNet2022/training_data/69174_AV.wav,1.0,0.9995314
/tmp/backbone_swap_panns_a6jkby7y/data/PhysioNet2022/training_data/69174_MV.wav,1.0,0.9998977
/tmp/backbone_swap_panns_a6jkby7y/data/PhysioNet2022/training_data/69174_PV.wav,1.0,0.99952316
/tmp/backbone_swap_panns_a6jkby7y/data/PhysioNet2022/training_data/69174_TV.wav,1.0,0.99997485
/tmp/backbone_swap_panns_a6jkby7y/data/PhysioNet2022/training_data/69176_AV.wav,1.0,0.9994148
/tmp/backbone_swap_panns_a6jkby7y/data/PhysioNet2022/training_data/69176_MV.wav,1.0,0.99990463
/tmp/backbone_swap_panns_a6jkby7y/data/PhysioNet2022/training_data/69176_PV.wav,1.0,0.9916277
/tmp/backbone_swap_panns_a6jkby7y/data/PhysioNet2022/training_data/69176_TV.wav,1.0,0.9999769
/tmp/backbone_swap_panns_a6jkby7y/data/PhysioNet2022/training_data/72288_PV.wav,1.0,0.9998373
/tmp/backbone_swap_panns_a6jkby7y/data/PhysioNet2022/training_data/73497_AV.wav,1.0,0.9986374
/tmp/backbone_swap_panns_a6jkby7y/data/PhysioNet2022/training_data/73497_MV.wav,1.0,0.99996865
/tmp/backbone_swap_panns_a6jkby7y/data/PhysioNet2022/training_data/73497_PV.wav,1.0,0.9992618
/tmp/backbone_swap_panns_a6jkby7y/data/PhysioNet2022/training_data/73497_TV.wav,1.0,0.9998735
/tmp/backbone_swap_panns_a6jkby7y/data/PhysioNet2022/training_data/74420_AV.wav,1.0,0.9999827
/tmp/backbone_swap_panns_a6jkby7y/data/PhysioNet2022/training_data/74420_MV.wav,1.0,0.99999404
/tmp/backbone_swap_panns_a6jkby7y/data/PhysioNet2022/training_data/75440_AV.wav,1.0,0.99940574
/tmp/backbone_swap_panns_a6jkby7y/data/PhysioNet2022/training_data/75440_MV.wav,1.0,0.99986327
/tmp/backbone_swap_panns_a6jkby7y/data/PhysioNet2022/training_data/75440_PV.wav,1.0,0.9979163
/tmp/backbone_swap_panns_a6jkby7y/data/PhysioNet2022/training_data/75440_TV.wav,1.0,0.9999745
/tmp/backbone_swap_panns_a6jkby7y/data/PhysioNet2022/training_data/78592_AV.wav,1.0,0.9960829
/tmp/backbone_swap_panns_a6jkby7y/data/PhysioNet2022/training_data/78592_MV.wav,1.0,0.99972194
/tmp/backbone_swap_panns_a6jkby7y/data/PhysioNet2022/training_data/78592_PV.wav,1.0,0.99674064
/tmp/backbone_swap_panns_a6jkby7y/data/PhysioNet2022/training_data/78592_TV.wav,1.0,0.99972004
/tmp/backbone_swap_panns_a6jkby7y/data/PhysioNet2022/training_data/84688_MV.wav,1.0,0.9997918
/tmp/backbone_swap_panns_a6jkby7y/data/PhysioNet2022/training_data/84689_AV.wav,1.0,0.99955076
/tmp/backbone_swap_panns_a6jkby7y/data/PhysioNet2022/training_data/84689_MV.wav,1.0,0.99990916
/tmp/backbone_swap_panns_a6jkby7y/data/PhysioNet2022/training_data/84689_PV.wav,1.0,0.9999484
/tmp/backbone_swap_panns_a6jkby7y/data/PhysioNet2022/training_data/84689_TV.wav,1.0,0.9999515
/tmp/backbone_swap_panns_a6jkby7y/data/PhysioNet2022/training_data/84692_AV.wav,1.0,0.99999595
/tmp/backbone_swap_panns_a6jkby7y/data/PhysioNet2022/training_data/84692_MV.wav,1.0,0.99977547
/tmp/backbone_swap_panns_a6jkby7y/data/PhysioNet2022/training_data/84692_PV.wav,1.0,0.9999727
/tmp/backbone_swap_panns_a6jkby7y/data/PhysioNet2022/training_data/84692_TV.wav,1.0,0.99981517
/tmp/backbone_swap_panns_a6jkby7y/data/PhysioNet2022/training_data/84699_AV.wav,1.0,0.9987286
/tmp/backbone_swap_panns_a6jkby7y/data/PhysioNet2022/training_data/84699_MV.wav,1.0,0.9997569
/tmp/backbone_swap_panns_a6jkby7y/data/PhysioNet2022/training_data/84699_PV.wav,1.0,0.99987257
/tmp/backbone_swap_panns_a6jkby7y/data/PhysioNet2022/training_data/84699_TV.wav,1.0,0.99993026
/tmp/backbone_swap_panns_a6jkby7y/data/PhysioNet2022/training_data/84709_AV.wav,1.0,0.9999256
/tmp/backbone_swap_panns_a6jkby7y/data/PhysioNet2022/training_data/84709_MV.wav,1.0,0.99972135
/tmp/backbone_swap_panns_a6jkby7y/data/PhysioNet2022/training_data/84709_PV.wav,1.0,0.9979893
/tmp/backbone_swap_panns_a6jkby7y/data/PhysioNet2022/training_data/84709_TV.wav,1.0,0.99997604
/tmp/backbone_swap_panns_a6jkby7y/data/PhysioNet2022/training_data/84711_AV.wav,1.0,0.99999464
/tmp/backbone_swap_panns_a6jkby7y/data/PhysioNet2022/training_data/84711_MV.wav,1.0,0.9999982
/tmp/backbone_swap_panns_a6jkby7y/data/PhysioNet2022/training_data/84711_PV.wav,1.0,0.99998224
/tmp/backbone_swap_panns_a6jkby7y/data/PhysioNet2022/training_data/84711_TV.wav,1.0,0.999995
/tmp/backbone_swap_panns_a6jkby7y/data/PhysioNet2022/training_data/84714_AV.wav,1.0,0.99967587
/tmp/backbone_swap_panns_a6jkby7y/data/PhysioNet2022/training_data/84714_MV.wav,1.0,0.9993523
/tmp/backbone_swap_panns_a6jkby7y/data/PhysioNet2022/training_data/84714_TV.wav,1.0,0.9999778
/tmp/backbone_swap_panns_a6jkby7y/data/PhysioNet2022/training_data/84720_AV.wav,1.0,0.99979156
/tmp/backbone_swap_panns_a6jkby7y/data/PhysioNet2022/training_data/84724_AV.wav,1.0,0.9990043
/tmp/backbone_swap_panns_a6jkby7y/data/PhysioNet2022/training_data/84724_MV.wav,1.0,0.99992406
/tmp/backbone_swap_panns_a6jkby7y/data/PhysioNet2022/training_data/84724_PV.wav,1.0,0.9998398
/tmp/backbone_swap_panns_a6jkby7y/data/PhysioNet2022/training_data/84724_TV.wav,1.0,0.99998415
/tmp/backbone_swap_panns_a6jkby7y/data/PhysioNet2022/training_data/84727_AV.wav,1.0,0.99999297
/tmp/backbone_swap_panns_a6jkby7y/data/PhysioNet2022/training_data/84727_MV.wav,1.0,0.9999809
/tmp/backbone_swap_panns_a6jkby7y/data/PhysioNet2022/training_data/84727_PV.wav,1.0,0.9999815
/tmp/backbone_swap_panns_a6jkby7y/data/PhysioNet2022/training_data/84727_TV.wav,1.0,0.9999963
/tmp/backbone_swap_panns_a6jkby7y/data/PhysioNet2022/training_data/84735_AV.wav,1.0,0.99994624
/tmp/backbone_swap_panns_a6jkby7y/data/PhysioNet2022/training_data/84735_MV.wav,1.0,0.9998184
/tmp/backbone_swap_panns_a6jkby7y/data/PhysioNet2022/training_data/84735_PV.wav,1.0,0.99995327
/tmp/backbone_swap_panns_a6jkby7y/data/PhysioNet2022/training_data/84735_TV.wav,1.0,0.9999726
/tmp/backbone_swap_panns_a6jkby7y/data/PhysioNet2022/training_data/84736_AV.wav,1.0,0.99992216
/tmp/backbone_swap_panns_a6jkby7y/data/PhysioNet2022/training_data/84736_MV.wav,1.0,0.9983633
/tmp/backbone_swap_panns_a6jkby7y/data/PhysioNet2022/training_data/84742_AV.wav,1.0,0.99956673
/tmp/backbone_swap_panns_a6jkby7y/data/PhysioNet2022/training_data/84742_MV.wav,1.0,0.9999707
/tmp/backbone_swap_panns_a6jkby7y/data/PhysioNet2022/training_data/84742_PV.wav,1.0,0.99997675
/tmp/backbone_swap_panns_a6jkby7y/data/PhysioNet2022/training_data/84742_TV.wav,1.0,0.9999106
/tmp/backbone_swap_panns_a6jkby7y/data/PhysioNet2022/training_data/84743_AV.wav,1.0,0.9952042
/tmp/backbone_swap_panns_a6jkby7y/data/PhysioNet2022/training_data/84743_MV.wav,1.0,0.99996376
/tmp/backbone_swap_panns_a6jkby7y/data/PhysioNet2022/training_data/84743_PV.wav,1.0,0.9995523
/tmp/backbone_swap_panns_a6jkby7y/data/PhysioNet2022/training_data/84743_TV.wav,1.0,0.99995697
/tmp/backbone_swap_panns_a6jkby7y/data/PhysioNet2022/training_data/84747_TV.wav,1.0,0.9994937
/tmp/backbone_swap_panns_a6jkby7y/data/PhysioNet2022/training_data/84749_AV.wav,1.0,0.99963653
/tmp/backbone_swap_panns_a6jkby7y/data/PhysioNet2022/training_data/84749_MV.wav,1.0,0.9999342
/tmp/backbone_swap_panns_a6jkby7y/data/PhysioNet2022/training_data/84749_PV.wav,1.0,0.9999769
/tmp/backbone_swap_panns_a6jkby7y/data/PhysioNet2022/training_data/84749_TV.wav,1.0,0.9998462
/tmp/backbone_swap_panns_a6jkby7y/data/PhysioNet2022/training_data/84750_AV.wav,1.0,0.99997044
/tmp/backbone_swap_panns_a6jkby7y/data/PhysioNet2022/training_data/84750_MV.wav,1.0,0.99995494
/tmp/backbone_swap_panns_a6jkby7y/data/PhysioNet2022/training_data/84750_PV.wav,1.0,0.99989665
/tmp/backbone_swap_panns_a6jkby7y/data/PhysioNet2022/training_data/84750_TV.wav,1.0,0.99994016
/tmp/backbone_swap_panns_a6jkby7y/data/PhysioNet2022/training_data/84758_AV.wav,1.0,0.9979128
/tmp/backbone_swap_panns_a6jkby7y/data/PhysioNet2022/training_data/84758_MV.wav,1.0,0.9981779
/tmp/backbone_swap_panns_a6jkby7y/data/PhysioNet2022/training_data/84758_PV.wav,1.0,0.9984469
/tmp/backbone_swap_panns_a6jkby7y/data/PhysioNet2022/training_data/84758_TV.wav,1.0,0.9984847
/tmp/backbone_swap_panns_a6jkby7y/data/PhysioNet2022/training_data/84761_AV.wav,1.0,0.9993529
/tmp/backbone_swap_panns_a6jkby7y/data/PhysioNet2022/training_data/84761_MV.wav,1.0,0.9999808
/tmp/backbone_swap_panns_a6jkby7y/data/PhysioNet2022/training_data/84761_PV.wav,1.0,0.9999583
/tmp/backbone_swap_panns_a6jkby7y/data/PhysioNet2022/training_data/84761_TV.wav,1.0,0.99999225
/tmp/backbone_swap_panns_a6jkby7y/data/PhysioNet2022/training_data/84776_AV.wav,1.0,0.99959105
/tmp/backbone_swap_panns_a6jkby7y/data/PhysioNet2022/training_data/84776_MV.wav,1.0,0.9999895
/tmp/backbone_swap_panns_a6jkby7y/data/PhysioNet2022/training_data/84776_PV.wav,1.0,0.9994386
/tmp/backbone_swap_panns_a6jkby7y/data/PhysioNet2022/training_data/84776_TV.wav,1.0,0.9999902
/tmp/backbone_swap_panns_a6jkby7y/data/PhysioNet2022/training_data/84778_AV.wav,1.0,0.99325925
/tmp/backbone_swap_panns_a6jkby7y/data/PhysioNet2022/training_data/84778_MV.wav,1.0,0.9999913
/tmp/backbone_swap_panns_a6jkby7y/data/PhysioNet2022/training_data/84778_PV.wav,1.0,0.9998634
/tmp/backbone_swap_panns_a6jkby7y/data/PhysioNet2022/training_data/84778_TV.wav,1.0,0.99965477
/tmp/backbone_swap_panns_a6jkby7y/data/PhysioNet2022/training_data/84785_AV.wav,1.0,0.9998097
/tmp/backbone_swap_panns_a6jkby7y/data/PhysioNet2022/training_data/84785_MV.wav,1.0,0.9998311
/tmp/backbone_swap_panns_a6jkby7y/data/PhysioNet2022/training_data/84785_PV.wav,1.0,0.9999918
/tmp/backbone_swap_panns_a6jkby7y/data/PhysioNet2022/training_data/84785_TV.wav,1.0,0.9999945
/tmp/backbone_swap_panns_a6jkby7y/data/PhysioNet2022/training_data/84796_AV.wav,1.0,0.9995946
/tmp/backbone_swap_panns_a6jkby7y/data/PhysioNet2022/training_data/84796_MV.wav,1.0,0.99882454
/tmp/backbone_swap_panns_a6jkby7y/data/PhysioNet2022/training_data/84798_AV.wav,1.0,0.9997811
/tmp/backbone_swap_panns_a6jkby7y/data/PhysioNet2022/training_data/84798_MV.wav,1.0,0.99999213
/tmp/backbone_swap_panns_a6jkby7y/data/PhysioNet2022/training_data/84798_PV.wav,1.0,0.99992657
/tmp/backbone_swap_panns_a6jkby7y/data/PhysioNet2022/training_data/84798_TV.wav,1.0,0.9999896
/tmp/backbone_swap_panns_a6jkby7y/data/PhysioNet2022/training_data/84809_AV.wav,1.0,0.99998665
/tmp/backbone_swap_panns_a6jkby7y/data/PhysioNet2022/training_data/84809_MV.wav,1.0,0.9999473
/tmp/backbone_swap_panns_a6jkby7y/data/PhysioNet2022/training_data/84809_PV.wav,1.0,0.99998724
/tmp/backbone_swap_panns_a6jkby7y/data/PhysioNet2022/training_data/84809_TV.wav,1.0,0.9999958
/tmp/backbone_swap_panns_a6jkby7y/data/PhysioNet2022/training_data/84835_AV.wav,1.0,0.9999343
/tmp/backbone_swap_panns_a6jkby7y/data/PhysioNet2022/training_data/84835_MV.wav,1.0,0.99994755
/tmp/backbone_swap_panns_a6jkby7y/data/PhysioNet2022/training_data/84835_PV.wav,1.0,0.9997571
/tmp/backbone_swap_panns_a6jkby7y/data/PhysioNet2022/training_data/84835_TV.wav,1.0,0.9999857
/tmp/backbone_swap_panns_a6jkby7y/data/PhysioNet2022/training_data/84837_AV.wav,1.0,0.9996319
/tmp/backbone_swap_panns_a6jkby7y/data/PhysioNet2022/training_data/84837_PV.wav,1.0,0.9999701
/tmp/backbone_swap_panns_a6jkby7y/data/PhysioNet2022/training_data/84840_MV.wav,1.0,0.9999654
/tmp/backbone_swap_panns_a6jkby7y/data/PhysioNet2022/training_data/84840_TV.wav,1.0,0.9993543
/tmp/backbone_swap_panns_a6jkby7y/data/PhysioNet2022/training_data/84852_AV.wav,1.0,0.9998404
/tmp/backbone_swap_panns_a6jkby7y/data/PhysioNet2022/training_data/84852_MV.wav,1.0,0.99972934
/tmp/backbone_swap_panns_a6jkby7y/data/PhysioNet2022/training_data/84852_PV.wav,1.0,0.9999355
/tmp/backbone_swap_panns_a6jkby7y/data/PhysioNet2022/training_data/84852_TV.wav,1.0,0.99976665
/tmp/backbone_swap_panns_a6jkby7y/data/PhysioNet2022/training_data/84861_AV.wav,1.0,0.99999845
/tmp/backbone_swap_panns_a6jkby7y/data/PhysioNet2022/training_data/84861_MV.wav,1.0,0.99989676
/tmp/backbone_swap_panns_a6jkby7y/data/PhysioNet2022/training_data/84861_PV.wav,1.0,0.9999726
/tmp/backbone_swap_panns_a6jkby7y/data/PhysioNet2022/training_data/84861_TV.wav,1.0,0.99999595
/tmp/backbone_swap_panns_a6jkby7y/data/PhysioNet2022/training_data/84864_AV.wav,1.0,0.9999653
/tmp/backbone_swap_panns_a6jkby7y/data/PhysioNet2022/training_data/84864_MV.wav,1.0,0.9994122
/tmp/backbone_swap_panns_a6jkby7y/data/PhysioNet2022/training_data/84864_PV.wav,1.0,0.9999435
/tmp/backbone_swap_panns_a6jkby7y/data/PhysioNet2022/training_data/84864_TV.wav,1.0,0.9998741
/tmp/backbone_swap_panns_a6jkby7y/data/PhysioNet2022/training_data/84870_AV.wav,1.0,0.9992692
/tmp/backbone_swap_panns_a6jkby7y/data/PhysioNet2022/training_data/84870_MV.wav,1.0,0.9998901
/tmp/backbone_swap_panns_a6jkby7y/data/PhysioNet2022/training_data/84870_PV.wav,1.0,0.99992836
/tmp/backbone_swap_panns_a6jkby7y/data/PhysioNet2022/training_data/84870_TV.wav,1.0,0.9999294
/tmp/backbone_swap_panns_a6jkby7y/data/PhysioNet2022/training_data/84877_AV.wav,1.0,0.992086
/tmp/backbone_swap_panns_a6jkby7y/data/PhysioNet2022/training_data/84877_MV.wav,1.0,0.9995122
/tmp/backbone_swap_panns_a6jkby7y/data/PhysioNet2022/training_data/84877_PV.wav,1.0,0.9997918
/tmp/backbone_swap_panns_a6jkby7y/data/PhysioNet2022/training_data/84877_TV.wav,1.0,0.9989022
/tmp/backbone_swap_panns_a6jkby7y/data/PhysioNet2022/training_data/84881_AV.wav,1.0,0.99948585
/tmp/backbone_swap_panns_a6jkby7y/data/PhysioNet2022/training_data/84881_MV.wav,1.0,0.99988127
/tmp/backbone_swap_panns_a6jkby7y/data/PhysioNet2022/training_data/84881_PV.wav,1.0,0.99800867
/tmp/backbone_swap_panns_a6jkby7y/data/PhysioNet2022/training_data/84881_TV.wav,1.0,0.99999356
/tmp/backbone_swap_panns_a6jkby7y/data/PhysioNet2022/training_data/84885_AV.wav,1.0,0.99916065
/tmp/backbone_swap_panns_a6jkby7y/data/PhysioNet2022/training_data/84885_MV.wav,1.0,0.99908483
/tmp/backbone_swap_panns_a6jkby7y/data/PhysioNet2022/training_data/84890_AV.wav,1.0,0.9998023
/tmp/backbone_swap_panns_a6jkby7y/data/PhysioNet2022/training_data/84890_MV.wav,1.0,0.99995995
/tmp/backbone_swap_panns_a6jkby7y/data/PhysioNet2022/training_data/84890_PV.wav,1.0,0.99989724
/tmp/backbone_swap_panns_a6jkby7y/data/PhysioNet2022/training_data/84890_TV.wav,1.0,0.99999714
/tmp/backbone_swap_panns_a6jkby7y/data/PhysioNet2022/training_data/84893_AV.wav,1.0,0.9994586
/tmp/backbone_swap_panns_a6jkby7y/data/PhysioNet2022/training_data/84893_PV.wav,1.0,0.9999738
/tmp/backbone_swap_panns_a6jkby7y/data/PhysioNet2022/training_data/84894_AV.wav,1.0,0.99979216
/tmp/backbone_swap_panns_a6jkby7y/data/PhysioNet2022/training_data/84894_MV.wav,1.0,0.9996948
/tmp/backbone_swap_panns_a6jkby7y/data/PhysioNet2022/training_data/84894_PV.wav,1.0,0.99997926
/tmp/backbone_swap_panns_a6jkby7y/data/PhysioNet2022/training_data/84894_TV.wav,1.0,0.9998938
/tmp/backbone_swap_panns_a6jkby7y/data/PhysioNet2022/training_data/84917_AV.wav,1.0,0.9998385
/tmp/backbone_swap_panns_a6jkby7y/data/PhysioNet2022/training_data/84917_MV.wav,1.0,0.99977344
/tmp/backbone_swap_panns_a6jkby7y/data/PhysioNet2022/training_data/84917_PV.wav,1.0,0.99908423
/tmp/backbone_swap_panns_a6jkby7y/data/PhysioNet2022/training_data/84917_TV.wav,1.0,0.9996731
/tmp/backbone_swap_panns_a6jkby7y/data/PhysioNet2022/training_data/84921_AV.wav,1.0,0.99867
/tmp/backbone_swap_panns_a6jkby7y/data/PhysioNet2022/training_data/84921_MV.wav,1.0,0.99941945
/tmp/backbone_swap_panns_a6jkby7y/data/PhysioNet2022/training_data/84921_PV.wav,1.0,0.9997634
/tmp/backbone_swap_panns_a6jkby7y/data/PhysioNet2022/training_data/84921_TV.wav,1.0,0.999992
/tmp/backbone_swap_panns_a6jkby7y/data/PhysioNet2022/training_data/84922_AV.wav,1.0,0.9999881
/tmp/backbone_swap_panns_a6jkby7y/data/PhysioNet2022/training_data/84922_MV.wav,1.0,0.99995124
/tmp/backbone_swap_panns_a6jkby7y/data/PhysioNet2022/training_data/84930_AV.wav,1.0,0.99901605
/tmp/backbone_swap_panns_a6jkby7y/data/PhysioNet2022/training_data/84930_MV.wav,1.0,0.99998105
/tmp/backbone_swap_panns_a6jkby7y/data/PhysioNet2022/training_data/84930_PV.wav,1.0,0.9998
/tmp/backbone_swap_panns_a6jkby7y/data/PhysioNet2022/training_data/84930_TV.wav,1.0,0.99999785
/tmp/backbone_swap_panns_a6jkby7y/data/PhysioNet2022/training_data/84937_AV.wav,1.0,0.99957246
/tmp/backbone_swap_panns_a6jkby7y/data/PhysioNet2022/training_data/84937_MV.wav,1.0,0.9997397
/tmp/backbone_swap_panns_a6jkby7y/data/PhysioNet2022/training_data/84937_PV.wav,1.0,0.9994814
/tmp/backbone_swap_panns_a6jkby7y/data/PhysioNet2022/training_data/84937_TV.wav,1.0,0.9997906
/tmp/backbone_swap_panns_a6jkby7y/data/PhysioNet2022/training_data/84939_AV.wav,1.0,0.99876827
/tmp/backbone_swap_panns_a6jkby7y/data/PhysioNet2022/training_data/84939_MV.wav,1.0,0.99981517
/tmp/backbone_swap_panns_a6jkby7y/data/PhysioNet2022/training_data/84939_PV.wav,1.0,0.9999534
/tmp/backbone_swap_panns_a6jkby7y/data/PhysioNet2022/training_data/84939_TV.wav,1.0,0.99704117
/tmp/backbone_swap_panns_a6jkby7y/data/PhysioNet2022/training_data/84945_AV.wav,1.0,0.9987111
/tmp/backbone_swap_panns_a6jkby7y/data/PhysioNet2022/training_data/84945_MV.wav,1.0,0.9998652
/tmp/backbone_swap_panns_a6jkby7y/data/PhysioNet2022/training_data/84945_PV.wav,1.0,0.99944454
/tmp/backbone_swap_panns_a6jkby7y/data/PhysioNet2022/training_data/84945_TV.wav,1.0,0.9998754
/tmp/backbone_swap_panns_a6jkby7y/data/PhysioNet2022/training_data/84947_AV.wav,1.0,0.9997583
/tmp/backbone_swap_panns_a6jkby7y/data/PhysioNet2022/training_data/84947_MV.wav,1.0,0.99994195
/tmp/backbone_swap_panns_a6jkby7y/data/PhysioNet2022/training_data/84947_PV.wav,1.0,0.9998635
/tmp/backbone_swap_panns_a6jkby7y/data/PhysioNet2022/training_data/84947_TV.wav,1.0,0.99985826
/tmp/backbone_swap_panns_a6jkby7y/data/PhysioNet2022/training_data/84969_MV.wav,1.0,0.99775344
/tmp/backbone_swap_panns_a6jkby7y/data/PhysioNet2022/training_data/84973_AV.wav,1.0,0.9994159
/tmp/backbone_swap_panns_a6jkby7y/data/PhysioNet2022/training_data/84973_MV.wav,1.0,0.99972874
/tmp/backbone_swap_panns_a6jkby7y/data/PhysioNet2022/training_data/84973_PV.wav,1.0,0.99769235
/tmp/backbone_swap_panns_a6jkby7y/data/PhysioNet2022/training_data/84973_TV.wav,1.0,0.99995315
/tmp/backbone_swap_panns_a6jkby7y/data/PhysioNet2022/training_data/84984_MV.wav,1.0,0.9972982
/tmp/backbone_swap_panns_a6jkby7y/data/PhysioNet2022/training_data/84984_PV.wav,1.0,0.995862
/tmp/backbone_swap_panns_a6jkby7y/data/PhysioNet2022/training_data/84988_AV.wav,1.0,0.9996387
/tmp/backbone_swap_panns_a6jkby7y/data/PhysioNet2022/training_data/84988_MV.wav,1.0,0.9997298
/tmp/backbone_swap_panns_a6jkby7y/data/PhysioNet2022/training_data/84988_PV.wav,1.0,0.9994419
/tmp/backbone_swap_panns_a6jkby7y/data/PhysioNet2022/training_data/84992_AV.wav,1.0,0.9999794
/tmp/backbone_swap_panns_a6jkby7y/data/PhysioNet2022/training_data/84992_PV.wav,1.0,0.99946755
/tmp/backbone_swap_panns_a6jkby7y/data/PhysioNet2022/training_data/84992_TV.wav,1.0,0.99990964
/tmp/backbone_swap_panns_a6jkby7y/data/PhysioNet2022/training_data/84994_AV.wav,1.0,0.9999144
/tmp/backbone_swap_panns_a6jkby7y/data/PhysioNet2022/training_data/84994_MV.wav,1.0,0.99994373
/tmp/backbone_swap_panns_a6jkby7y/data/PhysioNet2022/training_data/84994_PV.wav,1.0,0.9987419
/tmp/backbone_swap_panns_a6jkby7y/data/PhysioNet2022/training_data/84994_TV.wav,1.0,0.9999721
/tmp/backbone_swap_panns_a6jkby7y/data/PhysioNet2022/training_data/85002_AV.wav,1.0,0.9997657
/tmp/backbone_swap_panns_a6jkby7y/data/PhysioNet2022/training_data/85002_MV.wav,1.0,0.9999461
/tmp/backbone_swap_panns_a6jkby7y/data/PhysioNet2022/training_data/85002_PV.wav,1.0,0.9997203
/tmp/backbone_swap_panns_a6jkby7y/data/PhysioNet2022/training_data/85002_TV.wav,1.0,0.99994576
/tmp/backbone_swap_panns_a6jkby7y/data/PhysioNet2022/training_data/85010_AV.wav,1.0,0.99934214
/tmp/backbone_swap_panns_a6jkby7y/data/PhysioNet2022/training_data/85010_MV.wav,1.0,0.99949265
/tmp/backbone_swap_panns_a6jkby7y/data/PhysioNet2022/training_data/85010_PV.wav,1.0,0.9998667
/tmp/backbone_swap_panns_a6jkby7y/data/PhysioNet2022/training_data/85010_TV.wav,1.0,0.9999764
/tmp/backbone_swap_panns_a6jkby7y/data/PhysioNet2022/training_data/85024_AV.wav,1.0,0.9996604
/tmp/backbone_swap_panns_a6jkby7y/data/PhysioNet2022/training_data/85024_MV.wav,1.0,0.9988366
/tmp/backbone_swap_panns_a6jkby7y/data/PhysioNet2022/training_data/85024_PV.wav,1.0,0.9999225
/tmp/backbone_swap_panns_a6jkby7y/data/PhysioNet2022/training_data/85024_TV.wav,1.0,0.99993145
/tmp/backbone_swap_panns_a6jkby7y/data/PhysioNet2022/training_data/85033_AV.wav,1.0,0.9998913
/tmp/backbone_swap_panns_a6jkby7y/data/PhysioNet2022/training_data/85033_MV.wav,1.0,0.9998646
/tmp/backbone_swap_panns_a6jkby7y/data/PhysioNet2022/training_data/85033_PV.wav,1.0,0.99963033
/tmp/backbone_swap_panns_a6jkby7y/data/PhysioNet2022/training_data/85033_TV.wav,1.0,0.99999475
/tmp/backbone_swap_panns_a6jkby7y/data/PhysioNet2022/training_data/85043_MV.wav,1.0,0.99993074
/tmp/backbone_swap_panns_a6jkby7y/data/PhysioNet2022/training_data/85043_PV.wav,1.0,0.9999342
/tmp/backbone_swap_panns_a6jkby7y/data/PhysioNet2022/training_data/85043_TV.wav,1.0,0.99978584
/tmp/backbone_swap_panns_a6jkby7y/data/PhysioNet2022/training_data/85044_AV.wav,1.0,0.99957997
/tmp/backbone_swap_panns_a6jkby7y/data/PhysioNet2022/training_data/85044_PV.wav,1.0,0.99978703
/tmp/backbone_swap_panns_a6jkby7y/data/PhysioNet2022/training_data/85048_AV.wav,1.0,0.9997218
/tmp/backbone_swap_panns_a6jkby7y/data/PhysioNet2022/training_data/85048_MV.wav,1.0,0.999729
/tmp/backbone_swap_panns_a6jkby7y/data/PhysioNet2022/training_data/85048_PV.wav,1.0,0.9998472
/tmp/backbone_swap_panns_a6jkby7y/data/PhysioNet2022/training_data/85048_TV.wav,1.0,0.99990094
/tmp/backbone_swap_panns_a6jkby7y/data/PhysioNet2022/training_data/85075_AV.wav,1.0,0.99984396
/tmp/backbone_swap_panns_a6jkby7y/data/PhysioNet2022/training_data/85075_MV.wav,1.0,0.999987
/tmp/backbone_swap_panns_a6jkby7y/data/PhysioNet2022/training_data/85075_PV.wav,1.0,0.9999907
/tmp/backbone_swap_panns_a6jkby7y/data/PhysioNet2022/training_data/85075_TV.wav,1.0,0.9999962
/tmp/backbone_swap_panns_a6jkby7y/data/PhysioNet2022/training_data/85076_MV.wav,1.0,0.99965143
/tmp/backbone_swap_panns_a6jkby7y/data/PhysioNet2022/training_data/85076_PV.wav,1.0,0.99982685
/tmp/backbone_swap_panns_a6jkby7y/data/PhysioNet2022/training_data/85084_AV.wav,1.0,0.99940956
/tmp/backbone_swap_panns_a6jkby7y/data/PhysioNet2022/training_data/85084_PV.wav,1.0,0.9998952
/tmp/backbone_swap_panns_a6jkby7y/data/PhysioNet2022/training_data/85084_TV.wav,1.0,0.9996306
/tmp/backbone_swap_panns_a6jkby7y/data/PhysioNet2022/training_data/85105_PV.wav,1.0,0.99961334
/tmp/backbone_swap_panns_a6jkby7y/data/PhysioNet2022/training_data/85105_TV.wav,1.0,0.9990483
/tmp/backbone_swap_panns_a6jkby7y/data/PhysioNet2022/training_data/85114_AV.wav,1.0,0.9999957
/tmp/backbone_swap_panns_a6jkby7y/data/PhysioNet2022/training_data/85114_MV.wav,1.0,0.99996805
/tmp/backbone_swap_panns_a6jkby7y/data/PhysioNet2022/training_data/85114_PV.wav,1.0,0.9999751
/tmp/backbone_swap_panns_a6jkby7y/data/PhysioNet2022/training_data/85114_TV.wav,1.0,0.9999882
/tmp/backbone_swap_panns_a6jkby7y/data/PhysioNet2022/training_data/85123_AV.wav,1.0,0.9998349
/tmp/backbone_swap_panns_a6jkby7y/data/PhysioNet2022/training_data/85123_MV.wav,1.0,0.99982905
/tmp/backbone_swap_panns_a6jkby7y/data/PhysioNet2022/training_data/85123_PV.wav,1.0,0.999902
/tmp/backbone_swap_panns_a6jkby7y/data/PhysioNet2022/training_data/85123_TV.wav,1.0,0.99980694
/tmp/backbone_swap_panns_a6jkby7y/data/PhysioNet2022/training_data/85124_AV.wav,1.0,0.99960667
/tmp/backbone_swap_panns_a6jkby7y/data/PhysioNet2022/training_data/85124_MV.wav,1.0,0.99995434
/tmp/backbone_swap_panns_a6jkby7y/data/PhysioNet2022/training_data/85124_PV.wav,1.0,0.9995684
/tmp/backbone_swap_panns_a6jkby7y/data/PhysioNet2022/training_data/85124_TV.wav,1.0,0.9999349
/tmp/backbone_swap_panns_a6jkby7y/data/PhysioNet2022/training_data/85128_AV.wav,1.0,0.99997497
/tmp/backbone_swap_panns_a6jkby7y/data/PhysioNet2022/training_data/85128_MV.wav,1.0,0.99992514
/tmp/backbone_swap_panns_a6jkby7y/data/PhysioNet2022/training_data/85128_PV.wav,1.0,0.9999728
/tmp/backbone_swap_panns_a6jkby7y/data/PhysioNet2022/training_data/85128_TV.wav,1.0,0.99999344
/tmp/backbone_swap_panns_a6jkby7y/data/PhysioNet2022/training_data/85133_AV.wav,1.0,0.9997601
/tmp/backbone_swap_panns_a6jkby7y/data/PhysioNet2022/training_data/85133_MV.wav,1.0,0.9996012
/tmp/backbone_swap_panns_a6jkby7y/data/PhysioNet2022/training_data/85133_PV.wav,1.0,0.99959487
/tmp/backbone_swap_panns_a6jkby7y/data/PhysioNet2022/training_data/85133_TV.wav,1.0,0.9949694
/tmp/backbone_swap_panns_a6jkby7y/data/PhysioNet2022/training_data/85135_MV.wav,1.0,0.9993606
/tmp/backbone_swap_panns_a6jkby7y/data/PhysioNet2022/training_data/85135_PV.wav,1.0,0.9999068
/tmp/backbone_swap_panns_a6jkby7y/data/PhysioNet2022/training_data/85135_TV.wav,1.0,0.99995434
/tmp/backbone_swap_panns_a6jkby7y/data/PhysioNet2022/training_data/85136_AV.wav,1.0,0.99985945
/tmp/backbone_swap_panns_a6jkby7y/data/PhysioNet2022/training_data/85136_MV.wav,1.0,0.9981976
/tmp/backbone_swap_panns_a6jkby7y/data/PhysioNet2022/training_data/85136_PV.wav,1.0,0.99974984
/tmp/backbone_swap_panns_a6jkby7y/data/PhysioNet2022/training_data/85136_TV.wav,1.0,0.9999832
/tmp/backbone_swap_panns_a6jkby7y/data/PhysioNet2022/training_data/85140_AV.wav,1.0,0.99994516
/tmp/backbone_swap_panns_a6jkby7y/data/PhysioNet2022/training_data/85140_MV.wav,1.0,0.9999931
/tmp/backbone_swap_panns_a6jkby7y/data/PhysioNet2022/training_data/85140_PV.wav,1.0,0.9999907
/tmp/backbone_swap_panns_a6jkby7y/data/PhysioNet2022/training_data/85143_AV.wav,1.0,0.9942338
/tmp/backbone_swap_panns_a6jkby7y/data/PhysioNet2022/training_data/85143_MV.wav,1.0,0.9996997
/tmp/backbone_swap_panns_a6jkby7y/data/PhysioNet2022/training_data/85143_PV.wav,1.0,0.9998797
/tmp/backbone_swap_panns_a6jkby7y/data/PhysioNet2022/training_data/85143_TV.wav,1.0,0.9997303
/tmp/backbone_swap_panns_a6jkby7y/data/PhysioNet2022/training_data/85145_MV.wav,1.0,0.9999074
/tmp/backbone_swap_panns_a6jkby7y/data/PhysioNet2022/training_data/85148_AV.wav,1.0,0.9999641
/tmp/backbone_swap_panns_a6jkby7y/data/PhysioNet2022/training_data/85148_MV.wav,1.0,0.9989496
/tmp/backbone_swap_panns_a6jkby7y/data/PhysioNet2022/training_data/85148_PV.wav,1.0,0.99592173
/tmp/backbone_swap_panns_a6jkby7y/data/PhysioNet2022/training_data/85148_TV.wav,1.0,0.99961615
/tmp/backbone_swap_panns_a6jkby7y/data/PhysioNet2022/training_data/85151_AV.wav,1.0,0.99942255
/tmp/backbone_swap_panns_a6jkby7y/data/PhysioNet2022/training_data/85151_MV.wav,1.0,0.9982667
/tmp/backbone_swap_panns_a6jkby7y/data/PhysioNet2022/training_data/85151_PV.wav,1.0,0.99984825
/tmp/backbone_swap_panns_a6jkby7y/data/PhysioNet2022/training_data/85151_TV.wav,1.0,0.99950385
/tmp/backbone_swap_panns_a6jkby7y/data/PhysioNet2022/training_data/85155_AV.wav,1.0,0.999481
/tmp/backbone_swap_panns_a6jkby7y/data/PhysioNet2022/training_data/85166_AV.wav,1.0,0.99953115
/tmp/backbone_swap_panns_a6jkby7y/data/PhysioNet2022/training_data/85166_MV.wav,1.0,0.99951375
/tmp/backbone_swap_panns_a6jkby7y/data/PhysioNet2022/training_data/85166_PV.wav,1.0,0.99860245
/tmp/backbone_swap_panns_a6jkby7y/data/PhysioNet2022/training_data/85166_TV.wav,1.0,0.99969673
/tmp/backbone_swap_panns_a6jkby7y/data/PhysioNet2022/training_data/85167_PV.wav,1.0,0.9999088
/tmp/backbone_swap_panns_a6jkby7y/data/PhysioNet2022/training_data/85167_TV.wav,1.0,0.9997297
/tmp/backbone_swap_panns_a6jkby7y/data/PhysioNet2022/training_data/85169_AV.wav,1.0,0.9997595
/tmp/backbone_swap_panns_a6jkby7y/data/PhysioNet2022/training_data/85169_MV.wav,1.0,0.9999927
/tmp/backbone_swap_panns_a6jkby7y/data/PhysioNet2022/training_data/85169_PV.wav,1.0,0.9999548
/tmp/backbone_swap_panns_a6jkby7y/data/PhysioNet2022/training_data/85169_TV.wav,1.0,0.9999951
/tmp/backbone_swap_panns_a6jkby7y/data/PhysioNet2022/training_data/85176_AV.wav,1.0,0.9992077
/tmp/backbone_swap_panns_a6jkby7y/data/PhysioNet2022/training_data/85176_MV.wav,1.0,0.99967086
/tmp/backbone_swap_panns_a6jkby7y/data/PhysioNet2022/training_data/85176_PV.wav,1.0,0.9998398
/tmp/backbone_swap_panns_a6jkby7y/data/PhysioNet2022/training_data/85176_TV.wav,1.0,0.9999896
/tmp/backbone_swap_panns_a6jkby7y/data/PhysioNet2022/training_data/85180_AV.wav,1.0,0.99977344
/tmp/backbone_swap_panns_a6jkby7y/data/PhysioNet2022/training_data/85180_MV.wav,1.0,0.99991345
/tmp/backbone_swap_panns_a6jkby7y/data/PhysioNet2022/training_data/85180_PV.wav,1.0,0.998099
/tmp/backbone_swap_panns_a6jkby7y/data/PhysioNet2022/training_data/85180_TV.wav,1.0,0.9999256
/tmp/backbone_swap_panns_a6jkby7y/data/PhysioNet2022/training_data/85181_AV.wav,1.0,0.9994235
/tmp/backbone_swap_panns_a6jkby7y/data/PhysioNet2022/training_data/85181_PV.wav,1.0,0.99925584
/tmp/backbone_swap_panns_a6jkby7y/data/PhysioNet2022/training_data/85182_AV.wav,1.0,0.9972646
/tmp/backbone_swap_panns_a6jkby7y/data/PhysioNet2022/training_data/85182_MV.wav,1.0,0.9997472
/tmp/backbone_swap_panns_a6jkby7y/data/PhysioNet2022/training_data/85182_PV.wav,1.0,0.99982846
/tmp/backbone_swap_panns_a6jkby7y/data/PhysioNet2022/training_data/85182_TV.wav,1.0,0.99968016
/tmp/backbone_swap_panns_a6jkby7y/data/PhysioNet2022/training_data/85184_AV.wav,1.0,0.9999503
/tmp/backbone_swap_panns_a6jkby7y/data/PhysioNet2022/training_data/85184_MV.wav,1.0,0.9999689
/tmp/backbone_swap_panns_a6jkby7y/data/PhysioNet2022/training_data/85184_PV.wav,1.0,0.99997807
/tmp/backbone_swap_panns_a6jkby7y/data/PhysioNet2022/training_data/85184_TV.wav,1.0,0.999912
/tmp/backbone_swap_panns_a6jkby7y/data/PhysioNet2022/training_data/85192_AV.wav,1.0,0.9999293
/tmp/backbone_swap_panns_a6jkby7y/data/PhysioNet2022/training_data/85192_MV.wav,1.0,0.99983203
/tmp/backbone_swap_panns_a6jkby7y/data/PhysioNet2022/training_data/85192_PV.wav,1.0,0.99952483
/tmp/backbone_swap_panns_a6jkby7y/data/PhysioNet2022/training_data/85192_TV.wav,1.0,0.9999807
/tmp/backbone_swap_panns_a6jkby7y/data/PhysioNet2022/training_data/85196_AV.wav,1.0,0.99980575
/tmp/backbone_swap_panns_a6jkby7y/data/PhysioNet2022/training_data/85196_MV.wav,1.0,0.9998938
/tmp/backbone_swap_panns_a6jkby7y/data/PhysioNet2022/training_data/85196_PV.wav,1.0,0.9994128
/tmp/backbone_swap_panns_a6jkby7y/data/PhysioNet2022/training_data/85196_TV.wav,1.0,0.9999554
/tmp/backbone_swap_panns_a6jkby7y/data/PhysioNet2022/training_data/85197_AV.wav,1.0,0.9999758
/tmp/backbone_swap_panns_a6jkby7y/data/PhysioNet2022/training_data/85197_MV.wav,1.0,0.9999784
/tmp/backbone_swap_panns_a6jkby7y/data/PhysioNet2022/training_data/85197_PV.wav,1.0,0.99983
/tmp/backbone_swap_panns_a6jkby7y/data/PhysioNet2022/training_data/85197_TV.wav,1.0,0.99997914
/tmp/backbone_swap_panns_a6jkby7y/data/PhysioNet2022/training_data/85199_AV.wav,1.0,0.9998647
/tmp/backbone_swap_panns_a6jkby7y/data/PhysioNet2022/training_data/85199_PV.wav,1.0,0.9999082
/tmp/backbone_swap_panns_a6jkby7y/data/PhysioNet2022/training_data/85213_AV.wav,1.0,0.9999691
/tmp/backbone_swap_panns_a6jkby7y/data/PhysioNet2022/training_data/85213_MV.wav,1.0,0.9995425
/tmp/backbone_swap_panns_a6jkby7y/data/PhysioNet2022/training_data/85213_PV.wav,1.0,0.99973494
/tmp/backbone_swap_panns_a6jkby7y/data/PhysioNet2022/training_data/85213_TV.wav,1.0,0.9999275
/tmp/backbone_swap_panns_a6jkby7y/data/PhysioNet2022/training_data/85214_AV.wav,1.0,0.9996917
/tmp/backbone_swap_panns_a6jkby7y/data/PhysioNet2022/training_data/85214_MV.wav,1.0,0.9996816
/tmp/backbone_swap_panns_a6jkby7y/data/PhysioNet2022/training_data/85214_PV.wav,1.0,0.99997234
/tmp/backbone_swap_panns_a6jkby7y/data/PhysioNet2022/training_data/85214_TV.wav,1.0,0.9998863
/tmp/backbone_swap_panns_a6jkby7y/data/PhysioNet2022/training_data/85222_AV.wav,1.0,0.9996785
/tmp/backbone_swap_panns_a6jkby7y/data/PhysioNet2022/training_data/85222_PV.wav,1.0,0.9999901
/tmp/backbone_swap_panns_a6jkby7y/data/PhysioNet2022/training_data/85222_TV.wav,1.0,0.9999809
/tmp/backbone_swap_panns_a6jkby7y/data/PhysioNet2022/training_data/85225_AV.wav,1.0,0.9996191
/tmp/backbone_swap_panns_a6jkby7y/data/PhysioNet2022/training_data/85225_MV.wav,1.0,0.9996203
/tmp/backbone_swap_panns_a6jkby7y/data/PhysioNet2022/training_data/85225_PV.wav,1.0,0.99942064
/tmp/backbone_swap_panns_a6jkby7y/data/PhysioNet2022/training_data/85225_TV.wav,1.0,0.99984074
/tmp/backbone_swap_panns_a6jkby7y/data/PhysioNet2022/training_data/85226_MV.wav,1.0,0.99998176
/tmp/backbone_swap_panns_a6jkby7y/data/PhysioNet2022/training_data/85226_PV.wav,1.0,0.9992567
/tmp/backbone_swap_panns_a6jkby7y/data/PhysioNet2022/training_data/85226_TV.wav,1.0,0.999729
/tmp/backbone_swap_panns_a6jkby7y/data/PhysioNet2022/training_data/85229_MV.wav,1.0,0.9995096
/tmp/backbone_swap_panns_a6jkby7y/data/PhysioNet2022/training_data/85229_PV.wav,1.0,0.99997354
/tmp/backbone_swap_panns_a6jkby7y/data/PhysioNet2022/training_data/85229_TV.wav,1.0,0.9998634
/tmp/backbone_swap_panns_a6jkby7y/data/PhysioNet2022/training_data/85235_AV.wav,1.0,0.9994752
/tmp/backbone_swap_panns_a6jkby7y/data/PhysioNet2022/training_data/85235_MV.wav,1.0,0.99989796
/tmp/backbone_swap_panns_a6jkby7y/data/PhysioNet2022/training_data/85235_PV.wav,1.0,0.99937207
/tmp/backbone_swap_panns_a6jkby7y/data/PhysioNet2022/training_data/85235_TV.wav,1.0,0.99998915
/tmp/backbone_swap_panns_a6jkby7y/data/PhysioNet2022/training_data/85241_AV.wav,1.0,0.9999229
/tmp/backbone_swap_panns_a6jkby7y/data/PhysioNet2022/training_data/85241_MV.wav,1.0,0.9994431
/tmp/backbone_swap_panns_a6jkby7y/data/PhysioNet2022/training_data/85241_PV.wav,1.0,0.9996964
/tmp/backbone_swap_panns_a6jkby7y/data/PhysioNet2022/training_data/85241_TV.wav,1.0,0.99880743
/tmp/backbone_swap_panns_a6jkby7y/data/PhysioNet2022/training_data/85242_MV.wav,1.0,0.9998423
/tmp/backbone_swap_panns_a6jkby7y/data/PhysioNet2022/training_data/85243_AV.wav,1.0,0.99958104
/tmp/backbone_swap_panns_a6jkby7y/data/PhysioNet2022/training_data/85243_PV.wav,1.0,0.9999758
/tmp/backbone_swap_panns_a6jkby7y/data/PhysioNet2022/training_data/85245_AV.wav,1.0,0.9999051
/tmp/backbone_swap_panns_a6jkby7y/data/PhysioNet2022/training_data/85245_PV.wav,1.0,0.9997098
/tmp/backbone_swap_panns_a6jkby7y/data/PhysioNet2022/training_data/85245_TV.wav,1.0,0.9998344
/tmp/backbone_swap_panns_a6jkby7y/data/PhysioNet2022/training_data/85246_AV.wav,1.0,0.99993503
/tmp/backbone_swap_panns_a6jkby7y/data/PhysioNet2022/training_data/85246_MV.wav,1.0,0.99997044
/tmp/backbone_swap_panns_a6jkby7y/data/PhysioNet2022/training_data/85246_PV.wav,1.0,0.9999436
/tmp/backbone_swap_panns_a6jkby7y/data/PhysioNet2022/training_data/85246_TV.wav,1.0,0.99994206
/tmp/backbone_swap_panns_a6jkby7y/data/PhysioNet2022/training_data/85249_AV.wav,1.0,0.9998883
/tmp/backbone_swap_panns_a6jkby7y/data/PhysioNet2022/training_data/85249_MV.wav,1.0,0.99972564
/tmp/backbone_swap_panns_a6jkby7y/data/PhysioNet2022/training_data/85249_PV.wav,1.0,0.9994097
/tmp/backbone_swap_panns_a6jkby7y/data/PhysioNet2022/training_data/85249_TV.wav,1.0,0.99995685
/tmp/backbone_swap_panns_a6jkby7y/data/PhysioNet2022/training_data/85261_AV.wav,1.0,0.9998228
/tmp/backbone_swap_panns_a6jkby7y/data/PhysioNet2022/training_data/85261_MV.wav,1.0,0.9999677
/tmp/backbone_swap_panns_a6jkby7y/data/PhysioNet2022/training_data/85261_PV.wav,1.0,0.9999912
/tmp/backbone_swap_panns_a6jkby7y/data/PhysioNet2022/training_data/85261_TV.wav,1.0,0.9999852
/tmp/backbone_swap_panns_a6jkby7y/data/PhysioNet2022/training_data/85262_AV.wav,1.0,0.99996984
/tmp/backbone_swap_panns_a6jkby7y/data/PhysioNet2022/training_data/85262_MV.wav,1.0,0.9997023
/tmp/backbone_swap_panns_a6jkby7y/data/PhysioNet2022/training_data/85262_PV.wav,1.0,0.9999211
/tmp/backbone_swap_panns_a6jkby7y/data/PhysioNet2022/training_data/85262_TV.wav,1.0,0.99980086
/tmp/backbone_swap_panns_a6jkby7y/data/PhysioNet2022/training_data/85265_AV.wav,1.0,0.9999844
/tmp/backbone_swap_panns_a6jkby7y/data/PhysioNet2022/training_data/85265_MV.wav,1.0,0.9998173
/tmp/backbone_swap_panns_a6jkby7y/data/PhysioNet2022/training_data/85265_PV.wav,1.0,0.9999331
/tmp/backbone_swap_panns_a6jkby7y/data/PhysioNet2022/training_data/85265_TV.wav,1.0,0.9996588
/tmp/backbone_swap_panns_a6jkby7y/data/PhysioNet2022/training_data/85270_AV.wav,1.0,0.999938
/tmp/backbone_swap_panns_a6jkby7y/data/PhysioNet2022/training_data/85270_MV.wav,1.0,0.99995875
/tmp/backbone_swap_panns_a6jkby7y/data/PhysioNet2022/training_data/85270_PV.wav,1.0,0.99998367
/tmp/backbone_swap_panns_a6jkby7y/data/PhysioNet2022/training_data/85270_TV.wav,1.0,0.9999634
/tmp/backbone_swap_panns_a6jkby7y/data/PhysioNet2022/training_data/85279_AV.wav,1.0,0.9999032
/tmp/backbone_swap_panns_a6jkby7y/data/PhysioNet2022/training_data/85279_MV.wav,1.0,0.9999949
/tmp/backbone_swap_panns_a6jkby7y/data/PhysioNet2022/training_data/85279_PV.wav,1.0,0.99995553
/tmp/backbone_swap_panns_a6jkby7y/data/PhysioNet2022/training_data/85279_TV.wav,1.0,0.99993634
/tmp/backbone_swap_panns_a6jkby7y/data/PhysioNet2022/training_data/85286_AV.wav,1.0,0.9996339
/tmp/backbone_swap_panns_a6jkby7y/data/PhysioNet2022/training_data/85286_MV.wav,1.0,0.9998635
/tmp/backbone_swap_panns_a6jkby7y/data/PhysioNet2022/training_data/85286_PV.wav,1.0,0.99900985
/tmp/backbone_swap_panns_a6jkby7y/data/PhysioNet2022/training_data/85286_TV.wav,1.0,0.99992585
/tmp/backbone_swap_panns_a6jkby7y/data/PhysioNet2022/training_data/85287_MV.wav,1.0,0.99982566
/tmp/backbone_swap_panns_a6jkby7y/data/PhysioNet2022/training_data/85287_PV.wav,1.0,0.9996424
/tmp/backbone_swap_panns_a6jkby7y/data/PhysioNet2022/training_data/85287_TV.wav,1.0,0.99988973
/tmp/backbone_swap_panns_a6jkby7y/data/PhysioNet2022/training_data/85288_AV.wav,1.0,0.9998677
/tmp/backbone_swap_panns_a6jkby7y/data/PhysioNet2022/training_data/85288_MV.wav,1.0,0.9997265
/tmp/backbone_swap_panns_a6jkby7y/data/PhysioNet2022/training_data/85288_PV.wav,1.0,0.999686
/tmp/backbone_swap_panns_a6jkby7y/data/PhysioNet2022/training_data/85288_TV.wav,1.0,0.9997756
/tmp/backbone_swap_panns_a6jkby7y/data/PhysioNet2022/training_data/85313_MV.wav,1.0,0.99999666
/tmp/backbone_swap_panns_a6jkby7y/data/PhysioNet2022/training_data/85313_PV.wav,1.0,0.9973623
/tmp/backbone_swap_panns_a6jkby7y/data/PhysioNet2022/training_data/85313_TV.wav,1.0,0.9999951
/tmp/backbone_swap_panns_a6jkby7y/data/PhysioNet2022/training_data/85315_AV.wav,1.0,0.9998485
/tmp/backbone_swap_panns_a6jkby7y/data/PhysioNet2022/training_data/85315_MV.wav,1.0,0.9998091
/tmp/backbone_swap_panns_a6jkby7y/data/PhysioNet2022/training_data/85315_PV.wav,1.0,0.99928325
/tmp/backbone_swap_panns_a6jkby7y/data/PhysioNet2022/training_data/85315_TV.wav,1.0,0.9999356
/tmp/backbone_swap_panns_a6jkby7y/data/PhysioNet2022/training_data/85319_AV.wav,1.0,0.99958163
/tmp/backbone_swap_panns_a6jkby7y/data/PhysioNet2022/training_data/85319_MV.wav,1.0,0.99984074
/tmp/backbone_swap_panns_a6jkby7y/data/PhysioNet2022/training_data/85319_PV.wav,1.0,0.9997198
/tmp/backbone_swap_panns_a6jkby7y/data/PhysioNet2022/training_data/85319_TV.wav,1.0,0.99989533
/tmp/backbone_swap_panns_a6jkby7y/data/PhysioNet2022/training_data/85321_PV.wav,1.0,0.9992956
/tmp/backbone_swap_panns_a6jkby7y/data/PhysioNet2022/training_data/85321_TV.wav,1.0,0.99996996
/tmp/backbone_swap_panns_a6jkby7y/data/PhysioNet2022/training_data/85331_AV.wav,1.0,0.9999267
/tmp/backbone_swap_panns_a6jkby7y/data/PhysioNet2022/training_data/85331_MV.wav,1.0,0.99995565
/tmp/backbone_swap_panns_a6jkby7y/data/PhysioNet2022/training_data/85331_PV.wav,1.0,0.9999639
/tmp/backbone_swap_panns_a6jkby7y/data/PhysioNet2022/training_data/85331_TV.wav,1.0,0.9995547
/tmp/backbone_swap_panns_a6jkby7y/data/PhysioNet2022/training_data/85336_AV.wav,1.0,0.99978656
/tmp/backbone_swap_panns_a6jkby7y/data/PhysioNet2022/training_data/85336_MV.wav,1.0,0.99995625
/tmp/backbone_swap_panns_a6jkby7y/data/PhysioNet2022/training_data/85338_AV.wav,1.0,0.99893147
/tmp/backbone_swap_panns_a6jkby7y/data/PhysioNet2022/training_data/85338_MV.wav,1.0,0.9992693
/tmp/backbone_swap_panns_a6jkby7y/data/PhysioNet2022/training_data/85338_PV.wav,1.0,0.99974877
/tmp/backbone_swap_panns_a6jkby7y/data/PhysioNet2022/training_data/85338_TV.wav,1.0,0.99986506
/tmp/backbone_swap_panns_a6jkby7y/data/PhysioNet2022/training_data/85341_AV.wav,1.0,0.9997532
/tmp/backbone_swap_panns_a6jkby7y/data/PhysioNet2022/training_data/85341_MV.wav,1.0,0.99996865
/tmp/backbone_swap_panns_a6jkby7y/data/PhysioNet2022/training_data/85341_PV.wav,1.0,0.9997416
/tmp/backbone_swap_panns_a6jkby7y/data/PhysioNet2022/training_data/85341_TV.wav,1.0,0.99998033
/tmp/backbone_swap_panns_a6jkby7y/data/PhysioNet2022/training_data/85343_AV.wav,1.0,0.99955624
/tmp/backbone_swap_panns_a6jkby7y/data/PhysioNet2022/training_data/85343_MV.wav,1.0,0.9999068
/tmp/backbone_swap_panns_a6jkby7y/data/PhysioNet2022/training_data/85343_PV.wav,1.0,0.99984264
/tmp/backbone_swap_panns_a6jkby7y/data/PhysioNet2022/training_data/85343_TV.wav,1.0,0.9999927
noise,0.0,0.2095721
noise,0.0,0.09368161
noise,0.0,0.073195964
noise,0.0,0.071764074
noise,0.0,0.14418533
noise,0.0,0.15627564
noise,0.0,0.13044763
noise,0.0,0.02976519
noise,0.0,0.10006087
noise,0.0,0.13047919
noise,0.0,0.13242725
noise,0.0,0.079567544
noise,0.0,0.11504007
noise,0.0,0.4901434
noise,0.0,0.060378734
noise,0.0,0.22753918
noise,0.0,0.22025162
noise,0.0,0.15360898
noise,0.0,0.17993173
noise,0.0,0.16905929
noise,0.0,0.19944416
noise,0.0,0.14452305
noise,0.0,0.2161309
noise,0.0,0.22438231
noise,0.0,0.27883378
noise,0.0,0.14931053
noise,0.0,0.38622048
noise,0.0,0.4431206
noise,0.0,0.040885292
noise,0.0,0.23936774
noise,0.0,0.31546158
noise,0.0,0.10827152
noise,0.0,0.20404771
noise,0.0,0.1857235
noise,0.0,0.07985831
noise,0.0,0.045369264
noise,0.0,0.10051944
noise,0.0,0.3115373
noise,0.0,0.22047602
noise,0.0,0.28174734
noise,0.0,0.09115636
noise,0.0,0.028568313
noise,0.0,0.13146141
noise,0.0,0.4133835
noise,0.0,0.0111048035
noise,0.0,0.051557794
noise,0.0,0.0058876206
noise,0.0,0.34450012
noise,0.0,0.19017072
noise,0.0,0.14114696
noise,0.0,0.35781738
noise,0.0,0.19102097
noise,0.0,0.07711941
noise,0.0,0.11333058
noise,0.0,0.37263444
noise,0.0,0.021021472
noise,0.0,0.32315058
noise,0.0,0.08119893
noise,0.0,0.24995656
noise,0.0,0.4901434
noise,0.0,0.27938172
noise,0.0,0.10117727
noise,0.0,0.030090565
noise,0.0,0.13189465
noise,0.0,0.11202369
noise,0.0,0.009401428
noise,0.0,0.13851133
noise,0.0,0.20604524
noise,0.0,0.24461524
noise,0.0,0.13902873
noise,0.0,0.15202197
noise,0.0,0.09963716
noise,0.0,0.21214464
noise,0.0,0.26549733
noise,0.0,0.31604493
noise,0.0,0.4481456
noise,0.0,0.14222988
noise,0.0,0.30959284
noise,0.0,0.13496546
noise,0.0,0.09355411
noise,0.0,0.17247505
noise,0.0,0.30202553
noise,0.0,0.47311884
noise,0.0,0.1885985
noise,0.0,0.3109722
noise,0.0,0.105519705
noise,0.0,0.17690028
noise,0.0,0.16856067
noise,0.0,0.4991938
noise,0.0,0.073169604
noise,0.0,0.095021494
noise,0.0,0.0177101
noise,0.0,0.29277107
noise,0.0,0.11347975
noise,0.0,0.15984315
noise,0.0,0.2092008
noise,0.0,0.21976732
noise,0.0,0.13452965
noise,0.0,0.11349446
noise,0.0,0.54000103
noise,0.0,0.045156382
noise,0.0,0.106887214
noise,0.0,0.13575006
noise,0.0,0.16847225
noise,0.0,0.22342663
noise,0.0,0.3454424
noise,0.0,0.61863256
noise,0.0,0.085989326
noise,0.0,0.16792051
noise,0.0,0.0148010515
noise,0.0,0.05864999
noise,0.0,0.0843854
noise,0.0,0.11478275
noise,0.0,0.021016488
noise,0.0,0.25843897
noise,0.0,0.19151893
noise,0.0,0.010676766
noise,0.0,0.14359207
noise,0.0,0.41767332
noise,0.0,0.1352768
noise,0.0,0.09704764
noise,0.0,0.8609018
noise,0.0,0.22393881
noise,0.0,0.11324047
noise,0.0,0.1497192
noise,0.0,0.16351831
noise,0.0,0.27964088
noise,0.0,0.010385521
noise,0.0,0.14550741
noise,0.0,0.04993551
noise,0.0,0.053505577
noise,0.0,0.06835076
noise,0.0,0.39700854
noise,0.0,0.14204818
noise,0.0,0.30313206
noise,0.0,0.0920845
noise,0.0,0.04417855
noise,0.0,0.023697346
noise,0.0,0.35311154
noise,0.0,0.031654112
noise,0.0,0.28448558
noise,0.0,0.4238322
noise,0.0,0.13838308
noise,0.0,0.30234882
noise,0.0,0.35293058
noise,0.0,0.55169934
noise,0.0,0.28046396
noise,0.0,0.21231697
noise,0.0,0.07066355
noise,0.0,0.18423118
noise,0.0,0.095602736
noise,0.0,0.2601266
noise,0.0,0.117217064
noise,0.0,0.0042896154
noise,0.0,0.59800005
noise,0.0,0.16288851
noise,0.0,0.34410545
noise,0.0,0.1893929
noise,0.0,0.18640217
noise,0.0,0.10778625
noise,0.0,0.49108592
noise,0.0,0.070643164
noise,0.0,0.2829246
noise,0.0,0.13819796
noise,0.0,0.1403417
noise,0.0,0.23371236
noise,0.0,0.091864325
noise,0.0,0.29082623
noise,0.0,0.0843854
noise,0.0,0.009885848
noise,0.0,0.04793501
noise,0.0,0.22882628
noise,0.0,0.085138924
noise,0.0,0.15271936
noise,0.0,0.15662763
noise,0.0,0.2164433
noise,0.0,0.16089152
noise,0.0,0.12382354
noise,0.0,0.5395184
noise,0.0,0.08370225
noise,0.0,0.21415484
noise,0.0,0.15262897
noise,0.0,0.094315015
noise,0.0,0.24381168
noise,0.0,0.10878615
noise,0.0,0.42818516
noise,0.0,0.17785871
noise,0.0,0.08411475
noise,0.0,0.7697352
noise,0.0,0.10234912
noise,0.0,0.12334808
noise,0.0,0.07000875
noise,0.0,0.9894762
noise,0.0,0.14664572
noise,0.0,0.06229534
noise,0.0,0.011692777
noise,0.0,0.27008894
noise,0.0,0.20919928
noise,0.0,0.039512496
noise,0.0,0.121763624
noise,0.0,0.14608245
noise,0.0,0.19271316
noise,0.0,0.0791413
noise,0.0,0.12525047
noise,0.0,0.13235472
noise,0.0,0.20428637
noise,0.0,0.090190925
noise,0.0,0.1418819
noise,0.0,0.19524387
noise,0.0,0.1907419
noise,0.0,0.14663577
noise,0.0,0.25826132
noise,0.0,0.254834
noise,0.0,0.08237052
noise,0.0,0.08616453
noise,0.0,0.17229232
noise,0.0,0.26436675
noise,0.0,0.06845139
noise,0.0,0.34137523
noise,0.0,0.48273596
noise,0.0,0.3162978
noise,0.0,0.20525473
noise,0.0,0.15655962
noise,0.0,0.08346386
noise,0.0,0.074339576
noise,0.0,0.2174508
noise,0.0,0.2053354
noise,0.0,0.15393798
noise,0.0,0.21140347
noise,0.0,0.21359555
noise,0.0,0.19262923
noise,0.0,0.006584919
noise,0.0,0.33319867
noise,0.0,0.23868583
noise,0.0,0.19936372
noise,0.0,0.2172233
noise,0.0,0.18400557
noise,0.0,0.04660363
noise,0.0,0.085365795
noise,0.0,0.17540623
noise,0.0,0.12467945
noise,0.0,0.09418189
noise,0.0,0.15276787
noise,0.0,0.37442106
noise,0.0,0.15190881
noise,0.0,0.22471121
noise,0.0,0.048757344
noise,0.0,0.11106106
noise,0.0,0.2734946
noise,0.0,0.2067784
noise,0.0,0.17211829
noise,0.0,0.4509144
noise,0.0,0.06269768
noise,0.0,0.074458465
noise,0.0,0.2898786
noise,0.0,0.1302728
noise,0.0,0.005029898
noise,0.0,0.1988305
noise,0.0,0.01109261
noise,0.0,0.07806694
noise,0.0,0.16270131
noise,0.0,0.06995277
noise,0.0,0.055471547
noise,0.0,0.49084127
noise,0.0,0.07760157
noise,0.0,0.22093266
noise,0.0,0.2312511
noise,0.0,0.1880472
noise,0.0,0.28579813
noise,0.0,0.15975796
noise,0.0,0.37077874
noise,0.0,0.1901384
noise,0.0,0.39389017
noise,0.0,0.17485549
noise,0.0,0.06451766
noise,0.0,0.04889972
noise,0.0,0.31037858
noise,0.0,0.013720533
noise,0.0,0.6578441
noise,0.0,0.20806561
noise,0.0,0.12793572
noise,0.0,0.14809822
noise,0.0,0.073770046
noise,0.0,0.16757138
noise,0.0,0.15862182
noise,0.0,0.042886604
noise,0.0,0.24996313
noise,0.0,0.03670236
noise,0.0,0.13592099
noise,0.0,0.5065304
noise,0.0,0.48489916
noise,0.0,0.21497847
noise,0.0,0.10945175
noise,0.0,0.099304266
noise,0.0,0.24192801
noise,0.0,0.16619541
noise,0.0,0.14154162
noise,0.0,0.2069544
noise,0.0,0.18567377
noise,0.0,0.15557876
noise,0.0,0.1949591
noise,0.0,0.2517702
noise,0.0,0.011697512
noise,0.0,0.12939653
noise,0.0,0.3223614
noise,0.0,0.1097748
noise,0.0,0.40146756
noise,0.0,0.09561958
noise,0.0,0.32461634
noise,0.0,0.12865123
noise,0.0,0.13819167
noise,0.0,0.091974124
noise,0.0,0.12019671
noise,0.0,0.17666417
noise,0.0,0.11815695
noise,0.0,0.526499
noise,0.0,0.039351027
noise,0.0,0.28114864
noise,0.0,0.2673593
noise,0.0,0.1221893
noise,0.0,0.13665424
noise,0.0,0.22124083
noise,0.0,0.22131008
noise,0.0,0.03895849
noise,0.0,0.28736702
noise,0.0,0.07212049
noise,0.0,0.646569
noise,0.0,0.0037881988
noise,0.0,0.15973645
noise,0.0,0.12105302
noise,0.0,0.2197891
noise,0.0,0.42632216
noise,0.0,0.20468147
noise,0.0,0.0916043
noise,0.0,0.11071523
noise,0.0,0.1876717
noise,0.0,0.16724929
noise,0.0,0.17023873
noise,0.0,0.18196416
noise,0.0,0.0075495415
noise,0.0,0.00768244
noise,0.0,0.21869051
noise,0.0,0.27309582
noise,0.0,0.18426195
noise,0.0,0.11827318
noise,0.0,0.122345835
noise,0.0,0.62926835
noise,0.0,0.11509737
noise,0.0,0.051091738
noise,0.0,0.42384225
noise,0.0,0.0873879
noise,0.0,0.092380546
noise,0.0,0.13597117
noise,0.0,0.121400885
noise,0.0,0.08815511
noise,0.0,0.056901664
noise,0.0,0.27212664
noise,0.0,0.056129515
noise,0.0,0.08178821
noise,0.0,0.4029363
noise,0.0,0.65008837
noise,0.0,0.20566177
noise,0.0,0.12066113
noise,0.0,0.17317648
noise,0.0,0.042293098
noise,0.0,0.111975834
noise,0.0,0.30737117
noise,0.0,0.11916875
noise,0.0,0.17754078
noise,0.0,0.14572398
noise,0.0,0.44211665
noise,0.0,0.20373522
noise,0.0,0.2521178
noise,0.0,0.67254114
noise,0.0,0.18722032
noise,0.0,0.42242804
noise,0.0,0.15918894
noise,0.0,0.07983023
noise,0.0,0.08244135
noise,0.0,0.20085803
noise,0.0,0.34743103
noise,0.0,0.062487286
noise,0.0,0.07269259
noise,0.0,0.027321767
noise,0.0,0.02854068
noise,0.0,0.21617565
noise,0.0,0.08775402
noise,0.0,0.12954205
noise,0.0,0.12948805
noise,0.0,0.31294805
noise,0.0,0.16850851
noise,0.0,0.10447436
noise,0.0,0.17249481
noise,0.0,0.22388592
noise,0.0,0.06154414
noise,0.0,0.1294119
noise,0.0,0.06736176
noise,0.0,0.2836286
noise,0.0,0.1180025
noise,0.0,0.74644095
noise,0.0,0.08021121
noise,0.0,0.07961525
noise,0.0,0.13203055
noise,0.0,0.058896348
noise,0.0,0.14460556
noise,0.0,0.12225398
noise,0.0,0.11590402
noise,0.0,0.18773428
noise,0.0,0.051530212
noise,0.0,0.28507692
noise,0.0,0.38898066
noise,0.0,0.19973928
noise,0.0,0.26187122
noise,0.0,0.13144134
noise,0.0,0.17539619
noise,0.0,0.43040094
noise,0.0,0.16055396
noise,0.0,0.17684053
noise,0.0,0.096649915
noise,0.0,0.06606357
noise,0.0,0.077688694
noise,0.0,0.15056063
noise,0.0,0.13134073
noise,0.0,0.1542302
noise,0.0,0.093802035
noise,0.0,0.27075282
noise,0.0,0.24547921
noise,0.0,0.21220732
noise,0.0,0.1313237
noise,0.0,0.1596721
noise,0.0,0.55150527
noise,0.0,0.14467691
noise,0.0,0.074761465
noise,0.0,0.14922324
noise,0.0,0.19536354
noise,0.0,0.020501358
noise,0.0,0.10487031
noise,0.0,0.16339806
noise,0.0,0.76923376
noise,0.0,0.20866628
noise,0.0,0.019960372
noise,0.0,0.1710431
noise,0.0,0.07963115
noise,0.0,0.07018443
noise,0.0,0.2632763
noise,0.0,0.031005625
noise,0.0,0.6756359
noise,0.0,0.10536456
noise,0.0,0.018647011
noise,0.0,0.4118956
noise,0.0,0.073348016
noise,0.0,0.28580004
noise,0.0,0.24894612
noise,0.0,0.124853365
noise,0.0,0.10335361
noise,0.0,0.34246865
noise,0.0,0.030090565
noise,0.0,0.072628714
noise,0.0,0.15602277
noise,0.0,0.22639444
noise,0.0,0.016191369
noise,0.0,0.14500472
noise,0.0,0.20773241
noise,0.0,0.06678634
noise,0.0,0.1584955
noise,0.0,0.012705488
noise,0.0,0.102186136
noise,0.0,0.15258035
noise,0.0,0.3171102
noise,0.0,0.10078256
noise,0.0,0.5911423
noise,0.0,0.30167618
noise,0.0,0.20042247
noise,0.0,0.28149343
noise,0.0,0.497343
noise,0.0,0.04175696
noise,0.0,0.23332389
noise,0.0,0.16001517
noise,0.0,0.16576308
noise,0.0,0.24341126
noise,0.0,0.07789923
noise,0.0,0.13375299
noise,0.0,0.09340711
noise,0.0,0.19868717
noise,0.0,0.116744086
noise,0.0,0.08576177
noise,0.0,0.6032296
noise,0.0,0.009147351
noise,0.0,0.0975746
noise,0.0,0.33202773
noise,0.0,0.2280886
noise,0.0,0.20709969
noise,0.0,0.0019961817
noise,0.0,0.12344815
noise,0.0,0.08035848
noise,0.0,0.8611315
noise,0.0,0.07970999
noise,0.0,0.07905823
noise,0.0,0.080163516
noise,0.0,0.2542232
noise,0.0,0.12793963
noise,0.0,0.07350909
noise,0.0,0.70906335
noise,0.0,0.28640556
noise,0.0,0.42793754
noise,0.0,0.12577929
noise,0.0,0.090767786
noise,0.0,0.13580279
noise,0.0,0.1713265
noise,0.0,0.042615548
noise,0.0,0.019600796
noise,0.0,0.023012405
noise,0.0,0.28254604
noise,0.0,0.17670768
noise,0.0,0.03225368
noise,0.0,0.10260268
noise,0.0,0.0145012755
noise,0.0,0.20473363
noise,0.0,0.09062614
noise,0.0,0.22109768
noise,0.0,0.18234594
noise,0.0,0.08427338
noise,0.0,0.029374678
noise,0.0,0.06492988
noise,0.0,0.10208185
noise,0.0,0.1530962
noise,0.0,0.17337307
noise,0.0,0.21950996
noise,0.0,0.008992425
noise,0.0,0.17047153
noise,0.0,0.04412257
noise,0.0,0.53607076
noise,0.0,0.1350751
noise,0.0,0.5225542
noise,0.0,0.24243562
noise,0.0,0.121578865
noise,0.0,0.4133835
noise,0.0,0.0395976
noise,0.0,0.108202115
noise,0.0,0.09229926
noise,0.0,0.21245763
noise,0.0,0.008363237
noise,0.0,0.022800542
noise,0.0,0.07407119
noise,0.0,0.2132654
noise,0.0,0.046408888
noise,0.0,0.3859204
noise,0.0,0.22125395
noise,0.0,0.06514903
noise,0.0,0.15492487
noise,0.0,0.1557584
noise,0.0,0.33520183
noise,0.0,0.12143667
noise,0.0,0.1788625
noise,0.0,0.16468935
noise,0.0,0.20867255
noise,0.0,0.23504244
noise,0.0,0.16335218
noise,0.0,0.21999158
noise,0.0,0.006396137
noise,0.0,0.25671288
noise,0.0,0.026629915
noise,0.0,0.10003468
noise,0.0,0.17800711
noise,0.0,0.010527337
noise,0.0,0.11275309
noise,0.0,0.0401626
noise,0.0,0.1950501
noise,0.0,0.09251393
noise,0.0,0.12607338
noise,0.0,0.16458994
noise,0.0,0.11109035
noise,0.0,0.6291423
noise,0.0,0.1217921
noise,0.0,0.10335361
noise,0.0,0.018584577
noise,0.0,0.05175473
noise,0.0,0.10101592
noise,0.0,0.30992243
noise,0.0,0.19616449
noise,0.0,0.14846379
noise,0.0,0.6980072
noise,0.0,0.060664102
noise,0.0,0.15997997
noise,0.0,0.18196164
noise,0.0,0.16711268
noise,0.0,0.29958397
noise,0.0,0.45233208
noise,0.0,0.17771947
noise,0.0,0.20793445
noise,0.0,0.14711699
noise,0.0,0.60950625
noise,0.0,0.45929992
noise,0.0,0.15235293
noise,0.0,0.6888131
noise,0.0,0.29405084
noise,0.0,0.040203955
noise,0.0,0.19888358
noise,0.0,0.18438904
noise,0.0,0.8292243
noise,0.0,0.18034545
noise,0.0,0.10574327
noise,0.0,0.34155202
noise,0.0,0.26487264
noise,0.0,0.21750203
noise,0.0,0.2192152
noise,0.0,0.328271
noise,0.0,0.062492058
noise,0.0,0.050270244
noise,0.0,0.23194279
noise,0.0,0.11366128
noise,0.0,0.70961386
noise,0.0,0.1434645
noise,0.0,0.15183406
noise,0.0,0.17483135
noise,0.0,0.12500092
noise,0.0,0.012876185
noise,0.0,0.05379893
noise,0.0,0.030994723
noise,0.0,0.22405906
noise,0.0,0.24933083
noise,0.0,0.20762332
noise,0.0,0.13403146
noise,0.0,0.059814177
noise,0.0,0.37876752
noise,0.0,0.07265141
noise,0.0,0.60023326
noise,0.0,0.051102664
noise,0.0,0.2784362
noise,0.0,0.21081349
noise,0.0,0.16201764
noise,0.0,0.08520815
noise,0.0,0.13640182
noise,0.0,0.16502726
noise,0.0,0.083211206
noise,0.0,0.1727561
noise,0.0,0.071223825
noise,0.0,0.022230636
noise,0.0,0.118439056
noise,0.0,0.5386498
noise,0.0,0.1185554
noise,0.0,0.6817321
noise,0.0,0.7924012
noise,0.0,0.108328626
noise,0.0,0.15856007
noise,0.0,0.1388016
noise,0.0,0.04957972
noise,0.0,0.42445835
noise,0.0,0.22018068
noise,0.0,0.21736993
noise,0.0,0.14546266
noise,0.0,0.01062847
noise,0.0,0.17292674
noise,0.0,0.21271054
noise,0.0,0.21493824
noise,0.0,0.13800581
noise,0.0,0.13531734
noise,0.0,0.090580404
noise,0.0,0.09788104
noise,0.0,0.09917175
noise,0.0,0.188289
noise,0.0,0.069864646
noise,0.0,0.009999083
noise,0.0,0.045431327
noise,0.0,0.08095594
noise,0.0,0.30306774
noise,0.0,0.2674103
noise,0.0,0.3433155
noise,0.0,0.33954668
noise,0.0,0.84299874
noise,0.0,0.23808527
noise,0.0,0.0869603
noise,0.0,0.24719201
noise,0.0,0.07422213
noise,0.0,0.27043825
noise,0.0,0.09533289
noise,0.0,0.18013898
noise,0.0,0.18854776
noise,0.0,0.03763515
noise,0.0,0.39975813
noise,0.0,0.02105115
noise,0.0,0.76483893
noise,0.0,0.24561727
noise,0.0,0.25565785
noise,0.0,0.41597047
noise,0.0,0.24622957
noise,0.0,0.21428667
noise,0.0,0.055172734
noise,0.0,0.35019335
noise,0.0,0.416708
noise,0.0,0.079333544
noise,0.0,0.10335556
noise,0.0,0.05606869
noise,0.0,0.0643524
noise,0.0,0.18088697
noise,0.0,0.19043867
noise,0.0,0.21244977
noise,0.0,0.029609807
noise,0.0,0.5092031
noise,0.0,0.31630874
noise,0.0,0.22131588
noise,0.0,0.050785672
noise,0.0,0.09875294
noise,0.0,0.11956244
noise,0.0,0.07874959
noise,0.0,0.46845183
noise,0.0,0.14397357
noise,0.0,0.24629156
noise,0.0,0.183604
noise,0.0,0.13169797
noise,0.0,0.21114847
noise,0.0,0.07539591
noise,0.0,0.07236387
noise,0.0,0.067091174
noise,0.0,0.14696911
noise,0.0,0.20690061
noise,0.0,0.25004598
noise,0.0,0.17022799
noise,0.0,0.29565543
noise,0.0,0.23249578
noise,0.0,0.11380818
noise,0.0,0.6991463
noise,0.0,0.07114063
noise,0.0,0.15699467
noise,0.0,0.17833742
noise,0.0,0.27046263
noise,0.0,0.050721854
noise,0.0,0.37180266
noise,0.0,0.121637546
noise,0.0,0.28079578
noise,0.0,0.2172101
noise,0.0,0.07529069
noise,0.0,0.1614561
noise,0.0,0.12296533
noise,0.0,0.3104822
noise,0.0,0.1587753
noise,0.0,0.10397452
noise,0.0,0.109535396
noise,0.0,0.029859621
noise,0.0,0.20247944
noise,0.0,0.671267
noise,0.0,0.043646
noise,0.0,0.23828325
noise,0.0,0.2816219
noise,0.0,0.07407119
noise,0.0,0.083903395
noise,0.0,0.051604938
noise,0.0,0.22356306
noise,0.0,0.2219195
noise,0.0,0.24144629
noise,0.0,0.50364786
noise,0.0,0.19490293
noise,0.0,0.11679411
noise,0.0,0.10749414
noise,0.0,0.20405798
noise,0.0,0.10951845
noise,0.0,0.22181034
noise,0.0,0.12979592
noise,0.0,0.037844803
noise,0.0,0.14191097
noise,0.0,0.07625394
noise,0.0,0.05606869
noise,0.0,0.15315022
noise,0.0,0.27746746
noise,0.0,0.47455195
noise,0.0,0.15716653
noise,0.0,0.30697381
noise,0.0,0.68476015
noise,0.0,0.7478283
noise,0.0,0.35664228
noise,0.0,0.25286195
noise,0.0,0.13232113
noise,0.0,0.055141486
noise,0.0,0.7543269
noise,0.0,0.15035033
noise,0.0,0.09406681
noise,0.0,0.11286277
noise,0.0,0.3693408
noise,0.0,0.41180032
noise,0.0,0.4605894
noise,0.0,0.12526618
noise,0.0,0.18038572
noise,0.0,0.07368185
noise,0.0,0.25471213
noise,0.0,0.25702277
noise,0.0,0.2500011
noise,0.0,0.49415743
noise,0.0,0.10557173
noise,0.0,0.18906349
noise,0.0,0.21900815
noise,0.0,0.005556108
noise,0.0,0.33776844
noise,0.0,0.19280723
noise,0.0,0.19369647
noise,0.0,0.15308288
noise,0.0,0.2583814
noise,0.0,0.044217568
noise,0.0,0.14283422
noise,0.0,0.14340004
noise,0.0,0.018330427
noise,0.0,0.5865607
noise,0.0,0.06294015
noise,0.0,0.29839328
noise,0.0,0.13414289
noise,0.0,0.12932946
noise,0.0,0.22148448
noise,0.0,0.51741946
noise,0.0,0.100856975
noise,0.0,0.1268319
noise,0.0,0.42243972
noise,0.0,0.88403696
noise,0.0,0.04385992
noise,0.0,0.035114266
noise,0.0,0.3565534
noise,0.0,0.27748322
noise,0.0,0.1354754
noise,0.0,0.19678375
noise,0.0,0.07469183
noise,0.0,0.4744294
noise,0.0,0.4323445
noise,0.0,0.061972473
noise,0.0,0.11749022
noise,0.0,0.041416034
noise,0.0,0.13414118
noise,0.0,0.13506258
noise,0.0,0.11588707
noise,0.0,0.864144
noise,0.0,0.06995248
noise,0.0,0.050074585
noise,0.0,0.17105986
noise,0.0,0.13992569
noise,0.0,0.09458399
noise,0.0,0.14970675
noise,0.0,0.14753975
noise,0.0,0.46543682
noise,0.0,0.25833592
noise,0.0,0.17436126
noise,0.0,0.1739949
noise,0.0,0.51777273
noise,0.0,0.10056179
noise,0.0,0.065107316
noise,0.0,0.12136642
noise,0.0,0.1452189
noise,0.0,0.13550603
noise,0.0,0.62478113
noise,0.0,0.112922356
noise,0.0,0.44491076
noise,0.0,0.29447973
noise,0.0,0.20437665
noise,0.0,0.23237383
noise,0.0,0.22180855
noise,0.0,0.2024044
noise,0.0,0.1471671
noise,0.0,0.27477956
noise,0.0,0.452683
noise,0.0,0.18402675
noise,0.0,0.40986353
noise,0.0,0.07976985
noise,0.0,0.17879489
noise,0.0,0.21683969
noise,0.0,0.093860954
noise,0.0,0.15031117
noise,0.0,0.110962234
noise,0.0,0.13270827
noise,0.0,0.42988512
noise,0.0,0.08431963
noise,0.0,0.33985576
noise,0.0,0.30951142
noise,0.0,0.16404472
noise,0.0,0.15674494
noise,0.0,0.055075016
noise,0.0,0.07221548
noise,0.0,0.19641703
noise,0.0,0.1503647
noise,0.0,0.03369797
noise,0.0,0.069138
noise,0.0,0.042772617
noise,0.0,0.23153818
noise,0.0,0.015636845
noise,0.0,0.13139929
noise,0.0,0.107166685
noise,0.0,0.5147835
noise,0.0,0.13910648
noise,0.0,0.13910423
noise,0.0,0.078570455
noise,0.0,0.19538195
noise,0.0,0.14302586
noise,0.0,0.17617945
noise,0.0,0.037274458
noise,0.0,0.3029857
noise,0.0,0.0008598948
noise,0.0,0.17156814
noise,0.0,0.004655046
noise,0.0,0.17092417
noise,0.0,0.3146331
noise,0.0,0.066554435
noise,0.0,0.03129681
noise,0.0,0.13814545
noise,0.0,0.14693184
noise,0.0,0.11421098
noise,0.0,0.027106287
noise,0.0,0.11209608
noise,0.0,0.007970734
noise,0.0,0.13749959
noise,0.0,0.20122738
noise,0.0,0.12860566
noise,0.0,0.015633792
noise,0.0,0.14710522
noise,0.0,0.21853888
noise,0.0,0.7567332
noise,0.0,0.22722238
noise,0.0,0.11170457
noise,0.0,0.027158117
noise,0.0,0.16952787
noise,0.0,0.24198449
noise,0.0,0.32105806
noise,0.0,0.26577693
noise,0.0,0.04537343
noise,0.0,0.2586223
noise,0.0,0.113603845
noise,0.0,0.26483917
noise,0.0,0.86613667
noise,0.0,0.10663436
noise,0.0,0.02673677
noise,0.0,0.18039662
noise,0.0,0.078556135
noise,0.0,0.003389366
noise,0.0,0.13270319
noise,0.0,0.00706686
noise,0.0,0.058180094
noise,0.0,0.08680968
noise,0.0,0.24911924
noise,0.0,0.042832162
noise,0.0,0.08555655
noise,0.0,0.12017548
noise,0.0,0.19587885
noise,0.0,0.0447392
noise,0.0,0.15263732
noise,0.0,0.2748543
noise,0.0,0.12322835
noise,0.0,0.22518815
noise,0.0,0.15315711
noise,0.0,0.08126677
noise,0.0,0.123204395
noise,0.0,0.17782098
noise,0.0,0.13026987
noise,0.0,0.0542982
noise,0.0,0.16667858
noise,0.0,0.26926348
noise,0.0,0.021693248
noise,0.0,0.15826137
noise,0.0,0.14001001
noise,0.0,0.10465082
noise,0.0,0.17630625
noise,0.0,0.08521617
noise,0.0,0.29311252
noise,0.0,0.46548173
noise,0.0,0.06861331
noise,0.0,0.08122468
noise,0.0,0.2216569
noise,0.0,0.16916323
noise,0.0,0.1218263
noise,0.0,0.079827815
noise,0.0,0.30617037
noise,0.0,0.6483193
noise,0.0,0.090162635
noise,0.0,0.19870672
noise,0.0,0.09028785
noise,0.0,0.09776435
noise,0.0,0.13506353
noise,0.0,0.10027043
noise,0.0,0.12414423
noise,0.0,0.2162965
noise,0.0,0.036829807
noise,0.0,0.14620978
noise,0.0,0.49494582
noise,0.0,0.30139795
noise,0.0,0.19802074
noise,0.0,0.028566195
noise,0.0,0.12925197
noise,0.0,0.104430616
noise,0.0,0.072746746
noise,0.0,0.13267282
noise,0.0,0.16447544
noise,0.0,0.068863414
noise,0.0,0.009806664
noise,0.0,0.17513764
noise,0.0,0.10422523
noise,0.0,0.43887067
noise,0.0,0.23942508
noise,0.0,0.28822735
noise,0.0,0.21908727
noise,0.0,0.013237805
noise,0.0,0.39703786
noise,0.0,0.11332908
noise,0.0,0.10106027
noise,0.0,0.5288524
noise,0.0,0.17695951
noise,0.0,0.08462526
noise,0.0,0.24947955
noise,0.0,0.007535464
noise,0.0,0.0044427975
noise,0.0,0.15248312
noise,0.0,0.02654397
noise,0.0,0.1550908
noise,0.0,0.14528008
noise,0.0,0.6030579
noise,0.0,0.23015766
noise,0.0,0.17910087
noise,0.0,0.5499331
noise,0.0,0.22153787
noise,0.0,0.09561472
noise,0.0,0.106725454
noise,0.0,0.45378247
noise,0.0,0.12743962
noise,0.0,0.13156281
noise,0.0,0.032189764
noise,0.0,0.14616925
noise,0.0,0.054481767
noise,0.0,0.10358865
noise,0.0,0.19574812
noise,0.0,0.13638131
noise,0.0,0.1453722
noise,0.0,0.16890158
noise,0.0,0.29077822
noise,0.0,0.052194025
noise,0.0,0.18719333
noise,0.0,0.09823533
noise,0.0,0.16992587
noise,0.0,0.20894334
noise,0.0,0.32261592
noise,0.0,0.18603228
noise,0.0,0.17251246
noise,0.0,0.30633354
noise,0.0,0.038801838
noise,0.0,0.11353322
noise,0.0,0.02743937
noise,0.0,0.19341786
noise,0.0,0.52477485
noise,0.0,0.1716051
noise,0.0,0.26258934
noise,0.0,0.08877045
noise,0.0,0.17580284
noise,0.0,0.0831876
noise,0.0,0.09781497
noise,0.0,0.12468735
noise,0.0,0.21620181
noise,0.0,0.12860294
noise,0.0,0.24298562
noise,0.0,0.19909641
noise,0.0,0.3804022
noise,0.0,0.35644102
noise,0.0,0.20958592
noise,0.0,0.083092235
noise,0.0,0.1455816
noise,0.0,0.085619524
noise,0.0,0.520902
