filename,y_true,probs
/tmp/unfreezing_ablation_full_bibkj0rz/data/PhysioNet2022/training_data/13918_AV.wav,1.0,0.01691792
/tmp/unfreezing_ablation_full_bibkj0rz/data/PhysioNet2022/training_data/13918_MV.wav,1.0,0.031992346
/tmp/unfreezing_ablation_full_bibkj0rz/data/PhysioNet2022/training_data/13918_PV.wav,1.0,0.022582337
/tmp/unfreezing_ablation_full_bibkj0rz/data/PhysioNet2022/training_data/13918_TV.wav,1.0,0.6618811
/tmp/unfreezing_ablation_full_bibkj0rz/data/PhysioNet2022/training_data/14998_AV.wav,1.0,0.035772182
/tmp/unfreezing_ablation_full_bibkj0rz/data/PhysioNet2022/training_data/14998_MV.wav,1.0,0.020314809
/tmp/unfreezing_ablation_full_bibkj0rz/data/PhysioNet2022/training_data/14998_PV.wav,1.0,0.19225858
/tmp/unfreezing_ablation_full_bibkj0rz/data/PhysioNet2022/training_data/14998_TV.wav,1.0,0.039918587
/tmp/unfreezing_ablation_full_bibkj0rz/data/PhysioNet2022/training_data/2530_AV.wav,1.0,0.04375887
/tmp/unfreezing_ablation_full_bibkj0rz/data/PhysioNet2022/training_data/2530_MV.wav,1.0,0.07828755
/tmp/unfreezing_ablation_full_bibkj0rz/data/PhysioNet2022/training_data/2530_PV.wav,1.0,0.056767937
/tmp/unfreezing_ablation_full_bibkj0rz/data/PhysioNet2022/training_data/2530_TV.wav,1.0,0.027598122
/tmp/unfreezing_ablation_full_bibkj0rz/data/PhysioNet2022/training_data/29378_AV.wav,1.0,0.028589858
/tmp/unfreezing_ablation_full_bibkj0rz/data/PhysioNet2022/training_data/29378_MV.wav,1.0,0.017603276
/tmp/unfreezing_ablation_full_bibkj0rz/data/PhysioNet2022/training_data/36327_AV.wav,1.0,0.027069245
/tmp/unfreezing_ablation_full_bibkj0rz/data/PhysioNet2022/training_data/36327_MV.wav,1.0,0.026489245
/tmp/unfreezing_ablation_full_bibkj0rz/data/PhysioNet2022/training_data/36327_PV.wav,1.0,0.11094238
/tmp/unfreezing_ablation_full_bibkj0rz/data/PhysioNet2022/training_data/36327_TV.wav,1.0,0.05914393
/tmp/unfreezing_ablation_full_bibkj0rz/data/PhysioNet2022/training_data/46579_AV.wav,1.0,0.018552685
/tmp/unfreezing_ablation_full_bibkj0rz/data/PhysioNet2022/training_data/46579_MV.wav,1.0,0.026498843
/tmp/unfreezing_ablation_full_bibkj0rz/data/PhysioNet2022/training_data/46579_PV.wav,1.0,0.0352695
/tmp/unfreezing_ablation_full_bibkj0rz/data/PhysioNet2022/training_data/46579_TV.wav,1.0,0.06524017
/tmp/unfreezing_ablation_full_bibkj0rz/data/PhysioNet2022/training_data/47002_AV.wav,1.0,0.031837493
/tmp/unfreezing_ablation_full_bibkj0rz/data/PhysioNet2022/training_data/47002_MV.wav,1.0,0.013338339
/tmp/unfreezing_ablation_full_bibkj0rz/data/PhysioNet2022/training_data/49568_AV.wav,1.0,0.04205746
/tmp/unfreezing_ablation_full_bibkj0rz/data/PhysioNet2022/training_data/49568_MV.wav,1.0,0.03417119
/tmp/unfreezing_ablation_full_bibkj0rz/data/PhysioNet2022/training_data/49568_PV.wav,1.0,0.020139927
/tmp/unfreezing_ablation_full_bibkj0rz/data/PhysioNet2022/training_data/49568_TV.wav,1.0,0.019188195
/tmp/unfreezing_ablation_full_bibkj0rz/data/PhysioNet2022/training_data/49572_MV.wav,1.0,0.021722443
/tmp/unfreezing_ablation_full_bibkj0rz/data/PhysioNet2022/training_data/49572_PV.wav,1.0,0.032664064
/tmp/unfreezing_ablation_full_bibkj0rz/data/PhysioNet2022/training_data/49572_TV.wav,1.0,0.030589428
/tmp/unfreezing_ablation_full_bibkj0rz/data/PhysioNet2022/training_data/49574_AV.wav,1.0,0.10704796
/tmp/unfreezing_ablation_full_bibkj0rz/data/PhysioNet2022/training_data/49574_MV.wav,1.0,0.037601516
/tmp/unfreezing_ablation_full_bibkj0rz/data/PhysioNet2022/training_data/49574_PV.wav,1.0,0.022257518
/tmp/unfreezing_ablation_full_bibkj0rz/data/PhysioNet2022/training_data/49574_TV.wav,1.0,0.019321056
/tmp/unfreezing_ablation_full_bibkj0rz/data/PhysioNet2022/training_data/49585_AV.wav,1.0,0.087000854
/tmp/unfreezing_ablation_full_bibkj0rz/data/PhysioNet2022/training_data/49585_MV.wav,1.0,0.018294875
/tmp/unfreezing_ablation_full_bibkj0rz/data/PhysioNet2022/training_data/49585_PV.wav,1.0,0.02946278
/tmp/unfreezing_ablation_full_bibkj0rz/data/PhysioNet2022/training_data/49585_TV.wav,1.0,0.049109854
/tmp/unfreezing_ablation_full_bibkj0rz/data/PhysioNet2022/training_data/49622_AV.wav,1.0,0.01817838
/tmp/unfreezing_ablation_full_bibkj0rz/data/PhysioNet2022/training_data/49622_MV.wav,1.0,0.055353124
/tmp/unfreezing_ablation_full_bibkj0rz/data/PhysioNet2022/training_data/49638_AV.wav,1.0,0.023994733
/tmp/unfreezing_ablation_full_bibkj0rz/data/PhysioNet2022/training_data/49638_MV.wav,1.0,0.019415516
/tmp/unfreezing_ablation_full_bibkj0rz/data/PhysioNet2022/training_data/49638_PV.wav,1.0,0.026145246
/tmp/unfreezing_ablation_full_bibkj0rz/data/PhysioNet2022/training_data/49669_MV.wav,1.0,0.026612647
/tmp/unfreezing_ablation_full_bibkj0rz/data/PhysioNet2022/training_data/49669_PV.wav,1.0,0.097932965
/tmp/unfreezing_ablation_full_bibkj0rz/data/PhysioNet2022/training_data/49704_AV.wav,1.0,0.030170342
/tmp/unfreezing_ablation_full_bibkj0rz/data/PhysioNet2022/training_data/49704_MV.wav,1.0,0.044691436
/tmp/unfreezing_ablation_full_bibkj0rz/data/PhysioNet2022/training_data/49712_AV.wav,1.0,0.029065805
/tmp/unfreezing_ablation_full_bibkj0rz/data/PhysioNet2022/training_data/49712_MV.wav,1.0,0.020119812
/tmp/unfreezing_ablation_full_bibkj0rz/data/PhysioNet2022/training_data/49712_PV.wav,1.0,0.027016189
/tmp/unfreezing_ablation_full_bibkj0rz/data/PhysioNet2022/training_data/49712_TV.wav,1.0,0.02681267
/tmp/unfreezing_ablation_full_bibkj0rz/data/PhysioNet2022/training_data/49745_AV.wav,1.0,0.02600638
/tmp/unfreezing_ablation_full_bibkj0rz/data/PhysioNet2022/training_data/49745_MV.wav,1.0,0.019329483
/tmp/unfreezing_ablation_full_bibkj0rz/data/PhysioNet2022/training_data/49745_PV.wav,1.0,0.013790733
/tmp/unfreezing_ablation_full_bibkj0rz/data/PhysioNet2022/training_data/49745_TV.wav,1.0,0.06592165
/tmp/unfreezing_ablation_full_bibkj0rz/data/PhysioNet2022/training_data/49748_AV_1.wav,1.0,0.02453266
/tmp/unfreezing_ablation_full_bibkj0rz/data/PhysioNet2022/training_data/49748_AV_2.wav,1.0,0.032858454
/tmp/unfreezing_ablation_full_bibkj0rz/data/PhysioNet2022/training_data/49748_MV.wav,1.0,0.06897966
/tmp/unfreezing_ablation_full_bibkj0rz/data/PhysioNet2022/training_data/49748_PV_1.wav,1.0,0.016174309
/tmp/unfreezing_ablation_full_bibkj0rz/data/PhysioNet2022/training_data/49748_PV_2.wav,1.0,0.07033387
/tmp/unfreezing_ablation_full_bibkj0rz/data/PhysioNet2022/training_data/49748_TV.wav,1.0,0.013792646
/tmp/unfreezing_ablation_full_bibkj0rz/data/PhysioNet2022/training_data/49761_AV.wav,1.0,0.032253955
/tmp/unfreezing_ablation_full_bibkj0rz/data/PhysioNet2022/training_data/49761_MV.wav,1.0,0.02494977
/tmp/unfreezing_ablation_full_bibkj0rz/data/PhysioNet2022/training_data/49808_MV.wav,1.0,0.24320598
/tmp/unfreezing_ablation_full_bibkj0rz/data/PhysioNet2022/training_data/49808_PV.wav,1.0,0.069540046
/tmp/unfreezing_ablation_full_bibkj0rz/data/PhysioNet2022/training_data/49808_TV.wav,1.0,0.029467063
/tmp/unfreezing_ablation_full_bibkj0rz/data/PhysioNet2022/training_data/49821_AV.wav,1.0,0.9539435
/tmp/unfreezing_ablation_full_bibkj0rz/data/PhysioNet2022/training_data/49821_MV.wav,1.0,0.187567
/tmp/unfreezing_ablation_full_bibkj0rz/data/PhysioNet2022/training_data/49821_PV.wav,1.0,0.025039569
/tmp/unfreezing_ablation_full_bibkj0rz/data/PhysioNet2022/training_data/49821_TV.wav,1.0,0.023381956
/tmp/unfreezing_ablation_full_bibkj0rz/data/PhysioNet2022/training_data/49823_MV.wav,1.0,0.08047863
/tmp/unfreezing_ablation_full_bibkj0rz/data/PhysioNet2022/training_data/49823_PV.wav,1.0,0.030194152
/tmp/unfreezing_ablation_full_bibkj0rz/data/PhysioNet2022/training_data/49823_TV.wav,1.0,0.016547047
/tmp/unfreezing_ablation_full_bibkj0rz/data/PhysioNet2022/training_data/49829_AV.wav,1.0,0.0319296
/tmp/unfreezing_ablation_full_bibkj0rz/data/PhysioNet2022/training_data/49829_MV.wav,1.0,0.069804244
/tmp/unfreezing_ablation_full_bibkj0rz/data/PhysioNet2022/training_data/49829_PV.wav,1.0,0.026586639
/tmp/unfreezing_ablation_full_bibkj0rz/data/PhysioNet2022/training_data/49829_TV.wav,1.0,0.02430814
/tmp/unfreezing_ablation_full_bibkj0rz/data/PhysioNet2022/training_data/49832_AV.wav,1.0,0.043394413
/tmp/unfreezing_ablation_full_bibkj0rz/data/PhysioNet2022/training_data/49832_MV.wav,1.0,0.026378084
/tmp/unfreezing_ablation_full_bibkj0rz/data/PhysioNet2022/training_data/49839_AV.wav,1.0,0.012616149
/tmp/unfreezing_ablation_full_bibkj0rz/data/PhysioNet2022/training_data/49839_MV.wav,1.0,0.027078357
/tmp/unfreezing_ablation_full_bibkj0rz/data/PhysioNet2022/training_data/49839_PV.wav,1.0,0.2678641
/tmp/unfreezing_ablation_full_bibkj0rz/data/PhysioNet2022/training_data/49839_TV.wav,1.0,0.7724284
/tmp/unfreezing_ablation_full_bibkj0rz/data/PhysioNet2022/training_data/49854_AV.wav,1.0,0.032360382
/tmp/unfreezing_ablation_full_bibkj0rz/data/PhysioNet2022/training_data/49854_MV.wav,1.0,0.022671212
/tmp/unfreezing_ablation_full_bibkj0rz/data/PhysioNet2022/training_data/49854_PV.wav,1.0,0.035868485
/tmp/unfreezing_ablation_full_bibkj0rz/data/PhysioNet2022/training_data/49854_TV.wav,1.0,0.03995694
/tmp/unfreezing_ablation_full_bibkj0rz/data/PhysioNet2022/training_data/49873_AV.wav,1.0,0.025295582
/tmp/unfreezing_ablation_full_bibkj0rz/data/PhysioNet2022/training_data/49873_MV.wav,1.0,0.15880239
/tmp/unfreezing_ablation_full_bibkj0rz/data/PhysioNet2022/training_data/49876_AV.wav,1.0,0.03683233
/tmp/unfreezing_ablation_full_bibkj0rz/data/PhysioNet2022/training_data/49876_MV.wav,1.0,0.023263553
/tmp/unfreezing_ablation_full_bibkj0rz/data/PhysioNet2022/training_data/49876_PV.wav,1.0,0.018410854
/tmp/unfreezing_ablation_full_bibkj0rz/data/PhysioNet2022/training_data/49876_TV.wav,1.0,0.023985734
/tmp/unfreezing_ablation_full_bibkj0rz/data/PhysioNet2022/training_data/49896_AV.wav,1.0,0.021539645
/tmp/unfreezing_ablation_full_bibkj0rz/data/PhysioNet2022/training_data/49896_MV.wav,1.0,0.044936005
/tmp/unfreezing_ablation_full_bibkj0rz/data/PhysioNet2022/training_data/49896_PV.wav,1.0,0.028411146
/tmp/unfreezing_ablation_full_bibkj0rz/data/PhysioNet2022/training_data/49896_TV.wav,1.0,0.03577788
/tmp/unfreezing_ablation_full_bibkj0rz/data/PhysioNet2022/training_data/49900_AV.wav,1.0,0.016314456
/tmp/unfreezing_ablation_full_bibkj0rz/data/PhysioNet2022/training_data/49900_MV.wav,1.0,0.022319157
/tmp/unfreezing_ablation_full_bibkj0rz/data/PhysioNet2022/training_data/49930_AV.wav,1.0,0.033675086
/tmp/unfreezing_ablation_full_bibkj0rz/data/PhysioNet2022/training_data/49930_MV.wav,1.0,0.02610466
/tmp/unfreezing_ablation_full_bibkj0rz/data/PhysioNet2022/training_data/49930_PV.wav,1.0,0.02436841
/tmp/unfreezing_ablation_full_bibkj0rz/data/PhysioNet2022/training_data/49930_TV.wav,1.0,0.020292206
/tmp/unfreezing_ablation_full_bibkj0rz/data/PhysioNet2022/training_data/49946_MV.wav,1.0,0.068872556
/tmp/unfreezing_ablation_full_bibkj0rz/data/PhysioNet2022/training_data/49946_PV.wav,1.0,0.15460202
/tmp/unfreezing_ablation_full_bibkj0rz/data/PhysioNet2022/training_data/49946_TV.wav,1.0,0.012211105
/tmp/unfreezing_ablation_full_bibkj0rz/data/PhysioNet2022/training_data/49959_AV.wav,1.0,0.04059185
/tmp/unfreezing_ablation_full_bibkj0rz/data/PhysioNet2022/training_data/49959_MV.wav,1.0,0.0543569
/tmp/unfreezing_ablation_full_bibkj0rz/data/PhysioNet2022/training_data/49968_MV.wav,1.0,0.018315444
/tmp/unfreezing_ablation_full_bibkj0rz/data/PhysioNet2022/training_data/49968_PV.wav,1.0,0.027013846
/tmp/unfreezing_ablation_full_bibkj0rz/data/PhysioNet2022/training_data/49968_TV.wav,1.0,0.037308767
/tmp/unfreezing_ablation_full_bibkj0rz/data/PhysioNet2022/training_data/49980_AV.wav,1.0,0.023127008
/tmp/unfreezing_ablation_full_bibkj0rz/data/PhysioNet2022/training_data/49980_MV.wav,1.0,0.029130768
/tmp/unfreezing_ablation_full_bibkj0rz/data/PhysioNet2022/training_data/49980_PV.wav,1.0,0.02375221
/tmp/unfreezing_ablation_full_bibkj0rz/data/PhysioNet2022/training_data/49980_TV.wav,1.0,0.02658208
/tmp/unfreezing_ablation_full_bibkj0rz/data/PhysioNet2022/training_data/49983_AV.wav,1.0,0.035977773
/tmp/unfreezing_ablation_full_bibkj0rz/data/PhysioNet2022/training_data/49983_MV.wav,1.0,0.04916245
/tmp/unfreezing_ablation_full_bibkj0rz/data/PhysioNet2022/training_data/49983_PV.wav,1.0,0.025527393
/tmp/unfreezing_ablation_full_bibkj0rz/data/PhysioNet2022/training_data/49983_TV.wav,1.0,0.051005423
/tmp/unfreezing_ablation_full_bibkj0rz/data/PhysioNet2022/training_data/49989_MV.wav,1.0,0.02430819
/tmp/unfreezing_ablation_full_bibkj0rz/data/PhysioNet2022/training_data/49989_PV.wav,1.0,0.016269078
/tmp/unfreezing_ablation_full_bibkj0rz/data/PhysioNet2022/training_data/49999_AV.wav,1.0,0.033290356
/tmp/unfreezing_ablation_full_bibkj0rz/data/PhysioNet2022/training_data/49999_MV.wav,1.0,0.021751119
/tmp/unfreezing_ablation_full_bibkj0rz/data/PhysioNet2022/training_data/49999_PV.wav,1.0,0.03134213
/tmp/unfreezing_ablation_full_bibkj0rz/data/PhysioNet2022/training_data/49999_TV.wav,1.0,0.040371697
/tmp/unfreezing_ablation_full_bibkj0rz/data/PhysioNet2022/training_data/50004_MV.wav,1.0,0.03274668
/tmp/unfreezing_ablation_full_bibkj0rz/data/PhysioNet2022/training_data/50004_PV.wav,1.0,0.039992165
/tmp/unfreezing_ablation_full_bibkj0rz/data/PhysioNet2022/training_data/50004_TV.wav,1.0,0.028663605
/tmp/unfreezing_ablation_full_bibkj0rz/data/PhysioNet2022/training_data/50005_MV.wav,1.0,0.12382647
/tmp/unfreezing_ablation_full_bibkj0rz/data/PhysioNet2022/training_data/50017_AV.wav,1.0,0.014920886
/tmp/unfreezing_ablation_full_bibkj0rz/data/PhysioNet2022/training_data/50017_MV.wav,1.0,0.029904215
/tmp/unfreezing_ablation_full_bibkj0rz/data/PhysioNet2022/training_data/50017_PV.wav,1.0,0.066594705
/tmp/unfreezing_ablation_full_bibkj0rz/data/PhysioNet2022/training_data/50017_TV.wav,1.0,0.018354991
/tmp/unfreezing_ablation_full_bibkj0rz/data/PhysioNet2022/training_data/50023_AV.wav,1.0,0.045570303
/tmp/unfreezing_ablation_full_bibkj0rz/data/PhysioNet2022/training_data/50023_MV.wav,1.0,0.043831557
/tmp/unfreezing_ablation_full_bibkj0rz/data/PhysioNet2022/training_data/50023_PV.wav,1.0,0.022909466
/tmp/unfreezing_ablation_full_bibkj0rz/data/PhysioNet2022/training_data/50023_TV.wav,1.0,0.028875986
/tmp/unfreezing_ablation_full_bibkj0rz/data/PhysioNet2022/training_data/50049_AV.wav,1.0,0.07639638
/tmp/unfreezing_ablation_full_bibkj0rz/data/PhysioNet2022/training_data/50049_MV.wav,1.0,0.024149112
/tmp/unfreezing_ablation_full_bibkj0rz/data/PhysioNet2022/training_data/50049_PV.wav,1.0,0.020847594
/tmp/unfreezing_ablation_full_bibkj0rz/data/PhysioNet2022/training_data/50049_TV.wav,1.0,0.021381466
/tmp/unfreezing_ablation_full_bibkj0rz/data/PhysioNet2022/training_data/50054_AV.wav,1.0,0.05793408
/tmp/unfreezing_ablation_full_bibkj0rz/data/PhysioNet2022/training_data/50054_MV.wav,1.0,0.018951226
/tmp/unfreezing_ablation_full_bibkj0rz/data/PhysioNet2022/training_data/50054_PV.wav,1.0,0.017834151
/tmp/unfreezing_ablation_full_bibkj0rz/data/PhysioNet2022/training_data/50054_TV.wav,1.0,0.020880612
/tmp/unfreezing_ablation_full_bibkj0rz/data/PhysioNet2022/training_data/50057_MV.wav,1.0,0.03652744
/tmp/unfreezing_ablation_full_bibkj0rz/data/PhysioNet2022/training_data/50057_PV.wav,1.0,0.056922007
/tmp/unfreezing_ablation_full_bibkj0rz/data/PhysioNet2022/training_data/50057_TV.wav,1.0,0.03746504
/tmp/unfreezing_ablation_full_bibkj0rz/data/PhysioNet2022/training_data/50061_AV.wav,1.0,0.030905189
/tmp/unfreezing_ablation_full_bibkj0rz/data/PhysioNet2022/training_data/50061_MV.wav,1.0,0.033203047
/tmp/unfreezing_ablation_full_bibkj0rz/data/PhysioNet2022/training_data/50061_PV.wav,1.0,0.030447086
/tmp/unfreezing_ablation_full_bibkj0rz/data/PhysioNet2022/training_data/50061_TV.wav,1.0,0.060499556
/tmp/unfreezing_ablation_full_bibkj0rz/data/PhysioNet2022/training_data/50066_AV.wav,1.0,0.034528214
/tmp/unfreezing_ablation_full_bibkj0rz/data/PhysioNet2022/training_data/50066_MV.wav,1.0,0.026424695
/tmp/unfreezing_ablation_full_bibkj0rz/data/PhysioNet2022/training_data/50070_AV.wav,1.0,0.033156343
/tmp/unfreezing_ablation_full_bibkj0rz/data/PhysioNet2022/training_data/50070_MV.wav,1.0,0.020946398
/tmp/unfreezing_ablation_full_bibkj0rz/data/PhysioNet2022/training_data/50070_PV.wav,1.0,0.03135785
/tmp/unfreezing_ablation_full_bibkj0rz/data/PhysioNet2022/training_data/50070_TV.wav,1.0,0.025214015
/tmp/unfreezing_ablation_full_bibkj0rz/data/PhysioNet2022/training_data/50074_AV.wav,1.0,0.036584616
/tmp/unfreezing_ablation_full_bibkj0rz/data/PhysioNet2022/training_data/50074_MV.wav,1.0,0.08583589
/tmp/unfreezing_ablation_full_bibkj0rz/data/PhysioNet2022/training_data/50074_PV.wav,1.0,0.03067062
/tmp/unfreezing_ablation_full_bibkj0rz/data/PhysioNet2022/training_data/50074_TV.wav,1.0,0.032247018
/tmp/unfreezing_ablation_full_bibkj0rz/data/PhysioNet2022/training_data/50077_MV.wav,1.0,0.017250359
/tmp/unfreezing_ablation_full_bibkj0rz/data/PhysioNet2022/training_data/50085_AV.wav,1.0,0.027879445
/tmp/unfreezing_ablation_full_bibkj0rz/data/PhysioNet2022/training_data/50085_MV.wav,1.0,0.021949954
/tmp/unfreezing_ablation_full_bibkj0rz/data/PhysioNet2022/training_data/50085_PV.wav,1.0,0.87659967
/tmp/unfreezing_ablation_full_bibkj0rz/data/PhysioNet2022/training_data/50085_TV.wav,1.0,0.032268513
/tmp/unfreezing_ablation_full_bibkj0rz/data/PhysioNet2022/training_data/50100_AV.wav,1.0,0.069876805
/tmp/unfreezing_ablation_full_bibkj0rz/data/PhysioNet2022/training_data/50100_MV.wav,1.0,0.024927111
/tmp/unfreezing_ablation_full_bibkj0rz/data/PhysioNet2022/training_data/50105_MV.wav,1.0,0.019776575
/tmp/unfreezing_ablation_full_bibkj0rz/data/PhysioNet2022/training_data/50105_PV.wav,1.0,0.031530626
/tmp/unfreezing_ablation_full_bibkj0rz/data/PhysioNet2022/training_data/50105_TV.wav,1.0,0.023997827
/tmp/unfreezing_ablation_full_bibkj0rz/data/PhysioNet2022/training_data/50118_MV.wav,1.0,0.08609585
/tmp/unfreezing_ablation_full_bibkj0rz/data/PhysioNet2022/training_data/50118_PV.wav,1.0,0.042797185
/tmp/unfreezing_ablation_full_bibkj0rz/data/PhysioNet2022/training_data/50118_TV.wav,1.0,0.025163386
/tmp/unfreezing_ablation_full_bibkj0rz/data/PhysioNet2022/training_data/50122_MV.wav,1.0,0.16837494
/tmp/unfreezing_ablation_full_bibkj0rz/data/PhysioNet2022/training_data/50122_PV.wav,1.0,0.023921264
/tmp/unfreezing_ablation_full_bibkj0rz/data/PhysioNet2022/training_data/50122_TV.wav,1.0,0.027724827
/tmp/unfreezing_ablation_full_bibkj0rz/data/PhysioNet2022/training_data/50127_AV.wav,1.0,0.153101
/tmp/unfreezing_ablation_full_bibkj0rz/data/PhysioNet2022/training_data/50127_MV.wav,1.0,0.028180841
/tmp/unfreezing_ablation_full_bibkj0rz/data/PhysioNet2022/training_data/50127_PV.wav,1.0,0.02036401
/tmp/unfreezing_ablation_full_bibkj0rz/data/PhysioNet2022/training_data/50127_TV.wav,1.0,0.18273811
/tmp/unfreezing_ablation_full_bibkj0rz/data/PhysioNet2022/training_data/50129_AV.wav,1.0,0.1611249
/tmp/unfreezing_ablation_full_bibkj0rz/data/PhysioNet2022/training_data/50129_MV.wav,1.0,0.01873252
/tmp/unfreezing_ablation_full_bibkj0rz/data/PhysioNet2022/training_data/50129_PV.wav,1.0,0.016983781
/tmp/unfreezing_ablation_full_bibkj0rz/data/PhysioNet2022/training_data/50129_TV.wav,1.0,0.036139138
/tmp/unfreezing_ablation_full_bibkj0rz/data/PhysioNet2022/training_data/50143_PV.wav,1.0,0.05131683
/tmp/unfreezing_ablation_full_bibkj0rz/data/PhysioNet2022/training_data/50143_TV.wav,1.0,0.01893001
/tmp/unfreezing_ablation_full_bibkj0rz/data/PhysioNet2022/training_data/50161_MV.wav,1.0,0.0290306
/tmp/unfreezing_ablation_full_bibkj0rz/data/PhysioNet2022/training_data/50161_PV.wav,1.0,0.1561717
/tmp/unfreezing_ablation_full_bibkj0rz/data/PhysioNet2022/training_data/50161_TV.wav,1.0,0.030287523
/tmp/unfreezing_ablation_full_bibkj0rz/data/PhysioNet2022/training_data/50168_MV.wav,1.0,0.051741492
/tmp/unfreezing_ablation_full_bibkj0rz/data/PhysioNet2022/training_data/50168_PV.wav,1.0,0.016070066
/tmp/unfreezing_ablation_full_bibkj0rz/data/PhysioNet2022/training_data/50168_TV.wav,1.0,0.023737172
/tmp/unfreezing_ablation_full_bibkj0rz/data/PhysioNet2022/training_data/50204_AV.wav,1.0,0.034866482
/tmp/unfreezing_ablation_full_bibkj0rz/data/PhysioNet2022/training_data/50204_MV_1.wav,1.0,0.018590944
/tmp/unfreezing_ablation_full_bibkj0rz/data/PhysioNet2022/training_data/50204_MV_2.wav,1.0,0.03565449
/tmp/unfreezing_ablation_full_bibkj0rz/data/PhysioNet2022/training_data/50206_MV.wav,1.0,0.028338743
/tmp/unfreezing_ablation_full_bibkj0rz/data/PhysioNet2022/training_data/50206_PV.wav,1.0,0.04348274
/tmp/unfreezing_ablation_full_bibkj0rz/data/PhysioNet2022/training_data/50206_TV.wav,1.0,0.0182411
/tmp/unfreezing_ablation_full_bibkj0rz/data/PhysioNet2022/training_data/50214_AV.wav,1.0,0.0372633
/tmp/unfreezing_ablation_full_bibkj0rz/data/PhysioNet2022/training_data/50214_MV.wav,1.0,0.027404701
/tmp/unfreezing_ablation_full_bibkj0rz/data/PhysioNet2022/training_data/50219_AV.wav,1.0,0.033998005
/tmp/unfreezing_ablation_full_bibkj0rz/data/PhysioNet2022/training_data/50219_MV.wav,1.0,0.033162702
/tmp/unfreezing_ablation_full_bibkj0rz/data/PhysioNet2022/training_data/50219_PV.wav,1.0,0.019439602
/tmp/unfreezing_ablation_full_bibkj0rz/data/PhysioNet2022/training_data/50220_AV.wav,1.0,0.030367635
/tmp/unfreezing_ablation_full_bibkj0rz/data/PhysioNet2022/training_data/50220_MV.wav,1.0,0.042097274
/tmp/unfreezing_ablation_full_bibkj0rz/data/PhysioNet2022/training_data/50221_AV.wav,1.0,0.07046201
/tmp/unfreezing_ablation_full_bibkj0rz/data/PhysioNet2022/training_data/50221_MV.wav,1.0,0.03645306
/tmp/unfreezing_ablation_full_bibkj0rz/data/PhysioNet2022/training_data/50222_PV.wav,1.0,0.033582333
/tmp/unfreezing_ablation_full_bibkj0rz/data/PhysioNet2022/training_data/50222_TV.wav,1.0,0.034010068
/tmp/unfreezing_ablation_full_bibkj0rz/data/PhysioNet2022/training_data/50225_AV.wav,1.0,0.029638678
/tmp/unfreezing_ablation_full_bibkj0rz/data/PhysioNet2022/training_data/50225_MV.wav,1.0,0.025612226
/tmp/unfreezing_ablation_full_bibkj0rz/data/PhysioNet2022/training_data/50225_PV.wav,1.0,0.020886132
/tmp/unfreezing_ablation_full_bibkj0rz/data/PhysioNet2022/training_data/50225_TV.wav,1.0,0.16416685
/tmp/unfreezing_ablation_full_bibkj0rz/data/PhysioNet2022/training_data/50228_AV.wav,1.0,0.062027287
/tmp/unfreezing_ablation_full_bibkj0rz/data/PhysioNet2022/training_data/50228_MV.wav,1.0,0.026782067
/tmp/unfreezing_ablation_full_bibkj0rz/data/PhysioNet2022/training_data/50230_AV.wav,1.0,0.0143312365
/tmp/unfreezing_ablation_full_bibkj0rz/data/PhysioNet2022/training_data/50230_MV.wav,1.0,0.022319052
/tmp/unfreezing_ablation_full_bibkj0rz/data/PhysioNet2022/training_data/50230_PV.wav,1.0,0.08754316
/tmp/unfreezing_ablation_full_bibkj0rz/data/PhysioNet2022/training_data/50230_TV.wav,1.0,0.018900963
/tmp/unfreezing_ablation_full_bibkj0rz/data/PhysioNet2022/training_data/50238_AV.wav,1.0,0.033745702
/tmp/unfreezing_ablation_full_bibkj0rz/data/PhysioNet2022/training_data/50238_MV.wav,1.0,0.02167932
/tmp/unfreezing_ablation_full_bibkj0rz/data/PhysioNet2022/training_data/50238_PV.wav,1.0,0.057705868
/tmp/unfreezing_ablation_full_bibkj0rz/data/PhysioNet2022/training_data/50238_TV.wav,1.0,0.021549776
/tmp/unfreezing_ablation_full_bibkj0rz/data/PhysioNet2022/training_data/50254_AV.wav,1.0,0.034052577
/tmp/unfreezing_ablation_full_bibkj0rz/data/PhysioNet2022/training_data/50254_MV.wav,1.0,0.027239963
/tmp/unfreezing_ablation_full_bibkj0rz/data/PhysioNet2022/training_data/50254_PV.wav,1.0,0.020733986
/tmp/unfreezing_ablation_full_bibkj0rz/data/PhysioNet2022/training_data/50254_TV.wav,1.0,0.042320494
/tmp/unfreezing_ablation_full_bibkj0rz/data/PhysioNet2022/training_data/50255_AV.wav,1.0,0.029730424
/tmp/unfreezing_ablation_full_bibkj0rz/data/PhysioNet2022/training_data/50255_MV.wav,1.0,0.03220852
/tmp/unfreezing_ablation_full_bibkj0rz/data/PhysioNet2022/training_data/50260_AV.wav,1.0,0.028589003
/tmp/unfreezing_ablation_full_bibkj0rz/data/PhysioNet2022/training_data/50260_MV.wav,1.0,0.020146864
/tmp/unfreezing_ablation_full_bibkj0rz/data/PhysioNet2022/training_data/50260_PV.wav,1.0,0.06577969
/tmp/unfreezing_ablation_full_bibkj0rz/data/PhysioNet2022/training_data/50260_TV.wav,1.0,0.016387178
/tmp/unfreezing_ablation_full_bibkj0rz/data/PhysioNet2022/training_data/50271_AV.wav,1.0,0.032615874
/tmp/unfreezing_ablation_full_bibkj0rz/data/PhysioNet2022/training_data/50271_MV.wav,1.0,0.017634979
/tmp/unfreezing_ablation_full_bibkj0rz/data/PhysioNet2022/training_data/50271_PV.wav,1.0,0.019679708
/tmp/unfreezing_ablation_full_bibkj0rz/data/PhysioNet2022/training_data/50271_TV.wav,1.0,0.07532147
/tmp/unfreezing_ablation_full_bibkj0rz/data/PhysioNet2022/training_data/50276_AV.wav,1.0,0.022430094
/tmp/unfreezing_ablation_full_bibkj0rz/data/PhysioNet2022/training_data/50276_MV.wav,1.0,0.020383103
/tmp/unfreezing_ablation_full_bibkj0rz/data/PhysioNet2022/training_data/50276_PV.wav,1.0,0.023789167
/tmp/unfreezing_ablation_full_bibkj0rz/data/PhysioNet2022/training_data/50276_TV.wav,1.0,0.023091964
/tmp/unfreezing_ablation_full_bibkj0rz/data/PhysioNet2022/training_data/50284_AV.wav,1.0,0.058344845
/tmp/unfreezing_ablation_full_bibkj0rz/data/PhysioNet2022/training_data/50284_MV.wav,1.0,0.030934555
/tmp/unfreezing_ablation_full_bibkj0rz/data/PhysioNet2022/training_data/50284_PV.wav,1.0,0.0493112
/tmp/unfreezing_ablation_full_bibkj0rz/data/PhysioNet2022/training_data/50284_TV.wav,1.0,0.036254983
/tmp/unfreezing_ablation_full_bibkj0rz/data/PhysioNet2022/training_data/50291_AV.wav,1.0,0.036411986
/tmp/unfreezing_ablation_full_bibkj0rz/data/PhysioNet2022/training_data/50291_MV.wav,1.0,0.020905327
/tmp/unfreezing_ablation_full_bibkj0rz/data/PhysioNet2022/training_data/50291_PV.wav,1.0,0.05600452
/tmp/unfreezing_ablation_full_bibkj0rz/data/PhysioNet2022/training_data/50297_AV.wav,1.0,0.02991101
/tmp/unfreezing_ablation_full_bibkj0rz/data/PhysioNet2022/training_data/50297_MV.wav,1.0,0.043930043
/tmp/unfreezing_ablation_full_bibkj0rz/data/PhysioNet2022/training_data/50297_PV.wav,1.0,0.027317258
/tmp/unfreezing_ablation_full_bibkj0rz/data/PhysioNet2022/training_data/50297_TV.wav,1.0,0.04704221
/tmp/unfreezing_ablation_full_bibkj0rz/data/PhysioNet2022/training_data/50303_AV.wav,1.0,0.033051945
/tmp/unfreezing_ablation_full_bibkj0rz/data/PhysioNet2022/training_data/50303_MV.wav,1.0,0.017852368
/tmp/unfreezing_ablation_full_bibkj0rz/data/PhysioNet2022/training_data/50303_PV.wav,1.0,0.012084743
/tmp/unfreezing_ablation_full_bibkj0rz/data/PhysioNet2022/training_data/50314_AV.wav,1.0,0.012258908
/tmp/unfreezing_ablation_full_bibkj0rz/data/PhysioNet2022/training_data/50314_MV.wav,1.0,0.022713449
/tmp/unfreezing_ablation_full_bibkj0rz/data/PhysioNet2022/training_data/50314_PV.wav,1.0,0.034081083
/tmp/unfreezing_ablation_full_bibkj0rz/data/PhysioNet2022/training_data/50314_TV.wav,1.0,0.027427603
/tmp/unfreezing_ablation_full_bibkj0rz/data/PhysioNet2022/training_data/50316_AV.wav,1.0,0.028350702
/tmp/unfreezing_ablation_full_bibkj0rz/data/PhysioNet2022/training_data/50316_MV.wav,1.0,0.020571904
/tmp/unfreezing_ablation_full_bibkj0rz/data/PhysioNet2022/training_data/50317_AV.wav,1.0,0.059069727
/tmp/unfreezing_ablation_full_bibkj0rz/data/PhysioNet2022/training_data/50317_PV.wav,1.0,0.037539937
/tmp/unfreezing_ablation_full_bibkj0rz/data/PhysioNet2022/training_data/50317_TV.wav,1.0,0.04007802
/tmp/unfreezing_ablation_full_bibkj0rz/data/PhysioNet2022/training_data/50323_AV.wav,1.0,0.11663687
/tmp/unfreezing_ablation_full_bibkj0rz/data/PhysioNet2022/training_data/50323_MV.wav,1.0,0.03264031
/tmp/unfreezing_ablation_full_bibkj0rz/data/PhysioNet2022/training_data/50323_PV.wav,1.0,0.05056798
/tmp/unfreezing_ablation_full_bibkj0rz/data/PhysioNet2022/training_data/50323_TV.wav,1.0,0.057840265
/tmp/unfreezing_ablation_full_bibkj0rz/data/PhysioNet2022/training_data/50325_AV.wav,1.0,0.03769219
/tmp/unfreezing_ablation_full_bibkj0rz/data/PhysioNet2022/training_data/50325_MV.wav,1.0,0.026880682
/tmp/unfreezing_ablation_full_bibkj0rz/data/PhysioNet2022/training_data/50325_PV.wav,1.0,0.025835088
/tmp/unfreezing_ablation_full_bibkj0rz/data/PhysioNet2022/training_data/50325_TV.wav,1.0,0.021058092
/tmp/unfreezing_ablation_full_bibkj0rz/data/PhysioNet2022/training_data/50336_MV.wav,1.0,0.026845315
/tmp/unfreezing_ablation_full_bibkj0rz/data/PhysioNet2022/training_data/50336_PV.wav,1.0,0.027423328
/tmp/unfreezing_ablation_full_bibkj0rz/data/PhysioNet2022/training_data/50336_TV.wav,1.0,0.03463956
/tmp/unfreezing_ablation_full_bibkj0rz/data/PhysioNet2022/training_data/50337_MV.wav,1.0,0.016751653
/tmp/unfreezing_ablation_full_bibkj0rz/data/PhysioNet2022/training_data/50337_PV.wav,1.0,0.067500845
/tmp/unfreezing_ablation_full_bibkj0rz/data/PhysioNet2022/training_data/50337_TV.wav,1.0,0.03036065
/tmp/unfreezing_ablation_full_bibkj0rz/data/PhysioNet2022/training_data/50345_MV.wav,1.0,0.034950104
/tmp/unfreezing_ablation_full_bibkj0rz/data/PhysioNet2022/training_data/50345_PV.wav,1.0,0.04253598
/tmp/unfreezing_ablation_full_bibkj0rz/data/PhysioNet2022/training_data/50345_TV.wav,1.0,0.028366761
/tmp/unfreezing_ablation_full_bibkj0rz/data/PhysioNet2022/training_data/50348_AV_1.wav,1.0,0.034335013
/tmp/unfreezing_ablation_full_bibkj0rz/data/PhysioNet2022/training_data/50348_AV_2.wav,1.0,0.031806502
/tmp/unfreezing_ablation_full_bibkj0rz/data/PhysioNet2022/training_data/50348_MV.wav,1.0,0.049302243
/tmp/unfreezing_ablation_full_bibkj0rz/data/PhysioNet2022/training_data/50348_PV.wav,1.0,0.023384638
/tmp/unfreezing_ablation_full_bibkj0rz/data/PhysioNet2022/training_data/50348_TV.wav,1.0,0.03847607
/tmp/unfreezing_ablation_full_bibkj0rz/data/PhysioNet2022/training_data/50359_AV.wav,1.0,0.0713086
/tmp/unfreezing_ablation_full_bibkj0rz/data/PhysioNet2022/training_data/50359_MV.wav,1.0,0.10304525
/tmp/unfreezing_ablation_full_bibkj0rz/data/PhysioNet2022/training_data/50359_PV.wav,1.0,0.030951722
/tmp/unfreezing_ablation_full_bibkj0rz/data/PhysioNet2022/training_data/50359_TV.wav,1.0,0.03646293
/tmp/unfreezing_ablation_full_bibkj0rz/data/PhysioNet2022/training_data/50385_AV.wav,1.0,0.06417976
/tmp/unfreezing_ablation_full_bibkj0rz/data/PhysioNet2022/training_data/50385_MV.wav,1.0,0.019869637
/tmp/unfreezing_ablation_full_bibkj0rz/data/PhysioNet2022/training_data/50385_PV.wav,1.0,0.016434869
/tmp/unfreezing_ablation_full_bibkj0rz/data/PhysioNet2022/training_data/50385_TV.wav,1.0,0.03227016
/tmp/unfreezing_ablation_full_bibkj0rz/data/PhysioNet2022/training_data/50386_AV.wav,1.0,0.051208157
/tmp/unfreezing_ablation_full_bibkj0rz/data/PhysioNet2022/training_data/50386_MV.wav,1.0,0.021299614
/tmp/unfreezing_ablation_full_bibkj0rz/data/PhysioNet2022/training_data/50386_PV.wav,1.0,0.015367319
/tmp/unfreezing_ablation_full_bibkj0rz/data/PhysioNet2022/training_data/50386_TV.wav,1.0,0.030496335
/tmp/unfreezing_ablation_full_bibkj0rz/data/PhysioNet2022/training_data/50388_AV.wav,1.0,0.013442363
/tmp/unfreezing_ablation_full_bibkj0rz/data/PhysioNet2022/training_data/50388_MV.wav,1.0,0.10981422
/tmp/unfreezing_ablation_full_bibkj0rz/data/PhysioNet2022/training_data/50388_PV.wav,1.0,0.027849548
/tmp/unfreezing_ablation_full_bibkj0rz/data/PhysioNet2022/training_data/50388_TV.wav,1.0,0.020132625
/tmp/unfreezing_ablation_full_bibkj0rz/data/PhysioNet2022/training_data/50393_AV.wav,1.0,0.3029728
/tmp/unfreezing_ablation_full_bibkj0rz/data/PhysioNet2022/training_data/50393_MV.wav,1.0,0.060564402
/tmp/unfreezing_ablation_full_bibkj0rz/data/PhysioNet2022/training_data/50393_PV.wav,1.0,0.025055801
/tmp/unfreezing_ablation_full_bibkj0rz/data/PhysioNet2022/training_data/50393_TV.wav,1.0,0.04500879
/tmp/unfreezing_ablation_full_bibkj0rz/data/PhysioNet2022/training_data/50620_PV.wav,1.0,0.033363238
/tmp/unfreezing_ablation_full_bibkj0rz/data/PhysioNet2022/training_data/50620_TV.wav,1.0,0.03361703
/tmp/unfreezing_ablation_full_bibkj0rz/data/PhysioNet2022/training_data/50624_AV.wav,1.0,0.02637784
/tmp/unfreezing_ablation_full_bibkj0rz/data/PhysioNet2022/training_data/50624_MV.wav,1.0,0.031603426
/tmp/unfreezing_ablation_full_bibkj0rz/data/PhysioNet2022/training_data/50624_PV.wav,1.0,0.031006604
/tmp/unfreezing_ablation_full_bibkj0rz/data/PhysioNet2022/training_data/50624_TV.wav,1.0,0.018793654
/tmp/unfreezing_ablation_full_bibkj0rz/data/PhysioNet2022/training_data/50625_AV.wav,1.0,0.05767945
/tmp/unfreezing_ablation_full_bibkj0rz/data/PhysioNet2022/training_data/50625_MV.wav,1.0,0.07801321
/tmp/unfreezing_ablation_full_bibkj0rz/data/PhysioNet2022/training_data/50626_AV.wav,1.0,0.025166638
/tmp/unfreezing_ablation_full_bibkj0rz/data/PhysioNet2022/training_data/50626_MV.wav,1.0,0.041296344
/tmp/unfreezing_ablation_full_bibkj0rz/data/PhysioNet2022/training_data/50629_AV.wav,1.0,0.028959423
/tmp/unfreezing_ablation_full_bibkj0rz/data/PhysioNet2022/training_data/50629_MV.wav,1.0,0.038809776
/tmp/unfreezing_ablation_full_bibkj0rz/data/PhysioNet2022/training_data/50636_AV.wav,1.0,0.07022054
/tmp/unfreezing_ablation_full_bibkj0rz/data/PhysioNet2022/training_data/50636_MV.wav,1.0,0.03388652
/tmp/unfreezing_ablation_full_bibkj0rz/data/PhysioNet2022/training_data/50639_PV.wav,1.0,0.024781607
/tmp/unfreezing_ablation_full_bibkj0rz/data/PhysioNet2022/training_data/50639_TV.wav,1.0,0.07134155
/tmp/unfreezing_ablation_full_bibkj0rz/data/PhysioNet2022/training_data/50640_MV.wav,1.0,0.022220574
/tmp/unfreezing_ablation_full_bibkj0rz/data/PhysioNet2022/training_data/50643_AV.wav,1.0,0.05952342
/tmp/unfreezing_ablation_full_bibkj0rz/data/PhysioNet2022/training_data/50643_MV.wav,1.0,0.027435392
/tmp/unfreezing_ablation_full_bibkj0rz/data/PhysioNet2022/training_data/50644_AV.wav,1.0,0.031307362
/tmp/unfreezing_ablation_full_bibkj0rz/data/PhysioNet2022/training_data/50644_MV.wav,1.0,0.02878775
/tmp/unfreezing_ablation_full_bibkj0rz/data/PhysioNet2022/training_data/50645_AV.wav,1.0,0.04293276
/tmp/unfreezing_ablation_full_bibkj0rz/data/PhysioNet2022/training_data/50645_MV.wav,1.0,0.14188537
/tmp/unfreezing_ablation_full_bibkj0rz/data/PhysioNet2022/training_data/50645_PV.wav,1.0,0.021879248
/tmp/unfreezing_ablation_full_bibkj0rz/data/PhysioNet2022/training_data/50645_TV.wav,1.0,0.02963466
/tmp/unfreezing_ablation_full_bibkj0rz/data/PhysioNet2022/training_data/50646_AV.wav,1.0,0.025370205
/tmp/unfreezing_ablation_full_bibkj0rz/data/PhysioNet2022/training_data/50646_MV.wav,1.0,0.10800497
/tmp/unfreezing_ablation_full_bibkj0rz/data/PhysioNet2022/training_data/50649_AV.wav,1.0,0.019429399
/tmp/unfreezing_ablation_full_bibkj0rz/data/PhysioNet2022/training_data/50649_MV.wav,1.0,0.026553554
/tmp/unfreezing_ablation_full_bibkj0rz/data/PhysioNet2022/training_data/50649_PV.wav,1.0,0.029790144
/tmp/unfreezing_ablation_full_bibkj0rz/data/PhysioNet2022/training_data/50649_TV.wav,1.0,0.024020202
/tmp/unfreezing_ablation_full_bibkj0rz/data/PhysioNet2022/training_data/50654_AV.wav,1.0,0.04304009
/tmp/unfreezing_ablation_full_bibkj0rz/data/PhysioNet2022/training_data/50654_PV.wav,1.0,0.03904242
/tmp/unfreezing_ablation_full_bibkj0rz/data/PhysioNet2022/training_data/50654_TV.wav,1.0,0.053261556
/tmp/unfreezing_ablation_full_bibkj0rz/data/PhysioNet2022/training_data/50656_AV.wav,1.0,0.04059768
/tmp/unfreezing_ablation_full_bibkj0rz/data/PhysioNet2022/training_data/50656_MV.wav,1.0,0.049578127
/tmp/unfreezing_ablation_full_bibkj0rz/data/PhysioNet2022/training_data/50656_PV.wav,1.0,0.030215256
/tmp/unfreezing_ablation_full_bibkj0rz/data/PhysioNet2022/training_data/50656_TV_1.wav,1.0,0.01617935
/tmp/unfreezing_ablation_full_bibkj0rz/data/PhysioNet2022/training_data/50656_TV_2.wav,1.0,0.017093047
/tmp/unfreezing_ablation_full_bibkj0rz/data/PhysioNet2022/training_data/50657_AV.wav,1.0,0.022834364
/tmp/unfreezing_ablation_full_bibkj0rz/data/PhysioNet2022/training_data/50657_MV.wav,1.0,0.038855135
/tmp/unfreezing_ablation_full_bibkj0rz/data/PhysioNet2022/training_data/50657_PV.wav,1.0,0.017516702
/tmp/unfreezing_ablation_full_bibkj0rz/data/PhysioNet2022/training_data/50657_TV.wav,1.0,0.12982686
/tmp/unfreezing_ablation_full_bibkj0rz/data/PhysioNet2022/training_data/50659_AV.wav,1.0,0.14362358
/tmp/unfreezing_ablation_full_bibkj0rz/data/PhysioNet2022/training_data/50659_MV.wav,1.0,0.025166418
/tmp/unfreezing_ablation_full_bibkj0rz/data/PhysioNet2022/training_data/50659_PV.wav,1.0,0.036853123
/tmp/unfreezing_ablation_full_bibkj0rz/data/PhysioNet2022/training_data/50659_TV.wav,1.0,0.017107634
/tmp/unfreezing_ablation_full_bibkj0rz/data/PhysioNet2022/training_data/50664_AV.wav,1.0,0.033062264
/tmp/unfreezing_ablation_full_bibkj0rz/data/PhysioNet2022/training_data/50664_PV.wav,1.0,0.024301454
/tmp/unfreezing_ablation_full_bibkj0rz/data/PhysioNet2022/training_data/50668_AV.wav,1.0,0.032190192
/tmp/unfreezing_ablation_full_bibkj0rz/data/PhysioNet2022/training_data/50668_MV.wav,1.0,0.01506691
/tmp/unfreezing_ablation_full_bibkj0rz/data/PhysioNet2022/training_data/50668_PV.wav,1.0,0.048838384
/tmp/unfreezing_ablation_full_bibkj0rz/data/PhysioNet2022/training_data/50668_TV.wav,1.0,0.03662007
/tmp/unfreezing_ablation_full_bibkj0rz/data/PhysioNet2022/training_data/50669_AV.wav,1.0,0.024052858
/tmp/unfreezing_ablation_full_bibkj0rz/data/PhysioNet2022/training_data/50669_MV.wav,1.0,0.03755
/tmp/unfreezing_ablation_full_bibkj0rz/data/PhysioNet2022/training_data/50669_PV.wav,1.0,0.021709634
/tmp/unfreezing_ablation_full_bibkj0rz/data/PhysioNet2022/training_data/50669_TV.wav,1.0,0.023081306
/tmp/unfreezing_ablation_full_bibkj0rz/data/PhysioNet2022/training_data/50671_MV.wav,1.0,0.03213919
/tmp/unfreezing_ablation_full_bibkj0rz/data/PhysioNet2022/training_data/50677_AV.wav,1.0,0.0575516
/tmp/unfreezing_ablation_full_bibkj0rz/data/PhysioNet2022/training_data/50677_PV.wav,1.0,0.1803108
/tmp/unfreezing_ablation_full_bibkj0rz/data/PhysioNet2022/training_data/50678_MV.wav,1.0,0.03521806
/tmp/unfreezing_ablation_full_bibkj0rz/data/PhysioNet2022/training_data/50678_PV.wav,1.0,0.0129505005
/tmp/unfreezing_ablation_full_bibkj0rz/data/PhysioNet2022/training_data/50678_TV.wav,1.0,0.04796386
/tmp/unfreezing_ablation_full_bibkj0rz/data/PhysioNet2022/training_data/50680_AV.wav,1.0,0.02638449
/tmp/unfreezing_ablation_full_bibkj0rz/data/PhysioNet2022/training_data/50680_MV.wav,1.0,0.05045137
/tmp/unfreezing_ablation_full_bibkj0rz/data/PhysioNet2022/training_data/50680_PV.wav,1.0,0.04791507
/tmp/unfreezing_ablation_full_bibkj0rz/data/PhysioNet2022/training_data/50680_TV.wav,1.0,0.02488802
/tmp/unfreezing_ablation_full_bibkj0rz/data/PhysioNet2022/training_data/50685_AV.wav,1.0,0.1830958
/tmp/unfreezing_ablation_full_bibkj0rz/data/PhysioNet2022/training_data/50685_MV.wav,1.0,0.042276666
/tmp/unfreezing_ablation_full_bibkj0rz/data/PhysioNet2022/training_data/50685_TV.wav,1.0,0.032580514
/tmp/unfreezing_ablation_full_bibkj0rz/data/PhysioNet2022/training_data/50704_AV.wav,1.0,0.06341725
/tmp/unfreezing_ablation_full_bibkj0rz/data/PhysioNet2022/training_data/50704_MV.wav,1.0,0.26893997
/tmp/unfreezing_ablation_full_bibkj0rz/data/PhysioNet2022/training_data/50708_AV.wav,1.0,0.10679199
/tmp/unfreezing_ablation_full_bibkj0rz/data/PhysioNet2022/training_data/50708_MV.wav,1.0,0.026518254
/tmp/unfreezing_ablation_full_bibkj0rz/data/PhysioNet2022/training_data/50708_PV.wav,1.0,0.03684231
/tmp/unfreezing_ablation_full_bibkj0rz/data/PhysioNet2022/training_data/50708_TV.wav,1.0,0.040711403
/tmp/unfreezing_ablation_full_bibkj0rz/data/PhysioNet2022/training_data/50715_AV.wav,1.0,0.010706241
/tmp/unfreezing_ablation_full_bibkj0rz/data/PhysioNet2022/training_data/50715_MV.wav,1.0,0.07013213
/tmp/unfreezing_ablation_full_bibkj0rz/data/PhysioNet2022/training_data/50715_PV.wav,1.0,0.021667022
/tmp/unfreezing_ablation_full_bibkj0rz/data/PhysioNet2022/training_data/50715_TV.wav,1.0,0.04575905
/tmp/unfreezing_ablation_full_bibkj0rz/data/PhysioNet2022/training_data/50723_AV.wav,1.0,0.020572148
/tmp/unfreezing_ablation_full_bibkj0rz/data/PhysioNet2022/training_data/50723_MV.wav,1.0,0.047461495
/tmp/unfreezing_ablation_full_bibkj0rz/data/PhysioNet2022/training_data/50723_PV.wav,1.0,0.028142566
/tmp/unfreezing_ablation_full_bibkj0rz/data/PhysioNet2022/training_data/50723_TV.wav,1.0,0.01542566
/tmp/unfreezing_ablation_full_bibkj0rz/data/PhysioNet2022/training_data/50725_AV.wav,1.0,0.03048518
/tmp/unfreezing_ablation_full_bibkj0rz/data/PhysioNet2022/training_data/50725_MV.wav,1.0,0.046337605
/tmp/unfreezing_ablation_full_bibkj0rz/data/PhysioNet2022/training_data/50725_PV.wav,1.0,0.028717995
/tmp/unfreezing_ablation_full_bibkj0rz/data/PhysioNet2022/training_data/50725_TV.wav,1.0,0.025074502
/tmp/unfreezing_ablation_full_bibkj0rz/data/PhysioNet2022/training_data/50735_AV.wav,1.0,0.04118972
/tmp/unfreezing_ablation_full_bibkj0rz/data/PhysioNet2022/training_data/50735_MV.wav,1.0,0.02290991
/tmp/unfreezing_ablation_full_bibkj0rz/data/PhysioNet2022/training_data/50735_PV.wav,1.0,0.047347274
/tmp/unfreezing_ablation_full_bibkj0rz/data/PhysioNet2022/training_data/50735_TV.wav,1.0,0.023528403
/tmp/unfreezing_ablation_full_bibkj0rz/data/PhysioNet2022/training_data/50739_AV.wav,1.0,0.022696678
/tmp/unfreezing_ablation_full_bibkj0rz/data/PhysioNet2022/training_data/50739_MV.wav,1.0,0.037863832
/tmp/unfreezing_ablation_full_bibkj0rz/data/PhysioNet2022/training_data/50740_AV.wav,1.0,0.023687506
/tmp/unfreezing_ablation_full_bibkj0rz/data/PhysioNet2022/training_data/50740_MV.wav,1.0,0.04864228
/tmp/unfreezing_ablation_full_bibkj0rz/data/PhysioNet2022/training_data/50740_PV.wav,1.0,0.044717714
/tmp/unfreezing_ablation_full_bibkj0rz/data/PhysioNet2022/training_data/50740_TV.wav,1.0,0.052910544
/tmp/unfreezing_ablation_full_bibkj0rz/data/PhysioNet2022/training_data/50742_AV.wav,1.0,0.026550382
/tmp/unfreezing_ablation_full_bibkj0rz/data/PhysioNet2022/training_data/50742_MV.wav,1.0,0.024439406
/tmp/unfreezing_ablation_full_bibkj0rz/data/PhysioNet2022/training_data/50742_PV.wav,1.0,0.03216879
/tmp/unfreezing_ablation_full_bibkj0rz/data/PhysioNet2022/training_data/50742_TV.wav,1.0,0.0331348
/tmp/unfreezing_ablation_full_bibkj0rz/data/PhysioNet2022/training_data/50744_AV.wav,1.0,0.060165107
/tmp/unfreezing_ablation_full_bibkj0rz/data/PhysioNet2022/training_data/50744_MV.wav,1.0,0.024819337
/tmp/unfreezing_ablation_full_bibkj0rz/data/PhysioNet2022/training_data/50744_PV.wav,1.0,0.030051567
/tmp/unfreezing_ablation_full_bibkj0rz/data/PhysioNet2022/training_data/50744_TV.wav,1.0,0.041923054
/tmp/unfreezing_ablation_full_bibkj0rz/data/PhysioNet2022/training_data/50751_AV.wav,1.0,0.036242068
/tmp/unfreezing_ablation_full_bibkj0rz/data/PhysioNet2022/training_data/50751_MV.wav,1.0,0.08353639
/tmp/unfreezing_ablation_full_bibkj0rz/data/PhysioNet2022/training_data/50751_PV.wav,1.0,0.09927314
/tmp/unfreezing_ablation_full_bibkj0rz/data/PhysioNet2022/training_data/50751_TV.wav,1.0,0.014287446
/tmp/unfreezing_ablation_full_bibkj0rz/data/PhysioNet2022/training_data/50752_AV.wav,1.0,0.032530233
/tmp/unfreezing_ablation_full_bibkj0rz/data/PhysioNet2022/training_data/50752_MV.wav,1.0,0.037152845
/tmp/unfreezing_ablation_full_bibkj0rz/data/PhysioNet2022/training_data/50752_PV.wav,1.0,0.031804286
/tmp/unfreezing_ablation_full_bibkj0rz/data/PhysioNet2022/training_data/50752_TV.wav,1.0,0.79137224
/tmp/unfreezing_ablation_full_bibkj0rz/data/PhysioNet2022/training_data/50762_AV.wav,1.0,0.025741106
/tmp/unfreezing_ablation_full_bibkj0rz/data/PhysioNet2022/training_data/50762_MV.wav,1.0,0.024509626
/tmp/unfreezing_ablation_full_bibkj0rz/data/PhysioNet2022/training_data/50762_PV.wav,1.0,0.06437661
/tmp/unfreezing_ablation_full_bibkj0rz/data/PhysioNet2022/training_data/50762_TV.wav,1.0,0.02604777
/tmp/unfreezing_ablation_full_bibkj0rz/data/PhysioNet2022/training_data/50768_AV.wav,1.0,0.037836447
/tmp/unfreezing_ablation_full_bibkj0rz/data/PhysioNet2022/training_data/50770_AV.wav,1.0,0.04201637
/tmp/unfreezing_ablation_full_bibkj0rz/data/PhysioNet2022/training_data/50770_MV.wav,1.0,0.0440509
/tmp/unfreezing_ablation_full_bibkj0rz/data/PhysioNet2022/training_data/50770_PV.wav,1.0,0.09544817
/tmp/unfreezing_ablation_full_bibkj0rz/data/PhysioNet2022/training_data/50770_TV.wav,1.0,0.031771876
/tmp/unfreezing_ablation_full_bibkj0rz/data/PhysioNet2022/training_data/50771_AV.wav,1.0,0.027773486
/tmp/unfreezing_ablation_full_bibkj0rz/data/PhysioNet2022/training_data/50771_MV.wav,1.0,0.06254013
/tmp/unfreezing_ablation_full_bibkj0rz/data/PhysioNet2022/training_data/50771_PV.wav,1.0,0.017869271
/tmp/unfreezing_ablation_full_bibkj0rz/data/PhysioNet2022/training_data/50771_TV.wav,1.0,0.0290502
/tmp/unfreezing_ablation_full_bibkj0rz/data/PhysioNet2022/training_data/50793_MV.wav,1.0,0.03485692
/tmp/unfreezing_ablation_full_bibkj0rz/data/PhysioNet2022/training_data/50793_PV.wav,1.0,0.03429462
/tmp/unfreezing_ablation_full_bibkj0rz/data/PhysioNet2022/training_data/50793_TV.wav,1.0,0.0333369
/tmp/unfreezing_ablation_full_bibkj0rz/data/PhysioNet2022/training_data/50812_AV.wav,1.0,0.029572332
/tmp/unfreezing_ablation_full_bibkj0rz/data/PhysioNet2022/training_data/50812_MV.wav,1.0,0.034350794
/tmp/unfreezing_ablation_full_bibkj0rz/data/PhysioNet2022/training_data/50812_PV.wav,1.0,0.04714899
/tmp/unfreezing_ablation_full_bibkj0rz/data/PhysioNet2022/training_data/50812_TV.wav,1.0,0.016773485
/tmp/unfreezing_ablation_full_bibkj0rz/data/PhysioNet2022/training_data/50815_AV.wav,1.0,0.043981582
/tmp/unfreezing_ablation_full_bibkj0rz/data/PhysioNet2022/training_data/50815_MV.wav,1.0,0.062881306
/tmp/unfreezing_ablation_full_bibkj0rz/data/PhysioNet2022/training_data/50815_PV.wav,1.0,0.08885937
/tmp/unfreezing_ablation_full_bibkj0rz/data/PhysioNet2022/training_data/50815_TV.wav,1.0,0.03280225
/tmp/unfreezing_ablation_full_bibkj0rz/data/PhysioNet2022/training_data/50820_AV.wav,1.0,0.11294068
/tmp/unfreezing_ablation_full_bibkj0rz/data/PhysioNet2022/training_data/50820_MV.wav,1.0,0.021917516
/tmp/unfreezing_ablation_full_bibkj0rz/data/PhysioNet2022/training_data/50820_PV.wav,1.0,0.09329286
/tmp/unfreezing_ablation_full_bibkj0rz/data/PhysioNet2022/training_data/50820_TV.wav,1.0,0.016191186
/tmp/unfreezing_ablation_full_bibkj0rz/data/PhysioNet2022/training_data/51064_MV.wav,1.0,0.03602458
/tmp/unfreezing_ablation_full_bibkj0rz/data/PhysioNet2022/training_data/59536_AV.wav,1.0,0.041724432
/tmp/unfreezing_ablation_full_bibkj0rz/data/PhysioNet2022/training_data/59536_MV.wav,1.0,0.034069806
/tmp/unfreezing_ablation_full_bibkj0rz/data/PhysioNet2022/training_data/63456_AV.wav,1.0,0.032685947
/tmp/unfreezing_ablation_full_bibkj0rz/data/PhysioNet2022/training_data/63456_MV.wav,1.0,0.04083456
/tmp/unfreezing_ablation_full_bibkj0rz/data/PhysioNet2022/training_data/63456_PV.wav,1.0,0.07785373
/tmp/unfreezing_ablation_full_bibkj0rz/data/PhysioNet2022/training_data/63456_TV.wav,1.0,0.025843082
/tmp/unfreezing_ablation_full_bibkj0rz/data/PhysioNet2022/training_data/64256_MV.wav,1.0,0.021319747
/tmp/unfreezing_ablation_full_bibkj0rz/data/PhysioNet2022/training_data/64256_PV.wav,1.0,0.025839385
/tmp/unfreezing_ablation_full_bibkj0rz/data/PhysioNet2022/training_data/64256_TV.wav,1.0,0.026435826
/tmp/unfreezing_ablation_full_bibkj0rz/data/PhysioNet2022/training_data/64715_MV.wav,1.0,0.023720348
/tmp/unfreezing_ablation_full_bibkj0rz/data/PhysioNet2022/training_data/64715_PV.wav,1.0,0.017008772
/tmp/unfreezing_ablation_full_bibkj0rz/data/PhysioNet2022/training_data/64715_TV.wav,1.0,0.053151324
/tmp/unfreezing_ablation_full_bibkj0rz/data/PhysioNet2022/training_data/68182_AV.wav,1.0,0.031745024
/tmp/unfreezing_ablation_full_bibkj0rz/data/PhysioNet2022/training_data/68182_MV.wav,1.0,0.12342984
/tmp/unfreezing_ablation_full_bibkj0rz/data/PhysioNet2022/training_data/68182_PV.wav,1.0,0.03546138
/tmp/unfreezing_ablation_full_bibkj0rz/data/PhysioNet2022/training_data/68182_TV.wav,1.0,0.030661186
/tmp/unfreezing_ablation_full_bibkj0rz/data/PhysioNet2022/training_data/68213_AV.wav,1.0,0.032307565
/tmp/unfreezing_ablation_full_bibkj0rz/data/PhysioNet2022/training_data/68213_MV.wav,1.0,0.025568446
/tmp/unfreezing_ablation_full_bibkj0rz/data/PhysioNet2022/training_data/68213_PV.wav,1.0,0.018200092
/tmp/unfreezing_ablation_full_bibkj0rz/data/PhysioNet2022/training_data/68213_TV.wav,1.0,0.019967379
/tmp/unfreezing_ablation_full_bibkj0rz/data/PhysioNet2022/training_data/68219_AV.wav,1.0,0.016635777
/tmp/unfreezing_ablation_full_bibkj0rz/data/PhysioNet2022/training_data/68219_MV.wav,1.0,0.032047722
/tmp/unfreezing_ablation_full_bibkj0rz/data/PhysioNet2022/training_data/68219_PV.wav,1.0,0.028594054
/tmp/unfreezing_ablation_full_bibkj0rz/data/PhysioNet2022/training_data/68219_TV.wav,1.0,0.04133622
/tmp/unfreezing_ablation_full_bibkj0rz/data/PhysioNet2022/training_data/68260_AV.wav,1.0,0.020100357
/tmp/unfreezing_ablation_full_bibkj0rz/data/PhysioNet2022/training_data/68260_MV.wav,1.0,0.027714726
/tmp/unfreezing_ablation_full_bibkj0rz/data/PhysioNet2022/training_data/68260_PV.wav,1.0,0.030520642
/tmp/unfreezing_ablation_full_bibkj0rz/data/PhysioNet2022/training_data/68260_TV.wav,1.0,0.03140679
/tmp/unfreezing_ablation_full_bibkj0rz/data/PhysioNet2022/training_data/68292_AV.wav,1.0,0.037278753
/tmp/unfreezing_ablation_full_bibkj0rz/data/PhysioNet2022/training_data/68292_MV.wav,1.0,0.036966816
/tmp/unfreezing_ablation_full_bibkj0rz/data/PhysioNet2022/training_data/68292_PV.wav,1.0,0.03719433
/tmp/unfreezing_ablation_full_bibkj0rz/data/PhysioNet2022/training_data/68292_TV.wav,1.0,0.021814251
/tmp/unfreezing_ablation_full_bibkj0rz/data/PhysioNet2022/training_data/68306_AV.wav,1.0,0.06279297
/tmp/unfreezing_ablation_full_bibkj0rz/data/PhysioNet2022/training_data/68306_MV.wav,1.0,0.030497514
/tmp/unfreezing_ablation_full_bibkj0rz/data/PhysioNet2022/training_data/68306_PV.wav,1.0,0.08873543
/tmp/unfreezing_ablation_full_bibkj0rz/data/PhysioNet2022/training_data/68306_TV.wav,1.0,0.11745558
/tmp/unfreezing_ablation_full_bibkj0rz/data/PhysioNet2022/training_data/68316_AV.wav,1.0,0.027389651
/tmp/unfreezing_ablation_full_bibkj0rz/data/PhysioNet2022/training_data/68316_MV.wav,1.0,0.024517938
/tmp/unfreezing_ablation_full_bibkj0rz/data/PhysioNet2022/training_data/68316_PV.wav,1.0,0.023527363
/tmp/unfreezing_ablation_full_bibkj0rz/data/PhysioNet2022/training_data/68316_TV.wav,1.0,0.09605133
/tmp/unfreezing_ablation_full_bibkj0rz/data/PhysioNet2022/training_data/68327_AV.wav,1.0,0.011086884
/tmp/unfreezing_ablation_full_bibkj0rz/data/PhysioNet2022/training_data/68327_MV.wav,1.0,0.081170514
/tmp/unfreezing_ablation_full_bibkj0rz/data/PhysioNet2022/training_data/68327_PV.wav,1.0,0.020450886
/tmp/unfreezing_ablation_full_bibkj0rz/data/PhysioNet2022/training_data/68327_TV.wav,1.0,0.021210173
/tmp/unfreezing_ablation_full_bibkj0rz/data/PhysioNet2022/training_data/68337_AV.wav,1.0,0.10551031
/tmp/unfreezing_ablation_full_bibkj0rz/data/PhysioNet2022/training_data/68337_MV.wav,1.0,0.038734708
/tmp/unfreezing_ablation_full_bibkj0rz/data/PhysioNet2022/training_data/68337_PV.wav,1.0,0.035582032
/tmp/unfreezing_ablation_full_bibkj0rz/data/PhysioNet2022/training_data/68337_TV.wav,1.0,0.026138473
/tmp/unfreezing_ablation_full_bibkj0rz/data/PhysioNet2022/training_data/68363_AV.wav,1.0,0.025624389
/tmp/unfreezing_ablation_full_bibkj0rz/data/PhysioNet2022/training_data/68363_MV.wav,1.0,0.045616172
/tmp/unfreezing_ablation_full_bibkj0rz/data/PhysioNet2022/training_data/68368_AV.wav,1.0,0.17095609
/tmp/unfreezing_ablation_full_bibkj0rz/data/PhysioNet2022/training_data/68368_MV.wav,1.0,0.019833954
/tmp/unfreezing_ablation_full_bibkj0rz/data/PhysioNet2022/training_data/68368_PV.wav,1.0,0.06308143
/tmp/unfreezing_ablation_full_bibkj0rz/data/PhysioNet2022/training_data/68368_TV.wav,1.0,0.023353
/tmp/unfreezing_ablation_full_bibkj0rz/data/PhysioNet2022/training_data/68374_AV.wav,1.0,0.023461482
/tmp/unfreezing_ablation_full_bibkj0rz/data/PhysioNet2022/training_data/68374_MV.wav,1.0,0.0260452
/tmp/unfreezing_ablation_full_bibkj0rz/data/PhysioNet2022/training_data/68379_AV.wav,1.0,0.02430262
/tmp/unfreezing_ablation_full_bibkj0rz/data/PhysioNet2022/training_data/68379_MV.wav,1.0,0.030083776
/tmp/unfreezing_ablation_full_bibkj0rz/data/PhysioNet2022/training_data/68379_PV.wav,1.0,0.017990584
/tmp/unfreezing_ablation_full_bibkj0rz/data/PhysioNet2022/training_data/68379_TV.wav,1.0,0.14718659
/tmp/unfreezing_ablation_full_bibkj0rz/data/PhysioNet2022/training_data/68395_PV.wav,1.0,0.07743514
/tmp/unfreezing_ablation_full_bibkj0rz/data/PhysioNet2022/training_data/68395_TV.wav,1.0,0.018176895
/tmp/unfreezing_ablation_full_bibkj0rz/data/PhysioNet2022/training_data/68407_AV.wav,1.0,0.04141344
/tmp/unfreezing_ablation_full_bibkj0rz/data/PhysioNet2022/training_data/68407_MV.wav,1.0,0.02093922
/tmp/unfreezing_ablation_full_bibkj0rz/data/PhysioNet2022/training_data/68407_PV.wav,1.0,0.14123714
/tmp/unfreezing_ablation_full_bibkj0rz/data/PhysioNet2022/training_data/68407_TV.wav,1.0,0.026132066
/tmp/unfreezing_ablation_full_bibkj0rz/data/PhysioNet2022/training_data/68412_AV.wav,1.0,0.03168183
/tmp/unfreezing_ablation_full_bibkj0rz/data/PhysioNet2022/training_data/68412_MV.wav,1.0,0.028386366
/tmp/unfreezing_ablation_full_bibkj0rz/data/PhysioNet2022/training_data/68412_PV.wav,1.0,0.027691863
/tmp/unfreezing_ablation_full_bibkj0rz/data/PhysioNet2022/training_data/68412_TV.wav,1.0,0.045899373
/tmp/unfreezing_ablation_full_bibkj0rz/data/PhysioNet2022/training_data/68435_AV.wav,1.0,0.016634446
/tmp/unfreezing_ablation_full_bibkj0rz/data/PhysioNet2022/training_data/68435_MV.wav,1.0,0.029951243
/tmp/unfreezing_ablation_full_bibkj0rz/data/PhysioNet2022/training_data/68444_AV.wav,1.0,0.036844566
/tmp/unfreezing_ablation_full_bibkj0rz/data/PhysioNet2022/training_data/68444_MV.wav,1.0,0.46156856
/tmp/unfreezing_ablation_full_bibkj0rz/data/PhysioNet2022/training_data/68444_PV.wav,1.0,0.042609192
/tmp/unfreezing_ablation_full_bibkj0rz/data/PhysioNet2022/training_data/68444_TV.wav,1.0,0.012132725
/tmp/unfreezing_ablation_full_bibkj0rz/data/PhysioNet2022/training_data/68487_AV.wav,1.0,0.042008802
/tmp/unfreezing_ablation_full_bibkj0rz/data/PhysioNet2022/training_data/68487_MV.wav,1.0,0.08637129
/tmp/unfreezing_ablation_full_bibkj0rz/data/PhysioNet2022/training_data/68487_PV.wav,1.0,0.026997976
/tmp/unfreezing_ablation_full_bibkj0rz/data/PhysioNet2022/training_data/68487_TV.wav,1.0,0.054118443
/tmp/unfreezing_ablation_full_bibkj0rz/data/PhysioNet2022/training_data/68498_AV.wav,1.0,0.01679078
/tmp/unfreezing_ablation_full_bibkj0rz/data/PhysioNet2022/training_data/68498_MV.wav,1.0,0.027887207
/tmp/unfreezing_ablation_full_bibkj0rz/data/PhysioNet2022/training_data/68498_PV.wav,1.0,0.036412165
/tmp/unfreezing_ablation_full_bibkj0rz/data/PhysioNet2022/training_data/68498_TV.wav,1.0,0.029455665
/tmp/unfreezing_ablation_full_bibkj0rz/data/PhysioNet2022/training_data/68504_AV.wav,1.0,0.021180388
/tmp/unfreezing_ablation_full_bibkj0rz/data/PhysioNet2022/training_data/68504_MV.wav,1.0,0.085600495
/tmp/unfreezing_ablation_full_bibkj0rz/data/PhysioNet2022/training_data/68504_PV.wav,1.0,0.032883674
/tmp/unfreezing_ablation_full_bibkj0rz/data/PhysioNet2022/training_data/68504_TV.wav,1.0,0.01802383
/tmp/unfreezing_ablation_full_bibkj0rz/data/PhysioNet2022/training_data/68545_AV.wav,1.0,0.029033141
/tmp/unfreezing_ablation_full_bibkj0rz/data/PhysioNet2022/training_data/68545_MV.wav,1.0,0.018045155
/tmp/unfreezing_ablation_full_bibkj0rz/data/PhysioNet2022/training_data/68545_PV.wav,1.0,0.09160175
/tmp/unfreezing_ablation_full_bibkj0rz/data/PhysioNet2022/training_data/68545_TV.wav,1.0,0.040143505
/tmp/unfreezing_ablation_full_bibkj0rz/data/PhysioNet2022/training_data/68556_AV.wav,1.0,0.32636434
/tmp/unfreezing_ablation_full_bibkj0rz/data/PhysioNet2022/training_data/68556_MV.wav,1.0,0.1893504
/tmp/unfreezing_ablation_full_bibkj0rz/data/PhysioNet2022/training_data/68576_AV.wav,1.0,0.0293665
/tmp/unfreezing_ablation_full_bibkj0rz/data/PhysioNet2022/training_data/68576_MV.wav,1.0,0.029669812
/tmp/unfreezing_ablation_full_bibkj0rz/data/PhysioNet2022/training_data/68698_AV.wav,1.0,0.022175685
/tmp/unfreezing_ablation_full_bibkj0rz/data/PhysioNet2022/training_data/68698_MV.wav,1.0,0.08585901
/tmp/unfreezing_ablation_full_bibkj0rz/data/PhysioNet2022/training_data/68698_PV.wav,1.0,0.060630176
/tmp/unfreezing_ablation_full_bibkj0rz/data/PhysioNet2022/training_data/68698_TV.wav,1.0,0.118687995
/tmp/unfreezing_ablation_full_bibkj0rz/data/PhysioNet2022/training_data/68702_AV.wav,1.0,0.021703431
/tmp/unfreezing_ablation_full_bibkj0rz/data/PhysioNet2022/training_data/68702_MV.wav,1.0,0.050390653
/tmp/unfreezing_ablation_full_bibkj0rz/data/PhysioNet2022/training_data/68702_PV.wav,1.0,0.038018554
/tmp/unfreezing_ablation_full_bibkj0rz/data/PhysioNet2022/training_data/68702_TV.wav,1.0,0.021042783
/tmp/unfreezing_ablation_full_bibkj0rz/data/PhysioNet2022/training_data/68738_AV.wav,1.0,0.023384381
/tmp/unfreezing_ablation_full_bibkj0rz/data/PhysioNet2022/training_data/68738_MV.wav,1.0,0.031673774
/tmp/unfreezing_ablation_full_bibkj0rz/data/PhysioNet2022/training_data/68738_PV.wav,1.0,0.041415982
/tmp/unfreezing_ablation_full_bibkj0rz/data/PhysioNet2022/training_data/68738_TV.wav,1.0,0.027746378
/tmp/unfreezing_ablation_full_bibkj0rz/data/PhysioNet2022/training_data/68740_AV.wav,1.0,0.032305002
/tmp/unfreezing_ablation_full_bibkj0rz/data/PhysioNet2022/training_data/68740_MV.wav,1.0,0.038572732
/tmp/unfreezing_ablation_full_bibkj0rz/data/PhysioNet2022/training_data/68740_PV.wav,1.0,0.041563854
/tmp/unfreezing_ablation_full_bibkj0rz/data/PhysioNet2022/training_data/68740_TV.wav,1.0,0.036495768
/tmp/unfreezing_ablation_full_bibkj0rz/data/PhysioNet2022/training_data/68796_AV.wav,1.0,0.022813095
/tmp/unfreezing_ablation_full_bibkj0rz/data/PhysioNet2022/training_data/68796_MV.wav,1.0,0.029176386
/tmp/unfreezing_ablation_full_bibkj0rz/data/PhysioNet2022/training_data/68796_PV.wav,1.0,0.03609766
/tmp/unfreezing_ablation_full_bibkj0rz/data/PhysioNet2022/training_data/68796_TV.wav,1.0,0.018313324
/tmp/unfreezing_ablation_full_bibkj0rz/data/PhysioNet2022/training_data/68827_AV.wav,1.0,0.018251382
/tmp/unfreezing_ablation_full_bibkj0rz/data/PhysioNet2022/training_data/68827_PV.wav,1.0,0.029921783
/tmp/unfreezing_ablation_full_bibkj0rz/data/PhysioNet2022/training_data/68827_TV.wav,1.0,0.08276433
/tmp/unfreezing_ablation_full_bibkj0rz/data/PhysioNet2022/training_data/68874_AV.wav,1.0,0.18086545
/tmp/unfreezing_ablation_full_bibkj0rz/data/PhysioNet2022/training_data/68874_MV.wav,1.0,0.049759403
/tmp/unfreezing_ablation_full_bibkj0rz/data/PhysioNet2022/training_data/68874_PV.wav,1.0,0.031907205
/tmp/unfreezing_ablation_full_bibkj0rz/data/PhysioNet2022/training_data/68874_TV.wav,1.0,0.038766816
/tmp/unfreezing_ablation_full_bibkj0rz/data/PhysioNet2022/training_data/68886_AV.wav,1.0,0.019606953
/tmp/unfreezing_ablation_full_bibkj0rz/data/PhysioNet2022/training_data/68886_MV.wav,1.0,0.023607096
/tmp/unfreezing_ablation_full_bibkj0rz/data/PhysioNet2022/training_data/68886_PV.wav,1.0,0.027790958
/tmp/unfreezing_ablation_full_bibkj0rz/data/PhysioNet2022/training_data/68886_TV.wav,1.0,0.038105506
/tmp/unfreezing_ablation_full_bibkj0rz/data/PhysioNet2022/training_data/68888_AV.wav,1.0,0.09263025
/tmp/unfreezing_ablation_full_bibkj0rz/data/PhysioNet2022/training_data/68888_MV.wav,1.0,0.020008368
/tmp/unfreezing_ablation_full_bibkj0rz/data/PhysioNet2022/training_data/68888_PV.wav,1.0,0.03206003
/tmp/unfreezing_ablation_full_bibkj0rz/data/PhysioNet2022/training_data/68888_TV.wav,1.0,0.017607119
/tmp/unfreezing_ablation_full_bibkj0rz/data/PhysioNet2022/training_data/68901_AV.wav,1.0,0.02711255
/tmp/unfreezing_ablation_full_bibkj0rz/data/PhysioNet2022/training_data/68901_MV.wav,1.0,0.0093697235
/tmp/unfreezing_ablation_full_bibkj0rz/data/PhysioNet2022/training_data/68901_PV.wav,1.0,0.06406743
/tmp/unfreezing_ablation_full_bibkj0rz/data/PhysioNet2022/training_data/68901_TV.wav,1.0,0.030837422
/tmp/unfreezing_ablation_full_bibkj0rz/data/PhysioNet2022/training_data/68952_AV.wav,1.0,0.029800005
/tmp/unfreezing_ablation_full_bibkj0rz/data/PhysioNet2022/training_data/68952_MV.wav,1.0,0.040983208
/tmp/unfreezing_ablation_full_bibkj0rz/data/PhysioNet2022/training_data/68952_PV.wav,1.0,0.033226877
/tmp/unfreezing_ablation_full_bibkj0rz/data/PhysioNet2022/training_data/68952_TV.wav,1.0,0.014049842
/tmp/unfreezing_ablation_full_bibkj0rz/data/PhysioNet2022/training_data/69060_AV.wav,1.0,0.041902125
/tmp/unfreezing_ablation_full_bibkj0rz/data/PhysioNet2022/training_data/69060_MV.wav,1.0,0.020141894
/tmp/unfreezing_ablation_full_bibkj0rz/data/PhysioNet2022/training_data/69060_PV.wav,1.0,0.018154982
/tmp/unfreezing_ablation_full_bibkj0rz/data/PhysioNet2022/training_data/69060_TV.wav,1.0,0.028683793
/tmp/unfreezing_ablation_full_bibkj0rz/data/PhysioNet2022/training_data/69066_AV.wav,1.0,0.040007856
/tmp/unfreezing_ablation_full_bibkj0rz/data/PhysioNet2022/training_data/69066_MV.wav,1.0,0.079785265
/tmp/unfreezing_ablation_full_bibkj0rz/data/PhysioNet2022/training_data/69066_PV.wav,1.0,0.026677016
/tmp/unfreezing_ablation_full_bibkj0rz/data/PhysioNet2022/training_data/69066_TV.wav,1.0,0.055696372
/tmp/unfreezing_ablation_full_bibkj0rz/data/PhysioNet2022/training_data/69068_AV.wav,1.0,0.069474354
/tmp/unfreezing_ablation_full_bibkj0rz/data/PhysioNet2022/training_data/69068_MV.wav,1.0,0.07220752
/tmp/unfreezing_ablation_full_bibkj0rz/data/PhysioNet2022/training_data/69068_PV.wav,1.0,0.17398666
/tmp/unfreezing_ablation_full_bibkj0rz/data/PhysioNet2022/training_data/69068_TV.wav,1.0,0.048771784
/tmp/unfreezing_ablation_full_bibkj0rz/data/PhysioNet2022/training_data/69093_AV.wav,1.0,0.028873729
/tmp/unfreezing_ablation_full_bibkj0rz/data/PhysioNet2022/training_data/69093_MV.wav,1.0,0.1753967
/tmp/unfreezing_ablation_full_bibkj0rz/data/PhysioNet2022/training_data/69093_PV.wav,1.0,0.024091136
/tmp/unfreezing_ablation_full_bibkj0rz/data/PhysioNet2022/training_data/69093_TV.wav,1.0,0.03754762
/tmp/unfreezing_ablation_full_bibkj0rz/data/PhysioNet2022/training_data/69112_AV.wav,1.0,0.012376811
/tmp/unfreezing_ablation_full_bibkj0rz/data/PhysioNet2022/training_data/69112_MV.wav,1.0,0.13856684
/tmp/unfreezing_ablation_full_bibkj0rz/data/PhysioNet2022/training_data/69112_PV.wav,1.0,0.030171946
/tmp/unfreezing_ablation_full_bibkj0rz/data/PhysioNet2022/training_data/69112_TV.wav,1.0,0.058112144
/tmp/unfreezing_ablation_full_bibkj0rz/data/PhysioNet2022/training_data/69120_AV.wav,1.0,0.05122273
/tmp/unfreezing_ablation_full_bibkj0rz/data/PhysioNet2022/training_data/69120_MV.wav,1.0,0.06501235
/tmp/unfreezing_ablation_full_bibkj0rz/data/PhysioNet2022/training_data/69120_PV.wav,1.0,0.021413637
/tmp/unfreezing_ablation_full_bibkj0rz/data/PhysioNet2022/training_data/69120_TV.wav,1.0,0.050391473
/tmp/unfreezing_ablation_full_bibkj0rz/data/PhysioNet2022/training_data/69125_AV.wav,1.0,0.03582658
/tmp/unfreezing_ablation_full_bibkj0rz/data/PhysioNet2022/training_data/69125_MV.wav,1.0,0.07968173
/tmp/unfreezing_ablation_full_bibkj0rz/data/PhysioNet2022/training_data/69125_PV.wav,1.0,0.026517967
/tmp/unfreezing_ablation_full_bibkj0rz/data/PhysioNet2022/training_data/69125_TV.wav,1.0,0.029161904
/tmp/unfreezing_ablation_full_bibkj0rz/data/PhysioNet2022/training_data/69144_AV.wav,1.0,0.017390953
/tmp/unfreezing_ablation_full_bibkj0rz/data/PhysioNet2022/training_data/69144_MV.wav,1.0,0.017582122
/tmp/unfreezing_ablation_full_bibkj0rz/data/PhysioNet2022/training_data/69144_PV.wav,1.0,0.024941219
/tmp/unfreezing_ablation_full_bibkj0rz/data/PhysioNet2022/training_data/69144_TV.wav,1.0,0.5062819
/tmp/unfreezing_ablation_full_bibkj0rz/data/PhysioNet2022/training_data/69155_MV.wav,1.0,0.046568833
/tmp/unfreezing_ablation_full_bibkj0rz/data/PhysioNet2022/training_data/69155_PV.wav,1.0,0.039684918
/tmp/unfreezing_ablation_full_bibkj0rz/data/PhysioNet2022/training_data/69155_TV.wav,1.0,0.022978945
/tmp/unfreezing_ablation_full_bibkj0rz/data/PhysioNet2022/training_data/69161_AV.wav,1.0,0.026637778
/tmp/unfreezing_ablation_full_bibkj0rz/data/PhysioNet2022/training_data/69161_MV.wav,1.0,0.046356194
/tmp/unfreezing_ablation_full_bibkj0rz/data/PhysioNet2022/training_data/69161_PV.wav,1.0,0.022329023
/tmp/unfreezing_ablation_full_bibkj0rz/data/PhysioNet2022/training_data/69161_TV.wav,1.0,0.0294045
/tmp/unfreezing_ablation_full_bibkj0rz/data/PhysioNet2022/training_data/69174_AV.wav,1.0,0.036954306
/tmp/unfreezing_ablation_full_bibkj0rz/data/PhysioNet2022/training_data/69174_MV.wav,1.0,0.032299098
/tmp/unfreezing_ablation_full_bibkj0rz/data/PhysioNet2022/training_data/69174_PV.wav,1.0,0.022156293
/tmp/unfreezing_ablation_full_bibkj0rz/data/PhysioNet2022/training_data/69174_TV.wav,1.0,0.029139997
/tmp/unfreezing_ablation_full_bibkj0rz/data/PhysioNet2022/training_data/69176_AV.wav,1.0,0.09544742
/tmp/unfreezing_ablation_full_bibkj0rz/data/PhysioNet2022/training_data/69176_MV.wav,1.0,0.056141943
/tmp/unfreezing_ablation_full_bibkj0rz/data/PhysioNet2022/training_data/69176_PV.wav,1.0,0.03460139
/tmp/unfreezing_ablation_full_bibkj0rz/data/PhysioNet2022/training_data/69176_TV.wav,1.0,0.041717324
/tmp/unfreezing_ablation_full_bibkj0rz/data/PhysioNet2022/training_data/72288_PV.wav,1.0,0.051301695
/tmp/unfreezing_ablation_full_bibkj0rz/data/PhysioNet2022/training_data/73497_AV.wav,1.0,0.028430495
/tmp/unfreezing_ablation_full_bibkj0rz/data/PhysioNet2022/training_data/73497_MV.wav,1.0,0.02811601
/tmp/unfreezing_ablation_full_bibkj0rz/data/PhysioNet2022/training_data/73497_PV.wav,1.0,0.02766242
/tmp/unfreezing_ablation_full_bibkj0rz/data/PhysioNet2022/training_data/73497_TV.wav,1.0,0.055079374
/tmp/unfreezing_ablation_full_bibkj0rz/data/PhysioNet2022/training_data/74420_AV.wav,1.0,0.027894057
/tmp/unfreezing_ablation_full_bibkj0rz/data/PhysioNet2022/training_data/74420_MV.wav,1.0,0.031306464
/tmp/unfreezing_ablation_full_bibkj0rz/data/PhysioNet2022/training_data/75440_AV.wav,1.0,0.023078952
/tmp/unfreezing_ablation_full_bibkj0rz/data/PhysioNet2022/training_data/75440_MV.wav,1.0,0.095740475
/tmp/unfreezing_ablation_full_bibkj0rz/data/PhysioNet2022/training_data/75440_PV.wav,1.0,0.021558208
/tmp/unfreezing_ablation_full_bibkj0rz/data/PhysioNet2022/training_data/75440_TV.wav,1.0,0.02854154
/tmp/unfreezing_ablation_full_bibkj0rz/data/PhysioNet2022/training_data/78592_AV.wav,1.0,0.11304078
/tmp/unfreezing_ablation_full_bibkj0rz/data/PhysioNet2022/training_data/78592_MV.wav,1.0,0.013995866
/tmp/unfreezing_ablation_full_bibkj0rz/data/PhysioNet2022/training_data/78592_PV.wav,1.0,0.037856475
/tmp/unfreezing_ablation_full_bibkj0rz/data/PhysioNet2022/training_data/78592_TV.wav,1.0,0.89995253
/tmp/unfreezing_ablation_full_bibkj0rz/data/PhysioNet2022/training_data/84688_MV.wav,1.0,0.02089033
/tmp/unfreezing_ablation_full_bibkj0rz/data/PhysioNet2022/training_data/84689_AV.wav,1.0,0.015232589
/tmp/unfreezing_ablation_full_bibkj0rz/data/PhysioNet2022/training_data/84689_MV.wav,1.0,0.030486554
/tmp/unfreezing_ablation_full_bibkj0rz/data/PhysioNet2022/training_data/84689_PV.wav,1.0,0.02833825
/tmp/unfreezing_ablation_full_bibkj0rz/data/PhysioNet2022/training_data/84689_TV.wav,1.0,0.020978827
/tmp/unfreezing_ablation_full_bibkj0rz/data/PhysioNet2022/training_data/84692_AV.wav,1.0,0.058562536
/tmp/unfreezing_ablation_full_bibkj0rz/data/PhysioNet2022/training_data/84692_MV.wav,1.0,0.025425395
/tmp/unfreezing_ablation_full_bibkj0rz/data/PhysioNet2022/training_data/84692_PV.wav,1.0,0.03100908
/tmp/unfreezing_ablation_full_bibkj0rz/data/PhysioNet2022/training_data/84692_TV.wav,1.0,0.03769886
/tmp/unfreezing_ablation_full_bibkj0rz/data/PhysioNet2022/training_data/84699_AV.wav,1.0,0.011792742
/tmp/unfreezing_ablation_full_bibkj0rz/data/PhysioNet2022/training_data/84699_MV.wav,1.0,0.04358109
/tmp/unfreezing_ablation_full_bibkj0rz/data/PhysioNet2022/training_data/84699_PV.wav,1.0,0.048638362
/tmp/unfreezing_ablation_full_bibkj0rz/data/PhysioNet2022/training_data/84699_TV.wav,1.0,0.0287725
/tmp/unfreezing_ablation_full_bibkj0rz/data/PhysioNet2022/training_data/84709_AV.wav,1.0,0.029875062
/tmp/unfreezing_ablation_full_bibkj0rz/data/PhysioNet2022/training_data/84709_MV.wav,1.0,0.023828072
/tmp/unfreezing_ablation_full_bibkj0rz/data/PhysioNet2022/training_data/84709_PV.wav,1.0,0.4965053
/tmp/unfreezing_ablation_full_bibkj0rz/data/PhysioNet2022/training_data/84709_TV.wav,1.0,0.025405
/tmp/unfreezing_ablation_full_bibkj0rz/data/PhysioNet2022/training_data/84711_AV.wav,1.0,0.02007869
/tmp/unfreezing_ablation_full_bibkj0rz/data/PhysioNet2022/training_data/84711_MV.wav,1.0,0.051227205
/tmp/unfreezing_ablation_full_bibkj0rz/data/PhysioNet2022/training_data/84711_PV.wav,1.0,0.08637727
/tmp/unfreezing_ablation_full_bibkj0rz/data/PhysioNet2022/training_data/84711_TV.wav,1.0,0.022782458
/tmp/unfreezing_ablation_full_bibkj0rz/data/PhysioNet2022/training_data/84714_AV.wav,1.0,0.037059866
/tmp/unfreezing_ablation_full_bibkj0rz/data/PhysioNet2022/training_data/84714_MV.wav,1.0,0.16719761
/tmp/unfreezing_ablation_full_bibkj0rz/data/PhysioNet2022/training_data/84714_TV.wav,1.0,0.05426516
/tmp/unfreezing_ablation_full_bibkj0rz/data/PhysioNet2022/training_data/84720_AV.wav,1.0,0.22455096
/tmp/unfreezing_ablation_full_bibkj0rz/data/PhysioNet2022/training_data/84724_AV.wav,1.0,0.07632087
/tmp/unfreezing_ablation_full_bibkj0rz/data/PhysioNet2022/training_data/84724_MV.wav,1.0,0.053650167
/tmp/unfreezing_ablation_full_bibkj0rz/data/PhysioNet2022/training_data/84724_PV.wav,1.0,0.033668287
/tmp/unfreezing_ablation_full_bibkj0rz/data/PhysioNet2022/training_data/84724_TV.wav,1.0,0.022341548
/tmp/unfreezing_ablation_full_bibkj0rz/data/PhysioNet2022/training_data/84727_AV.wav,1.0,0.017273517
/tmp/unfreezing_ablation_full_bibkj0rz/data/PhysioNet2022/training_data/84727_MV.wav,1.0,0.024201615
/tmp/unfreezing_ablation_full_bibkj0rz/data/PhysioNet2022/training_data/84727_PV.wav,1.0,0.04914193
/tmp/unfreezing_ablation_full_bibkj0rz/data/PhysioNet2022/training_data/84727_TV.wav,1.0,0.07728809
/tmp/unfreezing_ablation_full_bibkj0rz/data/PhysioNet2022/training_data/84735_AV.wav,1.0,0.03524569
/tmp/unfreezing_ablation_full_bibkj0rz/data/PhysioNet2022/training_data/84735_MV.wav,1.0,0.031604353
/tmp/unfreezing_ablation_full_bibkj0rz/data/PhysioNet2022/training_data/84735_PV.wav,1.0,0.014234283
/tmp/unfreezing_ablation_full_bibkj0rz/data/PhysioNet2022/training_data/84735_TV.wav,1.0,0.038225893
/tmp/unfreezing_ablation_full_bibkj0rz/data/PhysioNet2022/training_data/84736_AV.wav,1.0,0.030803965
/tmp/unfreezing_ablation_full_bibkj0rz/data/PhysioNet2022/training_data/84736_MV.wav,1.0,0.03785672
/tmp/unfreezing_ablation_full_bibkj0rz/data/PhysioNet2022/training_data/84742_AV.wav,1.0,0.061418705
/tmp/unfreezing_ablation_full_bibkj0rz/data/PhysioNet2022/training_data/84742_MV.wav,1.0,0.03525285
/tmp/unfreezing_ablation_full_bibkj0rz/data/PhysioNet2022/training_data/84742_PV.wav,1.0,0.0624202
/tmp/unfreezing_ablation_full_bibkj0rz/data/PhysioNet2022/training_data/84742_TV.wav,1.0,0.03664675
/tmp/unfreezing_ablation_full_bibkj0rz/data/PhysioNet2022/training_data/84743_AV.wav,1.0,0.0384249
/tmp/unfreezing_ablation_full_bibkj0rz/data/PhysioNet2022/training_data/84743_MV.wav,1.0,0.024150413
/tmp/unfreezing_ablation_full_bibkj0rz/data/PhysioNet2022/training_data/84743_PV.wav,1.0,0.022890331
/tmp/unfreezing_ablation_full_bibkj0rz/data/PhysioNet2022/training_data/84743_TV.wav,1.0,0.022989599
/tmp/unfreezing_ablation_full_bibkj0rz/data/PhysioNet2022/training_data/84747_TV.wav,1.0,0.049090374
/tmp/unfreezing_ablation_full_bibkj0rz/data/PhysioNet2022/training_data/84749_AV.wav,1.0,0.038088843
/tmp/unfreezing_ablation_full_bibkj0rz/data/PhysioNet2022/training_data/84749_MV.wav,1.0,0.1737561
/tmp/unfreezing_ablation_full_bibkj0rz/data/PhysioNet2022/training_data/84749_PV.wav,1.0,0.034742724
/tmp/unfreezing_ablation_full_bibkj0rz/data/PhysioNet2022/training_data/84749_TV.wav,1.0,0.02277337
/tmp/unfreezing_ablation_full_bibkj0rz/data/PhysioNet2022/training_data/84750_AV.wav,1.0,0.013050164
/tmp/unfreezing_ablation_full_bibkj0rz/data/PhysioNet2022/training_data/84750_MV.wav,1.0,0.0333802
/tmp/unfreezing_ablation_full_bibkj0rz/data/PhysioNet2022/training_data/84750_PV.wav,1.0,0.03363568
/tmp/unfreezing_ablation_full_bibkj0rz/data/PhysioNet2022/training_data/84750_TV.wav,1.0,0.039893113
/tmp/unfreezing_ablation_full_bibkj0rz/data/PhysioNet2022/training_data/84758_AV.wav,1.0,0.036445078
/tmp/unfreezing_ablation_full_bibkj0rz/data/PhysioNet2022/training_data/84758_MV.wav,1.0,0.043535825
/tmp/unfreezing_ablation_full_bibkj0rz/data/PhysioNet2022/training_data/84758_PV.wav,1.0,0.020385275
/tmp/unfreezing_ablation_full_bibkj0rz/data/PhysioNet2022/training_data/84758_TV.wav,1.0,0.028362695
/tmp/unfreezing_ablation_full_bibkj0rz/data/PhysioNet2022/training_data/84761_AV.wav,1.0,0.04547268
/tmp/unfreezing_ablation_full_bibkj0rz/data/PhysioNet2022/training_data/84761_MV.wav,1.0,0.013760532
/tmp/unfreezing_ablation_full_bibkj0rz/data/PhysioNet2022/training_data/84761_PV.wav,1.0,0.020205177
/tmp/unfreezing_ablation_full_bibkj0rz/data/PhysioNet2022/training_data/84761_TV.wav,1.0,0.021761136
/tmp/unfreezing_ablation_full_bibkj0rz/data/PhysioNet2022/training_data/84776_AV.wav,1.0,0.02372015
/tmp/unfreezing_ablation_full_bibkj0rz/data/PhysioNet2022/training_data/84776_MV.wav,1.0,0.054287456
/tmp/unfreezing_ablation_full_bibkj0rz/data/PhysioNet2022/training_data/84776_PV.wav,1.0,0.08438843
/tmp/unfreezing_ablation_full_bibkj0rz/data/PhysioNet2022/training_data/84776_TV.wav,1.0,0.028391147
/tmp/unfreezing_ablation_full_bibkj0rz/data/PhysioNet2022/training_data/84778_AV.wav,1.0,0.020636301
/tmp/unfreezing_ablation_full_bibkj0rz/data/PhysioNet2022/training_data/84778_MV.wav,1.0,0.035561413
/tmp/unfreezing_ablation_full_bibkj0rz/data/PhysioNet2022/training_data/84778_PV.wav,1.0,0.029300213
/tmp/unfreezing_ablation_full_bibkj0rz/data/PhysioNet2022/training_data/84778_TV.wav,1.0,0.113361456
/tmp/unfreezing_ablation_full_bibkj0rz/data/PhysioNet2022/training_data/84785_AV.wav,1.0,0.02406719
/tmp/unfreezing_ablation_full_bibkj0rz/data/PhysioNet2022/training_data/84785_MV.wav,1.0,0.02197184
/tmp/unfreezing_ablation_full_bibkj0rz/data/PhysioNet2022/training_data/84785_PV.wav,1.0,0.037922774
/tmp/unfreezing_ablation_full_bibkj0rz/data/PhysioNet2022/training_data/84785_TV.wav,1.0,0.09534654
/tmp/unfreezing_ablation_full_bibkj0rz/data/PhysioNet2022/training_data/84796_AV.wav,1.0,0.053157702
/tmp/unfreezing_ablation_full_bibkj0rz/data/PhysioNet2022/training_data/84796_MV.wav,1.0,0.029271564
/tmp/unfreezing_ablation_full_bibkj0rz/data/PhysioNet2022/training_data/84798_AV.wav,1.0,0.025768876
/tmp/unfreezing_ablation_full_bibkj0rz/data/PhysioNet2022/training_data/84798_MV.wav,1.0,0.02265539
/tmp/unfreezing_ablation_full_bibkj0rz/data/PhysioNet2022/training_data/84798_PV.wav,1.0,0.026381899
/tmp/unfreezing_ablation_full_bibkj0rz/data/PhysioNet2022/training_data/84798_TV.wav,1.0,0.013425267
/tmp/unfreezing_ablation_full_bibkj0rz/data/PhysioNet2022/training_data/84809_AV.wav,1.0,0.029844653
/tmp/unfreezing_ablation_full_bibkj0rz/data/PhysioNet2022/training_data/84809_MV.wav,1.0,0.037644103
/tmp/unfreezing_ablation_full_bibkj0rz/data/PhysioNet2022/training_data/84809_PV.wav,1.0,0.022609744
/tmp/unfreezing_ablation_full_bibkj0rz/data/PhysioNet2022/training_data/84809_TV.wav,1.0,0.033520494
/tmp/unfreezing_ablation_full_bibkj0rz/data/PhysioNet2022/training_data/84835_AV.wav,1.0,0.025979223
/tmp/unfreezing_ablation_full_bibkj0rz/data/PhysioNet2022/training_data/84835_MV.wav,1.0,0.023182333
/tmp/unfreezing_ablation_full_bibkj0rz/data/PhysioNet2022/training_data/84835_PV.wav,1.0,0.030515356
/tmp/unfreezing_ablation_full_bibkj0rz/data/PhysioNet2022/training_data/84835_TV.wav,1.0,0.04402738
/tmp/unfreezing_ablation_full_bibkj0rz/data/PhysioNet2022/training_data/84837_AV.wav,1.0,0.042927667
/tmp/unfreezing_ablation_full_bibkj0rz/data/PhysioNet2022/training_data/84837_PV.wav,1.0,0.01086811
/tmp/unfreezing_ablation_full_bibkj0rz/data/PhysioNet2022/training_data/84840_MV.wav,1.0,0.030438108
/tmp/unfreezing_ablation_full_bibkj0rz/data/PhysioNet2022/training_data/84840_TV.wav,1.0,0.0953462
/tmp/unfreezing_ablation_full_bibkj0rz/data/PhysioNet2022/training_data/84852_AV.wav,1.0,0.150341
/tmp/unfreezing_ablation_full_bibkj0rz/data/PhysioNet2022/training_data/84852_MV.wav,1.0,0.023550855
/tmp/unfreezing_ablation_full_bibkj0rz/data/PhysioNet2022/training_data/84852_PV.wav,1.0,0.022340152
/tmp/unfreezing_ablation_full_bibkj0rz/data/PhysioNet2022/training_data/84852_TV.wav,1.0,0.025875036
/tmp/unfreezing_ablation_full_bibkj0rz/data/PhysioNet2022/training_data/84861_AV.wav,1.0,0.33258787
/tmp/unfreezing_ablation_full_bibkj0rz/data/PhysioNet2022/training_data/84861_MV.wav,1.0,0.043488197
/tmp/unfreezing_ablation_full_bibkj0rz/data/PhysioNet2022/training_data/84861_PV.wav,1.0,0.014223355
/tmp/unfreezing_ablation_full_bibkj0rz/data/PhysioNet2022/training_data/84861_TV.wav,1.0,0.008070354
/tmp/unfreezing_ablation_full_bibkj0rz/data/PhysioNet2022/training_data/84864_AV.wav,1.0,0.04289165
/tmp/unfreezing_ablation_full_bibkj0rz/data/PhysioNet2022/training_data/84864_MV.wav,1.0,0.03355001
/tmp/unfreezing_ablation_full_bibkj0rz/data/PhysioNet2022/training_data/84864_PV.wav,1.0,0.044016585
/tmp/unfreezing_ablation_full_bibkj0rz/data/PhysioNet2022/training_data/84864_TV.wav,1.0,0.021244556
/tmp/unfreezing_ablation_full_bibkj0rz/data/PhysioNet2022/training_data/84870_AV.wav,1.0,0.01619721
/tmp/unfreezing_ablation_full_bibkj0rz/data/PhysioNet2022/training_data/84870_MV.wav,1.0,0.21623711
/tmp/unfreezing_ablation_full_bibkj0rz/data/PhysioNet2022/training_data/84870_PV.wav,1.0,0.02104852
/tmp/unfreezing_ablation_full_bibkj0rz/data/PhysioNet2022/training_data/84870_TV.wav,1.0,0.12815093
/tmp/unfreezing_ablation_full_bibkj0rz/data/PhysioNet2022/training_data/84877_AV.wav,1.0,0.015911289
/tmp/unfreezing_ablation_full_bibkj0rz/data/PhysioNet2022/training_data/84877_MV.wav,1.0,0.031102832
/tmp/unfreezing_ablation_full_bibkj0rz/data/PhysioNet2022/training_data/84877_PV.wav,1.0,0.026743572
/tmp/unfreezing_ablation_full_bibkj0rz/data/PhysioNet2022/training_data/84877_TV.wav,1.0,0.025813421
/tmp/unfreezing_ablation_full_bibkj0rz/data/PhysioNet2022/training_data/84881_AV.wav,1.0,0.022427559
/tmp/unfreezing_ablation_full_bibkj0rz/data/PhysioNet2022/training_data/84881_MV.wav,1.0,0.032264747
/tmp/unfreezing_ablation_full_bibkj0rz/data/PhysioNet2022/training_data/84881_PV.wav,1.0,0.02068336
/tmp/unfreezing_ablation_full_bibkj0rz/data/PhysioNet2022/training_data/84881_TV.wav,1.0,0.03475
/tmp/unfreezing_ablation_full_bibkj0rz/data/PhysioNet2022/training_data/84885_AV.wav,1.0,0.0229696
/tmp/unfreezing_ablation_full_bibkj0rz/data/PhysioNet2022/training_data/84885_MV.wav,1.0,0.021691317
/tmp/unfreezing_ablation_full_bibkj0rz/data/PhysioNet2022/training_data/84890_AV.wav,1.0,0.024821535
/tmp/unfreezing_ablation_full_bibkj0rz/data/PhysioNet2022/training_data/84890_MV.wav,1.0,0.027337663
/tmp/unfreezing_ablation_full_bibkj0rz/data/PhysioNet2022/training_data/84890_PV.wav,1.0,0.034258276
/tmp/unfreezing_ablation_full_bibkj0rz/data/PhysioNet2022/training_data/84890_TV.wav,1.0,0.2750499
/tmp/unfreezing_ablation_full_bibkj0rz/data/PhysioNet2022/training_data/84893_AV.wav,1.0,0.023143468
/tmp/unfreezing_ablation_full_bibkj0rz/data/PhysioNet2022/training_data/84893_PV.wav,1.0,0.016510637
/tmp/unfreezing_ablation_full_bibkj0rz/data/PhysioNet2022/training_data/84894_AV.wav,1.0,0.015658975
/tmp/unfreezing_ablation_full_bibkj0rz/data/PhysioNet2022/training_data/84894_MV.wav,1.0,0.03173922
/tmp/unfreezing_ablation_full_bibkj0rz/data/PhysioNet2022/training_data/84894_PV.wav,1.0,0.03320321
/tmp/unfreezing_ablation_full_bibkj0rz/data/PhysioNet2022/training_data/84894_TV.wav,1.0,0.027499294
/tmp/unfreezing_ablation_full_bibkj0rz/data/PhysioNet2022/training_data/84917_AV.wav,1.0,0.11634014
/tmp/unfreezing_ablation_full_bibkj0rz/data/PhysioNet2022/training_data/84917_MV.wav,1.0,0.043149546
/tmp/unfreezing_ablation_full_bibkj0rz/data/PhysioNet2022/training_data/84917_PV.wav,1.0,0.028956534
/tmp/unfreezing_ablation_full_bibkj0rz/data/PhysioNet2022/training_data/84917_TV.wav,1.0,0.032295924
/tmp/unfreezing_ablation_full_bibkj0rz/data/PhysioNet2022/training_data/84921_AV.wav,1.0,0.025872495
/tmp/unfreezing_ablation_full_bibkj0rz/data/PhysioNet2022/training_data/84921_MV.wav,1.0,0.013580501
/tmp/unfreezing_ablation_full_bibkj0rz/data/PhysioNet2022/training_data/84921_PV.wav,1.0,0.015877197
/tmp/unfreezing_ablation_full_bibkj0rz/data/PhysioNet2022/training_data/84921_TV.wav,1.0,0.02347934
/tmp/unfreezing_ablation_full_bibkj0rz/data/PhysioNet2022/training_data/84922_AV.wav,1.0,0.020713037
/tmp/unfreezing_ablation_full_bibkj0rz/data/PhysioNet2022/training_data/84922_MV.wav,1.0,0.031845946
/tmp/unfreezing_ablation_full_bibkj0rz/data/PhysioNet2022/training_data/84930_AV.wav,1.0,0.035398092
/tmp/unfreezing_ablation_full_bibkj0rz/data/PhysioNet2022/training_data/84930_MV.wav,1.0,0.030901846
/tmp/unfreezing_ablation_full_bibkj0rz/data/PhysioNet2022/training_data/84930_PV.wav,1.0,0.029847993
/tmp/unfreezing_ablation_full_bibkj0rz/data/PhysioNet2022/training_data/84930_TV.wav,1.0,0.034994315
/tmp/unfreezing_ablation_full_bibkj0rz/data/PhysioNet2022/training_data/84937_AV.wav,1.0,0.03377931
/tmp/unfreezing_ablation_full_bibkj0rz/data/PhysioNet2022/training_data/84937_MV.wav,1.0,0.01948095
/tmp/unfreezing_ablation_full_bibkj0rz/data/PhysioNet2022/training_data/84937_PV.wav,1.0,0.08942026
/tmp/unfreezing_ablation_full_bibkj0rz/data/PhysioNet2022/training_data/84937_TV.wav,1.0,0.05524902
/tmp/unfreezing_ablation_full_bibkj0rz/data/PhysioNet2022/training_data/84939_AV.wav,1.0,0.030184338
/tmp/unfreezing_ablation_full_bibkj0rz/data/PhysioNet2022/training_data/84939_MV.wav,1.0,0.048097752
/tmp/unfreezing_ablation_full_bibkj0rz/data/PhysioNet2022/training_data/84939_PV.wav,1.0,0.04033377
/tmp/unfreezing_ablation_full_bibkj0rz/data/PhysioNet2022/training_data/84939_TV.wav,1.0,0.020838575
/tmp/unfreezing_ablation_full_bibkj0rz/data/PhysioNet2022/training_data/84945_AV.wav,1.0,0.05310263
/tmp/unfreezing_ablation_full_bibkj0rz/data/PhysioNet2022/training_data/84945_MV.wav,1.0,0.017781448
/tmp/unfreezing_ablation_full_bibkj0rz/data/PhysioNet2022/training_data/84945_PV.wav,1.0,0.025166932
/tmp/unfreezing_ablation_full_bibkj0rz/data/PhysioNet2022/training_data/84945_TV.wav,1.0,0.01772625
/tmp/unfreezing_ablation_full_bibkj0rz/data/PhysioNet2022/training_data/84947_AV.wav,1.0,0.026125733
/tmp/unfreezing_ablation_full_bibkj0rz/data/PhysioNet2022/training_data/84947_MV.wav,1.0,0.019455682
/tmp/unfreezing_ablation_full_bibkj0rz/data/PhysioNet2022/training_data/84947_PV.wav,1.0,0.025549764
/tmp/unfreezing_ablation_full_bibkj0rz/data/PhysioNet2022/training_data/84947_TV.wav,1.0,0.021436475
/tmp/unfreezing_ablation_full_bibkj0rz/data/PhysioNet2022/training_data/84969_MV.wav,1.0,0.038164258
/tmp/unfreezing_ablation_full_bibkj0rz/data/PhysioNet2022/training_data/84973_AV.wav,1.0,0.041372035
/tmp/unfreezing_ablation_full_bibkj0rz/data/PhysioNet2022/training_data/84973_MV.wav,1.0,0.0899315
/tmp/unfreezing_ablation_full_bibkj0rz/data/PhysioNet2022/training_data/84973_PV.wav,1.0,0.026976952
/tmp/unfreezing_ablation_full_bibkj0rz/data/PhysioNet2022/training_data/84973_TV.wav,1.0,0.034060303
/tmp/unfreezing_ablation_full_bibkj0rz/data/PhysioNet2022/training_data/84984_MV.wav,1.0,0.028538287
/tmp/unfreezing_ablation_full_bibkj0rz/data/PhysioNet2022/training_data/84984_PV.wav,1.0,0.0071722926
/tmp/unfreezing_ablation_full_bibkj0rz/data/PhysioNet2022/training_data/84988_AV.wav,1.0,0.025595726
/tmp/unfreezing_ablation_full_bibkj0rz/data/PhysioNet2022/training_data/84988_MV.wav,1.0,0.30522037
/tmp/unfreezing_ablation_full_bibkj0rz/data/PhysioNet2022/training_data/84988_PV.wav,1.0,0.029389244
/tmp/unfreezing_ablation_full_bibkj0rz/data/PhysioNet2022/training_data/84992_AV.wav,1.0,0.028862955
/tmp/unfreezing_ablation_full_bibkj0rz/data/PhysioNet2022/training_data/84992_PV.wav,1.0,0.013902201
/tmp/unfreezing_ablation_full_bibkj0rz/data/PhysioNet2022/training_data/84992_TV.wav,1.0,0.0407383
/tmp/unfreezing_ablation_full_bibkj0rz/data/PhysioNet2022/training_data/84994_AV.wav,1.0,0.021978041
/tmp/unfreezing_ablation_full_bibkj0rz/data/PhysioNet2022/training_data/84994_MV.wav,1.0,0.026904937
/tmp/unfreezing_ablation_full_bibkj0rz/data/PhysioNet2022/training_data/84994_PV.wav,1.0,0.18222883
/tmp/unfreezing_ablation_full_bibkj0rz/data/PhysioNet2022/training_data/84994_TV.wav,1.0,0.013731191
/tmp/unfreezing_ablation_full_bibkj0rz/data/PhysioNet2022/training_data/85002_AV.wav,1.0,0.36761054
/tmp/unfreezing_ablation_full_bibkj0rz/data/PhysioNet2022/training_data/85002_MV.wav,1.0,0.051337354
/tmp/unfreezing_ablation_full_bibkj0rz/data/PhysioNet2022/training_data/85002_PV.wav,1.0,0.033286642
/tmp/unfreezing_ablation_full_bibkj0rz/data/PhysioNet2022/training_data/85002_TV.wav,1.0,0.045788396
/tmp/unfreezing_ablation_full_bibkj0rz/data/PhysioNet2022/training_data/85010_AV.wav,1.0,0.015994454
/tmp/unfreezing_ablation_full_bibkj0rz/data/PhysioNet2022/training_data/85010_MV.wav,1.0,0.045020074
/tmp/unfreezing_ablation_full_bibkj0rz/data/PhysioNet2022/training_data/85010_PV.wav,1.0,0.035842042
/tmp/unfreezing_ablation_full_bibkj0rz/data/PhysioNet2022/training_data/85010_TV.wav,1.0,0.17665446
/tmp/unfreezing_ablation_full_bibkj0rz/data/PhysioNet2022/training_data/85024_AV.wav,1.0,0.023419645
/tmp/unfreezing_ablation_full_bibkj0rz/data/PhysioNet2022/training_data/85024_MV.wav,1.0,0.050479606
/tmp/unfreezing_ablation_full_bibkj0rz/data/PhysioNet2022/training_data/85024_PV.wav,1.0,0.022176336
/tmp/unfreezing_ablation_full_bibkj0rz/data/PhysioNet2022/training_data/85024_TV.wav,1.0,0.035202276
/tmp/unfreezing_ablation_full_bibkj0rz/data/PhysioNet2022/training_data/85033_AV.wav,1.0,0.028656717
/tmp/unfreezing_ablation_full_bibkj0rz/data/PhysioNet2022/training_data/85033_MV.wav,1.0,0.02482724
/tmp/unfreezing_ablation_full_bibkj0rz/data/PhysioNet2022/training_data/85033_PV.wav,1.0,0.020692103
/tmp/unfreezing_ablation_full_bibkj0rz/data/PhysioNet2022/training_data/85033_TV.wav,1.0,0.044103727
/tmp/unfreezing_ablation_full_bibkj0rz/data/PhysioNet2022/training_data/85043_MV.wav,1.0,0.017208582
/tmp/unfreezing_ablation_full_bibkj0rz/data/PhysioNet2022/training_data/85043_PV.wav,1.0,0.027106242
/tmp/unfreezing_ablation_full_bibkj0rz/data/PhysioNet2022/training_data/85043_TV.wav,1.0,0.033802446
/tmp/unfreezing_ablation_full_bibkj0rz/data/PhysioNet2022/training_data/85044_AV.wav,1.0,0.041566554
/tmp/unfreezing_ablation_full_bibkj0rz/data/PhysioNet2022/training_data/85044_PV.wav,1.0,0.023262069
/tmp/unfreezing_ablation_full_bibkj0rz/data/PhysioNet2022/training_data/85048_AV.wav,1.0,0.028896628
/tmp/unfreezing_ablation_full_bibkj0rz/data/PhysioNet2022/training_data/85048_MV.wav,1.0,0.02639527
/tmp/unfreezing_ablation_full_bibkj0rz/data/PhysioNet2022/training_data/85048_PV.wav,1.0,0.02926489
/tmp/unfreezing_ablation_full_bibkj0rz/data/PhysioNet2022/training_data/85048_TV.wav,1.0,0.038923346
/tmp/unfreezing_ablation_full_bibkj0rz/data/PhysioNet2022/training_data/85075_AV.wav,1.0,0.025975315
/tmp/unfreezing_ablation_full_bibkj0rz/data/PhysioNet2022/training_data/85075_MV.wav,1.0,0.04182369
/tmp/unfreezing_ablation_full_bibkj0rz/data/PhysioNet2022/training_data/85075_PV.wav,1.0,0.03545876
/tmp/unfreezing_ablation_full_bibkj0rz/data/PhysioNet2022/training_data/85075_TV.wav,1.0,0.026692366
/tmp/unfreezing_ablation_full_bibkj0rz/data/PhysioNet2022/training_data/85076_MV.wav,1.0,0.020307511
/tmp/unfreezing_ablation_full_bibkj0rz/data/PhysioNet2022/training_data/85076_PV.wav,1.0,0.035881683
/tmp/unfreezing_ablation_full_bibkj0rz/data/PhysioNet2022/training_data/85084_AV.wav,1.0,0.02311887
/tmp/unfreezing_ablation_full_bibkj0rz/data/PhysioNet2022/training_data/85084_PV.wav,1.0,0.02522813
/tmp/unfreezing_ablation_full_bibkj0rz/data/PhysioNet2022/training_data/85084_TV.wav,1.0,0.11354431
/tmp/unfreezing_ablation_full_bibkj0rz/data/PhysioNet2022/training_data/85105_PV.wav,1.0,0.030245593
/tmp/unfreezing_ablation_full_bibkj0rz/data/PhysioNet2022/training_data/85105_TV.wav,1.0,0.025646064
/tmp/unfreezing_ablation_full_bibkj0rz/data/PhysioNet2022/training_data/85114_AV.wav,1.0,0.037814938
/tmp/unfreezing_ablation_full_bibkj0rz/data/PhysioNet2022/training_data/85114_MV.wav,1.0,0.033461522
/tmp/unfreezing_ablation_full_bibkj0rz/data/PhysioNet2022/training_data/85114_PV.wav,1.0,0.009070291
/tmp/unfreezing_ablation_full_bibkj0rz/data/PhysioNet2022/training_data/85114_TV.wav,1.0,0.015249688
/tmp/unfreezing_ablation_full_bibkj0rz/data/PhysioNet2022/training_data/85123_AV.wav,1.0,0.022231963
/tmp/unfreezing_ablation_full_bibkj0rz/data/PhysioNet2022/training_data/85123_MV.wav,1.0,0.03125561
/tmp/unfreezing_ablation_full_bibkj0rz/data/PhysioNet2022/training_data/85123_PV.wav,1.0,0.032561515
/tmp/unfreezing_ablation_full_bibkj0rz/data/PhysioNet2022/training_data/85123_TV.wav,1.0,0.03396794
/tmp/unfreezing_ablation_full_bibkj0rz/data/PhysioNet2022/training_data/85124_AV.wav,1.0,0.030258643
/tmp/unfreezing_ablation_full_bibkj0rz/data/PhysioNet2022/training_data/85124_MV.wav,1.0,0.045436103
/tmp/unfreezing_ablation_full_bibkj0rz/data/PhysioNet2022/training_data/85124_PV.wav,1.0,0.017089803
/tmp/unfreezing_ablation_full_bibkj0rz/data/PhysioNet2022/training_data/85124_TV.wav,1.0,0.023818513
/tmp/unfreezing_ablation_full_bibkj0rz/data/PhysioNet2022/training_data/85128_AV.wav,1.0,0.066921026
/tmp/unfreezing_ablation_full_bibkj0rz/data/PhysioNet2022/training_data/85128_MV.wav,1.0,0.025420522
/tmp/unfreezing_ablation_full_bibkj0rz/data/PhysioNet2022/training_data/85128_PV.wav,1.0,0.032315183
/tmp/unfreezing_ablation_full_bibkj0rz/data/PhysioNet2022/training_data/85128_TV.wav,1.0,0.043477308
/tmp/unfreezing_ablation_full_bibkj0rz/data/PhysioNet2022/training_data/85133_AV.wav,1.0,0.031140422
/tmp/unfreezing_ablation_full_bibkj0rz/data/PhysioNet2022/training_data/85133_MV.wav,1.0,0.024014218
/tmp/unfreezing_ablation_full_bibkj0rz/data/PhysioNet2022/training_data/85133_PV.wav,1.0,0.020791627
/tmp/unfreezing_ablation_full_bibkj0rz/data/PhysioNet2022/training_data/85133_TV.wav,1.0,0.025388733
/tmp/unfreezing_ablation_full_bibkj0rz/data/PhysioNet2022/training_data/85135_MV.wav,1.0,0.03033475
/tmp/unfreezing_ablation_full_bibkj0rz/data/PhysioNet2022/training_data/85135_PV.wav,1.0,0.01635511
/tmp/unfreezing_ablation_full_bibkj0rz/data/PhysioNet2022/training_data/85135_TV.wav,1.0,0.056738038
/tmp/unfreezing_ablation_full_bibkj0rz/data/PhysioNet2022/training_data/85136_AV.wav,1.0,0.02358003
/tmp/unfreezing_ablation_full_bibkj0rz/data/PhysioNet2022/training_data/85136_MV.wav,1.0,0.067952394
/tmp/unfreezing_ablation_full_bibkj0rz/data/PhysioNet2022/training_data/85136_PV.wav,1.0,0.027254144
/tmp/unfreezing_ablation_full_bibkj0rz/data/PhysioNet2022/training_data/85136_TV.wav,1.0,0.0116959745
/tmp/unfreezing_ablation_full_bibkj0rz/data/PhysioNet2022/training_data/85140_AV.wav,1.0,0.017326007
/tmp/unfreezing_ablation_full_bibkj0rz/data/PhysioNet2022/training_data/85140_MV.wav,1.0,0.032238435
/tmp/unfreezing_ablation_full_bibkj0rz/data/PhysioNet2022/training_data/85140_PV.wav,1.0,0.013744634
/tmp/unfreezing_ablation_full_bibkj0rz/data/PhysioNet2022/training_data/85143_AV.wav,1.0,0.047934875
/tmp/unfreezing_ablation_full_bibkj0rz/data/PhysioNet2022/training_data/85143_MV.wav,1.0,0.025114452
/tmp/unfreezing_ablation_full_bibkj0rz/data/PhysioNet2022/training_data/85143_PV.wav,1.0,0.028352708
/tmp/unfreezing_ablation_full_bibkj0rz/data/PhysioNet2022/training_data/85143_TV.wav,1.0,0.022763437
/tmp/unfreezing_ablation_full_bibkj0rz/data/PhysioNet2022/training_data/85145_MV.wav,1.0,0.042219423
/tmp/unfreezing_ablation_full_bibkj0rz/data/PhysioNet2022/training_data/85148_AV.wav,1.0,0.018297825
/tmp/unfreezing_ablation_full_bibkj0rz/data/PhysioNet2022/training_data/85148_MV.wav,1.0,0.028645491
/tmp/unfreezing_ablation_full_bibkj0rz/data/PhysioNet2022/training_data/85148_PV.wav,1.0,0.02111181
/tmp/unfreezing_ablation_full_bibkj0rz/data/PhysioNet2022/training_data/85148_TV.wav,1.0,0.025604224
/tmp/unfreezing_ablation_full_bibkj0rz/data/PhysioNet2022/training_data/85151_AV.wav,1.0,0.12101003
/tmp/unfreezing_ablation_full_bibkj0rz/data/PhysioNet2022/training_data/85151_MV.wav,1.0,0.037876595
/tmp/unfreezing_ablation_full_bibkj0rz/data/PhysioNet2022/training_data/85151_PV.wav,1.0,0.029970998
/tmp/unfreezing_ablation_full_bibkj0rz/data/PhysioNet2022/training_data/85151_TV.wav,1.0,0.017973986
/tmp/unfreezing_ablation_full_bibkj0rz/data/PhysioNet2022/training_data/85155_AV.wav,1.0,0.03585479
/tmp/unfreezing_ablation_full_bibkj0rz/data/PhysioNet2022/training_data/85166_AV.wav,1.0,0.022653427
/tmp/unfreezing_ablation_full_bibkj0rz/data/PhysioNet2022/training_data/85166_MV.wav,1.0,0.022688715
/tmp/unfreezing_ablation_full_bibkj0rz/data/PhysioNet2022/training_data/85166_PV.wav,1.0,0.03633682
/tmp/unfreezing_ablation_full_bibkj0rz/data/PhysioNet2022/training_data/85166_TV.wav,1.0,0.034256984
/tmp/unfreezing_ablation_full_bibkj0rz/data/PhysioNet2022/training_data/85167_PV.wav,1.0,0.108517535
/tmp/unfreezing_ablation_full_bibkj0rz/data/PhysioNet2022/training_data/85167_TV.wav,1.0,0.019936142
/tmp/unfreezing_ablation_full_bibkj0rz/data/PhysioNet2022/training_data/85169_AV.wav,1.0,0.04667123
/tmp/unfreezing_ablation_full_bibkj0rz/data/PhysioNet2022/training_data/85169_MV.wav,1.0,0.045295823
/tmp/unfreezing_ablation_full_bibkj0rz/data/PhysioNet2022/training_data/85169_PV.wav,1.0,0.22378577
/tmp/unfreezing_ablation_full_bibkj0rz/data/PhysioNet2022/training_data/85169_TV.wav,1.0,0.034836352
/tmp/unfreezing_ablation_full_bibkj0rz/data/PhysioNet2022/training_data/85176_AV.wav,1.0,0.0456632
/tmp/unfreezing_ablation_full_bibkj0rz/data/PhysioNet2022/training_data/85176_MV.wav,1.0,0.024481973
/tmp/unfreezing_ablation_full_bibkj0rz/data/PhysioNet2022/training_data/85176_PV.wav,1.0,0.038673267
/tmp/unfreezing_ablation_full_bibkj0rz/data/PhysioNet2022/training_data/85176_TV.wav,1.0,0.024497459
/tmp/unfreezing_ablation_full_bibkj0rz/data/PhysioNet2022/training_data/85180_AV.wav,1.0,0.04020249
/tmp/unfreezing_ablation_full_bibkj0rz/data/PhysioNet2022/training_data/85180_MV.wav,1.0,0.023276107
/tmp/unfreezing_ablation_full_bibkj0rz/data/PhysioNet2022/training_data/85180_PV.wav,1.0,0.053093173
/tmp/unfreezing_ablation_full_bibkj0rz/data/PhysioNet2022/training_data/85180_TV.wav,1.0,0.21630846
/tmp/unfreezing_ablation_full_bibkj0rz/data/PhysioNet2022/training_data/85181_AV.wav,1.0,0.03322759
/tmp/unfreezing_ablation_full_bibkj0rz/data/PhysioNet2022/training_data/85181_PV.wav,1.0,0.057011474
/tmp/unfreezing_ablation_full_bibkj0rz/data/PhysioNet2022/training_data/85182_AV.wav,1.0,0.033792898
/tmp/unfreezing_ablation_full_bibkj0rz/data/PhysioNet2022/training_data/85182_MV.wav,1.0,0.05103333
/tmp/unfreezing_ablation_full_bibkj0rz/data/PhysioNet2022/training_data/85182_PV.wav,1.0,0.019042311
/tmp/unfreezing_ablation_full_bibkj0rz/data/PhysioNet2022/training_data/85182_TV.wav,1.0,0.03298039
/tmp/unfreezing_ablation_full_bibkj0rz/data/PhysioNet2022/training_data/85184_AV.wav,1.0,0.025363924
/tmp/unfreezing_ablation_full_bibkj0rz/data/PhysioNet2022/training_data/85184_MV.wav,1.0,0.055082012
/tmp/unfreezing_ablation_full_bibkj0rz/data/PhysioNet2022/training_data/85184_PV.wav,1.0,0.034641612
/tmp/unfreezing_ablation_full_bibkj0rz/data/PhysioNet2022/training_data/85184_TV.wav,1.0,0.01665016
/tmp/unfreezing_ablation_full_bibkj0rz/data/PhysioNet2022/training_data/85192_AV.wav,1.0,0.027827093
/tmp/unfreezing_ablation_full_bibkj0rz/data/PhysioNet2022/training_data/85192_MV.wav,1.0,0.03204034
/tmp/unfreezing_ablation_full_bibkj0rz/data/PhysioNet2022/training_data/85192_PV.wav,1.0,0.033749305
/tmp/unfreezing_ablation_full_bibkj0rz/data/PhysioNet2022/training_data/85192_TV.wav,1.0,0.030972991
/tmp/unfreezing_ablation_full_bibkj0rz/data/PhysioNet2022/training_data/85196_AV.wav,1.0,0.03456979
/tmp/unfreezing_ablation_full_bibkj0rz/data/PhysioNet2022/training_data/85196_MV.wav,1.0,0.02170527
/tmp/unfreezing_ablation_full_bibkj0rz/data/PhysioNet2022/training_data/85196_PV.wav,1.0,0.024035873
/tmp/unfreezing_ablation_full_bibkj0rz/data/PhysioNet2022/training_data/85196_TV.wav,1.0,0.05955034
/tmp/unfreezing_ablation_full_bibkj0rz/data/PhysioNet2022/training_data/85197_AV.wav,1.0,0.036761682
/tmp/unfreezing_ablation_full_bibkj0rz/data/PhysioNet2022/training_data/85197_MV.wav,1.0,0.031158581
/tmp/unfreezing_ablation_full_bibkj0rz/data/PhysioNet2022/training_data/85197_PV.wav,1.0,0.03509762
/tmp/unfreezing_ablation_full_bibkj0rz/data/PhysioNet2022/training_data/85197_TV.wav,1.0,0.0404205
/tmp/unfreezing_ablation_full_bibkj0rz/data/PhysioNet2022/training_data/85199_AV.wav,1.0,0.46292764
/tmp/unfreezing_ablation_full_bibkj0rz/data/PhysioNet2022/training_data/85199_PV.wav,1.0,0.03209195
/tmp/unfreezing_ablation_full_bibkj0rz/data/PhysioNet2022/training_data/85213_AV.wav,1.0,0.03348694
/tmp/unfreezing_ablation_full_bibkj0rz/data/PhysioNet2022/training_data/85213_MV.wav,1.0,0.13492952
/tmp/unfreezing_ablation_full_bibkj0rz/data/PhysioNet2022/training_data/85213_PV.wav,1.0,0.023501512
/tmp/unfreezing_ablation_full_bibkj0rz/data/PhysioNet2022/training_data/85213_TV.wav,1.0,0.06743019
/tmp/unfreezing_ablation_full_bibkj0rz/data/PhysioNet2022/training_data/85214_AV.wav,1.0,0.013237251
/tmp/unfreezing_ablation_full_bibkj0rz/data/PhysioNet2022/training_data/85214_MV.wav,1.0,0.019393967
/tmp/unfreezing_ablation_full_bibkj0rz/data/PhysioNet2022/training_data/85214_PV.wav,1.0,0.032913573
/tmp/unfreezing_ablation_full_bibkj0rz/data/PhysioNet2022/training_data/85214_TV.wav,1.0,0.020960582
/tmp/unfreezing_ablation_full_bibkj0rz/data/PhysioNet2022/training_data/85222_AV.wav,1.0,0.077356726
/tmp/unfreezing_ablation_full_bibkj0rz/data/PhysioNet2022/training_data/85222_PV.wav,1.0,0.028862493
/tmp/unfreezing_ablation_full_bibkj0rz/data/PhysioNet2022/training_data/85222_TV.wav,1.0,0.027642092
/tmp/unfreezing_ablation_full_bibkj0rz/data/PhysioNet2022/training_data/85225_AV.wav,1.0,0.034128368
/tmp/unfreezing_ablation_full_bibkj0rz/data/PhysioNet2022/training_data/85225_MV.wav,1.0,0.039188035
/tmp/unfreezing_ablation_full_bibkj0rz/data/PhysioNet2022/training_data/85225_PV.wav,1.0,0.04261855
/tmp/unfreezing_ablation_full_bibkj0rz/data/PhysioNet2022/training_data/85225_TV.wav,1.0,0.030088672
/tmp/unfreezing_ablation_full_bibkj0rz/data/PhysioNet2022/training_data/85226_MV.wav,1.0,0.024856612
/tmp/unfreezing_ablation_full_bibkj0rz/data/PhysioNet2022/training_data/85226_PV.wav,1.0,0.05268795
/tmp/unfreezing_ablation_full_bibkj0rz/data/PhysioNet2022/training_data/85226_TV.wav,1.0,0.023644146
/tmp/unfreezing_ablation_full_bibkj0rz/data/PhysioNet2022/training_data/85229_MV.wav,1.0,0.015637277
/tmp/unfreezing_ablation_full_bibkj0rz/data/PhysioNet2022/training_data/85229_PV.wav,1.0,0.02550418
/tmp/unfreezing_ablation_full_bibkj0rz/data/PhysioNet2022/training_data/85229_TV.wav,1.0,0.06936587
/tmp/unfreezing_ablation_full_bibkj0rz/data/PhysioNet2022/training_data/85235_AV.wav,1.0,0.019966623
/tmp/unfreezing_ablation_full_bibkj0rz/data/PhysioNet2022/training_data/85235_MV.wav,1.0,0.02600902
/tmp/unfreezing_ablation_full_bibkj0rz/data/PhysioNet2022/training_data/85235_PV.wav,1.0,0.02930914
/tmp/unfreezing_ablation_full_bibkj0rz/data/PhysioNet2022/training_data/85235_TV.wav,1.0,0.01804325
/tmp/unfreezing_ablation_full_bibkj0rz/data/PhysioNet2022/training_data/85241_AV.wav,1.0,0.026268214
/tmp/unfreezing_ablation_full_bibkj0rz/data/PhysioNet2022/training_data/85241_MV.wav,1.0,0.0191741
/tmp/unfreezing_ablation_full_bibkj0rz/data/PhysioNet2022/training_data/85241_PV.wav,1.0,0.029785866
/tmp/unfreezing_ablation_full_bibkj0rz/data/PhysioNet2022/training_data/85241_TV.wav,1.0,0.07904677
/tmp/unfreezing_ablation_full_bibkj0rz/data/PhysioNet2022/training_data/85242_MV.wav,1.0,0.018317454
/tmp/unfreezing_ablation_full_bibkj0rz/data/PhysioNet2022/training_data/85243_AV.wav,1.0,0.019099308
/tmp/unfreezing_ablation_full_bibkj0rz/data/PhysioNet2022/training_data/85243_PV.wav,1.0,0.025252663
/tmp/unfreezing_ablation_full_bibkj0rz/data/PhysioNet2022/training_data/85245_AV.wav,1.0,0.04316744
/tmp/unfreezing_ablation_full_bibkj0rz/data/PhysioNet2022/training_data/85245_PV.wav,1.0,0.053931482
/tmp/unfreezing_ablation_full_bibkj0rz/data/PhysioNet2022/training_data/85245_TV.wav,1.0,0.030008906
/tmp/unfreezing_ablation_full_bibkj0rz/data/PhysioNet2022/training_data/85246_AV.wav,1.0,0.009246339
/tmp/unfreezing_ablation_full_bibkj0rz/data/PhysioNet2022/training_data/85246_MV.wav,1.0,0.015422234
/tmp/unfreezing_ablation_full_bibkj0rz/data/PhysioNet2022/training_data/85246_PV.wav,1.0,0.026920775
/tmp/unfreezing_ablation_full_bibkj0rz/data/PhysioNet2022/training_data/85246_TV.wav,1.0,0.091812775
/tmp/unfreezing_ablation_full_bibkj0rz/data/PhysioNet2022/training_data/85249_AV.wav,1.0,0.035206113
/tmp/unfreezing_ablation_full_bibkj0rz/data/PhysioNet2022/training_data/85249_MV.wav,1.0,0.026656924
/tmp/unfreezing_ablation_full_bibkj0rz/data/PhysioNet2022/training_data/85249_PV.wav,1.0,0.026804646
/tmp/unfreezing_ablation_full_bibkj0rz/data/PhysioNet2022/training_data/85249_TV.wav,1.0,0.020871213
/tmp/unfreezing_ablation_full_bibkj0rz/data/PhysioNet2022/training_data/85261_AV.wav,1.0,0.02557561
/tmp/unfreezing_ablation_full_bibkj0rz/data/PhysioNet2022/training_data/85261_MV.wav,1.0,0.02001174
/tmp/unfreezing_ablation_full_bibkj0rz/data/PhysioNet2022/training_data/85261_PV.wav,1.0,0.074071035
/tmp/unfreezing_ablation_full_bibkj0rz/data/PhysioNet2022/training_data/85261_TV.wav,1.0,0.023026802
/tmp/unfreezing_ablation_full_bibkj0rz/data/PhysioNet2022/training_data/85262_AV.wav,1.0,0.009875071
/tmp/unfreezing_ablation_full_bibkj0rz/data/PhysioNet2022/training_data/85262_MV.wav,1.0,0.031490203
/tmp/unfreezing_ablation_full_bibkj0rz/data/PhysioNet2022/training_data/85262_PV.wav,1.0,0.03367723
/tmp/unfreezing_ablation_full_bibkj0rz/data/PhysioNet2022/training_data/85262_TV.wav,1.0,0.023854464
/tmp/unfreezing_ablation_full_bibkj0rz/data/PhysioNet2022/training_data/85265_AV.wav,1.0,0.024278294
/tmp/unfreezing_ablation_full_bibkj0rz/data/PhysioNet2022/training_data/85265_MV.wav,1.0,0.026828427
/tmp/unfreezing_ablation_full_bibkj0rz/data/PhysioNet2022/training_data/85265_PV.wav,1.0,0.030384215
/tmp/unfreezing_ablation_full_bibkj0rz/data/PhysioNet2022/training_data/85265_TV.wav,1.0,0.11175775
/tmp/unfreezing_ablation_full_bibkj0rz/data/PhysioNet2022/training_data/85270_AV.wav,1.0,0.04239953
/tmp/unfreezing_ablation_full_bibkj0rz/data/PhysioNet2022/training_data/85270_MV.wav,1.0,0.053255506
/tmp/unfreezing_ablation_full_bibkj0rz/data/PhysioNet2022/training_data/85270_PV.wav,1.0,0.034266956
/tmp/unfreezing_ablation_full_bibkj0rz/data/PhysioNet2022/training_data/85270_TV.wav,1.0,0.03634391
/tmp/unfreezing_ablation_full_bibkj0rz/data/PhysioNet2022/training_data/85279_AV.wav,1.0,0.04031615
/tmp/unfreezing_ablation_full_bibkj0rz/data/PhysioNet2022/training_data/85279_MV.wav,1.0,0.018343527
/tmp/unfreezing_ablation_full_bibkj0rz/data/PhysioNet2022/training_data/85279_PV.wav,1.0,0.03674252
/tmp/unfreezing_ablation_full_bibkj0rz/data/PhysioNet2022/training_data/85279_TV.wav,1.0,0.016564444
/tmp/unfreezing_ablation_full_bibkj0rz/data/PhysioNet2022/training_data/85286_AV.wav,1.0,0.02069719
/tmp/unfreezing_ablation_full_bibkj0rz/data/PhysioNet2022/training_data/85286_MV.wav,1.0,0.030993791
/tmp/unfreezing_ablation_full_bibkj0rz/data/PhysioNet2022/training_data/85286_PV.wav,1.0,0.026029257
/tmp/unfreezing_ablation_full_bibkj0rz/data/PhysioNet2022/training_data/85286_TV.wav,1.0,0.03705119
/tmp/unfreezing_ablation_full_bibkj0rz/data/PhysioNet2022/training_data/85287_MV.wav,1.0,0.030131536
/tmp/unfreezing_ablation_full_bibkj0rz/data/PhysioNet2022/training_data/85287_PV.wav,1.0,0.038518574
/tmp/unfreezing_ablation_full_bibkj0rz/data/PhysioNet2022/training_data/85287_TV.wav,1.0,0.031257235
/tmp/unfreezing_ablation_full_bibkj0rz/data/PhysioNet2022/training_data/85288_AV.wav,1.0,0.05501327
/tmp/unfreezing_ablation_full_bibkj0rz/data/PhysioNet2022/training_data/85288_MV.wav,1.0,0.015912373
/tmp/unfreezing_ablation_full_bibkj0rz/data/PhysioNet2022/training_data/85288_PV.wav,1.0,0.03728882
/tmp/unfreezing_ablation_full_bibkj0rz/data/PhysioNet2022/training_data/85288_TV.wav,1.0,0.01576879
/tmp/unfreezing_ablation_full_bibkj0rz/data/PhysioNet2022/training_data/85313_MV.wav,1.0,0.05313925
/tmp/unfreezing_ablation_full_bibkj0rz/data/PhysioNet2022/training_data/85313_PV.wav,1.0,0.034302507
/tmp/unfreezing_ablation_full_bibkj0rz/data/PhysioNet2022/training_data/85313_TV.wav,1.0,0.014234114
/tmp/unfreezing_ablation_full_bibkj0rz/data/PhysioNet2022/training_data/85315_AV.wav,1.0,0.031836815
/tmp/unfreezing_ablation_full_bibkj0rz/data/PhysioNet2022/training_data/85315_MV.wav,1.0,0.043020308
/tmp/unfreezing_ablation_full_bibkj0rz/data/PhysioNet2022/training_data/85315_PV.wav,1.0,0.60994846
/tmp/unfreezing_ablation_full_bibkj0rz/data/PhysioNet2022/training_data/85315_TV.wav,1.0,0.34962755
/tmp/unfreezing_ablation_full_bibkj0rz/data/PhysioNet2022/training_data/85319_AV.wav,1.0,0.029019365
/tmp/unfreezing_ablation_full_bibkj0rz/data/PhysioNet2022/training_data/85319_MV.wav,1.0,0.034204222
/tmp/unfreezing_ablation_full_bibkj0rz/data/PhysioNet2022/training_data/85319_PV.wav,1.0,0.035828803
/tmp/unfreezing_ablation_full_bibkj0rz/data/PhysioNet2022/training_data/85319_TV.wav,1.0,0.022592306
/tmp/unfreezing_ablation_full_bibkj0rz/data/PhysioNet2022/training_data/85321_PV.wav,1.0,0.29593104
/tmp/unfreezing_ablation_full_bibkj0rz/data/PhysioNet2022/training_data/85321_TV.wav,1.0,0.042071532
/tmp/unfreezing_ablation_full_bibkj0rz/data/PhysioNet2022/training_data/85331_AV.wav,1.0,0.03255963
/tmp/unfreezing_ablation_full_bibkj0rz/data/PhysioNet2022/training_data/85331_MV.wav,1.0,0.014144379
/tmp/unfreezing_ablation_full_bibkj0rz/data/PhysioNet2022/training_data/85331_PV.wav,1.0,0.034523286
/tmp/unfreezing_ablation_full_bibkj0rz/data/PhysioNet2022/training_data/85331_TV.wav,1.0,0.033500154
/tmp/unfreezing_ablation_full_bibkj0rz/data/PhysioNet2022/training_data/85336_AV.wav,1.0,0.022507815
/tmp/unfreezing_ablation_full_bibkj0rz/data/PhysioNet2022/training_data/85336_MV.wav,1.0,0.07558441
/tmp/unfreezing_ablation_full_bibkj0rz/data/PhysioNet2022/training_data/85338_AV.wav,1.0,0.032992247
/tmp/unfreezing_ablation_full_bibkj0rz/data/PhysioNet2022/training_data/85338_MV.wav,1.0,0.026369745
/tmp/unfreezing_ablation_full_bibkj0rz/data/PhysioNet2022/training_data/85338_PV.wav,1.0,0.12722227
/tmp/unfreezing_ablation_full_bibkj0rz/data/PhysioNet2022/training_data/85338_TV.wav,1.0,0.20656212
/tmp/unfreezing_ablation_full_bibkj0rz/data/PhysioNet2022/training_data/85341_AV.wav,1.0,0.0141196055
/tmp/unfreezing_ablation_full_bibkj0rz/data/PhysioNet2022/training_data/85341_MV.wav,1.0,0.030311411
/tmp/unfreezing_ablation_full_bibkj0rz/data/PhysioNet2022/training_data/85341_PV.wav,1.0,0.04044477
/tmp/unfreezing_ablation_full_bibkj0rz/data/PhysioNet2022/training_data/85341_TV.wav,1.0,0.027143773
/tmp/unfreezing_ablation_full_bibkj0rz/data/PhysioNet2022/training_data/85343_AV.wav,1.0,0.01989811
/tmp/unfreezing_ablation_full_bibkj0rz/data/PhysioNet2022/training_data/85343_MV.wav,1.0,0.025838736
/tmp/unfreezing_ablation_full_bibkj0rz/data/PhysioNet2022/training_data/85343_PV.wav,1.0,0.031044893
/tmp/unfreezing_ablation_full_bibkj0rz/data/PhysioNet2022/training_data/85343_TV.wav,1.0,0.01765053
noise,0.0,0.038287606
noise,0.0,0.02192001
noise,0.0,0.022326075
noise,0.0,0.015917614
noise,0.0,0.03136255
noise,0.0,0.033263735
noise,0.0,0.019121703
noise,0.0,0.016628237
noise,0.0,0.03313078
noise,0.0,0.17338051
noise,0.0,0.07937044
noise,0.0,0.01992775
noise,0.0,0.016594851
noise,0.0,0.03988445
noise,0.0,0.01953423
noise,0.0,0.038034745
noise,0.0,0.11540905
noise,0.0,0.022778833
noise,0.0,0.03247191
noise,0.0,0.028725855
noise,0.0,0.023565328
noise,0.0,0.020580787
noise,0.0,0.033022624
noise,0.0,0.027853787
noise,0.0,0.078348905
noise,0.0,0.030300817
noise,0.0,0.13809873
noise,0.0,0.048576467
noise,0.0,0.029860135
noise,0.0,0.029908981
noise,0.0,0.039448973
noise,0.0,0.027120914
noise,0.0,0.026381794
noise,0.0,0.03282006
noise,0.0,0.02130685
noise,0.0,0.045875758
noise,0.0,0.021302594
noise,0.0,0.038132146
noise,0.0,0.0331823
noise,0.0,0.021010289
noise,0.0,0.017501004
noise,0.0,0.013552272
noise,0.0,0.040184405
noise,0.0,0.0712948
noise,0.0,0.013482868
noise,0.0,0.050450243
noise,0.0,0.014733417
noise,0.0,0.021906305
noise,0.0,0.06775891
noise,0.0,0.026947042
noise,0.0,0.056624193
noise,0.0,0.0302566
noise,0.0,0.027888969
noise,0.0,0.019983293
noise,0.0,0.09203394
noise,0.0,0.01239421
noise,0.0,0.030638559
noise,0.0,0.015829694
noise,0.0,0.04278746
noise,0.0,0.03988445
noise,0.0,0.027606383
noise,0.0,0.022849636
noise,0.0,0.015603462
noise,0.0,0.14948778
noise,0.0,0.026518915
noise,0.0,0.010177754
noise,0.0,0.049920287
noise,0.0,0.03379326
noise,0.0,0.036742926
noise,0.0,0.019768428
noise,0.0,0.024980977
noise,0.0,0.03526976
noise,0.0,0.0314384
noise,0.0,0.07074695
noise,0.0,0.018449062
noise,0.0,0.03426405
noise,0.0,0.011878515
noise,0.0,0.031867526
noise,0.0,0.027957791
noise,0.0,0.024714084
noise,0.0,0.041263837
noise,0.0,0.047716834
noise,0.0,0.0277524
noise,0.0,0.05621656
noise,0.0,0.02974196
noise,0.0,0.030094184
noise,0.0,0.039480846
noise,0.0,0.056620695
noise,0.0,0.10349088
noise,0.0,0.039342523
noise,0.0,0.027850553
noise,0.0,0.008315696
noise,0.0,0.020002838
noise,0.0,0.016386984
noise,0.0,0.022825476
noise,0.0,0.071622625
noise,0.0,0.01747441
noise,0.0,0.0134919025
noise,0.0,0.19414374
noise,0.0,0.12691605
noise,0.0,0.02330234
noise,0.0,0.0256754
noise,0.0,0.024882954
noise,0.0,0.037990957
noise,0.0,0.026378548
noise,0.0,0.28547806
noise,0.0,0.030551063
noise,0.0,0.027717743
noise,0.0,0.024235718
noise,0.0,0.026417961
noise,0.0,0.02502792
noise,0.0,0.35920796
noise,0.0,0.023734657
noise,0.0,0.009614286
noise,0.0,0.0344578
noise,0.0,0.061161216
noise,0.0,0.008737781
noise,0.0,0.026601095
noise,0.0,0.032496605
noise,0.0,0.03130392
noise,0.0,0.025896827
noise,0.0,0.9958419
noise,0.0,0.03337543
noise,0.0,0.018803969
noise,0.0,0.02754492
noise,0.0,0.009898317
noise,0.0,0.07416947
noise,0.0,0.014459515
noise,0.0,0.020101804
noise,0.0,0.016092045
noise,0.0,0.047734704
noise,0.0,0.02921918
noise,0.0,0.098001294
noise,0.0,0.019366609
noise,0.0,0.03475239
noise,0.0,0.01574973
noise,0.0,0.009025507
noise,0.0,0.012265254
noise,0.0,0.02844492
noise,0.0,0.032695066
noise,0.0,0.033784326
noise,0.0,0.06453705
noise,0.0,0.030066274
noise,0.0,0.029333321
noise,0.0,0.032635633
noise,0.0,0.99596906
noise,0.0,0.025757868
noise,0.0,0.036859974
noise,0.0,0.022680607
noise,0.0,0.028504819
noise,0.0,0.031942163
noise,0.0,0.09536145
noise,0.0,0.023635456
noise,0.0,0.007853968
noise,0.0,0.03485891
noise,0.0,0.022197152
noise,0.0,0.0559769
noise,0.0,0.02607646
noise,0.0,0.053224154
noise,0.0,0.017497454
noise,0.0,0.1042945
noise,0.0,0.01577403
noise,0.0,0.039390974
noise,0.0,0.025811508
noise,0.0,0.032022648
noise,0.0,0.013542873
noise,0.0,0.026889112
noise,0.0,0.038813274
noise,0.0,0.35920796
noise,0.0,0.013409019
noise,0.0,0.011451235
noise,0.0,0.030700767
noise,0.0,0.030513324
noise,0.0,0.023873918
noise,0.0,0.022634063
noise,0.0,0.02269599
noise,0.0,0.062931836
noise,0.0,0.030683178
noise,0.0,0.08550786
noise,0.0,0.038103454
noise,0.0,0.018861018
noise,0.0,0.012779637
noise,0.0,0.021785276
noise,0.0,0.026167003
noise,0.0,0.19791348
noise,0.0,0.040247243
noise,0.0,0.040043823
noise,0.0,0.017029298
noise,0.0,0.02211564
noise,0.0,0.025791954
noise,0.0,0.027216585
noise,0.0,0.023992779
noise,0.0,0.56644046
noise,0.0,0.019841656
noise,0.0,0.021230133
noise,0.0,0.0164644
noise,0.0,0.028185584
noise,0.0,0.054069884
noise,0.0,0.022554591
noise,0.0,0.015398163
noise,0.0,0.07328999
noise,0.0,0.020576939
noise,0.0,0.025087526
noise,0.0,0.06978499
noise,0.0,0.02113972
noise,0.0,0.03299191
noise,0.0,0.040492237
noise,0.0,0.027768703
noise,0.0,0.03340421
noise,0.0,0.022155058
noise,0.0,0.034536574
noise,0.0,0.10060557
noise,0.0,0.035145883
noise,0.0,0.02902319
noise,0.0,0.028349359
noise,0.0,0.028009454
noise,0.0,0.06266919
noise,0.0,0.01643254
noise,0.0,0.053956486
noise,0.0,0.22863263
noise,0.0,0.05299449
noise,0.0,0.044238344
noise,0.0,0.047270928
noise,0.0,0.013494225
noise,0.0,0.038965937
noise,0.0,0.22936334
noise,0.0,0.026027447
noise,0.0,0.024219751
noise,0.0,0.062069908
noise,0.0,0.028739745
noise,0.0,0.024403635
noise,0.0,0.023455197
noise,0.0,0.03787411
noise,0.0,0.038885266
noise,0.0,0.02128106
noise,0.0,0.024506599
noise,0.0,0.031781733
noise,0.0,0.034504496
noise,0.0,0.020717887
noise,0.0,0.06020056
noise,0.0,0.02408417
noise,0.0,0.025383364
noise,0.0,0.032978997
noise,0.0,0.03990831
noise,0.0,0.024311442
noise,0.0,0.03619039
noise,0.0,0.018407527
noise,0.0,0.028366001
noise,0.0,0.023648832
noise,0.0,0.04848304
noise,0.0,0.026877545
noise,0.0,0.024810333
noise,0.0,0.017934546
noise,0.0,0.02680103
noise,0.0,0.025471728
noise,0.0,0.023318429
noise,0.0,0.008824378
noise,0.0,0.07156138
noise,0.0,0.02887869
noise,0.0,0.021823334
noise,0.0,0.08458592
noise,0.0,0.019507002
noise,0.0,0.022192786
noise,0.0,0.031211743
noise,0.0,0.027093526
noise,0.0,0.023752548
noise,0.0,0.061375048
noise,0.0,0.03499747
noise,0.0,0.042225055
noise,0.0,0.021697484
noise,0.0,0.03557418
noise,0.0,0.11902182
noise,0.0,0.0413555
noise,0.0,0.025247524
noise,0.0,0.020626126
noise,0.0,0.020962324
noise,0.0,0.020589719
noise,0.0,0.016706482
noise,0.0,0.045418136
noise,0.0,0.013470797
noise,0.0,0.03398148
noise,0.0,0.03145457
noise,0.0,0.013968971
noise,0.0,0.024068512
noise,0.0,0.015025349
noise,0.0,0.025270265
noise,0.0,0.33779734
noise,0.0,0.014302019
noise,0.0,0.033012103
noise,0.0,0.030249147
noise,0.0,0.034122594
noise,0.0,0.028402854
noise,0.0,0.028613757
noise,0.0,0.053610213
noise,0.0,0.055260994
noise,0.0,0.020245636
noise,0.0,0.032901023
noise,0.0,0.09204081
noise,0.0,0.18462536
noise,0.0,0.041843977
noise,0.0,0.024146726
noise,0.0,0.015903652
noise,0.0,0.010822843
noise,0.0,0.022573855
noise,0.0,0.06081776
noise,0.0,0.021424582
noise,0.0,0.041149918
noise,0.0,0.040697332
noise,0.0,0.045050535
noise,0.0,0.037207644
noise,0.0,0.027541846
noise,0.0,0.020038292
noise,0.0,0.022029532
noise,0.0,0.14414698
noise,0.0,0.023507541
noise,0.0,0.09468077
noise,0.0,0.020444764
noise,0.0,0.02517267
noise,0.0,0.048341706
noise,0.0,0.029712437
noise,0.0,0.021578109
noise,0.0,0.026313819
noise,0.0,0.028101524
noise,0.0,0.013071504
noise,0.0,0.023092492
noise,0.0,0.015048324
noise,0.0,0.2793286
noise,0.0,0.017555503
noise,0.0,0.017919727
noise,0.0,0.0357514
noise,0.0,0.031999532
noise,0.0,0.024893014
noise,0.0,0.04739945
noise,0.0,0.038534
noise,0.0,0.02651137
noise,0.0,0.02130701
noise,0.0,0.04777336
noise,0.0,0.033436388
noise,0.0,0.025758334
noise,0.0,0.006498163
noise,0.0,0.01667198
noise,0.0,0.09901475
noise,0.0,0.05064631
noise,0.0,0.022147609
noise,0.0,0.034578934
noise,0.0,0.024085106
noise,0.0,0.033949327
noise,0.0,0.02820092
noise,0.0,0.017275646
noise,0.0,0.040307533
noise,0.0,0.015060833
noise,0.0,0.019936683
noise,0.0,0.081028216
noise,0.0,0.052117918
noise,0.0,0.012914861
noise,0.0,0.01701859
noise,0.0,0.02597933
noise,0.0,0.015950624
noise,0.0,0.019894356
noise,0.0,0.041650694
noise,0.0,0.023699619
noise,0.0,0.07320359
noise,0.0,0.020742377
noise,0.0,0.061379056
noise,0.0,0.016397193
noise,0.0,0.04026857
noise,0.0,0.04025791
noise,0.0,0.026099287
noise,0.0,0.02437878
noise,0.0,0.018850591
noise,0.0,0.02860309
noise,0.0,0.031137211
noise,0.0,0.035397653
noise,0.0,0.032912683
noise,0.0,0.023826001
noise,0.0,0.031703845
noise,0.0,0.025434304
noise,0.0,0.05001443
noise,0.0,0.024648944
noise,0.0,0.033604477
noise,0.0,0.018891867
noise,0.0,0.015405663
noise,0.0,0.0825319
noise,0.0,0.017562216
noise,0.0,0.015786946
noise,0.0,0.05056895
noise,0.0,0.027556848
noise,0.0,0.016944174
noise,0.0,0.10581482
noise,0.0,0.12595737
noise,0.0,0.022495389
noise,0.0,0.025338871
noise,0.0,0.042291842
noise,0.0,0.020821147
noise,0.0,0.021031018
noise,0.0,0.023526322
noise,0.0,0.013753733
noise,0.0,0.34707657
noise,0.0,0.03089408
noise,0.0,0.068263486
noise,0.0,0.013973346
noise,0.0,0.020626975
noise,0.0,0.022307204
noise,0.0,0.015228443
noise,0.0,0.03150054
noise,0.0,0.03313637
noise,0.0,0.03545941
noise,0.0,0.044710923
noise,0.0,0.023150656
noise,0.0,0.024229629
noise,0.0,0.062215284
noise,0.0,0.030566124
noise,0.0,0.022982188
noise,0.0,0.049496654
noise,0.0,0.035269175
noise,0.0,0.035337195
noise,0.0,0.10098411
noise,0.0,0.03697056
noise,0.0,0.021551037
noise,0.0,0.015897058
noise,0.0,0.035144523
noise,0.0,0.029577952
noise,0.0,0.021863624
noise,0.0,0.025614794
noise,0.0,0.027066441
noise,0.0,0.10934215
noise,0.0,0.031231117
noise,0.0,0.11986871
noise,0.0,0.026324816
noise,0.0,0.026567088
noise,0.0,0.03444527
noise,0.0,0.037709262
noise,0.0,0.05637481
noise,0.0,0.015952908
noise,0.0,0.018259875
noise,0.0,0.036145583
noise,0.0,0.024850877
noise,0.0,0.031913657
noise,0.0,0.028618013
noise,0.0,0.06576913
noise,0.0,0.020200571
noise,0.0,0.025288634
noise,0.0,0.07212685
noise,0.0,0.022898363
noise,0.0,0.025674565
noise,0.0,0.011463299
noise,0.0,0.043250833
noise,0.0,0.023887495
noise,0.0,0.018155348
noise,0.0,0.044939194
noise,0.0,0.030986354
noise,0.0,0.04977024
noise,0.0,0.03622009
noise,0.0,0.023025317
noise,0.0,0.017793328
noise,0.0,0.06437028
noise,0.0,0.015603462
noise,0.0,0.024091126
noise,0.0,0.046781737
noise,0.0,0.056694973
noise,0.0,0.022304699
noise,0.0,0.034266196
noise,0.0,0.049561903
noise,0.0,0.016705245
noise,0.0,0.032379244
noise,0.0,0.022245158
noise,0.0,0.021903168
noise,0.0,0.0915543
noise,0.0,0.020878362
noise,0.0,0.0325155
noise,0.0,0.23822401
noise,0.0,0.04804447
noise,0.0,0.025800318
noise,0.0,0.036851127
noise,0.0,0.2334659
noise,0.0,0.022800066
noise,0.0,0.043600798
noise,0.0,0.024047697
noise,0.0,0.018675689
noise,0.0,0.01587024
noise,0.0,0.018018829
noise,0.0,0.08063565
noise,0.0,0.019838812
noise,0.0,0.02489963
noise,0.0,0.02023576
noise,0.0,0.021952488
noise,0.0,0.26490194
noise,0.0,0.010418736
noise,0.0,0.02366028
noise,0.0,0.039064594
noise,0.0,0.028081518
noise,0.0,0.022893956
noise,0.0,0.009081334
noise,0.0,0.023428867
noise,0.0,0.009197643
noise,0.0,0.033955507
noise,0.0,0.029217483
noise,0.0,0.02270691
noise,0.0,0.028745275
noise,0.0,0.024103673
noise,0.0,0.024524828
noise,0.0,0.029577203
noise,0.0,0.020814117
noise,0.0,0.11693145
noise,0.0,0.06791788
noise,0.0,0.03070166
noise,0.0,0.06551059
noise,0.0,0.022135248
noise,0.0,0.022917554
noise,0.0,0.01873058
noise,0.0,0.0105496235
noise,0.0,0.015995527
noise,0.0,0.03393668
noise,0.0,0.09476504
noise,0.0,0.012493846
noise,0.0,0.030821238
noise,0.0,0.03889765
noise,0.0,0.03854809
noise,0.0,0.052899793
noise,0.0,0.04955813
noise,0.0,0.023193695
noise,0.0,0.02931566
noise,0.0,0.014607116
noise,0.0,0.011881785
noise,0.0,0.027117945
noise,0.0,0.09025244
noise,0.0,0.035839465
noise,0.0,0.14446369
noise,0.0,0.009511778
noise,0.0,0.023863874
noise,0.0,0.019895725
noise,0.0,0.06792096
noise,0.0,0.027889784
noise,0.0,0.026712393
noise,0.0,0.031423498
noise,0.0,0.028762713
noise,0.0,0.0712948
noise,0.0,0.019128934
noise,0.0,0.037058294
noise,0.0,0.05373824
noise,0.0,0.028282056
noise,0.0,0.019710695
noise,0.0,0.042139526
noise,0.0,0.02038304
noise,0.0,0.08157418
noise,0.0,0.011027061
noise,0.0,0.14215872
noise,0.0,0.03929661
noise,0.0,0.014271131
noise,0.0,0.032233555
noise,0.0,0.018981872
noise,0.0,0.029613905
noise,0.0,0.02446628
noise,0.0,0.015452065
noise,0.0,0.025104593
noise,0.0,0.04462402
noise,0.0,0.03442587
noise,0.0,0.041460548
noise,0.0,0.029979607
noise,0.0,0.0069060293
noise,0.0,0.037386004
noise,0.0,0.017317468
noise,0.0,0.060450763
noise,0.0,0.031398922
noise,0.0,0.012196552
noise,0.0,0.033404272
noise,0.0,0.014964057
noise,0.0,0.02093967
noise,0.0,0.01559753
noise,0.0,0.028442541
noise,0.0,0.050815076
noise,0.0,0.016899578
noise,0.0,0.020350808
noise,0.0,0.0315595
noise,0.0,0.017793328
noise,0.0,0.013512838
noise,0.0,0.06574684
noise,0.0,0.020275863
noise,0.0,0.056790523
noise,0.0,0.035287872
noise,0.0,0.04058442
noise,0.0,0.037344657
noise,0.0,0.04849886
noise,0.0,0.009662621
noise,0.0,0.026570924
noise,0.0,0.4887345
noise,0.0,0.030144706
noise,0.0,0.03215367
noise,0.0,0.03416298
noise,0.0,0.03395624
noise,0.0,0.022964658
noise,0.0,0.0760692
noise,0.0,0.044228774
noise,0.0,0.018668694
noise,0.0,0.109722614
noise,0.0,0.03333621
noise,0.0,0.017639546
noise,0.0,0.06086967
noise,0.0,0.024880063
noise,0.0,0.033864528
noise,0.0,0.025645541
noise,0.0,0.035412896
noise,0.0,0.04147716
noise,0.0,0.033600543
noise,0.0,0.034817662
noise,0.0,0.03425332
noise,0.0,0.032544643
noise,0.0,0.020761983
noise,0.0,0.032429807
noise,0.0,0.03282734
noise,0.0,0.023389166
noise,0.0,0.050070263
noise,0.0,0.023600936
noise,0.0,0.035235263
noise,0.0,0.032330316
noise,0.0,0.06783693
noise,0.0,0.020136794
noise,0.0,0.021134758
noise,0.0,0.025475124
noise,0.0,0.021753086
noise,0.0,0.037588317
noise,0.0,0.027670374
noise,0.0,0.02751934
noise,0.0,0.024408257
noise,0.0,0.12293497
noise,0.0,0.017537156
noise,0.0,0.027258478
noise,0.0,0.016650692
noise,0.0,0.06723169
noise,0.0,0.70598507
noise,0.0,0.025775021
noise,0.0,0.013136735
noise,0.0,0.03545509
noise,0.0,0.05548794
noise,0.0,0.025135959
noise,0.0,0.019069422
noise,0.0,0.012452878
noise,0.0,0.057686172
noise,0.0,0.024227386
noise,0.0,0.11349719
noise,0.0,0.14208232
noise,0.0,0.1277907
noise,0.0,0.029804792
noise,0.0,0.023703111
noise,0.0,0.03216388
noise,0.0,0.039373785
noise,0.0,0.023405373
noise,0.0,0.030766089
noise,0.0,0.050559245
noise,0.0,0.07438382
noise,0.0,0.19624594
noise,0.0,0.02284396
noise,0.0,0.04883495
noise,0.0,0.02814344
noise,0.0,0.02690927
noise,0.0,0.03362306
noise,0.0,0.016211502
noise,0.0,0.01835897
noise,0.0,0.031927228
noise,0.0,0.050512515
noise,0.0,0.023798754
noise,0.0,0.039484944
noise,0.0,0.013109965
noise,0.0,0.043035742
noise,0.0,0.027353372
noise,0.0,0.02322712
noise,0.0,0.022536851
noise,0.0,0.0277362
noise,0.0,0.029641459
noise,0.0,0.040590495
noise,0.0,0.0276704
noise,0.0,0.023620114
noise,0.0,0.022029387
noise,0.0,0.024674991
noise,0.0,0.025984034
noise,0.0,0.018527886
noise,0.0,0.11108084
noise,0.0,0.023840755
noise,0.0,0.010117104
noise,0.0,0.035689387
noise,0.0,0.021035686
noise,0.0,0.026685778
noise,0.0,0.029933209
noise,0.0,0.043453578
noise,0.0,0.02216096
noise,0.0,0.035390165
noise,0.0,0.024107924
noise,0.0,0.046428554
noise,0.0,0.038249884
noise,0.0,0.08340535
noise,0.0,0.020326769
noise,0.0,0.016175037
noise,0.0,0.013245526
noise,0.0,0.029639939
noise,0.0,0.02031292
noise,0.0,0.05345583
noise,0.0,0.034892797
noise,0.0,0.021295102
noise,0.0,0.020228222
noise,0.0,0.12139654
noise,0.0,0.04335051
noise,0.0,0.016879918
noise,0.0,0.016325848
noise,0.0,0.032321732
noise,0.0,0.027902903
noise,0.0,0.06225629
noise,0.0,0.018584829
noise,0.0,0.08451415
noise,0.0,0.04252363
noise,0.0,0.028936503
noise,0.0,0.019173302
noise,0.0,0.06185047
noise,0.0,0.031996362
noise,0.0,0.031397544
noise,0.0,0.025089705
noise,0.0,0.07523905
noise,0.0,0.03378901
noise,0.0,0.025813553
noise,0.0,0.026170561
noise,0.0,0.030952804
noise,0.0,0.008373949
noise,0.0,0.15072756
noise,0.0,0.027200095
noise,0.0,0.034364436
noise,0.0,0.07706469
noise,0.0,0.055273242
noise,0.0,0.013354267
noise,0.0,0.10342617
noise,0.0,0.93426955
noise,0.0,0.032529477
noise,0.0,0.026890105
noise,0.0,0.04399919
noise,0.0,0.033979416
noise,0.0,0.025979694
noise,0.0,0.038435437
noise,0.0,0.03506625
noise,0.0,0.02402432
noise,0.0,0.021280795
noise,0.0,0.027473353
noise,0.0,0.033042043
noise,0.0,0.03980636
noise,0.0,0.024162877
noise,0.0,0.028515672
noise,0.0,0.032730933
noise,0.0,0.02038304
noise,0.0,0.04088851
noise,0.0,0.02251259
noise,0.0,0.03291244
noise,0.0,0.047499634
noise,0.0,0.020231383
noise,0.0,0.029515525
noise,0.0,0.030522348
noise,0.0,0.021613134
noise,0.0,0.0926668
noise,0.0,0.33695677
noise,0.0,0.018784316
noise,0.0,0.022563687
noise,0.0,0.03009179
noise,0.0,0.025787603
noise,0.0,0.02686725
noise,0.0,0.025700694
noise,0.0,0.013245526
noise,0.0,0.046828587
noise,0.0,0.044669017
noise,0.0,0.15326515
noise,0.0,0.039276138
noise,0.0,0.049998146
noise,0.0,0.050557174
noise,0.0,0.487527
noise,0.0,0.038058966
noise,0.0,0.094349705
noise,0.0,0.024781618
noise,0.0,0.018228808
noise,0.0,0.9841223
noise,0.0,0.02639597
noise,0.0,0.009561901
noise,0.0,0.04599474
noise,0.0,0.6898041
noise,0.0,0.045916036
noise,0.0,0.029001893
noise,0.0,0.03357462
noise,0.0,0.024405975
noise,0.0,0.022099394
noise,0.0,0.023663294
noise,0.0,0.16059984
noise,0.0,0.029868845
noise,0.0,0.046277303
noise,0.0,0.02742298
noise,0.0,0.035570577
noise,0.0,0.021528888
noise,0.0,0.0066679865
noise,0.0,0.053148083
noise,0.0,0.031148896
noise,0.0,0.041717175
noise,0.0,0.038078357
noise,0.0,0.057789486
noise,0.0,0.015999446
noise,0.0,0.023702897
noise,0.0,0.014068064
noise,0.0,0.008514865
noise,0.0,0.17648889
noise,0.0,0.043503698
noise,0.0,0.03521823
noise,0.0,0.027585652
noise,0.0,0.028277181
noise,0.0,0.27505362
noise,0.0,0.020312227
noise,0.0,0.02087127
noise,0.0,0.14657962
noise,0.0,0.032336324
noise,0.0,0.9595813
noise,0.0,0.023208013
noise,0.0,0.029384473
noise,0.0,0.0246827
noise,0.0,0.02674242
noise,0.0,0.029091913
noise,0.0,0.03136646
noise,0.0,0.028299123
noise,0.0,0.028656663
noise,0.0,0.03394739
noise,0.0,0.022240806
noise,0.0,0.039979495
noise,0.0,0.032369982
noise,0.0,0.036368743
noise,0.0,0.030947315
noise,0.0,0.02766317
noise,0.0,0.04857805
noise,0.0,0.021492992
noise,0.0,0.026687244
noise,0.0,0.02377953
noise,0.0,0.021385366
noise,0.0,0.059195936
noise,0.0,0.055143695
noise,0.0,0.025736332
noise,0.0,0.1372218
noise,0.0,0.06569994
noise,0.0,0.026329618
noise,0.0,0.022569485
noise,0.0,0.14236972
noise,0.0,0.031575914
noise,0.0,0.05127462
noise,0.0,0.021087194
noise,0.0,0.03847019
noise,0.0,0.020736234
noise,0.0,0.02295234
noise,0.0,0.034928676
noise,0.0,0.047920037
noise,0.0,0.031159185
noise,0.0,0.026790664
noise,0.0,0.03199232
noise,0.0,0.07051711
noise,0.0,0.083778806
noise,0.0,0.034026403
noise,0.0,0.029749645
noise,0.0,0.082199104
noise,0.0,0.030426795
noise,0.0,0.039984554
noise,0.0,0.016021019
noise,0.0,0.045939807
noise,0.0,0.1487063
noise,0.0,0.0525254
noise,0.0,0.997322
noise,0.0,0.022750672
noise,0.0,0.033438113
noise,0.0,0.052796315
noise,0.0,0.015608287
noise,0.0,0.02645639
noise,0.0,0.021486485
noise,0.0,0.029987406
noise,0.0,0.047504075
noise,0.0,0.018434886
noise,0.0,0.015565274
noise,0.0,0.026182577
noise,0.0,0.027314179
noise,0.0,0.028125213
noise,0.0,0.031899914
noise,0.0,0.022111991
noise,0.0,0.02942429
noise,0.0,0.012703502
noise,0.0,0.025404714
noise,0.0,0.019269345
noise,0.0,0.036684323
noise,0.0,0.17414537
noise,0.0,0.024781214
noise,0.0,0.014523057
noise,0.0,0.013461966
noise,0.0,0.026974529
noise,0.0,0.046381865
noise,0.0,0.026912242
noise,0.0,0.02675822
noise,0.0,0.011133205
noise,0.0,0.026319308
noise,0.0,0.014286486
noise,0.0,0.016840255
noise,0.0,0.062489256
noise,0.0,0.021160008
noise,0.0,0.016403696
noise,0.0,0.030794403
noise,0.0,0.04135692
noise,0.0,0.016703716
noise,0.0,0.015744187
noise,0.0,0.023425156
noise,0.0,0.068528235
noise,0.0,0.021843752
noise,0.0,0.025105257
noise,0.0,0.029487275
noise,0.0,0.0071838642
noise,0.0,0.022836385
noise,0.0,0.015271959
noise,0.0,0.0781332
noise,0.0,0.11372524
noise,0.0,0.021485183
noise,0.0,0.02736315
noise,0.0,0.012799838
noise,0.0,0.020239566
noise,0.0,0.054907735
noise,0.0,0.10876239
noise,0.0,0.019455865
noise,0.0,0.021122333
noise,0.0,0.026317874
noise,0.0,0.035372443
noise,0.0,0.043129608
noise,0.0,0.10486574
noise,0.0,0.015257925
noise,0.0,0.04821051
noise,0.0,0.03942388
noise,0.0,0.012040256
noise,0.0,0.026161425
noise,0.0,0.013657876
noise,0.0,0.022175636
noise,0.0,0.022651484
noise,0.0,0.04489897
noise,0.0,0.06091397
noise,0.0,0.025196815
noise,0.0,0.024628358
noise,0.0,0.037002064
noise,0.0,0.016811464
noise,0.0,0.020458605
noise,0.0,0.058974292
noise,0.0,0.03738696
noise,0.0,0.040540237
noise,0.0,0.10728594
noise,0.0,0.045585208
noise,0.0,0.02312004
noise,0.0,0.05281865
noise,0.0,0.019081911
noise,0.0,0.031926572
noise,0.0,0.028573161
noise,0.0,0.033423815
noise,0.0,0.015291972
noise,0.0,0.030602824
noise,0.0,0.028326856
noise,0.0,0.02300406
noise,0.0,0.02863452
noise,0.0,0.024730204
noise,0.0,0.027013335
noise,0.0,0.0370753
noise,0.0,0.02618797
noise,0.0,0.026788738
noise,0.0,0.02733492
noise,0.0,0.021556128
noise,0.0,0.029845396
noise,0.0,0.028991621
noise,0.0,0.030814886
noise,0.0,0.032046452
noise,0.0,0.015669871
noise,0.0,0.042132426
noise,0.0,0.021910084
noise,0.0,0.018860076
noise,0.0,0.03468729
noise,0.0,0.014833949
noise,0.0,0.0503109
noise,0.0,0.02667072
noise,0.0,0.014137839
noise,0.0,0.027934078
noise,0.0,0.034170143
noise,0.0,0.04230933
noise,0.0,0.037913196
noise,0.0,0.024129651
noise,0.0,0.025149664
noise,0.0,0.02453496
noise,0.0,0.046845328
noise,0.0,0.026072614
noise,0.0,0.02563581
noise,0.0,0.08096858
noise,0.0,0.008617478
noise,0.0,0.037286557
noise,0.0,0.6835312
noise,0.0,0.034284543
noise,0.0,0.029630916
noise,0.0,0.10733889
noise,0.0,0.029948888
noise,0.0,0.013821443
noise,0.0,0.020260397
noise,0.0,0.03614363
noise,0.0,0.03138428
noise,0.0,0.14620885
noise,0.0,0.024497207
noise,0.0,0.022695769
noise,0.0,0.12447742
noise,0.0,0.020712653
noise,0.0,0.014949052
noise,0.0,0.02460514
noise,0.0,0.019430991
noise,0.0,0.053222254
noise,0.0,0.015399741
noise,0.0,0.034098666
noise,0.0,0.10355472
noise,0.0,0.020870082
noise,0.0,0.03936365
noise,0.0,0.023977185
noise,0.0,0.025469147
noise,0.0,0.016773839
noise,0.0,0.022449799
noise,0.0,0.024814084
noise,0.0,0.07263015
noise,0.0,0.01584795
noise,0.0,0.07040498
noise,0.0,0.014880801
noise,0.0,0.040512566
noise,0.0,0.038487237
noise,0.0,0.027637338
noise,0.0,0.03213683
noise,0.0,0.021723002
noise,0.0,0.026044
noise,0.0,0.012313619
noise,0.0,0.21104844
noise,0.0,0.17481424
noise,0.0,0.02390954
noise,0.0,0.032609865
noise,0.0,0.05175892
noise,0.0,0.026574057
noise,0.0,0.039026234
noise,0.0,0.0412462
noise,0.0,0.04127372
noise,0.0,0.02349016
noise,0.0,0.027824102
noise,0.0,0.045489233
noise,0.0,0.019668082
noise,0.0,0.025144078
noise,0.0,0.034368563
noise,0.0,0.01581589
noise,0.0,0.16550796
noise,0.0,0.028495276
noise,0.0,0.025009109
noise,0.0,0.02793915
noise,0.0,0.08742724
noise,0.0,0.042121634
noise,0.0,0.024926228
noise,0.0,0.052011818
noise,0.0,0.05028919
noise,0.0,0.10348094
noise,0.0,0.027442105
noise,0.0,0.022844195
noise,0.0,0.029700728
noise,0.0,0.022448393
noise,0.0,0.027824268
