{
  "clean": {
    "0.0": {
      "mean": {
        "auroc": 0.9999902390120349,
        "auprc": 0.9999902567757003,
        "f1": 0.9985859613084017,
        "accuracy": 0.9985876942328794,
        "sensitivity": 0.9981206499316393,
        "specificity": 0.9990547385341196
      },
      "ci": {
        "auroc": 9.832548801138089e-06,
        "auprc": 9.811525549850524e-06,
        "f1": 0.0010265279067481687,
        "accuracy": 0.0010249110869857906,
        "sensitivity": 0.0015632009794884557,
        "specificity": 0.0008955280323714573
      }
    },
    "0.25": {
      "mean": {
        "auroc": 0.9991928556270295,
        "auprc": 0.9992154429200978,
        "f1": 0.951222640372434,
        "accuracy": 0.9536827790162198,
        "sensitivity": 0.908985070769116,
        "specificity": 0.9983804872633233
      },
      "ci": {
        "auroc": 0.00040549945255199054,
        "auprc": 0.0003989682099906344,
        "f1": 0.010570009200571022,
        "accuracy": 0.009547311484177453,
        "sensitivity": 0.019773365798209503,
        "specificity": 0.0016182211204782099
      }
    },
    "0.5": {
      "mean": {
        "auroc": 0.9962804293439831,
        "auprc": 0.9964536553192334,
        "f1": 0.863041198549341,
        "accuracy": 0.880466773198952,
        "sensitivity": 0.7622345877970012,
        "specificity": 0.998698958600903
      },
      "ci": {
        "auroc": 0.0012154872019860426,
        "auprc": 0.001268651390734523,
        "f1": 0.024181292745926373,
        "accuracy": 0.018926295384227368,
        "sensitivity": 0.038547721728202144,
        "specificity": 0.0013442694998476868
      }
    },
    "1.0": {
      "mean": {
        "auroc": 0.9828294432596927,
        "auprc": 0.9835457081061486,
        "f1": 0.6245378248763934,
        "accuracy": 0.727984321158264,
        "sensitivity": 0.4575659561510411,
        "specificity": 0.9984026861654867
      },
      "ci": {
        "auroc": 0.0024551741669519697,
        "auprc": 0.0025111898000502514,
        "f1": 0.03633120634113168,
        "accuracy": 0.019545135774020006,
        "sensitivity": 0.03981291563602706,
        "specificity": 0.0013268344202845947
      }
    },
    "5.0": {
      "mean": {
        "auroc": 0.7040241352710229,
        "auprc": 0.7002377011225683,
        "f1": 0.019818379528338554,
        "accuracy": 0.5043893462815245,
        "sensitivity": 0.010061807103728523,
        "specificity": 0.9987168854593206
      },
      "ci": {
        "auroc": 0.01157321476083465,
        "auprc": 0.011696678830132961,
        "f1": 0.007337273373591336,
        "accuracy": 0.0017745722256998222,
        "sensitivity": 0.0037648675218663915,
        "specificity": 0.0013346805711916326
      }
    },
    "10.0": {
      "mean": {
        "auroc": 0.5735740665745361,
        "auprc": 0.5692245782688714,
        "f1": 0.006981029038678916,
        "accuracy": 0.5014453398623966,
        "sensitivity": 0.0035158995286303715,
        "specificity": 0.9993747801961627
      },
      "ci": {
        "auroc": 0.015788192437552657,
        "auprc": 0.013481436881533743,
        "f1": 0.0037348488071653847,
        "accuracy": 0.0008351908516363952,
        "sensitivity": 0.0018870718953825961,
        "specificity": 0.0007752007744830567
      }
    },
    "25.0": {
      "mean": {
        "auroc": 0.5162199020056978,
        "auprc": 0.5217035217024069,
        "f1": 0.0024718920688813766,
        "accuracy": 0.4998131466041828,
        "sensitivity": 0.001245805945042282,
        "specificity": 0.9983804872633233
      },
      "ci": {
        "auroc": 0.01392955669174077,
        "auprc": 0.015486175710406795,
        "f1": 0.0025616594319617008,
        "accuracy": 0.0008255543794556721,
        "sensitivity": 0.001293987045497894,
        "specificity": 0.0016182211204782099
      }
    },
    "50.0": {
      "mean": {
        "auroc": 0.4940241623307907,
        "auprc": 0.5022209983117266,
        "f1": 0.0025138660450161727,
        "accuracy": 0.49983534550634623,
        "sensitivity": 0.001268004847205666,
        "specificity": 0.9984026861654867
      },
      "ci": {
        "auroc": 0.011030973869394726,
        "auprc": 0.008001700435235692,
        "f1": 0.00258567545908963,
        "accuracy": 0.0005185094720794387,
        "sensitivity": 0.0013065896709455048,
        "specificity": 0.0013268344202845947
      }
    },
    "75.0": {
      "mean": {
        "auroc": 0.5040749279543654,
        "auprc": 0.5081210207532163,
        "f1": 0.0031254868401232065,
        "accuracy": 0.5001420939726039,
        "sensitivity": 0.0015747533134633346,
        "specificity": 0.9987094346317443
      },
      "ci": {
        "auroc": 0.009263741410508375,
        "auprc": 0.00915682879315738,
        "f1": 0.002607251342446926,
        "accuracy": 0.0005210668052268074,
        "sensitivity": 0.0013166846431478952,
        "specificity": 0.001318834630770018
      }
    },
    "100.0": {
      "mean": {
        "auroc": 0.5003469119170709,
        "auprc": 0.5024151141954528,
        "f1": 0.0019297747797904045,
        "accuracy": 0.49953943468981643,
        "sensitivity": 0.0009720940306759951,
        "specificity": 0.9981067753489571
      },
      "ci": {
        "auroc": 0.015344160945371292,
        "auprc": 0.01462345994481392,
        "f1": 0.0018273976131246402,
        "accuracy": 0.0007664263238529222,
        "sensitivity": 0.000920465228358124,
        "specificity": 0.0018048613201501892
      }
    }
  },
  "noise_0_10": {
    "0.0": {
      "mean": {
        "auroc": 0.9995536147657289,
        "auprc": 0.9995918158908319,
        "f1": 0.9574872824221101,
        "accuracy": 0.9553965122660669,
        "sensitivity": 0.9984253848260825,
        "specificity": 0.9123676397060512
      },
      "ci": {
        "auroc": 0.00024500199311994664,
        "auprc": 0.00022027037602030845,
        "f1": 0.00947461909375337,
        "accuracy": 0.010422693728996128,
        "sensitivity": 0.001328145898035421,
        "specificity": 0.021082430479257203
      }
    },
    "0.25": {
      "mean": {
        "auroc": 0.998869063359143,
        "auprc": 0.9989851640941497,
        "f1": 0.9554660836945514,
        "accuracy": 0.9532672172634038,
        "sensitivity": 0.9962000118200267,
        "specificity": 0.9103344227067811
      },
      "ci": {
        "auroc": 0.00044063888418492805,
        "auprc": 0.0003623072644837341,
        "f1": 0.009622347759127962,
        "accuracy": 0.010737139533552662,
        "sensitivity": 0.002110983001550464,
        "specificity": 0.02231065525194723
      }
    },
    "0.5": {
      "mean": {
        "auroc": 0.9976309541051614,
        "auprc": 0.9978473796670648,
        "f1": 0.9528301555345641,
        "accuracy": 0.9506919703382314,
        "sensitivity": 0.9924459474723009,
        "specificity": 0.9089379932041624
      },
      "ci": {
        "auroc": 0.0010659115243415826,
        "auprc": 0.0009141361037549771,
        "f1": 0.007446360702221462,
        "accuracy": 0.008248101113619162,
        "sensitivity": 0.004497913926655369,
        "specificity": 0.017668929810948482
      }
    },
    "1.0": {
      "mean": {
        "auroc": 0.9945230868337636,
        "auprc": 0.9952138999732059,
        "f1": 0.9464889890675868,
        "accuracy": 0.9442654910648901,
        "sensitivity": 0.982318048852785,
        "specificity": 0.9062129332769955
      },
      "ci": {
        "auroc": 0.0020119455131885904,
        "auprc": 0.0017661530059612301,
        "f1": 0.008615388307241907,
        "accuracy": 0.009432640903188235,
        "sensitivity": 0.007239740632836906,
        "specificity": 0.019563246406841674
      }
    },
    "5.0": {
      "mean": {
        "auroc": 0.9129313442131674,
        "auprc": 0.9200666586720126,
        "f1": 0.7948613713451074,
        "accuracy": 0.8149974692290897,
        "sensitivity": 0.7206365497783425,