filename,y_true,snr_db,probs
/Users/somesh/Desktop/onehearthealth/ast-heart-quality/data_processed/PhysioNet2022/training_data/31737_AV.wav,1,12.163438720510593,0.9120200911997579
/Users/somesh/Desktop/onehearthealth/ast-heart-quality/data_processed/PhysioNet2022/training_data/31737_MV.wav,1,7.030199969726963,0.7878318887923431
/Users/somesh/Desktop/onehearthealth/ast-heart-quality/data_processed/PhysioNet2022/training_data/31737_PV.wav,1,8.056879868187483,0.8201319580305639
/Users/somesh/Desktop/onehearthealth/ast-heart-quality/data_processed/PhysioNet2022/training_data/31737_TV.wav,1,10.396538875957296,0.8792315882231203
/Users/somesh/Desktop/onehearthealth/ast-heart-quality/data_processed/PhysioNet2022/training_data/40798_AV.wav,1,4.86692888163883,0.7066671045361146
/Users/somesh/Desktop/onehearthealth/ast-heart-quality/data_processed/PhysioNet2022/training_data/40798_MV.wav,1,9.720840420132856,0.8641310808720134
/Users/somesh/Desktop/onehearthealth/ast-heart-quality/data_processed/PhysioNet2022/training_data/40798_PV.wav,1,6.631424737288517,0.7741947830178187
/Users/somesh/Desktop/onehearthealth/ast-heart-quality/data_processed/PhysioNet2022/training_data/40798_TV.wav,1,4.873228158836557,0.7069281903287042
/Users/somesh/Desktop/onehearthealth/ast-heart-quality/data_processed/PhysioNet2022/training_data/49558_AV.wav,1,4.096736194705038,0.6737539283576547
/Users/somesh/Desktop/onehearthealth/ast-heart-quality/data_processed/PhysioNet2022/training_data/49558_MV.wav,1,5.545592410515157,0.7339944469309163
/Users/somesh/Desktop/onehearthealth/ast-heart-quality/data_processed/PhysioNet2022/training_data/49607_MV.wav,1,4.204526955677437,0.6784747504195662
/Users/somesh/Desktop/onehearthealth/ast-heart-quality/data_processed/PhysioNet2022/training_data/49610_AV.wav,1,3.520053216802565,0.6479126157656908
/Users/somesh/Desktop/onehearthealth/ast-heart-quality/data_processed/PhysioNet2022/training_data/49610_MV.wav,1,5.118973669753838,0.7170064093514138
/Users/somesh/Desktop/onehearthealth/ast-heart-quality/data_processed/PhysioNet2022/training_data/49610_PV.wav,1,2.348622281459364,0.5928090867302254
/Users/somesh/Desktop/onehearthealth/ast-heart-quality/data_processed/PhysioNet2022/training_data/49610_TV.wav,1,3.9373996559593105,0.666710786731474
/Users/somesh/Desktop/onehearthealth/ast-heart-quality/data_processed/PhysioNet2022/training_data/49641_AV.wav,1,5.3133505654155355,0.7248275772966155
/Users/somesh/Desktop/onehearthealth/ast-heart-quality/data_processed/PhysioNet2022/training_data/49641_MV.wav,1,3.597962447824145,0.6514589303484084
/Users/somesh/Desktop/onehearthealth/ast-heart-quality/data_processed/PhysioNet2022/training_data/49641_PV.wav,1,3.420217050980361,0.6433443131614554
/Users/somesh/Desktop/onehearthealth/ast-heart-quality/data_processed/PhysioNet2022/training_data/49641_TV.wav,1,12.07418591835073,0.9105771982876367
/Users/somesh/Desktop/onehearthealth/ast-heart-quality/data_processed/PhysioNet2022/training_data/49661_AV.wav,1,4.912881980915563,0.7085685911848404
/Users/somesh/Desktop/onehearthealth/ast-heart-quality/data_processed/PhysioNet2022/training_data/49661_MV.wav,1,3.8894169175799282,0.6645749611283676
/Users/somesh/Desktop/onehearthealth/ast-heart-quality/data_processed/PhysioNet2022/training_data/49691_AV.wav,1,7.4486577519996375,0.8014843243820648
/Users/somesh/Desktop/onehearthealth/ast-heart-quality/data_processed/PhysioNet2022/training_data/49691_MV.wav,1,7.930597910021371,0.8163760800023744
/Users/somesh/Desktop/onehearthealth/ast-heart-quality/data_processed/PhysioNet2022/training_data/49691_PV.wav,1,3.200328431108118,0.6331911497330412
/Users/somesh/Desktop/onehearthealth/ast-heart-quality/data_processed/PhysioNet2022/training_data/49691_TV.wav,1,4.9195193215471775,0.7088426363003733
/Users/somesh/Desktop/onehearthealth/ast-heart-quality/data_processed/PhysioNet2022/training_data/49993_AV.wav,1,7.00281491663361,0.7869149478840769
/Users/somesh/Desktop/onehearthealth/ast-heart-quality/data_processed/PhysioNet2022/training_data/49993_MV.wav,1,7.68517348514473,0.8089034076301702
/Users/somesh/Desktop/onehearthealth/ast-heart-quality/data_processed/PhysioNet2022/training_data/49993_PV.wav,1,6.280756541917074,0.7616990400374859
/Users/somesh/Desktop/onehearthealth/ast-heart-quality/data_processed/PhysioNet2022/training_data/49993_TV.wav,1,7.7242673249224945,0.8101091043030783
/Users/somesh/Desktop/onehearthealth/ast-heart-quality/data_processed/PhysioNet2022/training_data/50006_AV.wav,1,4.460786520221467,0.6895514443691757
/Users/somesh/Desktop/onehearthealth/ast-heart-quality/data_processed/PhysioNet2022/training_data/50006_MV.wav,1,4.598431774934314,0.6954136350529839
/Users/somesh/Desktop/onehearthealth/ast-heart-quality/data_processed/PhysioNet2022/training_data/50007_AV.wav,1,9.360730822209183,0.8554512096987306
/Users/somesh/Desktop/onehearthealth/ast-heart-quality/data_processed/PhysioNet2022/training_data/50007_MV.wav,1,1.4095955864672849,0.5468087570441446
/Users/somesh/Desktop/onehearthealth/ast-heart-quality/data_processed/PhysioNet2022/training_data/50007_PV.wav,1,5.998454720208517,0.7512998228128717
/Users/somesh/Desktop/onehearthealth/ast-heart-quality/data_processed/PhysioNet2022/training_data/50007_TV.wav,1,7.216028881934067,0.7939778002342444
/Users/somesh/Desktop/onehearthealth/ast-heart-quality/data_processed/PhysioNet2022/training_data/50012_MV.wav,1,9.668624473777541,0.8629002919777082
/Users/somesh/Desktop/onehearthealth/ast-heart-quality/data_processed/PhysioNet2022/training_data/50018_AV.wav,1,5.094963469425954,0.7160310214059337
/Users/somesh/Desktop/onehearthealth/ast-heart-quality/data_processed/PhysioNet2022/training_data/50018_MV.wav,1,3.7381481182883345,0.6577977146976229
/Users/somesh/Desktop/onehearthealth/ast-heart-quality/data_processed/PhysioNet2022/training_data/50027_AV.wav,1,11.365121715362072,0.8983377566212503
/Users/somesh/Desktop/onehearthealth/ast-heart-quality/data_processed/PhysioNet2022/training_data/50027_MV.wav,1,2.6137128688296962,0.6055413111218271
/Users/somesh/Desktop/onehearthealth/ast-heart-quality/data_processed/PhysioNet2022/training_data/50029_AV.wav,1,3.8647323960872,0.6634735580581386
/Users/somesh/Desktop/onehearthealth/ast-heart-quality/data_processed/PhysioNet2022/training_data/50029_MV.wav,1,4.170641709574663,0.6769945744109493
/Users/somesh/Desktop/onehearthealth/ast-heart-quality/data_processed/PhysioNet2022/training_data/50029_PV.wav,1,5.55814362615934,0.7344842753898962
/Users/somesh/Desktop/onehearthealth/ast-heart-quality/data_processed/PhysioNet2022/training_data/50029_TV.wav,1,3.6714576947096123,0.6547890255709714
/Users/somesh/Desktop/onehearthealth/ast-heart-quality/data_processed/PhysioNet2022/training_data/50047_MV.wav,1,9.794847432964627,0.8658595448003197
/Users/somesh/Desktop/onehearthealth/ast-heart-quality/data_processed/PhysioNet2022/training_data/50047_PV.wav,1,4.620355286651704,0.6963415776757333
/Users/somesh/Desktop/onehearthealth/ast-heart-quality/data_processed/PhysioNet2022/training_data/50047_TV.wav,1,4.863315054924113,0.7065172610661903
/Users/somesh/Desktop/onehearthealth/ast-heart-quality/data_processed/PhysioNet2022/training_data/50076_AV.wav,1,3.140485619318553,0.6304069249165826
/Users/somesh/Desktop/onehearthealth/ast-heart-quality/data_processed/PhysioNet2022/training_data/50076_MV.wav,1,7.508995324383818,0.8033973696547451
/Users/somesh/Desktop/onehearthealth/ast-heart-quality/data_processed/PhysioNet2022/training_data/50076_PV.wav,1,4.146921789369406,0.6759563237354831
/Users/somesh/Desktop/onehearthealth/ast-heart-quality/data_processed/PhysioNet2022/training_data/50076_TV.wav,1,3.079495741937292,0.6275603766938254
/Users/somesh/Desktop/onehearthealth/ast-heart-quality/data_processed/PhysioNet2022/training_data/50079_AV.wav,1,4.671378648107885,0.6984950221454604
/Users/somesh/Desktop/onehearthealth/ast-heart-quality/data_processed/PhysioNet2022/training_data/50079_PV.wav,1,6.431679891766205,0.7671346185667289
/Users/somesh/Desktop/onehearthealth/ast-heart-quality/data_processed/PhysioNet2022/training_data/50079_TV.wav,1,6.674715266975037,0.7757047748718952
/Users/somesh/Desktop/onehearthealth/ast-heart-quality/data_processed/PhysioNet2022/training_data/50080_AV.wav,1,6.084714081949817,0.7545093135377059
/Users/somesh/Desktop/onehearthealth/ast-heart-quality/data_processed/PhysioNet2022/training_data/50080_MV.wav,1,3.3726844589531617,0.6411600595786183
/Users/somesh/Desktop/onehearthealth/ast-heart-quality/data_processed/PhysioNet2022/training_data/50080_PV.wav,1,7.973839607131865,0.8176689739126802
/Users/somesh/Desktop/onehearthealth/ast-heart-quality/data_processed/PhysioNet2022/training_data/50080_TV.wav,1,6.569630276337795,0.7720269170824056
/Users/somesh/Desktop/onehearthealth/ast-heart-quality/data_processed/PhysioNet2022/training_data/50089_AV.wav,1,3.2509859293839516,0.635541101846744
/Users/somesh/Desktop/onehearthealth/ast-heart-quality/data_processed/PhysioNet2022/training_data/50089_PV.wav,1,4.457761567316491,0.689421919034687
/Users/somesh/Desktop/onehearthealth/ast-heart-quality/data_processed/PhysioNet2022/training_data/50089_TV.wav,1,3.5488461325737712,0.6492251528518248
/Users/somesh/Desktop/onehearthealth/ast-heart-quality/data_processed/PhysioNet2022/training_data/50092_AV.wav,1,6.368308607040817,0.7648628395432417
/Users/somesh/Desktop/onehearthealth/ast-heart-quality/data_processed/PhysioNet2022/training_data/50092_MV.wav,1,7.379687371757563,0.799280457263859
/Users/somesh/Desktop/onehearthealth/ast-heart-quality/data_processed/PhysioNet2022/training_data/50092_PV.wav,1,8.548475753772404,0.8341820199679627
/Users/somesh/Desktop/onehearthealth/ast-heart-quality/data_processed/PhysioNet2022/training_data/50092_TV.wav,1,7.277822088933075,0.7959920466438646
/Users/somesh/Desktop/onehearthealth/ast-heart-quality/data_processed/PhysioNet2022/training_data/50094_MV.wav,1,4.29952137304297,0.6826051656187835
/Users/somesh/Desktop/onehearthealth/ast-heart-quality/data_processed/PhysioNet2022/training_data/50094_PV.wav,1,3.395365271022815,0.6422030422368172
/Users/somesh/Desktop/onehearthealth/ast-heart-quality/data_processed/PhysioNet2022/training_data/50094_TV.wav,1,16.757296606517883,0.9629354401956696
/Users/somesh/Desktop/onehearthealth/ast-heart-quality/data_processed/PhysioNet2022/training_data/50104_AV.wav,1,9.848901505418613,0.8671102273082802
/Users/somesh/Desktop/onehearthealth/ast-heart-quality/data_processed/PhysioNet2022/training_data/50104_MV.wav,1,4.659617373106023,0.6979994067067379
/Users/somesh/Desktop/onehearthealth/ast-heart-quality/data_processed/PhysioNet2022/training_data/50104_PV.wav,1,7.331782616137428,0.7977389654334357
/Users/somesh/Desktop/onehearthealth/ast-heart-quality/data_processed/PhysioNet2022/training_data/50104_TV.wav,1,6.861636582460267,0.7821420472658841
/Users/somesh/Desktop/onehearthealth/ast-heart-quality/data_processed/PhysioNet2022/training_data/50115_AV.wav,1,4.73082042062381,0.7009927827671404
/Users/somesh/Desktop/onehearthealth/ast-heart-quality/data_processed/PhysioNet2022/training_data/50115_MV.wav,1,5.416466628809974,0.7289218012073664
/Users/somesh/Desktop/onehearthealth/ast-heart-quality/data_processed/PhysioNet2022/training_data/50115_PV_1.wav,1,6.547033128477766,0.7712305135996043
/Users/somesh/Desktop/onehearthealth/ast-heart-quality/data_processed/PhysioNet2022/training_data/50115_PV_2.wav,1,5.1391459336579235,0.7178243157887649
/Users/somesh/Desktop/onehearthealth/ast-heart-quality/data_processed/PhysioNet2022/training_data/50115_TV_1.wav,1,8.439926737373986,0.8311572423235442
/Users/somesh/Desktop/onehearthealth/ast-heart-quality/data_processed/PhysioNet2022/training_data/50115_TV_2.wav,1,3.864104320904972,0.6634455106096306
/Users/somesh/Desktop/onehearthealth/ast-heart-quality/data_processed/PhysioNet2022/training_data/50126_AV.wav,1,2.1467444808272194,0.5830276482288813
/Users/somesh/Desktop/onehearthealth/ast-heart-quality/data_processed/PhysioNet2022/training_data/50126_MV.wav,1,3.698108846774903,0.6559928766583902
/Users/somesh/Desktop/onehearthealth/ast-heart-quality/data_processed/PhysioNet2022/training_data/50126_PV.wav,1,1.9393547953182861,0.5729107053829489
/Users/somesh/Desktop/onehearthealth/ast-heart-quality/data_processed/PhysioNet2022/training_data/50126_TV.wav,1,4.478968876895433,0.6903293676181932
/Users/somesh/Desktop/onehearthealth/ast-heart-quality/data_processed/PhysioNet2022/training_data/50142_AV.wav,1,9.727949781314608,0.8642979344218371
/Users/somesh/Desktop/onehearthealth/ast-heart-quality/data_processed/PhysioNet2022/training_data/50142_MV.wav,1,4.281408029026046,0.6818197763383725
/Users/somesh/Desktop/onehearthealth/ast-heart-quality/data_processed/PhysioNet2022/training_data/50146_MV.wav,1,10.61567988035831,0.883808608245698
/Users/somesh/Desktop/onehearthealth/ast-heart-quality/data_processed/PhysioNet2022/training_data/50151_PV.wav,1,6.893936464892187,0.783240794117154
/Users/somesh/Desktop/onehearthealth/ast-heart-quality/data_processed/PhysioNet2022/training_data/50159_MV.wav,1,3.50986305118437,0.6474475558309402
/Users/somesh/Desktop/onehearthealth/ast-heart-quality/data_processed/PhysioNet2022/training_data/50159_PV.wav,1,5.331659264920805,0.725557319113004
/Users/somesh/Desktop/onehearthealth/ast-heart-quality/data_processed/PhysioNet2022/training_data/50159_TV.wav,1,6.912058664909829,0.7838555004355987
/Users/somesh/Desktop/onehearthealth/ast-heart-quality/data_processed/PhysioNet2022/training_data/50165_AV.wav,1,2.136129256634234,0.5825114316203488
/Users/somesh/Desktop/onehearthealth/ast-heart-quality/data_processed/PhysioNet2022/training_data/50165_MV.wav,1,5.2894028532086566,0.7238712628415519
/Users/somesh/Desktop/onehearthealth/ast-heart-quality/data_processed/PhysioNet2022/training_data/50165_PV.wav,1,4.627974385856197,0.6966636929223146
/Users/somesh/Desktop/onehearthealth/ast-heart-quality/data_processed/PhysioNet2022/training_data/50174_AV.wav,1,8.873570309824816,0.8429812986308389
/Users/somesh/Desktop/onehearthealth/ast-heart-quality/data_processed/PhysioNet2022/training_data/50174_MV.wav,1,7.7052925293889345,0.8095246297122083
/Users/somesh/Desktop/onehearthealth/ast-heart-quality/data_processed/PhysioNet2022/training_data/50174_PV.wav,1,9.21344898919778,0.8517705275376515
/Users/somesh/Desktop/onehearthealth/ast-heart-quality/data_processed/PhysioNet2022/training_data/50174_TV.wav,1,4.812289180810682,0.7043967610852531
/Users/somesh/Desktop/onehearthealth/ast-heart-quality/data_processed/PhysioNet2022/training_data/50210_AV.wav,1,4.30303178396139,0.6827572559776537
/Users/somesh/Desktop/onehearthealth/ast-heart-quality/data_processed/PhysioNet2022/training_data/50210_MV_1.wav,1,3.786893025362524,0.6599888211763855
/Users/somesh/Desktop/onehearthealth/ast-heart-quality/data_processed/PhysioNet2022/training_data/50210_MV_2.wav,1,4.911370651283338,0.7085061695953604
/Users/somesh/Desktop/onehearthealth/ast-heart-quality/data_processed/PhysioNet2022/training_data/50210_PV.wav,1,5.210141097465753,0.7206914504140602
/Users/somesh/Desktop/onehearthealth/ast-heart-quality/data_processed/PhysioNet2022/training_data/50210_TV.wav,1,4.072371009861811,0.672681882595692
/Users/somesh/Desktop/onehearthealth/ast-heart-quality/data_processed/PhysioNet2022/training_data/50218_AV.wav,1,7.209072566796005,0.7937501284471437
/Users/somesh/Desktop/onehearthealth/ast-heart-quality/data_processed/PhysioNet2022/training_data/50218_MV.wav,1,9.786437251650904,0.8656640614296564
/Users/somesh/Desktop/onehearthealth/ast-heart-quality/data_processed/PhysioNet2022/training_data/50218_PV.wav,1,12.400616700100061,0.9157526465687289
/Users/somesh/Desktop/onehearthealth/ast-heart-quality/data_processed/PhysioNet2022/training_data/50218_TV.wav,1,4.426013922127215,0.6880607295055857
/Users/somesh/Desktop/onehearthealth/ast-heart-quality/data_processed/PhysioNet2022/training_data/50239_AV.wav,1,2.9698824850011247,0.6224222688098904
/Users/somesh/Desktop/onehearthealth/ast-heart-quality/data_processed/PhysioNet2022/training_data/50239_MV.wav,1,5.2493331970866075,0.7222665545829217
/Users/somesh/Desktop/onehearthealth/ast-heart-quality/data_processed/PhysioNet2022/training_data/50239_PV.wav,1,4.5547250179186785,0.6935589423817334
/Users/somesh/Desktop/onehearthealth/ast-heart-quality/data_processed/PhysioNet2022/training_data/50239_TV.wav,1,6.2923391515410785,0.7621192653585869
/Users/somesh/Desktop/onehearthealth/ast-heart-quality/data_processed/PhysioNet2022/training_data/50249_AV_1.wav,1,7.535564736676198,0.8042353446106985
/Users/somesh/Desktop/onehearthealth/ast-heart-quality/data_processed/PhysioNet2022/training_data/50249_AV_2.wav,1,4.8585774054078446,0.7063207517139474
/Users/somesh/Desktop/onehearthealth/ast-heart-quality/data_processed/PhysioNet2022/training_data/50249_MV.wav,1,4.9271569508409705,0.7091577937473817
/Users/somesh/Desktop/onehearthealth/ast-heart-quality/data_processed/PhysioNet2022/training_data/50250_AV.wav,1,5.866387899382963,0.7463318409917653
/Users/somesh/Desktop/onehearthealth/ast-heart-quality/data_processed/PhysioNet2022/training_data/50250_MV.wav,1,2.150992870973292,0.5832341958202132
/Users/somesh/Desktop/onehearthealth/ast-heart-quality/data_processed/PhysioNet2022/training_data/50250_PV.wav,1,4.853952484911838,0.7061288440352876
/Users/somesh/Desktop/onehearthealth/ast-heart-quality/data_processed/PhysioNet2022/training_data/50250_TV_1.wav,1,4.470279089696374,0.6899577133887285
/Users/somesh/Desktop/onehearthealth/ast-heart-quality/data_processed/PhysioNet2022/training_data/50250_TV_2.wav,1,3.95444798951895,0.6674680091334998
/Users/somesh/Desktop/onehearthealth/ast-heart-quality/data_processed/PhysioNet2022/training_data/50251_AV.wav,1,5.362276917360543,0.7267749747202555
/Users/somesh/Desktop/onehearthealth/ast-heart-quality/data_processed/PhysioNet2022/training_data/50251_MV.wav,1,7.604876743839888,0.8064086523642536
/Users/somesh/Desktop/onehearthealth/ast-heart-quality/data_processed/PhysioNet2022/training_data/50256_AV.wav,1,5.443968306193041,0.730007269444559
/Users/somesh/Desktop/onehearthealth/ast-heart-quality/data_processed/PhysioNet2022/training_data/50256_MV.wav,1,4.939262239126392,0.7096568912159469
/Users/somesh/Desktop/onehearthealth/ast-heart-quality/data_processed/PhysioNet2022/training_data/50256_PV.wav,1,6.724019784713622,0.7774157771225157
/Users/somesh/Desktop/onehearthealth/ast-heart-quality/data_processed/PhysioNet2022/training_data/50256_TV.wav,1,5.8007157785166665,0.7438371882064695
/Users/somesh/Desktop/onehearthealth/ast-heart-quality/data_processed/PhysioNet2022/training_data/50261_AV.wav,1,9.16950961142501,0.8506575590009097
/Users/somesh/Desktop/onehearthealth/ast-heart-quality/data_processed/PhysioNet2022/training_data/50261_MV.wav,1,4.397780485021034,0.6868474779769038
/Users/somesh/Desktop/onehearthealth/ast-heart-quality/data_processed/PhysioNet2022/training_data/50261_PV.wav,1,3.4750545202868817,0.6458568558128073
/Users/somesh/Desktop/onehearthealth/ast-heart-quality/data_processed/PhysioNet2022/training_data/50261_TV.wav,1,11.937003789098288,0.9083178404617882
/Users/somesh/Desktop/onehearthealth/ast-heart-quality/data_processed/PhysioNet2022/training_data/50263_AV.wav,1,8.289320973417784,0.8268879310321525
/Users/somesh/Desktop/onehearthealth/ast-heart-quality/data_processed/PhysioNet2022/training_data/50263_MV.wav,1,8.688085062934745,0.8380082868595725
/Users/somesh/Desktop/onehearthealth/ast-heart-quality/data_processed/PhysioNet2022/training_data/50263_PV.wav,1,8.490278034782154,0.8325657419650624
/Users/somesh/Desktop/onehearthealth/ast-heart-quality/data_processed/PhysioNet2022/training_data/50263_TV_1.wav,1,9.910715172141728,0.8685283319635765
/Users/somesh/Desktop/onehearthealth/ast-heart-quality/data_processed/PhysioNet2022/training_data/50263_TV_2.wav,1,5.289183087994978,0.7238624773480639
/Users/somesh/Desktop/onehearthealth/ast-heart-quality/data_processed/PhysioNet2022/training_data/50289_AV.wav,1,4.527273827519746,0.6923908365898169
/Users/somesh/Desktop/onehearthealth/ast-heart-quality/data_processed/PhysioNet2022/training_data/50289_MV.wav,1,8.415177244248449,0.830461459787279
/Users/somesh/Desktop/onehearthealth/ast-heart-quality/data_processed/PhysioNet2022/training_data/50289_PV.wav,1,6.905863982498199,0.7836455184957953
/Users/somesh/Desktop/onehearthealth/ast-heart-quality/data_processed/PhysioNet2022/training_data/50289_TV.wav,1,5.858808587280482,0.746044749825892
/Users/somesh/Desktop/onehearthealth/ast-heart-quality/data_processed/PhysioNet2022/training_data/50300_AV.wav,1,9.915978446057139,0.8686484846945928
/Users/somesh/Desktop/onehearthealth/ast-heart-quality/data_processed/PhysioNet2022/training_data/50300_MV.wav,1,4.6119320746460435,0.6959852422863682
/Users/somesh/Desktop/onehearthealth/ast-heart-quality/data_processed/PhysioNet2022/training_data/50304_PV.wav,1,3.2696821837721055,0.6364067795755515
/Users/somesh/Desktop/onehearthealth/ast-heart-quality/data_processed/PhysioNet2022/training_data/50312_AV.wav,1,6.477817850467233,0.7687789622194348
/Users/somesh/Desktop/onehearthealth/ast-heart-quality/data_processed/PhysioNet2022/training_data/50312_MV.wav,1,10.242023329779691,0.8759115461351652
/Users/somesh/Desktop/onehearthealth/ast-heart-quality/data_processed/PhysioNet2022/training_data/50312_PV.wav,1,5.9842682141083685,0.750769299708153
/Users/somesh/Desktop/onehearthealth/ast-heart-quality/data_processed/PhysioNet2022/training_data/50312_TV.wav,1,11.184343132937489,0.8949878817482688
/Users/somesh/Desktop/onehearthealth/ast-heart-quality/data_processed/PhysioNet2022/training_data/50318_AV.wav,1,10.687838026748446,0.8852824170167204
/Users/somesh/Desktop/onehearthealth/ast-heart-quality/data_processed/PhysioNet2022/training_data/50318_MV.wav,1,6.431353614893006,0.767122961202416
/Users/somesh/Desktop/onehearthealth/ast-heart-quality/data_processed/PhysioNet2022/training_data/50318_PV.wav,1,9.48289173967233,0.8584461987932561
/Users/somesh/Desktop/onehearthealth/ast-heart-quality/data_processed/PhysioNet2022/training_data/50318_TV.wav,1,6.413408594864123,0.7664811878377192
/Users/somesh/Desktop/onehearthealth/ast-heart-quality/data_processed/PhysioNet2022/training_data/50326_AV.wav,1,7.431521685061702,0.800938466574896
/Users/somesh/Desktop/onehearthealth/ast-heart-quality/data_processed/PhysioNet2022/training_data/50326_MV.wav,1,5.5419108314789085,0.7338506590066312
/Users/somesh/Desktop/onehearthealth/ast-heart-quality/data_processed/PhysioNet2022/training_data/50326_PV.wav,1,9.905910901375922,0.8684185761804076
/Users/somesh/Desktop/onehearthealth/ast-heart-quality/data_processed/PhysioNet2022/training_data/50326_TV.wav,1,3.9900454298184784,0.669046322834658
/Users/somesh/Desktop/onehearthealth/ast-heart-quality/data_processed/PhysioNet2022/training_data/50343_AV.wav,1,5.966805696977996,0.7501152285947303
/Users/somesh/Desktop/onehearthealth/ast-heart-quality/data_processed/PhysioNet2022/training_data/50343_MV.wav,1,2.940190877448539,0.6210256761202986
/Users/somesh/Desktop/onehearthealth/ast-heart-quality/data_processed/PhysioNet2022/training_data/50343_PV.wav,1,6.966724277446357,0.7857021070465153
/Users/somesh/Desktop/onehearthealth/ast-heart-quality/data_processed/PhysioNet2022/training_data/50343_TV.wav,1,2.397800334395498,0.5951810857203166
/Users/somesh/Desktop/onehearthealth/ast-heart-quality/data_processed/PhysioNet2022/training_data/50349_AV.wav,1,5.3992497151977545,0.7282408705750147
/Users/somesh/Desktop/onehearthealth/ast-heart-quality/data_processed/PhysioNet2022/training_data/50349_MV.wav,1,4.459280282062159,0.6894869525312096
/Users/somesh/Desktop/onehearthealth/ast-heart-quality/data_processed/PhysioNet2022/training_data/50349_PV.wav,1,5.693365384880749,0.7397248348189522
/Users/somesh/Desktop/onehearthealth/ast-heart-quality/data_processed/PhysioNet2022/training_data/50349_TV.wav,1,4.3001550457382995,0.682632622699685
/Users/somesh/Desktop/onehearthealth/ast-heart-quality/data_processed/PhysioNet2022/training_data/50350_AV.wav,1,5.025362666287782,0.7131921356060413
/Users/somesh/Desktop/onehearthealth/ast-heart-quality/data_processed/PhysioNet2022/training_data/50350_MV.wav,1,11.445663570265769,0.8997994754956599
/Users/somesh/Desktop/onehearthealth/ast-heart-quality/data_processed/PhysioNet2022/training_data/50350_PV.wav,1,3.253905192177582,0.6356763280980888
/Users/somesh/Desktop/onehearthealth/ast-heart-quality/data_processed/PhysioNet2022/training_data/50350_TV.wav,1,2.6607987677223006,0.6077884583489184
/Users/somesh/Desktop/onehearthealth/ast-heart-quality/data_processed/PhysioNet2022/training_data/50391_MV.wav,1,9.038176725665537,0.8472898471116872
/Users/somesh/Desktop/onehearthealth/ast-heart-quality/data_processed/PhysioNet2022/training_data/50391_PV.wav,1,8.117282209307287,0.8219071279154535
/Users/somesh/Desktop/onehearthealth/ast-heart-quality/data_processed/PhysioNet2022/training_data/50391_TV.wav,1,1.3474425962728338,0.5437265900128465
/Users/somesh/Desktop/onehearthealth/ast-heart-quality/data_processed/PhysioNet2022/training_data/50621_PV.wav,1,6.381898739280418,0.7653513183251748
/Users/somesh/Desktop/onehearthealth/ast-heart-quality/data_processed/PhysioNet2022/training_data/50628_AV.wav,1,7.240870931337296,0.7947893310873166
/Users/somesh/Desktop/onehearthealth/ast-heart-quality/data_processed/PhysioNet2022/training_data/50628_MV.wav,1,9.180573753457857,0.8509384570442355
/Users/somesh/Desktop/onehearthealth/ast-heart-quality/data_processed/PhysioNet2022/training_data/50631_AV.wav,1,10.244106144187574,0.8759568154775782
/Users/somesh/Desktop/onehearthealth/ast-heart-quality/data_processed/PhysioNet2022/training_data/50631_MV.wav,1,5.407560283550846,0.7285696882009314
/Users/somesh/Desktop/onehearthealth/ast-heart-quality/data_processed/PhysioNet2022/training_data/50655_AV.wav,1,6.462907723364921,0.7682484589257045
/Users/somesh/Desktop/onehearthealth/ast-heart-quality/data_processed/PhysioNet2022/training_data/50655_MV.wav,1,8.399047063790164,0.8300067649674489
/Users/somesh/Desktop/onehearthealth/ast-heart-quality/data_processed/PhysioNet2022/training_data/50661_AV.wav,1,7.198483458743494,0.7934032023489924
/Users/somesh/Desktop/onehearthealth/ast-heart-quality/data_processed/PhysioNet2022/training_data/50661_MV.wav,1,4.996799952719514,0.7120222184346225
/Users/somesh/Desktop/onehearthealth/ast-heart-quality/data_processed/PhysioNet2022/training_data/50667_AV.wav,1,5.9800407224013785,0.7506110609491885
/Users/somesh/Desktop/onehearthealth/ast-heart-quality/data_processed/PhysioNet2022/training_data/50667_MV.wav,1,11.176557967686403,0.8948414546370377
/Users/somesh/Desktop/onehearthealth/ast-heart-quality/data_processed/PhysioNet2022/training_data/50667_PV.wav,1,4.4138382836731,0.6875378311454872
/Users/somesh/Desktop/onehearthealth/ast-heart-quality/data_processed/PhysioNet2022/training_data/50667_TV.wav,1,4.00616109030765,0.6697596102530856
/Users/somesh/Desktop/onehearthealth/ast-heart-quality/data_processed/PhysioNet2022/training_data/50720_AV.wav,1,4.0532930202782484,0.6718412076672354
/Users/somesh/Desktop/onehearthealth/ast-heart-quality/data_processed/PhysioNet2022/training_data/50720_MV.wav,1,5.965555054926094,0.7500683409989909
/Users/somesh/Desktop/onehearthealth/ast-heart-quality/data_processed/PhysioNet2022/training_data/50721_AV.wav,1,4.326129109116646,0.6837569853219239
/Users/somesh/Desktop/onehearthealth/ast-heart-quality/data_processed/PhysioNet2022/training_data/50721_MV.wav,1,5.6603072915013435,0.7384498704936833
/Users/somesh/Desktop/onehearthealth/ast-heart-quality/data_processed/PhysioNet2022/training_data/50721_PV.wav,1,6.447254777870998,0.767690612178178
/Users/somesh/Desktop/onehearthealth/ast-heart-quality/data_processed/PhysioNet2022/training_data/50721_TV.wav,1,8.064571597493885,0.8203587761880623
/Users/somesh/Desktop/onehearthealth/ast-heart-quality/data_processed/PhysioNet2022/training_data/50736_AV.wav,1,7.546269793705248,0.8045722077255266
/Users/somesh/Desktop/onehearthealth/ast-heart-quality/data_processed/PhysioNet2022/training_data/50736_PV.wav,1,4.250164419671715,0.6804626313194778
/Users/somesh/Desktop/onehearthealth/ast-heart-quality/data_processed/PhysioNet2022/training_data/50736_TV.wav,1,7.332676592390795,0.7977678127810923
/Users/somesh/Desktop/onehearthealth/ast-heart-quality/data_processed/PhysioNet2022/training_data/50743_AV_1.wav,1,13.046221355150072,0.9251943265099655
/Users/somesh/Desktop/onehearthealth/ast-heart-quality/data_processed/PhysioNet2022/training_data/50743_AV_2.wav,1,9.853108406288593,0.8672071496708601
/Users/somesh/Desktop/onehearthealth/ast-heart-quality/data_processed/PhysioNet2022/training_data/50743_AV_3.wav,1,16.80661333846738,0.9632858677783365
/Users/somesh/Desktop/onehearthealth/ast-heart-quality/data_processed/PhysioNet2022/training_data/50743_MV.wav,1,7.791378412284945,0.8121652860496533
/Users/somesh/Desktop/onehearthealth/ast-heart-quality/data_processed/PhysioNet2022/training_data/50754_AV.wav,1,4.420840157760029,0.6878385940175111
/Users/somesh/Desktop/onehearthealth/ast-heart-quality/data_processed/PhysioNet2022/training_data/50754_MV.wav,1,9.92023816737761,0.8687456595569444
/Users/somesh/Desktop/onehearthealth/ast-heart-quality/data_processed/PhysioNet2022/training_data/50754_PV.wav,1,7.046655666482165,0.788381490831274
/Users/somesh/Desktop/onehearthealth/ast-heart-quality/data_processed/PhysioNet2022/training_data/50754_TV.wav,1,4.233637084182616,0.679743484577192
/Users/somesh/Desktop/onehearthealth/ast-heart-quality/data_processed/PhysioNet2022/training_data/50756_AV.wav,1,5.499508781589112,0.7321910359865335
/Users/somesh/Desktop/onehearthealth/ast-heart-quality/data_processed/PhysioNet2022/training_data/50756_MV.wav,1,11.649356929456399,0.9034131331132932
/Users/somesh/Desktop/onehearthealth/ast-heart-quality/data_processed/PhysioNet2022/training_data/50756_PV.wav,1,3.17605862547519,0.6320630410382044
/Users/somesh/Desktop/onehearthealth/ast-heart-quality/data_processed/PhysioNet2022/training_data/50756_TV.wav,1,4.164784605709705,0.6767383633169738
/Users/somesh/Desktop/onehearthealth/ast-heart-quality/data_processed/PhysioNet2022/training_data/50758_AV.wav,1,2.66668849672639,0.6080692233295598
/Users/somesh/Desktop/onehearthealth/ast-heart-quality/data_processed/PhysioNet2022/training_data/50758_MV.wav,1,9.532136742742955,0.8596387932284183
/Users/somesh/Desktop/onehearthealth/ast-heart-quality/data_processed/PhysioNet2022/training_data/50758_PV.wav,1,7.950981136761547,0.8169864063019419
/Users/somesh/Desktop/onehearthealth/ast-heart-quality/data_processed/PhysioNet2022/training_data/50758_TV.wav,1,4.229532953101383,0.6795647706898122
/Users/somesh/Desktop/onehearthealth/ast-heart-quality/data_processed/PhysioNet2022/training_data/50773_AV.wav,1,2.9239820622417225,0.6202624193727647
/Users/somesh/Desktop/onehearthealth/ast-heart-quality/data_processed/PhysioNet2022/training_data/50773_MV.wav,1,4.658422476904461,0.697949028399102
/Users/somesh/Desktop/onehearthealth/ast-heart-quality/data_processed/PhysioNet2022/training_data/50773_PV.wav,1,8.488152744511375,0.8325064804844254
/Users/somesh/Desktop/onehearthealth/ast-heart-quality/data_processed/PhysioNet2022/training_data/50773_TV.wav,1,15.935672251261758,0.9566030869058394
/Users/somesh/Desktop/onehearthealth/ast-heart-quality/data_processed/PhysioNet2022/training_data/50776_PV.wav,1,9.060427002578912,0.8478647492824565
/Users/somesh/Desktop/onehearthealth/ast-heart-quality/data_processed/PhysioNet2022/training_data/50802_AV.wav,1,9.879556854388309,0.8678151222069739
/Users/somesh/Desktop/onehearthealth/ast-heart-quality/data_processed/PhysioNet2022/training_data/50802_MV.wav,1,7.975184652523919,0.8177090760867318
/Users/somesh/Desktop/onehearthealth/ast-heart-quality/data_processed/PhysioNet2022/training_data/50802_PV.wav,1,6.667891629593247,0.7754672408620469
/Users/somesh/Desktop/onehearthealth/ast-heart-quality/data_processed/PhysioNet2022/training_data/50802_TV_1.wav,1,4.977887597160909,0.7112460141078822
/Users/somesh/Desktop/onehearthealth/ast-heart-quality/data_processed/PhysioNet2022/training_data/50802_TV_2.wav,1,2.6147880127674514,0.6055926719540531
/Users/somesh/Desktop/onehearthealth/ast-heart-quality/data_processed/PhysioNet2022/training_data/50805_MV.wav,1,10.93749927946046,0.8902566810729041
/Users/somesh/Desktop/onehearthealth/ast-heart-quality/data_processed/PhysioNet2022/training_data/50805_PV.wav,1,4.594958632563774,0.6952664833884472
/Users/somesh/Desktop/onehearthealth/ast-heart-quality/data_processed/PhysioNet2022/training_data/50805_TV.wav,1,4.119640558860863,0.6747600454828626
/Users/somesh/Desktop/onehearthealth/ast-heart-quality/data_processed/PhysioNet2022/training_data/50807_AV.wav,1,6.724918445116811,0.777446876498493
/Users/somesh/Desktop/onehearthealth/ast-heart-quality/data_processed/PhysioNet2022/training_data/50807_MV.wav,1,4.477957144284122,0.6902861093788267
/Users/somesh/Desktop/onehearthealth/ast-heart-quality/data_processed/PhysioNet2022/training_data/50807_PV.wav,1,8.550348321681367,0.8342338170937024
/Users/somesh/Desktop/onehearthealth/ast-heart-quality/data_processed/PhysioNet2022/training_data/50807_TV.wav,1,3.346456387274648,0.6399522894083367
/Users/somesh/Desktop/onehearthealth/ast-heart-quality/data_processed/PhysioNet2022/training_data/50826_AV.wav,1,8.182164103553507,0.8237986280683786
/Users/somesh/Desktop/onehearthealth/ast-heart-quality/data_processed/PhysioNet2022/training_data/50826_MV.wav,1,6.009482596826282,0.7517117025753425
/Users/somesh/Desktop/onehearthealth/ast-heart-quality/data_processed/PhysioNet2022/training_data/50826_PV.wav,1,5.297792135605376,0.7242065095706661
/Users/somesh/Desktop/onehearthealth/ast-heart-quality/data_processed/PhysioNet2022/training_data/50826_TV.wav,1,4.4399216835795885,0.6886574303496229
/Users/somesh/Desktop/onehearthealth/ast-heart-quality/data_processed/PhysioNet2022/training_data/55945_AV.wav,1,10.463097974578648,0.880637962022738
/Users/somesh/Desktop/onehearthealth/ast-heart-quality/data_processed/PhysioNet2022/training_data/55945_MV.wav,1,6.188516714496398,0.7583343344290929
/Users/somesh/Desktop/onehearthealth/ast-heart-quality/data_processed/PhysioNet2022/training_data/55945_PV.wav,1,7.305499850636589,0.7968894851121926
/Users/somesh/Desktop/onehearthealth/ast-heart-quality/data_processed/PhysioNet2022/training_data/55945_TV.wav,1,3.0935342535924426,0.6282163809478819
/Users/somesh/Desktop/onehearthealth/ast-heart-quality/data_processed/PhysioNet2022/training_data/57700_MV.wav,1,6.722332918704019,0.7773573924356648
/Users/somesh/Desktop/onehearthealth/ast-heart-quality/data_processed/PhysioNet2022/training_data/57700_PV.wav,1,7.968143028871868,0.8174990559382178
/Users/somesh/Desktop/onehearthealth/ast-heart-quality/data_processed/PhysioNet2022/training_data/57700_TV.wav,1,4.442363883357123,0.6887621463148366
/Users/somesh/Desktop/onehearthealth/ast-heart-quality/data_processed/PhysioNet2022/training_data/61610_AV.wav,1,3.639101973320886,0.6533248242791589
/Users/somesh/Desktop/onehearthealth/ast-heart-quality/data_processed/PhysioNet2022/training_data/61610_MV.wav,1,10.706614947987966,0.8856632528263924
/Users/somesh/Desktop/onehearthealth/ast-heart-quality/data_processed/PhysioNet2022/training_data/61610_PV.wav,1,7.318266362131696,0.797302440762147
/Users/somesh/Desktop/onehearthealth/ast-heart-quality/data_processed/PhysioNet2022/training_data/61610_TV.wav,1,3.495208084723163,0.6467782408160333
/Users/somesh/Desktop/onehearthealth/ast-heart-quality/data_processed/PhysioNet2022/training_data/63581_AV.wav,1,4.366858814669367,0.6855157672232098
/Users/somesh/Desktop/onehearthealth/ast-heart-quality/data_processed/PhysioNet2022/training_data/63581_MV.wav,1,3.544306429493033,0.6490183578482609
/Users/somesh/Desktop/onehearthealth/ast-heart-quality/data_processed/PhysioNet2022/training_data/63581_PV.wav,1,11.608722967895602,0.9027016781800874
/Users/somesh/Desktop/onehearthealth/ast-heart-quality/data_processed/PhysioNet2022/training_data/63581_TV.wav,1,9.91703889141095,0.8686726818039247
/Users/somesh/Desktop/onehearthealth/ast-heart-quality/data_processed/PhysioNet2022/training_data/68298_AV.wav,1,4.437858785620285,0.6885689629454852
/Users/somesh/Desktop/onehearthealth/ast-heart-quality/data_processed/PhysioNet2022/training_data/68298_MV.wav,1,9.76947273999205,0.8652690117715279
/Users/somesh/Desktop/onehearthealth/ast-heart-quality/data_processed/PhysioNet2022/training_data/68303_AV.wav,1,4.147086602060758,0.6759635437872931
/Users/somesh/Desktop/onehearthealth/ast-heart-quality/data_processed/PhysioNet2022/training_data/68303_MV.wav,1,5.5798022471046895,0.735328177297153
/Users/somesh/Desktop/onehearthealth/ast-heart-quality/data_processed/PhysioNet2022/training_data/68303_PV.wav,1,4.885688030197329,0.7074442130035661
/Users/somesh/Desktop/onehearthealth/ast-heart-quality/data_processed/PhysioNet2022/training_data/68303_TV.wav,1,9.138653008262391,0.8498718611213577
/Users/somesh/Desktop/onehearthealth/ast-heart-quality/data_processed/PhysioNet2022/training_data/68318_AV.wav,1,5.592477790355698,0.735821267354885
/Users/somesh/Desktop/onehearthealth/ast-heart-quality/data_processed/PhysioNet2022/training_data/68318_MV.wav,1,14.925407952139365,0.9473971153736562
/Users/somesh/Desktop/onehearthealth/ast-heart-quality/data_processed/PhysioNet2022/training_data/68318_PV.wav,1,6.78218615961148,0.7794223064767508
/Users/somesh/Desktop/onehearthealth/ast-heart-quality/data_processed/PhysioNet2022/training_data/68318_TV.wav,1,8.071085381732853,0.8205506836766451
/Users/somesh/Desktop/onehearthealth/ast-heart-quality/data_processed/PhysioNet2022/training_data/68394_MV.wav,1,3.4346699701425303,0.6440072894169899
/Users/somesh/Desktop/onehearthealth/ast-heart-quality/data_processed/PhysioNet2022/training_data/68394_PV.wav,1,8.022183464240273,0.8191060313865495
/Users/somesh/Desktop/onehearthealth/ast-heart-quality/data_processed/PhysioNet2022/training_data/68431_AV.wav,1,4.113065717351369,0.6744713976601342
/Users/somesh/Desktop/onehearthealth/ast-heart-quality/data_processed/PhysioNet2022/training_data/68431_MV.wav,1,6.204666851775204,0.7589257861137019
/Users/somesh/Desktop/onehearthealth/ast-heart-quality/data_processed/PhysioNet2022/training_data/68431_PV.wav,1,4.640677256951008,0.6972003072816667
/Users/somesh/Desktop/onehearthealth/ast-heart-quality/data_processed/PhysioNet2022/training_data/68431_TV.wav,1,5.816244904579417,0.7444285344707778
/Users/somesh/Desktop/onehearthealth/ast-heart-quality/data_processed/PhysioNet2022/training_data/68456_AV.wav,1,3.658037866508005,0.6541820892315474
/Users/somesh/Desktop/onehearthealth/ast-heart-quality/data_processed/PhysioNet2022/training_data/68456_MV.wav,1,5.5880159618361205,0.7356477653760369
/Users/somesh/Desktop/onehearthealth/ast-heart-quality/data_processed/PhysioNet2022/training_data/68456_PV.wav,1,8.18755348809468,0.8239550320939985
/Users/somesh/Desktop/onehearthealth/ast-heart-quality/data_processed/PhysioNet2022/training_data/68456_TV.wav,1,5.458289857579483,0.7305714433516021
/Users/somesh/Desktop/onehearthealth/ast-heart-quality/data_processed/PhysioNet2022/training_data/68470_MV.wav,1,6.116846130076416,0.7556976975321689
/Users/somesh/Desktop/onehearthealth/ast-heart-quality/data_processed/PhysioNet2022/training_data/68470_TV.wav,1,7.393465202809032,0.7997221715238658
/Users/somesh/Desktop/onehearthealth/ast-heart-quality/data_processed/PhysioNet2022/training_data/68532_AV.wav,1,4.840188937676898,0.7055573028825748
/Users/somesh/Desktop/onehearthealth/ast-heart-quality/data_processed/PhysioNet2022/training_data/68532_MV.wav,1,2.860943988006704,0.6172883903236062
/Users/somesh/Desktop/onehearthealth/ast-heart-quality/data_processed/PhysioNet2022/training_data/68532_PV.wav,1,10.741286870480085,0.8863635796193053
/Users/somesh/Desktop/onehearthealth/ast-heart-quality/data_processed/PhysioNet2022/training_data/68532_TV.wav,1,1.6885093004961043,0.5605926538928334
/Users/somesh/Desktop/onehearthealth/ast-heart-quality/data_processed/PhysioNet2022/training_data/68632_AV.wav,1,0.6427758176253339,0.5086043904136971
/Users/somesh/Desktop/onehearthealth/ast-heart-quality/data_processed/PhysioNet2022/training_data/68632_PV.wav,1,4.901783840034772,0.7081100277679485
/Users/somesh/Desktop/onehearthealth/ast-heart-quality/data_processed/PhysioNet2022/training_data/68632_TV.wav,1,5.274862032696525,0.7232895958931129
/Users/somesh/Desktop/onehearthealth/ast-heart-quality/data_processed/PhysioNet2022/training_data/68708_AV.wav,1,6.274652339653658,0.7614773700822854
/Users/somesh/Desktop/onehearthealth/ast-heart-quality/data_processed/PhysioNet2022/training_data/68708_MV.wav,1,3.3306479558529087,0.639223472775283
/Users/somesh/Desktop/onehearthealth/ast-heart-quality/data_processed/PhysioNet2022/training_data/68708_PV.wav,1,6.707815246935041,0.7768544647292264
/Users/somesh/Desktop/onehearthealth/ast-heart-quality/data_processed/PhysioNet2022/training_data/68708_TV.wav,1,4.773666021146081,0.70278578751345
/Users/somesh/Desktop/onehearthealth/ast-heart-quality/data_processed/PhysioNet2022/training_data/68755_AV.wav,1,4.872728064188485,0.706907467905579
/Users/somesh/Desktop/onehearthealth/ast-heart-quality/data_processed/PhysioNet2022/training_data/68755_MV.wav,1,8.379951956228908,0.8294672387730115
/Users/somesh/Desktop/onehearthealth/ast-heart-quality/data_processed/PhysioNet2022/training_data/68755_PV.wav,1,6.211545833005274,0.7591774085941541
/Users/somesh/Desktop/onehearthealth/ast-heart-quality/data_processed/PhysioNet2022/training_data/68755_TV.wav,1,2.7009116909326636,0.6096992327237762
/Users/somesh/Desktop/onehearthealth/ast-heart-quality/data_processed/PhysioNet2022/training_data/68757_AV.wav,1,2.9629084589438164,0.6220944158188327
/Users/somesh/Desktop/onehearthealth/ast-heart-quality/data_processed/PhysioNet2022/training_data/68757_PV.wav,1,9.145119462435357,0.8500367970319277
/Users/somesh/Desktop/onehearthealth/ast-heart-quality/data_processed/PhysioNet2022/training_data/68757_TV.wav,1,7.5610124277167685,0.8050354053032658
/Users/somesh/Desktop/onehearthealth/ast-heart-quality/data_processed/PhysioNet2022/training_data/68849_AV.wav,1,6.627782007399404,0.7740673951928259
/Users/somesh/Desktop/onehearthealth/ast-heart-quality/data_processed/PhysioNet2022/training_data/68849_MV.wav,1,11.781721047392725,0.9056985540381355
/Users/somesh/Desktop/onehearthealth/ast-heart-quality/data_processed/PhysioNet2022/training_data/68849_PV.wav,1,11.47986886077671,0.9004145831396354
/Users/somesh/Desktop/onehearthealth/ast-heart-quality/data_processed/PhysioNet2022/training_data/68849_TV.wav,1,5.433814776288487,0.7296068371912535
/Users/somesh/Desktop/onehearthealth/ast-heart-quality/data_processed/PhysioNet2022/training_data/68861_AV.wav,1,5.234188505036235,0.7216585480073288
/Users/somesh/Desktop/onehearthealth/ast-heart-quality/data_processed/PhysioNet2022/training_data/68861_MV.wav,1,4.576710318456337,0.6944926750742517
/Users/somesh/Desktop/onehearthealth/ast-heart-quality/data_processed/PhysioNet2022/training_data/68861_PV.wav,1,1.645312272288062,0.5584634204214642
/Users/somesh/Desktop/onehearthealth/ast-heart-quality/data_processed/PhysioNet2022/training_data/68861_TV.wav,1,7.7181829863907545,0.8099218400489089
/Users/somesh/Desktop/onehearthealth/ast-heart-quality/data_processed/PhysioNet2022/training_data/68887_AV.wav,1,5.223057645906666,0.7212111618866658
/Users/somesh/Desktop/onehearthealth/ast-heart-quality/data_processed/PhysioNet2022/training_data/68887_MV.wav,1,5.991352705182873,0.7510343280624279
/Users/somesh/Desktop/onehearthealth/ast-heart-quality/data_processed/PhysioNet2022/training_data/68887_TV.wav,1,5.205344335142202,0.7204982964075711
/Users/somesh/Desktop/onehearthealth/ast-heart-quality/data_processed/PhysioNet2022/training_data/68895_AV.wav,1,9.43281987052869,0.8572249151823348
/Users/somesh/Desktop/onehearthealth/ast-heart-quality/data_processed/PhysioNet2022/training_data/68895_MV.wav,1,5.645595833540969,0.7378811928458057
/Users/somesh/Desktop/onehearthealth/ast-heart-quality/data_processed/PhysioNet2022/training_data/68895_PV.wav,1,3.8145051224418784,0.6612269747607643
/Users/somesh/Desktop/onehearthealth/ast-heart-quality/data_processed/PhysioNet2022/training_data/68895_TV.wav,1,3.37711713741525,0.6413640027120235
/Users/somesh/Desktop/onehearthealth/ast-heart-quality/data_processed/PhysioNet2022/training_data/74417_AV.wav,1,4.491430137347711,0.6908618952609924
/Users/somesh/Desktop/onehearthealth/ast-heart-quality/data_processed/PhysioNet2022/training_data/74417_MV.wav,1,10.478932175025273,0.880970442544871
/Users/somesh/Desktop/onehearthealth/ast-heart-quality/data_processed/PhysioNet2022/training_data/74417_PV.wav,1,3.1203878751186553,0.6294699041146077
/Users/somesh/Desktop/onehearthealth/ast-heart-quality/data_processed/PhysioNet2022/training_data/74417_TV.wav,1,8.307865589766159,0.8274181986796294
/Users/somesh/Desktop/onehearthealth/ast-heart-quality/data_processed/PhysioNet2022/training_data/78280_AV.wav,1,11.575201828280193,0.9021112448920844
/Users/somesh/Desktop/onehearthealth/ast-heart-quality/data_processed/PhysioNet2022/training_data/78280_MV.wav,1,11.088888968902998,0.8931800607385145
/Users/somesh/Desktop/onehearthealth/ast-heart-quality/data_processed/PhysioNet2022/training_data/84693_AV.wav,1,4.964111657225226,0.7106798378710627
/Users/somesh/Desktop/onehearthealth/ast-heart-quality/data_processed/PhysioNet2022/training_data/84693_MV.wav,1,15.48914696597566,0.9527407842390608
/Users/somesh/Desktop/onehearthealth/ast-heart-quality/data_processed/PhysioNet2022/training_data/84693_PV.wav,1,4.946196903728551,0.7099425772883096
/Users/somesh/Desktop/onehearthealth/ast-heart-quality/data_processed/PhysioNet2022/training_data/84693_TV.wav,1,4.281757057259107,0.6818349198926601
/Users/somesh/Desktop/onehearthealth/ast-heart-quality/data_processed/PhysioNet2022/training_data/84708_AV.wav,1,10.20593367663765,0.8751248945686158
/Users/somesh/Desktop/onehearthealth/ast-heart-quality/data_processed/PhysioNet2022/training_data/84708_MV.wav,1,5.232706578886326,0.7215990099396776
/Users/somesh/Desktop/onehearthealth/ast-heart-quality/data_processed/PhysioNet2022/training_data/84718_AV.wav,1,5.2849635208993995,0.7236937593510488
/Users/somesh/Desktop/onehearthealth/ast-heart-quality/data_processed/PhysioNet2022/training_data/84718_MV.wav,1,3.4428326835952516,0.6443814812021601
/Users/somesh/Desktop/onehearthealth/ast-heart-quality/data_processed/PhysioNet2022/training_data/84718_PV.wav,1,10.03194396685063,0.8712722274460534
/Users/somesh/Desktop/onehearthealth/ast-heart-quality/data_processed/PhysioNet2022/training_data/84718_TV.wav,1,6.019850176767584,0.7520985041053365
/Users/somesh/Desktop/onehearthealth/ast-heart-quality/data_processed/PhysioNet2022/training_data/84751_AV.wav,1,6.374801339840318,0.7650962997961539
/Users/somesh/Desktop/onehearthealth/ast-heart-quality/data_processed/PhysioNet2022/training_data/84751_MV.wav,1,5.521702659461828,0.7330605260432564
/Users/somesh/Desktop/onehearthealth/ast-heart-quality/data_processed/PhysioNet2022/training_data/84751_PV.wav,1,5.517915926105638,0.7329123001768132
/Users/somesh/Desktop/onehearthealth/ast-heart-quality/data_processed/PhysioNet2022/training_data/84751_TV.wav,1,6.937177896204996,0.7847054570223543
/Users/somesh/Desktop/onehearthealth/ast-heart-quality/data_processed/PhysioNet2022/training_data/84753_AV.wav,1,4.946656234491348,0.7099614943795443
/Users/somesh/Desktop/onehearthealth/ast-heart-quality/data_processed/PhysioNet2022/training_data/84753_MV.wav,1,3.728011478822785,0.6573412175490527
/Users/somesh/Desktop/onehearthealth/ast-heart-quality/data_processed/PhysioNet2022/training_data/84753_PV.wav,1,3.749280732166284,0.6582987284767163
/Users/somesh/Desktop/onehearthealth/ast-heart-quality/data_processed/PhysioNet2022/training_data/84753_TV.wav,1,4.045426478414292,0.6714942456945323
/Users/somesh/Desktop/onehearthealth/ast-heart-quality/data_processed/PhysioNet2022/training_data/84754_AV.wav,1,4.7356278915036665,0.7011942748199442
/Users/somesh/Desktop/onehearthealth/ast-heart-quality/data_processed/PhysioNet2022/training_data/84754_MV.wav,1,6.031933524925542,0.7525488087611264
/Users/somesh/Desktop/onehearthealth/ast-heart-quality/data_processed/PhysioNet2022/training_data/84754_TV.wav,1,9.04622670023986,0.8474980475136117
/Users/somesh/Desktop/onehearthealth/ast-heart-quality/data_processed/PhysioNet2022/training_data/84755_MV.wav,1,4.721999749899007,0.7006228858347835
/Users/somesh/Desktop/onehearthealth/ast-heart-quality/data_processed/PhysioNet2022/training_data/84764_AV.wav,1,4.514030659527876,0.6918264280567242
/Users/somesh/Desktop/onehearthealth/ast-heart-quality/data_processed/PhysioNet2022/training_data/84764_MV.wav,1,5.204141398100841,0.7204498442245797
/Users/somesh/Desktop/onehearthealth/ast-heart-quality/data_processed/PhysioNet2022/training_data/84764_PV.wav,1,4.096914506889976,0.6737617672541044
/Users/somesh/Desktop/onehearthealth/ast-heart-quality/data_processed/PhysioNet2022/training_data/84764_TV.wav,1,7.547414183032091,0.8046081930043032
/Users/somesh/Desktop/onehearthealth/ast-heart-quality/data_processed/PhysioNet2022/training_data/84768_PV.wav,1,4.991418691678661,0.7118014862538812
/Users/somesh/Desktop/onehearthealth/ast-heart-quality/data_processed/PhysioNet2022/training_data/84768_TV.wav,1,6.3044857005861275,0.7625594029315449
/Users/somesh/Desktop/onehearthealth/ast-heart-quality/data_processed/PhysioNet2022/training_data/84769_MV.wav,1,9.989841516063379,0.8703248549271677
/Users/somesh/Desktop/onehearthealth/ast-heart-quality/data_processed/PhysioNet2022/training_data/84769_PV.wav,1,12.682891148319925,0.9200071382118576
/Users/somesh/Desktop/onehearthealth/ast-heart-quality/data_processed/PhysioNet2022/training_data/84775_AV.wav,1,5.721018874772252,0.7407882585354216
/Users/somesh/Desktop/onehearthealth/ast-heart-quality/data_processed/PhysioNet2022/training_data/84775_MV.wav,1,4.688328136227893,0.6992084529219376
/Users/somesh/Desktop/onehearthealth/ast-heart-quality/data_processed/PhysioNet2022/training_data/84775_PV.wav,1,4.111409500332229,0.6743986657446679
/Users/somesh/Desktop/onehearthealth/ast-heart-quality/data_processed/PhysioNet2022/training_data/84775_TV.wav,1,5.589240019418136,0.7356953711570409
/Users/somesh/Desktop/onehearthealth/ast-heart-quality/data_processed/PhysioNet2022/training_data/84779_AV.wav,1,4.823542762634482,0.7048651939720545
/Users/somesh/Desktop/onehearthealth/ast-heart-quality/data_processed/PhysioNet2022/training_data/84779_MV.wav,1,9.133602373533249,0.8497429337928881
/Users/somesh/Desktop/onehearthealth/ast-heart-quality/data_processed/PhysioNet2022/training_data/84779_PV.wav,1,6.70668064069663,0.7768151250953398
/Users/somesh/Desktop/onehearthealth/ast-heart-quality/data_processed/PhysioNet2022/training_data/84779_TV.wav,1,4.275045753323335,0.6815436640803986
/Users/somesh/Desktop/onehearthealth/ast-heart-quality/data_processed/PhysioNet2022/training_data/84780_AV.wav,1,8.12300401475974,0.8220745729853521
/Users/somesh/Desktop/onehearthealth/ast-heart-quality/data_processed/PhysioNet2022/training_data/84780_MV.wav,1,4.519058946602475,0.6920407954818705
/Users/somesh/Desktop/onehearthealth/ast-heart-quality/data_processed/PhysioNet2022/training_data/84780_PV.wav,1,8.510615330944809,0.8331319791646395
/Users/somesh/Desktop/onehearthealth/ast-heart-quality/data_processed/PhysioNet2022/training_data/84780_TV.wav,1,13.827996379184711,0.9353217174774232
/Users/somesh/Desktop/onehearthealth/ast-heart-quality/data_processed/PhysioNet2022/training_data/84784_AV.wav,1,3.1637027314344044,0.6314881579716257
/Users/somesh/Desktop/onehearthealth/ast-heart-quality/data_processed/PhysioNet2022/training_data/84784_MV.wav,1,7.950974664830599,0.8169862127657336
/Users/somesh/Desktop/onehearthealth/ast-heart-quality/data_processed/PhysioNet2022/training_data/84790_AV.wav,1,9.732566184668805,0.8644061868373971
/Users/somesh/Desktop/onehearthealth/ast-heart-quality/data_processed/PhysioNet2022/training_data/84802_AV.wav,1,3.296975842480587,0.6376689499729197
/Users/somesh/Desktop/onehearthealth/ast-heart-quality/data_processed/PhysioNet2022/training_data/84802_MV.wav,1,8.792344792629326,0.8408190344613121
/Users/somesh/Desktop/onehearthealth/ast-heart-quality/data_processed/PhysioNet2022/training_data/84802_PV.wav,1,3.78448141687754,0.6598805781116724
/Users/somesh/Desktop/onehearthealth/ast-heart-quality/data_processed/PhysioNet2022/training_data/84802_TV.wav,1,5.3901265898741535,0.7278796157895927
/Users/somesh/Desktop/onehearthealth/ast-heart-quality/data_processed/PhysioNet2022/training_data/84808_AV.wav,1,8.667503084521996,0.8374487067111361
/Users/somesh/Desktop/onehearthealth/ast-heart-quality/data_processed/PhysioNet2022/training_data/84808_MV.wav,1,6.377080838708692,0.7651782260023166
/Users/somesh/Desktop/onehearthealth/ast-heart-quality/data_processed/PhysioNet2022/training_data/84808_PV.wav,1,4.595922543391016,0.6953073268010809
/Users/somesh/Desktop/onehearthealth/ast-heart-quality/data_processed/PhysioNet2022/training_data/84808_TV.wav,1,5.534717753163378,0.7335695829035709
/Users/somesh/Desktop/onehearthealth/ast-heart-quality/data_processed/PhysioNet2022/training_data/84813_AV.wav,1,4.694529875859278,0.6994692534527673
/Users/somesh/Desktop/onehearthealth/ast-heart-quality/data_processed/PhysioNet2022/training_data/84813_MV.wav,1,8.833036656048233,0.8419052747638965
/Users/somesh/Desktop/onehearthealth/ast-heart-quality/data_processed/PhysioNet2022/training_data/84813_PV.wav,1,5.283151751911447,0.7236212968136078
/Users/somesh/Desktop/onehearthealth/ast-heart-quality/data_processed/PhysioNet2022/training_data/84813_TV.wav,1,3.2653987346961406,0.6362085242303002
/Users/somesh/Desktop/onehearthealth/ast-heart-quality/data_processed/PhysioNet2022/training_data/84814_AV.wav,1,8.924001083957293,0.8443117269887482
/Users/somesh/Desktop/onehearthealth/ast-heart-quality/data_processed/PhysioNet2022/training_data/84814_PV.wav,1,4.426386884455179,0.6880767392977472
/Users/somesh/Desktop/onehearthealth/ast-heart-quality/data_processed/PhysioNet2022/training_data/84815_AV.wav,1,4.850678899874267,0.7059929647871638
/Users/somesh/Desktop/onehearthealth/ast-heart-quality/data_processed/PhysioNet2022/training_data/84815_MV.wav,1,4.8134934566459755,0.7044469099521197
/Users/somesh/Desktop/onehearthealth/ast-heart-quality/data_processed/PhysioNet2022/training_data/84815_PV.wav,1,4.061683461371103,0.6722110700404934
/Users/somesh/Desktop/onehearthealth/ast-heart-quality/data_processed/PhysioNet2022/training_data/84815_TV.wav,1,3.4054233204309363,0.6426651341846954
/Users/somesh/Desktop/onehearthealth/ast-heart-quality/data_processed/PhysioNet2022/training_data/84824_AV.wav,1,7.271817028673361,0.7957969465153725
/Users/somesh/Desktop/onehearthealth/ast-heart-quality/data_processed/PhysioNet2022/training_data/84824_MV.wav,1,5.540792640365681,0.7338069770757537
/Users/somesh/Desktop/onehearthealth/ast-heart-quality/data_processed/PhysioNet2022/training_data/84826_AV.wav,1,8.513443738219523,0.8332106071260589
/Users/somesh/Desktop/onehearthealth/ast-heart-quality/data_processed/PhysioNet2022/training_data/84826_MV.wav,1,4.619671823276674,0.6963126732359652
/Users/somesh/Desktop/onehearthealth/ast-heart-quality/data_processed/PhysioNet2022/training_data/84826_PV.wav,1,4.044821739015311,0.6714675652817776
/Users/somesh/Desktop/onehearthealth/ast-heart-quality/data_processed/PhysioNet2022/training_data/84826_TV.wav,1,3.662797856192468,0.654397426086145
/Users/somesh/Desktop/onehearthealth/ast-heart-quality/data_processed/PhysioNet2022/training_data/84834_AV.wav,1,5.280559072354231,0.723517580969591
/Users/somesh/Desktop/onehearthealth/ast-heart-quality/data_processed/PhysioNet2022/training_data/84834_MV.wav,1,7.382629145098469,0.7993748310935943
/Users/somesh/Desktop/onehearthealth/ast-heart-quality/data_processed/PhysioNet2022/training_data/84834_PV.wav,1,6.807885737412874,0.7803047078235676
/Users/somesh/Desktop/onehearthealth/ast-heart-quality/data_processed/PhysioNet2022/training_data/84834_TV.wav,1,3.207069633520163,0.6335042359566051
/Users/somesh/Desktop/onehearthealth/ast-heart-quality/data_processed/PhysioNet2022/training_data/84855_MV.wav,1,7.655694921552665,0.8079903959750379
/Users/somesh/Desktop/onehearthealth/ast-heart-quality/data_processed/PhysioNet2022/training_data/84855_PV.wav,1,4.094581759187086,0.6736592081575928
/Users/somesh/Desktop/onehearthealth/ast-heart-quality/data_processed/PhysioNet2022/training_data/84855_TV.wav,1,6.0739282196652455,0.7541095319159936
/Users/somesh/Desktop/onehearthealth/ast-heart-quality/data_processed/PhysioNet2022/training_data/84856_AV.wav,1,4.703332849019365,0.6998392215787186
/Users/somesh/Desktop/onehearthealth/ast-heart-quality/data_processed/PhysioNet2022/training_data/84856_MV.wav,1,9.864349539274816,0.8674658393194505
/Users/somesh/Desktop/onehearthealth/ast-heart-quality/data_processed/PhysioNet2022/training_data/84856_PV.wav,1,9.632368182914911,0.8620401840493057
/Users/somesh/Desktop/onehearthealth/ast-heart-quality/data_processed/PhysioNet2022/training_data/84856_TV.wav,1,15.270455578686768,0.9507319756821722
/Users/somesh/Desktop/onehearthealth/ast-heart-quality/data_processed/PhysioNet2022/training_data/84857_AV.wav,1,3.59721518319437,0.6514249947701818
/Users/somesh/Desktop/onehearthealth/ast-heart-quality/data_processed/PhysioNet2022/training_data/84857_MV.wav,1,4.272285353684432,0.6814238275972465
/Users/somesh/Desktop/onehearthealth/ast-heart-quality/data_processed/PhysioNet2022/training_data/84868_AV.wav,1,3.8773073761179906,0.6640348662323887
/Users/somesh/Desktop/onehearthealth/ast-heart-quality/data_processed/PhysioNet2022/training_data/84868_MV.wav,1,5.680043992623944,0.7392115484214715
/Users/somesh/Desktop/onehearthealth/ast-heart-quality/data_processed/PhysioNet2022/training_data/84868_PV.wav,1,13.199682494703337,0.9272910024480913
/Users/somesh/Desktop/onehearthealth/ast-heart-quality/data_processed/PhysioNet2022/training_data/84868_TV.wav,1,8.741036521639481,0.8394407820213421
/Users/somesh/Desktop/onehearthealth/ast-heart-quality/data_processed/PhysioNet2022/training_data/84874_AV.wav,1,12.740281999425697,0.9208478007244815
/Users/somesh/Desktop/onehearthealth/ast-heart-quality/data_processed/PhysioNet2022/training_data/84874_MV.wav,1,12.52989304211195,0.9177260508847156
/Users/somesh/Desktop/onehearthealth/ast-heart-quality/data_processed/PhysioNet2022/training_data/84874_PV.wav,1,3.9847878127793033,0.6688134496356435
/Users/somesh/Desktop/onehearthealth/ast-heart-quality/data_processed/PhysioNet2022/training_data/84874_TV.wav,1,4.790633582625395,0.7034941291887903
/Users/somesh/Desktop/onehearthealth/ast-heart-quality/data_processed/PhysioNet2022/training_data/84875_PV.wav,1,3.819534764224456,0.6614522720516486
/Users/somesh/Desktop/onehearthealth/ast-heart-quality/data_processed/PhysioNet2022/training_data/84875_TV.wav,1,4.569745044010593,0.6941970269426048
/Users/somesh/Desktop/onehearthealth/ast-heart-quality/data_processed/PhysioNet2022/training_data/84876_AV.wav,1,4.056560191975265,0.6719852545479682
/Users/somesh/Desktop/onehearthealth/ast-heart-quality/data_processed/PhysioNet2022/training_data/84876_MV.wav,1,14.522046492404902,0.943228551883084
/Users/somesh/Desktop/onehearthealth/ast-heart-quality/data_processed/PhysioNet2022/training_data/84882_AV.wav,1,9.7464610028023,0.8647315742502084
/Users/somesh/Desktop/onehearthealth/ast-heart-quality/data_processed/PhysioNet2022/training_data/84882_MV.wav,1,3.703444695140467,0.6562336607008357
/Users/somesh/Desktop/onehearthealth/ast-heart-quality/data_processed/PhysioNet2022/training_data/84882_PV.wav,1,5.625384982538398,0.737098635040094
/Users/somesh/Desktop/onehearthealth/ast-heart-quality/data_processed/PhysioNet2022/training_data/84882_TV.wav,1,14.0223827999144,0.937634171355357
/Users/somesh/Desktop/onehearthealth/ast-heart-quality/data_processed/PhysioNet2022/training_data/84883_AV.wav,1,2.797096573829787,0.6142672000341538
/Users/somesh/Desktop/onehearthealth/ast-heart-quality/data_processed/PhysioNet2022/training_data/84883_MV.wav,1,4.713831511864017,0.7002801152356923
/Users/somesh/Desktop/onehearthealth/ast-heart-quality/data_processed/PhysioNet2022/training_data/84883_PV.wav,1,3.3691081272027743,0.6409954788943565
/Users/somesh/Desktop/onehearthealth/ast-heart-quality/data_processed/PhysioNet2022/training_data/84883_TV.wav,1,3.1980081712773325,0.6330833623086445
/Users/somesh/Desktop/onehearthealth/ast-heart-quality/data_processed/PhysioNet2022/training_data/84884_AV.wav,1,12.029143925681812,0.9098409590400744
/Users/somesh/Desktop/onehearthealth/ast-heart-quality/data_processed/PhysioNet2022/training_data/84884_MV.wav,1,9.646167301734025,0.8623680735237571
/Users/somesh/Desktop/onehearthealth/ast-heart-quality/data_processed/PhysioNet2022/training_data/84884_PV.wav,1,4.362865921346751,0.6853435810201143
/Users/somesh/Desktop/onehearthealth/ast-heart-quality/data_processed/PhysioNet2022/training_data/84884_TV.wav,1,14.532341982280158,0.9433387128122783
/Users/somesh/Desktop/onehearthealth/ast-heart-quality/data_processed/PhysioNet2022/training_data/84919_PV.wav,1,3.1835467238065815,0.6324112575637011
/Users/somesh/Desktop/onehearthealth/ast-heart-quality/data_processed/PhysioNet2022/training_data/84919_TV.wav,1,4.922417660052622,0.7089622563913595
/Users/somesh/Desktop/onehearthealth/ast-heart-quality/data_processed/PhysioNet2022/training_data/84923_AV.wav,1,6.377911367240294,0.7652080706454313
/Users/somesh/Desktop/onehearthealth/ast-heart-quality/data_processed/PhysioNet2022/training_data/84923_MV.wav,1,5.071306354827019,0.7150679958104821
/Users/somesh/Desktop/onehearthealth/ast-heart-quality/data_processed/PhysioNet2022/training_data/84923_PV.wav,1,4.0883274715018185,0.6733841568236498
/Users/somesh/Desktop/onehearthealth/ast-heart-quality/data_processed/PhysioNet2022/training_data/84923_TV.wav,1,10.988017321532537,0.8912399155565442
/Users/somesh/Desktop/onehearthealth/ast-heart-quality/data_processed/PhysioNet2022/training_data/84942_AV.wav,1,9.80356757877587,0.8660619789768195
/Users/somesh/Desktop/onehearthealth/ast-heart-quality/data_processed/PhysioNet2022/training_data/84942_PV.wav,1,8.885456443580118,0.8432957009712854
/Users/somesh/Desktop/onehearthealth/ast-heart-quality/data_processed/PhysioNet2022/training_data/84942_TV.wav,1,7.328125534068019,0.7976209245911121
/Users/somesh/Desktop/onehearthealth/ast-heart-quality/data_processed/PhysioNet2022/training_data/84946_AV.wav,1,5.124673186001537,0.7172376478631564
/Users/somesh/Desktop/onehearthealth/ast-heart-quality/data_processed/PhysioNet2022/training_data/84946_MV.wav,1,3.574565136043238,0.6503956590759913
/Users/somesh/Desktop/onehearthealth/ast-heart-quality/data_processed/PhysioNet2022/training_data/84946_PV.wav,1,10.65041918114266,0.8845201902196832
/Users/somesh/Desktop/onehearthealth/ast-heart-quality/data_processed/PhysioNet2022/training_data/84946_TV.wav,1,7.782669373874126,0.8118994238605982
/Users/somesh/Desktop/onehearthealth/ast-heart-quality/data_processed/PhysioNet2022/training_data/84949_AV.wav,1,4.706134889717446,0.6999569301287254
/Users/somesh/Desktop/onehearthealth/ast-heart-quality/data_processed/PhysioNet2022/training_data/84949_MV.wav,1,5.666166795870469,0.7386761501155574
/Users/somesh/Desktop/onehearthealth/ast-heart-quality/data_processed/PhysioNet2022/training_data/84949_PV.wav,1,16.611499969298162,0.9618805560900291
/Users/somesh/Desktop/onehearthealth/ast-heart-quality/data_processed/PhysioNet2022/training_data/84949_TV.wav,1,4.0416079711079,0.6713257589416148
/Users/somesh/Desktop/onehearthealth/ast-heart-quality/data_processed/PhysioNet2022/training_data/84950_AV.wav,1,3.1733749836350187,0.6319382109908904
/Users/somesh/Desktop/onehearthealth/ast-heart-quality/data_processed/PhysioNet2022/training_data/84950_PV.wav,1,8.412242684260764,0.8303788093535276
/Users/somesh/Desktop/onehearthealth/ast-heart-quality/data_processed/PhysioNet2022/training_data/84950_TV.wav,1,5.59370963541949,0.7358691558332876
/Users/somesh/Desktop/onehearthealth/ast-heart-quality/data_processed/PhysioNet2022/training_data/84961_AV.wav,1,7.8262500521316625,0.8132269239071162
/Users/somesh/Desktop/onehearthealth/ast-heart-quality/data_processed/PhysioNet2022/training_data/84961_MV.wav,1,6.854839635120449,0.7819103240817541
/Users/somesh/Desktop/onehearthealth/ast-heart-quality/data_processed/PhysioNet2022/training_data/84961_PV.wav,1,4.293485542112172,0.6823435689687679
/Users/somesh/Desktop/onehearthealth/ast-heart-quality/data_processed/PhysioNet2022/training_data/84961_TV.wav,1,3.7089980633585924,0.6564841752306382
/Users/somesh/Desktop/onehearthealth/ast-heart-quality/data_processed/PhysioNet2022/training_data/84962_AV.wav,1,4.381882689200489,0.6861631869361476
/Users/somesh/Desktop/onehearthealth/ast-heart-quality/data_processed/PhysioNet2022/training_data/84962_MV.wav,1,4.883720776475236,0.7073627750774466
/Users/somesh/Desktop/onehearthealth/ast-heart-quality/data_processed/PhysioNet2022/training_data/84962_PV.wav,1,5.005302711643079,0.7123707849989678
/Users/somesh/Desktop/onehearthealth/ast-heart-quality/data_processed/PhysioNet2022/training_data/84962_TV.wav,1,4.994845884221243,0.7119420767829128
/Users/somesh/Desktop/onehearthealth/ast-heart-quality/data_processed/PhysioNet2022/training_data/84965_AV.wav,1,6.643313980140384,0.7746102008512332
/Users/somesh/Desktop/onehearthealth/ast-heart-quality/data_processed/PhysioNet2022/training_data/84965_MV.wav,1,3.779728472185152,0.6596671972269644
/Users/somesh/Desktop/onehearthealth/ast-heart-quality/data_processed/PhysioNet2022/training_data/84965_PV.wav,1,4.0069044385219605,0.6697924924237308
/Users/somesh/Desktop/onehearthealth/ast-heart-quality/data_processed/PhysioNet2022/training_data/84965_TV.wav,1,5.828820710612485,0.7449067614351811
/Users/somesh/Desktop/onehearthealth/ast-heart-quality/data_processed/PhysioNet2022/training_data/84966_AV.wav,1,4.954249146270895,0.7102740953124861
/Users/somesh/Desktop/onehearthealth/ast-heart-quality/data_processed/PhysioNet2022/training_data/84966_PV.wav,1,7.955483046319763,0.8171209926404015
/Users/somesh/Desktop/onehearthealth/ast-heart-quality/data_processed/PhysioNet2022/training_data/84971_MV.wav,1,5.431867798160937,0.7295300100815737
/Users/somesh/Desktop/onehearthealth/ast-heart-quality/data_processed/PhysioNet2022/training_data/84971_PV.wav,1,8.401582068199245,0.8300782885597421
/Users/somesh/Desktop/onehearthealth/ast-heart-quality/data_processed/PhysioNet2022/training_data/84971_TV.wav,1,2.37498156265469,0.5940810162455223
/Users/somesh/Desktop/onehearthealth/ast-heart-quality/data_processed/PhysioNet2022/training_data/84976_AV.wav,1,4.460730664323171,0.6895490529468901
/Users/somesh/Desktop/onehearthealth/ast-heart-quality/data_processed/PhysioNet2022/training_data/84976_MV.wav,1,3.666258989062781,0.6545539643046114
/Users/somesh/Desktop/onehearthealth/ast-heart-quality/data_processed/PhysioNet2022/training_data/84976_PV.wav,1,12.052735858884265,0.910227262382807
/Users/somesh/Desktop/onehearthealth/ast-heart-quality/data_processed/PhysioNet2022/training_data/84976_TV.wav,1,8.162484637090866,0.8232265873570077
/Users/somesh/Desktop/onehearthealth/ast-heart-quality/data_processed/PhysioNet2022/training_data/84991_AV.wav,1,7.358342643176029,0.7985947100686845
/Users/somesh/Desktop/onehearthealth/ast-heart-quality/data_processed/PhysioNet2022/training_data/84991_MV.wav,1,4.7837401880904,0.7032064697052262
/Users/somesh/Desktop/onehearthealth/ast-heart-quality/data_processed/PhysioNet2022/training_data/84991_PV.wav,1,5.895979362698926,0.7474506614987235
/Users/somesh/Desktop/onehearthealth/ast-heart-quality/data_processed/PhysioNet2022/training_data/84991_TV.wav,1,6.895963183266897,0.7833096032978148
/Users/somesh/Desktop/onehearthealth/ast-heart-quality/data_processed/PhysioNet2022/training_data/84993_AV.wav,1,3.9700637196088913,0.6681608424062025
/Users/somesh/Desktop/onehearthealth/ast-heart-quality/data_processed/PhysioNet2022/training_data/84993_MV.wav,1,10.595608386289596,0.8833957405178123
/Users/somesh/Desktop/onehearthealth/ast-heart-quality/data_processed/PhysioNet2022/training_data/84993_PV.wav,1,9.180121100634167,0.850926973583465
/Users/somesh/Desktop/onehearthealth/ast-heart-quality/data_processed/PhysioNet2022/training_data/84993_TV.wav,1,8.215012536734267,0.8247502196076396
/Users/somesh/Desktop/onehearthealth/ast-heart-quality/data_processed/PhysioNet2022/training_data/84996_AV.wav,1,7.547198394288927,0.80460140791934
/Users/somesh/Desktop/onehearthealth/ast-heart-quality/data_processed/PhysioNet2022/training_data/84996_MV.wav,1,10.426641369265798,0.8798694070845796
/Users/somesh/Desktop/onehearthealth/ast-heart-quality/data_processed/PhysioNet2022/training_data/84996_PV.wav,1,6.069742520759823,0.7539542694520216
/Users/somesh/Desktop/onehearthealth/ast-heart-quality/data_processed/PhysioNet2022/training_data/84996_TV.wav,1,5.878821726427951,0.7468023485099968
/Users/somesh/Desktop/onehearthealth/ast-heart-quality/data_processed/PhysioNet2022/training_data/85012_AV.wav,1,1.6428984051341482,0.5583443738118801
/Users/somesh/Desktop/onehearthealth/ast-heart-quality/data_processed/PhysioNet2022/training_data/85012_MV.wav,1,11.070072213290093,0.8928204698629049
/Users/somesh/Desktop/onehearthealth/ast-heart-quality/data_processed/PhysioNet2022/training_data/85012_PV.wav,1,6.510056582414151,0.7699231130819225
/Users/somesh/Desktop/onehearthealth/ast-heart-quality/data_processed/PhysioNet2022/training_data/85012_TV.wav,1,3.7151761933614527,0.6567627706862783
/Users/somesh/Desktop/onehearthealth/ast-heart-quality/data_processed/PhysioNet2022/training_data/85026_AV.wav,1,4.87368569302202,0.7069471484224771
/Users/somesh/Desktop/onehearthealth/ast-heart-quality/data_processed/PhysioNet2022/training_data/85026_MV.wav,1,7.805035238719094,0.8125816083345678
/Users/somesh/Desktop/onehearthealth/ast-heart-quality/data_processed/PhysioNet2022/training_data/85029_AV.wav,1,6.233740005579417,0.7599880138183983
/Users/somesh/Desktop/onehearthealth/ast-heart-quality/data_processed/PhysioNet2022/training_data/85029_MV.wav,1,3.033133227613063,0.6253905789972429
/Users/somesh/Desktop/onehearthealth/ast-heart-quality/data_processed/PhysioNet2022/training_data/85029_PV.wav,1,5.415314854240259,0.7288762818719776
/Users/somesh/Desktop/onehearthealth/ast-heart-quality/data_processed/PhysioNet2022/training_data/85029_TV.wav,1,6.504173295422282,0.769714612012715
/Users/somesh/Desktop/onehearthealth/ast-heart-quality/data_processed/PhysioNet2022/training_data/85034_AV.wav,1,8.924953000862377,0.8443367511361118
/Users/somesh/Desktop/onehearthealth/ast-heart-quality/data_processed/PhysioNet2022/training_data/85034_MV.wav,1,8.838260159216121,0.8420442755741641
/Users/somesh/Desktop/onehearthealth/ast-heart-quality/data_processed/PhysioNet2022/training_data/85035_AV.wav,1,4.368289586554122,0.6855774542246806
/Users/somesh/Desktop/onehearthealth/ast-heart-quality/data_processed/PhysioNet2022/training_data/85035_MV.wav,1,10.819878937846232,0.8879371992505514
/Users/somesh/Desktop/onehearthealth/ast-heart-quality/data_processed/PhysioNet2022/training_data/85035_PV.wav,1,5.626025200101479,0.7371234471012208
/Users/somesh/Desktop/onehearthealth/ast-heart-quality/data_processed/PhysioNet2022/training_data/85035_TV.wav,1,11.052887610232446,0.8924911394837156
/Users/somesh/Desktop/onehearthealth/ast-heart-quality/data_processed/PhysioNet2022/training_data/85063_MV.wav,1,3.495593702444484,0.6467958599644192
/Users/somesh/Desktop/onehearthealth/ast-heart-quality/data_processed/PhysioNet2022/training_data/85080_AV.wav,1,9.586275748205257,0.8609401945431245
/Users/somesh/Desktop/onehearthealth/ast-heart-quality/data_processed/PhysioNet2022/training_data/85080_MV.wav,1,3.3549094246110083,0.6403417357122535
/Users/somesh/Desktop/onehearthealth/ast-heart-quality/data_processed/PhysioNet2022/training_data/85080_PV.wav,1,5.2785146535901974,0.723435780433416
/Users/somesh/Desktop/onehearthealth/ast-heart-quality/data_processed/PhysioNet2022/training_data/85080_TV.wav,1,4.925221879283266,0.7090779644169294
/Users/somesh/Desktop/onehearthealth/ast-heart-quality/data_processed/PhysioNet2022/training_data/85094_AV.wav,1,3.9289709350238615,0.6663360964959986
/Users/somesh/Desktop/onehearthealth/ast-heart-quality/data_processed/PhysioNet2022/training_data/85094_MV.wav,1,3.8921358357131175,0.6646961678500217
/Users/somesh/Desktop/onehearthealth/ast-heart-quality/data_processed/PhysioNet2022/training_data/85094_PV.wav,1,6.408908756370942,0.7663200659903074
/Users/somesh/Desktop/onehearthealth/ast-heart-quality/data_processed/PhysioNet2022/training_data/85094_TV.wav,1,3.1893167792120436,0.6326794863402155
/Users/somesh/Desktop/onehearthealth/ast-heart-quality/data_processed/PhysioNet2022/training_data/85096_AV.wav,1,8.928291533701168,0.8444244891048654
/Users/somesh/Desktop/onehearthealth/ast-heart-quality/data_processed/PhysioNet2022/training_data/85096_MV.wav,1,6.629273653750849,0.7741195648567816
/Users/somesh/Desktop/onehearthealth/ast-heart-quality/data_processed/PhysioNet2022/training_data/85096_PV.wav,1,3.5809975986316327,0.650688126590838
/Users/somesh/Desktop/onehearthealth/ast-heart-quality/data_processed/PhysioNet2022/training_data/85096_TV.wav,1,4.528942141517801,0.69246189745446
/Users/somesh/Desktop/onehearthealth/ast-heart-quality/data_processed/PhysioNet2022/training_data/85100_AV.wav,1,4.042748860675838,0.6713761038558863
/Users/somesh/Desktop/onehearthealth/ast-heart-quality/data_processed/PhysioNet2022/training_data/85100_PV.wav,1,4.80386529273267,0.7040458326173293
/Users/somesh/Desktop/onehearthealth/ast-heart-quality/data_processed/PhysioNet2022/training_data/85102_AV.wav,1,17.023387537539435,0.9647887422577722
/Users/somesh/Desktop/onehearthealth/ast-heart-quality/data_processed/PhysioNet2022/training_data/85102_MV.wav,1,9.647627782138668,0.862402738556884
/Users/somesh/Desktop/onehearthealth/ast-heart-quality/data_processed/PhysioNet2022/training_data/85102_PV.wav,1,3.981448303963476,0.6686654913695477
/Users/somesh/Desktop/onehearthealth/ast-heart-quality/data_processed/PhysioNet2022/training_data/85102_TV.wav,1,9.188019209019622,0.8511272379481019
/Users/somesh/Desktop/onehearthealth/ast-heart-quality/data_processed/PhysioNet2022/training_data/85103_AV.wav,1,10.423341163459263,0.8797996237455062
/Users/somesh/Desktop/onehearthealth/ast-heart-quality/data_processed/PhysioNet2022/training_data/85103_PV.wav,1,15.598786413861722,0.9537183604165651
/Users/somesh/Desktop/onehearthealth/ast-heart-quality/data_processed/PhysioNet2022/training_data/85103_TV.wav,1,2.6925515246798026,0.6093012726268531
/Users/somesh/Desktop/onehearthealth/ast-heart-quality/data_processed/PhysioNet2022/training_data/85108_AV.wav,1,5.503015338120099,0.7323285318478064
/Users/somesh/Desktop/onehearthealth/ast-heart-quality/data_processed/PhysioNet2022/training_data/85108_MV.wav,1,9.743664002934548,0.864666127392262
/Users/somesh/Desktop/onehearthealth/ast-heart-quality/data_processed/PhysioNet2022/training_data/85108_PV.wav,1,7.539789551125933,0.8043683420933573
/Users/somesh/Desktop/onehearthealth/ast-heart-quality/data_processed/PhysioNet2022/training_data/85108_TV.wav,1,4.466461870572106,0.6897943768087744
/Users/somesh/Desktop/onehearthealth/ast-heart-quality/data_processed/PhysioNet2022/training_data/85113_AV.wav,1,10.045757928374883,0.8715817760420641
/Users/somesh/Desktop/onehearthealth/ast-heart-quality/data_processed/PhysioNet2022/training_data/85113_MV.wav,1,3.6487112902478365,0.6537599816352844
/Users/somesh/Desktop/onehearthealth/ast-heart-quality/data_processed/PhysioNet2022/training_data/85113_PV.wav,1,4.744669603601968,0.7015730223834867
/Users/somesh/Desktop/onehearthealth/ast-heart-quality/data_processed/PhysioNet2022/training_data/85113_TV.wav,1,2.416645414307794,0.596088867813757
/Users/somesh/Desktop/onehearthealth/ast-heart-quality/data_processed/PhysioNet2022/training_data/85115_AV.wav,1,6.766175622423905,0.7788712974614167
/Users/somesh/Desktop/onehearthealth/ast-heart-quality/data_processed/PhysioNet2022/training_data/85115_MV.wav,1,3.6730344175463885,0.6548603026899711
/Users/somesh/Desktop/onehearthealth/ast-heart-quality/data_processed/PhysioNet2022/training_data/85115_PV.wav,1,8.102916453304154,0.8214861790661767
/Users/somesh/Desktop/onehearthealth/ast-heart-quality/data_processed/PhysioNet2022/training_data/85115_TV.wav,1,1.5796530258541115,0.555222901101281
/Users/somesh/Desktop/onehearthealth/ast-heart-quality/data_processed/PhysioNet2022/training_data/85116_AV.wav,1,6.090282499716929,0.7547155371103619
/Users/somesh/Desktop/onehearthealth/ast-heart-quality/data_processed/PhysioNet2022/training_data/85116_MV.wav,1,8.122121817649589,0.8220487640827968
/Users/somesh/Desktop/onehearthealth/ast-heart-quality/data_processed/PhysioNet2022/training_data/85116_PV.wav,1,1.6418087393841758,0.5582906317000704
/Users/somesh/Desktop/onehearthealth/ast-heart-quality/data_processed/PhysioNet2022/training_data/85116_TV.wav,1,3.0432258826103773,0.6258633549709774
/Users/somesh/Desktop/onehearthealth/ast-heart-quality/data_processed/PhysioNet2022/training_data/85118_AV.wav,1,6.089780837985748,0.7546969631122473
/Users/somesh/Desktop/onehearthealth/ast-heart-quality/data_processed/PhysioNet2022/training_data/85118_MV.wav,1,9.506578996664594,0.859020899479139
/Users/somesh/Desktop/onehearthealth/ast-heart-quality/data_processed/PhysioNet2022/training_data/85118_PV.wav,1,10.394860800070862,0.8791959469257247
/Users/somesh/Desktop/onehearthealth/ast-heart-quality/data_processed/PhysioNet2022/training_data/85118_TV.wav,1,4.266827909179555,0.6811868343919181
/Users/somesh/Desktop/onehearthealth/ast-heart-quality/data_processed/PhysioNet2022/training_data/85132_AV.wav,1,3.3485509202264665,0.6400488054221121
/Users/somesh/Desktop/onehearthealth/ast-heart-quality/data_processed/PhysioNet2022/training_data/85132_MV.wav,1,6.622803130611592,0.7738931994399493
/Users/somesh/Desktop/onehearthealth/ast-heart-quality/data_processed/PhysioNet2022/training_data/85132_PV.wav,1,4.046415437170015,0.6715378750422101
/Users/somesh/Desktop/onehearthealth/ast-heart-quality/data_processed/PhysioNet2022/training_data/85132_TV.wav,1,4.8586858706358615,0.7063252515201635
/Users/somesh/Desktop/onehearthealth/ast-heart-quality/data_processed/PhysioNet2022/training_data/85161_AV.wav,1,5.449944060550768,0.7302427649205783
/Users/somesh/Desktop/onehearthealth/ast-heart-quality/data_processed/PhysioNet2022/training_data/85161_MV.wav,1,7.790967356352823,0.8121527441783016
/Users/somesh/Desktop/onehearthealth/ast-heart-quality/data_processed/PhysioNet2022/training_data/85161_PV.wav,1,4.448679944851508,0.689032875094954
/Users/somesh/Desktop/onehearthealth/ast-heart-quality/data_processed/PhysioNet2022/training_data/85161_TV.wav,1,6.304638197413413,0.7625649251805089
/Users/somesh/Desktop/onehearthealth/ast-heart-quality/data_processed/PhysioNet2022/training_data/85162_AV.wav,1,6.132775659240371,0.7562853960322329
/Users/somesh/Desktop/onehearthealth/ast-heart-quality/data_processed/PhysioNet2022/training_data/85162_MV.wav,1,6.49955000616251,0.7695506718098937
/Users/somesh/Desktop/onehearthealth/ast-heart-quality/data_processed/PhysioNet2022/training_data/85162_PV.wav,1,4.497300814749445,0.691112601203497
/Users/somesh/Desktop/onehearthealth/ast-heart-quality/data_processed/PhysioNet2022/training_data/85162_TV.wav,1,3.285492371545512,0.6371381374726476
/Users/somesh/Desktop/onehearthealth/ast-heart-quality/data_processed/PhysioNet2022/training_data/85163_AV.wav,1,5.910927911385555,0.7480146059057184
/Users/somesh/Desktop/onehearthealth/ast-heart-quality/data_processed/PhysioNet2022/training_data/85163_MV.wav,1,7.289046149484432,0.7963563365787204
/Users/somesh/Desktop/onehearthealth/ast-heart-quality/data_processed/PhysioNet2022/training_data/85163_PV.wav,1,11.751461047965009,0.9051803900367773
/Users/somesh/Desktop/onehearthealth/ast-heart-quality/data_processed/PhysioNet2022/training_data/85163_TV.wav,1,3.596958151211936,0.6514133218046589
/Users/somesh/Desktop/onehearthealth/ast-heart-quality/data_processed/PhysioNet2022/training_data/85175_AV.wav,1,4.23036265477796,0.6796009041985445
/Users/somesh/Desktop/onehearthealth/ast-heart-quality/data_processed/PhysioNet2022/training_data/85175_MV.wav,1,5.548699591766462,0.7341157626004193
/Users/somesh/Desktop/onehearthealth/ast-heart-quality/data_processed/PhysioNet2022/training_data/85175_PV.wav,1,6.283442108392513,0.7617965197076845
/Users/somesh/Desktop/onehearthealth/ast-heart-quality/data_processed/PhysioNet2022/training_data/85175_TV.wav,1,7.244646683162567,0.7949124681282819
/Users/somesh/Desktop/onehearthealth/ast-heart-quality/data_processed/PhysioNet2022/training_data/85186_AV.wav,1,4.604690968630745,0.6956787265288713
/Users/somesh/Desktop/onehearthealth/ast-heart-quality/data_processed/PhysioNet2022/training_data/85186_PV.wav,1,5.833367840661116,0.7450795326900125
/Users/somesh/Desktop/onehearthealth/ast-heart-quality/data_processed/PhysioNet2022/training_data/85186_TV.wav,1,4.035967807433089,0.671076813271304
/Users/somesh/Desktop/onehearthealth/ast-heart-quality/data_processed/PhysioNet2022/training_data/85198_AV.wav,1,6.399061318083429,0.7659671977307957
/Users/somesh/Desktop/onehearthealth/ast-heart-quality/data_processed/PhysioNet2022/training_data/85198_MV.wav,1,9.349547073673738,0.8551744057127236
/Users/somesh/Desktop/onehearthealth/ast-heart-quality/data_processed/PhysioNet2022/training_data/85198_PV.wav,1,3.5223502973953345,0.6480174115012213
/Users/somesh/Desktop/onehearthealth/ast-heart-quality/data_processed/PhysioNet2022/training_data/85198_TV.wav,1,11.215639261868539,0.8955746996961703
/Users/somesh/Desktop/onehearthealth/ast-heart-quality/data_processed/PhysioNet2022/training_data/85207_AV.wav,1,3.200465622743036,0.6331975225388039
/Users/somesh/Desktop/onehearthealth/ast-heart-quality/data_processed/PhysioNet2022/training_data/85207_MV.wav,1,6.14043548433491,0.7565676535724987
/Users/somesh/Desktop/onehearthealth/ast-heart-quality/data_processed/PhysioNet2022/training_data/85207_PV.wav,1,14.046064988563035,0.9379105674228816
/Users/somesh/Desktop/onehearthealth/ast-heart-quality/data_processed/PhysioNet2022/training_data/85207_TV.wav,1,9.180742423394097,0.8509427358867159
/Users/somesh/Desktop/onehearthealth/ast-heart-quality/data_processed/PhysioNet2022/training_data/85216_AV.wav,1,15.672788560217603,0.9543672767104499
/Users/somesh/Desktop/onehearthealth/ast-heart-quality/data_processed/PhysioNet2022/training_data/85216_MV.wav,1,4.517658825345733,0.6919811134111334
/Users/somesh/Desktop/onehearthealth/ast-heart-quality/data_processed/PhysioNet2022/training_data/85216_PV.wav,1,4.20341918560606,0.6784264172174358
/Users/somesh/Desktop/onehearthealth/ast-heart-quality/data_processed/PhysioNet2022/training_data/85216_TV.wav,1,4.857921613374934,0.7062935445602766
/Users/somesh/Desktop/onehearthealth/ast-heart-quality/data_processed/PhysioNet2022/training_data/85234_AV.wav,1,9.23769567229321,0.8523817487844059
/Users/somesh/Desktop/onehearthealth/ast-heart-quality/data_processed/PhysioNet2022/training_data/85234_MV.wav,1,5.4818936151599615,0.7314996489703052
/Users/somesh/Desktop/onehearthealth/ast-heart-quality/data_processed/PhysioNet2022/training_data/85234_PV.wav,1,6.254171882798003,0.7607326020752483
/Users/somesh/Desktop/onehearthealth/ast-heart-quality/data_processed/PhysioNet2022/training_data/85234_TV.wav,1,5.454585717239704,0.7304255962122763
/Users/somesh/Desktop/onehearthealth/ast-heart-quality/data_processed/PhysioNet2022/training_data/85236_AV.wav,1,7.050211011107653,0.7885000984821872
/Users/somesh/Desktop/onehearthealth/ast-heart-quality/data_processed/PhysioNet2022/training_data/85236_MV.wav,1,7.621932177744384,0.8069406133571777
/Users/somesh/Desktop/onehearthealth/ast-heart-quality/data_processed/PhysioNet2022/training_data/85236_PV.wav,1,9.684521924312373,0.8632760025723135
/Users/somesh/Desktop/onehearthealth/ast-heart-quality/data_processed/PhysioNet2022/training_data/85236_TV.wav,1,4.837190695289568,0.7054327128394048
/Users/somesh/Desktop/onehearthealth/ast-heart-quality/data_processed/PhysioNet2022/training_data/85247_AV.wav,1,9.159786605438997,0.850410349780721
/Users/somesh/Desktop/onehearthealth/ast-heart-quality/data_processed/PhysioNet2022/training_data/85247_MV.wav,1,5.002104480385519,0.7122397045439758
/Users/somesh/Desktop/onehearthealth/ast-heart-quality/data_processed/PhysioNet2022/training_data/85247_PV.wav,1,8.131371038021818,0.8223192065808302
/Users/somesh/Desktop/onehearthealth/ast-heart-quality/data_processed/PhysioNet2022/training_data/85247_TV.wav,1,3.9039919070415277,0.6652244460820613
/Users/somesh/Desktop/onehearthealth/ast-heart-quality/data_processed/PhysioNet2022/training_data/85250_AV.wav,1,3.505566873420252,0.6472514025563163
/Users/somesh/Desktop/onehearthealth/ast-heart-quality/data_processed/PhysioNet2022/training_data/85250_MV.wav,1,3.8454644294619755,0.6626126003255703
/Users/somesh/Desktop/onehearthealth/ast-heart-quality/data_processed/PhysioNet2022/training_data/85250_PV.wav,1,12.275287312300627,0.9137985590757193
/Users/somesh/Desktop/onehearthealth/ast-heart-quality/data_processed/PhysioNet2022/training_data/85250_TV.wav,1,10.02001971505116,0.871004513028576
/Users/somesh/Desktop/onehearthealth/ast-heart-quality/data_processed/PhysioNet2022/training_data/85252_AV.wav,1,5.963178774938339,0.7499792361532847
/Users/somesh/Desktop/onehearthealth/ast-heart-quality/data_processed/PhysioNet2022/training_data/85252_MV.wav,1,3.1991574030511,0.6331367514135275
/Users/somesh/Desktop/onehearthealth/ast-heart-quality/data_processed/PhysioNet2022/training_data/85252_PV.wav,1,9.772318310360134,0.8653353444734532
/Users/somesh/Desktop/onehearthealth/ast-heart-quality/data_processed/PhysioNet2022/training_data/85252_TV.wav,1,9.22088687769026,0.8519582471072653
/Users/somesh/Desktop/onehearthealth/ast-heart-quality/data_processed/PhysioNet2022/training_data/85258_AV.wav,1,3.3202095738368556,0.6387418796704873
/Users/somesh/Desktop/onehearthealth/ast-heart-quality/data_processed/PhysioNet2022/training_data/85258_MV.wav,1,10.52757952882858,0.8819869139433736
/Users/somesh/Desktop/onehearthealth/ast-heart-quality/data_processed/PhysioNet2022/training_data/85258_PV.wav,1,7.909491209041841,0.8157424297173173
/Users/somesh/Desktop/onehearthealth/ast-heart-quality/data_processed/PhysioNet2022/training_data/85258_TV.wav,1,7.360495489548433,0.798663954443574
/Users/somesh/Desktop/onehearthealth/ast-heart-quality/data_processed/PhysioNet2022/training_data/85269_AV.wav,1,2.941270080002624,0.6210764734586527
/Users/somesh/Desktop/onehearthealth/ast-heart-quality/data_processed/PhysioNet2022/training_data/85269_PV.wav,1,4.046769381680242,0.6715534890974995
/Users/somesh/Desktop/onehearthealth/ast-heart-quality/data_processed/PhysioNet2022/training_data/85276_MV.wav,1,3.3177205420518185,0.6386270025779139
/Users/somesh/Desktop/onehearthealth/ast-heart-quality/data_processed/PhysioNet2022/training_data/85277_AV.wav,1,5.860464376738154,0.7461074865437336
/Users/somesh/Desktop/onehearthealth/ast-heart-quality/data_processed/PhysioNet2022/training_data/85277_MV.wav,1,7.212682046323359,0.7938682855869478
/Users/somesh/Desktop/onehearthealth/ast-heart-quality/data_processed/PhysioNet2022/training_data/85277_PV.wav,1,6.224525868608762,0.7596517095834044
/Users/somesh/Desktop/onehearthealth/ast-heart-quality/data_processed/PhysioNet2022/training_data/85277_TV.wav,1,3.9097320636894244,0.6654800651575735
/Users/somesh/Desktop/onehearthealth/ast-heart-quality/data_processed/PhysioNet2022/training_data/85278_AV.wav,1,8.245156453657474,0.8256198983159017
/Users/somesh/Desktop/onehearthealth/ast-heart-quality/data_processed/PhysioNet2022/training_data/85278_MV.wav,1,6.66419930556232,0.7753386348396376
/Users/somesh/Desktop/onehearthealth/ast-heart-quality/data_processed/PhysioNet2022/training_data/85278_PV.wav,1,5.743062671681259,0.741633933865138
/Users/somesh/Desktop/onehearthealth/ast-heart-quality/data_processed/PhysioNet2022/training_data/85278_TV.wav,1,5.058432202826555,0.7145430946598489
/Users/somesh/Desktop/onehearthealth/ast-heart-quality/data_processed/PhysioNet2022/training_data/85285_AV.wav,1,8.6558212648734,0.8371304104959656
/Users/somesh/Desktop/onehearthealth/ast-heart-quality/data_processed/PhysioNet2022/training_data/85285_MV.wav,1,5.45384769426829,0.730396531282159
/Users/somesh/Desktop/onehearthealth/ast-heart-quality/data_processed/PhysioNet2022/training_data/85285_PV.wav,1,3.7304503956630333,0.6574510792659043
/Users/somesh/Desktop/onehearthealth/ast-heart-quality/data_processed/PhysioNet2022/training_data/85285_TV.wav,1,7.173254239780805,0.7925748905489922
/Users/somesh/Desktop/onehearthealth/ast-heart-quality/data_processed/PhysioNet2022/training_data/85293_AV.wav,1,3.3413532072162577,0.6397170876630466
/Users/somesh/Desktop/onehearthealth/ast-heart-quality/data_processed/PhysioNet2022/training_data/85293_MV.wav,1,10.615244411415858,0.8837996642026541
/Users/somesh/Desktop/onehearthealth/ast-heart-quality/data_processed/PhysioNet2022/training_data/85293_PV.wav,1,4.697036158478486,0.6995746130610275
/Users/somesh/Desktop/onehearthealth/ast-heart-quality/data_processed/PhysioNet2022/training_data/85293_TV.wav,1,4.873665060847032,0.7069462935363336
/Users/somesh/Desktop/onehearthealth/ast-heart-quality/data_processed/PhysioNet2022/training_data/85296_AV.wav,1,3.5111033352478267,0.647504175013936
/Users/somesh/Desktop/onehearthealth/ast-heart-quality/data_processed/PhysioNet2022/training_data/85296_MV.wav,1,4.368983126381691,0.6856073534839247
/Users/somesh/Desktop/onehearthealth/ast-heart-quality/data_processed/PhysioNet2022/training_data/85296_PV.wav,1,9.43170932232989,0.8571977289466427
/Users/somesh/Desktop/onehearthealth/ast-heart-quality/data_processed/PhysioNet2022/training_data/85296_TV.wav,1,8.740785259221003,0.8394340088782927
/Users/somesh/Desktop/onehearthealth/ast-heart-quality/data_processed/PhysioNet2022/training_data/85299_AV.wav,1,9.23242014653583,0.8522489385932234
/Users/somesh/Desktop/onehearthealth/ast-heart-quality/data_processed/PhysioNet2022/training_data/85299_MV.wav,1,14.518986645649587,0.9431957729823992
/Users/somesh/Desktop/onehearthealth/ast-heart-quality/data_processed/PhysioNet2022/training_data/85299_PV.wav,1,3.976101473921277,0.668428528525697
/Users/somesh/Desktop/onehearthealth/ast-heart-quality/data_processed/PhysioNet2022/training_data/85299_TV.wav,1,4.27320835215588,0.6814639001525826
/Users/somesh/Desktop/onehearthealth/ast-heart-quality/data_processed/PhysioNet2022/training_data/85301_AV.wav,1,5.901769059960079,0.747669180972804
/Users/somesh/Desktop/onehearthealth/ast-heart-quality/data_processed/PhysioNet2022/training_data/85301_MV.wav,1,6.631261447353949,0.7741890737881805
/Users/somesh/Desktop/onehearthealth/ast-heart-quality/data_processed/PhysioNet2022/training_data/85301_PV.wav,1,6.8523234321171085,0.7818244960141452
/Users/somesh/Desktop/onehearthealth/ast-heart-quality/data_processed/PhysioNet2022/training_data/85301_TV.wav,1,7.573011454853235,0.8054117872262001
/Users/somesh/Desktop/onehearthealth/ast-heart-quality/data_processed/PhysioNet2022/training_data/85305_AV.wav,1,4.0112589706040955,0.6699850827484397
/Users/somesh/Desktop/onehearthealth/ast-heart-quality/data_processed/PhysioNet2022/training_data/85305_MV.wav,1,8.076863646473543,0.8207207873727849
/Users/somesh/Desktop/onehearthealth/ast-heart-quality/data_processed/PhysioNet2022/training_data/85305_PV.wav,1,3.602370378411577,0.6516590767245521
/Users/somesh/Desktop/onehearthealth/ast-heart-quality/data_processed/PhysioNet2022/training_data/85305_TV.wav,1,4.29959686888794,0.6826084369255596
/Users/somesh/Desktop/onehearthealth/ast-heart-quality/data_processed/PhysioNet2022/training_data/85306_AV.wav,1,12.533706187632319,0.9177836148134179
/Users/somesh/Desktop/onehearthealth/ast-heart-quality/data_processed/PhysioNet2022/training_data/85306_MV.wav,1,2.56411898814671,0.6031696387022458
/Users/somesh/Desktop/onehearthealth/ast-heart-quality/data_processed/PhysioNet2022/training_data/85308_AV.wav,1,8.716036047677472,0.83876572514325
/Users/somesh/Desktop/onehearthealth/ast-heart-quality/data_processed/PhysioNet2022/training_data/85308_MV.wav,1,4.4761423156202165,0.6902085051414328
/Users/somesh/Desktop/onehearthealth/ast-heart-quality/data_processed/PhysioNet2022/training_data/85308_PV.wav,1,4.43260827122455,0.6883437324716538
/Users/somesh/Desktop/onehearthealth/ast-heart-quality/data_processed/PhysioNet2022/training_data/85308_TV.wav,1,4.2054955682557535,0.6785170088981667
/Users/somesh/Desktop/onehearthealth/ast-heart-quality/data_processed/PhysioNet2022/training_data/85312_AV.wav,1,9.693035715608186,0.8634768557687372
/Users/somesh/Desktop/onehearthealth/ast-heart-quality/data_processed/PhysioNet2022/training_data/85312_MV.wav,1,5.462257236069664,0.7307275999989331
/Users/somesh/Desktop/onehearthealth/ast-heart-quality/data_processed/PhysioNet2022/training_data/85312_PV.wav,1,12.950591534877884,0.923859810718103
/Users/somesh/Desktop/onehearthealth/ast-heart-quality/data_processed/PhysioNet2022/training_data/85312_TV.wav,1,11.853000536725503,0.9069091096358166
/Users/somesh/Desktop/onehearthealth/ast-heart-quality/data_processed/PhysioNet2022/training_data/85326_AV.wav,1,1.5966858687999952,0.556063995642672
/Users/somesh/Desktop/onehearthealth/ast-heart-quality/data_processed/PhysioNet2022/training_data/85326_MV.wav,1,6.140703654201726,0.7565775313684461
/Users/somesh/Desktop/onehearthealth/ast-heart-quality/data_processed/PhysioNet2022/training_data/85326_PV.wav,1,5.902807089546973,0.7477083458864534
/Users/somesh/Desktop/onehearthealth/ast-heart-quality/data_processed/PhysioNet2022/training_data/85326_TV.wav,1,5.62861102753658,0.7372236472454875
/Users/somesh/Desktop/onehearthealth/ast-heart-quality/data_processed/PhysioNet2022/training_data/85329_AV.wav,1,4.450559342274697,0.6891134077805788
/Users/somesh/Desktop/onehearthealth/ast-heart-quality/data_processed/PhysioNet2022/training_data/85329_MV.wav,1,10.891274623344342,0.8893501897842967
/Users/somesh/Desktop/onehearthealth/ast-heart-quality/data_processed/PhysioNet2022/training_data/85329_PV.wav,1,10.39031942404763,0.8790994453923259
/Users/somesh/Desktop/onehearthealth/ast-heart-quality/data_processed/PhysioNet2022/training_data/85329_TV.wav,1,3.550003819098289,0.649277879449482
/Users/somesh/Desktop/onehearthealth/ast-heart-quality/data_processed/PhysioNet2022/training_data/85334_AV.wav,1,9.628624641351854,0.8619511183486286
/Users/somesh/Desktop/onehearthealth/ast-heart-quality/data_processed/PhysioNet2022/training_data/85334_MV.wav,1,7.141080421719429,0.7915150241388696
/Users/somesh/Desktop/onehearthealth/ast-heart-quality/data_processed/PhysioNet2022/training_data/85334_PV.wav,1,5.011884599724839,0.7126404335730923
/Users/somesh/Desktop/onehearthealth/ast-heart-quality/data_processed/PhysioNet2022/training_data/85334_TV.wav,1,5.677378804932093,0.7391087774970392
/Users/somesh/Desktop/onehearthealth/ast-heart-quality/data_processed/PhysioNet2022/training_data/85349_AV.wav,1,8.706904790977827,0.8385185941357918
/Users/somesh/Desktop/onehearthealth/ast-heart-quality/data_processed/PhysioNet2022/training_data/85349_PV.wav,1,4.856944333249281,0.7062529969464362
/Users/somesh/Desktop/onehearthealth/ast-heart-quality/data_processed/PhysioNet2022/training_data/85349_TV.wav,1,7.195826488541192,0.7933160855476443
noise,0,6.092574327233228,0.7548003798229933
noise,0,4.734360766850486,0.701141174302388
noise,0,7.346974967775734,0.7982287837029874
noise,0,3.287099592992842,0.637212449907951
noise,0,7.85218834631366,0.81401359163899
noise,0,11.76277105082384,0.9053743570909567
noise,0,10.499479244674479,0.8814006877612713
noise,0,9.96384117401588,0.869736846786188
noise,0,5.061979263434992,0.7146877723186166
noise,0,10.979153748680941,0.8910679647656427
noise,0,7.140111529412421,0.7914830452063811
noise,0,10.057568867512868,0.8718459366118685
noise,0,3.7719425265288153,0.6593175114501617
noise,0,8.636364091586447,0.836599143975309
noise,0,8.71605113518649,0.8387661332230884
noise,0,6.0546635421230315,0.7533943891698076
noise,0,4.351287637977229,0.6848440006597596
noise,0,9.855748255498785,0.867267938315208
noise,0,3.2016348891332367,0.6332518352396547
noise,0,5.587426126595393,0.7356248236710466
noise,0,5.104467441489847,0.7164173523145653
noise,0,13.231897539940823,0.9277242114361043
noise,0,14.296280910865537,0.9407617225303387
noise,0,7.047228627910864,0.7884006083313377
noise,0,2.516992391158204,0.600911452552618
noise,0,3.0536327206830687,0.6263505968968048
noise,0,8.323914634829897,0.8278760692224382
noise,0,7.727677053518184,0.8102139874266509
noise,0,9.71052037941904,0.8638885664761852
noise,0,13.177681956520622,0.9269937782949461
noise,0,6.668563612986285,0.7754906408496006
noise,0,17.139013258902317,0.96556594808172
noise,0,3.464411156053242,0.6453698224296935
noise,0,4.419992062686799,0.6878021728284454
noise,0,12.067074385119081,0.9104613173775279
noise,0,8.846150501095696,0.842254054408829
noise,0,1.9636916234598343,0.5741012471621351
noise,0,11.633834830423726,0.9031419086801908
noise,0,4.28516138066917,0.6819826057055243
noise,0,9.243733676974513,0.8525336330611791
noise,0,15.744578122293865,0.954988505796279
noise,0,3.8233852454097867,0.661624700691256
noise,0,2.721263380572376,0.6106674014414488
noise,0,7.283958351367236,0.7961912661970914
noise,0,3.2148369056490522,0.633864836894388
noise,0,5.781367204874105,0.7430991440228228
noise,0,3.396278360126005,0.6422450027584583
noise,0,8.477517316104352,0.8322096710348085
noise,0,9.038492997908577,0.8472980314099516
noise,0,5.665728692048294,0.738659236001894
noise,0,3.737520103404334,0.6577694409221172
noise,0,4.602819633274242,0.6955994847061547
noise,0,3.384219690787542,0.6416906775518342
noise,0,8.898290616920429,0.8436346043752622
noise,0,7.443739220677153,0.8013277632115441
noise,0,5.682297602524371,0.7392984282603522
noise,0,10.965219616446003,0.8907971641426122
noise,0,8.450638518912296,0.8314576763808372
noise,0,5.4444294896247145,0.7300254486013106
noise,0,9.450123173497108,0.8576479432941382
noise,0,4.870996403511039,0.7068357064513391
noise,0,7.334994294520325,0.7978425874426891
noise,0,4.022021734031089,0.6704608487967801
noise,0,4.81071890971496,0.7043313639015056
noise,0,5.477758643848408,0.7313371896601791
noise,0,11.234366870879528,0.8959244647232304
noise,0,4.137377415218934,0.6755380646339342
noise,0,7.577450344800262,0.8055508853005195
noise,0,11.63777293136011,0.9032107851440179
noise,0,5.436778819380363,0.7297237709710177
noise,0,4.481777199100032,0.6904494244460452
noise,0,6.117462077799684,0.7557204399078162
noise,0,7.29041981038038,0.7964008870714039
noise,0,5.5070030894993955,0.7324848414355873
noise,0,4.177269646845026,0.6772843764547709
noise,0,6.483850001562485,0.7689933451423698
noise,0,7.409548583124561,0.800236878978232
noise,0,5.223419786686637,0.7212257244655639
noise,0,6.1837608123983205,0.758159975067459
noise,0,4.449868201600456,0.6890837935473403
noise,0,6.84242101993492,0.7814864867658871
noise,0,5.1955789220271855,0.7201048143213782
noise,0,4.7690632667069774,0.7025934688672811
noise,0,6.726824277788596,0.7775128201891381
noise,0,7.554246319147948,0.8048229248769322
noise,0,11.596659113250052,0.9024895552304386
noise,0,4.38823852600966,0.6864368594698338
noise,0,14.129806948072538,0.938878775130486
noise,0,5.708347612105795,0.7403013319219459
noise,0,3.9203276544900585,0.6659516499554641
noise,0,3.7603365204001644,0.6587959353856427
noise,0,12.222242100604053,0.9129591999077264
noise,0,15.386736736270642,0.9518099650990505
noise,0,5.944374497406459,0.7492733739281867
noise,0,2.292706060913795,0.5901068263423536
noise,0,11.51675987080058,0.901074221162162
noise,0,4.696362542980765,0.699546297549438
noise,0,6.96251870689917,0.7855604510093096
noise,0,4.088700496144874,0.6734005650652735
noise,0,7.063119317445226,0.7889303155076425
noise,0,6.874835457394703,0.7825915189848818
noise,0,5.72706601081768,0.7410204263358885
noise,0,5.632665753403732,0.7373807173264937
noise,0,6.226620526385114,0.7597281902009899
noise,0,5.341946134009097,0.725966801235722
noise,0,11.957253777124262,0.908654552976949
noise,0,2.83993630343622,0.6162953168998051
noise,0,5.9786525988718004,0.7505590876275485
noise,0,10.762603608482774,0.8867922907423147
noise,0,7.873335635896729,0.8146530621451866
noise,0,5.74366225924685,0.7416569109588013
noise,0,5.503331685609886,0.7323409339709772
noise,0,4.188228275065915,0.67776323621963
noise,0,6.88319234533828,0.7828757562501033
noise,0,17.149177690346797,0.9656334742595624
noise,0,10.39010250526756,0.8790948343342633
noise,0,5.017182353511339,0.7128573637687343
noise,0,8.751798265438884,0.8397306635935003
noise,0,4.881060534599607,0.7072526285527218
noise,0,5.491461820813188,0.7318753366830718
noise,0,4.834902170783787,0.7053375940086196
noise,0,3.2353923977469456,0.6348184153328845
noise,0,6.167027429152476,0.7575458203909776
noise,0,3.7815424548830823,0.659748642648209
noise,0,5.738926425105543,0.7414753904249214
noise,0,7.84548643335365,0.8138105783766272
noise,0,4.895396481320054,0.7078459166777765
noise,0,5.422866558129979,0.7291746456474427
noise,0,4.080403033231191,0.6730354841668098
noise,0,3.5944618555223142,0.6512999444638418
noise,0,4.7226493942070205,0.7006501377625641
noise,0,5.471201023652982,0.7310794191733959
noise,0,4.0591047899686385,0.6720974213315752
noise,0,7.138468582353902,0.7914288103931715
noise,0,3.367347555655191,0.6409144462304902
noise,0,4.582210907003425,0.6947260399528276
noise,0,4.258000924612344,0.680803318219969
noise,0,13.536874857286936,0.931708886731442
noise,0,4.182250990394673,0.6775020926839583
noise,0,8.103827945883113,0.8215129109636516
noise,0,7.176463950081163,0.7926804059598084
noise,0,6.423537049611681,0.7668435660179576
noise,0,4.777698278738657,0.7029542098803518
noise,0,11.277244855646277,0.896721375500902
noise,0,4.447141004541091,0.6889669225652143
noise,0,3.888830152658695,0.664548800873029
noise,0,16.63205766638869,0.9620310252822065
noise,0,8.787329593109103,0.8406847393093313
noise,0,9.171997911296675,0.8507207703316979
noise,0,4.256339962834613,0.6807311251106332
noise,0,5.830025537369412,0.7449525471324542
noise,0,4.999378879109303,0.7121279668745338
noise,0,13.173438939752849,0.9269363271346401
noise,0,5.920420290411268,0.7483722787295368
noise,0,4.423002626172524,0.687931450072631
noise,0,4.733506244157021,0.7011053613535582
noise,0,3.973205064238177,0.6683001286854726
noise,0,3.055809599952277,0.6264524847075976
noise,0,8.230092739811331,0.8251857230711059
noise,0,1.5715677873761837,0.5548235348999893
noise,0,12.832232017557011,0.9221778639184514
noise,0,3.3607037782227196,0.6406085850739491
noise,0,14.902909658999377,0.9471724192266098
noise,0,4.926667804041268,0.7091376157338503
noise,0,3.8293223514839623,0.6618904864922479
noise,0,9.95356549035593,0.8695038337852049
noise,0,2.3873443712870666,0.5946771324728517
noise,0,5.965731141503681,0.75007494298395
noise,0,11.596110623562964,0.9024799011489854
noise,0,9.405223566630786,0.8565480781231346
noise,0,7.052713768854532,0.7885835622547153
noise,0,4.860520372245186,0.7064013518520738
noise,0,5.565701712760568,0.7347789621452
noise,0,3.2145333618802394,0.6338507474798456
noise,0,5.387922644306689,0.7277922995324474
noise,0,9.985093410364367,0.8702176434635913
noise,0,5.597957991791631,0.7360342697198123
noise,0,4.514981998114782,0.6918669921522105
noise,0,8.53088666832614,0.8336948549399215
noise,0,5.468796078566988,0.7309848451155937
noise,0,3.9982801006720736,0.6694108909195751
noise,0,4.664441403739501,0.6982027453459309
noise,0,10.215634768335008,0.8753367699027197
noise,0,4.778704677926918,0.7029962373234762
noise,0,8.779525287798698,0.8404755759042247
noise,0,10.762603608482774,0.8867922907423147
noise,0,5.301851072406006,0.7243686195157323
noise,0,10.067642712630956,0.8720708793630514
noise,0,5.52049064242172,0.7330130891880813
noise,0,6.909264558509355,0.7837608065324252
noise,0,6.507716355212981,0.7698401923300897
noise,0,4.192405949171484,0.6779456901082674
noise,0,10.189916900928829,0.8747744068444387
noise,0,6.572264620956592,0.772119633437136
noise,0,3.6764104419329673,0.6550128953782205
noise,0,6.405251735539423,0.7661890652852978
noise,0,1.4631980209204163,0.5494640316586036
noise,0,8.56719879273398,0.8346993350581614
noise,0,4.052842596619007,0.6718213463249674
noise,0,5.901708648632767,0.7476669015260612
noise,0,4.087572507108871,0.6733509468924943
noise,0,4.635688263311424,0.6969896185189458
noise,0,3.65145701959627,0.6538842746255856
noise,0,3.6002809959121214,0.6515642129472102
noise,0,4.385728449229156,0.6863287949213145
noise,0,4.069843518251102,0.6725705717720957
noise,0,3.2810903113659795,0.6369345676918032
noise,0,6.5418539595394485,0.7710477059489
noise,0,4.460777297261693,0.6895510494967768
noise,0,3.7958928482445726,0.6603926232723704
noise,0,3.8130392635088874,0.6611612994579973
noise,0,9.18142691809706,0.8509600992040665
noise,0,4.383858590100728,0.6862482800662617
noise,0,3.6481843308270347,0.6537361249664999
noise,0,1.624728246265171,0.5574480472947886
noise,0,9.592783414844181,0.8610959437560347
noise,0,9.718522656048169,0.8640766466179733
noise,0,4.571211877793802,0.6942593014939886
noise,0,3.923962518426964,0.666113352842669
noise,0,7.000507354249077,0.7868375513113192
noise,0,5.244729686383682,0.7220818261727923
noise,0,4.0190610506544235,0.6703300070818522
noise,0,12.652643125526021,0.9195607908381149
noise,0,10.625474317858938,0.884009617078078
noise,0,6.968844950487966,0.7857735117632353
noise,0,6.01183993576373,0.7517996874546745
noise,0,9.225755400318148,0.8520810138902455
noise,0,4.454564680080147,0.689284999381885
noise,0,5.315861352564303,0.7249277225733576
noise,0,6.5982298663047985,0.7730320636875265
noise,0,5.76495928775337,0.7424721809412163
noise,0,10.130869834519602,0.8734750189604277
noise,0,5.900115477049568,0.7476067828797451
noise,0,5.5638190823301965,0.7347055786924576
noise,0,6.295369221269931,0.7622291142896083
noise,0,3.224790922233833,0.6343267396881995
noise,0,4.482886301881298,0.6904968319324714
noise,0,4.289996187248838,0.6821922856161832
noise,0,5.42748616339618,0.72935706199861
noise,0,7.378514198095722,0.7992428118869843
noise,0,8.240513254501856,0.8254861600469598
noise,0,4.379412285545391,0.6860567801918683
noise,0,7.486650398964661,0.8026905360955813
noise,0,2.9281047862071876,0.6204566108714982
noise,0,6.818324074339448,0.780662385684137
noise,0,6.286561824301545,0.7619097235535588
noise,0,3.002250163581606,0.623942422449428
noise,0,4.415691449074144,0.6876174485527939
noise,0,5.107086464496385,0.7165237582415449
noise,0,10.752674268875563,0.886592772850603
noise,0,4.234328145023284,0.6797735715516717
noise,0,9.12756109554022,0.8495885986627452
noise,0,10.341738466191781,0.8780629638467567
noise,0,8.033030629298882,0.819427256680964
noise,0,9.449736628690115,0.8576385045406569
noise,0,4.92792596144208,0.7091895148782502
noise,0,6.165587861734337,0.7574929353570293
noise,0,3.4753622299420877,0.6458709319124846
noise,0,5.001922693749266,0.7122322528956355
noise,0,9.918660675972006,0.8687096801629828
noise,0,4.545567418779454,0.6931695424965132
noise,0,10.244211917308208,0.8759591140461401
noise,0,10.150263394769938,0.8739030596951257
noise,0,5.16913930949551,0.7190377736329199
noise,0,6.22849048347109,0.7597964524366884
noise,0,5.433674000957423,0.7296012827041666
noise,0,10.586187966613586,0.883201525119454
noise,0,4.885326643311222,0.7074292537546861
noise,0,4.884940311636441,0.7074132614451468
noise,0,5.76060247863293,0.7423055350519441
noise,0,4.345289084272018,0.6845850064534779
noise,0,4.188541401732547,0.6777769134546819
noise,0,2.91206363894553,0.6197008128286771
noise,0,9.214529609012015,0.8517978127335251
noise,0,3.3621996247380177,0.6406774596931989
noise,0,2.444719304165636,0.5974399881628232
noise,0,4.033283259334243,0.6709582888644616
noise,0,6.891921096999387,0.7831723546278063
noise,0,4.7029441040434365,0.6998228890378398
noise,0,4.945475464420618,0.7099128640381893
noise,0,7.797226021341034,0.8123436347839789
noise,0,10.80604413453069,0.8876615779003739
noise,0,7.287638009234235,0.7963106603230518
noise,0,7.6678285613443204,0.8083666018358392
noise,0,6.268208892545361,0.7612432270923708
noise,0,1.6900524255695524,0.5606686756168733
noise,0,3.9989962606799456,0.6694425873851964
noise,0,6.556455280137702,0.7715628212510367
noise,0,9.34805419674124,0.8551374228886557
noise,0,4.559674466007894,0.6937692881882838
noise,0,10.101803974213901,0.8728311720257155
noise,0,4.822657580268835,0.7048283636941964
noise,0,8.882117602411938,0.8432074364628998
noise,0,9.351722137858847,0.8552282742253405
noise,0,4.067290537738228,0.6724581186996577
noise,0,4.509850612535767,0.6916481600831631
noise,0,4.26962551108357,0.6813083338572534
noise,0,5.045565557464763,0.7140179198312396
noise,0,3.523437924889679,0.6480670254786168
noise,0,4.062786309488231,0.672259669243429
noise,0,8.210655558270822,0.8246242347875005
noise,0,10.670712629835593,0.8849341153709651
noise,0,3.982867570092275,0.6687283765946715
noise,0,1.774238942249363,0.5648116986253452
noise,0,7.352452809623056,0.798405177847301
noise,0,6.154576003301093,0.757088136034144
noise,0,4.459705149182896,0.6895051445975925
noise,0,9.2873052876267,0.8536258357083518
noise,0,7.0398972663091,0.7881558938813366
noise,0,7.131714665424314,0.7912057498193253
noise,0,3.463164703868282,0.6453127658546097
noise,0,1.3639151530526379,0.5445438002331633
noise,0,3.6407228391108153,0.6533982430935703
noise,0,4.156401894393962,0.6763714883556579
noise,0,2.5364701711220774,0.6018453043478723
noise,0,4.886493164792093,0.7074775391322539
noise,0,7.621321141250256,0.8069215742783763
noise,0,7.992166347117973,0.8182147913915624
noise,0,6.1928559323803745,0.7584933427103964
noise,0,8.798730265628482,0.8409898894601283
noise,0,3.547602296304274,0.6491684985210917
noise,0,8.4832723625574,0.8323703327625016
noise,0,4.411999025480464,0.6874588002880028
noise,0,6.709243921683363,0.7769039934230548
noise,0,5.075253993663818,0.7152288314246673
noise,0,3.8479431175619405,0.6627234170756241
noise,0,8.113439927907306,0.8217946166853966
noise,0,4.616761009604096,0.6961895542600406
noise,0,6.194573379671154,0.7585562579318585
noise,0,5.225625901502966,0.7213144277324877
noise,0,3.3625524718698223,0.6406937053091353
noise,0,5.564586649447011,0.7347354994209524
noise,0,4.138906636235017,0.6756050979207279
noise,0,2.8670477984875182,0.617576746029752
noise,0,5.586344953735654,0.7355827680251187
noise,0,3.1877834624811303,0.6326082160587371
noise,0,6.305862019242246,0.7626092392852353
noise,0,3.5310372021194762,0.648413590208551
noise,0,2.4711411712582576,0.5987102517365077
noise,0,5.5943462641609365,0.7358939028535024
noise,0,7.108131733945958,0.7904255032635003
noise,0,8.498858296229264,0.8328048231986269
noise,0,9.183917830078537,0.8510232711407856
noise,0,5.357774400333364,0.726596122446086
noise,0,4.9268770720097335,0.7091462484415301
noise,0,9.845771331437753,0.867038072687514
noise,0,4.483315430769045,0.6905151735416406
noise,0,9.523232962718115,0.8594237896808663
noise,0,8.68653490914816,0.8379661956503445
noise,0,6.924570289165854,0.7842791583184501
noise,0,12.015019725988303,0.9096089678930097
noise,0,2.5871093537244887,0.6042696914259919
noise,0,7.086036087388996,0.7896925215798631
noise,0,10.77612696577993,0.8870635334476593
noise,0,4.181752321480231,0.67748030116407
noise,0,6.676999585064873,0.7757842531336286
noise,0,6.286695163522654,0.7619145611546279
noise,0,6.393863584501656,0.7657807955586795
noise,0,3.9157982659391717,0.6657500980689803
noise,0,7.77955018608049,0.8118041336308379
noise,0,5.605762216658987,0.7363374111497987
noise,0,3.378152738821503,0.6414116423409127
noise,0,3.7073667458677475,0.6564105949113117
noise,0,3.9725360634417934,0.668270467858367
noise,0,7.905829567732332,0.8156323304066921
noise,0,3.963117970887113,0.6678527655249237
noise,0,7.040252590504455,0.7881677590631296
noise,0,5.8049277046885255,0.7439976662022936
noise,0,6.190848263051231,0.7584197816241174
noise,0,9.929215504844578,0.868950255168104
noise,0,7.253908942050801,0.7952143021286214
noise,0,3.2845945843626536,0.6370966240045239
noise,0,3.8282304434419796,0.6618416128233193
noise,0,3.062755566907933,0.6267775123834132
noise,0,10.117846980650935,0.8731868910370868
noise,0,14.042333042825586,0.9378670877378814
noise,0,3.523063514608517,0.648049946477724
noise,0,11.202767996809932,0.8953337085929184
noise,0,13.22903227473895,0.9276857776648436
noise,0,11.556656196426161,0.9017832158777823
noise,0,7.116517478958674,0.7907031927486067
noise,0,6.646297319428548,0.7747143555686379
noise,0,6.009498271707356,0.7517122876906625
noise,0,8.741968538539034,0.8394659038709864
noise,0,4.722635445098738,0.7006495526263753
noise,0,4.806142489667815,0.7041407215612978
noise,0,11.339915383086582,0.8978764272894009
noise,0,9.926619481880874,0.8688911190500541
noise,0,4.593706509531071,0.6952134230821716
noise,0,6.913714404733873,0.7839116002550622
noise,0,9.733595660958294,0.8644303176251495
noise,0,10.249985090410355,0.8760845161254907
noise,0,8.633024470061763,0.8365078175151586
noise,0,4.611399805126845,0.6959627172578357
noise,0,6.475304552567041,0.7686895984518698
noise,0,15.752875681141957,0.9550597868346637
noise,0,7.02931369764791,0.7878022587081218
noise,0,9.97297914120724,0.8699437634938026
noise,0,4.464220869624042,0.6896984636288992
noise,0,5.9270166113375815,0.748620629553302
noise,0,6.476362779770319,0.7687272281198355
noise,0,4.934490353120561,0.709460208191672
noise,0,7.812499253319133,0.8128088453026104
noise,0,4.537405477362438,0.6928222476982488
noise,0,4.461311928266315,0.6895739387673991
noise,0,7.101862380901543,0.7902177201633643
noise,0,5.369802145247783,0.7270737342775009
noise,0,10.736200689427662,0.8862610800731128
noise,0,3.5637105059384377,0.6499018704030401
noise,0,4.757148994912309,0.7020953171752294
noise,0,4.386179630130872,0.6863482207821767
noise,0,9.802514279954256,0.8660375408488342
noise,0,3.8292401579052737,0.6618868076380914
noise,0,1.811995485770221,0.5666668893338916
noise,0,4.513180761990137,0.6917901867984984
noise,0,6.516106465805831,0.7701373801755289
noise,0,4.031909865083233,0.6708976442708914
noise,0,7.700717676527638,0.8093835063218735
noise,0,9.620543257062684,0.8617586827865872
noise,0,5.428374319911081,0.7293921241611613
noise,0,5.8784074971686495,0.7467866829834918
noise,0,8.606420773022318,0.8357788364525235
noise,0,4.26099657948126,0.680933501361849
noise,0,5.400325473672535,0.7282834483179431
noise,0,5.4286897075180764,0.7294045741750902
noise,0,7.705652227956763,0.8095357221736289
noise,0,7.379489609366297,0.7992741117368845
noise,0,6.179140087897216,0.7579904895093749
noise,0,3.8232321226788453,0.6616178445118249
noise,0,3.8814698638764473,0.6642205648751277
noise,0,10.478289475431309,0.8809569629932867
noise,0,7.6912649558059885,0.8090916590658502
noise,0,4.874464929349112,0.7069794347075773
noise,0,4.308727272178503,0.6830039329032839
noise,0,8.32843983878113,0.8280049968093323
noise,0,5.152300792587269,0.7183569203415141
noise,0,16.316437416741348,0.9596568160339292
noise,0,11.217170341783824,0.895603333747374
noise,0,7.248537574669339,0.7950393028048116
noise,0,4.512386060937609,0.6917562970862565
noise,0,3.383336270439395,0.6416500526707276
noise,0,6.9335045509827165,0.7845813140141965
noise,0,3.6330500531851095,0.6530506317356757
noise,0,6.186660275816031,0.7582662844604018
noise,0,11.334208040081075,0.8977717135237717
noise,0,6.693757731038759,0.7763667068012671
noise,0,4.548707899710748,0.6933031132550244
noise,0,16.495649404759448,0.9610218411767504
noise,0,5.1437413652257025,0.7180104418058756
noise,0,4.06220952640204,0.6722342526063994
noise,0,4.785777831721674,0.7032915168122099
noise,0,6.592510026890832,0.7728312878391124
noise,0,4.002301890614158,0.6695888710398106
noise,0,5.900895754452762,0.7476362279880526
noise,0,3.0344162151945877,0.6254506920111216
noise,0,6.948029177920229,0.785071879661174
noise,0,5.329393004155892,0.7254670565521368
noise,0,5.977877583370551,0.7505300667978237
noise,0,5.457241375623408,0.7305301653873509
noise,0,5.071076580957913,0.7150586326277554
noise,0,8.894554064148622,0.8435359973923141
noise,0,4.028630586363145,0.6707528190334764
noise,0,6.345499224003078,0.7640414055453183
noise,0,4.954011383707426,0.7102643096300959
noise,0,4.049996318826224,0.6716958260514995
noise,0,1.612925573270985,0.5568656253551191
noise,0,5.234755200144219,0.7216813135599468
noise,0,7.993161339848623,0.8182443884309673
noise,0,3.735766027335351,0.6576904649587405
noise,0,6.01644132231018,0.7519713685687239
noise,0,3.810193529429307,0.6610337834911423
noise,0,3.8182927972778904,0.6613966463035894
noise,0,3.227440953616214,0.6344496692426541
noise,0,2.569709618267806,0.6034372380063379
noise,0,4.978490172095686,0.7112707642578466
noise,0,5.5675648833694265,0.7348515742967637
noise,0,7.91754907123383,0.8159845366349566
noise,0,6.3049516873397575,0.7625762770695266
noise,0,11.745374331440537,0.9050758553108221
noise,0,4.308727272178503,0.6830039329032839
noise,0,9.025646439307112,0.8469653066706506
noise,0,8.871484641866477,0.8429260773318724
noise,0,2.3796507719562565,0.59430619125488
noise,0,5.74366225924685,0.7416569109588013
noise,0,2.4646566514648303,0.5983986225574562
noise,0,11.366936623596846,0.8983709018647987
noise,0,3.5413476844031226,0.6488835493674824
noise,0,6.215924935779103,0.7593374959518666
noise,0,3.9077815464435686,0.6653932161469835
noise,0,6.156038879810926,0.7571419382497605
noise,0,9.91777556192977,0.8686894888323706
noise,0,7.564948572724573,0.8051589339031913
noise,0,5.851923621174412,0.7457837735842392
noise,0,4.192502197316368,0.6779498929679924
noise,0,6.729638877294563,0.7776101825961304
noise,0,3.9279497277766,0.6662906854815952
noise,0,10.779114391800865,0.8871233767620517
noise,0,3.7508427883300377,0.6583689992561891
noise,0,5.22100839733492,0.7211287477281938
noise,0,4.579312956934421,0.6946031056061099
noise,0,6.971310358050282,0.7858565022041666
noise,0,13.345942541473836,0.9292387589716016
noise,0,3.760219174472057,0.6587906598720604
noise,0,4.285793361471404,0.682010018168884
noise,0,3.6690312547650117,0.6546793226620066
noise,0,1.7994937283445966,0.5660528121691071
noise,0,7.667497476491135,0.8083563439528908
noise,0,8.513234297957336,0.8332047858332045
noise,0,6.342437887167421,0.7639310068324305
noise,0,3.27807218070715,0.6367949682635601
noise,0,6.718150747371645,0.7772125947675139
noise,0,10.182154477067053,0.8746042422560677
noise,0,5.3111841979940575,0.7247411513732265
noise,0,4.272149354872962,0.6814179228969736
noise,0,4.003931760925391,0.6696609854285477
noise,0,4.04863751772608,0.6716358945440859
noise,0,12.099086479151902,0.9109818824120609
noise,0,12.479308887800666,0.9169589448161908
noise,0,4.011029273471004,0.6699749252289076
noise,0,6.378519125643583,0.7652299084851486
noise,0,3.6765669504762126,0.6550199686223754
noise,0,10.867854571008708,0.8888884117277158
noise,0,5.1904477741050306,0.7198979270632583
noise,0,12.268641660639766,0.9136938048807041
noise,0,4.127227052465917,0.6750929418956177
noise,0,13.492694938301014,0.9311445266071248
noise,0,3.7755750672540915,0.6594806793131105
noise,0,4.451757442472598,0.689164740721476
noise,0,7.424231468296933,0.8007058999128129
noise,0,9.293281881720223,0.8537751262002864
noise,0,5.58483237255381,0.7355239241942007
noise,0,5.166540486799879,0.7189327575718565
noise,0,6.049589602115014,0.7532058019270327
noise,0,8.197640949684942,0.8242474844447055
noise,0,1.3976767010915494,0.54621797013211
noise,0,16.613974537915407,0.9618986986231857
noise,0,8.703100974020899,0.8384155563153518
noise,0,6.681608365050201,0.7759445454205958
noise,0,4.042851003916271,0.6713806110174536
noise,0,5.693824537488192,0.7397425147440241
noise,0,5.332720776738463,0.7255995915622847
noise,0,11.864984889711907,0.9071112681159913
noise,0,5.2607801382059876,0.7227255665466099
noise,0,4.093138127362485,0.6735957306553337
noise,0,7.4486276810677365,0.8014833674799616
noise,0,2.666971200678927,0.608082698107385
noise,0,10.736200689427662,0.8862610800731128
noise,0,6.193055223320693,0.758500643905562
noise,0,6.7976199525740775,0.7799525340661531
noise,0,12.745470494497086,0.920923402602876
noise,0,4.59313338963624,0.6951891346667239
noise,0,6.157290587034662,0.7571879675765448
noise,0,16.435713514943984,0.9605703253036384
noise,0,4.117446480092276,0.6746637360644399
noise,0,4.091197410492336,0.6735103859483619
noise,0,7.751761962278259,0.8109535750259143
noise,0,10.344642018788615,0.8781251259411056
noise,0,5.774877313265655,0.7428512781426968
noise,0,4.00250534520748,0.6695978734208583
noise,0,8.272489871389476,0.8264055454836589
noise,0,4.402482453398141,0.6870497098414439
noise,0,5.570483411033818,0.7349652906564752
noise,0,6.1709817358767545,0.757691048425076
noise,0,3.986721885452055,0.6688991242405341
noise,0,5.514833014013867,0.7327915856893757
noise,0,11.383430515209445,0.8986716868403737
noise,0,5.5139177752673865,0.732755741934198
noise,0,10.876509816464823,0.8890592651230352
noise,0,6.354769606484181,0.7643754987646243
noise,0,1.6729020479109502,0.5598236067437701
noise,0,1.9486750155241395,0.5733667450774109
noise,0,6.599225528446816,0.7730670002678987
noise,0,3.7686792161362406,0.6591708966048601
noise,0,12.099986369596676,0.9109964764563004
noise,0,5.431618566970634,0.7295201745100082
noise,0,10.788331257787238,0.8873078321605841
noise,0,14.143146058444223,0.9390316900914304
noise,0,9.651355022008037,0.8624911726906219
noise,0,2.4953852999060926,0.5998746530013818
noise,0,4.591137696196258,0.6951045501104379
noise,0,14.245886405380622,0.9401975328265928
noise,0,4.2433335974240975,0.6801655085517055
noise,0,4.364069608309636,0.6853954931823173
noise,0,6.153915171713991,0.7570638290704269
noise,0,7.072893382796916,0.7892556457068945
noise,0,13.757228858990006,0.9344602075547462
noise,0,4.1936471596192515,0.6779998877327675
noise,0,5.142140241877686,0.7179456009274334
noise,0,5.166540486799879,0.7189327575718565
noise,0,3.514121989215284,0.6476419597763443
noise,0,6.116509079990506,0.755685252168763
noise,0,4.00166476129154,0.6695606787814286
noise,0,7.882592181336394,0.8149324348722697
noise,0,3.6400268975246,0.6533667205844795
noise,0,6.615309040378453,0.7736308248282958
noise,0,9.327413795892273,0.8546252969376918
noise,0,9.298669279666123,0.8539095908881281
noise,0,4.301376714145507,0.6826855540873036
noise,0,4.025168751591036,0.6705998962364546
noise,0,8.095099110441996,0.8212567864047742
noise,0,4.8812279947570545,0.7072595629073932
noise,0,7.667097276325018,0.8083439441358463
noise,0,4.899463097429815,0.7080140835438196
noise,0,3.386744796466575,0.6418067855953787
noise,0,4.167820812388606,0.6768711913283008
noise,0,4.249897174561109,0.6804510096133978
noise,0,8.798364225095959,0.8409800993961567
noise,0,4.5454411769971355,0.6931641725103009
noise,0,7.957349763802459,0.8171767763503525
noise,0,4.225744262973718,0.6793997458687778
noise,0,7.3123665952901895,0.7971116801157911
noise,0,6.588094304935711,0.7726762029248015
noise,0,9.103323469093336,0.848968093696735
noise,0,6.557728295012462,0.7716076928479322
noise,0,9.456450320952836,0.8578023670754306
noise,0,7.373090155230298,0.7990686937894096
noise,0,6.2389110021370495,0.7601766074928763
noise,0,5.2904370992166,0.7239126062881911
noise,0,6.83141073741482,0.7811102187217707
noise,0,4.4170766270351836,0.6876769526197436
noise,0,17.169017892851752,0.9657649125145576
noise,0,3.8228498488453266,0.6616007276322112
noise,0,10.698789911308296,0.8855046784721017
noise,0,6.273301589833747,0.7614282993904952
noise,0,5.587427024079546,0.735624858579758
noise,0,4.001860239023555,0.6695693285815225
noise,0,11.879633844667282,0.9073578392475361
noise,0,8.535198552463966,0.8338143871360842
noise,0,4.170740105117055,0.6769988776840867
noise,0,4.330249017418683,0.683935130669965
noise,0,4.781987938808417,0.7031333231129645
noise,0,4.940231993636946,0.7096968520082306
noise,0,2.194445602230148,0.5853450846769235
noise,0,3.0188482493891193,0.6247210106385058
noise,0,7.100519142800032,0.7901731819878839
noise,0,5.0940702145969174,0.7159946947963624
noise,0,7.854389345662272,0.8140802266906811
