filename,y_true,probs
/tmp/backbone_swap_yamnet_boxt09gl/data/PhysioNet2022/training_data/23625_AV.wav,1.0,0.36337885
/tmp/backbone_swap_yamnet_boxt09gl/data/PhysioNet2022/training_data/23625_MV.wav,1.0,0.15080816
/tmp/backbone_swap_yamnet_boxt09gl/data/PhysioNet2022/training_data/23625_PV.wav,1.0,0.18174909
/tmp/backbone_swap_yamnet_boxt09gl/data/PhysioNet2022/training_data/23625_TV.wav,1.0,0.23978435
/tmp/backbone_swap_yamnet_boxt09gl/data/PhysioNet2022/training_data/29045_AV.wav,1.0,0.3754306
/tmp/backbone_swap_yamnet_boxt09gl/data/PhysioNet2022/training_data/29045_MV.wav,1.0,0.16516525
/tmp/backbone_swap_yamnet_boxt09gl/data/PhysioNet2022/training_data/29045_PV.wav,1.0,0.21794887
/tmp/backbone_swap_yamnet_boxt09gl/data/PhysioNet2022/training_data/29045_TV.wav,1.0,0.32696998
/tmp/backbone_swap_yamnet_boxt09gl/data/PhysioNet2022/training_data/33151_AV.wav,1.0,0.2604728
/tmp/backbone_swap_yamnet_boxt09gl/data/PhysioNet2022/training_data/33151_MV.wav,1.0,0.20468383
/tmp/backbone_swap_yamnet_boxt09gl/data/PhysioNet2022/training_data/33151_PV.wav,1.0,0.2043486
/tmp/backbone_swap_yamnet_boxt09gl/data/PhysioNet2022/training_data/33151_TV.wav,1.0,0.33303887
/tmp/backbone_swap_yamnet_boxt09gl/data/PhysioNet2022/training_data/38337_AV.wav,1.0,0.5640016
/tmp/backbone_swap_yamnet_boxt09gl/data/PhysioNet2022/training_data/38337_MV.wav,1.0,0.14599465
/tmp/backbone_swap_yamnet_boxt09gl/data/PhysioNet2022/training_data/39043_AV.wav,1.0,0.118814394
/tmp/backbone_swap_yamnet_boxt09gl/data/PhysioNet2022/training_data/39043_MV.wav,1.0,0.30628052
/tmp/backbone_swap_yamnet_boxt09gl/data/PhysioNet2022/training_data/39043_PV.wav,1.0,0.12860528
/tmp/backbone_swap_yamnet_boxt09gl/data/PhysioNet2022/training_data/39043_TV.wav,1.0,0.2817047
/tmp/backbone_swap_yamnet_boxt09gl/data/PhysioNet2022/training_data/40058_AV.wav,1.0,0.60233307
/tmp/backbone_swap_yamnet_boxt09gl/data/PhysioNet2022/training_data/40058_MV.wav,1.0,0.24591608
/tmp/backbone_swap_yamnet_boxt09gl/data/PhysioNet2022/training_data/40058_PV.wav,1.0,0.21283817
/tmp/backbone_swap_yamnet_boxt09gl/data/PhysioNet2022/training_data/40058_TV.wav,1.0,0.23603696
/tmp/backbone_swap_yamnet_boxt09gl/data/PhysioNet2022/training_data/40798_AV.wav,1.0,0.19468127
/tmp/backbone_swap_yamnet_boxt09gl/data/PhysioNet2022/training_data/40798_MV.wav,1.0,0.26777554
/tmp/backbone_swap_yamnet_boxt09gl/data/PhysioNet2022/training_data/40798_PV.wav,1.0,0.1568833
/tmp/backbone_swap_yamnet_boxt09gl/data/PhysioNet2022/training_data/40798_TV.wav,1.0,0.3076718
/tmp/backbone_swap_yamnet_boxt09gl/data/PhysioNet2022/training_data/40840_AV.wav,1.0,0.4056623
/tmp/backbone_swap_yamnet_boxt09gl/data/PhysioNet2022/training_data/40840_MV.wav,1.0,0.5902344
/tmp/backbone_swap_yamnet_boxt09gl/data/PhysioNet2022/training_data/40840_PV.wav,1.0,0.12146697
/tmp/backbone_swap_yamnet_boxt09gl/data/PhysioNet2022/training_data/40840_TV.wav,1.0,0.5857943
/tmp/backbone_swap_yamnet_boxt09gl/data/PhysioNet2022/training_data/43852_AV.wav,1.0,0.15735091
/tmp/backbone_swap_yamnet_boxt09gl/data/PhysioNet2022/training_data/43852_MV.wav,1.0,0.20890786
/tmp/backbone_swap_yamnet_boxt09gl/data/PhysioNet2022/training_data/43852_PV.wav,1.0,0.7482226
/tmp/backbone_swap_yamnet_boxt09gl/data/PhysioNet2022/training_data/43852_TV.wav,1.0,0.12552546
/tmp/backbone_swap_yamnet_boxt09gl/data/PhysioNet2022/training_data/44514_AV.wav,1.0,0.29209125
/tmp/backbone_swap_yamnet_boxt09gl/data/PhysioNet2022/training_data/44514_MV.wav,1.0,0.2244548
/tmp/backbone_swap_yamnet_boxt09gl/data/PhysioNet2022/training_data/44514_PV.wav,1.0,0.28148583
/tmp/backbone_swap_yamnet_boxt09gl/data/PhysioNet2022/training_data/44514_TV.wav,1.0,0.21002738
/tmp/backbone_swap_yamnet_boxt09gl/data/PhysioNet2022/training_data/46532_AV.wav,1.0,0.24317186
/tmp/backbone_swap_yamnet_boxt09gl/data/PhysioNet2022/training_data/46778_MV.wav,1.0,0.16112623
/tmp/backbone_swap_yamnet_boxt09gl/data/PhysioNet2022/training_data/49558_AV.wav,1.0,0.019270213
/tmp/backbone_swap_yamnet_boxt09gl/data/PhysioNet2022/training_data/49558_MV.wav,1.0,0.17972863
/tmp/backbone_swap_yamnet_boxt09gl/data/PhysioNet2022/training_data/49562_AV.wav,1.0,0.4772306
/tmp/backbone_swap_yamnet_boxt09gl/data/PhysioNet2022/training_data/49562_MV.wav,1.0,0.18676925
/tmp/backbone_swap_yamnet_boxt09gl/data/PhysioNet2022/training_data/49562_PV.wav,1.0,0.13164479
/tmp/backbone_swap_yamnet_boxt09gl/data/PhysioNet2022/training_data/49562_TV.wav,1.0,0.24821137
/tmp/backbone_swap_yamnet_boxt09gl/data/PhysioNet2022/training_data/49610_AV.wav,1.0,0.19437438
/tmp/backbone_swap_yamnet_boxt09gl/data/PhysioNet2022/training_data/49610_MV.wav,1.0,0.08436941
/tmp/backbone_swap_yamnet_boxt09gl/data/PhysioNet2022/training_data/49610_PV.wav,1.0,0.13898349
/tmp/backbone_swap_yamnet_boxt09gl/data/PhysioNet2022/training_data/49610_TV.wav,1.0,0.5089056
/tmp/backbone_swap_yamnet_boxt09gl/data/PhysioNet2022/training_data/49618_AV.wav,1.0,0.2431193
/tmp/backbone_swap_yamnet_boxt09gl/data/PhysioNet2022/training_data/49618_MV.wav,1.0,0.44802383
/tmp/backbone_swap_yamnet_boxt09gl/data/PhysioNet2022/training_data/49628_AV.wav,1.0,0.27117226
/tmp/backbone_swap_yamnet_boxt09gl/data/PhysioNet2022/training_data/49628_MV.wav,1.0,0.21586423
/tmp/backbone_swap_yamnet_boxt09gl/data/PhysioNet2022/training_data/49628_PV.wav,1.0,0.1686412
/tmp/backbone_swap_yamnet_boxt09gl/data/PhysioNet2022/training_data/49628_TV.wav,1.0,0.22205497
/tmp/backbone_swap_yamnet_boxt09gl/data/PhysioNet2022/training_data/49630_AV.wav,1.0,0.29105988
/tmp/backbone_swap_yamnet_boxt09gl/data/PhysioNet2022/training_data/49630_MV.wav,1.0,0.07941194
/tmp/backbone_swap_yamnet_boxt09gl/data/PhysioNet2022/training_data/49630_PV.wav,1.0,0.8942465
/tmp/backbone_swap_yamnet_boxt09gl/data/PhysioNet2022/training_data/49630_TV.wav,1.0,0.14512064
/tmp/backbone_swap_yamnet_boxt09gl/data/PhysioNet2022/training_data/49631_AV.wav,1.0,0.8420562
/tmp/backbone_swap_yamnet_boxt09gl/data/PhysioNet2022/training_data/49631_MV.wav,1.0,0.16635065
/tmp/backbone_swap_yamnet_boxt09gl/data/PhysioNet2022/training_data/49641_AV.wav,1.0,0.13070805
/tmp/backbone_swap_yamnet_boxt09gl/data/PhysioNet2022/training_data/49641_MV.wav,1.0,0.19991207
/tmp/backbone_swap_yamnet_boxt09gl/data/PhysioNet2022/training_data/49641_PV.wav,1.0,0.62532896
/tmp/backbone_swap_yamnet_boxt09gl/data/PhysioNet2022/training_data/49641_TV.wav,1.0,0.41322672
/tmp/backbone_swap_yamnet_boxt09gl/data/PhysioNet2022/training_data/49653_AV.wav,1.0,0.17750327
/tmp/backbone_swap_yamnet_boxt09gl/data/PhysioNet2022/training_data/49653_MV.wav,1.0,0.2188918
/tmp/backbone_swap_yamnet_boxt09gl/data/PhysioNet2022/training_data/49653_PV.wav,1.0,0.14420238
/tmp/backbone_swap_yamnet_boxt09gl/data/PhysioNet2022/training_data/49653_TV.wav,1.0,0.16553482
/tmp/backbone_swap_yamnet_boxt09gl/data/PhysioNet2022/training_data/49661_AV.wav,1.0,0.1283896
/tmp/backbone_swap_yamnet_boxt09gl/data/PhysioNet2022/training_data/49661_MV.wav,1.0,0.22812651
/tmp/backbone_swap_yamnet_boxt09gl/data/PhysioNet2022/training_data/49678_AV.wav,1.0,0.1234168
/tmp/backbone_swap_yamnet_boxt09gl/data/PhysioNet2022/training_data/49678_MV.wav,1.0,0.80390686
/tmp/backbone_swap_yamnet_boxt09gl/data/PhysioNet2022/training_data/49678_PV.wav,1.0,0.24112074
/tmp/backbone_swap_yamnet_boxt09gl/data/PhysioNet2022/training_data/49678_TV.wav,1.0,0.19066893
/tmp/backbone_swap_yamnet_boxt09gl/data/PhysioNet2022/training_data/49683_AV.wav,1.0,0.2986338
/tmp/backbone_swap_yamnet_boxt09gl/data/PhysioNet2022/training_data/49683_MV.wav,1.0,0.23416409
/tmp/backbone_swap_yamnet_boxt09gl/data/PhysioNet2022/training_data/49683_PV.wav,1.0,0.37172127
/tmp/backbone_swap_yamnet_boxt09gl/data/PhysioNet2022/training_data/49683_TV.wav,1.0,0.47633046
/tmp/backbone_swap_yamnet_boxt09gl/data/PhysioNet2022/training_data/49719_AV.wav,1.0,0.4620617
/tmp/backbone_swap_yamnet_boxt09gl/data/PhysioNet2022/training_data/49719_MV.wav,1.0,0.38064122
/tmp/backbone_swap_yamnet_boxt09gl/data/PhysioNet2022/training_data/49719_PV.wav,1.0,0.13608094
/tmp/backbone_swap_yamnet_boxt09gl/data/PhysioNet2022/training_data/49719_TV.wav,1.0,0.30341956
/tmp/backbone_swap_yamnet_boxt09gl/data/PhysioNet2022/training_data/49729_AV.wav,1.0,0.31832424
/tmp/backbone_swap_yamnet_boxt09gl/data/PhysioNet2022/training_data/49729_MV.wav,1.0,0.20171909
/tmp/backbone_swap_yamnet_boxt09gl/data/PhysioNet2022/training_data/49729_PV.wav,1.0,0.19821647
/tmp/backbone_swap_yamnet_boxt09gl/data/PhysioNet2022/training_data/49729_TV.wav,1.0,0.09306921
/tmp/backbone_swap_yamnet_boxt09gl/data/PhysioNet2022/training_data/49751_AV.wav,1.0,0.12435979
/tmp/backbone_swap_yamnet_boxt09gl/data/PhysioNet2022/training_data/49751_MV.wav,1.0,0.41882697
/tmp/backbone_swap_yamnet_boxt09gl/data/PhysioNet2022/training_data/49751_PV.wav,1.0,0.19319783
/tmp/backbone_swap_yamnet_boxt09gl/data/PhysioNet2022/training_data/49751_TV.wav,1.0,0.21081674
/tmp/backbone_swap_yamnet_boxt09gl/data/PhysioNet2022/training_data/49824_AV.wav,1.0,0.62838304
/tmp/backbone_swap_yamnet_boxt09gl/data/PhysioNet2022/training_data/49824_MV.wav,1.0,0.21368803
/tmp/backbone_swap_yamnet_boxt09gl/data/PhysioNet2022/training_data/49824_PV.wav,1.0,0.34154198
/tmp/backbone_swap_yamnet_boxt09gl/data/PhysioNet2022/training_data/49842_AV.wav,1.0,0.15029453
/tmp/backbone_swap_yamnet_boxt09gl/data/PhysioNet2022/training_data/49842_MV.wav,1.0,0.21026266
/tmp/backbone_swap_yamnet_boxt09gl/data/PhysioNet2022/training_data/49842_PV.wav,1.0,0.21231595
/tmp/backbone_swap_yamnet_boxt09gl/data/PhysioNet2022/training_data/49842_TV.wav,1.0,0.1629599
/tmp/backbone_swap_yamnet_boxt09gl/data/PhysioNet2022/training_data/49850_AV.wav,1.0,0.1616964
/tmp/backbone_swap_yamnet_boxt09gl/data/PhysioNet2022/training_data/49850_MV.wav,1.0,0.28011233
/tmp/backbone_swap_yamnet_boxt09gl/data/PhysioNet2022/training_data/49853_AV.wav,1.0,0.25992206
/tmp/backbone_swap_yamnet_boxt09gl/data/PhysioNet2022/training_data/49853_MV.wav,1.0,0.2030282
/tmp/backbone_swap_yamnet_boxt09gl/data/PhysioNet2022/training_data/49853_PV.wav,1.0,0.31364167
/tmp/backbone_swap_yamnet_boxt09gl/data/PhysioNet2022/training_data/49853_TV.wav,1.0,0.8918961
/tmp/backbone_swap_yamnet_boxt09gl/data/PhysioNet2022/training_data/49931_AV.wav,1.0,0.2167906
/tmp/backbone_swap_yamnet_boxt09gl/data/PhysioNet2022/training_data/49931_PV.wav,1.0,0.18879417
/tmp/backbone_swap_yamnet_boxt09gl/data/PhysioNet2022/training_data/49931_TV.wav,1.0,0.26139987
/tmp/backbone_swap_yamnet_boxt09gl/data/PhysioNet2022/training_data/49963_AV.wav,1.0,0.27333984
/tmp/backbone_swap_yamnet_boxt09gl/data/PhysioNet2022/training_data/49963_MV.wav,1.0,0.24778669
/tmp/backbone_swap_yamnet_boxt09gl/data/PhysioNet2022/training_data/49963_PV.wav,1.0,0.19625545
/tmp/backbone_swap_yamnet_boxt09gl/data/PhysioNet2022/training_data/49963_TV.wav,1.0,0.29119644
/tmp/backbone_swap_yamnet_boxt09gl/data/PhysioNet2022/training_data/49966_MV.wav,1.0,0.241256
/tmp/backbone_swap_yamnet_boxt09gl/data/PhysioNet2022/training_data/49970_AV.wav,1.0,0.24735227
/tmp/backbone_swap_yamnet_boxt09gl/data/PhysioNet2022/training_data/49970_MV.wav,1.0,0.2334073
/tmp/backbone_swap_yamnet_boxt09gl/data/PhysioNet2022/training_data/49974_AV.wav,1.0,0.14847077
/tmp/backbone_swap_yamnet_boxt09gl/data/PhysioNet2022/training_data/49974_MV.wav,1.0,0.09313909
/tmp/backbone_swap_yamnet_boxt09gl/data/PhysioNet2022/training_data/49974_PV.wav,1.0,0.2865635
/tmp/backbone_swap_yamnet_boxt09gl/data/PhysioNet2022/training_data/49974_TV.wav,1.0,0.43690452
/tmp/backbone_swap_yamnet_boxt09gl/data/PhysioNet2022/training_data/49978_PV.wav,1.0,0.106152385
/tmp/backbone_swap_yamnet_boxt09gl/data/PhysioNet2022/training_data/49988_AV.wav,1.0,0.2609786
/tmp/backbone_swap_yamnet_boxt09gl/data/PhysioNet2022/training_data/49988_MV.wav,1.0,0.26369274
/tmp/backbone_swap_yamnet_boxt09gl/data/PhysioNet2022/training_data/49988_PV.wav,1.0,0.1543226
/tmp/backbone_swap_yamnet_boxt09gl/data/PhysioNet2022/training_data/49988_TV.wav,1.0,0.2973598
/tmp/backbone_swap_yamnet_boxt09gl/data/PhysioNet2022/training_data/49994_AV.wav,1.0,0.23543677
/tmp/backbone_swap_yamnet_boxt09gl/data/PhysioNet2022/training_data/49994_MV.wav,1.0,0.13216633
/tmp/backbone_swap_yamnet_boxt09gl/data/PhysioNet2022/training_data/49994_PV.wav,1.0,0.23659793
/tmp/backbone_swap_yamnet_boxt09gl/data/PhysioNet2022/training_data/49994_TV.wav,1.0,0.17397971
/tmp/backbone_swap_yamnet_boxt09gl/data/PhysioNet2022/training_data/50001_AV.wav,1.0,0.19007218
/tmp/backbone_swap_yamnet_boxt09gl/data/PhysioNet2022/training_data/50001_MV.wav,1.0,0.2091966
/tmp/backbone_swap_yamnet_boxt09gl/data/PhysioNet2022/training_data/50001_PV.wav,1.0,0.17707261
/tmp/backbone_swap_yamnet_boxt09gl/data/PhysioNet2022/training_data/50001_TV.wav,1.0,0.3248045
/tmp/backbone_swap_yamnet_boxt09gl/data/PhysioNet2022/training_data/50006_AV.wav,1.0,0.55629057
/tmp/backbone_swap_yamnet_boxt09gl/data/PhysioNet2022/training_data/50006_MV.wav,1.0,0.43229312
/tmp/backbone_swap_yamnet_boxt09gl/data/PhysioNet2022/training_data/50008_AV.wav,1.0,0.14969046
/tmp/backbone_swap_yamnet_boxt09gl/data/PhysioNet2022/training_data/50008_MV.wav,1.0,0.09495448
/tmp/backbone_swap_yamnet_boxt09gl/data/PhysioNet2022/training_data/50008_PV.wav,1.0,0.87988216
/tmp/backbone_swap_yamnet_boxt09gl/data/PhysioNet2022/training_data/50008_TV.wav,1.0,0.3644539
/tmp/backbone_swap_yamnet_boxt09gl/data/PhysioNet2022/training_data/50009_AV.wav,1.0,0.22238748
/tmp/backbone_swap_yamnet_boxt09gl/data/PhysioNet2022/training_data/50012_MV.wav,1.0,0.4046562
/tmp/backbone_swap_yamnet_boxt09gl/data/PhysioNet2022/training_data/50014_AV.wav,1.0,0.24449775
/tmp/backbone_swap_yamnet_boxt09gl/data/PhysioNet2022/training_data/50014_MV.wav,1.0,0.21359184
/tmp/backbone_swap_yamnet_boxt09gl/data/PhysioNet2022/training_data/50014_PV.wav,1.0,0.17488053
/tmp/backbone_swap_yamnet_boxt09gl/data/PhysioNet2022/training_data/50014_TV.wav,1.0,0.31984323
/tmp/backbone_swap_yamnet_boxt09gl/data/PhysioNet2022/training_data/50015_AV.wav,1.0,0.37564978
/tmp/backbone_swap_yamnet_boxt09gl/data/PhysioNet2022/training_data/50015_MV.wav,1.0,0.36616722
/tmp/backbone_swap_yamnet_boxt09gl/data/PhysioNet2022/training_data/50015_PV.wav,1.0,0.1609833
/tmp/backbone_swap_yamnet_boxt09gl/data/PhysioNet2022/training_data/50015_TV.wav,1.0,0.24921444
/tmp/backbone_swap_yamnet_boxt09gl/data/PhysioNet2022/training_data/50030_MV.wav,1.0,0.52305967
/tmp/backbone_swap_yamnet_boxt09gl/data/PhysioNet2022/training_data/50030_PV.wav,1.0,0.2445315
/tmp/backbone_swap_yamnet_boxt09gl/data/PhysioNet2022/training_data/50030_TV.wav,1.0,0.16986604
/tmp/backbone_swap_yamnet_boxt09gl/data/PhysioNet2022/training_data/50032_PV.wav,1.0,0.31169
/tmp/backbone_swap_yamnet_boxt09gl/data/PhysioNet2022/training_data/50032_TV_1.wav,1.0,0.35946983
/tmp/backbone_swap_yamnet_boxt09gl/data/PhysioNet2022/training_data/50032_TV_2.wav,1.0,0.24501856
/tmp/backbone_swap_yamnet_boxt09gl/data/PhysioNet2022/training_data/50034_AV.wav,1.0,0.25373217
/tmp/backbone_swap_yamnet_boxt09gl/data/PhysioNet2022/training_data/50034_MV.wav,1.0,0.40444872
/tmp/backbone_swap_yamnet_boxt09gl/data/PhysioNet2022/training_data/50037_AV.wav,1.0,0.398563
/tmp/backbone_swap_yamnet_boxt09gl/data/PhysioNet2022/training_data/50037_MV.wav,1.0,0.24393709
/tmp/backbone_swap_yamnet_boxt09gl/data/PhysioNet2022/training_data/50053_AV.wav,1.0,0.45758584
/tmp/backbone_swap_yamnet_boxt09gl/data/PhysioNet2022/training_data/50053_PV.wav,1.0,0.24778527
/tmp/backbone_swap_yamnet_boxt09gl/data/PhysioNet2022/training_data/50053_TV.wav,1.0,0.2542491
/tmp/backbone_swap_yamnet_boxt09gl/data/PhysioNet2022/training_data/50072_MV.wav,1.0,0.19032556
/tmp/backbone_swap_yamnet_boxt09gl/data/PhysioNet2022/training_data/50072_PV.wav,1.0,0.20483318
/tmp/backbone_swap_yamnet_boxt09gl/data/PhysioNet2022/training_data/50072_TV.wav,1.0,0.40586886
/tmp/backbone_swap_yamnet_boxt09gl/data/PhysioNet2022/training_data/50075_AV.wav,1.0,0.27391213
/tmp/backbone_swap_yamnet_boxt09gl/data/PhysioNet2022/training_data/50075_MV.wav,1.0,0.2916156
/tmp/backbone_swap_yamnet_boxt09gl/data/PhysioNet2022/training_data/50078_AV.wav,1.0,0.09883736
/tmp/backbone_swap_yamnet_boxt09gl/data/PhysioNet2022/training_data/50078_MV.wav,1.0,0.13846815
/tmp/backbone_swap_yamnet_boxt09gl/data/PhysioNet2022/training_data/50078_PV.wav,1.0,0.10692065
/tmp/backbone_swap_yamnet_boxt09gl/data/PhysioNet2022/training_data/50078_TV.wav,1.0,0.26522106
/tmp/backbone_swap_yamnet_boxt09gl/data/PhysioNet2022/training_data/50086_MV.wav,1.0,0.17229253
/tmp/backbone_swap_yamnet_boxt09gl/data/PhysioNet2022/training_data/50086_PV.wav,1.0,0.1671605
/tmp/backbone_swap_yamnet_boxt09gl/data/PhysioNet2022/training_data/50086_TV.wav,1.0,0.2326531
/tmp/backbone_swap_yamnet_boxt09gl/data/PhysioNet2022/training_data/50094_MV.wav,1.0,0.19871973
/tmp/backbone_swap_yamnet_boxt09gl/data/PhysioNet2022/training_data/50094_PV.wav,1.0,0.20142418
/tmp/backbone_swap_yamnet_boxt09gl/data/PhysioNet2022/training_data/50094_TV.wav,1.0,0.300432
/tmp/backbone_swap_yamnet_boxt09gl/data/PhysioNet2022/training_data/50096_AV.wav,1.0,0.3296275
/tmp/backbone_swap_yamnet_boxt09gl/data/PhysioNet2022/training_data/50096_MV.wav,1.0,0.2609764
/tmp/backbone_swap_yamnet_boxt09gl/data/PhysioNet2022/training_data/50096_PV.wav,1.0,0.26429862
/tmp/backbone_swap_yamnet_boxt09gl/data/PhysioNet2022/training_data/50096_TV.wav,1.0,0.17344609
/tmp/backbone_swap_yamnet_boxt09gl/data/PhysioNet2022/training_data/50099_MV.wav,1.0,0.1253433
/tmp/backbone_swap_yamnet_boxt09gl/data/PhysioNet2022/training_data/50099_PV.wav,1.0,0.73516375
/tmp/backbone_swap_yamnet_boxt09gl/data/PhysioNet2022/training_data/50099_TV.wav,1.0,0.24625224
/tmp/backbone_swap_yamnet_boxt09gl/data/PhysioNet2022/training_data/50104_AV.wav,1.0,0.13974257
/tmp/backbone_swap_yamnet_boxt09gl/data/PhysioNet2022/training_data/50104_MV.wav,1.0,0.18914862
/tmp/backbone_swap_yamnet_boxt09gl/data/PhysioNet2022/training_data/50104_PV.wav,1.0,0.21230915
/tmp/backbone_swap_yamnet_boxt09gl/data/PhysioNet2022/training_data/50104_TV.wav,1.0,0.31557015
/tmp/backbone_swap_yamnet_boxt09gl/data/PhysioNet2022/training_data/50115_AV.wav,1.0,0.49543375
/tmp/backbone_swap_yamnet_boxt09gl/data/PhysioNet2022/training_data/50115_MV.wav,1.0,0.21376202
/tmp/backbone_swap_yamnet_boxt09gl/data/PhysioNet2022/training_data/50115_PV_1.wav,1.0,0.17797375
/tmp/backbone_swap_yamnet_boxt09gl/data/PhysioNet2022/training_data/50115_PV_2.wav,1.0,0.24268913
/tmp/backbone_swap_yamnet_boxt09gl/data/PhysioNet2022/training_data/50115_TV_1.wav,1.0,0.17120822
/tmp/backbone_swap_yamnet_boxt09gl/data/PhysioNet2022/training_data/50115_TV_2.wav,1.0,0.21255614
/tmp/backbone_swap_yamnet_boxt09gl/data/PhysioNet2022/training_data/50116_AV.wav,1.0,0.33918962
/tmp/backbone_swap_yamnet_boxt09gl/data/PhysioNet2022/training_data/50116_MV.wav,1.0,0.22925307
/tmp/backbone_swap_yamnet_boxt09gl/data/PhysioNet2022/training_data/50116_PV.wav,1.0,0.37171003
/tmp/backbone_swap_yamnet_boxt09gl/data/PhysioNet2022/training_data/50116_TV.wav,1.0,0.2940198
/tmp/backbone_swap_yamnet_boxt09gl/data/PhysioNet2022/training_data/50117_MV.wav,1.0,0.15591069
/tmp/backbone_swap_yamnet_boxt09gl/data/PhysioNet2022/training_data/50117_PV.wav,1.0,0.1311632
/tmp/backbone_swap_yamnet_boxt09gl/data/PhysioNet2022/training_data/50117_TV.wav,1.0,0.21472701
/tmp/backbone_swap_yamnet_boxt09gl/data/PhysioNet2022/training_data/50121_PV.wav,1.0,0.21711892
/tmp/backbone_swap_yamnet_boxt09gl/data/PhysioNet2022/training_data/50121_TV.wav,1.0,0.257624
/tmp/backbone_swap_yamnet_boxt09gl/data/PhysioNet2022/training_data/50123_MV.wav,1.0,0.2116938
/tmp/backbone_swap_yamnet_boxt09gl/data/PhysioNet2022/training_data/50126_AV.wav,1.0,0.2685765
/tmp/backbone_swap_yamnet_boxt09gl/data/PhysioNet2022/training_data/50126_MV.wav,1.0,0.3001175
/tmp/backbone_swap_yamnet_boxt09gl/data/PhysioNet2022/training_data/50126_PV.wav,1.0,0.20337965
/tmp/backbone_swap_yamnet_boxt09gl/data/PhysioNet2022/training_data/50126_TV.wav,1.0,0.47653225
/tmp/backbone_swap_yamnet_boxt09gl/data/PhysioNet2022/training_data/50128_AV.wav,1.0,0.2811674
/tmp/backbone_swap_yamnet_boxt09gl/data/PhysioNet2022/training_data/50128_MV.wav,1.0,0.11503174
/tmp/backbone_swap_yamnet_boxt09gl/data/PhysioNet2022/training_data/50128_PV.wav,1.0,0.17334355
/tmp/backbone_swap_yamnet_boxt09gl/data/PhysioNet2022/training_data/50128_TV.wav,1.0,0.20772976
/tmp/backbone_swap_yamnet_boxt09gl/data/PhysioNet2022/training_data/50133_MV.wav,1.0,0.21381235
/tmp/backbone_swap_yamnet_boxt09gl/data/PhysioNet2022/training_data/50136_AV.wav,1.0,0.122001916
/tmp/backbone_swap_yamnet_boxt09gl/data/PhysioNet2022/training_data/50136_MV.wav,1.0,0.2879472
/tmp/backbone_swap_yamnet_boxt09gl/data/PhysioNet2022/training_data/50137_MV.wav,1.0,0.15038534
/tmp/backbone_swap_yamnet_boxt09gl/data/PhysioNet2022/training_data/50137_PV.wav,1.0,0.43990758
/tmp/backbone_swap_yamnet_boxt09gl/data/PhysioNet2022/training_data/50137_TV.wav,1.0,0.28367725
/tmp/backbone_swap_yamnet_boxt09gl/data/PhysioNet2022/training_data/50138_AV.wav,1.0,0.1236151
/tmp/backbone_swap_yamnet_boxt09gl/data/PhysioNet2022/training_data/50138_MV.wav,1.0,0.15222135
/tmp/backbone_swap_yamnet_boxt09gl/data/PhysioNet2022/training_data/50141_AV.wav,1.0,0.11693528
/tmp/backbone_swap_yamnet_boxt09gl/data/PhysioNet2022/training_data/50142_AV.wav,1.0,0.32920098
/tmp/backbone_swap_yamnet_boxt09gl/data/PhysioNet2022/training_data/50142_MV.wav,1.0,0.122708164
/tmp/backbone_swap_yamnet_boxt09gl/data/PhysioNet2022/training_data/50145_MV.wav,1.0,0.27425218
/tmp/backbone_swap_yamnet_boxt09gl/data/PhysioNet2022/training_data/50149_MV.wav,1.0,0.13367376
/tmp/backbone_swap_yamnet_boxt09gl/data/PhysioNet2022/training_data/50149_PV.wav,1.0,0.22211997
/tmp/backbone_swap_yamnet_boxt09gl/data/PhysioNet2022/training_data/50150_AV.wav,1.0,0.21507552
/tmp/backbone_swap_yamnet_boxt09gl/data/PhysioNet2022/training_data/50150_MV.wav,1.0,0.199955
/tmp/backbone_swap_yamnet_boxt09gl/data/PhysioNet2022/training_data/50150_PV.wav,1.0,0.59519446
/tmp/backbone_swap_yamnet_boxt09gl/data/PhysioNet2022/training_data/50150_TV.wav,1.0,0.7159801
/tmp/backbone_swap_yamnet_boxt09gl/data/PhysioNet2022/training_data/50153_AV.wav,1.0,0.13455682
/tmp/backbone_swap_yamnet_boxt09gl/data/PhysioNet2022/training_data/50153_MV.wav,1.0,0.2950088
/tmp/backbone_swap_yamnet_boxt09gl/data/PhysioNet2022/training_data/50159_MV.wav,1.0,0.18908352
/tmp/backbone_swap_yamnet_boxt09gl/data/PhysioNet2022/training_data/50159_PV.wav,1.0,0.20129889
/tmp/backbone_swap_yamnet_boxt09gl/data/PhysioNet2022/training_data/50159_TV.wav,1.0,0.503409
/tmp/backbone_swap_yamnet_boxt09gl/data/PhysioNet2022/training_data/50164_MV.wav,1.0,0.2145771
/tmp/backbone_swap_yamnet_boxt09gl/data/PhysioNet2022/training_data/50164_PV.wav,1.0,0.19909969
/tmp/backbone_swap_yamnet_boxt09gl/data/PhysioNet2022/training_data/50164_TV.wav,1.0,0.18810233
/tmp/backbone_swap_yamnet_boxt09gl/data/PhysioNet2022/training_data/50165_AV.wav,1.0,0.25791803
/tmp/backbone_swap_yamnet_boxt09gl/data/PhysioNet2022/training_data/50165_MV.wav,1.0,0.37229714
/tmp/backbone_swap_yamnet_boxt09gl/data/PhysioNet2022/training_data/50165_PV.wav,1.0,0.25086448
/tmp/backbone_swap_yamnet_boxt09gl/data/PhysioNet2022/training_data/50166_MV.wav,1.0,0.17570731
/tmp/backbone_swap_yamnet_boxt09gl/data/PhysioNet2022/training_data/50213_AV.wav,1.0,0.1449703
/tmp/backbone_swap_yamnet_boxt09gl/data/PhysioNet2022/training_data/50213_MV.wav,1.0,0.28424868
/tmp/backbone_swap_yamnet_boxt09gl/data/PhysioNet2022/training_data/50213_PV.wav,1.0,0.20441687
/tmp/backbone_swap_yamnet_boxt09gl/data/PhysioNet2022/training_data/50213_TV.wav,1.0,0.66901255
/tmp/backbone_swap_yamnet_boxt09gl/data/PhysioNet2022/training_data/50241_MV.wav,1.0,0.12758978
/tmp/backbone_swap_yamnet_boxt09gl/data/PhysioNet2022/training_data/50244_AV.wav,1.0,0.35198745
/tmp/backbone_swap_yamnet_boxt09gl/data/PhysioNet2022/training_data/50244_MV.wav,1.0,0.35703194
/tmp/backbone_swap_yamnet_boxt09gl/data/PhysioNet2022/training_data/50244_PV.wav,1.0,0.13724849
/tmp/backbone_swap_yamnet_boxt09gl/data/PhysioNet2022/training_data/50244_TV.wav,1.0,0.16882467
/tmp/backbone_swap_yamnet_boxt09gl/data/PhysioNet2022/training_data/50247_AV.wav,1.0,0.05828131
/tmp/backbone_swap_yamnet_boxt09gl/data/PhysioNet2022/training_data/50247_MV.wav,1.0,0.31975883
/tmp/backbone_swap_yamnet_boxt09gl/data/PhysioNet2022/training_data/50247_PV.wav,1.0,0.33316037
/tmp/backbone_swap_yamnet_boxt09gl/data/PhysioNet2022/training_data/50248_TV.wav,1.0,0.017629517
/tmp/backbone_swap_yamnet_boxt09gl/data/PhysioNet2022/training_data/50250_AV.wav,1.0,0.28051153
/tmp/backbone_swap_yamnet_boxt09gl/data/PhysioNet2022/training_data/50250_MV.wav,1.0,0.39846274
/tmp/backbone_swap_yamnet_boxt09gl/data/PhysioNet2022/training_data/50250_PV.wav,1.0,0.23311915
/tmp/backbone_swap_yamnet_boxt09gl/data/PhysioNet2022/training_data/50250_TV_1.wav,1.0,0.13640192
/tmp/backbone_swap_yamnet_boxt09gl/data/PhysioNet2022/training_data/50250_TV_2.wav,1.0,0.1862302
/tmp/backbone_swap_yamnet_boxt09gl/data/PhysioNet2022/training_data/50251_AV.wav,1.0,0.23437098
/tmp/backbone_swap_yamnet_boxt09gl/data/PhysioNet2022/training_data/50251_MV.wav,1.0,0.25319287
/tmp/backbone_swap_yamnet_boxt09gl/data/PhysioNet2022/training_data/50256_AV.wav,1.0,0.579334
/tmp/backbone_swap_yamnet_boxt09gl/data/PhysioNet2022/training_data/50256_MV.wav,1.0,0.29959399
/tmp/backbone_swap_yamnet_boxt09gl/data/PhysioNet2022/training_data/50256_PV.wav,1.0,0.2977268
/tmp/backbone_swap_yamnet_boxt09gl/data/PhysioNet2022/training_data/50256_TV.wav,1.0,0.20606554
/tmp/backbone_swap_yamnet_boxt09gl/data/PhysioNet2022/training_data/50264_AV.wav,1.0,0.20040157
/tmp/backbone_swap_yamnet_boxt09gl/data/PhysioNet2022/training_data/50264_MV.wav,1.0,0.14505374
/tmp/backbone_swap_yamnet_boxt09gl/data/PhysioNet2022/training_data/50272_AV.wav,1.0,0.3387044
/tmp/backbone_swap_yamnet_boxt09gl/data/PhysioNet2022/training_data/50272_MV.wav,1.0,0.24112028
/tmp/backbone_swap_yamnet_boxt09gl/data/PhysioNet2022/training_data/50272_PV.wav,1.0,0.15130945
/tmp/backbone_swap_yamnet_boxt09gl/data/PhysioNet2022/training_data/50272_TV.wav,1.0,0.5071872
/tmp/backbone_swap_yamnet_boxt09gl/data/PhysioNet2022/training_data/50273_AV.wav,1.0,0.27307
/tmp/backbone_swap_yamnet_boxt09gl/data/PhysioNet2022/training_data/50273_MV.wav,1.0,0.22869591
/tmp/backbone_swap_yamnet_boxt09gl/data/PhysioNet2022/training_data/50273_PV.wav,1.0,0.19457643
/tmp/backbone_swap_yamnet_boxt09gl/data/PhysioNet2022/training_data/50273_TV.wav,1.0,0.1723422
/tmp/backbone_swap_yamnet_boxt09gl/data/PhysioNet2022/training_data/50275_AV.wav,1.0,0.21798208
/tmp/backbone_swap_yamnet_boxt09gl/data/PhysioNet2022/training_data/50275_MV.wav,1.0,0.25214922
/tmp/backbone_swap_yamnet_boxt09gl/data/PhysioNet2022/training_data/50275_PV.wav,1.0,0.14829569
/tmp/backbone_swap_yamnet_boxt09gl/data/PhysioNet2022/training_data/50275_TV.wav,1.0,0.41193703
/tmp/backbone_swap_yamnet_boxt09gl/data/PhysioNet2022/training_data/50285_MV.wav,1.0,0.6547054
/tmp/backbone_swap_yamnet_boxt09gl/data/PhysioNet2022/training_data/50295_AV.wav,1.0,0.37358567
/tmp/backbone_swap_yamnet_boxt09gl/data/PhysioNet2022/training_data/50295_MV.wav,1.0,0.3999549
/tmp/backbone_swap_yamnet_boxt09gl/data/PhysioNet2022/training_data/50295_PV.wav,1.0,0.3801001
/tmp/backbone_swap_yamnet_boxt09gl/data/PhysioNet2022/training_data/50295_TV.wav,1.0,0.30810204
/tmp/backbone_swap_yamnet_boxt09gl/data/PhysioNet2022/training_data/50296_AV.wav,1.0,0.22351344
/tmp/backbone_swap_yamnet_boxt09gl/data/PhysioNet2022/training_data/50296_MV.wav,1.0,0.18838462
/tmp/backbone_swap_yamnet_boxt09gl/data/PhysioNet2022/training_data/50296_PV.wav,1.0,0.42641404
/tmp/backbone_swap_yamnet_boxt09gl/data/PhysioNet2022/training_data/50296_TV.wav,1.0,0.24527445
/tmp/backbone_swap_yamnet_boxt09gl/data/PhysioNet2022/training_data/50304_PV.wav,1.0,0.3179109
/tmp/backbone_swap_yamnet_boxt09gl/data/PhysioNet2022/training_data/50306_AV.wav,1.0,0.30467063
/tmp/backbone_swap_yamnet_boxt09gl/data/PhysioNet2022/training_data/50306_MV.wav,1.0,0.3573345
/tmp/backbone_swap_yamnet_boxt09gl/data/PhysioNet2022/training_data/50306_PV.wav,1.0,0.43955553
/tmp/backbone_swap_yamnet_boxt09gl/data/PhysioNet2022/training_data/50306_TV.wav,1.0,0.1982812
/tmp/backbone_swap_yamnet_boxt09gl/data/PhysioNet2022/training_data/50311_MV.wav,1.0,0.13872668
/tmp/backbone_swap_yamnet_boxt09gl/data/PhysioNet2022/training_data/50311_PV.wav,1.0,0.29340768
/tmp/backbone_swap_yamnet_boxt09gl/data/PhysioNet2022/training_data/50311_TV.wav,1.0,0.1782149
/tmp/backbone_swap_yamnet_boxt09gl/data/PhysioNet2022/training_data/50319_AV.wav,1.0,0.2538555
/tmp/backbone_swap_yamnet_boxt09gl/data/PhysioNet2022/training_data/50319_MV.wav,1.0,0.1992582
/tmp/backbone_swap_yamnet_boxt09gl/data/PhysioNet2022/training_data/50319_PV.wav,1.0,0.33196777
/tmp/backbone_swap_yamnet_boxt09gl/data/PhysioNet2022/training_data/50319_TV.wav,1.0,0.48363018
/tmp/backbone_swap_yamnet_boxt09gl/data/PhysioNet2022/training_data/50321_AV_1.wav,1.0,0.3056824
/tmp/backbone_swap_yamnet_boxt09gl/data/PhysioNet2022/training_data/50321_AV_2.wav,1.0,0.21101438
/tmp/backbone_swap_yamnet_boxt09gl/data/PhysioNet2022/training_data/50321_MV_1.wav,1.0,0.23381008
/tmp/backbone_swap_yamnet_boxt09gl/data/PhysioNet2022/training_data/50321_MV_2.wav,1.0,0.13479178
/tmp/backbone_swap_yamnet_boxt09gl/data/PhysioNet2022/training_data/50327_AV.wav,1.0,0.27513945
/tmp/backbone_swap_yamnet_boxt09gl/data/PhysioNet2022/training_data/50327_MV.wav,1.0,0.36154234
/tmp/backbone_swap_yamnet_boxt09gl/data/PhysioNet2022/training_data/50327_PV.wav,1.0,0.2490176
/tmp/backbone_swap_yamnet_boxt09gl/data/PhysioNet2022/training_data/50327_TV.wav,1.0,0.19327603
/tmp/backbone_swap_yamnet_boxt09gl/data/PhysioNet2022/training_data/50332_AV.wav,1.0,0.22905722
/tmp/backbone_swap_yamnet_boxt09gl/data/PhysioNet2022/training_data/50332_MV.wav,1.0,0.29013303
/tmp/backbone_swap_yamnet_boxt09gl/data/PhysioNet2022/training_data/50334_AV.wav,1.0,0.24841969
/tmp/backbone_swap_yamnet_boxt09gl/data/PhysioNet2022/training_data/50334_MV.wav,1.0,0.14470075
/tmp/backbone_swap_yamnet_boxt09gl/data/PhysioNet2022/training_data/50334_PV.wav,1.0,0.14255403
/tmp/backbone_swap_yamnet_boxt09gl/data/PhysioNet2022/training_data/50334_TV.wav,1.0,0.088655464
/tmp/backbone_swap_yamnet_boxt09gl/data/PhysioNet2022/training_data/50341_AV.wav,1.0,0.13777998
/tmp/backbone_swap_yamnet_boxt09gl/data/PhysioNet2022/training_data/50341_MV.wav,1.0,0.19373614
/tmp/backbone_swap_yamnet_boxt09gl/data/PhysioNet2022/training_data/50342_AV.wav,1.0,0.16725558
/tmp/backbone_swap_yamnet_boxt09gl/data/PhysioNet2022/training_data/50342_MV.wav,1.0,0.3233455
/tmp/backbone_swap_yamnet_boxt09gl/data/PhysioNet2022/training_data/50350_AV.wav,1.0,0.30353317
/tmp/backbone_swap_yamnet_boxt09gl/data/PhysioNet2022/training_data/50350_MV.wav,1.0,0.31336564
/tmp/backbone_swap_yamnet_boxt09gl/data/PhysioNet2022/training_data/50350_PV.wav,1.0,0.12034366
/tmp/backbone_swap_yamnet_boxt09gl/data/PhysioNet2022/training_data/50350_TV.wav,1.0,0.12567227
/tmp/backbone_swap_yamnet_boxt09gl/data/PhysioNet2022/training_data/50352_AV.wav,1.0,0.25127834
/tmp/backbone_swap_yamnet_boxt09gl/data/PhysioNet2022/training_data/50352_PV.wav,1.0,0.13103744
/tmp/backbone_swap_yamnet_boxt09gl/data/PhysioNet2022/training_data/50352_TV.wav,1.0,0.31482348
/tmp/backbone_swap_yamnet_boxt09gl/data/PhysioNet2022/training_data/50354_AV.wav,1.0,0.26936224
/tmp/backbone_swap_yamnet_boxt09gl/data/PhysioNet2022/training_data/50354_MV.wav,1.0,0.2114534
/tmp/backbone_swap_yamnet_boxt09gl/data/PhysioNet2022/training_data/50354_PV.wav,1.0,0.79914033
/tmp/backbone_swap_yamnet_boxt09gl/data/PhysioNet2022/training_data/50354_TV.wav,1.0,0.31364354
/tmp/backbone_swap_yamnet_boxt09gl/data/PhysioNet2022/training_data/50375_AV.wav,1.0,0.27536032
/tmp/backbone_swap_yamnet_boxt09gl/data/PhysioNet2022/training_data/50375_MV.wav,1.0,0.098308414
/tmp/backbone_swap_yamnet_boxt09gl/data/PhysioNet2022/training_data/50384_AV.wav,1.0,0.5758173
/tmp/backbone_swap_yamnet_boxt09gl/data/PhysioNet2022/training_data/50384_MV.wav,1.0,0.35127166
/tmp/backbone_swap_yamnet_boxt09gl/data/PhysioNet2022/training_data/50384_PV.wav,1.0,0.25652215
/tmp/backbone_swap_yamnet_boxt09gl/data/PhysioNet2022/training_data/50384_TV.wav,1.0,0.13447641
/tmp/backbone_swap_yamnet_boxt09gl/data/PhysioNet2022/training_data/50628_AV.wav,1.0,0.18744893
/tmp/backbone_swap_yamnet_boxt09gl/data/PhysioNet2022/training_data/50628_MV.wav,1.0,0.17247728
/tmp/backbone_swap_yamnet_boxt09gl/data/PhysioNet2022/training_data/50635_AV.wav,1.0,0.20624162
/tmp/backbone_swap_yamnet_boxt09gl/data/PhysioNet2022/training_data/50635_MV.wav,1.0,0.6510676
/tmp/backbone_swap_yamnet_boxt09gl/data/PhysioNet2022/training_data/50635_PV.wav,1.0,0.11538318
/tmp/backbone_swap_yamnet_boxt09gl/data/PhysioNet2022/training_data/50635_TV.wav,1.0,0.17573847
/tmp/backbone_swap_yamnet_boxt09gl/data/PhysioNet2022/training_data/50658_AV.wav,1.0,0.12322344
/tmp/backbone_swap_yamnet_boxt09gl/data/PhysioNet2022/training_data/50658_MV.wav,1.0,0.18476829
/tmp/backbone_swap_yamnet_boxt09gl/data/PhysioNet2022/training_data/50658_PV.wav,1.0,0.22777401
/tmp/backbone_swap_yamnet_boxt09gl/data/PhysioNet2022/training_data/50658_TV.wav,1.0,0.49325308
/tmp/backbone_swap_yamnet_boxt09gl/data/PhysioNet2022/training_data/50661_AV.wav,1.0,0.15131688
/tmp/backbone_swap_yamnet_boxt09gl/data/PhysioNet2022/training_data/50661_MV.wav,1.0,0.23385873
/tmp/backbone_swap_yamnet_boxt09gl/data/PhysioNet2022/training_data/50665_PV.wav,1.0,0.21101743
/tmp/backbone_swap_yamnet_boxt09gl/data/PhysioNet2022/training_data/50665_TV.wav,1.0,0.20747496
/tmp/backbone_swap_yamnet_boxt09gl/data/PhysioNet2022/training_data/50673_AV.wav,1.0,0.25156614
/tmp/backbone_swap_yamnet_boxt09gl/data/PhysioNet2022/training_data/50673_MV.wav,1.0,0.90835565
/tmp/backbone_swap_yamnet_boxt09gl/data/PhysioNet2022/training_data/50673_PV.wav,1.0,0.16841991
/tmp/backbone_swap_yamnet_boxt09gl/data/PhysioNet2022/training_data/50673_TV.wav,1.0,0.11330815
/tmp/backbone_swap_yamnet_boxt09gl/data/PhysioNet2022/training_data/50687_AV.wav,1.0,0.26645586
/tmp/backbone_swap_yamnet_boxt09gl/data/PhysioNet2022/training_data/50687_MV.wav,1.0,0.31188375
/tmp/backbone_swap_yamnet_boxt09gl/data/PhysioNet2022/training_data/50687_PV.wav,1.0,0.13065276
/tmp/backbone_swap_yamnet_boxt09gl/data/PhysioNet2022/training_data/50687_TV.wav,1.0,0.16581555
/tmp/backbone_swap_yamnet_boxt09gl/data/PhysioNet2022/training_data/50688_AV.wav,1.0,0.34692156
/tmp/backbone_swap_yamnet_boxt09gl/data/PhysioNet2022/training_data/50688_MV.wav,1.0,0.030272348
/tmp/backbone_swap_yamnet_boxt09gl/data/PhysioNet2022/training_data/50688_PV.wav,1.0,0.19452593
/tmp/backbone_swap_yamnet_boxt09gl/data/PhysioNet2022/training_data/50688_TV.wav,1.0,0.23238349
/tmp/backbone_swap_yamnet_boxt09gl/data/PhysioNet2022/training_data/50690_AV.wav,1.0,0.10554015
/tmp/backbone_swap_yamnet_boxt09gl/data/PhysioNet2022/training_data/50690_MV_1.wav,1.0,0.18723464
/tmp/backbone_swap_yamnet_boxt09gl/data/PhysioNet2022/training_data/50690_MV_2.wav,1.0,0.2582013
/tmp/backbone_swap_yamnet_boxt09gl/data/PhysioNet2022/training_data/50690_PV.wav,1.0,0.35281372
/tmp/backbone_swap_yamnet_boxt09gl/data/PhysioNet2022/training_data/50690_TV.wav,1.0,0.24034195
/tmp/backbone_swap_yamnet_boxt09gl/data/PhysioNet2022/training_data/50693_AV.wav,1.0,0.15925413
/tmp/backbone_swap_yamnet_boxt09gl/data/PhysioNet2022/training_data/50693_MV.wav,1.0,0.2353972
/tmp/backbone_swap_yamnet_boxt09gl/data/PhysioNet2022/training_data/50693_PV.wav,1.0,0.40816814
/tmp/backbone_swap_yamnet_boxt09gl/data/PhysioNet2022/training_data/50693_TV.wav,1.0,0.21301289
/tmp/backbone_swap_yamnet_boxt09gl/data/PhysioNet2022/training_data/50699_AV.wav,1.0,0.27253073
/tmp/backbone_swap_yamnet_boxt09gl/data/PhysioNet2022/training_data/50699_MV.wav,1.0,0.110046476
/tmp/backbone_swap_yamnet_boxt09gl/data/PhysioNet2022/training_data/50699_PV.wav,1.0,0.44237554
/tmp/backbone_swap_yamnet_boxt09gl/data/PhysioNet2022/training_data/50699_TV.wav,1.0,0.24804142
/tmp/backbone_swap_yamnet_boxt09gl/data/PhysioNet2022/training_data/50722_MV.wav,1.0,0.17803495
/tmp/backbone_swap_yamnet_boxt09gl/data/PhysioNet2022/training_data/50722_PV.wav,1.0,0.17691839
/tmp/backbone_swap_yamnet_boxt09gl/data/PhysioNet2022/training_data/50722_TV.wav,1.0,0.33061904
/tmp/backbone_swap_yamnet_boxt09gl/data/PhysioNet2022/training_data/50727_AV.wav,1.0,0.5111593
/tmp/backbone_swap_yamnet_boxt09gl/data/PhysioNet2022/training_data/50727_MV.wav,1.0,0.38906062
/tmp/backbone_swap_yamnet_boxt09gl/data/PhysioNet2022/training_data/50729_AV.wav,1.0,0.14320114
/tmp/backbone_swap_yamnet_boxt09gl/data/PhysioNet2022/training_data/50729_MV.wav,1.0,0.18218794
/tmp/backbone_swap_yamnet_boxt09gl/data/PhysioNet2022/training_data/50731_MV.wav,1.0,0.32390198
/tmp/backbone_swap_yamnet_boxt09gl/data/PhysioNet2022/training_data/50731_PV.wav,1.0,0.1875251
/tmp/backbone_swap_yamnet_boxt09gl/data/PhysioNet2022/training_data/50731_TV.wav,1.0,0.28253025
/tmp/backbone_swap_yamnet_boxt09gl/data/PhysioNet2022/training_data/50732_AV.wav,1.0,0.17767613
/tmp/backbone_swap_yamnet_boxt09gl/data/PhysioNet2022/training_data/50732_MV.wav,1.0,0.08841587
/tmp/backbone_swap_yamnet_boxt09gl/data/PhysioNet2022/training_data/50732_PV.wav,1.0,0.15115176
/tmp/backbone_swap_yamnet_boxt09gl/data/PhysioNet2022/training_data/50732_TV.wav,1.0,0.16308151
/tmp/backbone_swap_yamnet_boxt09gl/data/PhysioNet2022/training_data/50734_AV.wav,1.0,0.21818215
/tmp/backbone_swap_yamnet_boxt09gl/data/PhysioNet2022/training_data/50734_MV.wav,1.0,0.19830246
/tmp/backbone_swap_yamnet_boxt09gl/data/PhysioNet2022/training_data/50734_PV.wav,1.0,0.34691605
/tmp/backbone_swap_yamnet_boxt09gl/data/PhysioNet2022/training_data/50734_Phc.wav,1.0,0.4066997
/tmp/backbone_swap_yamnet_boxt09gl/data/PhysioNet2022/training_data/50734_TV.wav,1.0,0.3402247
/tmp/backbone_swap_yamnet_boxt09gl/data/PhysioNet2022/training_data/50737_MV.wav,1.0,0.19945541
/tmp/backbone_swap_yamnet_boxt09gl/data/PhysioNet2022/training_data/50737_PV.wav,1.0,0.255084
/tmp/backbone_swap_yamnet_boxt09gl/data/PhysioNet2022/training_data/50737_TV.wav,1.0,0.19817048
/tmp/backbone_swap_yamnet_boxt09gl/data/PhysioNet2022/training_data/50738_AV.wav,1.0,0.4119557
/tmp/backbone_swap_yamnet_boxt09gl/data/PhysioNet2022/training_data/50738_MV.wav,1.0,0.34120405
/tmp/backbone_swap_yamnet_boxt09gl/data/PhysioNet2022/training_data/50738_PV.wav,1.0,0.31605148
/tmp/backbone_swap_yamnet_boxt09gl/data/PhysioNet2022/training_data/50738_TV.wav,1.0,0.20931846
/tmp/backbone_swap_yamnet_boxt09gl/data/PhysioNet2022/training_data/50743_AV_1.wav,1.0,0.16964312
/tmp/backbone_swap_yamnet_boxt09gl/data/PhysioNet2022/training_data/50743_AV_2.wav,1.0,0.17109506
/tmp/backbone_swap_yamnet_boxt09gl/data/PhysioNet2022/training_data/50743_AV_3.wav,1.0,0.29661128
/tmp/backbone_swap_yamnet_boxt09gl/data/PhysioNet2022/training_data/50743_MV.wav,1.0,0.23031397
/tmp/backbone_swap_yamnet_boxt09gl/data/PhysioNet2022/training_data/50747_AV.wav,1.0,0.17338628
/tmp/backbone_swap_yamnet_boxt09gl/data/PhysioNet2022/training_data/50747_MV.wav,1.0,0.29513314
/tmp/backbone_swap_yamnet_boxt09gl/data/PhysioNet2022/training_data/50747_PV.wav,1.0,0.17062503
/tmp/backbone_swap_yamnet_boxt09gl/data/PhysioNet2022/training_data/50747_TV.wav,1.0,0.16285321
/tmp/backbone_swap_yamnet_boxt09gl/data/PhysioNet2022/training_data/50748_AV.wav,1.0,0.22220016
/tmp/backbone_swap_yamnet_boxt09gl/data/PhysioNet2022/training_data/50748_MV.wav,1.0,0.35021466
/tmp/backbone_swap_yamnet_boxt09gl/data/PhysioNet2022/training_data/50749_AV.wav,1.0,0.70499223
/tmp/backbone_swap_yamnet_boxt09gl/data/PhysioNet2022/training_data/50749_MV.wav,1.0,0.21206823
/tmp/backbone_swap_yamnet_boxt09gl/data/PhysioNet2022/training_data/50749_PV.wav,1.0,0.20509738
/tmp/backbone_swap_yamnet_boxt09gl/data/PhysioNet2022/training_data/50749_TV.wav,1.0,0.30105832
/tmp/backbone_swap_yamnet_boxt09gl/data/PhysioNet2022/training_data/50756_AV.wav,1.0,0.13211417
/tmp/backbone_swap_yamnet_boxt09gl/data/PhysioNet2022/training_data/50756_MV.wav,1.0,0.27463514
/tmp/backbone_swap_yamnet_boxt09gl/data/PhysioNet2022/training_data/50756_PV.wav,1.0,0.299052
/tmp/backbone_swap_yamnet_boxt09gl/data/PhysioNet2022/training_data/50756_TV.wav,1.0,0.20713015
/tmp/backbone_swap_yamnet_boxt09gl/data/PhysioNet2022/training_data/50757_AV.wav,1.0,0.18933852
/tmp/backbone_swap_yamnet_boxt09gl/data/PhysioNet2022/training_data/50757_MV.wav,1.0,0.6963781
/tmp/backbone_swap_yamnet_boxt09gl/data/PhysioNet2022/training_data/50757_PV.wav,1.0,0.3047023
/tmp/backbone_swap_yamnet_boxt09gl/data/PhysioNet2022/training_data/50757_TV.wav,1.0,0.22022897
/tmp/backbone_swap_yamnet_boxt09gl/data/PhysioNet2022/training_data/50772_AV.wav,1.0,0.20255937
/tmp/backbone_swap_yamnet_boxt09gl/data/PhysioNet2022/training_data/50772_MV.wav,1.0,0.23661242
/tmp/backbone_swap_yamnet_boxt09gl/data/PhysioNet2022/training_data/50772_PV.wav,1.0,0.11203434
/tmp/backbone_swap_yamnet_boxt09gl/data/PhysioNet2022/training_data/50782_AV_1.wav,1.0,0.28461337
/tmp/backbone_swap_yamnet_boxt09gl/data/PhysioNet2022/training_data/50782_AV_2.wav,1.0,0.069303945
/tmp/backbone_swap_yamnet_boxt09gl/data/PhysioNet2022/training_data/50782_MV_1.wav,1.0,0.677312
/tmp/backbone_swap_yamnet_boxt09gl/data/PhysioNet2022/training_data/50782_MV_2.wav,1.0,0.19745456
/tmp/backbone_swap_yamnet_boxt09gl/data/PhysioNet2022/training_data/50782_PV.wav,1.0,0.14625825
/tmp/backbone_swap_yamnet_boxt09gl/data/PhysioNet2022/training_data/50782_TV.wav,1.0,0.20552778
/tmp/backbone_swap_yamnet_boxt09gl/data/PhysioNet2022/training_data/50787_MV.wav,1.0,0.45761842
/tmp/backbone_swap_yamnet_boxt09gl/data/PhysioNet2022/training_data/50790_AV.wav,1.0,0.23953651
/tmp/backbone_swap_yamnet_boxt09gl/data/PhysioNet2022/training_data/50790_MV.wav,1.0,0.50626194
/tmp/backbone_swap_yamnet_boxt09gl/data/PhysioNet2022/training_data/50795_AV.wav,1.0,0.1526607
/tmp/backbone_swap_yamnet_boxt09gl/data/PhysioNet2022/training_data/50795_MV.wav,1.0,0.294636
/tmp/backbone_swap_yamnet_boxt09gl/data/PhysioNet2022/training_data/50796_MV.wav,1.0,0.3609862
/tmp/backbone_swap_yamnet_boxt09gl/data/PhysioNet2022/training_data/50796_PV.wav,1.0,0.40345186
/tmp/backbone_swap_yamnet_boxt09gl/data/PhysioNet2022/training_data/50796_TV.wav,1.0,0.296752
/tmp/backbone_swap_yamnet_boxt09gl/data/PhysioNet2022/training_data/50798_AV.wav,1.0,0.15411977
/tmp/backbone_swap_yamnet_boxt09gl/data/PhysioNet2022/training_data/50798_MV.wav,1.0,0.21526614
/tmp/backbone_swap_yamnet_boxt09gl/data/PhysioNet2022/training_data/50798_PV.wav,1.0,0.18063366
/tmp/backbone_swap_yamnet_boxt09gl/data/PhysioNet2022/training_data/50798_TV.wav,1.0,0.22063723
/tmp/backbone_swap_yamnet_boxt09gl/data/PhysioNet2022/training_data/50800_AV.wav,1.0,0.2048112
/tmp/backbone_swap_yamnet_boxt09gl/data/PhysioNet2022/training_data/50800_MV.wav,1.0,0.56964636
/tmp/backbone_swap_yamnet_boxt09gl/data/PhysioNet2022/training_data/50800_PV.wav,1.0,0.39796263
/tmp/backbone_swap_yamnet_boxt09gl/data/PhysioNet2022/training_data/50800_TV.wav,1.0,0.18822192
/tmp/backbone_swap_yamnet_boxt09gl/data/PhysioNet2022/training_data/50819_AV.wav,1.0,0.23819163
/tmp/backbone_swap_yamnet_boxt09gl/data/PhysioNet2022/training_data/50819_MV.wav,1.0,0.1839635
/tmp/backbone_swap_yamnet_boxt09gl/data/PhysioNet2022/training_data/50819_PV.wav,1.0,0.23326407
/tmp/backbone_swap_yamnet_boxt09gl/data/PhysioNet2022/training_data/50819_TV.wav,1.0,0.36515033
/tmp/backbone_swap_yamnet_boxt09gl/data/PhysioNet2022/training_data/50822_AV.wav,1.0,0.16362748
/tmp/backbone_swap_yamnet_boxt09gl/data/PhysioNet2022/training_data/50822_MV.wav,1.0,0.22699803
/tmp/backbone_swap_yamnet_boxt09gl/data/PhysioNet2022/training_data/50822_PV.wav,1.0,0.17854302
/tmp/backbone_swap_yamnet_boxt09gl/data/PhysioNet2022/training_data/50822_TV.wav,1.0,0.27051172
/tmp/backbone_swap_yamnet_boxt09gl/data/PhysioNet2022/training_data/50829_AV.wav,1.0,0.13315818
/tmp/backbone_swap_yamnet_boxt09gl/data/PhysioNet2022/training_data/50829_MV.wav,1.0,0.18486764
/tmp/backbone_swap_yamnet_boxt09gl/data/PhysioNet2022/training_data/50829_PV.wav,1.0,0.17408152
/tmp/backbone_swap_yamnet_boxt09gl/data/PhysioNet2022/training_data/57706_AV.wav,1.0,0.85884446
/tmp/backbone_swap_yamnet_boxt09gl/data/PhysioNet2022/training_data/57706_MV.wav,1.0,0.2931566
/tmp/backbone_swap_yamnet_boxt09gl/data/PhysioNet2022/training_data/57706_PV.wav,1.0,0.18474509
/tmp/backbone_swap_yamnet_boxt09gl/data/PhysioNet2022/training_data/57706_TV.wav,1.0,0.37151277
/tmp/backbone_swap_yamnet_boxt09gl/data/PhysioNet2022/training_data/68175_AV.wav,1.0,0.3494931
/tmp/backbone_swap_yamnet_boxt09gl/data/PhysioNet2022/training_data/68175_MV.wav,1.0,0.31429973
/tmp/backbone_swap_yamnet_boxt09gl/data/PhysioNet2022/training_data/68175_PV.wav,1.0,0.16172174
/tmp/backbone_swap_yamnet_boxt09gl/data/PhysioNet2022/training_data/68175_TV.wav,1.0,0.24115218
/tmp/backbone_swap_yamnet_boxt09gl/data/PhysioNet2022/training_data/68186_AV.wav,1.0,0.26203316
/tmp/backbone_swap_yamnet_boxt09gl/data/PhysioNet2022/training_data/68186_MV.wav,1.0,0.24452993
/tmp/backbone_swap_yamnet_boxt09gl/data/PhysioNet2022/training_data/68186_PV.wav,1.0,0.23231088
/tmp/backbone_swap_yamnet_boxt09gl/data/PhysioNet2022/training_data/68186_TV.wav,1.0,0.41548076
/tmp/backbone_swap_yamnet_boxt09gl/data/PhysioNet2022/training_data/68204_AV.wav,1.0,0.29017302
/tmp/backbone_swap_yamnet_boxt09gl/data/PhysioNet2022/training_data/68204_MV.wav,1.0,0.13542277
/tmp/backbone_swap_yamnet_boxt09gl/data/PhysioNet2022/training_data/68204_PV.wav,1.0,0.28723425
/tmp/backbone_swap_yamnet_boxt09gl/data/PhysioNet2022/training_data/68204_TV.wav,1.0,0.109719776
/tmp/backbone_swap_yamnet_boxt09gl/data/PhysioNet2022/training_data/68222_AV.wav,1.0,0.14298357
/tmp/backbone_swap_yamnet_boxt09gl/data/PhysioNet2022/training_data/68222_MV.wav,1.0,0.20713876
/tmp/backbone_swap_yamnet_boxt09gl/data/PhysioNet2022/training_data/68222_PV.wav,1.0,0.28704253
/tmp/backbone_swap_yamnet_boxt09gl/data/PhysioNet2022/training_data/68222_TV.wav,1.0,0.35947624
/tmp/backbone_swap_yamnet_boxt09gl/data/PhysioNet2022/training_data/68255_AV.wav,1.0,0.19024418
/tmp/backbone_swap_yamnet_boxt09gl/data/PhysioNet2022/training_data/68255_MV.wav,1.0,0.33369946
/tmp/backbone_swap_yamnet_boxt09gl/data/PhysioNet2022/training_data/68255_PV.wav,1.0,0.53652346
/tmp/backbone_swap_yamnet_boxt09gl/data/PhysioNet2022/training_data/68255_TV.wav,1.0,0.22635114
/tmp/backbone_swap_yamnet_boxt09gl/data/PhysioNet2022/training_data/68269_PV.wav,1.0,0.3249462
/tmp/backbone_swap_yamnet_boxt09gl/data/PhysioNet2022/training_data/68269_TV.wav,1.0,0.1874851
/tmp/backbone_swap_yamnet_boxt09gl/data/PhysioNet2022/training_data/68298_AV.wav,1.0,0.28631765
/tmp/backbone_swap_yamnet_boxt09gl/data/PhysioNet2022/training_data/68298_MV.wav,1.0,0.17071979
/tmp/backbone_swap_yamnet_boxt09gl/data/PhysioNet2022/training_data/68330_TV.wav,1.0,0.17452833
/tmp/backbone_swap_yamnet_boxt09gl/data/PhysioNet2022/training_data/68347_AV.wav,1.0,0.1435196
/tmp/backbone_swap_yamnet_boxt09gl/data/PhysioNet2022/training_data/68347_MV.wav,1.0,0.39392227
/tmp/backbone_swap_yamnet_boxt09gl/data/PhysioNet2022/training_data/68347_PV.wav,1.0,0.2229483
/tmp/backbone_swap_yamnet_boxt09gl/data/PhysioNet2022/training_data/68347_TV.wav,1.0,0.15979189
/tmp/backbone_swap_yamnet_boxt09gl/data/PhysioNet2022/training_data/68359_AV.wav,1.0,0.2283265
/tmp/backbone_swap_yamnet_boxt09gl/data/PhysioNet2022/training_data/68359_MV.wav,1.0,0.2424419
/tmp/backbone_swap_yamnet_boxt09gl/data/PhysioNet2022/training_data/68359_PV.wav,1.0,0.24390106
/tmp/backbone_swap_yamnet_boxt09gl/data/PhysioNet2022/training_data/68359_TV.wav,1.0,0.18807048
/tmp/backbone_swap_yamnet_boxt09gl/data/PhysioNet2022/training_data/68377_AV.wav,1.0,0.23442464
/tmp/backbone_swap_yamnet_boxt09gl/data/PhysioNet2022/training_data/68377_MV.wav,1.0,0.11419939
/tmp/backbone_swap_yamnet_boxt09gl/data/PhysioNet2022/training_data/68377_PV.wav,1.0,0.14072296
/tmp/backbone_swap_yamnet_boxt09gl/data/PhysioNet2022/training_data/68377_TV.wav,1.0,0.1915872
/tmp/backbone_swap_yamnet_boxt09gl/data/PhysioNet2022/training_data/68427_AV.wav,1.0,0.20226438
/tmp/backbone_swap_yamnet_boxt09gl/data/PhysioNet2022/training_data/68427_MV.wav,1.0,0.1009399
/tmp/backbone_swap_yamnet_boxt09gl/data/PhysioNet2022/training_data/68427_PV.wav,1.0,0.28968814
/tmp/backbone_swap_yamnet_boxt09gl/data/PhysioNet2022/training_data/68427_TV.wav,1.0,0.20379014
/tmp/backbone_swap_yamnet_boxt09gl/data/PhysioNet2022/training_data/68432_AV.wav,1.0,0.39697865
/tmp/backbone_swap_yamnet_boxt09gl/data/PhysioNet2022/training_data/68432_MV.wav,1.0,0.23610108
/tmp/backbone_swap_yamnet_boxt09gl/data/PhysioNet2022/training_data/68432_PV.wav,1.0,0.20962313
/tmp/backbone_swap_yamnet_boxt09gl/data/PhysioNet2022/training_data/68432_TV.wav,1.0,0.28021723
/tmp/backbone_swap_yamnet_boxt09gl/data/PhysioNet2022/training_data/68449_AV.wav,1.0,0.19597721
/tmp/backbone_swap_yamnet_boxt09gl/data/PhysioNet2022/training_data/68449_PV.wav,1.0,0.115554735
/tmp/backbone_swap_yamnet_boxt09gl/data/PhysioNet2022/training_data/68449_TV.wav,1.0,0.21562
/tmp/backbone_swap_yamnet_boxt09gl/data/PhysioNet2022/training_data/68456_AV.wav,1.0,0.24354711
/tmp/backbone_swap_yamnet_boxt09gl/data/PhysioNet2022/training_data/68456_MV.wav,1.0,0.16220188
/tmp/backbone_swap_yamnet_boxt09gl/data/PhysioNet2022/training_data/68456_PV.wav,1.0,0.3320837
/tmp/backbone_swap_yamnet_boxt09gl/data/PhysioNet2022/training_data/68456_TV.wav,1.0,0.3016954
/tmp/backbone_swap_yamnet_boxt09gl/data/PhysioNet2022/training_data/68460_AV.wav,1.0,0.22512177
/tmp/backbone_swap_yamnet_boxt09gl/data/PhysioNet2022/training_data/68460_MV.wav,1.0,0.16788226
/tmp/backbone_swap_yamnet_boxt09gl/data/PhysioNet2022/training_data/68460_PV.wav,1.0,0.09362998
/tmp/backbone_swap_yamnet_boxt09gl/data/PhysioNet2022/training_data/68460_TV.wav,1.0,0.17383304
/tmp/backbone_swap_yamnet_boxt09gl/data/PhysioNet2022/training_data/68477_AV.wav,1.0,0.18708915
/tmp/backbone_swap_yamnet_boxt09gl/data/PhysioNet2022/training_data/68477_MV.wav,1.0,0.31856996
/tmp/backbone_swap_yamnet_boxt09gl/data/PhysioNet2022/training_data/68477_PV.wav,1.0,0.308672
/tmp/backbone_swap_yamnet_boxt09gl/data/PhysioNet2022/training_data/68477_TV.wav,1.0,0.19112535
/tmp/backbone_swap_yamnet_boxt09gl/data/PhysioNet2022/training_data/68532_AV.wav,1.0,0.80524814
/tmp/backbone_swap_yamnet_boxt09gl/data/PhysioNet2022/training_data/68532_MV.wav,1.0,0.1686194
/tmp/backbone_swap_yamnet_boxt09gl/data/PhysioNet2022/training_data/68532_PV.wav,1.0,0.21055835
/tmp/backbone_swap_yamnet_boxt09gl/data/PhysioNet2022/training_data/68532_TV.wav,1.0,0.119478494
/tmp/backbone_swap_yamnet_boxt09gl/data/PhysioNet2022/training_data/68560_AV.wav,1.0,0.23426741
/tmp/backbone_swap_yamnet_boxt09gl/data/PhysioNet2022/training_data/68560_MV.wav,1.0,0.32466713
/tmp/backbone_swap_yamnet_boxt09gl/data/PhysioNet2022/training_data/68560_PV.wav,1.0,0.2108313
/tmp/backbone_swap_yamnet_boxt09gl/data/PhysioNet2022/training_data/68560_TV.wav,1.0,0.2554097
/tmp/backbone_swap_yamnet_boxt09gl/data/PhysioNet2022/training_data/68582_AV.wav,1.0,0.27224517
/tmp/backbone_swap_yamnet_boxt09gl/data/PhysioNet2022/training_data/68582_MV.wav,1.0,0.74181855
/tmp/backbone_swap_yamnet_boxt09gl/data/PhysioNet2022/training_data/68582_PV.wav,1.0,0.21714471
/tmp/backbone_swap_yamnet_boxt09gl/data/PhysioNet2022/training_data/68582_TV.wav,1.0,0.2949019
/tmp/backbone_swap_yamnet_boxt09gl/data/PhysioNet2022/training_data/68624_AV.wav,1.0,0.19942363
/tmp/backbone_swap_yamnet_boxt09gl/data/PhysioNet2022/training_data/68624_MV.wav,1.0,0.19935212
/tmp/backbone_swap_yamnet_boxt09gl/data/PhysioNet2022/training_data/68624_PV.wav,1.0,0.23964335
/tmp/backbone_swap_yamnet_boxt09gl/data/PhysioNet2022/training_data/68624_TV.wav,1.0,0.5336991
/tmp/backbone_swap_yamnet_boxt09gl/data/PhysioNet2022/training_data/68659_AV.wav,1.0,0.2796551
/tmp/backbone_swap_yamnet_boxt09gl/data/PhysioNet2022/training_data/68659_MV.wav,1.0,0.8023125
/tmp/backbone_swap_yamnet_boxt09gl/data/PhysioNet2022/training_data/68659_PV.wav,1.0,0.17950615
/tmp/backbone_swap_yamnet_boxt09gl/data/PhysioNet2022/training_data/68659_TV.wav,1.0,0.26313475
/tmp/backbone_swap_yamnet_boxt09gl/data/PhysioNet2022/training_data/68705_AV.wav,1.0,0.06971445
/tmp/backbone_swap_yamnet_boxt09gl/data/PhysioNet2022/training_data/68705_MV.wav,1.0,0.29390675
/tmp/backbone_swap_yamnet_boxt09gl/data/PhysioNet2022/training_data/68705_PV.wav,1.0,0.26584572
/tmp/backbone_swap_yamnet_boxt09gl/data/PhysioNet2022/training_data/68705_TV.wav,1.0,0.22576268
/tmp/backbone_swap_yamnet_boxt09gl/data/PhysioNet2022/training_data/68711_AV.wav,1.0,0.11130666
/tmp/backbone_swap_yamnet_boxt09gl/data/PhysioNet2022/training_data/68711_MV.wav,1.0,0.2431444
/tmp/backbone_swap_yamnet_boxt09gl/data/PhysioNet2022/training_data/68711_PV.wav,1.0,0.1629687
/tmp/backbone_swap_yamnet_boxt09gl/data/PhysioNet2022/training_data/68711_TV.wav,1.0,0.30510032
/tmp/backbone_swap_yamnet_boxt09gl/data/PhysioNet2022/training_data/68741_AV.wav,1.0,0.6399255
/tmp/backbone_swap_yamnet_boxt09gl/data/PhysioNet2022/training_data/68741_MV.wav,1.0,0.39140657
/tmp/backbone_swap_yamnet_boxt09gl/data/PhysioNet2022/training_data/68741_PV.wav,1.0,0.24056852
/tmp/backbone_swap_yamnet_boxt09gl/data/PhysioNet2022/training_data/68741_TV.wav,1.0,0.35429016
/tmp/backbone_swap_yamnet_boxt09gl/data/PhysioNet2022/training_data/68755_AV.wav,1.0,0.18405035
/tmp/backbone_swap_yamnet_boxt09gl/data/PhysioNet2022/training_data/68755_MV.wav,1.0,0.31023905
/tmp/backbone_swap_yamnet_boxt09gl/data/PhysioNet2022/training_data/68755_PV.wav,1.0,0.25960237
/tmp/backbone_swap_yamnet_boxt09gl/data/PhysioNet2022/training_data/68755_TV.wav,1.0,0.32635662
/tmp/backbone_swap_yamnet_boxt09gl/data/PhysioNet2022/training_data/68861_AV.wav,1.0,0.2241823
/tmp/backbone_swap_yamnet_boxt09gl/data/PhysioNet2022/training_data/68861_MV.wav,1.0,0.2207983
/tmp/backbone_swap_yamnet_boxt09gl/data/PhysioNet2022/training_data/68861_PV.wav,1.0,0.23530996
/tmp/backbone_swap_yamnet_boxt09gl/data/PhysioNet2022/training_data/68861_TV.wav,1.0,0.659219
/tmp/backbone_swap_yamnet_boxt09gl/data/PhysioNet2022/training_data/68864_MV.wav,1.0,0.34885564
/tmp/backbone_swap_yamnet_boxt09gl/data/PhysioNet2022/training_data/68864_PV.wav,1.0,0.37009117
/tmp/backbone_swap_yamnet_boxt09gl/data/PhysioNet2022/training_data/68864_TV.wav,1.0,0.23283106
/tmp/backbone_swap_yamnet_boxt09gl/data/PhysioNet2022/training_data/68887_AV.wav,1.0,0.28686982
/tmp/backbone_swap_yamnet_boxt09gl/data/PhysioNet2022/training_data/68887_MV.wav,1.0,0.15134498
/tmp/backbone_swap_yamnet_boxt09gl/data/PhysioNet2022/training_data/68887_TV.wav,1.0,0.14464779
/tmp/backbone_swap_yamnet_boxt09gl/data/PhysioNet2022/training_data/68895_AV.wav,1.0,0.25189155
/tmp/backbone_swap_yamnet_boxt09gl/data/PhysioNet2022/training_data/68895_MV.wav,1.0,0.24392006
/tmp/backbone_swap_yamnet_boxt09gl/data/PhysioNet2022/training_data/68895_PV.wav,1.0,0.30025643
/tmp/backbone_swap_yamnet_boxt09gl/data/PhysioNet2022/training_data/68895_TV.wav,1.0,0.35414848
/tmp/backbone_swap_yamnet_boxt09gl/data/PhysioNet2022/training_data/68908_MV.wav,1.0,0.41169247
/tmp/backbone_swap_yamnet_boxt09gl/data/PhysioNet2022/training_data/68908_PV.wav,1.0,0.26698473
/tmp/backbone_swap_yamnet_boxt09gl/data/PhysioNet2022/training_data/68908_TV.wav,1.0,0.24795572
/tmp/backbone_swap_yamnet_boxt09gl/data/PhysioNet2022/training_data/69079_AV.wav,1.0,0.1797755
/tmp/backbone_swap_yamnet_boxt09gl/data/PhysioNet2022/training_data/69079_MV.wav,1.0,0.103854746
/tmp/backbone_swap_yamnet_boxt09gl/data/PhysioNet2022/training_data/69079_PV.wav,1.0,0.43341076
/tmp/backbone_swap_yamnet_boxt09gl/data/PhysioNet2022/training_data/69079_TV.wav,1.0,0.32862243
/tmp/backbone_swap_yamnet_boxt09gl/data/PhysioNet2022/training_data/69095_AV.wav,1.0,0.115293354
/tmp/backbone_swap_yamnet_boxt09gl/data/PhysioNet2022/training_data/69095_MV.wav,1.0,0.36565122
/tmp/backbone_swap_yamnet_boxt09gl/data/PhysioNet2022/training_data/69095_PV.wav,1.0,0.34454614
/tmp/backbone_swap_yamnet_boxt09gl/data/PhysioNet2022/training_data/69095_TV.wav,1.0,0.08500236
/tmp/backbone_swap_yamnet_boxt09gl/data/PhysioNet2022/training_data/69096_AV.wav,1.0,0.17783104
/tmp/backbone_swap_yamnet_boxt09gl/data/PhysioNet2022/training_data/69096_MV.wav,1.0,0.13679668
/tmp/backbone_swap_yamnet_boxt09gl/data/PhysioNet2022/training_data/69096_PV.wav,1.0,0.2081745
/tmp/backbone_swap_yamnet_boxt09gl/data/PhysioNet2022/training_data/69096_TV.wav,1.0,0.20720896
/tmp/backbone_swap_yamnet_boxt09gl/data/PhysioNet2022/training_data/69106_AV.wav,1.0,0.25448874
/tmp/backbone_swap_yamnet_boxt09gl/data/PhysioNet2022/training_data/69106_MV.wav,1.0,0.5800263
/tmp/backbone_swap_yamnet_boxt09gl/data/PhysioNet2022/training_data/69106_PV.wav,1.0,0.39986113
/tmp/backbone_swap_yamnet_boxt09gl/data/PhysioNet2022/training_data/69106_TV.wav,1.0,0.021316206
/tmp/backbone_swap_yamnet_boxt09gl/data/PhysioNet2022/training_data/69129_AV.wav,1.0,0.4644352
/tmp/backbone_swap_yamnet_boxt09gl/data/PhysioNet2022/training_data/69129_MV.wav,1.0,0.35855153
/tmp/backbone_swap_yamnet_boxt09gl/data/PhysioNet2022/training_data/69129_PV.wav,1.0,0.24359733
/tmp/backbone_swap_yamnet_boxt09gl/data/PhysioNet2022/training_data/69129_TV.wav,1.0,0.14637762
/tmp/backbone_swap_yamnet_boxt09gl/data/PhysioNet2022/training_data/69141_AV.wav,1.0,0.21816626
/tmp/backbone_swap_yamnet_boxt09gl/data/PhysioNet2022/training_data/69141_MV.wav,1.0,0.20321622
/tmp/backbone_swap_yamnet_boxt09gl/data/PhysioNet2022/training_data/69141_PV.wav,1.0,0.22018948
/tmp/backbone_swap_yamnet_boxt09gl/data/PhysioNet2022/training_data/69141_TV.wav,1.0,0.15209952
/tmp/backbone_swap_yamnet_boxt09gl/data/PhysioNet2022/training_data/69147_AV.wav,1.0,0.3097192
/tmp/backbone_swap_yamnet_boxt09gl/data/PhysioNet2022/training_data/69147_MV.wav,1.0,0.25838596
/tmp/backbone_swap_yamnet_boxt09gl/data/PhysioNet2022/training_data/69147_PV.wav,1.0,0.57704675
/tmp/backbone_swap_yamnet_boxt09gl/data/PhysioNet2022/training_data/69147_TV.wav,1.0,0.2888508
/tmp/backbone_swap_yamnet_boxt09gl/data/PhysioNet2022/training_data/69152_AV.wav,1.0,0.14609677
/tmp/backbone_swap_yamnet_boxt09gl/data/PhysioNet2022/training_data/69152_MV.wav,1.0,0.51115906
/tmp/backbone_swap_yamnet_boxt09gl/data/PhysioNet2022/training_data/69152_PV.wav,1.0,0.57894295
/tmp/backbone_swap_yamnet_boxt09gl/data/PhysioNet2022/training_data/69152_TV.wav,1.0,0.3122467
/tmp/backbone_swap_yamnet_boxt09gl/data/PhysioNet2022/training_data/69188_AV.wav,1.0,0.33387136
/tmp/backbone_swap_yamnet_boxt09gl/data/PhysioNet2022/training_data/69188_MV.wav,1.0,0.7076773
/tmp/backbone_swap_yamnet_boxt09gl/data/PhysioNet2022/training_data/69188_PV.wav,1.0,0.2284901
/tmp/backbone_swap_yamnet_boxt09gl/data/PhysioNet2022/training_data/69188_TV.wav,1.0,0.16674285
/tmp/backbone_swap_yamnet_boxt09gl/data/PhysioNet2022/training_data/70280_AV.wav,1.0,0.7310864
/tmp/backbone_swap_yamnet_boxt09gl/data/PhysioNet2022/training_data/70280_MV.wav,1.0,0.38825572
/tmp/backbone_swap_yamnet_boxt09gl/data/PhysioNet2022/training_data/73316_AV.wav,1.0,0.27342322
/tmp/backbone_swap_yamnet_boxt09gl/data/PhysioNet2022/training_data/73316_MV.wav,1.0,0.30865428
/tmp/backbone_swap_yamnet_boxt09gl/data/PhysioNet2022/training_data/73316_PV.wav,1.0,0.17984287
/tmp/backbone_swap_yamnet_boxt09gl/data/PhysioNet2022/training_data/73316_TV.wav,1.0,0.6687404
/tmp/backbone_swap_yamnet_boxt09gl/data/PhysioNet2022/training_data/76758_MV.wav,1.0,0.4366809
/tmp/backbone_swap_yamnet_boxt09gl/data/PhysioNet2022/training_data/78582_AV.wav,1.0,0.27177316
/tmp/backbone_swap_yamnet_boxt09gl/data/PhysioNet2022/training_data/78582_MV.wav,1.0,0.21955405
/tmp/backbone_swap_yamnet_boxt09gl/data/PhysioNet2022/training_data/80348_AV.wav,1.0,0.23714666
/tmp/backbone_swap_yamnet_boxt09gl/data/PhysioNet2022/training_data/80348_MV.wav,1.0,0.15862805
/tmp/backbone_swap_yamnet_boxt09gl/data/PhysioNet2022/training_data/80348_PV.wav,1.0,0.32242605
/tmp/backbone_swap_yamnet_boxt09gl/data/PhysioNet2022/training_data/80348_TV.wav,1.0,0.11959708
/tmp/backbone_swap_yamnet_boxt09gl/data/PhysioNet2022/training_data/84690_MV.wav,1.0,0.19129822
/tmp/backbone_swap_yamnet_boxt09gl/data/PhysioNet2022/training_data/84690_Phc.wav,1.0,0.42600772
/tmp/backbone_swap_yamnet_boxt09gl/data/PhysioNet2022/training_data/84690_TV.wav,1.0,0.2767738
/tmp/backbone_swap_yamnet_boxt09gl/data/PhysioNet2022/training_data/84695_AV.wav,1.0,0.26642793
/tmp/backbone_swap_yamnet_boxt09gl/data/PhysioNet2022/training_data/84695_MV.wav,1.0,0.31609544
/tmp/backbone_swap_yamnet_boxt09gl/data/PhysioNet2022/training_data/84695_PV.wav,1.0,0.214978
/tmp/backbone_swap_yamnet_boxt09gl/data/PhysioNet2022/training_data/84695_TV.wav,1.0,0.21837649
/tmp/backbone_swap_yamnet_boxt09gl/data/PhysioNet2022/training_data/84702_MV.wav,1.0,0.3026073
/tmp/backbone_swap_yamnet_boxt09gl/data/PhysioNet2022/training_data/84702_PV.wav,1.0,0.19404083
/tmp/backbone_swap_yamnet_boxt09gl/data/PhysioNet2022/training_data/84702_TV.wav,1.0,0.2420082
/tmp/backbone_swap_yamnet_boxt09gl/data/PhysioNet2022/training_data/84706_AV.wav,1.0,0.08510722
/tmp/backbone_swap_yamnet_boxt09gl/data/PhysioNet2022/training_data/84706_MV.wav,1.0,0.371249
/tmp/backbone_swap_yamnet_boxt09gl/data/PhysioNet2022/training_data/84706_PV.wav,1.0,0.17907663
/tmp/backbone_swap_yamnet_boxt09gl/data/PhysioNet2022/training_data/84706_TV.wav,1.0,0.3763431
/tmp/backbone_swap_yamnet_boxt09gl/data/PhysioNet2022/training_data/84708_AV.wav,1.0,0.264665
/tmp/backbone_swap_yamnet_boxt09gl/data/PhysioNet2022/training_data/84708_MV.wav,1.0,0.17288233
/tmp/backbone_swap_yamnet_boxt09gl/data/PhysioNet2022/training_data/84710_AV.wav,1.0,0.38006392
/tmp/backbone_swap_yamnet_boxt09gl/data/PhysioNet2022/training_data/84710_MV.wav,1.0,0.20125222
/tmp/backbone_swap_yamnet_boxt09gl/data/PhysioNet2022/training_data/84710_PV.wav,1.0,0.3521528
/tmp/backbone_swap_yamnet_boxt09gl/data/PhysioNet2022/training_data/84710_TV.wav,1.0,0.17041305
/tmp/backbone_swap_yamnet_boxt09gl/data/PhysioNet2022/training_data/84713_AV.wav,1.0,0.1307289
/tmp/backbone_swap_yamnet_boxt09gl/data/PhysioNet2022/training_data/84713_PV.wav,1.0,0.215301
/tmp/backbone_swap_yamnet_boxt09gl/data/PhysioNet2022/training_data/84713_TV.wav,1.0,0.91130984
/tmp/backbone_swap_yamnet_boxt09gl/data/PhysioNet2022/training_data/84716_AV.wav,1.0,0.28831714
/tmp/backbone_swap_yamnet_boxt09gl/data/PhysioNet2022/training_data/84716_MV.wav,1.0,0.5950864
/tmp/backbone_swap_yamnet_boxt09gl/data/PhysioNet2022/training_data/84716_PV.wav,1.0,0.09833099
/tmp/backbone_swap_yamnet_boxt09gl/data/PhysioNet2022/training_data/84716_TV.wav,1.0,0.15949261
/tmp/backbone_swap_yamnet_boxt09gl/data/PhysioNet2022/training_data/84721_AV.wav,1.0,0.53266925
/tmp/backbone_swap_yamnet_boxt09gl/data/PhysioNet2022/training_data/84721_MV.wav,1.0,0.107444905
/tmp/backbone_swap_yamnet_boxt09gl/data/PhysioNet2022/training_data/84721_PV.wav,1.0,0.25962883
/tmp/backbone_swap_yamnet_boxt09gl/data/PhysioNet2022/training_data/84721_TV.wav,1.0,0.15201549
/tmp/backbone_swap_yamnet_boxt09gl/data/PhysioNet2022/training_data/84725_MV.wav,1.0,0.64687824
/tmp/backbone_swap_yamnet_boxt09gl/data/PhysioNet2022/training_data/84725_PV.wav,1.0,0.12704057
/tmp/backbone_swap_yamnet_boxt09gl/data/PhysioNet2022/training_data/84725_TV.wav,1.0,0.36436033
/tmp/backbone_swap_yamnet_boxt09gl/data/PhysioNet2022/training_data/84731_MV.wav,1.0,0.2060634
/tmp/backbone_swap_yamnet_boxt09gl/data/PhysioNet2022/training_data/84732_AV.wav,1.0,0.1874853
/tmp/backbone_swap_yamnet_boxt09gl/data/PhysioNet2022/training_data/84732_MV.wav,1.0,0.677602
/tmp/backbone_swap_yamnet_boxt09gl/data/PhysioNet2022/training_data/84733_AV.wav,1.0,0.18704568
/tmp/backbone_swap_yamnet_boxt09gl/data/PhysioNet2022/training_data/84733_MV.wav,1.0,0.10991509
/tmp/backbone_swap_yamnet_boxt09gl/data/PhysioNet2022/training_data/84733_PV.wav,1.0,0.24251793
/tmp/backbone_swap_yamnet_boxt09gl/data/PhysioNet2022/training_data/84733_TV.wav,1.0,0.146212
/tmp/backbone_swap_yamnet_boxt09gl/data/PhysioNet2022/training_data/84734_AV.wav,1.0,0.18943141
/tmp/backbone_swap_yamnet_boxt09gl/data/PhysioNet2022/training_data/84734_MV.wav,1.0,0.34348267
/tmp/backbone_swap_yamnet_boxt09gl/data/PhysioNet2022/training_data/84734_PV.wav,1.0,0.543438
/tmp/backbone_swap_yamnet_boxt09gl/data/PhysioNet2022/training_data/84734_TV.wav,1.0,0.17029445
/tmp/backbone_swap_yamnet_boxt09gl/data/PhysioNet2022/training_data/84738_AV.wav,1.0,0.33077055
/tmp/backbone_swap_yamnet_boxt09gl/data/PhysioNet2022/training_data/84738_MV.wav,1.0,0.43680128
/tmp/backbone_swap_yamnet_boxt09gl/data/PhysioNet2022/training_data/84738_PV.wav,1.0,0.47868565
/tmp/backbone_swap_yamnet_boxt09gl/data/PhysioNet2022/training_data/84738_TV.wav,1.0,0.24486166
/tmp/backbone_swap_yamnet_boxt09gl/data/PhysioNet2022/training_data/84746_PV.wav,1.0,0.36499637
/tmp/backbone_swap_yamnet_boxt09gl/data/PhysioNet2022/training_data/84764_AV.wav,1.0,0.12464554
/tmp/backbone_swap_yamnet_boxt09gl/data/PhysioNet2022/training_data/84764_MV.wav,1.0,0.2504898
/tmp/backbone_swap_yamnet_boxt09gl/data/PhysioNet2022/training_data/84764_PV.wav,1.0,0.38091218
/tmp/backbone_swap_yamnet_boxt09gl/data/PhysioNet2022/training_data/84764_TV.wav,1.0,0.15978602
/tmp/backbone_swap_yamnet_boxt09gl/data/PhysioNet2022/training_data/84765_AV.wav,1.0,0.27352083
/tmp/backbone_swap_yamnet_boxt09gl/data/PhysioNet2022/training_data/84765_MV.wav,1.0,0.2255689
/tmp/backbone_swap_yamnet_boxt09gl/data/PhysioNet2022/training_data/84765_PV.wav,1.0,0.74914205
/tmp/backbone_swap_yamnet_boxt09gl/data/PhysioNet2022/training_data/84765_TV.wav,1.0,0.3847054
/tmp/backbone_swap_yamnet_boxt09gl/data/PhysioNet2022/training_data/84768_PV.wav,1.0,0.2870116
/tmp/backbone_swap_yamnet_boxt09gl/data/PhysioNet2022/training_data/84768_TV.wav,1.0,0.24760741
/tmp/backbone_swap_yamnet_boxt09gl/data/PhysioNet2022/training_data/84769_MV.wav,1.0,0.16288328
/tmp/backbone_swap_yamnet_boxt09gl/data/PhysioNet2022/training_data/84769_PV.wav,1.0,0.8713944
/tmp/backbone_swap_yamnet_boxt09gl/data/PhysioNet2022/training_data/84779_AV.wav,1.0,0.6063082
/tmp/backbone_swap_yamnet_boxt09gl/data/PhysioNet2022/training_data/84779_MV.wav,1.0,0.38044587
/tmp/backbone_swap_yamnet_boxt09gl/data/PhysioNet2022/training_data/84779_PV.wav,1.0,0.22129887
/tmp/backbone_swap_yamnet_boxt09gl/data/PhysioNet2022/training_data/84779_TV.wav,1.0,0.29370177
/tmp/backbone_swap_yamnet_boxt09gl/data/PhysioNet2022/training_data/84786_AV.wav,1.0,0.10235344
/tmp/backbone_swap_yamnet_boxt09gl/data/PhysioNet2022/training_data/84786_MV.wav,1.0,0.20445436
/tmp/backbone_swap_yamnet_boxt09gl/data/PhysioNet2022/training_data/84786_PV.wav,1.0,0.30289084
/tmp/backbone_swap_yamnet_boxt09gl/data/PhysioNet2022/training_data/84793_AV.wav,1.0,0.34109882
/tmp/backbone_swap_yamnet_boxt09gl/data/PhysioNet2022/training_data/84793_MV.wav,1.0,0.047320697
/tmp/backbone_swap_yamnet_boxt09gl/data/PhysioNet2022/training_data/84793_PV.wav,1.0,0.2844744
/tmp/backbone_swap_yamnet_boxt09gl/data/PhysioNet2022/training_data/84793_TV.wav,1.0,0.26943803
/tmp/backbone_swap_yamnet_boxt09gl/data/PhysioNet2022/training_data/84799_AV.wav,1.0,0.18704748
/tmp/backbone_swap_yamnet_boxt09gl/data/PhysioNet2022/training_data/84799_MV.wav,1.0,0.2442339
/tmp/backbone_swap_yamnet_boxt09gl/data/PhysioNet2022/training_data/84799_PV.wav,1.0,0.29986414
/tmp/backbone_swap_yamnet_boxt09gl/data/PhysioNet2022/training_data/84799_TV.wav,1.0,0.12673908
/tmp/backbone_swap_yamnet_boxt09gl/data/PhysioNet2022/training_data/84803_AV.wav,1.0,0.17144147
/tmp/backbone_swap_yamnet_boxt09gl/data/PhysioNet2022/training_data/84803_MV.wav,1.0,0.36757877
/tmp/backbone_swap_yamnet_boxt09gl/data/PhysioNet2022/training_data/84803_PV.wav,1.0,0.13413896
/tmp/backbone_swap_yamnet_boxt09gl/data/PhysioNet2022/training_data/84803_TV.wav,1.0,0.18100083
/tmp/backbone_swap_yamnet_boxt09gl/data/PhysioNet2022/training_data/84804_MV.wav,1.0,0.47781914
/tmp/backbone_swap_yamnet_boxt09gl/data/PhysioNet2022/training_data/84805_AV.wav,1.0,0.2697199
/tmp/backbone_swap_yamnet_boxt09gl/data/PhysioNet2022/training_data/84805_MV.wav,1.0,0.5510964
/tmp/backbone_swap_yamnet_boxt09gl/data/PhysioNet2022/training_data/84805_PV.wav,1.0,0.35283765
/tmp/backbone_swap_yamnet_boxt09gl/data/PhysioNet2022/training_data/84805_TV.wav,1.0,0.21406649
/tmp/backbone_swap_yamnet_boxt09gl/data/PhysioNet2022/training_data/84807_AV.wav,1.0,0.20121199
/tmp/backbone_swap_yamnet_boxt09gl/data/PhysioNet2022/training_data/84807_MV.wav,1.0,0.22754869
/tmp/backbone_swap_yamnet_boxt09gl/data/PhysioNet2022/training_data/84823_AV.wav,1.0,0.29561353
/tmp/backbone_swap_yamnet_boxt09gl/data/PhysioNet2022/training_data/84823_MV.wav,1.0,0.11875961
/tmp/backbone_swap_yamnet_boxt09gl/data/PhysioNet2022/training_data/84823_PV.wav,1.0,0.22930881
/tmp/backbone_swap_yamnet_boxt09gl/data/PhysioNet2022/training_data/84823_TV.wav,1.0,0.1993366
/tmp/backbone_swap_yamnet_boxt09gl/data/PhysioNet2022/training_data/84824_AV.wav,1.0,0.4588719
/tmp/backbone_swap_yamnet_boxt09gl/data/PhysioNet2022/training_data/84824_MV.wav,1.0,0.1092625
/tmp/backbone_swap_yamnet_boxt09gl/data/PhysioNet2022/training_data/84838_AV.wav,1.0,0.4174653
/tmp/backbone_swap_yamnet_boxt09gl/data/PhysioNet2022/training_data/84838_MV.wav,1.0,0.32973143
/tmp/backbone_swap_yamnet_boxt09gl/data/PhysioNet2022/training_data/84838_PV.wav,1.0,0.23078662
/tmp/backbone_swap_yamnet_boxt09gl/data/PhysioNet2022/training_data/84838_TV.wav,1.0,0.16036615
/tmp/backbone_swap_yamnet_boxt09gl/data/PhysioNet2022/training_data/84839_AV.wav,1.0,0.4986561
/tmp/backbone_swap_yamnet_boxt09gl/data/PhysioNet2022/training_data/84839_MV.wav,1.0,0.2148839
/tmp/backbone_swap_yamnet_boxt09gl/data/PhysioNet2022/training_data/84839_PV.wav,1.0,0.21291032
/tmp/backbone_swap_yamnet_boxt09gl/data/PhysioNet2022/training_data/84839_TV.wav,1.0,0.4380409
/tmp/backbone_swap_yamnet_boxt09gl/data/PhysioNet2022/training_data/84853_AV.wav,1.0,0.20791839
/tmp/backbone_swap_yamnet_boxt09gl/data/PhysioNet2022/training_data/84853_MV.wav,1.0,0.28038695
/tmp/backbone_swap_yamnet_boxt09gl/data/PhysioNet2022/training_data/84853_PV.wav,1.0,0.17586565
/tmp/backbone_swap_yamnet_boxt09gl/data/PhysioNet2022/training_data/84853_TV.wav,1.0,0.1797378
/tmp/backbone_swap_yamnet_boxt09gl/data/PhysioNet2022/training_data/84854_AV.wav,1.0,0.4757768
/tmp/backbone_swap_yamnet_boxt09gl/data/PhysioNet2022/training_data/84854_MV.wav,1.0,0.1729984
/tmp/backbone_swap_yamnet_boxt09gl/data/PhysioNet2022/training_data/84854_PV.wav,1.0,0.38826436
/tmp/backbone_swap_yamnet_boxt09gl/data/PhysioNet2022/training_data/84854_TV.wav,1.0,0.27964664
/tmp/backbone_swap_yamnet_boxt09gl/data/PhysioNet2022/training_data/84855_MV.wav,1.0,0.41811976
/tmp/backbone_swap_yamnet_boxt09gl/data/PhysioNet2022/training_data/84855_PV.wav,1.0,0.21685803
/tmp/backbone_swap_yamnet_boxt09gl/data/PhysioNet2022/training_data/84855_TV.wav,1.0,0.16153789
/tmp/backbone_swap_yamnet_boxt09gl/data/PhysioNet2022/training_data/84857_AV.wav,1.0,0.24063292
/tmp/backbone_swap_yamnet_boxt09gl/data/PhysioNet2022/training_data/84857_MV.wav,1.0,0.36022162
/tmp/backbone_swap_yamnet_boxt09gl/data/PhysioNet2022/training_data/84865_AV.wav,1.0,0.22390662
/tmp/backbone_swap_yamnet_boxt09gl/data/PhysioNet2022/training_data/84865_MV.wav,1.0,0.3515108
/tmp/backbone_swap_yamnet_boxt09gl/data/PhysioNet2022/training_data/84865_PV.wav,1.0,0.24500985
/tmp/backbone_swap_yamnet_boxt09gl/data/PhysioNet2022/training_data/84865_TV.wav,1.0,0.11216366
/tmp/backbone_swap_yamnet_boxt09gl/data/PhysioNet2022/training_data/84866_AV.wav,1.0,0.2549235
/tmp/backbone_swap_yamnet_boxt09gl/data/PhysioNet2022/training_data/84866_MV.wav,1.0,0.015776303
/tmp/backbone_swap_yamnet_boxt09gl/data/PhysioNet2022/training_data/84866_PV.wav,1.0,0.31201857
/tmp/backbone_swap_yamnet_boxt09gl/data/PhysioNet2022/training_data/84866_TV.wav,1.0,0.5868975
/tmp/backbone_swap_yamnet_boxt09gl/data/PhysioNet2022/training_data/84874_AV.wav,1.0,0.11933333
/tmp/backbone_swap_yamnet_boxt09gl/data/PhysioNet2022/training_data/84874_MV.wav,1.0,0.3164883
/tmp/backbone_swap_yamnet_boxt09gl/data/PhysioNet2022/training_data/84874_PV.wav,1.0,0.28528678
/tmp/backbone_swap_yamnet_boxt09gl/data/PhysioNet2022/training_data/84874_TV.wav,1.0,0.12339003
/tmp/backbone_swap_yamnet_boxt09gl/data/PhysioNet2022/training_data/84875_PV.wav,1.0,0.19744626
/tmp/backbone_swap_yamnet_boxt09gl/data/PhysioNet2022/training_data/84875_TV.wav,1.0,0.5943069
/tmp/backbone_swap_yamnet_boxt09gl/data/PhysioNet2022/training_data/84878_AV.wav,1.0,0.18605092
/tmp/backbone_swap_yamnet_boxt09gl/data/PhysioNet2022/training_data/84878_MV.wav,1.0,0.39134815
/tmp/backbone_swap_yamnet_boxt09gl/data/PhysioNet2022/training_data/84878_PV.wav,1.0,0.27865636
/tmp/backbone_swap_yamnet_boxt09gl/data/PhysioNet2022/training_data/84878_TV.wav,1.0,0.642103
/tmp/backbone_swap_yamnet_boxt09gl/data/PhysioNet2022/training_data/84886_PV.wav,1.0,0.19426405
/tmp/backbone_swap_yamnet_boxt09gl/data/PhysioNet2022/training_data/84900_AV.wav,1.0,0.096119404
/tmp/backbone_swap_yamnet_boxt09gl/data/PhysioNet2022/training_data/84900_MV.wav,1.0,0.09936094
/tmp/backbone_swap_yamnet_boxt09gl/data/PhysioNet2022/training_data/84912_AV.wav,1.0,0.7800611
/tmp/backbone_swap_yamnet_boxt09gl/data/PhysioNet2022/training_data/84912_MV.wav,1.0,0.32040533
/tmp/backbone_swap_yamnet_boxt09gl/data/PhysioNet2022/training_data/84912_PV.wav,1.0,0.17204773
/tmp/backbone_swap_yamnet_boxt09gl/data/PhysioNet2022/training_data/84912_TV.wav,1.0,0.43333778
/tmp/backbone_swap_yamnet_boxt09gl/data/PhysioNet2022/training_data/84920_AV.wav,1.0,0.18648446
/tmp/backbone_swap_yamnet_boxt09gl/data/PhysioNet2022/training_data/84920_MV.wav,1.0,0.14670774
/tmp/backbone_swap_yamnet_boxt09gl/data/PhysioNet2022/training_data/84920_PV.wav,1.0,0.26210573
/tmp/backbone_swap_yamnet_boxt09gl/data/PhysioNet2022/training_data/84920_TV.wav,1.0,0.27903712
/tmp/backbone_swap_yamnet_boxt09gl/data/PhysioNet2022/training_data/84928_AV.wav,1.0,0.24100995
/tmp/backbone_swap_yamnet_boxt09gl/data/PhysioNet2022/training_data/84928_MV.wav,1.0,0.40092874
/tmp/backbone_swap_yamnet_boxt09gl/data/PhysioNet2022/training_data/84928_PV.wav,1.0,0.5358188
/tmp/backbone_swap_yamnet_boxt09gl/data/PhysioNet2022/training_data/84928_TV.wav,1.0,0.16998668
/tmp/backbone_swap_yamnet_boxt09gl/data/PhysioNet2022/training_data/84950_AV.wav,1.0,0.36936063
/tmp/backbone_swap_yamnet_boxt09gl/data/PhysioNet2022/training_data/84950_PV.wav,1.0,0.21311755
/tmp/backbone_swap_yamnet_boxt09gl/data/PhysioNet2022/training_data/84950_TV.wav,1.0,0.19559985
/tmp/backbone_swap_yamnet_boxt09gl/data/PhysioNet2022/training_data/84952_AV.wav,1.0,0.23974739
/tmp/backbone_swap_yamnet_boxt09gl/data/PhysioNet2022/training_data/84952_PV.wav,1.0,0.2661019
/tmp/backbone_swap_yamnet_boxt09gl/data/PhysioNet2022/training_data/84952_TV.wav,1.0,0.19842157
/tmp/backbone_swap_yamnet_boxt09gl/data/PhysioNet2022/training_data/84957_AV.wav,1.0,0.14412454
/tmp/backbone_swap_yamnet_boxt09gl/data/PhysioNet2022/training_data/84957_MV.wav,1.0,0.18296944
/tmp/backbone_swap_yamnet_boxt09gl/data/PhysioNet2022/training_data/84957_PV.wav,1.0,0.2555663
/tmp/backbone_swap_yamnet_boxt09gl/data/PhysioNet2022/training_data/84957_TV.wav,1.0,0.18466125
/tmp/backbone_swap_yamnet_boxt09gl/data/PhysioNet2022/training_data/84960_AV.wav,1.0,0.10907168
/tmp/backbone_swap_yamnet_boxt09gl/data/PhysioNet2022/training_data/84960_MV.wav,1.0,0.10606589
/tmp/backbone_swap_yamnet_boxt09gl/data/PhysioNet2022/training_data/84960_PV.wav,1.0,0.14486893
/tmp/backbone_swap_yamnet_boxt09gl/data/PhysioNet2022/training_data/84960_TV.wav,1.0,0.40358073
/tmp/backbone_swap_yamnet_boxt09gl/data/PhysioNet2022/training_data/84961_AV.wav,1.0,0.16313522
/tmp/backbone_swap_yamnet_boxt09gl/data/PhysioNet2022/training_data/84961_MV.wav,1.0,0.36592683
/tmp/backbone_swap_yamnet_boxt09gl/data/PhysioNet2022/training_data/84961_PV.wav,1.0,0.39554247
/tmp/backbone_swap_yamnet_boxt09gl/data/PhysioNet2022/training_data/84961_TV.wav,1.0,0.30690926
/tmp/backbone_swap_yamnet_boxt09gl/data/PhysioNet2022/training_data/84965_AV.wav,1.0,0.49375412
/tmp/backbone_swap_yamnet_boxt09gl/data/PhysioNet2022/training_data/84965_MV.wav,1.0,0.23545441
/tmp/backbone_swap_yamnet_boxt09gl/data/PhysioNet2022/training_data/84965_PV.wav,1.0,0.2661882
/tmp/backbone_swap_yamnet_boxt09gl/data/PhysioNet2022/training_data/84965_TV.wav,1.0,0.19014548
/tmp/backbone_swap_yamnet_boxt09gl/data/PhysioNet2022/training_data/84974_AV.wav,1.0,0.17949234
/tmp/backbone_swap_yamnet_boxt09gl/data/PhysioNet2022/training_data/84974_MV.wav,1.0,0.21085033
/tmp/backbone_swap_yamnet_boxt09gl/data/PhysioNet2022/training_data/84974_PV.wav,1.0,0.7202364
/tmp/backbone_swap_yamnet_boxt09gl/data/PhysioNet2022/training_data/84974_TV.wav,1.0,0.2933213
/tmp/backbone_swap_yamnet_boxt09gl/data/PhysioNet2022/training_data/84986_AV.wav,1.0,0.19082105
/tmp/backbone_swap_yamnet_boxt09gl/data/PhysioNet2022/training_data/84986_MV.wav,1.0,0.19303438
/tmp/backbone_swap_yamnet_boxt09gl/data/PhysioNet2022/training_data/84986_PV.wav,1.0,0.25473565
/tmp/backbone_swap_yamnet_boxt09gl/data/PhysioNet2022/training_data/84986_TV.wav,1.0,0.5154644
/tmp/backbone_swap_yamnet_boxt09gl/data/PhysioNet2022/training_data/84987_AV.wav,1.0,0.12783405
/tmp/backbone_swap_yamnet_boxt09gl/data/PhysioNet2022/training_data/84987_MV.wav,1.0,0.40194467
/tmp/backbone_swap_yamnet_boxt09gl/data/PhysioNet2022/training_data/84987_PV.wav,1.0,0.17987826
/tmp/backbone_swap_yamnet_boxt09gl/data/PhysioNet2022/training_data/84987_TV.wav,1.0,0.25048336
/tmp/backbone_swap_yamnet_boxt09gl/data/PhysioNet2022/training_data/84993_AV.wav,1.0,0.31721509
/tmp/backbone_swap_yamnet_boxt09gl/data/PhysioNet2022/training_data/84993_MV.wav,1.0,0.2801434
/tmp/backbone_swap_yamnet_boxt09gl/data/PhysioNet2022/training_data/84993_PV.wav,1.0,0.42041644
/tmp/backbone_swap_yamnet_boxt09gl/data/PhysioNet2022/training_data/84993_TV.wav,1.0,0.21904178
/tmp/backbone_swap_yamnet_boxt09gl/data/PhysioNet2022/training_data/85000_AV.wav,1.0,0.3538104
/tmp/backbone_swap_yamnet_boxt09gl/data/PhysioNet2022/training_data/85000_MV.wav,1.0,0.19995555
/tmp/backbone_swap_yamnet_boxt09gl/data/PhysioNet2022/training_data/85000_PV.wav,1.0,0.3718933
/tmp/backbone_swap_yamnet_boxt09gl/data/PhysioNet2022/training_data/85000_TV.wav,1.0,0.3668473
/tmp/backbone_swap_yamnet_boxt09gl/data/PhysioNet2022/training_data/85011_AV.wav,1.0,0.13800938
/tmp/backbone_swap_yamnet_boxt09gl/data/PhysioNet2022/training_data/85011_MV.wav,1.0,0.18623823
/tmp/backbone_swap_yamnet_boxt09gl/data/PhysioNet2022/training_data/85018_AV.wav,1.0,0.15259267
/tmp/backbone_swap_yamnet_boxt09gl/data/PhysioNet2022/training_data/85018_MV.wav,1.0,0.27097014
/tmp/backbone_swap_yamnet_boxt09gl/data/PhysioNet2022/training_data/85023_AV.wav,1.0,0.47959748
/tmp/backbone_swap_yamnet_boxt09gl/data/PhysioNet2022/training_data/85023_MV.wav,1.0,0.4272253
/tmp/backbone_swap_yamnet_boxt09gl/data/PhysioNet2022/training_data/85023_PV.wav,1.0,0.24268481
/tmp/backbone_swap_yamnet_boxt09gl/data/PhysioNet2022/training_data/85023_TV.wav,1.0,0.39109352
/tmp/backbone_swap_yamnet_boxt09gl/data/PhysioNet2022/training_data/85026_AV.wav,1.0,0.32238895
/tmp/backbone_swap_yamnet_boxt09gl/data/PhysioNet2022/training_data/85026_MV.wav,1.0,0.30496427
/tmp/backbone_swap_yamnet_boxt09gl/data/PhysioNet2022/training_data/85027_AV.wav,1.0,0.1557614
/tmp/backbone_swap_yamnet_boxt09gl/data/PhysioNet2022/training_data/85027_MV.wav,1.0,0.33381277
/tmp/backbone_swap_yamnet_boxt09gl/data/PhysioNet2022/training_data/85027_PV.wav,1.0,0.18692306
/tmp/backbone_swap_yamnet_boxt09gl/data/PhysioNet2022/training_data/85027_TV.wav,1.0,0.099843524
/tmp/backbone_swap_yamnet_boxt09gl/data/PhysioNet2022/training_data/85028_AV.wav,1.0,0.35385117
/tmp/backbone_swap_yamnet_boxt09gl/data/PhysioNet2022/training_data/85028_MV.wav,1.0,0.14927484
/tmp/backbone_swap_yamnet_boxt09gl/data/PhysioNet2022/training_data/85028_PV.wav,1.0,0.0910305
/tmp/backbone_swap_yamnet_boxt09gl/data/PhysioNet2022/training_data/85028_TV.wav,1.0,0.19041729
/tmp/backbone_swap_yamnet_boxt09gl/data/PhysioNet2022/training_data/85029_AV.wav,1.0,0.2530959
/tmp/backbone_swap_yamnet_boxt09gl/data/PhysioNet2022/training_data/85029_MV.wav,1.0,0.94151473
/tmp/backbone_swap_yamnet_boxt09gl/data/PhysioNet2022/training_data/85029_PV.wav,1.0,0.20452717
/tmp/backbone_swap_yamnet_boxt09gl/data/PhysioNet2022/training_data/85029_TV.wav,1.0,0.16695601
/tmp/backbone_swap_yamnet_boxt09gl/data/PhysioNet2022/training_data/85030_AV.wav,1.0,0.15269853
/tmp/backbone_swap_yamnet_boxt09gl/data/PhysioNet2022/training_data/85030_MV.wav,1.0,0.3533727
/tmp/backbone_swap_yamnet_boxt09gl/data/PhysioNet2022/training_data/85030_PV.wav,1.0,0.24480768
/tmp/backbone_swap_yamnet_boxt09gl/data/PhysioNet2022/training_data/85030_TV.wav,1.0,0.34826
/tmp/backbone_swap_yamnet_boxt09gl/data/PhysioNet2022/training_data/85031_AV.wav,1.0,0.54323155
/tmp/backbone_swap_yamnet_boxt09gl/data/PhysioNet2022/training_data/85031_MV.wav,1.0,0.23205918
/tmp/backbone_swap_yamnet_boxt09gl/data/PhysioNet2022/training_data/85031_PV.wav,1.0,0.24707755
/tmp/backbone_swap_yamnet_boxt09gl/data/PhysioNet2022/training_data/85031_TV.wav,1.0,0.43214878
/tmp/backbone_swap_yamnet_boxt09gl/data/PhysioNet2022/training_data/85036_AV.wav,1.0,0.24878281
/tmp/backbone_swap_yamnet_boxt09gl/data/PhysioNet2022/training_data/85036_MV.wav,1.0,0.23623301
/tmp/backbone_swap_yamnet_boxt09gl/data/PhysioNet2022/training_data/85036_PV.wav,1.0,0.23632188
/tmp/backbone_swap_yamnet_boxt09gl/data/PhysioNet2022/training_data/85036_TV.wav,1.0,0.20216538
/tmp/backbone_swap_yamnet_boxt09gl/data/PhysioNet2022/training_data/85037_AV.wav,1.0,0.28516978
/tmp/backbone_swap_yamnet_boxt09gl/data/PhysioNet2022/training_data/85037_MV.wav,1.0,0.19752742
/tmp/backbone_swap_yamnet_boxt09gl/data/PhysioNet2022/training_data/85037_PV.wav,1.0,0.17829114
/tmp/backbone_swap_yamnet_boxt09gl/data/PhysioNet2022/training_data/85037_TV.wav,1.0,0.931118
/tmp/backbone_swap_yamnet_boxt09gl/data/PhysioNet2022/training_data/85038_AV.wav,1.0,0.20914215
/tmp/backbone_swap_yamnet_boxt09gl/data/PhysioNet2022/training_data/85038_MV.wav,1.0,0.12663747
/tmp/backbone_swap_yamnet_boxt09gl/data/PhysioNet2022/training_data/85038_PV.wav,1.0,0.38284385
/tmp/backbone_swap_yamnet_boxt09gl/data/PhysioNet2022/training_data/85038_TV.wav,1.0,0.34551546
/tmp/backbone_swap_yamnet_boxt09gl/data/PhysioNet2022/training_data/85055_AV.wav,1.0,0.29469723
/tmp/backbone_swap_yamnet_boxt09gl/data/PhysioNet2022/training_data/85055_PV.wav,1.0,0.41652912
/tmp/backbone_swap_yamnet_boxt09gl/data/PhysioNet2022/training_data/85055_TV.wav,1.0,0.11657736
/tmp/backbone_swap_yamnet_boxt09gl/data/PhysioNet2022/training_data/85064_AV.wav,1.0,0.8070122
/tmp/backbone_swap_yamnet_boxt09gl/data/PhysioNet2022/training_data/85064_MV.wav,1.0,0.63150245
/tmp/backbone_swap_yamnet_boxt09gl/data/PhysioNet2022/training_data/85064_PV.wav,1.0,0.28450736
/tmp/backbone_swap_yamnet_boxt09gl/data/PhysioNet2022/training_data/85064_TV.wav,1.0,0.1249821
/tmp/backbone_swap_yamnet_boxt09gl/data/PhysioNet2022/training_data/85079_AV.wav,1.0,0.35491976
/tmp/backbone_swap_yamnet_boxt09gl/data/PhysioNet2022/training_data/85079_MV.wav,1.0,0.29918423
/tmp/backbone_swap_yamnet_boxt09gl/data/PhysioNet2022/training_data/85079_PV.wav,1.0,0.28953356
/tmp/backbone_swap_yamnet_boxt09gl/data/PhysioNet2022/training_data/85079_TV.wav,1.0,0.23435155
/tmp/backbone_swap_yamnet_boxt09gl/data/PhysioNet2022/training_data/85080_AV.wav,1.0,0.26326796
/tmp/backbone_swap_yamnet_boxt09gl/data/PhysioNet2022/training_data/85080_MV.wav,1.0,0.03796142
/tmp/backbone_swap_yamnet_boxt09gl/data/PhysioNet2022/training_data/85080_PV.wav,1.0,0.1919143
/tmp/backbone_swap_yamnet_boxt09gl/data/PhysioNet2022/training_data/85080_TV.wav,1.0,0.13552341
/tmp/backbone_swap_yamnet_boxt09gl/data/PhysioNet2022/training_data/85086_AV.wav,1.0,0.24568702
/tmp/backbone_swap_yamnet_boxt09gl/data/PhysioNet2022/training_data/85086_MV.wav,1.0,0.16610926
/tmp/backbone_swap_yamnet_boxt09gl/data/PhysioNet2022/training_data/85086_PV.wav,1.0,0.14494953
/tmp/backbone_swap_yamnet_boxt09gl/data/PhysioNet2022/training_data/85086_TV.wav,1.0,0.19232178
/tmp/backbone_swap_yamnet_boxt09gl/data/PhysioNet2022/training_data/85087_AV.wav,1.0,0.22090413
/tmp/backbone_swap_yamnet_boxt09gl/data/PhysioNet2022/training_data/85087_MV.wav,1.0,0.20137766
/tmp/backbone_swap_yamnet_boxt09gl/data/PhysioNet2022/training_data/85087_PV.wav,1.0,0.18723322
/tmp/backbone_swap_yamnet_boxt09gl/data/PhysioNet2022/training_data/85087_TV.wav,1.0,0.36345708
/tmp/backbone_swap_yamnet_boxt09gl/data/PhysioNet2022/training_data/85090_MV.wav,1.0,0.12267935
/tmp/backbone_swap_yamnet_boxt09gl/data/PhysioNet2022/training_data/85090_PV.wav,1.0,0.23024216
/tmp/backbone_swap_yamnet_boxt09gl/data/PhysioNet2022/training_data/85090_TV.wav,1.0,0.19998534
/tmp/backbone_swap_yamnet_boxt09gl/data/PhysioNet2022/training_data/85091_AV.wav,1.0,0.84832746
/tmp/backbone_swap_yamnet_boxt09gl/data/PhysioNet2022/training_data/85091_MV.wav,1.0,0.11487151
/tmp/backbone_swap_yamnet_boxt09gl/data/PhysioNet2022/training_data/85093_AV.wav,1.0,0.10930264
/tmp/backbone_swap_yamnet_boxt09gl/data/PhysioNet2022/training_data/85093_MV.wav,1.0,0.21872918
/tmp/backbone_swap_yamnet_boxt09gl/data/PhysioNet2022/training_data/85093_PV.wav,1.0,0.28331298
/tmp/backbone_swap_yamnet_boxt09gl/data/PhysioNet2022/training_data/85093_TV.wav,1.0,0.32614484
/tmp/backbone_swap_yamnet_boxt09gl/data/PhysioNet2022/training_data/85112_AV.wav,1.0,0.22327097
/tmp/backbone_swap_yamnet_boxt09gl/data/PhysioNet2022/training_data/85112_MV.wav,1.0,0.34887758
/tmp/backbone_swap_yamnet_boxt09gl/data/PhysioNet2022/training_data/85112_PV.wav,1.0,0.23258026
/tmp/backbone_swap_yamnet_boxt09gl/data/PhysioNet2022/training_data/85112_TV.wav,1.0,0.203393
/tmp/backbone_swap_yamnet_boxt09gl/data/PhysioNet2022/training_data/85113_AV.wav,1.0,0.20543289
/tmp/backbone_swap_yamnet_boxt09gl/data/PhysioNet2022/training_data/85113_MV.wav,1.0,0.17435725
/tmp/backbone_swap_yamnet_boxt09gl/data/PhysioNet2022/training_data/85113_PV.wav,1.0,0.11950088
/tmp/backbone_swap_yamnet_boxt09gl/data/PhysioNet2022/training_data/85113_TV.wav,1.0,0.24047945
/tmp/backbone_swap_yamnet_boxt09gl/data/PhysioNet2022/training_data/85116_AV.wav,1.0,0.1832114
/tmp/backbone_swap_yamnet_boxt09gl/data/PhysioNet2022/training_data/85116_MV.wav,1.0,0.13577352
/tmp/backbone_swap_yamnet_boxt09gl/data/PhysioNet2022/training_data/85116_PV.wav,1.0,0.7976302
/tmp/backbone_swap_yamnet_boxt09gl/data/PhysioNet2022/training_data/85116_TV.wav,1.0,0.31920096
/tmp/backbone_swap_yamnet_boxt09gl/data/PhysioNet2022/training_data/85122_AV.wav,1.0,0.22957857
/tmp/backbone_swap_yamnet_boxt09gl/data/PhysioNet2022/training_data/85122_MV.wav,1.0,0.12732488
/tmp/backbone_swap_yamnet_boxt09gl/data/PhysioNet2022/training_data/85122_PV.wav,1.0,0.33060342
/tmp/backbone_swap_yamnet_boxt09gl/data/PhysioNet2022/training_data/85122_TV.wav,1.0,0.18143782
/tmp/backbone_swap_yamnet_boxt09gl/data/PhysioNet2022/training_data/85127_AV.wav,1.0,0.17652965
/tmp/backbone_swap_yamnet_boxt09gl/data/PhysioNet2022/training_data/85127_MV.wav,1.0,0.20510387
/tmp/backbone_swap_yamnet_boxt09gl/data/PhysioNet2022/training_data/85127_PV.wav,1.0,0.23787142
/tmp/backbone_swap_yamnet_boxt09gl/data/PhysioNet2022/training_data/85127_TV.wav,1.0,0.24792852
/tmp/backbone_swap_yamnet_boxt09gl/data/PhysioNet2022/training_data/85132_AV.wav,1.0,0.08724642
/tmp/backbone_swap_yamnet_boxt09gl/data/PhysioNet2022/training_data/85132_MV.wav,1.0,0.27032164
/tmp/backbone_swap_yamnet_boxt09gl/data/PhysioNet2022/training_data/85132_PV.wav,1.0,0.23654778
/tmp/backbone_swap_yamnet_boxt09gl/data/PhysioNet2022/training_data/85132_TV.wav,1.0,0.12449069
/tmp/backbone_swap_yamnet_boxt09gl/data/PhysioNet2022/training_data/85147_AV.wav,1.0,0.3647626
/tmp/backbone_swap_yamnet_boxt09gl/data/PhysioNet2022/training_data/85147_MV.wav,1.0,0.16848661
/tmp/backbone_swap_yamnet_boxt09gl/data/PhysioNet2022/training_data/85147_PV.wav,1.0,0.20717902
/tmp/backbone_swap_yamnet_boxt09gl/data/PhysioNet2022/training_data/85147_TV.wav,1.0,0.23600967
/tmp/backbone_swap_yamnet_boxt09gl/data/PhysioNet2022/training_data/85153_AV.wav,1.0,0.21639611
/tmp/backbone_swap_yamnet_boxt09gl/data/PhysioNet2022/training_data/85153_PV.wav,1.0,0.31673977
/tmp/backbone_swap_yamnet_boxt09gl/data/PhysioNet2022/training_data/85154_AV.wav,1.0,0.1273004
/tmp/backbone_swap_yamnet_boxt09gl/data/PhysioNet2022/training_data/85154_MV.wav,1.0,0.26812676
/tmp/backbone_swap_yamnet_boxt09gl/data/PhysioNet2022/training_data/85154_PV.wav,1.0,0.20870368
/tmp/backbone_swap_yamnet_boxt09gl/data/PhysioNet2022/training_data/85154_TV.wav,1.0,0.13501045
/tmp/backbone_swap_yamnet_boxt09gl/data/PhysioNet2022/training_data/85159_AV.wav,1.0,0.21344806
/tmp/backbone_swap_yamnet_boxt09gl/data/PhysioNet2022/training_data/85159_MV.wav,1.0,0.16258146
/tmp/backbone_swap_yamnet_boxt09gl/data/PhysioNet2022/training_data/85161_AV.wav,1.0,0.28746122
/tmp/backbone_swap_yamnet_boxt09gl/data/PhysioNet2022/training_data/85161_MV.wav,1.0,0.3178948
/tmp/backbone_swap_yamnet_boxt09gl/data/PhysioNet2022/training_data/85161_PV.wav,1.0,0.27682146
/tmp/backbone_swap_yamnet_boxt09gl/data/PhysioNet2022/training_data/85161_TV.wav,1.0,0.40443727
/tmp/backbone_swap_yamnet_boxt09gl/data/PhysioNet2022/training_data/85165_AV.wav,1.0,0.22013262
/tmp/backbone_swap_yamnet_boxt09gl/data/PhysioNet2022/training_data/85165_MV.wav,1.0,0.2806807
/tmp/backbone_swap_yamnet_boxt09gl/data/PhysioNet2022/training_data/85172_AV.wav,1.0,0.26752427
/tmp/backbone_swap_yamnet_boxt09gl/data/PhysioNet2022/training_data/85172_MV.wav,1.0,0.19941033
/tmp/backbone_swap_yamnet_boxt09gl/data/PhysioNet2022/training_data/85172_PV.wav,1.0,0.26622874
/tmp/backbone_swap_yamnet_boxt09gl/data/PhysioNet2022/training_data/85172_TV.wav,1.0,0.1800906
/tmp/backbone_swap_yamnet_boxt09gl/data/PhysioNet2022/training_data/85198_AV.wav,1.0,0.24976258
/tmp/backbone_swap_yamnet_boxt09gl/data/PhysioNet2022/training_data/85198_MV.wav,1.0,0.1575895
/tmp/backbone_swap_yamnet_boxt09gl/data/PhysioNet2022/training_data/85198_PV.wav,1.0,0.16826206
/tmp/backbone_swap_yamnet_boxt09gl/data/PhysioNet2022/training_data/85198_TV.wav,1.0,0.27162215
/tmp/backbone_swap_yamnet_boxt09gl/data/PhysioNet2022/training_data/85203_AV.wav,1.0,0.22973825
/tmp/backbone_swap_yamnet_boxt09gl/data/PhysioNet2022/training_data/85203_MV.wav,1.0,0.19252525
/tmp/backbone_swap_yamnet_boxt09gl/data/PhysioNet2022/training_data/85210_AV.wav,1.0,0.13893811
/tmp/backbone_swap_yamnet_boxt09gl/data/PhysioNet2022/training_data/85210_MV.wav,1.0,0.24367575
/tmp/backbone_swap_yamnet_boxt09gl/data/PhysioNet2022/training_data/85210_PV.wav,1.0,0.4283311
/tmp/backbone_swap_yamnet_boxt09gl/data/PhysioNet2022/training_data/85210_TV.wav,1.0,0.49995476
/tmp/backbone_swap_yamnet_boxt09gl/data/PhysioNet2022/training_data/85217_AV.wav,1.0,0.57755125
/tmp/backbone_swap_yamnet_boxt09gl/data/PhysioNet2022/training_data/85217_MV.wav,1.0,0.24846183
/tmp/backbone_swap_yamnet_boxt09gl/data/PhysioNet2022/training_data/85217_PV.wav,1.0,0.18816257
/tmp/backbone_swap_yamnet_boxt09gl/data/PhysioNet2022/training_data/85217_TV.wav,1.0,0.2847527
/tmp/backbone_swap_yamnet_boxt09gl/data/PhysioNet2022/training_data/85219_AV.wav,1.0,0.25916755
/tmp/backbone_swap_yamnet_boxt09gl/data/PhysioNet2022/training_data/85219_MV.wav,1.0,0.15410437
/tmp/backbone_swap_yamnet_boxt09gl/data/PhysioNet2022/training_data/85219_PV.wav,1.0,0.108582914
/tmp/backbone_swap_yamnet_boxt09gl/data/PhysioNet2022/training_data/85219_TV.wav,1.0,0.22196871
/tmp/backbone_swap_yamnet_boxt09gl/data/PhysioNet2022/training_data/85227_AV.wav,1.0,0.28318468
/tmp/backbone_swap_yamnet_boxt09gl/data/PhysioNet2022/training_data/85227_MV.wav,1.0,0.25521705
/tmp/backbone_swap_yamnet_boxt09gl/data/PhysioNet2022/training_data/85227_PV.wav,1.0,0.25206116
/tmp/backbone_swap_yamnet_boxt09gl/data/PhysioNet2022/training_data/85227_TV.wav,1.0,0.18769333
/tmp/backbone_swap_yamnet_boxt09gl/data/PhysioNet2022/training_data/85240_AV.wav,1.0,0.14524816
/tmp/backbone_swap_yamnet_boxt09gl/data/PhysioNet2022/training_data/85240_PV.wav,1.0,0.094391905
/tmp/backbone_swap_yamnet_boxt09gl/data/PhysioNet2022/training_data/85240_TV.wav,1.0,0.21284086
/tmp/backbone_swap_yamnet_boxt09gl/data/PhysioNet2022/training_data/85250_AV.wav,1.0,0.14431812
/tmp/backbone_swap_yamnet_boxt09gl/data/PhysioNet2022/training_data/85250_MV.wav,1.0,0.21922806
/tmp/backbone_swap_yamnet_boxt09gl/data/PhysioNet2022/training_data/85250_PV.wav,1.0,0.37253523
/tmp/backbone_swap_yamnet_boxt09gl/data/PhysioNet2022/training_data/85250_TV.wav,1.0,0.20059204
/tmp/backbone_swap_yamnet_boxt09gl/data/PhysioNet2022/training_data/85259_AV.wav,1.0,0.1683187
/tmp/backbone_swap_yamnet_boxt09gl/data/PhysioNet2022/training_data/85259_MV.wav,1.0,0.2855243
/tmp/backbone_swap_yamnet_boxt09gl/data/PhysioNet2022/training_data/85264_MV.wav,1.0,0.24270576
/tmp/backbone_swap_yamnet_boxt09gl/data/PhysioNet2022/training_data/85269_AV.wav,1.0,0.25016192
/tmp/backbone_swap_yamnet_boxt09gl/data/PhysioNet2022/training_data/85269_PV.wav,1.0,0.37600747
/tmp/backbone_swap_yamnet_boxt09gl/data/PhysioNet2022/training_data/85278_AV.wav,1.0,0.26780757
/tmp/backbone_swap_yamnet_boxt09gl/data/PhysioNet2022/training_data/85278_MV.wav,1.0,0.22504944
/tmp/backbone_swap_yamnet_boxt09gl/data/PhysioNet2022/training_data/85278_PV.wav,1.0,0.18947776
/tmp/backbone_swap_yamnet_boxt09gl/data/PhysioNet2022/training_data/85278_TV.wav,1.0,0.4662478
/tmp/backbone_swap_yamnet_boxt09gl/data/PhysioNet2022/training_data/85294_AV.wav,1.0,0.15436715
/tmp/backbone_swap_yamnet_boxt09gl/data/PhysioNet2022/training_data/85294_MV.wav,1.0,0.066656426
/tmp/backbone_swap_yamnet_boxt09gl/data/PhysioNet2022/training_data/85296_AV.wav,1.0,0.21270515
/tmp/backbone_swap_yamnet_boxt09gl/data/PhysioNet2022/training_data/85296_MV.wav,1.0,0.26672113
/tmp/backbone_swap_yamnet_boxt09gl/data/PhysioNet2022/training_data/85296_PV.wav,1.0,0.23807693
/tmp/backbone_swap_yamnet_boxt09gl/data/PhysioNet2022/training_data/85296_TV.wav,1.0,0.2949997
/tmp/backbone_swap_yamnet_boxt09gl/data/PhysioNet2022/training_data/85299_AV.wav,1.0,0.48301068
/tmp/backbone_swap_yamnet_boxt09gl/data/PhysioNet2022/training_data/85299_MV.wav,1.0,0.22982377
/tmp/backbone_swap_yamnet_boxt09gl/data/PhysioNet2022/training_data/85299_PV.wav,1.0,0.2371598
/tmp/backbone_swap_yamnet_boxt09gl/data/PhysioNet2022/training_data/85299_TV.wav,1.0,0.1841267
/tmp/backbone_swap_yamnet_boxt09gl/data/PhysioNet2022/training_data/85300_AV.wav,1.0,0.15474677
/tmp/backbone_swap_yamnet_boxt09gl/data/PhysioNet2022/training_data/85300_MV.wav,1.0,0.16129038
/tmp/backbone_swap_yamnet_boxt09gl/data/PhysioNet2022/training_data/85301_AV.wav,1.0,0.12790696
/tmp/backbone_swap_yamnet_boxt09gl/data/PhysioNet2022/training_data/85301_MV.wav,1.0,0.13416444
/tmp/backbone_swap_yamnet_boxt09gl/data/PhysioNet2022/training_data/85301_PV.wav,1.0,0.24313475
/tmp/backbone_swap_yamnet_boxt09gl/data/PhysioNet2022/training_data/85301_TV.wav,1.0,0.36732727
/tmp/backbone_swap_yamnet_boxt09gl/data/PhysioNet2022/training_data/85305_AV.wav,1.0,0.39710703
/tmp/backbone_swap_yamnet_boxt09gl/data/PhysioNet2022/training_data/85305_MV.wav,1.0,0.16658442
/tmp/backbone_swap_yamnet_boxt09gl/data/PhysioNet2022/training_data/85305_PV.wav,1.0,0.25221452
/tmp/backbone_swap_yamnet_boxt09gl/data/PhysioNet2022/training_data/85305_TV.wav,1.0,0.21915518
/tmp/backbone_swap_yamnet_boxt09gl/data/PhysioNet2022/training_data/85306_AV.wav,1.0,0.123105675
/tmp/backbone_swap_yamnet_boxt09gl/data/PhysioNet2022/training_data/85306_MV.wav,1.0,0.23233455
/tmp/backbone_swap_yamnet_boxt09gl/data/PhysioNet2022/training_data/85308_AV.wav,1.0,0.11727986
/tmp/backbone_swap_yamnet_boxt09gl/data/PhysioNet2022/training_data/85308_MV.wav,1.0,0.25260174
/tmp/backbone_swap_yamnet_boxt09gl/data/PhysioNet2022/training_data/85308_PV.wav,1.0,0.29143012
/tmp/backbone_swap_yamnet_boxt09gl/data/PhysioNet2022/training_data/85308_TV.wav,1.0,0.19838189
/tmp/backbone_swap_yamnet_boxt09gl/data/PhysioNet2022/training_data/85316_AV.wav,1.0,0.3316357
/tmp/backbone_swap_yamnet_boxt09gl/data/PhysioNet2022/training_data/85316_MV.wav,1.0,0.22350682
/tmp/backbone_swap_yamnet_boxt09gl/data/PhysioNet2022/training_data/85316_PV.wav,1.0,0.22170728
/tmp/backbone_swap_yamnet_boxt09gl/data/PhysioNet2022/training_data/85316_TV.wav,1.0,0.63423955
/tmp/backbone_swap_yamnet_boxt09gl/data/PhysioNet2022/training_data/85322_TV.wav,1.0,0.24842851
/tmp/backbone_swap_yamnet_boxt09gl/data/PhysioNet2022/training_data/85327_AV.wav,1.0,0.46882212
/tmp/backbone_swap_yamnet_boxt09gl/data/PhysioNet2022/training_data/85327_MV.wav,1.0,0.45023367
/tmp/backbone_swap_yamnet_boxt09gl/data/PhysioNet2022/training_data/85327_PV.wav,1.0,0.20656909
/tmp/backbone_swap_yamnet_boxt09gl/data/PhysioNet2022/training_data/85327_TV.wav,1.0,0.2078865
/tmp/backbone_swap_yamnet_boxt09gl/data/PhysioNet2022/training_data/85328_AV.wav,1.0,0.124608226
/tmp/backbone_swap_yamnet_boxt09gl/data/PhysioNet2022/training_data/85328_MV.wav,1.0,0.2253509
/tmp/backbone_swap_yamnet_boxt09gl/data/PhysioNet2022/training_data/85328_PV.wav,1.0,0.2253448
/tmp/backbone_swap_yamnet_boxt09gl/data/PhysioNet2022/training_data/85328_TV.wav,1.0,0.28869364
/tmp/backbone_swap_yamnet_boxt09gl/data/PhysioNet2022/training_data/85329_AV.wav,1.0,0.2950532
/tmp/backbone_swap_yamnet_boxt09gl/data/PhysioNet2022/training_data/85329_MV.wav,1.0,0.27988803
/tmp/backbone_swap_yamnet_boxt09gl/data/PhysioNet2022/training_data/85329_PV.wav,1.0,0.29638517
/tmp/backbone_swap_yamnet_boxt09gl/data/PhysioNet2022/training_data/85329_TV.wav,1.0,0.24290127
/tmp/backbone_swap_yamnet_boxt09gl/data/PhysioNet2022/training_data/85332_AV.wav,1.0,0.08489198
/tmp/backbone_swap_yamnet_boxt09gl/data/PhysioNet2022/training_data/85332_PV.wav,1.0,0.15339264
/tmp/backbone_swap_yamnet_boxt09gl/data/PhysioNet2022/training_data/85335_AV.wav,1.0,0.304403
/tmp/backbone_swap_yamnet_boxt09gl/data/PhysioNet2022/training_data/85335_PV.wav,1.0,0.25470468
/tmp/backbone_swap_yamnet_boxt09gl/data/PhysioNet2022/training_data/85335_TV.wav,1.0,0.27143136
/tmp/backbone_swap_yamnet_boxt09gl/data/PhysioNet2022/training_data/85337_AV.wav,1.0,0.2020605
/tmp/backbone_swap_yamnet_boxt09gl/data/PhysioNet2022/training_data/85337_MV.wav,1.0,0.27900767
/tmp/backbone_swap_yamnet_boxt09gl/data/PhysioNet2022/training_data/85337_PV.wav,1.0,0.15830882
/tmp/backbone_swap_yamnet_boxt09gl/data/PhysioNet2022/training_data/85337_TV.wav,1.0,0.19421424
/tmp/backbone_swap_yamnet_boxt09gl/data/PhysioNet2022/training_data/85340_AV.wav,1.0,0.15792595
/tmp/backbone_swap_yamnet_boxt09gl/data/PhysioNet2022/training_data/85340_MV.wav,1.0,0.8792874
/tmp/backbone_swap_yamnet_boxt09gl/data/PhysioNet2022/training_data/85340_PV.wav,1.0,0.08603905
/tmp/backbone_swap_yamnet_boxt09gl/data/PhysioNet2022/training_data/85340_TV.wav,1.0,0.22446334
/tmp/backbone_swap_yamnet_boxt09gl/data/PhysioNet2022/training_data/9979_AV.wav,1.0,0.21474007
/tmp/backbone_swap_yamnet_boxt09gl/data/PhysioNet2022/training_data/9979_MV.wav,1.0,0.17307544
/tmp/backbone_swap_yamnet_boxt09gl/data/PhysioNet2022/training_data/9979_PV.wav,1.0,0.15905629
/tmp/backbone_swap_yamnet_boxt09gl/data/PhysioNet2022/training_data/9979_TV.wav,1.0,0.5539599
/tmp/backbone_swap_yamnet_boxt09gl/data/PhysioNet2022/training_data/9983_AV.wav,1.0,0.1936177
/tmp/backbone_swap_yamnet_boxt09gl/data/PhysioNet2022/training_data/9983_MV.wav,1.0,0.26125067
/tmp/backbone_swap_yamnet_boxt09gl/data/PhysioNet2022/training_data/9983_PV.wav,1.0,0.16934367
/tmp/backbone_swap_yamnet_boxt09gl/data/PhysioNet2022/training_data/9983_TV.wav,1.0,0.20762978
noise,0.0,0.090399675
noise,0.0,0.21493684
noise,0.0,0.112605415
noise,0.0,0.06313034
noise,0.0,0.1936683
noise,0.0,0.14814322
noise,0.0,0.23592277
noise,0.0,0.18448287
noise,0.0,0.15638544
noise,0.0,0.29255435
noise,0.0,0.57079166
noise,0.0,0.17749596
noise,0.0,0.25978535
noise,0.0,0.17913109
noise,0.0,0.28802484
noise,0.0,0.19633818
noise,0.0,0.19743523
noise,0.0,0.37224284
noise,0.0,0.18746638
noise,0.0,0.31044015
noise,0.0,0.17005253
noise,0.0,0.2801527
noise,0.0,0.13597018
noise,0.0,0.23059934
noise,0.0,0.16224763
noise,0.0,0.3111698
noise,0.0,0.50182927
noise,0.0,0.15624534
noise,0.0,0.20269236
noise,0.0,0.34057188
noise,0.0,0.22474146
noise,0.0,0.21317859
noise,0.0,0.10944168
noise,0.0,0.23919176
noise,0.0,0.15174434
noise,0.0,0.15633811
noise,0.0,0.114045545
noise,0.0,0.15788507
noise,0.0,0.31811574
noise,0.0,0.18709318
noise,0.0,0.21088672
noise,0.0,0.12584332
noise,0.0,0.24352443
noise,0.0,0.11022208
noise,0.0,0.18432583
noise,0.0,0.18738507
noise,0.0,0.21042691
noise,0.0,0.12946779
noise,0.0,0.3628767
noise,0.0,0.37804413
noise,0.0,0.4549544
noise,0.0,0.15381391
noise,0.0,0.2925986
noise,0.0,0.7111865
noise,0.0,0.87912434
noise,0.0,0.10573661
noise,0.0,0.29706216
noise,0.0,0.22185741
noise,0.0,0.22190478
noise,0.0,0.11609394
noise,0.0,0.1951264
noise,0.0,0.25506157
noise,0.0,0.4445054
noise,0.0,0.28577897
noise,0.0,0.25001153
noise,0.0,0.20068271
noise,0.0,0.20845036
noise,0.0,0.224893
noise,0.0,0.16448385
noise,0.0,0.39897853
noise,0.0,0.28454185
noise,0.0,0.30888528
noise,0.0,0.26396558
noise,0.0,0.40004086
noise,0.0,0.3489219
noise,0.0,0.2519606
noise,0.0,0.37049076
noise,0.0,0.18292308
noise,0.0,0.18737613
noise,0.0,0.31434363
noise,0.0,0.15174434
noise,0.0,0.14140373
noise,0.0,0.25644785
noise,0.0,0.12207066
noise,0.0,0.118932836
noise,0.0,0.18613122
noise,0.0,0.37646228
noise,0.0,0.18254751
noise,0.0,0.26010925
noise,0.0,0.24506281
noise,0.0,0.4046277
noise,0.0,0.2090163
noise,0.0,0.12604788
noise,0.0,0.20720737
noise,0.0,0.17701623
noise,0.0,0.20819859
noise,0.0,0.1595984
noise,0.0,0.17021367
noise,0.0,0.26075706
noise,0.0,0.3229629
noise,0.0,0.3068514
noise,0.0,0.19650601
noise,0.0,0.15502353
noise,0.0,0.12145448
noise,0.0,0.22668064
noise,0.0,0.19323842
noise,0.0,0.11927157
noise,0.0,0.35055748
noise,0.0,0.57677144
noise,0.0,0.5344852
noise,0.0,0.3138427
noise,0.0,0.07534284
noise,0.0,0.21273077
noise,0.0,0.24518283
noise,0.0,0.23277985
noise,0.0,0.33464277
noise,0.0,0.22678985
noise,0.0,0.114062615
noise,0.0,0.34441495
noise,0.0,0.11202318
noise,0.0,0.20821641
noise,0.0,0.41805196
noise,0.0,0.29011825
noise,0.0,0.18350354
noise,0.0,0.18070297
noise,0.0,0.1740301
noise,0.0,0.17043915
noise,0.0,0.15197755
noise,0.0,0.31210154
noise,0.0,0.12842025
noise,0.0,0.23594087
noise,0.0,0.18955842
noise,0.0,0.13333166
noise,0.0,0.15155889
noise,0.0,0.30643457
noise,0.0,0.17181148
noise,0.0,0.17681372
noise,0.0,0.29274276
noise,0.0,0.24899113
noise,0.0,0.28556228
noise,0.0,0.12839627
noise,0.0,0.21588607
noise,0.0,0.12633571
noise,0.0,0.21832886
noise,0.0,0.38207203
noise,0.0,0.31191632
noise,0.0,0.24350367
noise,0.0,0.15638544
noise,0.0,0.51503843
noise,0.0,0.23960425
noise,0.0,0.5187203
noise,0.0,0.422534
noise,0.0,0.5030369
noise,0.0,0.21262187
noise,0.0,0.26084638
noise,0.0,0.21728964
noise,0.0,0.19975941
noise,0.0,0.017275201
noise,0.0,0.42829046
noise,0.0,0.15313593
noise,0.0,0.19389749
noise,0.0,0.12248996
noise,0.0,0.13168399
noise,0.0,0.32322198
noise,0.0,0.29914308
noise,0.0,0.23825961
noise,0.0,0.18628208
noise,0.0,0.19782291
noise,0.0,0.15413609
noise,0.0,0.24126047
noise,0.0,0.24577954
noise,0.0,0.24531491
noise,0.0,0.22935441
noise,0.0,0.16631348
noise,0.0,0.32864982
noise,0.0,0.16123821
noise,0.0,0.25359684
noise,0.0,0.3221996
noise,0.0,0.1640447
noise,0.0,0.20202734
noise,0.0,0.247248
noise,0.0,0.40314046
noise,0.0,0.2720587
noise,0.0,0.23672669
noise,0.0,0.5458602
noise,0.0,0.3204885
noise,0.0,0.25780168
noise,0.0,0.08344345
noise,0.0,0.14857687
noise,0.0,0.13333166
noise,0.0,0.2605943
noise,0.0,0.15046497
noise,0.0,0.28227338
noise,0.0,0.17617899
noise,0.0,0.19150606
noise,0.0,0.2461884
noise,0.0,0.213477
noise,0.0,0.6860155
noise,0.0,0.25848135
noise,0.0,0.19889855
noise,0.0,0.48718944
noise,0.0,0.2013078
noise,0.0,0.22344735
noise,0.0,0.22566783
noise,0.0,0.119026475
noise,0.0,0.28203654
noise,0.0,0.15631056
noise,0.0,0.18874359
noise,0.0,0.12829146
noise,0.0,0.16851348
noise,0.0,0.2711862
noise,0.0,0.2297773
noise,0.0,0.19923162
noise,0.0,0.36732113
noise,0.0,0.22632033
noise,0.0,0.3547109
noise,0.0,0.09483579
noise,0.0,0.70878106
noise,0.0,0.24099888
noise,0.0,0.16419561
noise,0.0,0.516279
noise,0.0,0.5595403
noise,0.0,0.2523328
noise,0.0,0.22858682
noise,0.0,0.6462934
noise,0.0,0.21730515
noise,0.0,0.20950136
noise,0.0,0.44865775
noise,0.0,0.16106938
noise,0.0,0.7191767
noise,0.0,0.20642893
noise,0.0,0.20552996
noise,0.0,0.18271194
noise,0.0,0.2546851
noise,0.0,0.70107657
noise,0.0,0.19541359
noise,0.0,0.2300829
noise,0.0,0.23199223
noise,0.0,0.19383268
noise,0.0,0.4268493
noise,0.0,0.2562282
noise,0.0,0.26663238
noise,0.0,0.23087254
noise,0.0,0.08048491
noise,0.0,0.064476445
noise,0.0,0.3381873
noise,0.0,0.28883666
noise,0.0,0.7788082
noise,0.0,0.20817004
noise,0.0,0.17928703
noise,0.0,0.25370678
noise,0.0,0.24556492
noise,0.0,0.12607872
noise,0.0,0.16869691
noise,0.0,0.37793502
noise,0.0,0.6490701
noise,0.0,0.17553528
noise,0.0,0.38981703
noise,0.0,0.19632466
noise,0.0,0.17588176
noise,0.0,0.1276396
noise,0.0,0.1661096
noise,0.0,0.7338475
noise,0.0,0.19278267
noise,0.0,0.21660307
noise,0.0,0.2246699
noise,0.0,0.2015538
noise,0.0,0.2590357
noise,0.0,0.4152939
noise,0.0,0.24450362
noise,0.0,0.11811188
noise,0.0,0.2921949
noise,0.0,0.18693292
noise,0.0,0.1229228
noise,0.0,0.43130234
noise,0.0,0.06822778
noise,0.0,0.1494367
noise,0.0,0.19494793
noise,0.0,0.12659958
noise,0.0,0.40757418
noise,0.0,0.17432374
noise,0.0,0.2683481
noise,0.0,0.27748045
noise,0.0,0.32568285
noise,0.0,0.19005676
noise,0.0,0.27438217
noise,0.0,0.23950194
noise,0.0,0.24440295
noise,0.0,0.17697729
noise,0.0,0.16539851
noise,0.0,0.20265181
noise,0.0,0.14608571
noise,0.0,0.12838742
noise,0.0,0.31195176
noise,0.0,0.6371938
noise,0.0,0.6999053
noise,0.0,0.36109588
noise,0.0,0.59058
noise,0.0,0.95715916
noise,0.0,0.3138409
noise,0.0,0.41583484
noise,0.0,0.2877419
noise,0.0,0.22091796
noise,0.0,0.21998835
noise,0.0,0.14293519
noise,0.0,0.2407045
noise,0.0,0.179477
noise,0.0,0.14022875
noise,0.0,0.24105418
noise,0.0,0.24501678
noise,0.0,0.3663696
noise,0.0,0.21807897
noise,0.0,0.21121755
noise,0.0,0.32111222
noise,0.0,0.019593883
noise,0.0,0.18233684
noise,0.0,0.14224151
noise,0.0,0.21795496
noise,0.0,0.15268081
noise,0.0,0.25333124
noise,0.0,0.53869116
noise,0.0,0.18010086
noise,0.0,0.22730558
noise,0.0,0.27928707
noise,0.0,0.45495856
noise,0.0,0.156837
noise,0.0,0.3609364
noise,0.0,0.37122336
noise,0.0,0.32693866
noise,0.0,0.3459304
noise,0.0,0.5990078
noise,0.0,0.2505466
noise,0.0,0.15236199
noise,0.0,0.19246112
noise,0.0,0.5185815
noise,0.0,0.6028388
noise,0.0,0.19594067
noise,0.0,0.20638289
noise,0.0,0.19332692
noise,0.0,0.34449217
noise,0.0,0.21259247
noise,0.0,0.1958315
noise,0.0,0.19107974
noise,0.0,0.15217309
noise,0.0,0.2743232
noise,0.0,0.16031058
noise,0.0,0.23594138
noise,0.0,0.8178452
noise,0.0,0.119960204
noise,0.0,0.016345954
noise,0.0,0.2350114
noise,0.0,0.48069102
noise,0.0,0.12558469
noise,0.0,0.33685607
noise,0.0,0.12792717
noise,0.0,0.4628999
noise,0.0,0.119093485
noise,0.0,0.17741196
noise,0.0,0.5521843
noise,0.0,0.2927479
noise,0.0,0.34453243
noise,0.0,0.15387428
noise,0.0,0.19613752
noise,0.0,0.311389
noise,0.0,0.33842894
noise,0.0,0.12653603
noise,0.0,0.31568933
noise,0.0,0.24852072
noise,0.0,0.49570596
noise,0.0,0.24580912
noise,0.0,0.25875896
noise,0.0,0.17921028
noise,0.0,0.40842783
noise,0.0,0.35027152
noise,0.0,0.12884578
noise,0.0,0.35568744
noise,0.0,0.1270329
noise,0.0,0.625402
noise,0.0,0.22602522
noise,0.0,0.283647
noise,0.0,0.32723624
noise,0.0,0.113815084
noise,0.0,0.22719954
noise,0.0,0.31696606
noise,0.0,0.27571324
noise,0.0,0.2069127
noise,0.0,0.34391746
noise,0.0,0.17007084
noise,0.0,0.25176585
noise,0.0,0.31775713
noise,0.0,0.3895493
noise,0.0,0.17369406
noise,0.0,0.17673439
noise,0.0,0.11978006
noise,0.0,0.13434222
noise,0.0,0.30278793
noise,0.0,0.20403618
noise,0.0,0.13020745
noise,0.0,0.21423237
noise,0.0,0.47002628
noise,0.0,0.1554153
noise,0.0,0.45937347
noise,0.0,0.20661665
noise,0.0,0.14981425
noise,0.0,0.18509799
noise,0.0,0.15871476
noise,0.0,0.4789697
noise,0.0,0.31451127
noise,0.0,0.27317038
noise,0.0,0.22167492
noise,0.0,0.15322286
noise,0.0,0.28206664
noise,0.0,0.28452176
noise,0.0,0.15135477
noise,0.0,0.2736383
noise,0.0,0.20732589
noise,0.0,0.17135072
noise,0.0,0.2102294
noise,0.0,0.22024643
noise,0.0,0.26242048
noise,0.0,0.0898746
noise,0.0,0.23468329
noise,0.0,0.30374727
noise,0.0,0.21600454
noise,0.0,0.13774648
noise,0.0,0.10115283
noise,0.0,0.14707978
noise,0.0,0.16935617
noise,0.0,0.84567285
noise,0.0,0.33800766
noise,0.0,0.79310477
noise,0.0,0.2432124
noise,0.0,0.17149569
noise,0.0,0.09253537
noise,0.0,0.71712077
noise,0.0,0.07475426
noise,0.0,0.16355763
noise,0.0,0.58673257
noise,0.0,0.25571156
noise,0.0,0.16345122
noise,0.0,0.18891169
noise,0.0,0.17367983
noise,0.0,0.23300813
noise,0.0,0.68071127
noise,0.0,0.20228022
noise,0.0,0.25998074
noise,0.0,0.39807162
noise,0.0,0.28755847
noise,0.0,0.16158481
noise,0.0,0.23100926
noise,0.0,0.18812133
noise,0.0,0.50039446
noise,0.0,0.12939413
noise,0.0,0.16978358
noise,0.0,0.27305427
noise,0.0,0.34320492
noise,0.0,0.43233165
noise,0.0,0.3817307
noise,0.0,0.19743961
noise,0.0,0.17949454
noise,0.0,0.23872249
noise,0.0,0.1648007
noise,0.0,0.19532393
noise,0.0,0.33219153
noise,0.0,0.1832043
noise,0.0,0.20903991
noise,0.0,0.18562299
noise,0.0,0.1651098
noise,0.0,0.19256715
noise,0.0,0.91147095
noise,0.0,0.3154123
noise,0.0,0.2827829
noise,0.0,0.17456652
noise,0.0,0.25468284
noise,0.0,0.2976221
noise,0.0,0.58936894
noise,0.0,0.22099431
noise,0.0,0.12207066
noise,0.0,0.27774715
noise,0.0,0.7393063
noise,0.0,0.1952706
noise,0.0,0.21117751
noise,0.0,0.23725227
noise,0.0,0.21507527
noise,0.0,0.23631762
noise,0.0,0.5028882
noise,0.0,0.23433618
noise,0.0,0.19981542
noise,0.0,0.10666737
noise,0.0,0.27075675
noise,0.0,0.22648735
noise,0.0,0.3171375
noise,0.0,0.12967376
noise,0.0,0.38036638
noise,0.0,0.3808195
noise,0.0,0.27567706
noise,0.0,0.20992564
noise,0.0,0.19602169
noise,0.0,0.43178338
noise,0.0,0.18598364
noise,0.0,0.08851539
noise,0.0,0.1790046
noise,0.0,0.5252187
noise,0.0,0.5497269
noise,0.0,0.35006467
noise,0.0,0.20629495
noise,0.0,0.3483199
noise,0.0,0.43199193
noise,0.0,0.24178654
noise,0.0,0.10866871
noise,0.0,0.3123622
noise,0.0,0.25477716
noise,0.0,0.7067732
noise,0.0,0.22157753
noise,0.0,0.14801675
noise,0.0,0.08525229
noise,0.0,0.22291583
noise,0.0,0.14284281
noise,0.0,0.19739878
noise,0.0,0.22205995
noise,0.0,0.3330769
noise,0.0,0.4479637
noise,0.0,0.22974592
noise,0.0,0.28099754
noise,0.0,0.24426952
noise,0.0,0.2490154
noise,0.0,0.17912936
noise,0.0,0.53003466
noise,0.0,0.31870067
noise,0.0,0.17300881
noise,0.0,0.43915018
noise,0.0,0.24976793
noise,0.0,0.21979532
noise,0.0,0.21700451
noise,0.0,0.25372133
noise,0.0,0.25396642
noise,0.0,0.19902562
noise,0.0,0.25333843
noise,0.0,0.30531466
noise,0.0,0.21195012
noise,0.0,0.14998746
noise,0.0,0.20915358
noise,0.0,0.27678856
noise,0.0,0.2301849
noise,0.0,0.50031006
noise,0.0,0.35545358
noise,0.0,0.31519645
noise,0.0,0.18104121
noise,0.0,0.35823205
noise,0.0,0.17187646
noise,0.0,0.3170831
noise,0.0,0.22492239
noise,0.0,0.07128392
noise,0.0,0.14406706
noise,0.0,0.17365064
noise,0.0,0.15279822
noise,0.0,0.29506326
noise,0.0,0.25001153
noise,0.0,0.19665346
noise,0.0,0.09959939
noise,0.0,0.2377165
noise,0.0,0.16231787
noise,0.0,0.48968074
noise,0.0,0.25515598
noise,0.0,0.3324635
noise,0.0,0.19796106
noise,0.0,0.07938831
noise,0.0,0.33209687
noise,0.0,0.1982664
noise,0.0,0.50601816
noise,0.0,0.5090447
noise,0.0,0.177977
noise,0.0,0.13690501
noise,0.0,0.2956972
noise,0.0,0.20881784
noise,0.0,0.3364382
noise,0.0,0.22502293
noise,0.0,0.19620389
noise,0.0,0.250994
noise,0.0,0.5878387
noise,0.0,0.18483038
noise,0.0,0.33708683
noise,0.0,0.5218048
noise,0.0,0.14982924
noise,0.0,0.37918997
noise,0.0,0.14442137
noise,0.0,0.2992618
noise,0.0,0.16680202
noise,0.0,0.24250996
noise,0.0,0.3376174
noise,0.0,0.12998651
noise,0.0,0.1912756
noise,0.0,0.26456985
noise,0.0,0.22122319
noise,0.0,0.22006775
noise,0.0,0.58936894
noise,0.0,0.14914238
noise,0.0,0.15771338
noise,0.0,0.18758743
noise,0.0,0.4027023
noise,0.0,0.42302552
noise,0.0,0.22846416
noise,0.0,0.26969287
noise,0.0,0.032460645
noise,0.0,0.24718119
noise,0.0,0.15624996
noise,0.0,0.53959316
noise,0.0,0.16040096
noise,0.0,0.18091977
noise,0.0,0.20633279
noise,0.0,0.2110605
noise,0.0,0.20712356
noise,0.0,0.21060678
noise,0.0,0.18049262
noise,0.0,0.30197114
noise,0.0,0.8019344
noise,0.0,0.20018981
noise,0.0,0.26158208
noise,0.0,0.1852032
noise,0.0,0.27675876
noise,0.0,0.3910796
noise,0.0,0.15185484
noise,0.0,0.14065702
noise,0.0,0.12841958
noise,0.0,0.25417995
noise,0.0,0.2060072
noise,0.0,0.31810254
noise,0.0,0.18464984
noise,0.0,0.1568208
noise,0.0,0.81337184
noise,0.0,0.36920264
noise,0.0,0.17302993
noise,0.0,0.29707506
noise,0.0,0.13979349
noise,0.0,0.22533846
noise,0.0,0.2710645
noise,0.0,0.19540063
noise,0.0,0.24037437
noise,0.0,0.31965318
noise,0.0,0.5721508
noise,0.0,0.22627622
noise,0.0,0.5132492
noise,0.0,0.077372625
noise,0.0,0.32056883
noise,0.0,0.09454469
noise,0.0,0.10235142
noise,0.0,0.17122604
noise,0.0,0.061482426
noise,0.0,0.15423289
noise,0.0,0.27988943
noise,0.0,0.14011422
noise,0.0,0.45564744
noise,0.0,0.22396258
noise,0.0,0.3284862
noise,0.0,0.3529939
noise,0.0,0.4083989
noise,0.0,0.2710726
noise,0.0,0.27398765
noise,0.0,0.23726703
noise,0.0,0.18361412
noise,0.0,0.34508684
noise,0.0,0.1893305
noise,0.0,0.08627878
noise,0.0,0.11189931
noise,0.0,0.16936587
noise,0.0,0.2693936
noise,0.0,0.19907615
noise,0.0,0.29948103
noise,0.0,0.20354412
noise,0.0,0.36629412
noise,0.0,0.15474339
noise,0.0,0.18491194
noise,0.0,0.16179842
noise,0.0,0.19775987
noise,0.0,0.14869191
noise,0.0,0.32363802
noise,0.0,0.116303414
noise,0.0,0.08815161
noise,0.0,0.09565493
noise,0.0,0.36146194
noise,0.0,0.28647488
noise,0.0,0.21417439
noise,0.0,0.67481685
noise,0.0,0.25639805
noise,0.0,0.28131518
noise,0.0,0.33399662
noise,0.0,0.13796164
noise,0.0,0.4024552
noise,0.0,0.21425273
noise,0.0,0.2449372
noise,0.0,0.5361938
noise,0.0,0.14668313
noise,0.0,0.20371637
noise,0.0,0.26129532
noise,0.0,0.22899613
noise,0.0,0.30870754
noise,0.0,0.43996128
noise,0.0,0.20054206
noise,0.0,0.17026778
noise,0.0,0.2773903
noise,0.0,0.114117235
noise,0.0,0.18907568
noise,0.0,0.30248183
noise,0.0,0.077269055
noise,0.0,0.22520657
noise,0.0,0.10705569
noise,0.0,0.15619405
noise,0.0,0.19932312
noise,0.0,0.16150449
noise,0.0,0.35344666
noise,0.0,0.11013707
noise,0.0,0.17137817
noise,0.0,0.20747799
noise,0.0,0.28864032
noise,0.0,0.24522924
noise,0.0,0.14373088
noise,0.0,0.23183492
noise,0.0,0.14582093
noise,0.0,0.49385145
noise,0.0,0.23689775
noise,0.0,0.10222987
noise,0.0,0.50363636
noise,0.0,0.32356656
noise,0.0,0.22153987
noise,0.0,0.09252286
noise,0.0,0.14768445
noise,0.0,0.12877494
noise,0.0,0.28152415
noise,0.0,0.11530479
noise,0.0,0.19059323
noise,0.0,0.1705191
noise,0.0,0.052136295
noise,0.0,0.7648617
noise,0.0,0.6234953
noise,0.0,0.17310342
noise,0.0,0.29499647
noise,0.0,0.15725459
noise,0.0,0.108122565
noise,0.0,0.34852847
noise,0.0,0.22412898
noise,0.0,0.371799
noise,0.0,0.29851565
noise,0.0,0.06922294
noise,0.0,0.17784622
noise,0.0,0.17195259
noise,0.0,0.3780287
noise,0.0,0.107122764
noise,0.0,0.18170351
noise,0.0,0.124910094
noise,0.0,0.24812312
noise,0.0,0.19884159
noise,0.0,0.113357864
noise,0.0,0.23916334
noise,0.0,0.26797977
noise,0.0,0.17643885
noise,0.0,0.13591355
noise,0.0,0.23990081
noise,0.0,0.41630965
noise,0.0,0.097051844
noise,0.0,0.6152666
noise,0.0,0.2491138
noise,0.0,0.20655605
noise,0.0,0.21183719
noise,0.0,0.15392181
noise,0.0,0.35265008
noise,0.0,0.3324635
noise,0.0,0.4559393
noise,0.0,0.29575568
noise,0.0,0.20237814
noise,0.0,0.35445708
noise,0.0,0.17992184
noise,0.0,0.2422481
noise,0.0,0.203919
noise,0.0,0.16955696
noise,0.0,0.24723166
noise,0.0,0.15395856
noise,0.0,0.4404214
noise,0.0,0.2680327
noise,0.0,0.2738459
noise,0.0,0.23200129
noise,0.0,0.1807228
noise,0.0,0.20913592
noise,0.0,0.28864032
noise,0.0,0.119580984
noise,0.0,0.16605814
noise,0.0,0.4712937
noise,0.0,0.4743944
noise,0.0,0.505161
noise,0.0,0.1503979
noise,0.0,0.14214428
noise,0.0,0.1903374
noise,0.0,0.19092089
noise,0.0,0.21118432
noise,0.0,0.24098279
noise,0.0,0.6435267
noise,0.0,0.25403896
noise,0.0,0.2937547
noise,0.0,0.12798004
noise,0.0,0.17662439
noise,0.0,0.30978733
noise,0.0,0.2688411
noise,0.0,0.16979864
noise,0.0,0.13849169
noise,0.0,0.29224414
noise,0.0,0.24454227
noise,0.0,0.2728151
noise,0.0,0.11668282
noise,0.0,0.1438875
noise,0.0,0.3420673
noise,0.0,0.498704
noise,0.0,0.3790368
noise,0.0,0.27823997
noise,0.0,0.28749114
noise,0.0,0.22787006
noise,0.0,0.3568942
noise,0.0,0.17963427
noise,0.0,0.23867513
noise,0.0,0.20759636
noise,0.0,0.23455368
noise,0.0,0.27072084
noise,0.0,0.30490845
noise,0.0,0.079920314
noise,0.0,0.27006027
noise,0.0,0.17054982
noise,0.0,0.15365787
noise,0.0,0.22646935
noise,0.0,0.11835034
noise,0.0,0.3063833
noise,0.0,0.21339884
noise,0.0,0.13917056
noise,0.0,0.3032789
noise,0.0,0.21792522
noise,0.0,0.2724676
noise,0.0,0.22339459
noise,0.0,0.34585845
noise,0.0,0.20704237
noise,0.0,0.22155066
noise,0.0,0.19423783
noise,0.0,0.20318592
noise,0.0,0.18853667
noise,0.0,0.32827756
noise,0.0,0.63674355
noise,0.0,0.23738854
noise,0.0,0.42453986
noise,0.0,0.27059776
noise,0.0,0.30693087
noise,0.0,0.31178275
noise,0.0,0.5568395
noise,0.0,0.26542598
noise,0.0,0.31462717
noise,0.0,0.36753884
noise,0.0,0.10759002
noise,0.0,0.095348336
noise,0.0,0.2649666
noise,0.0,0.28667834
noise,0.0,0.1573286
noise,0.0,0.14994194
noise,0.0,0.40981317
noise,0.0,0.20212181
noise,0.0,0.23808476
noise,0.0,0.20475665
noise,0.0,0.26082826
noise,0.0,0.28351307
noise,0.0,0.33414856
noise,0.0,0.20801526
noise,0.0,0.34139556
noise,0.0,0.38962603
noise,0.0,0.27404547
noise,0.0,0.16739707
noise,0.0,0.22874585
noise,0.0,0.28270245
noise,0.0,0.29186347
noise,0.0,0.18323173
noise,0.0,0.20398256
noise,0.0,0.24768853
noise,0.0,0.2060769
noise,0.0,0.24697615
noise,0.0,0.14377275
noise,0.0,0.2828813
noise,0.0,0.28442377
noise,0.0,0.25547907
noise,0.0,0.24275362
noise,0.0,0.35120028
noise,0.0,0.2565198
noise,0.0,0.18964812
noise,0.0,0.20453548
noise,0.0,0.18438806
noise,0.0,0.20338362
noise,0.0,0.2583969
noise,0.0,0.17741023
noise,0.0,0.25034297
noise,0.0,0.20554012
noise,0.0,0.3050457
noise,0.0,0.32497543
noise,0.0,0.28503358
noise,0.0,0.16930372
noise,0.0,0.847102
noise,0.0,0.059297558
noise,0.0,0.22396868
noise,0.0,0.7847878
noise,0.0,0.479299
noise,0.0,0.32037112
noise,0.0,0.23999982
noise,0.0,0.21011913
noise,0.0,0.0677573
noise,0.0,0.39291772
noise,0.0,0.11204229
noise,0.0,0.27319652
noise,0.0,0.23248592
noise,0.0,0.12993628
noise,0.0,0.23692626
noise,0.0,0.21661988
noise,0.0,0.31508535
noise,0.0,0.21791483
noise,0.0,0.32669276
noise,0.0,0.23405693
noise,0.0,0.445073
noise,0.0,0.26656315
noise,0.0,0.20586438
noise,0.0,0.3187611
noise,0.0,0.13285938
noise,0.0,0.3728137
noise,0.0,0.14463748
noise,0.0,0.1984033
noise,0.0,0.88512486
noise,0.0,0.23829429
noise,0.0,0.20412968
noise,0.0,0.26690137
noise,0.0,0.1739562
noise,0.0,0.34046468
noise,0.0,0.22706324
noise,0.0,0.12056557
noise,0.0,0.49373075
noise,0.0,0.1922342
noise,0.0,0.1516869
noise,0.0,0.19294317
noise,0.0,0.24181359
noise,0.0,0.2418299
noise,0.0,0.24205618
noise,0.0,0.19313018
noise,0.0,0.18462884
noise,0.0,0.32342774
noise,0.0,0.328074
noise,0.0,0.3508591
noise,0.0,0.35660943
noise,0.0,0.3054076
noise,0.0,0.08096626
noise,0.0,0.13332786
noise,0.0,0.2888295
noise,0.0,0.48570594
noise,0.0,0.254981
noise,0.0,0.44349024
noise,0.0,0.22883166
noise,0.0,0.30383816
noise,0.0,0.16982
noise,0.0,0.41641438
noise,0.0,0.36702046
noise,0.0,0.9246802
noise,0.0,0.18818958
noise,0.0,0.096815005
noise,0.0,0.35769886
noise,0.0,0.16679041
noise,0.0,0.33161116
noise,0.0,0.3168925
noise,0.0,0.5975812
noise,0.0,0.3926983
noise,0.0,0.14148276
noise,0.0,0.22033381
noise,0.0,0.24478644
noise,0.0,0.37997934
noise,0.0,0.18477926
noise,0.0,0.10990652
noise,0.0,0.24997291
noise,0.0,0.16078395
noise,0.0,0.21983995
noise,0.0,0.23740396
noise,0.0,0.1558296
noise,0.0,0.573738
noise,0.0,0.34902972
noise,0.0,0.14905667
noise,0.0,0.3630264
noise,0.0,0.22121598
noise,0.0,0.18566073
noise,0.0,0.24340594
noise,0.0,0.23465733
noise,0.0,0.12801598
noise,0.0,0.14313832
noise,0.0,0.3834609
noise,0.0,0.8928266
noise,0.0,0.36921552
noise,0.0,0.19656959
noise,0.0,0.19930519
noise,0.0,0.33816925
noise,0.0,0.88969535
noise,0.0,0.21576624
noise,0.0,0.2837889
noise,0.0,0.44491038
noise,0.0,0.23420744
noise,0.0,0.22967307
noise,0.0,0.19338158
noise,0.0,0.19804302
noise,0.0,0.35473156
noise,0.0,0.23157313
noise,0.0,0.14133464
noise,0.0,0.37785143
noise,0.0,0.15348737
noise,0.0,0.18390661
noise,0.0,0.14244248
noise,0.0,0.10459845
noise,0.0,0.35512355
noise,0.0,0.16348223
noise,0.0,0.334567
noise,0.0,0.10936633
noise,0.0,0.22299291
noise,0.0,0.29394692
noise,0.0,0.36145085
noise,0.0,0.1645966
noise,0.0,0.26300988
noise,0.0,0.10666532
noise,0.0,0.2973622
noise,0.0,0.20129809
noise,0.0,0.17804906
noise,0.0,0.11038709
noise,0.0,0.5175655
noise,0.0,0.38500014
noise,0.0,0.22035536
noise,0.0,0.2704461
noise,0.0,0.2293709
noise,0.0,0.2894002
noise,0.0,0.4567433
noise,0.0,0.30672345
noise,0.0,0.19365433
noise,0.0,0.29358187
noise,0.0,0.22419822
noise,0.0,0.18848611
noise,0.0,0.22140896
